{"type":"FeatureCollection","features":[{"type":"Feature","properties":{"id":"node/25376501","name":"Hazendal","network":"PRASA"},"geometry":{"type":"Point","coordinates":[18.50249,-33.95319]}},{"type":"Feature","properties":{"id":"node/25376537","name":"Athlone","network":"PRASA"},"geometry":{"type":"Point","coordinates":[18.50173,-33.96272]}},{"type":"Feature","properties":{"id":"node/25376568","name":"Crawford","network":"PRASA"},"geometry":{"type":"Point","coordinates":[18.50136,-33.97643]}},{"type":"Feature","properties":{"id":"node/25537199","name":"Rondebosch","network":"PRASA"},"geometry":{"type":"Point","coordinates":[18.47234,-33.96216]}},{"type":"Feature","properties":{"id":"node/25884626","name":"Langa","network":"PRASA"},"geometry":{"type":"Point","coordinates":[18.52997,-33.93904]}},{"type":"Feature","properties":{"id":"node/26114183","name":"Harfield Road","network":"PRASA"},"geometry":{"type":"Point","coordinates":[18.47131,-33.98844]}},{"type":"Feature","properties":{"id":"node/26114260","name":"Wittebome","network":"PRASA"},"geometry":{"type":"Point","coordinates":[18.47077,-34.01398]}},{"type":"Feature","properties":{"id":"node/26114339","name":"Plumstead","network":"PRASA"},"geometry":{"type":"Point","coordinates":[18.46972,-34.02194]}},{"type":"Feature","properties":{"id":"node/26114417","name":"Steurhof","network":"PRASA"},"geometry":{"type":"Point","coordinates":[18.46888,-34.02913]}},{"type":"Feature","properties":{"id":"node/26114546","name":"Diep River","network":"PRASA"},"geometry":{"type":"Point","coordinates":[18.46704,-34.03543]}},{"type":"Feature","properties":{"id":"node/26116434","name":"Fish Hoek","network":"PRASA"},"geometry":{"type":"Point","coordinates":[18.43255,-34.13713]}},{"type":"Feature","properties":{"id":"node/26117212","name":"Glencairn","network":"PRASA"},"geometry":{"type":"Point","coordinates":[18.43201,-34.16346]}},{"type":"Feature","properties":{"id":"node/26117610","name":"Simon's Town","network":"PRASA"},"geometry":{"type":"Point","coordinates":[18.42551,-34.18682]}},{"type":"Feature","properties":{"id":"node/26121232","name":"Lansdowne","network":"PRASA"},"geometry":{"type":"Point","coordinates":[18.50393,-33.98759]}},{"type":"Feature","properties":{"id":"node/26121308","name":"Wetton","network":"PRASA"},"geometry":{"type":"Point","coordinates":[18.50113,-34.00198]}},{"type":"Feature","properties":{"id":"node/26121399","name":"Ottery","network":"PRASA"},"geometry":{"type":"Point","coordinates":[18.4952,-34.01349]}},{"type":"Feature","properties":{"id":"node/26124087","name":"Southfield","network":"PRASA"},"geometry":{"type":"Point","coordinates":[18.48168,-34.03296]}},{"type":"Feature","properties":{"id":"node/26194236","name":"Sarepta","network":"PRASA"},"geometry":{"type":"Point","coordinates":[18.66123,-33.92669]}},{"type":"Feature","properties":{"id":"node/33153972","name":"Muldersvlei","network":"PRASA"},"geometry":{"type":"Point","coordinates":[18.82801,-33.83112]}},{"type":"Feature","properties":{"id":"node/33493457","name":"Kraaifontein","network":"PRASA"},"geometry":{"type":"Point","coordinates":[18.72398,-33.84708]}},{"type":"Feature","properties":{"id":"node/33496025","name":"Eikenfontein","network":"PRASA"},"geometry":{"type":"Point","coordinates":[18.71133,-33.85709]}},{"type":"Feature","properties":{"id":"node/35991191","name":"Ysterplaat","network":"PRASA"},"geometry":{"type":"Point","coordinates":[18.4767,-33.92002]}},{"type":"Feature","properties":{"id":"node/35992613","name":"Acacia Park","network":"PRASA"},"geometry":{"type":"Point","coordinates":[18.52878,-33.89469]}},{"type":"Feature","properties":{"id":"node/35992923","name":"Monte Vista","network":"PRASA"},"geometry":{"type":"Point","coordinates":[18.54896,-33.89164]}},{"type":"Feature","properties":{"id":"node/35993122","name":"De Grendel","network":"PRASA"},"geometry":{"type":"Point","coordinates":[18.57873,-33.89348]}},{"type":"Feature","properties":{"id":"node/36048162","name":"Tygerberg","network":"PRASA"},"geometry":{"type":"Point","coordinates":[18.60129,-33.90745]}},{"type":"Feature","properties":{"id":"node/36048228","name":"Stikland","network":"PRASA"},"geometry":{"type":"Point","coordinates":[18.6572,-33.90448]}},{"type":"Feature","properties":{"id":"node/36048261","name":"Brackenfell","network":"PRASA"},"geometry":{"type":"Point","coordinates":[18.68864,-33.88084]}},{"type":"Feature","properties":{"id":"node/36058069","name":"Avondale","network":"PRASA"},"geometry":{"type":"Point","coordinates":[18.59308,-33.89777]}},{"type":"Feature","properties":{"id":"node/36058142","name":"Bellville","network":"PRASA"},"geometry":{"type":"Point","coordinates":[18.62706,-33.90643]}},{"type":"Feature","properties":{"id":"node/56360081","name":"Bonteheuwel","network":"PRASA"},"geometry":{"type":"Point","coordinates":[18.55,-33.94198]}},{"type":"Feature","properties":{"id":"node/56360109","name":"Heideveld","network":"PRASA"},"geometry":{"type":"Point","coordinates":[18.56177,-33.96993]}},{"type":"Feature","properties":{"id":"node/125366984","name":"Nolungile","network":"PRASA"},"geometry":{"type":"Point","coordinates":[18.64898,-34.01696]}},{"type":"Feature","properties":{"id":"node/125368155","name":"Khayelitsha","network":"PRASA"},"geometry":{"type":"Point","coordinates":[18.67079,-34.04799]}},{"type":"Feature","properties":{"id":"node/125368254","name":"Nonkqubela","network":"PRASA"},"geometry":{"type":"Point","coordinates":[18.66315,-34.02697]}},{"type":"Feature","properties":{"id":"node/288676470","name":"Cape Town Station","network":"PRASA"},"geometry":{"type":"Point","coordinates":[18.42635,-33.92242]}},{"type":"Feature","properties":{"id":"node/288676995","name":"Woodstock","network":"PRASA"},"geometry":{"type":"Point","coordinates":[18.44616,-33.92531]}},{"type":"Feature","properties":{"id":"node/288678018","name":"Koeberg Road","network":"PRASA"},"geometry":{"type":"Point","coordinates":[18.4788,-33.92573]}},{"type":"Feature","properties":{"id":"node/288678029","name":"Maitland","network":"PRASA"},"geometry":{"type":"Point","coordinates":[18.48705,-33.9247]}},{"type":"Feature","properties":{"id":"node/288678132","name":"Esplanade","network":"PRASA"},"geometry":{"type":"Point","coordinates":[18.44597,-33.92369]}},{"type":"Feature","properties":{"id":"node/288679264","name":"Ndabeni","network":"PRASA"},"geometry":{"type":"Point","coordinates":[18.49464,-33.92943]}},{"type":"Feature","properties":{"id":"node/288681146","name":"Nyanga","network":"PRASA"},"geometry":{"type":"Point","coordinates":[18.56001,-33.99286]}},{"type":"Feature","properties":{"id":"node/288681832","name":"Philippi","network":"PRASA"},"geometry":{"type":"Point","coordinates":[18.58531,-34.01334]}},{"type":"Feature","properties":{"id":"node/288682152","name":"Vasco","network":"PRASA"},"geometry":{"type":"Point","coordinates":[18.55844,-33.9112]}},{"type":"Feature","properties":{"id":"node/291327406","name":"Pinelands","network":"PRASA"},"geometry":{"type":"Point","coordinates":[18.49066,-33.9396]}},{"type":"Feature","properties":{"id":"node/349078745","name":"Salt River","network":"PRASA"},"geometry":{"type":"Point","coordinates":[18.46501,-33.92723]}},{"type":"Feature","properties":{"id":"node/522277965","name":"Chris Hani","network":"PRASA"},"geometry":{"type":"Point","coordinates":[18.70906,-34.05481]}},{"type":"Feature","properties":{"id":"node/592431696","name":"Kalk Bay","network":"PRASA"},"geometry":{"type":"Point","coordinates":[18.45008,-34.12627]}},{"type":"Feature","properties":{"id":"node/592477211","name":"St James","network":"PRASA"},"geometry":{"type":"Point","coordinates":[18.45846,-34.1193]}},{"type":"Feature","properties":{"id":"node/592477360","name":"Muizenberg","network":"PRASA"},"geometry":{"type":"Point","coordinates":[18.46807,-34.10932]}},{"type":"Feature","properties":{"id":"node/592585556","name":"False Bay","network":"PRASA"},"geometry":{"type":"Point","coordinates":[18.46879,-34.10243]}},{"type":"Feature","properties":{"id":"node/592585752","name":"Steenberg","network":"PRASA"},"geometry":{"type":"Point","coordinates":[18.46367,-34.07667]}},{"type":"Feature","properties":{"id":"node/768092873","name":"Woltemade","network":"PRASA"},"geometry":{"type":"Point","coordinates":[18.50764,-33.92213]}},{"type":"Feature","properties":{"id":"node/4666096611","name":"Newlands","network":"PRASA"},"geometry":{"type":"Point","coordinates":[18.46761,-33.97422]}},{"type":"Feature","properties":{"id":"node/6628609259","name":"Heathfield","network":"PRASA"},"geometry":{"type":"Point","coordinates":[18.46558,-34.0459]}},{"type":"Feature","properties":{"id":"node/6628609261","name":"Retreat","network":"PRASA"},"geometry":{"type":"Point","coordinates":[18.46355,-34.06052]}},{"type":"Feature","properties":{"id":"node/6637164079","name":"Kentemade","network":"PRASA"},"geometry":{"type":"Point","coordinates":[18.49776,-33.91301]}},{"type":"Feature","properties":{"id":"node/6637181688","name":"Century City","network":"PRASA"},"geometry":{"type":"Point","coordinates":[18.51151,-33.90131]}},{"type":"Feature","properties":{"id":"node/6661376693","name":"Claremont","network":"PRASA"},"geometry":{"type":"Point","coordinates":[18.46714,-33.98171]}},{"type":"Feature","properties":{"id":"node/6859255902","name":"Kapteinsklip Station","network":"PRASA"},"geometry":{"type":"Point","coordinates":[18.62073,-34.06705]}},{"type":"Feature","properties":{"id":"node/6863005225","name":"Parow","network":"PRASA"},"geometry":{"type":"Point","coordinates":[18.58624,-33.90959]}},{"type":"Feature","properties":{"id":"node/6863005234","name":"Elsies River","network":"PRASA"},"geometry":{"type":"Point","coordinates":[18.56914,-33.91052]}},{"type":"Feature","properties":{"id":"node/6863005235","name":"Goodwood","network":"PRASA"},"geometry":{"type":"Point","coordinates":[18.54754,-33.91446]}},{"type":"Feature","properties":{"id":"node/6863005236","name":"Thornton","network":"PRASA"},"geometry":{"type":"Point","coordinates":[18.5325,-33.91885]}},{"type":"Feature","properties":{"id":"node/7035268831","name":"Kuyasa","network":"PRASA"},"geometry":{"type":"Point","coordinates":[18.69475,-34.05489]}},{"type":"Feature","properties":{"id":"node/7334837345","name":"Pentech","network":"PRASA"},"geometry":{"type":"Point","coordinates":[18.6461,-33.93481]}},{"type":"Feature","properties":{"id":"node/7334837346","name":"Unibell","network":"PRASA"},"geometry":{"type":"Point","coordinates":[18.6286,-33.93705]}},{"type":"Feature","properties":{"id":"node/7334865619","name":"Belhar","network":"PRASA"},"geometry":{"type":"Point","coordinates":[18.60904,-33.93952]}},{"type":"Feature","properties":{"id":"node/7334887267","name":"Lavistown","network":"PRASA"},"geometry":{"type":"Point","coordinates":[18.58378,-33.94339]}},{"type":"Feature","properties":{"id":"node/7400813381","name":"Mandalay","network":"PRASA"},"geometry":{"type":"Point","coordinates":[18.62458,-34.01892]}},{"type":"Feature","properties":{"id":"node/7400813382","name":"Stock Road","network":"PRASA"},"geometry":{"type":"Point","coordinates":[18.60639,-34.01418]}},{"type":"Feature","properties":{"id":"node/7400828906","name":"Lentegeur","network":"PRASA"},"geometry":{"type":"Point","coordinates":[18.61131,-34.0343]}},{"type":"Feature","properties":{"id":"node/7400828907","name":"Netreg","network":"PRASA"},"geometry":{"type":"Point","coordinates":[18.56366,-33.95247]}},{"type":"Feature","properties":{"id":"node/7401297953","name":"Firgrove","network":"PRASA"},"geometry":{"type":"Point","coordinates":[18.79256,-34.05553]}},{"type":"Feature","properties":{"id":"node/7401297954","name":"Somerset West","network":"PRASA"},"geometry":{"type":"Point","coordinates":[18.84147,-34.08435]}},{"type":"Feature","properties":{"id":"node/7401297956","name":"Strand","network":"PRASA"},"geometry":{"type":"Point","coordinates":[18.83238,-34.1149]}},{"type":"Feature","properties":{"id":"node/8870267263","name":"Sunny Cove","network":"PRASA"},"geometry":{"type":"Point","coordinates":[18.43712,-34.1443]}},{"type":"Feature","properties":{"id":"node/9150954342","name":"Eerste River","network":"PRASA"},"geometry":{"type":"Point","coordinates":[18.73097,-34.00075]}},{"type":"Feature","properties":{"id":"node/9150954343","name":"Kuils River","network":"PRASA"},"geometry":{"type":"Point","coordinates":[18.67769,-33.93367]}},{"type":"Feature","properties":{"id":"node/9151124448","name":"Faure","network":"PRASA"},"geometry":{"type":"Point","coordinates":[18.74729,-34.02632]}},{"type":"Feature","properties":{"id":"node/9151124449","name":"Melton Rose","network":"PRASA"},"geometry":{"type":"Point","coordinates":[18.72055,-33.98956]}},{"type":"Feature","properties":{"id":"node/9151124450","name":"Blackheath","network":"PRASA"},"geometry":{"type":"Point","coordinates":[18.70155,-33.96433]}},{"type":"Feature","properties":{"id":"node/9155692726","name":"Oosterzee","network":"PRASA"},"geometry":{"type":"Point","coordinates":[18.60703,-33.89988]}},{"type":"Feature","properties":{"id":"node/9180775553","name":"Lakeside","network":"PRASA"},"geometry":{"type":"Point","coordinates":[18.46249,-34.08846]}},{"type":"Feature","properties":{"id":"node/9187013785","name":"Lynedoch","network":"PRASA"},"geometry":{"type":"Point","coordinates":[18.77125,-33.98133]}},{"type":"Feature","properties":{"id":"node/9187013790","name":"Vlottenburg","network":"PRASA"},"geometry":{"type":"Point","coordinates":[18.79988,-33.96204]}},{"type":"Feature","properties":{"id":"node/9187013794","name":"Koelenhof","network":"PRASA"},"geometry":{"type":"Point","coordinates":[18.81957,-33.87395]}},{"type":"Feature","properties":{"id":"node/9187122897","name":"Mitchell's Plain","network":"PRASA"},"geometry":{"type":"Point","coordinates":[18.61916,-34.04953]}},{"type":"Feature","properties":{"id":"way/4259926","name":"Unnamed","network":"PRASA"},"geometry":{"type":"LineString","coordinates":[[18.46891,-33.97144],[18.46965,-33.97015]]}},{"type":"Feature","properties":{"id":"way/4259928","name":"Unnamed","network":"PRASA"},"geometry":{"type":"LineString","coordinates":[[18.47108,-33.98819],[18.47077,-33.9877],[18.47061,-33.98744],[18.47047,-33.98722],[18.47029,-33.98697],[18.47013,-33.98676],[18.46993,-33.98651],[18.46975,-33.98628],[18.4697,-33.9862],[18.46945,-33.98588],[18.46924,-33.98561],[18.46898,-33.98528],[18.4687,-33.98492],[18.46859,-33.98477],[18.46849,-33.98464],[18.46834,-33.98443],[18.46823,-33.98427],[18.46814,-33.98413],[18.46804,-33.98396],[18.46796,-33.98382],[18.46788,-33.98368],[18.4678,-33.98352],[18.46769,-33.98331]]}},{"type":"Feature","properties":{"id":"way/4259943","name":"Unnamed","network":"PRASA"},"geometry":{"type":"LineString","coordinates":[[18.47347,-33.94453],[18.47337,-33.94423]]}},{"type":"Feature","properties":{"id":"way/4259944","name":"Unnamed","network":"PRASA"},"geometry":{"type":"LineString","coordinates":[[18.47337,-33.94423],[18.47336,-33.9442],[18.47319,-33.94363],[18.47311,-33.94336],[18.47291,-33.94268],[18.47271,-33.94201],[18.47247,-33.9412],[18.47223,-33.94041],[18.47193,-33.93944],[18.47179,-33.93899],[18.4714,-33.93767]]}},{"type":"Feature","properties":{"id":"way/4259945","name":"Unnamed","network":"PRASA"},"geometry":{"type":"LineString","coordinates":[[18.47257,-33.95949],[18.4726,-33.95914],[18.47261,-33.95906],[18.47265,-33.95869],[18.47267,-33.95858],[18.47269,-33.95837],[18.4727,-33.95827],[18.47272,-33.9581],[18.47275,-33.95789],[18.47277,-33.95765],[18.47279,-33.95754],[18.47282,-33.95726],[18.47284,-33.95707],[18.47286,-33.95689],[18.47288,-33.95673],[18.47291,-33.95648],[18.47294,-33.95625],[18.47296,-33.95613],[18.473,-33.95577],[18.47312,-33.95473]]}},{"type":"Feature","properties":{"id":"way/4310898","name":"Unnamed","network":"PRASA"},"geometry":{"type":"LineString","coordinates":[[18.47166,-34.00411],[18.4719,-34.00372],[18.47209,-34.0034],[18.47233,-34.00297],[18.47248,-34.00269],[18.4727,-34.00219],[18.47273,-34.00211],[18.47285,-34.00178],[18.47293,-34.00155],[18.473,-34.00131],[18.47305,-34.00112],[18.4731,-34.00092],[18.47314,-34.00074],[18.47317,-34.00058],[18.4732,-34.00041],[18.47324,-34.00019],[18.47327,-33.99989],[18.47329,-33.9997],[18.4733,-33.99947],[18.47331,-33.9993],[18.47332,-33.9991],[18.47332,-33.99891],[18.47332,-33.99874],[18.47331,-33.99851],[18.4733,-33.99836],[18.47327,-33.99796],[18.47325,-33.99777],[18.4732,-33.99727],[18.47318,-33.99702],[18.47316,-33.99684],[18.47312,-33.99649],[18.47311,-33.99636],[18.47306,-33.99591],[18.47304,-33.99565]]}},{"type":"Feature","properties":{"id":"way/4310901","name":"Unnamed","network":"PRASA"},"geometry":{"type":"LineString","coordinates":[[18.47159,-34.00423],[18.47166,-34.00411]]}},{"type":"Feature","properties":{"id":"way/4310902","name":"Unnamed","network":"PRASA"},"geometry":{"type":"LineString","coordinates":[[18.47019,-34.01182],[18.47019,-34.0112],[18.47019,-34.01011],[18.47019,-34.00952],[18.4702,-34.0091],[18.4702,-34.00881],[18.47021,-34.00863],[18.47023,-34.00843],[18.47024,-34.0083],[18.47027,-34.00806],[18.47031,-34.00777],[18.47034,-34.00757],[18.47038,-34.00729],[18.47042,-34.007],[18.47045,-34.00678],[18.47049,-34.00654],[18.47052,-34.0064],[18.47055,-34.00626],[18.47058,-34.00613],[18.4706,-34.00604],[18.47062,-34.00598],[18.47066,-34.00588],[18.4707,-34.00579],[18.47077,-34.00562],[18.47085,-34.00547],[18.4709,-34.00538],[18.47096,-34.00527],[18.47115,-34.00496]]}},{"type":"Feature","properties":{"id":"way/4310903","name":"Unnamed","network":"PRASA"},"geometry":{"type":"LineString","coordinates":[[18.4702,-34.01197],[18.47019,-34.01182]]}},{"type":"Feature","properties":{"id":"way/4310904","name":"Unnamed","network":"PRASA"},"geometry":{"type":"LineString","coordinates":[[18.46856,-34.03118],[18.46861,-34.03105],[18.46864,-34.03092],[18.46867,-34.03079],[18.4687,-34.03064],[18.46872,-34.03053],[18.46875,-34.0304],[18.46877,-34.03023],[18.46878,-34.03013],[18.46888,-34.02883]]}},{"type":"Feature","properties":{"id":"way/4310958","name":"Unnamed","network":"PRASA"},"geometry":{"type":"LineString","coordinates":[[18.4685,-34.03139],[18.46856,-34.03118]]}},{"type":"Feature","properties":{"id":"way/4310960","name":"Unnamed","network":"PRASA"},"geometry":{"type":"LineString","coordinates":[[18.46395,-34.05195],[18.46416,-34.05119],[18.46417,-34.05116],[18.46431,-34.05064],[18.46447,-34.05008],[18.4646,-34.04962],[18.46473,-34.04909],[18.46488,-34.04844],[18.46495,-34.04812],[18.46504,-34.04778],[18.46513,-34.04743],[18.46517,-34.04728],[18.46521,-34.04713],[18.46539,-34.04649],[18.46554,-34.04597]]}},{"type":"Feature","properties":{"id":"way/4310961","name":"Unnamed","network":"PRASA"},"geometry":{"type":"LineString","coordinates":[[18.46393,-34.05201],[18.46395,-34.05195]]}},{"type":"Feature","properties":{"id":"way/4311225","name":"Unnamed","network":"PRASA"},"geometry":{"type":"LineString","coordinates":[[18.43193,-34.13853],[18.432,-34.13834],[18.4321,-34.1381],[18.43219,-34.13788],[18.43234,-34.13756],[18.43286,-34.1364]]}},{"type":"Feature","properties":{"id":"way/4311226","name":"Unnamed","network":"PRASA"},"geometry":{"type":"LineString","coordinates":[[18.43094,-34.16137],[18.43095,-34.16144],[18.43098,-34.16155],[18.43101,-34.16164],[18.43105,-34.16175],[18.43108,-34.16182],[18.43112,-34.16189],[18.43116,-34.16196],[18.43121,-34.16204],[18.43127,-34.16212],[18.43135,-34.16221],[18.43142,-34.16229],[18.4315,-34.16237],[18.43159,-34.16246],[18.43166,-34.16253],[18.43171,-34.16258],[18.43177,-34.16266],[18.43182,-34.16274],[18.43185,-34.16279],[18.4319,-34.16288],[18.43194,-34.16297],[18.43196,-34.16304],[18.43199,-34.16315],[18.43202,-34.16326],[18.43205,-34.16345]]}},{"type":"Feature","properties":{"id":"way/4312157","name":"Unnamed","network":"PRASA"},"geometry":{"type":"LineString","coordinates":[[18.46935,-34.03798],[18.46917,-34.03806]]}},{"type":"Feature","properties":{"id":"way/4351549","name":"Unnamed","network":"PRASA"},"geometry":{"type":"LineString","coordinates":[[18.47256,-33.9596],[18.47257,-33.95949]]}},{"type":"Feature","properties":{"id":"way/4770658","name":"Unnamed","network":"PRASA"},"geometry":{"type":"LineString","coordinates":[[18.96377,-33.77179],[18.96416,-33.77042]]}},{"type":"Feature","properties":{"id":"way/4820594","name":"Unnamed","network":"PRASA"},"geometry":{"type":"LineString","coordinates":[[18.50327,-33.92265],[18.50364,-33.9226]]}},{"type":"Feature","properties":{"id":"way/13620777","name":"Unnamed","network":"PRASA"},"geometry":{"type":"LineString","coordinates":[[18.60197,-34.01498],[18.60248,-34.0149],[18.60311,-34.01479],[18.60372,-34.01469],[18.60428,-34.0146],[18.60454,-34.01455],[18.60502,-34.01446],[18.60523,-34.01443],[18.6054,-34.01439],[18.60565,-34.01435]]}},{"type":"Feature","properties":{"id":"way/13620780","name":"Unnamed","network":"PRASA"},"geometry":{"type":"LineString","coordinates":[[18.60055,-34.015],[18.60072,-34.01502],[18.60086,-34.01504],[18.60098,-34.01505],[18.60113,-34.01506],[18.60131,-34.01505],[18.60152,-34.01504],[18.60169,-34.01502],[18.60184,-34.015],[18.60197,-34.01498]]}},{"type":"Feature","properties":{"id":"way/13620784","name":"Unnamed","network":"PRASA"},"geometry":{"type":"LineString","coordinates":[[18.5998,-34.0148],[18.6,-34.01486],[18.60011,-34.01489],[18.60034,-34.01495],[18.60049,-34.01498],[18.60055,-34.015]]}},{"type":"Feature","properties":{"id":"way/13620788","name":"Unnamed","network":"PRASA"},"geometry":{"type":"LineString","coordinates":[[18.59863,-34.01436],[18.59977,-34.01479]]}},{"type":"Feature","properties":{"id":"way/13620821","name":"Unnamed","network":"PRASA"},"geometry":{"type":"LineString","coordinates":[[18.56446,-34.00619],[18.56454,-34.00642],[18.5646,-34.00654],[18.56468,-34.00673],[18.56482,-34.00719],[18.56489,-34.0074],[18.56499,-34.00774],[18.56502,-34.00786],[18.56509,-34.00807],[18.56514,-34.00824],[18.56522,-34.00845],[18.56528,-34.00862],[18.56538,-34.00885],[18.56549,-34.00905],[18.56556,-34.00918],[18.56565,-34.00934],[18.56573,-34.00949],[18.56586,-34.00969],[18.56603,-34.00993],[18.56618,-34.01012],[18.56635,-34.01033],[18.56647,-34.01047],[18.56661,-34.01061],[18.56667,-34.01068],[18.56681,-34.01082],[18.56706,-34.01105],[18.5673,-34.01125],[18.5674,-34.01133],[18.56751,-34.01142],[18.56779,-34.01162],[18.56806,-34.01179],[18.56832,-34.01196],[18.56858,-34.01211],[18.5687,-34.01219],[18.56881,-34.01226],[18.56895,-34.01237],[18.56906,-34.01247]]}},{"type":"Feature","properties":{"id":"way/13620833","name":"Unnamed","network":"PRASA"},"geometry":{"type":"LineString","coordinates":[[18.59035,-34.01296],[18.59072,-34.01293],[18.59089,-34.01292],[18.59116,-34.0129],[18.5918,-34.01286],[18.59244,-34.0128],[18.59289,-34.01277],[18.59322,-34.01275],[18.59343,-34.01274],[18.59362,-34.01273],[18.5938,-34.01273],[18.59419,-34.01274],[18.59434,-34.01275],[18.59451,-34.01276],[18.59459,-34.01277],[18.5948,-34.01278],[18.59508,-34.01282],[18.59535,-34.01285],[18.5957,-34.01291],[18.59607,-34.01299],[18.59624,-34.01303],[18.59663,-34.01314],[18.59683,-34.0132],[18.59718,-34.01332],[18.59748,-34.01344],[18.59778,-34.01356],[18.59809,-34.0137],[18.59872,-34.01398],[18.59901,-34.01411],[18.5993,-34.01423],[18.59967,-34.01439],[18.59973,-34.01442],[18.59987,-34.01447],[18.60002,-34.01454],[18.6002,-34.01462],[18.60039,-34.0147],[18.60058,-34.01479],[18.60071,-34.01484],[18.60084,-34.01489],[18.60096,-34.01493],[18.60109,-34.01497],[18.60126,-34.01501],[18.60156,-34.01508],[18.60178,-34.01512],[18.60198,-34.01514],[18.60213,-34.01516],[18.6023,-34.01517],[18.60248,-34.01517],[18.60264,-34.01516],[18.60275,-34.01515],[18.60291,-34.01513],[18.60304,-34.01511],[18.60319,-34.01508],[18.60331,-34.01506],[18.60356,-34.01499],[18.60388,-34.01488],[18.60439,-34.01469],[18.60454,-34.01464],[18.60463,-34.01461],[18.6048,-34.01456],[18.60497,-34.01451],[18.60508,-34.01448],[18.60527,-34.01444],[18.60565,-34.01435],[18.60595,-34.0143],[18.60694,-34.01413],[18.60763,-34.01402]]}},{"type":"Feature","properties":{"id":"way/13620857","name":"Unnamed","network":"PRASA"},"geometry":{"type":"LineString","coordinates":[[18.5607,-34.00034],[18.56091,-34.0006],[18.56124,-34.00096],[18.56167,-34.00142],[18.56213,-34.00193],[18.56256,-34.00242],[18.56289,-34.00282],[18.56306,-34.00303],[18.5635,-34.00357],[18.5638,-34.00399],[18.56394,-34.00422],[18.56404,-34.00441],[18.5641,-34.00452],[18.5642,-34.00475],[18.56429,-34.00498],[18.56441,-34.00537],[18.56449,-34.00562],[18.56475,-34.00649],[18.56496,-34.0072],[18.56506,-34.00753],[18.56513,-34.00776],[18.56517,-34.00786],[18.56522,-34.00802],[18.56532,-34.00826],[18.5654,-34.00844],[18.56555,-34.00874],[18.56564,-34.0089],[18.56575,-34.00909],[18.56587,-34.00927],[18.56595,-34.00939],[18.56608,-34.00957],[18.56625,-34.00979],[18.56632,-34.00987],[18.56641,-34.00999],[18.56656,-34.01015],[18.56672,-34.01032],[18.56686,-34.01046],[18.56698,-34.01057],[18.56722,-34.01077],[18.56745,-34.01096],[18.56773,-34.01117],[18.56793,-34.0113],[18.56827,-34.01153],[18.56882,-34.01188],[18.56916,-34.01209],[18.56964,-34.0124],[18.56965,-34.0124],[18.57023,-34.01276],[18.57057,-34.01295],[18.57086,-34.0131],[18.57101,-34.01318],[18.57111,-34.01322],[18.57147,-34.01338],[18.57165,-34.01344],[18.57193,-34.01355],[18.57215,-34.01361],[18.57235,-34.01367],[18.57253,-34.01372],[18.5727,-34.01376],[18.57291,-34.01381],[18.57305,-34.01383],[18.57327,-34.01387],[18.57351,-34.01391],[18.5737,-34.01393],[18.57395,-34.01396],[18.5742,-34.01398],[18.57441,-34.01399],[18.57464,-34.01399],[18.57486,-34.01399],[18.57502,-34.01399],[18.57526,-34.01398],[18.57553,-34.01396],[18.57594,-34.01393],[18.57654,-34.01389],[18.57706,-34.01386],[18.5776,-34.01382],[18.5782,-34.01377],[18.57963,-34.01367],[18.58017,-34.01363],[18.58087,-34.01358],[18.58122,-34.01355]]}},{"type":"Feature","properties":{"id":"way/13620864","name":"Unnamed","network":"PRASA"},"geometry":{"type":"LineString","coordinates":[[18.56466,-34.00701],[18.56479,-34.00745],[18.56491,-34.00786],[18.56492,-34.0079],[18.56509,-34.00846],[18.56516,-34.0087],[18.56526,-34.00901],[18.56532,-34.0092],[18.56539,-34.00938],[18.56545,-34.00952],[18.56554,-34.00971],[18.56563,-34.00988],[18.56571,-34.01004],[18.56575,-34.0101],[18.56584,-34.01024],[18.56592,-34.01037],[18.56604,-34.01052],[18.56616,-34.01068],[18.56626,-34.0108],[18.5664,-34.01096],[18.56657,-34.01114],[18.56661,-34.01118],[18.56673,-34.01129],[18.5669,-34.01144],[18.56706,-34.01157],[18.56723,-34.0117],[18.56741,-34.01183],[18.56761,-34.01196],[18.56778,-34.01207],[18.56799,-34.01219],[18.56822,-34.01231],[18.56843,-34.01241],[18.56877,-34.01256],[18.56919,-34.01272],[18.56933,-34.01277],[18.56962,-34.01288],[18.56981,-34.01295],[18.57026,-34.01312],[18.57064,-34.01326],[18.57099,-34.01339],[18.57112,-34.01344],[18.57169,-34.01364],[18.57197,-34.01373],[18.57217,-34.01378],[18.57237,-34.01384],[18.57264,-34.01391],[18.57305,-34.01399],[18.57323,-34.01402],[18.5735,-34.01406],[18.57381,-34.01409],[18.57399,-34.01411],[18.57414,-34.01412],[18.57421,-34.01412],[18.57443,-34.01413],[18.57483,-34.01414],[18.57528,-34.01412],[18.57563,-34.0141],[18.57596,-34.01408],[18.57658,-34.01404],[18.57914,-34.01386],[18.57965,-34.01381]]}},{"type":"Feature","properties":{"id":"way/13620868","name":"Unnamed","network":"PRASA"},"geometry":{"type":"LineString","coordinates":[[18.58687,-34.01326],[18.5875,-34.01321]]}},{"type":"Feature","properties":{"id":"way/13712266","name":"Northern Line","network":"PRASA"},"geometry":{"type":"LineString","coordinates":[[18.50364,-33.9226],[18.5047,-33.92244],[18.50506,-33.92239],[18.50546,-33.92234],[18.50602,-33.92227],[18.50634,-33.92222]]}},{"type":"Feature","properties":{"id":"way/13782240","name":"Unnamed","network":"PRASA"},"geometry":{"type":"LineString","coordinates":[[18.74947,-34.02709],[18.74986,-34.02727]]}},{"type":"Feature","properties":{"id":"way/13782246","name":"Unnamed","network":"PRASA"},"geometry":{"type":"LineString","coordinates":[[18.73496,-34.00621],[18.73499,-34.00634],[18.73511,-34.00682],[18.73547,-34.00831],[18.73557,-34.00871],[18.73565,-34.00895],[18.73577,-34.00928],[18.73595,-34.00969],[18.73604,-34.00988],[18.73694,-34.01162],[18.7372,-34.01212],[18.73746,-34.01262],[18.7393,-34.0162],[18.73943,-34.01644],[18.74023,-34.018],[18.74116,-34.01979],[18.74151,-34.02048],[18.74168,-34.02081],[18.74191,-34.02126],[18.74221,-34.02179],[18.74251,-34.02226],[18.74396,-34.02434],[18.74421,-34.02469],[18.74434,-34.02487],[18.74447,-34.02502],[18.74455,-34.02511],[18.74465,-34.0252],[18.74479,-34.02531],[18.74497,-34.02543],[18.74514,-34.02552],[18.74525,-34.02557],[18.74543,-34.02564],[18.74561,-34.02571],[18.74574,-34.02575],[18.74755,-34.02635],[18.74792,-34.02646],[18.74851,-34.02667],[18.74866,-34.02672],[18.74887,-34.02681],[18.74907,-34.02691],[18.74925,-34.02699],[18.74947,-34.02709]]}},{"type":"Feature","properties":{"id":"way/13782248","name":"Unnamed","network":"PRASA"},"geometry":{"type":"LineString","coordinates":[[18.74986,-34.02727],[18.75003,-34.02736],[18.75026,-34.02748],[18.75041,-34.02756],[18.75056,-34.02766],[18.75068,-34.02775],[18.75085,-34.02789],[18.75096,-34.028],[18.75104,-34.0281],[18.75111,-34.02818],[18.75118,-34.02828],[18.75127,-34.02842],[18.75146,-34.02876],[18.75168,-34.02917],[18.75297,-34.03153],[18.75313,-34.03184],[18.75398,-34.03341],[18.75487,-34.03503],[18.75503,-34.03529],[18.75519,-34.03553],[18.75534,-34.03575],[18.75548,-34.03593],[18.75559,-34.03607],[18.75589,-34.0364],[18.75609,-34.03661],[18.7572,-34.03776],[18.75933,-34.03994],[18.75964,-34.04025]]}},{"type":"Feature","properties":{"id":"way/13782256","name":"Unnamed","network":"PRASA"},"geometry":{"type":"LineString","coordinates":[[18.78392,-34.05046],[18.78402,-34.0505]]}},{"type":"Feature","properties":{"id":"way/13782257","name":"Unnamed","network":"PRASA"},"geometry":{"type":"LineString","coordinates":[[18.84687,-34.08935],[18.84694,-34.08956]]}},{"type":"Feature","properties":{"id":"way/13782258","name":"Unnamed","network":"PRASA"},"geometry":{"type":"LineString","coordinates":[[18.78402,-34.0505],[18.78455,-34.05072],[18.78492,-34.0509],[18.78535,-34.05111],[18.78581,-34.05135],[18.78625,-34.0516],[18.78639,-34.05168],[18.78696,-34.05203],[18.78723,-34.0522],[18.78771,-34.0525],[18.78818,-34.0528],[18.78904,-34.05334],[18.78969,-34.05374],[18.79032,-34.05412],[18.79061,-34.05429],[18.79099,-34.05453],[18.79146,-34.05482],[18.79193,-34.05511],[18.79268,-34.05559]]}},{"type":"Feature","properties":{"id":"way/13782259","name":"Unnamed","network":"PRASA"},"geometry":{"type":"LineString","coordinates":[[18.84514,-34.08636],[18.84527,-34.08653]]}},{"type":"Feature","properties":{"id":"way/13782262","name":"Unnamed","network":"PRASA"},"geometry":{"type":"LineString","coordinates":[[18.84527,-34.08653],[18.84558,-34.08692],[18.84576,-34.08716],[18.84586,-34.0873],[18.84596,-34.08745],[18.84606,-34.08759],[18.84616,-34.08776],[18.84631,-34.088],[18.84638,-34.08816],[18.84655,-34.08851],[18.84662,-34.08866],[18.84678,-34.08906],[18.84687,-34.08935]]}},{"type":"Feature","properties":{"id":"way/13782264","name":"Unnamed","network":"PRASA"},"geometry":{"type":"LineString","coordinates":[[18.85464,-34.09485],[18.85499,-34.09485],[18.85508,-34.09485],[18.85522,-34.09488],[18.85531,-34.09489],[18.85539,-34.09491],[18.8555,-34.09495],[18.85559,-34.09498],[18.85567,-34.09501],[18.85578,-34.09507],[18.85589,-34.09513],[18.85598,-34.0952],[18.85605,-34.09525],[18.85611,-34.0953],[18.85615,-34.09535],[18.85622,-34.09543],[18.85628,-34.0955],[18.85632,-34.09557],[18.85637,-34.09564],[18.8564,-34.0957],[18.85643,-34.09578],[18.85647,-34.09587],[18.8565,-34.09596],[18.85654,-34.0961],[18.85656,-34.09616],[18.8566,-34.09627],[18.85662,-34.09636],[18.85664,-34.09646],[18.85666,-34.09656],[18.85667,-34.09666],[18.85667,-34.09678],[18.85666,-34.09689],[18.85665,-34.09698],[18.85664,-34.09704],[18.85663,-34.09709],[18.85661,-34.09717],[18.85658,-34.09727],[18.85656,-34.09733],[18.85653,-34.09739],[18.85648,-34.09751],[18.85642,-34.09761],[18.85636,-34.09771],[18.85628,-34.09781],[18.8562,-34.09791],[18.85609,-34.09802],[18.85605,-34.09805],[18.85598,-34.09811],[18.85585,-34.09822],[18.85572,-34.0983],[18.85558,-34.09837],[18.85547,-34.09842],[18.85541,-34.09845],[18.8553,-34.0985],[18.8551,-34.09857],[18.85491,-34.09863],[18.85418,-34.09886],[18.85406,-34.09889],[18.8536,-34.09904],[18.85333,-34.09914],[18.85315,-34.09921],[18.85288,-34.09932],[18.85266,-34.09942],[18.85246,-34.09951],[18.85211,-34.0997],[18.85165,-34.09998],[18.85159,-34.10002],[18.8513,-34.10021],[18.8512,-34.10029],[18.85088,-34.10053],[18.85078,-34.10061],[18.85071,-34.10067],[18.85,-34.10124],[18.84997,-34.10126],[18.84656,-34.10401],[18.8454,-34.10494],[18.84483,-34.1054],[18.84444,-34.10572],[18.84235,-34.10739],[18.84018,-34.10914],[18.83973,-34.1095],[18.83887,-34.11019],[18.83807,-34.11084],[18.83686,-34.11181],[18.83604,-34.11247],[18.83576,-34.11269],[18.83556,-34.11283],[18.83537,-34.11294],[18.83522,-34.11302],[18.83495,-34.11316],[18.83472,-34.11327],[18.83455,-34.11335],[18.83432,-34.11349],[18.8343,-34.1135],[18.83404,-34.11368],[18.83392,-34.11377],[18.83356,-34.11406],[18.83187,-34.11543]]}},{"type":"Feature","properties":{"id":"way/13845960","name":"Unnamed","network":"PRASA"},"geometry":{"type":"LineString","coordinates":[[18.86669,-33.80708],[18.86692,-33.80701]]}},{"type":"Feature","properties":{"id":"way/13845963","name":"Unnamed","network":"PRASA"},"geometry":{"type":"LineString","coordinates":[[18.86692,-33.80701],[18.86973,-33.80625],[18.87034,-33.80608]]}},{"type":"Feature","properties":{"id":"way/13847281","name":"Unnamed","network":"PRASA"},"geometry":{"type":"LineString","coordinates":[[18.95245,-33.78517],[18.95254,-33.78509]]}},{"type":"Feature","properties":{"id":"way/13848659","name":"Unnamed","network":"PRASA"},"geometry":{"type":"LineString","coordinates":[[18.96844,-33.75348],[18.96922,-33.75281]]}},{"type":"Feature","properties":{"id":"way/13848661","name":"Unnamed","network":"PRASA"},"geometry":{"type":"LineString","coordinates":[[18.96922,-33.75281],[18.96975,-33.75235],[18.97025,-33.75189],[18.97076,-33.75139],[18.97098,-33.75115],[18.97121,-33.7509],[18.97146,-33.7506],[18.97169,-33.75032],[18.9721,-33.74977],[18.97241,-33.74932],[18.97253,-33.74914],[18.9727,-33.74887],[18.97285,-33.74861],[18.97302,-33.74832],[18.97318,-33.748],[18.97335,-33.74766],[18.97349,-33.74736],[18.97361,-33.74709],[18.97382,-33.74655],[18.97391,-33.74628],[18.97409,-33.74573],[18.97414,-33.74555],[18.97421,-33.74529],[18.97427,-33.74499],[18.97433,-33.74471],[18.9744,-33.74436],[18.9745,-33.74375],[18.97469,-33.74249],[18.97475,-33.7421],[18.97513,-33.73963],[18.9754,-33.73781],[18.97574,-33.73558],[18.97584,-33.73495],[18.97617,-33.73279],[18.97633,-33.7317],[18.97638,-33.73139],[18.97671,-33.72929]]}},{"type":"Feature","properties":{"id":"way/22328685","name":"Unnamed","network":"PRASA"},"geometry":{"type":"LineString","coordinates":[[18.99651,-33.61028],[18.99706,-33.60977],[18.99741,-33.60945],[18.99758,-33.60929],[18.99784,-33.60903],[18.998,-33.60886],[18.99818,-33.60867],[18.99834,-33.60848],[18.99851,-33.60826],[18.99869,-33.608],[18.9988,-33.60784],[18.99896,-33.60757],[18.99909,-33.60732],[18.99921,-33.6071],[18.99928,-33.60695],[18.99935,-33.60677],[18.99944,-33.60654],[18.99954,-33.60624],[18.9996,-33.60603],[18.99966,-33.60581],[18.99971,-33.60556],[18.99975,-33.60531],[18.99978,-33.60509],[18.9998,-33.60486],[18.99982,-33.6046],[18.99982,-33.60437],[18.99982,-33.60417],[18.9998,-33.60396],[18.99978,-33.60371],[18.99975,-33.6035],[18.99972,-33.60328],[18.99964,-33.60296],[18.9996,-33.60278],[18.99954,-33.60258],[18.99944,-33.60231],[18.99932,-33.602],[18.99919,-33.60171],[18.99906,-33.60146],[18.99892,-33.60121],[18.99881,-33.60102],[18.99862,-33.60075],[18.99843,-33.60048],[18.99826,-33.60028],[18.998,-33.59997],[18.99776,-33.59972],[18.99735,-33.5993],[18.99685,-33.5988],[18.99642,-33.59837],[18.99599,-33.59794],[18.99539,-33.59732],[18.99512,-33.59706],[18.99486,-33.59678],[18.99471,-33.59664],[18.99448,-33.59638],[18.99431,-33.59617],[18.99411,-33.59591],[18.99393,-33.59563],[18.99377,-33.59536],[18.99359,-33.59504],[18.99344,-33.59471],[18.99328,-33.59432],[18.99318,-33.59402],[18.99303,-33.59348],[18.99297,-33.59323],[18.99288,-33.59277],[18.99281,-33.59243],[18.99273,-33.59206],[18.99265,-33.59175],[18.99258,-33.59148],[18.9925,-33.59124],[18.9924,-33.59099],[18.9923,-33.59076],[18.99218,-33.59053],[18.99203,-33.59024],[18.99188,-33.58999],[18.99175,-33.58978],[18.9916,-33.58956],[18.9914,-33.5893],[18.99123,-33.58909],[18.99099,-33.58881],[18.9905,-33.58827],[18.99,-33.58773],[18.98963,-33.58732],[18.98935,-33.587],[18.98893,-33.58654],[18.98844,-33.58599],[18.98815,-33.58567],[18.98777,-33.58525],[18.98744,-33.58489],[18.98718,-33.58461],[18.98684,-33.58425],[18.98645,-33.58383],[18.98607,-33.58343],[18.98566,-33.583],[18.98522,-33.58253],[18.98469,-33.58196],[18.984,-33.58123],[18.98287,-33.58003],[18.98214,-33.57926],[18.98169,-33.57878],[18.98137,-33.57843],[18.98098,-33.57802],[18.9806,-33.57762],[18.98008,-33.57706],[18.97908,-33.576],[18.97886,-33.57576],[18.97849,-33.57538]]}},{"type":"Feature","properties":{"id":"way/22328860","name":"Unnamed","network":"PRASA"},"geometry":{"type":"LineString","coordinates":[[19.20114,-33.46909],[19.20123,-33.47034],[19.20142,-33.47201],[19.20158,-33.47406],[19.20173,-33.47574],[19.20182,-33.47716],[19.2021,-33.47834],[19.20255,-33.47948],[19.20307,-33.48076],[19.20365,-33.48198],[19.20413,-33.48309],[19.20442,-33.4837],[19.20464,-33.48435],[19.20482,-33.48478],[19.20484,-33.48485],[19.20494,-33.48542],[19.20498,-33.48622],[19.20508,-33.48966],[19.20517,-33.49378],[19.20533,-33.49911],[19.20543,-33.50292],[19.20548,-33.50473],[19.20556,-33.50713],[19.20562,-33.5097],[19.20568,-33.512],[19.20574,-33.51439],[19.20583,-33.51577],[19.20589,-33.51659],[19.20591,-33.51718],[19.20592,-33.51809],[19.20593,-33.51837],[19.20595,-33.51866],[19.20599,-33.51887],[19.20605,-33.51923],[19.20608,-33.5194],[19.20613,-33.51958],[19.20619,-33.51982],[19.20625,-33.52],[19.20637,-33.52033],[19.20649,-33.52059],[19.20663,-33.5209],[19.20713,-33.52187],[19.20752,-33.52268],[19.20768,-33.52299],[19.2083,-33.52424],[19.20873,-33.52509],[19.20967,-33.52696],[19.20988,-33.52736],[19.21006,-33.52767],[19.21014,-33.52781],[19.21038,-33.52817],[19.21057,-33.52842],[19.21079,-33.52868],[19.21102,-33.52893],[19.21126,-33.52918],[19.21165,-33.52952],[19.21191,-33.52975],[19.21288,-33.53057],[19.21407,-33.53157],[19.215,-33.53236],[19.21614,-33.53333],[19.21634,-33.53348],[19.21709,-33.53412],[19.2182,-33.53506],[19.21863,-33.53541],[19.21951,-33.53616],[19.22006,-33.53662],[19.22165,-33.53797],[19.22287,-33.53901],[19.22398,-33.53993],[19.22513,-33.54093],[19.22703,-33.54252],[19.22813,-33.54344],[19.22904,-33.5442],[19.23066,-33.54556],[19.23237,-33.54703],[19.2339,-33.54833],[19.23483,-33.5491],[19.23714,-33.55103],[19.23845,-33.55213],[19.23993,-33.55338],[19.24334,-33.55631],[19.24633,-33.55881],[19.25108,-33.56281],[19.25549,-33.56651],[19.25906,-33.56957],[19.2604,-33.57069]]}},{"type":"Feature","properties":{"id":"way/22337722","name":"Unnamed","network":"PRASA"},"geometry":{"type":"LineString","coordinates":[[18.70648,-33.70924],[18.70651,-33.70895]]}},{"type":"Feature","properties":{"id":"way/22337725","name":"Unnamed","network":"PRASA"},"geometry":{"type":"LineString","coordinates":[[18.70651,-33.70895],[18.70654,-33.70862],[18.70655,-33.70829],[18.70655,-33.70804],[18.70654,-33.70788],[18.7065,-33.70764],[18.70647,-33.70743],[18.70642,-33.70724],[18.70634,-33.707],[18.70625,-33.70675],[18.70614,-33.70651],[18.70602,-33.70629],[18.7059,-33.70609],[18.70578,-33.70591],[18.70558,-33.70566],[18.70533,-33.70534],[18.70503,-33.70497],[18.70476,-33.70463],[18.70454,-33.70437],[18.70427,-33.70403],[18.70402,-33.70372],[18.70377,-33.7034],[18.70358,-33.70316],[18.70339,-33.70293],[18.70321,-33.70269],[18.70307,-33.70253],[18.70294,-33.70233],[18.70283,-33.70221],[18.7028,-33.70217],[18.70264,-33.70193],[18.70256,-33.70183],[18.70239,-33.70162],[18.70225,-33.70142],[18.7019,-33.70094],[18.70153,-33.70043],[18.7011,-33.69983],[18.70068,-33.69926],[18.7005,-33.69901],[18.70039,-33.69883],[18.70011,-33.69846],[18.6998,-33.69801],[18.69967,-33.69783],[18.69949,-33.69761],[18.69929,-33.69733],[18.69916,-33.69713],[18.69908,-33.69701],[18.69902,-33.6969],[18.69892,-33.69671],[18.69882,-33.69646],[18.69862,-33.69602],[18.69858,-33.69591],[18.69845,-33.69561],[18.69835,-33.69537],[18.69826,-33.69512],[18.69808,-33.69463],[18.69677,-33.69083],[18.69498,-33.68567],[18.69451,-33.68435],[18.69359,-33.68171],[18.69308,-33.68023],[18.69252,-33.67861],[18.69239,-33.67826],[18.69226,-33.67786],[18.6922,-33.67765],[18.69214,-33.67743],[18.69204,-33.67707],[18.69176,-33.67596],[18.69161,-33.67543],[18.69147,-33.67487],[18.69101,-33.67308],[18.69071,-33.67191],[18.69059,-33.67144],[18.69044,-33.67082],[18.69039,-33.67052],[18.69031,-33.6701],[18.69026,-33.66975],[18.69021,-33.66935],[18.69016,-33.66889],[18.69009,-33.6682],[18.69004,-33.66771],[18.69002,-33.66749],[18.69001,-33.66729],[18.69001,-33.66703],[18.69001,-33.66687],[18.69003,-33.66645],[18.69004,-33.66628],[18.69005,-33.66612],[18.69009,-33.66578],[18.69013,-33.66543],[18.69021,-33.66484],[18.69027,-33.6644],[18.69032,-33.66399],[18.69039,-33.66344],[18.69042,-33.66312],[18.69045,-33.6629],[18.69044,-33.66278],[18.69043,-33.66259],[18.69042,-33.66235],[18.6904,-33.66212],[18.69036,-33.66192],[18.69033,-33.66174],[18.69029,-33.66158],[18.69025,-33.66142],[18.6902,-33.66126],[18.69013,-33.66108],[18.69005,-33.66088],[18.68998,-33.66073],[18.68991,-33.66058],[18.68982,-33.66042],[18.68973,-33.66027],[18.68961,-33.66007],[18.68945,-33.65987],[18.68903,-33.65933],[18.68769,-33.65761],[18.68735,-33.65719],[18.6869,-33.65664],[18.68666,-33.65633],[18.68591,-33.65539],[18.6853,-33.65461],[18.68475,-33.65393],[18.68394,-33.65291],[18.6828,-33.65148],[18.68252,-33.65113],[18.68201,-33.65051],[18.68077,-33.64893],[18.67992,-33.64782],[18.67935,-33.64714],[18.67891,-33.64658],[18.67857,-33.64601],[18.67825,-33.64536],[18.67758,-33.64406],[18.67678,-33.64251],[18.6766,-33.64218],[18.67538,-33.63986],[18.67516,-33.63943],[18.67443,-33.63803],[18.67348,-33.63623],[18.67325,-33.63578],[18.67282,-33.63497],[18.6725,-33.63434],[18.67211,-33.63359],[18.67173,-33.63287],[18.67137,-33.63218],[18.67101,-33.63148],[18.67091,-33.63129],[18.6706,-33.6307],[18.67034,-33.63019],[18.67003,-33.6296],[18.67002,-33.62959],[18.66968,-33.62894],[18.66945,-33.6285],[18.66908,-33.62778],[18.66889,-33.62742],[18.66874,-33.62717],[18.66865,-33.62702],[18.66851,-33.6268],[18.66838,-33.62663],[18.66829,-33.6265],[18.66816,-33.62634],[18.66806,-33.6262],[18.66787,-33.62595],[18.66724,-33.62511],[18.66662,-33.62429],[18.66585,-33.62325],[18.66482,-33.62188],[18.66392,-33.62067],[18.6637,-33.62039],[18.66353,-33.62015],[18.66334,-33.61988],[18.66322,-33.61968],[18.6631,-33.61947],[18.66301,-33.61927],[18.66289,-33.61903],[18.66279,-33.61879],[18.66267,-33.61846],[18.66263,-33.61835],[18.6626,-33.61813],[18.66246,-33.61769],[18.66237,-33.61713],[18.66234,-33.61653],[18.66232,-33.61577],[18.66231,-33.61481],[18.6623,-33.61242],[18.66225,-33.60967],[18.66226,-33.6091],[18.66231,-33.60863],[18.66244,-33.60807],[18.66261,-33.60759],[18.66283,-33.60719],[18.66335,-33.6062],[18.66446,-33.60394],[18.66526,-33.60242],[18.66543,-33.60192],[18.66554,-33.60156],[18.66565,-33.60114],[18.66572,-33.60075],[18.66575,-33.60036],[18.66576,-33.59988],[18.66574,-33.59949],[18.6657,-33.59914],[18.66562,-33.59868],[18.6655,-33.59817],[18.66536,-33.59776],[18.6652,-33.59739],[18.66517,-33.59734],[18.66489,-33.59675],[18.66464,-33.59638],[18.66439,-33.59603],[18.66407,-33.59565],[18.66237,-33.59355],[18.65995,-33.59056],[18.6599,-33.59052],[18.65782,-33.58795],[18.65775,-33.58786],[18.65721,-33.5872],[18.65683,-33.58674],[18.65658,-33.58644],[18.65642,-33.58625],[18.6561,-33.58591],[18.65575,-33.58553],[18.65515,-33.58488],[18.65499,-33.58471]]}},{"type":"Feature","properties":{"id":"way/24700106","name":"Unnamed","network":"PRASA"},"geometry":{"type":"LineString","coordinates":[[18.48239,-33.9254],[18.48266,-33.92534],[18.48287,-33.9253],[18.48321,-33.92527],[18.48347,-33.92524],[18.48364,-33.92522],[18.48375,-33.92521],[18.48388,-33.92521],[18.4841,-33.92519],[18.48449,-33.92517],[18.48491,-33.92517],[18.48571,-33.92509],[18.48591,-33.92507],[18.48621,-33.92503],[18.48704,-33.92493]]}},{"type":"Feature","properties":{"id":"way/26295954","name":"Northern Line","network":"PRASA"},"geometry":{"type":"LineString","coordinates":[[18.43072,-33.92477],[18.43052,-33.92466],[18.43027,-33.92452],[18.42951,-33.92399],[18.42648,-33.92179]]}},{"type":"Feature","properties":{"id":"way/26348862","name":"Unnamed","network":"PRASA"},"geometry":{"type":"LineString","coordinates":[[18.43388,-34.13505],[18.43376,-34.13518],[18.43366,-34.1353],[18.43358,-34.1354],[18.43354,-34.13547],[18.43342,-34.13565],[18.43335,-34.13575],[18.43327,-34.13589],[18.43322,-34.136],[18.43304,-34.13639],[18.43265,-34.13728],[18.43242,-34.13779],[18.43232,-34.13801],[18.43221,-34.13821],[18.43207,-34.13842],[18.43198,-34.13856],[18.43188,-34.13871],[18.43178,-34.1389],[18.43168,-34.1391]]}},{"type":"Feature","properties":{"id":"way/26348877","name":"Unnamed","network":"PRASA"},"geometry":{"type":"LineString","coordinates":[[18.65925,-34.01874],[18.65935,-34.01881],[18.65941,-34.01886],[18.65955,-34.01897],[18.65971,-34.01911],[18.65985,-34.01924],[18.66007,-34.01946],[18.66015,-34.01956],[18.66026,-34.0197],[18.66033,-34.01979],[18.66042,-34.01993],[18.66052,-34.02007],[18.6606,-34.02022],[18.66069,-34.02038],[18.66079,-34.02061],[18.66083,-34.0207],[18.66088,-34.02081],[18.66095,-34.02099],[18.66103,-34.02121],[18.66117,-34.0216],[18.66125,-34.02183],[18.66131,-34.02201],[18.66148,-34.02244],[18.66157,-34.02268],[18.66174,-34.02315],[18.66205,-34.02402],[18.66217,-34.02437],[18.66237,-34.0249],[18.66251,-34.02526],[18.66256,-34.02542],[18.66261,-34.02556],[18.6627,-34.02581]]}},{"type":"Feature","properties":{"id":"way/26348881","name":"Unnamed","network":"PRASA"},"geometry":{"type":"LineString","coordinates":[[18.56043,-34.00017],[18.56061,-34.00039]]}},{"type":"Feature","properties":{"id":"way/26348882","name":"Unnamed","network":"PRASA"},"geometry":{"type":"LineString","coordinates":[[18.56054,-34.00013],[18.5607,-34.00034]]}},{"type":"Feature","properties":{"id":"way/26348884","name":"Unnamed","network":"PRASA"},"geometry":{"type":"LineString","coordinates":[[18.55984,-33.99472],[18.55983,-33.99476],[18.55982,-33.99486],[18.5598,-33.99504],[18.55977,-33.99526],[18.55968,-33.99581],[18.55966,-33.99594],[18.55956,-33.99645],[18.55952,-33.99673],[18.5595,-33.99688],[18.55949,-33.99705],[18.55948,-33.99716],[18.55948,-33.9973],[18.55948,-33.99743],[18.55949,-33.9976],[18.55949,-33.99769],[18.5595,-33.99778],[18.55951,-33.99791],[18.55953,-33.99802],[18.55956,-33.99819],[18.5596,-33.99841],[18.55966,-33.99861],[18.55969,-33.99872],[18.55976,-33.99894],[18.55981,-33.99907],[18.55986,-33.99919],[18.55991,-33.99928],[18.55996,-33.99939],[18.56006,-33.99958],[18.56011,-33.99968],[18.56021,-33.99984],[18.56032,-34.00001],[18.56043,-34.00017]]}},{"type":"Feature","properties":{"id":"way/26348904","name":"Unnamed","network":"PRASA"},"geometry":{"type":"LineString","coordinates":[[18.56012,-33.98983],[18.56011,-33.99009],[18.56011,-33.99035],[18.56011,-33.9907],[18.56011,-33.99098],[18.56011,-33.9912]]}},{"type":"Feature","properties":{"id":"way/26348905","name":"Unnamed","network":"PRASA"},"geometry":{"type":"LineString","coordinates":[[18.56007,-33.98964],[18.56006,-33.98985],[18.56006,-33.99016],[18.56007,-33.99063],[18.56007,-33.99117]]}},{"type":"Feature","properties":{"id":"way/26348944","name":"Central Line","network":"PRASA"},"geometry":{"type":"LineString","coordinates":[[18.5119,-33.92253],[18.51164,-33.92258],[18.50998,-33.92278],[18.50778,-33.92307],[18.50731,-33.92312],[18.50681,-33.92316],[18.50662,-33.92317],[18.50642,-33.92318],[18.50616,-33.9232],[18.50595,-33.92321],[18.50571,-33.92321],[18.5056,-33.92321],[18.50542,-33.92322],[18.50529,-33.92321],[18.50519,-33.92321],[18.50503,-33.92321],[18.50485,-33.9232],[18.50468,-33.92319],[18.50454,-33.92317],[18.50439,-33.92314],[18.50426,-33.92311],[18.50412,-33.92307],[18.50402,-33.92304],[18.50387,-33.92298],[18.50372,-33.92291],[18.50358,-33.92282],[18.50341,-33.92271],[18.50334,-33.92266],[18.50318,-33.92252],[18.50311,-33.92245],[18.50304,-33.92237],[18.50295,-33.92225],[18.50288,-33.92214],[18.50282,-33.92204],[18.50277,-33.92195],[18.50274,-33.92188],[18.5027,-33.92178],[18.50262,-33.92155],[18.50259,-33.92146],[18.50255,-33.92135],[18.5025,-33.92125],[18.50246,-33.92116],[18.50242,-33.92109],[18.50236,-33.92099],[18.50231,-33.92092],[18.50225,-33.92085],[18.50219,-33.92078],[18.50212,-33.92071],[18.50206,-33.92065],[18.50187,-33.92047],[18.50168,-33.9203],[18.50155,-33.92017],[18.50136,-33.92],[18.50123,-33.91987],[18.501,-33.91966],[18.50078,-33.91948],[18.50063,-33.91935],[18.50046,-33.91923],[18.50031,-33.91912],[18.50013,-33.919],[18.49996,-33.91888],[18.49975,-33.91876],[18.49955,-33.91864],[18.49934,-33.91853],[18.49891,-33.91831],[18.49874,-33.91822],[18.49827,-33.91797],[18.49793,-33.9178],[18.49773,-33.9177],[18.49766,-33.91766],[18.49716,-33.9174],[18.49702,-33.91733],[18.49676,-33.91719],[18.49651,-33.91708],[18.49626,-33.91697],[18.49585,-33.91682],[18.49547,-33.91669],[18.49522,-33.91662],[18.49494,-33.91655],[18.49439,-33.91644],[18.49414,-33.91639],[18.49386,-33.91635],[18.49365,-33.91633],[18.49332,-33.9163],[18.49309,-33.91628],[18.4928,-33.91627],[18.49258,-33.91627],[18.49237,-33.91627],[18.49211,-33.91628],[18.4917,-33.91631],[18.49146,-33.91633],[18.49113,-33.91637],[18.49073,-33.91643],[18.4902,-33.91652],[18.48954,-33.91665],[18.48895,-33.91676],[18.48881,-33.9168],[18.48856,-33.91684],[18.48805,-33.91697],[18.4865,-33.91733],[18.4846,-33.91779],[18.48362,-33.91802],[18.48333,-33.91809],[18.48266,-33.91825],[18.48147,-33.91853],[18.48046,-33.91876],[18.48007,-33.91885],[18.47982,-33.91893],[18.47958,-33.919],[18.47922,-33.91913],[18.47901,-33.91921]]}},{"type":"Feature","properties":{"id":"way/26349063","name":"Unnamed","network":"PRASA"},"geometry":{"type":"LineString","coordinates":[[18.44413,-33.92533],[18.44427,-33.92532],[18.4445,-33.92531],[18.44495,-33.9253],[18.44602,-33.92528],[18.4468,-33.92526],[18.44705,-33.92526],[18.44727,-33.92527]]}},{"type":"Feature","properties":{"id":"way/30689015","name":"Unnamed","network":"PRASA"},"geometry":{"type":"LineString","coordinates":[[18.56377,-33.95274],[18.56362,-33.95418],[18.56359,-33.95435],[18.56356,-33.95451],[18.56343,-33.95514],[18.56338,-33.95535],[18.56334,-33.95559],[18.56332,-33.95568],[18.56329,-33.9559],[18.56326,-33.95612],[18.56323,-33.95641],[18.56319,-33.95674],[18.56313,-33.95733],[18.56307,-33.95801]]}},{"type":"Feature","properties":{"id":"way/31383489","name":"Unnamed","network":"PRASA"},"geometry":{"type":"LineString","coordinates":[[18.79409,-34.05658],[18.79431,-34.05673],[18.79446,-34.05686]]}},{"type":"Feature","properties":{"id":"way/46347874","name":"Unnamed","network":"PRASA"},"geometry":{"type":"LineString","coordinates":[[18.43093,-34.16116],[18.43093,-34.16123],[18.43093,-34.16129],[18.43094,-34.16137]]}},{"type":"Feature","properties":{"id":"way/46347880","name":"Unnamed","network":"PRASA"},"geometry":{"type":"LineString","coordinates":[[18.43388,-34.13505],[18.43368,-34.13524],[18.43353,-34.1354],[18.43342,-34.13553],[18.4333,-34.13569],[18.43323,-34.13579],[18.43316,-34.1359],[18.43303,-34.13612],[18.43292,-34.13635],[18.43226,-34.13783]]}},{"type":"Feature","properties":{"id":"way/46347881","name":"Unnamed","network":"PRASA"},"geometry":{"type":"LineString","coordinates":[[18.46274,-34.0844],[18.46279,-34.08395],[18.46284,-34.08352],[18.46291,-34.08288],[18.46308,-34.08135],[18.46313,-34.0809],[18.46316,-34.08061],[18.46319,-34.08033],[18.46325,-34.07983],[18.46331,-34.07931],[18.46337,-34.07873],[18.46341,-34.07843],[18.46343,-34.07819],[18.46347,-34.07781],[18.46352,-34.07738],[18.46367,-34.07603]]}},{"type":"Feature","properties":{"id":"way/46349262","name":"Unnamed","network":"PRASA"},"geometry":{"type":"LineString","coordinates":[[18.43767,-34.13251],[18.43792,-34.13236]]}},{"type":"Feature","properties":{"id":"way/46349263","name":"Unnamed","network":"PRASA"},"geometry":{"type":"LineString","coordinates":[[18.43795,-34.13239],[18.4377,-34.13254]]}},{"type":"Feature","properties":{"id":"way/46349264","name":"Unnamed","network":"PRASA"},"geometry":{"type":"LineString","coordinates":[[18.44809,-34.12884],[18.44809,-34.12894],[18.44811,-34.12908],[18.44814,-34.12922],[18.44819,-34.1294],[18.4483,-34.12972],[18.44833,-34.12984],[18.44834,-34.1299],[18.44836,-34.12998],[18.44837,-34.13005],[18.44838,-34.13014],[18.44838,-34.13025],[18.44838,-34.13035],[18.44837,-34.13044],[18.44835,-34.13052],[18.44832,-34.13061],[18.44828,-34.13074],[18.44825,-34.13079],[18.44821,-34.13089],[18.44816,-34.13097],[18.44789,-34.13137],[18.44778,-34.13153],[18.44764,-34.13172],[18.44756,-34.13182],[18.44746,-34.13193],[18.44739,-34.132],[18.44734,-34.13204],[18.44728,-34.1321],[18.44719,-34.13216],[18.44713,-34.1322],[18.44705,-34.13225],[18.44698,-34.13229],[18.44689,-34.13233],[18.44681,-34.13237],[18.44672,-34.1324],[18.44665,-34.13243],[18.44654,-34.13245],[18.44645,-34.13248],[18.44635,-34.1325],[18.44623,-34.13251]]}},{"type":"Feature","properties":{"id":"way/46349267","name":"Unnamed","network":"PRASA"},"geometry":{"type":"LineString","coordinates":[[18.44805,-34.12884],[18.44805,-34.12875],[18.44805,-34.12867],[18.44805,-34.12862],[18.44806,-34.12854],[18.44808,-34.12845],[18.44809,-34.12836],[18.44811,-34.12828],[18.44814,-34.12819],[18.44818,-34.12808],[18.44823,-34.12799],[18.44826,-34.12792]]}},{"type":"Feature","properties":{"id":"way/46349268","name":"Unnamed","network":"PRASA"},"geometry":{"type":"LineString","coordinates":[[18.43792,-34.13236],[18.4381,-34.13225],[18.43825,-34.13216],[18.43837,-34.13209],[18.43853,-34.13202],[18.43871,-34.13196],[18.43882,-34.13192],[18.43891,-34.1319],[18.43913,-34.13185],[18.4393,-34.13183],[18.43951,-34.13183],[18.43964,-34.13184],[18.4398,-34.13185],[18.43992,-34.13187],[18.44007,-34.13189],[18.44024,-34.13193],[18.44048,-34.13199],[18.44088,-34.1321],[18.44118,-34.13218],[18.44146,-34.13224],[18.44172,-34.1323],[18.44188,-34.13232],[18.44211,-34.13236],[18.44261,-34.13241],[18.44318,-34.13247],[18.44332,-34.13248],[18.4438,-34.13252],[18.44404,-34.13254],[18.44422,-34.13255],[18.44446,-34.13255],[18.44465,-34.13255],[18.44503,-34.13254],[18.44517,-34.13253]]}},{"type":"Feature","properties":{"id":"way/46349269","name":"Unnamed","network":"PRASA"},"geometry":{"type":"LineString","coordinates":[[18.4483,-34.12793],[18.44823,-34.12807],[18.44819,-34.12818],[18.44816,-34.12827],[18.44814,-34.12835],[18.44812,-34.12845],[18.44811,-34.12852],[18.4481,-34.1286],[18.44809,-34.12869],[18.44809,-34.12884]]}},{"type":"Feature","properties":{"id":"way/46349270","name":"Unnamed","network":"PRASA"},"geometry":{"type":"LineString","coordinates":[[18.46396,-34.11502],[18.4638,-34.11514],[18.46363,-34.11527],[18.46347,-34.11539],[18.46332,-34.1155],[18.46305,-34.11568],[18.46275,-34.11588],[18.46233,-34.11613],[18.46203,-34.11632],[18.46175,-34.11651],[18.46151,-34.11669],[18.46134,-34.11683],[18.46112,-34.11702],[18.46087,-34.11724],[18.46063,-34.11743],[18.4603,-34.11767],[18.45999,-34.11787],[18.45978,-34.11801],[18.45962,-34.11816],[18.45941,-34.11834],[18.45908,-34.11868],[18.45882,-34.11894],[18.45791,-34.11989],[18.45777,-34.12002]]}},{"type":"Feature","properties":{"id":"way/46350370","name":"Unnamed","network":"PRASA"},"geometry":{"type":"LineString","coordinates":[[18.46455,-34.11456],[18.46396,-34.11502]]}},{"type":"Feature","properties":{"id":"way/46350371","name":"Unnamed","network":"PRASA"},"geometry":{"type":"LineString","coordinates":[[18.46906,-34.10689],[18.46904,-34.10717],[18.46903,-34.10733],[18.46901,-34.10744],[18.469,-34.10755],[18.46897,-34.10767],[18.46895,-34.10778],[18.46891,-34.10789],[18.46884,-34.10808],[18.46882,-34.10812],[18.46877,-34.10823],[18.4687,-34.10834],[18.46863,-34.10846],[18.46845,-34.10875],[18.46819,-34.10916],[18.46779,-34.10981]]}},{"type":"Feature","properties":{"id":"way/46350373","name":"Unnamed","network":"PRASA"},"geometry":{"type":"LineString","coordinates":[[18.46393,-34.11499],[18.46452,-34.11453]]}},{"type":"Feature","properties":{"id":"way/46350374","name":"Unnamed","network":"PRASA"},"geometry":{"type":"LineString","coordinates":[[18.44826,-34.12792],[18.44835,-34.12777],[18.44845,-34.12762],[18.44856,-34.12748],[18.44869,-34.12736],[18.44891,-34.12716],[18.4492,-34.12693],[18.44943,-34.12675],[18.45063,-34.12582]]}},{"type":"Feature","properties":{"id":"way/46353573","name":"Unnamed","network":"PRASA"},"geometry":{"type":"LineString","coordinates":[[18.46901,-34.1069],[18.46903,-34.10674]]}},{"type":"Feature","properties":{"id":"way/46353574","name":"Unnamed","network":"PRASA"},"geometry":{"type":"LineString","coordinates":[[18.46452,-34.11453],[18.46521,-34.114],[18.46542,-34.11384],[18.46555,-34.11373],[18.46568,-34.11362],[18.4658,-34.1135],[18.46599,-34.11329],[18.46609,-34.11315],[18.4662,-34.11297],[18.4663,-34.11277],[18.4664,-34.11256],[18.46718,-34.11082],[18.46729,-34.11058],[18.46739,-34.1104],[18.46755,-34.11014],[18.46771,-34.10987],[18.46816,-34.10914],[18.46833,-34.10886]]}},{"type":"Feature","properties":{"id":"way/46353576","name":"Unnamed","network":"PRASA"},"geometry":{"type":"LineString","coordinates":[[18.46907,-34.10673],[18.46906,-34.10689]]}},{"type":"Feature","properties":{"id":"way/46353577","name":"Unnamed","network":"PRASA"},"geometry":{"type":"LineString","coordinates":[[18.46277,-34.08448],[18.46273,-34.08484],[18.46269,-34.08521],[18.46262,-34.08586],[18.46254,-34.08657],[18.46248,-34.08705],[18.46247,-34.08717],[18.46246,-34.08732],[18.46245,-34.08746],[18.46245,-34.08762]]}},{"type":"Feature","properties":{"id":"way/46353584","name":"Unnamed","network":"PRASA"},"geometry":{"type":"LineString","coordinates":[[18.46278,-34.0844],[18.46277,-34.08448]]}},{"type":"Feature","properties":{"id":"way/46353587","name":"Unnamed","network":"PRASA"},"geometry":{"type":"LineString","coordinates":[[18.46273,-34.08448],[18.46274,-34.0844]]}},{"type":"Feature","properties":{"id":"way/46353588","name":"Unnamed","network":"PRASA"},"geometry":{"type":"LineString","coordinates":[[18.46903,-34.10674],[18.46907,-34.10621],[18.4691,-34.10587],[18.46914,-34.10546],[18.46915,-34.10513],[18.46915,-34.10495],[18.46915,-34.1048],[18.46914,-34.10469],[18.46913,-34.10457],[18.46912,-34.10442],[18.46911,-34.1043],[18.4691,-34.10418],[18.46907,-34.10404],[18.46903,-34.10381],[18.46898,-34.10353],[18.46892,-34.10319],[18.46866,-34.10185]]}},{"type":"Feature","properties":{"id":"way/46353591","name":"Unnamed","network":"PRASA"},"geometry":{"type":"LineString","coordinates":[[18.46294,-34.05796],[18.46296,-34.05815],[18.463,-34.05831],[18.46306,-34.05853],[18.46307,-34.0586],[18.4631,-34.0587],[18.46312,-34.05883],[18.46313,-34.05896],[18.46322,-34.06066],[18.46323,-34.0609],[18.46323,-34.06105],[18.46323,-34.06124],[18.46322,-34.06144],[18.46321,-34.06169],[18.46319,-34.06198],[18.46318,-34.06212],[18.46317,-34.0625]]}},{"type":"Feature","properties":{"id":"way/46353595","name":"Unnamed","network":"PRASA"},"geometry":{"type":"LineString","coordinates":[[18.46306,-34.05853],[18.46303,-34.05834],[18.46302,-34.05821],[18.46301,-34.0581],[18.463,-34.05793],[18.46299,-34.05775],[18.46298,-34.05755],[18.46298,-34.05733],[18.46296,-34.05699],[18.46296,-34.05668],[18.46296,-34.05655],[18.46296,-34.05645],[18.46298,-34.05623],[18.463,-34.05603],[18.46303,-34.05582],[18.46306,-34.05564],[18.46309,-34.05546],[18.46314,-34.05528]]}},{"type":"Feature","properties":{"id":"way/46353596","name":"Unnamed","network":"PRASA"},"geometry":{"type":"LineString","coordinates":[[18.46318,-34.05529],[18.4631,-34.05565],[18.46307,-34.05582],[18.46304,-34.05603],[18.46302,-34.05626],[18.46301,-34.05645],[18.463,-34.05655],[18.463,-34.05668],[18.46301,-34.05699],[18.46302,-34.05733],[18.46302,-34.05754],[18.46303,-34.05772],[18.46302,-34.05796]]}},{"type":"Feature","properties":{"id":"way/46353597","name":"Unnamed","network":"PRASA"},"geometry":{"type":"LineString","coordinates":[[18.46301,-34.0581],[18.46301,-34.058],[18.46302,-34.05796],[18.46305,-34.05771],[18.46308,-34.05761],[18.46309,-34.05754],[18.4631,-34.05743],[18.46311,-34.05733],[18.4631,-34.05699],[18.46309,-34.05668],[18.46309,-34.05655],[18.46309,-34.05646],[18.46311,-34.05625],[18.46314,-34.05604],[18.46317,-34.05584],[18.46319,-34.05566],[18.46323,-34.05548],[18.46326,-34.0553]]}},{"type":"Feature","properties":{"id":"way/48400377","name":"Unnamed","network":"PRASA"},"geometry":{"type":"LineString","coordinates":[[18.46399,-34.05196],[18.46398,-34.05202]]}},{"type":"Feature","properties":{"id":"way/48400378","name":"Unnamed","network":"PRASA"},"geometry":{"type":"LineString","coordinates":[[18.46642,-34.04069],[18.46642,-34.04081],[18.46643,-34.04094],[18.46643,-34.04133],[18.46644,-34.04225],[18.46643,-34.04253],[18.46643,-34.04269],[18.46642,-34.04287],[18.46639,-34.0431],[18.46636,-34.04334],[18.46632,-34.04356],[18.46629,-34.04372],[18.46629,-34.04374],[18.46624,-34.04394],[18.46619,-34.04415],[18.46597,-34.04491],[18.46565,-34.04609]]}},{"type":"Feature","properties":{"id":"way/48400379","name":"Unnamed","network":"PRASA"},"geometry":{"type":"LineString","coordinates":[[18.46632,-34.04133],[18.46635,-34.04113],[18.46636,-34.04106],[18.46639,-34.04085],[18.46642,-34.04069],[18.46644,-34.04058],[18.46646,-34.04046],[18.46649,-34.04033],[18.46654,-34.04015],[18.46658,-34.04004],[18.46664,-34.03991],[18.46667,-34.03982],[18.46673,-34.03971],[18.4668,-34.0396],[18.46686,-34.03951],[18.46691,-34.03943],[18.46699,-34.03933],[18.46706,-34.03925],[18.46713,-34.03916],[18.46722,-34.03908],[18.4673,-34.03899],[18.46743,-34.03889],[18.46756,-34.03878],[18.46769,-34.03869],[18.46776,-34.03865],[18.46784,-34.0386],[18.46798,-34.03852],[18.46806,-34.03848],[18.46818,-34.03842],[18.46837,-34.03834],[18.46878,-34.03817],[18.4692,-34.038]]}},{"type":"Feature","properties":{"id":"way/48421377","name":"Unnamed","network":"PRASA"},"geometry":{"type":"LineString","coordinates":[[18.47024,-34.01197],[18.47025,-34.01212],[18.47027,-34.01227],[18.47028,-34.01237],[18.47029,-34.01247],[18.47032,-34.01265],[18.47035,-34.01275],[18.47038,-34.01289],[18.47043,-34.01305],[18.47047,-34.01318]]}},{"type":"Feature","properties":{"id":"way/48421378","name":"Unnamed","network":"PRASA"},"geometry":{"type":"LineString","coordinates":[[18.46854,-34.0314],[18.46831,-34.03193],[18.46819,-34.03219],[18.46812,-34.03234],[18.46806,-34.03246],[18.468,-34.0326],[18.46795,-34.03271],[18.46791,-34.03281],[18.46785,-34.03294],[18.46778,-34.03313],[18.46774,-34.03325],[18.46764,-34.03357],[18.46754,-34.03389],[18.46737,-34.03445],[18.46727,-34.03476],[18.46722,-34.03491],[18.46706,-34.03543]]}},{"type":"Feature","properties":{"id":"way/48421380","name":"Unnamed","network":"PRASA"},"geometry":{"type":"LineString","coordinates":[[18.46861,-34.03119],[18.46854,-34.0314]]}},{"type":"Feature","properties":{"id":"way/48421385","name":"Unnamed","network":"PRASA"},"geometry":{"type":"LineString","coordinates":[[18.47016,-34.02028],[18.4701,-34.02074],[18.47008,-34.02092],[18.47007,-34.02101],[18.47005,-34.02118],[18.47004,-34.02128],[18.47002,-34.0214],[18.46999,-34.02154],[18.46993,-34.0218],[18.46982,-34.02224],[18.46976,-34.02247],[18.46971,-34.02267],[18.46967,-34.02278],[18.46963,-34.0229],[18.46955,-34.02311],[18.46949,-34.02325],[18.46945,-34.02335],[18.46939,-34.02352],[18.46933,-34.02369]]}},{"type":"Feature","properties":{"id":"way/48421388","name":"Unnamed","network":"PRASA"},"geometry":{"type":"LineString","coordinates":[[18.47163,-34.00424],[18.47127,-34.00484],[18.47119,-34.00497]]}},{"type":"Feature","properties":{"id":"way/48421389","name":"Unnamed","network":"PRASA"},"geometry":{"type":"LineString","coordinates":[[18.47024,-34.01182],[18.47024,-34.01197]]}},{"type":"Feature","properties":{"id":"way/48421390","name":"Unnamed","network":"PRASA"},"geometry":{"type":"LineString","coordinates":[[18.47171,-34.00423],[18.47171,-34.00424],[18.47165,-34.00437],[18.47158,-34.00452],[18.47153,-34.00461],[18.47144,-34.00476],[18.47129,-34.00499],[18.47104,-34.0054],[18.47094,-34.00557],[18.47084,-34.00573],[18.47077,-34.00584],[18.47073,-34.00593],[18.4707,-34.00601],[18.47067,-34.00612],[18.47062,-34.00632],[18.47061,-34.00634],[18.47055,-34.00658],[18.47053,-34.0067],[18.47048,-34.00693]]}},{"type":"Feature","properties":{"id":"way/48421393","name":"Unnamed","network":"PRASA"},"geometry":{"type":"LineString","coordinates":[[18.4717,-34.00412],[18.47163,-34.00424]]}},{"type":"Feature","properties":{"id":"way/48421394","name":"Unnamed","network":"PRASA"},"geometry":{"type":"LineString","coordinates":[[18.472,-34.00364],[18.47188,-34.00386],[18.47181,-34.00402],[18.47176,-34.00412]]}},{"type":"Feature","properties":{"id":"way/48421395","name":"Unnamed","network":"PRASA"},"geometry":{"type":"LineString","coordinates":[[18.47176,-34.00412],[18.47171,-34.00423]]}},{"type":"Feature","properties":{"id":"way/48585986","name":"Unnamed","network":"PRASA"},"geometry":{"type":"LineString","coordinates":[[19.20566,-33.44812],[19.20642,-33.44897]]}},{"type":"Feature","properties":{"id":"way/52635411","name":"Unnamed","network":"PRASA"},"geometry":{"type":"LineString","coordinates":[[18.43168,-34.1391],[18.4316,-34.13929],[18.43152,-34.1395],[18.43146,-34.13967],[18.43142,-34.13985],[18.4314,-34.14002],[18.4314,-34.14016],[18.43141,-34.14029],[18.43143,-34.14043],[18.43146,-34.14055],[18.43151,-34.14069],[18.43156,-34.14081],[18.43158,-34.14084],[18.43161,-34.1409],[18.43175,-34.14114],[18.4318,-34.14123],[18.43189,-34.14136],[18.43194,-34.14144],[18.43204,-34.14155],[18.43212,-34.14163],[18.4322,-34.14168],[18.43228,-34.14175],[18.43238,-34.14179],[18.43249,-34.14184],[18.4326,-34.14189],[18.43272,-34.14192],[18.43281,-34.14194],[18.43293,-34.14197],[18.4331,-34.14201],[18.43326,-34.14205],[18.43337,-34.14209],[18.43349,-34.14214],[18.43358,-34.14218],[18.43368,-34.14224],[18.43379,-34.1423],[18.43399,-34.14242],[18.43419,-34.14254],[18.43435,-34.14263],[18.43453,-34.14274],[18.43494,-34.14299],[18.43519,-34.14314],[18.43532,-34.14321],[18.43544,-34.14327],[18.43555,-34.14332],[18.4357,-34.14338],[18.43596,-34.14347],[18.43628,-34.1436],[18.43642,-34.14366],[18.43651,-34.14371],[18.43659,-34.14376],[18.43666,-34.14381],[18.43675,-34.14388],[18.43687,-34.14398],[18.43693,-34.14405],[18.43702,-34.14415],[18.43715,-34.14432]]}},{"type":"Feature","properties":{"id":"way/53499311","name":"Unnamed","network":"PRASA"},"geometry":{"type":"LineString","coordinates":[[18.46698,-33.97988],[18.46699,-33.9801],[18.467,-33.9802],[18.46702,-33.98037],[18.46704,-33.9805],[18.46708,-33.98069],[18.46712,-33.98086],[18.46715,-33.98101],[18.4672,-33.98122],[18.46725,-33.98147],[18.46729,-33.98166],[18.4673,-33.98176],[18.46732,-33.98187],[18.46733,-33.98198],[18.46736,-33.98218],[18.46737,-33.98227],[18.46739,-33.98239],[18.4674,-33.98246],[18.46744,-33.9826]]}},{"type":"Feature","properties":{"id":"way/61008741","name":"Unnamed","network":"PRASA"},"geometry":{"type":"LineString","coordinates":[[18.46965,-33.97015],[18.46997,-33.96959],[18.47033,-33.96897],[18.47069,-33.96834],[18.47088,-33.96801],[18.47104,-33.96772],[18.47131,-33.96722],[18.47149,-33.96686],[18.47162,-33.96655],[18.47169,-33.96637],[18.47173,-33.96626],[18.47176,-33.96617],[18.47185,-33.9659],[18.4719,-33.9657],[18.47198,-33.96536],[18.47203,-33.96509],[18.47205,-33.96492],[18.47208,-33.96469],[18.47211,-33.96445],[18.47218,-33.96364],[18.4722,-33.96342],[18.47223,-33.96307],[18.47225,-33.96293],[18.47232,-33.96217]]}},{"type":"Feature","properties":{"id":"way/61008743","name":"Unnamed","network":"PRASA"},"geometry":{"type":"LineString","coordinates":[[18.46967,-33.9702],[18.46895,-33.97146]]}},{"type":"Feature","properties":{"id":"way/61117793","name":"Unnamed","network":"PRASA"},"geometry":{"type":"LineString","coordinates":[[18.47261,-33.9595],[18.4726,-33.9596]]}},{"type":"Feature","properties":{"id":"way/61117797","name":"Unnamed","network":"PRASA"},"geometry":{"type":"LineString","coordinates":[[18.4726,-33.9596],[18.47254,-33.9602],[18.47252,-33.96045],[18.47247,-33.96093]]}},{"type":"Feature","properties":{"id":"way/61118296","name":"Unnamed","network":"PRASA"},"geometry":{"type":"LineString","coordinates":[[18.47351,-33.94453],[18.47357,-33.94473],[18.47365,-33.94501],[18.4737,-33.94518],[18.47375,-33.94539],[18.47378,-33.94555],[18.47382,-33.94577],[18.47387,-33.94614],[18.4739,-33.94637],[18.47392,-33.94653],[18.47393,-33.94671]]}},{"type":"Feature","properties":{"id":"way/61118298","name":"Unnamed","network":"PRASA"},"geometry":{"type":"LineString","coordinates":[[18.47341,-33.94422],[18.47351,-33.94453]]}},{"type":"Feature","properties":{"id":"way/61348860","name":"Unnamed","network":"PRASA"},"geometry":{"type":"LineString","coordinates":[[18.46299,-34.05988],[18.46294,-34.0589],[18.46292,-34.05844],[18.46289,-34.05796],[18.46288,-34.05765],[18.46286,-34.05728],[18.46285,-34.05699],[18.46285,-34.05668],[18.46285,-34.05656],[18.46285,-34.05644],[18.46287,-34.05621],[18.46288,-34.05611],[18.46289,-34.05603],[18.46291,-34.0559],[18.46293,-34.05578],[18.46295,-34.05564],[18.463,-34.0554],[18.46304,-34.05525],[18.46311,-34.05498],[18.46323,-34.05454],[18.46334,-34.05415],[18.46347,-34.05367],[18.46369,-34.05287],[18.46383,-34.05239],[18.46393,-34.05201]]}},{"type":"Feature","properties":{"id":"way/61348861","name":"Unnamed","network":"PRASA"},"geometry":{"type":"LineString","coordinates":[[18.46632,-34.04133],[18.46632,-34.04106],[18.46632,-34.04081],[18.46631,-34.04039],[18.46631,-34.04018],[18.46631,-34.03977],[18.46631,-34.03938],[18.4663,-34.03871],[18.46631,-34.03852],[18.46632,-34.03835],[18.46634,-34.03804],[18.46637,-34.03782],[18.46639,-34.03772],[18.46641,-34.03761],[18.46645,-34.03739],[18.46649,-34.0372],[18.46653,-34.03707],[18.4666,-34.03681],[18.46672,-34.03644],[18.46703,-34.03542]]}},{"type":"Feature","properties":{"id":"way/61350097","name":"Unnamed","network":"PRASA"},"geometry":{"type":"LineString","coordinates":[[18.58396,-34.01341],[18.5845,-34.01337]]}},{"type":"Feature","properties":{"id":"way/61350099","name":"Unnamed","network":"PRASA"},"geometry":{"type":"LineString","coordinates":[[18.55981,-33.99588],[18.55975,-33.99621],[18.55971,-33.99647],[18.55969,-33.99661],[18.55967,-33.99676],[18.55965,-33.99692],[18.55964,-33.99704],[18.55963,-33.99715],[18.55963,-33.99731],[18.55963,-33.99745],[18.55963,-33.9976],[18.55964,-33.99775],[18.55966,-33.9979],[18.55968,-33.99806],[18.55971,-33.99822],[18.55974,-33.99839],[18.5598,-33.99862],[18.5599,-33.99897],[18.56003,-33.9993],[18.56021,-33.99962],[18.56042,-33.99995],[18.56054,-34.00013]]}},{"type":"Feature","properties":{"id":"way/61350115","name":"Unnamed","network":"PRASA"},"geometry":{"type":"LineString","coordinates":[[18.55997,-33.99014],[18.55998,-33.99035],[18.55998,-33.99069],[18.55996,-33.99096],[18.55995,-33.99099],[18.55993,-33.99126],[18.5599,-33.99172],[18.55981,-33.99282]]}},{"type":"Feature","properties":{"id":"way/61350117","name":"Unnamed","network":"PRASA"},"geometry":{"type":"LineString","coordinates":[[18.58122,-34.01355],[18.58144,-34.01353],[18.58188,-34.01349],[18.58204,-34.01347],[18.58208,-34.01347],[18.58264,-34.01341],[18.58304,-34.01337],[18.5834,-34.01334],[18.58391,-34.0133],[18.58686,-34.01309],[18.58725,-34.01307]]}},{"type":"Feature","properties":{"id":"way/61350121","name":"Unnamed","network":"PRASA"},"geometry":{"type":"LineString","coordinates":[[18.58125,-34.0137],[18.58147,-34.01369],[18.58205,-34.01367],[18.58219,-34.01367],[18.58266,-34.01365],[18.58335,-34.01361],[18.58391,-34.01357],[18.58438,-34.01354]]}},{"type":"Feature","properties":{"id":"way/61585739","name":"Unnamed","network":"PRASA"},"geometry":{"type":"LineString","coordinates":[[18.73331,-34.00199],[18.73378,-34.00225],[18.73401,-34.00238],[18.73412,-34.00244],[18.73582,-34.00338],[18.73623,-34.00361],[18.73664,-34.00383],[18.73704,-34.00403],[18.73739,-34.0042],[18.73767,-34.00433],[18.738,-34.00448],[18.73835,-34.00461],[18.73869,-34.00475],[18.73909,-34.0049],[18.73965,-34.00509],[18.74022,-34.00527],[18.7408,-34.00544],[18.74123,-34.00556],[18.74164,-34.00566],[18.74201,-34.00576],[18.74267,-34.00592],[18.74323,-34.00603],[18.74361,-34.00609],[18.74381,-34.00612],[18.74413,-34.00617],[18.7445,-34.0062],[18.74492,-34.00624],[18.7454,-34.00627],[18.7459,-34.00628],[18.74627,-34.00628],[18.74676,-34.00626],[18.74733,-34.00623],[18.7477,-34.00619],[18.74816,-34.00614],[18.7486,-34.00607],[18.7491,-34.00598],[18.74954,-34.00589],[18.74998,-34.00578],[18.75046,-34.00564],[18.75092,-34.0055],[18.7514,-34.00533],[18.75211,-34.00504],[18.75246,-34.00488],[18.75277,-34.00473],[18.7531,-34.00456],[18.75341,-34.00439],[18.75395,-34.00406],[18.75448,-34.00371],[18.75485,-34.00344],[18.75506,-34.00327],[18.75537,-34.00302],[18.75571,-34.00272],[18.75595,-34.0025],[18.75622,-34.00222],[18.75652,-34.0019],[18.75673,-34.00166],[18.75709,-34.00122],[18.75749,-34.00068],[18.75786,-34.00019],[18.75824,-33.99968],[18.75875,-33.999],[18.75958,-33.99789],[18.76314,-33.99314],[18.76526,-33.99029],[18.76585,-33.98946],[18.76632,-33.98865],[18.76664,-33.98809],[18.76689,-33.98753],[18.76716,-33.98687],[18.76739,-33.98628],[18.76823,-33.98474],[18.76894,-33.98371],[18.76955,-33.98297],[18.76983,-33.98265],[18.77011,-33.98236],[18.77028,-33.98219],[18.77047,-33.982],[18.77077,-33.98172],[18.77127,-33.98129]]}},{"type":"Feature","properties":{"id":"way/61591236","name":"Unnamed","network":"PRASA"},"geometry":{"type":"LineString","coordinates":[[18.97835,-33.71843],[18.97838,-33.71816],[18.97849,-33.7175],[18.97859,-33.71686],[18.97868,-33.7163],[18.97879,-33.71567],[18.9789,-33.715],[18.97896,-33.71465],[18.97944,-33.71176],[18.97981,-33.7096],[18.97983,-33.70948],[18.98013,-33.70772],[18.98027,-33.7069],[18.98035,-33.70638],[18.98045,-33.70586],[18.98053,-33.70539],[18.9806,-33.70492]]}},{"type":"Feature","properties":{"id":"way/65680740","name":"Unnamed","network":"PRASA"},"geometry":{"type":"LineString","coordinates":[[18.4439,-33.92549],[18.44412,-33.92547],[18.44431,-33.92545],[18.44448,-33.92544],[18.44466,-33.92543],[18.44484,-33.92542],[18.44602,-33.9254],[18.44684,-33.92538],[18.44698,-33.92537],[18.44712,-33.92537],[18.44727,-33.92538]]}},{"type":"Feature","properties":{"id":"way/65680741","name":"Unnamed","network":"PRASA"},"geometry":{"type":"LineString","coordinates":[[18.42846,-33.92416],[18.42866,-33.92428],[18.42883,-33.92438],[18.42889,-33.92442],[18.42902,-33.9245],[18.42924,-33.92463],[18.42938,-33.92472],[18.42954,-33.9248],[18.4299,-33.92495]]}},{"type":"Feature","properties":{"id":"way/65680745","name":"Unnamed","network":"PRASA"},"geometry":{"type":"LineString","coordinates":[[18.42772,-33.92371],[18.42791,-33.92387]]}},{"type":"Feature","properties":{"id":"way/65680755","name":"Unnamed","network":"PRASA"},"geometry":{"type":"LineString","coordinates":[[18.42762,-33.92361],[18.42772,-33.92371]]}},{"type":"Feature","properties":{"id":"way/65680756","name":"Simon's Town Line","network":"PRASA"},"geometry":{"type":"LineString","coordinates":[[18.44314,-33.92576],[18.44281,-33.92584],[18.44258,-33.92591],[18.44242,-33.92595],[18.44213,-33.92601],[18.4419,-33.92606],[18.44169,-33.9261],[18.44147,-33.92613],[18.44131,-33.92615],[18.44116,-33.92617],[18.44098,-33.92618],[18.4408,-33.92618],[18.44022,-33.92619],[18.4397,-33.92619],[18.4389,-33.92618],[18.43842,-33.92618],[18.43811,-33.92617],[18.43714,-33.92613],[18.43627,-33.92609],[18.43384,-33.92599],[18.43348,-33.92598],[18.433,-33.92596],[18.43287,-33.92595],[18.43274,-33.92593],[18.43258,-33.92592],[18.43235,-33.92589],[18.43222,-33.92587],[18.43205,-33.92584],[18.43192,-33.92581],[18.43173,-33.92577],[18.43154,-33.92573],[18.43142,-33.9257],[18.43119,-33.92563],[18.43093,-33.92554],[18.43065,-33.92545],[18.42994,-33.92521],[18.42919,-33.92496],[18.42866,-33.92478],[18.42831,-33.92465],[18.42802,-33.92456],[18.42784,-33.92449],[18.42774,-33.92446],[18.42749,-33.92438],[18.42721,-33.92426]]}},{"type":"Feature","properties":{"id":"way/65680759","name":"Unnamed","network":"PRASA"},"geometry":{"type":"LineString","coordinates":[[18.42772,-33.92371],[18.42794,-33.92384]]}},{"type":"Feature","properties":{"id":"way/65680762","name":"Central Line","network":"PRASA"},"geometry":{"type":"LineString","coordinates":[[18.4305,-33.92498],[18.43068,-33.92503],[18.43106,-33.92511]]}},{"type":"Feature","properties":{"id":"way/65680763","name":"Unnamed","network":"PRASA"},"geometry":{"type":"LineString","coordinates":[[18.42589,-33.9224],[18.42759,-33.92364]]}},{"type":"Feature","properties":{"id":"way/65680768","name":"Northern Line","network":"PRASA"},"geometry":{"type":"LineString","coordinates":[[18.45761,-33.92204],[18.45707,-33.92205],[18.45582,-33.92207],[18.45573,-33.92208],[18.45535,-33.92208],[18.45509,-33.92209],[18.4548,-33.9221],[18.45455,-33.92212],[18.45431,-33.92214],[18.4541,-33.92216],[18.45379,-33.9222],[18.45354,-33.92225],[18.45328,-33.9223],[18.45299,-33.92236],[18.45269,-33.92243],[18.45235,-33.92251],[18.45203,-33.92258],[18.45148,-33.92272],[18.45005,-33.92305],[18.4496,-33.92316],[18.44898,-33.92329],[18.4487,-33.92334],[18.44847,-33.92337],[18.44813,-33.92341],[18.44786,-33.92343],[18.44733,-33.9235],[18.44477,-33.92382],[18.44442,-33.92388]]}},{"type":"Feature","properties":{"id":"way/65680774","name":"Unnamed","network":"PRASA"},"geometry":{"type":"LineString","coordinates":[[18.42715,-33.92423],[18.42722,-33.92424]]}},{"type":"Feature","properties":{"id":"way/65680776","name":"Unnamed","network":"PRASA"},"geometry":{"type":"LineString","coordinates":[[18.43344,-33.92551],[18.43365,-33.92551],[18.43381,-33.9255],[18.43401,-33.92549]]}},{"type":"Feature","properties":{"id":"way/65680778","name":"Unnamed","network":"PRASA"},"geometry":{"type":"LineString","coordinates":[[18.42937,-33.92477],[18.42958,-33.92484],[18.4299,-33.92495],[18.42995,-33.92496],[18.43028,-33.92507],[18.43067,-33.92519],[18.43094,-33.92526],[18.43114,-33.92532],[18.4313,-33.92536],[18.43145,-33.9254],[18.43165,-33.92544],[18.43189,-33.92547],[18.43205,-33.92549],[18.43218,-33.9255],[18.43237,-33.92551],[18.4326,-33.92552],[18.43296,-33.92554],[18.43344,-33.92556],[18.43348,-33.92556],[18.43661,-33.92569],[18.43698,-33.92569],[18.43716,-33.92569],[18.4374,-33.92569],[18.43775,-33.92567],[18.44173,-33.92546],[18.44291,-33.92539],[18.44413,-33.92533]]}},{"type":"Feature","properties":{"id":"way/65680781","name":"Unnamed","network":"PRASA"},"geometry":{"type":"LineString","coordinates":[[18.43689,-33.92559],[18.43699,-33.92558],[18.43707,-33.92558],[18.43725,-33.92558],[18.43741,-33.92557],[18.43954,-33.92545],[18.44027,-33.92541],[18.44104,-33.92537],[18.44176,-33.92533],[18.44194,-33.92532],[18.44213,-33.9253],[18.44237,-33.92529]]}},{"type":"Feature","properties":{"id":"way/65680792","name":"Unnamed","network":"PRASA"},"geometry":{"type":"LineString","coordinates":[[18.437,-33.92574],[18.43712,-33.92574],[18.4372,-33.92574],[18.43748,-33.92572],[18.44173,-33.92549],[18.44275,-33.92543],[18.44289,-33.92543],[18.44308,-33.92543],[18.44316,-33.92543],[18.44333,-33.92543]]}},{"type":"Feature","properties":{"id":"way/65680794","name":"Central Line","network":"PRASA"},"geometry":{"type":"LineString","coordinates":[[18.4307,-33.92494],[18.43089,-33.92501],[18.43111,-33.92508],[18.43136,-33.92516]]}},{"type":"Feature","properties":{"id":"way/65680801","name":"Unnamed","network":"PRASA"},"geometry":{"type":"LineString","coordinates":[[18.43068,-33.92484],[18.43036,-33.92468],[18.42996,-33.92444],[18.42934,-33.92407],[18.42881,-33.92369],[18.42806,-33.92315],[18.42639,-33.92189]]}},{"type":"Feature","properties":{"id":"way/65680805","name":"Unnamed","network":"PRASA"},"geometry":{"type":"LineString","coordinates":[[18.42751,-33.92397],[18.42774,-33.92414],[18.4278,-33.92418],[18.4279,-33.92425],[18.42799,-33.9243],[18.42811,-33.92437],[18.42826,-33.92444],[18.42853,-33.92458],[18.42898,-33.92477]]}},{"type":"Feature","properties":{"id":"way/65680807","name":"Unnamed","network":"PRASA"},"geometry":{"type":"LineString","coordinates":[[18.42753,-33.92394],[18.42778,-33.92411],[18.42788,-33.92417],[18.42807,-33.92429],[18.42819,-33.92436],[18.4283,-33.92442],[18.42839,-33.92446],[18.4286,-33.92455],[18.4288,-33.92461],[18.42917,-33.92474],[18.42948,-33.92485],[18.42981,-33.92496],[18.42996,-33.92501],[18.43067,-33.92525],[18.43092,-33.92532],[18.43114,-33.92538],[18.43129,-33.92542],[18.43145,-33.92546],[18.43161,-33.92549],[18.43186,-33.92553],[18.43205,-33.92555],[18.4323,-33.92558],[18.4326,-33.92559],[18.43298,-33.92561],[18.43347,-33.92563],[18.43371,-33.92564],[18.43724,-33.92578],[18.43749,-33.9258],[18.43771,-33.9258],[18.43801,-33.92579],[18.43831,-33.92578],[18.43886,-33.92576],[18.43958,-33.92572],[18.44032,-33.92568],[18.44068,-33.92566],[18.44105,-33.92564],[18.44179,-33.9256],[18.44241,-33.92557],[18.44285,-33.92554],[18.44325,-33.9255],[18.44352,-33.92546],[18.44377,-33.92543],[18.44399,-33.92541],[18.44423,-33.9254],[18.44451,-33.92539],[18.44462,-33.92538]]}},{"type":"Feature","properties":{"id":"way/65680810","name":"Northern Line","network":"PRASA"},"geometry":{"type":"LineString","coordinates":[[18.43106,-33.92491],[18.43083,-33.92481],[18.43072,-33.92477]]}},{"type":"Feature","properties":{"id":"way/65680820","name":"Unnamed","network":"PRASA"},"geometry":{"type":"LineString","coordinates":[[18.4273,-33.9242],[18.42744,-33.92428],[18.42755,-33.92434],[18.4277,-33.92441]]}},{"type":"Feature","properties":{"id":"way/65680828","name":"Northern Line","network":"PRASA"},"geometry":{"type":"LineString","coordinates":[[18.43162,-33.9251],[18.43155,-33.92508],[18.43148,-33.92506],[18.43129,-33.925]]}},{"type":"Feature","properties":{"id":"way/65680836","name":"Unnamed","network":"PRASA"},"geometry":{"type":"LineString","coordinates":[[18.44349,-33.92541],[18.44367,-33.9254],[18.44371,-33.92539],[18.44385,-33.92539],[18.44394,-33.9254],[18.44406,-33.9254],[18.44423,-33.9254]]}},{"type":"Feature","properties":{"id":"way/65680840","name":"Unnamed","network":"PRASA"},"geometry":{"type":"LineString","coordinates":[[18.42763,-33.92386],[18.4279,-33.92406],[18.42811,-33.92421],[18.42827,-33.92431],[18.42837,-33.92437],[18.42854,-33.92446],[18.4287,-33.92454],[18.42891,-33.92464],[18.42917,-33.92474]]}},{"type":"Feature","properties":{"id":"way/65680844","name":"Northern Line","network":"PRASA"},"geometry":{"type":"LineString","coordinates":[[18.43296,-33.92527],[18.43259,-33.92526],[18.43227,-33.92525],[18.43201,-33.9252],[18.43187,-33.92517],[18.43162,-33.9251]]}},{"type":"Feature","properties":{"id":"way/65680850","name":"Unnamed","network":"PRASA"},"geometry":{"type":"LineString","coordinates":[[18.4275,-33.92394],[18.42774,-33.92414]]}},{"type":"Feature","properties":{"id":"way/65680852","name":"Unnamed","network":"PRASA"},"geometry":{"type":"LineString","coordinates":[[18.42792,-33.92363],[18.42832,-33.92392],[18.4285,-33.92405],[18.42898,-33.92434],[18.42907,-33.92439],[18.42919,-33.92446],[18.42937,-33.92455]]}},{"type":"Feature","properties":{"id":"way/65680856","name":"Unnamed","network":"PRASA"},"geometry":{"type":"LineString","coordinates":[[18.4282,-33.92364],[18.42843,-33.92381],[18.42866,-33.92397],[18.42884,-33.9241],[18.42901,-33.92422],[18.4291,-33.92429],[18.42919,-33.92435],[18.42924,-33.92439],[18.42931,-33.92443],[18.42938,-33.92447],[18.42965,-33.92463],[18.42975,-33.92469],[18.42993,-33.92478]]}},{"type":"Feature","properties":{"id":"way/65680857","name":"Northern Line","network":"PRASA"},"geometry":{"type":"LineString","coordinates":[[18.42647,-33.92164],[18.42656,-33.92169]]}},{"type":"Feature","properties":{"id":"way/65680861","name":"Unnamed","network":"PRASA"},"geometry":{"type":"LineString","coordinates":[[18.42805,-33.92453],[18.42794,-33.92447],[18.42784,-33.92443],[18.42763,-33.92433],[18.42747,-33.92425],[18.42732,-33.92417]]}},{"type":"Feature","properties":{"id":"way/65680863","name":"Unnamed","network":"PRASA"},"geometry":{"type":"LineString","coordinates":[[18.43371,-33.92564],[18.43391,-33.92564],[18.43405,-33.92563],[18.43426,-33.92563]]}},{"type":"Feature","properties":{"id":"way/65680865","name":"Unnamed","network":"PRASA"},"geometry":{"type":"LineString","coordinates":[[18.42723,-33.92423],[18.4274,-33.92431]]}},{"type":"Feature","properties":{"id":"way/65680868","name":"Unnamed","network":"PRASA"},"geometry":{"type":"LineString","coordinates":[[18.42759,-33.92364],[18.42791,-33.92387],[18.42804,-33.92396],[18.4283,-33.92415],[18.42856,-33.92433],[18.42872,-33.92444],[18.42897,-33.92458],[18.4291,-33.92464],[18.42937,-33.92477]]}},{"type":"Feature","properties":{"id":"way/65680869","name":"Unnamed","network":"PRASA"},"geometry":{"type":"LineString","coordinates":[[18.43068,-33.92484],[18.43103,-33.92496],[18.43119,-33.92502],[18.43143,-33.92509],[18.43175,-33.92518]]}},{"type":"Feature","properties":{"id":"way/65680870","name":"Unnamed","network":"PRASA"},"geometry":{"type":"LineString","coordinates":[[18.42788,-33.92417],[18.4281,-33.92429],[18.42834,-33.92441],[18.42854,-33.92449],[18.4287,-33.92454],[18.42907,-33.92467],[18.42924,-33.92473],[18.42937,-33.92477]]}},{"type":"Feature","properties":{"id":"way/65680873","name":"Unnamed","network":"PRASA"},"geometry":{"type":"LineString","coordinates":[[18.44044,-33.92596],[18.44064,-33.92591]]}},{"type":"Feature","properties":{"id":"way/65680878","name":"Unnamed","network":"PRASA"},"geometry":{"type":"LineString","coordinates":[[18.43335,-33.92542],[18.43345,-33.92545],[18.43369,-33.92548],[18.43401,-33.92549],[18.43522,-33.92554],[18.43572,-33.92556],[18.43623,-33.92558],[18.43664,-33.9256],[18.43689,-33.9256],[18.43719,-33.9256],[18.43732,-33.9256],[18.43744,-33.9256],[18.43758,-33.9256],[18.43954,-33.92549],[18.44028,-33.92545],[18.44105,-33.92541],[18.44177,-33.92537],[18.44199,-33.92535],[18.4422,-33.92533],[18.44262,-33.92528],[18.443,-33.92523],[18.44317,-33.92522]]}},{"type":"Feature","properties":{"id":"way/65680881","name":"Unnamed","network":"PRASA"},"geometry":{"type":"LineString","coordinates":[[18.42743,-33.92406],[18.42756,-33.92414],[18.42767,-33.9242],[18.42777,-33.92426],[18.42795,-33.92434],[18.42822,-33.92447]]}},{"type":"Feature","properties":{"id":"way/65680882","name":"Unnamed","network":"PRASA"},"geometry":{"type":"LineString","coordinates":[[18.42794,-33.92384],[18.42817,-33.92398],[18.42833,-33.92408],[18.42846,-33.92416]]}},{"type":"Feature","properties":{"id":"way/65680892","name":"Unnamed","network":"PRASA"},"geometry":{"type":"LineString","coordinates":[[18.43129,-33.925],[18.43143,-33.92507],[18.43175,-33.92518],[18.4319,-33.92522],[18.432,-33.92524],[18.43212,-33.92527],[18.43222,-33.92529],[18.43238,-33.92531]]}},{"type":"Feature","properties":{"id":"way/65680893","name":"Unnamed","network":"PRASA"},"geometry":{"type":"LineString","coordinates":[[18.44314,-33.92576],[18.4421,-33.92597],[18.44189,-33.926],[18.4417,-33.92602],[18.4415,-33.92602],[18.4413,-33.92602],[18.44107,-33.92601],[18.44094,-33.926],[18.44069,-33.92596],[18.44035,-33.92591],[18.44016,-33.92589],[18.43989,-33.92586],[18.43966,-33.92585],[18.43933,-33.92585],[18.43901,-33.92586],[18.43877,-33.92587],[18.43832,-33.92588],[18.43776,-33.92589],[18.43757,-33.92588],[18.43724,-33.92587],[18.4341,-33.92574],[18.43386,-33.92573],[18.43347,-33.92572],[18.433,-33.9257],[18.43256,-33.92568],[18.43225,-33.92566],[18.43208,-33.92565],[18.43191,-33.92563],[18.43175,-33.92561],[18.43159,-33.92559],[18.43143,-33.92556],[18.43126,-33.92552],[18.4311,-33.92548],[18.43094,-33.92543],[18.43068,-33.92535],[18.42995,-33.9251],[18.42939,-33.9249],[18.42906,-33.9248],[18.42898,-33.92477],[18.42855,-33.92462],[18.42822,-33.92451],[18.42783,-33.92432]]}},{"type":"Feature","properties":{"id":"way/65680896","name":"Unnamed","network":"PRASA"},"geometry":{"type":"LineString","coordinates":[[18.43748,-33.92572],[18.43764,-33.92572],[18.43777,-33.92573],[18.43794,-33.92573],[18.43808,-33.92573],[18.43831,-33.92571],[18.44173,-33.92553],[18.44238,-33.92549],[18.44277,-33.92547],[18.4431,-33.92545]]}},{"type":"Feature","properties":{"id":"way/65680898","name":"Unnamed","network":"PRASA"},"geometry":{"type":"LineString","coordinates":[[18.42765,-33.92383],[18.42792,-33.92403],[18.42817,-33.9242],[18.42832,-33.9243],[18.42841,-33.92435],[18.42871,-33.9245],[18.42907,-33.92467],[18.42918,-33.92472],[18.42948,-33.92485]]}},{"type":"Feature","properties":{"id":"way/65680902","name":"Unnamed","network":"PRASA"},"geometry":{"type":"LineString","coordinates":[[18.42827,-33.92354],[18.42866,-33.92382],[18.42896,-33.92403],[18.42918,-33.92422],[18.42934,-33.92435],[18.42948,-33.92446],[18.42962,-33.92456],[18.42975,-33.92464],[18.42994,-33.92475],[18.43007,-33.92482],[18.43015,-33.92487],[18.43027,-33.92493]]}},{"type":"Feature","properties":{"id":"way/65680905","name":"Unnamed","network":"PRASA"},"geometry":{"type":"LineString","coordinates":[[18.42759,-33.92364],[18.42772,-33.92371]]}},{"type":"Feature","properties":{"id":"way/65680908","name":"Unnamed","network":"PRASA"},"geometry":{"type":"LineString","coordinates":[[18.43664,-33.9256],[18.43689,-33.92559],[18.43725,-33.92555],[18.43738,-33.92554],[18.4375,-33.92553],[18.43953,-33.92542],[18.44025,-33.92538],[18.44103,-33.92534],[18.44182,-33.92529],[18.44197,-33.92529],[18.44213,-33.92529],[18.44237,-33.92529],[18.44243,-33.92529],[18.44262,-33.92528]]}},{"type":"Feature","properties":{"id":"way/65680910","name":"Unnamed","network":"PRASA"},"geometry":{"type":"LineString","coordinates":[[18.44064,-33.92591],[18.44084,-33.92587],[18.441,-33.92584],[18.44116,-33.92582],[18.44138,-33.92579],[18.44156,-33.92576],[18.44178,-33.92574],[18.44202,-33.92571],[18.44238,-33.92567],[18.4426,-33.92564],[18.4428,-33.92562],[18.44305,-33.9256],[18.44321,-33.92558],[18.44333,-33.92557],[18.44345,-33.92555],[18.44355,-33.92554],[18.44364,-33.92552],[18.44373,-33.92551],[18.4439,-33.92549]]}},{"type":"Feature","properties":{"id":"way/65680912","name":"Unnamed","network":"PRASA"},"geometry":{"type":"LineString","coordinates":[[18.42722,-33.92424],[18.4274,-33.92431]]}},{"type":"Feature","properties":{"id":"way/65680916","name":"Unnamed","network":"PRASA"},"geometry":{"type":"LineString","coordinates":[[18.44326,-33.92521],[18.44343,-33.92522],[18.44353,-33.92523],[18.44364,-33.92524],[18.44374,-33.92526],[18.44387,-33.92527],[18.44395,-33.92528],[18.44412,-33.92528]]}},{"type":"Feature","properties":{"id":"way/65680918","name":"Central Line","network":"PRASA"},"geometry":{"type":"LineString","coordinates":[[18.43068,-33.92499],[18.43025,-33.92484],[18.43008,-33.92476],[18.43002,-33.92473],[18.42994,-33.92469],[18.42985,-33.92463],[18.42975,-33.92456],[18.42968,-33.92451],[18.42954,-33.92438],[18.42936,-33.92424],[18.42628,-33.922]]}},{"type":"Feature","properties":{"id":"way/65680922","name":"Central Line","network":"PRASA"},"geometry":{"type":"LineString","coordinates":[[18.43238,-33.92531],[18.43343,-33.92535],[18.43391,-33.92537],[18.43428,-33.92538],[18.4356,-33.92544],[18.43602,-33.92545],[18.43631,-33.92545],[18.43652,-33.92545],[18.43676,-33.92544],[18.43706,-33.92543],[18.43884,-33.92533],[18.43923,-33.92531],[18.43961,-33.92529],[18.43993,-33.92526],[18.44013,-33.92522],[18.44029,-33.92518],[18.44041,-33.92514],[18.4407,-33.92505],[18.44245,-33.92449],[18.44321,-33.92424],[18.44359,-33.92412],[18.44373,-33.92408],[18.44389,-33.92403],[18.44401,-33.924],[18.44426,-33.92394],[18.44476,-33.92386],[18.44659,-33.92363],[18.44683,-33.9236]]}},{"type":"Feature","properties":{"id":"way/65680928","name":"Unnamed","network":"PRASA"},"geometry":{"type":"LineString","coordinates":[[18.42789,-33.92366],[18.42841,-33.92404],[18.42849,-33.92409],[18.42858,-33.92415],[18.42878,-33.92427]]}},{"type":"Feature","properties":{"id":"way/65680929","name":"Unnamed","network":"PRASA"},"geometry":{"type":"LineString","coordinates":[[18.43348,-33.92556],[18.43364,-33.92558],[18.4339,-33.92561],[18.43426,-33.92563],[18.437,-33.92574],[18.43731,-33.92575],[18.43754,-33.92576],[18.43773,-33.92577],[18.43801,-33.92576],[18.4383,-33.92575],[18.44173,-33.92556],[18.44238,-33.92553],[18.44261,-33.92552],[18.44283,-33.92549],[18.44291,-33.92547],[18.4431,-33.92545],[18.44314,-33.92544],[18.44333,-33.92543],[18.44349,-33.92541],[18.4439,-33.92535],[18.44413,-33.92533]]}},{"type":"Feature","properties":{"id":"way/65680936","name":"Central Line","network":"PRASA"},"geometry":{"type":"LineString","coordinates":[[18.47851,-33.91941],[18.47817,-33.91957],[18.47685,-33.9201]]}},{"type":"Feature","properties":{"id":"way/65680943","name":"Unnamed","network":"PRASA"},"geometry":{"type":"LineString","coordinates":[[18.43238,-33.92531],[18.43257,-33.92533],[18.43285,-33.92536]]}},{"type":"Feature","properties":{"id":"way/65680945","name":"Northern Line","network":"PRASA"},"geometry":{"type":"LineString","coordinates":[[18.43071,-33.92451],[18.43082,-33.92458],[18.43096,-33.92467],[18.43106,-33.92473],[18.43135,-33.92489],[18.43146,-33.92494],[18.43163,-33.92501],[18.43185,-33.92508],[18.43201,-33.92512],[18.43217,-33.92516],[18.43224,-33.92517],[18.43257,-33.92522]]}},{"type":"Feature","properties":{"id":"way/65680959","name":"Unnamed","network":"PRASA"},"geometry":{"type":"LineString","coordinates":[[18.42796,-33.92351],[18.42835,-33.92379],[18.42873,-33.92408],[18.42887,-33.9242],[18.42902,-33.9243],[18.42917,-33.9244],[18.42936,-33.92451],[18.42949,-33.92458],[18.42963,-33.92466]]}},{"type":"Feature","properties":{"id":"way/65765855","name":"Unnamed","network":"PRASA"},"geometry":{"type":"LineString","coordinates":[[18.44314,-33.92576],[18.44325,-33.92573],[18.44366,-33.92564],[18.44396,-33.92558],[18.44425,-33.92554],[18.44451,-33.92552],[18.44463,-33.92551]]}},{"type":"Feature","properties":{"id":"way/65770383","name":"Unnamed","network":"PRASA"},"geometry":{"type":"LineString","coordinates":[[18.46618,-33.92768],[18.46637,-33.92774],[18.4665,-33.92778],[18.46666,-33.92784],[18.46681,-33.9279],[18.46696,-33.92797],[18.46708,-33.92803],[18.46729,-33.92814],[18.46738,-33.92819],[18.46744,-33.92822],[18.46753,-33.92828],[18.46766,-33.92837],[18.46778,-33.92846],[18.46793,-33.92858],[18.46802,-33.92865],[18.46817,-33.92878],[18.4683,-33.9289],[18.46839,-33.929],[18.46849,-33.92911],[18.46856,-33.9292],[18.46864,-33.92929],[18.46874,-33.92943],[18.4688,-33.9295],[18.46887,-33.92961],[18.46894,-33.92972],[18.46899,-33.92981],[18.46905,-33.92993],[18.4691,-33.93003],[18.46915,-33.93015],[18.4692,-33.93028],[18.46925,-33.93042],[18.46937,-33.93084],[18.46968,-33.93183],[18.46987,-33.93246],[18.47006,-33.93309],[18.47027,-33.93376],[18.47042,-33.93426],[18.47068,-33.93511],[18.47087,-33.93573],[18.47099,-33.93614],[18.47107,-33.9364],[18.47114,-33.93664],[18.47119,-33.93682],[18.4712,-33.93684],[18.47129,-33.93717],[18.47141,-33.93759],[18.4718,-33.9389]]}},{"type":"Feature","properties":{"id":"way/65780432","name":"Unnamed","network":"PRASA"},"geometry":{"type":"LineString","coordinates":[[18.47357,-33.94473],[18.47364,-33.94492],[18.47368,-33.94501],[18.47371,-33.94511],[18.47378,-33.9453],[18.47379,-33.94535],[18.47386,-33.94555],[18.47391,-33.9457],[18.47394,-33.94581],[18.47396,-33.94589],[18.47398,-33.94602],[18.47401,-33.94624],[18.47403,-33.94645],[18.47405,-33.94664],[18.47408,-33.94694],[18.47409,-33.94721],[18.47409,-33.9473],[18.47409,-33.9474],[18.47409,-33.94751],[18.47407,-33.94763],[18.47406,-33.94773],[18.47402,-33.94789],[18.47399,-33.94802],[18.47395,-33.9482],[18.47392,-33.94841]]}},{"type":"Feature","properties":{"id":"way/65780439","name":"Unnamed","network":"PRASA"},"geometry":{"type":"LineString","coordinates":[[18.47336,-33.9442],[18.4733,-33.9439],[18.47324,-33.94362]]}},{"type":"Feature","properties":{"id":"way/65780457","name":"Unnamed","network":"PRASA"},"geometry":{"type":"LineString","coordinates":[[18.47319,-33.94363],[18.4733,-33.9439],[18.47341,-33.94419]]}},{"type":"Feature","properties":{"id":"way/66039549","name":"Unnamed","network":"PRASA"},"geometry":{"type":"LineString","coordinates":[[18.46707,-33.97615],[18.46707,-33.976],[18.46702,-33.9756],[18.46701,-33.9754],[18.46701,-33.97468],[18.46703,-33.97451],[18.46706,-33.97434]]}},{"type":"Feature","properties":{"id":"way/66039557","name":"Unnamed","network":"PRASA"},"geometry":{"type":"LineString","coordinates":[[18.46707,-33.976],[18.46707,-33.97586],[18.46706,-33.97546],[18.46705,-33.97509],[18.46706,-33.9748],[18.46705,-33.9745],[18.46706,-33.97434],[18.46706,-33.97418],[18.46707,-33.97399],[18.46714,-33.97379],[18.4672,-33.97371],[18.46726,-33.97363],[18.46732,-33.97357],[18.4674,-33.9735],[18.46745,-33.97343],[18.46749,-33.97337],[18.46754,-33.97326],[18.46756,-33.97319],[18.46758,-33.97311],[18.46758,-33.97304],[18.46758,-33.97296],[18.46757,-33.97288],[18.46754,-33.9728],[18.46749,-33.97269],[18.46744,-33.97261],[18.46731,-33.97239]]}},{"type":"Feature","properties":{"id":"way/66039563","name":"Unnamed","network":"PRASA"},"geometry":{"type":"LineString","coordinates":[[18.46702,-33.97653],[18.46707,-33.97632],[18.46712,-33.97612]]}},{"type":"Feature","properties":{"id":"way/66039578","name":"Unnamed","network":"PRASA"},"geometry":{"type":"LineString","coordinates":[[18.46688,-33.9801],[18.46689,-33.97988],[18.46692,-33.9793],[18.46693,-33.97882],[18.46694,-33.97866],[18.46695,-33.97821],[18.46698,-33.97735],[18.46699,-33.97695],[18.467,-33.97678],[18.46701,-33.97665],[18.46702,-33.97653]]}},{"type":"Feature","properties":{"id":"way/66039579","name":"Unnamed","network":"PRASA"},"geometry":{"type":"LineString","coordinates":[[18.46764,-33.97415],[18.46768,-33.97397],[18.4677,-33.97388],[18.46772,-33.97378],[18.46778,-33.97359]]}},{"type":"Feature","properties":{"id":"way/66039591","name":"Unnamed","network":"PRASA"},"geometry":{"type":"LineString","coordinates":[[18.47171,-33.96646],[18.47178,-33.96619],[18.4718,-33.96611],[18.47185,-33.9659]]}},{"type":"Feature","properties":{"id":"way/66039594","name":"Unnamed","network":"PRASA"},"geometry":{"type":"LineString","coordinates":[[18.4719,-33.9657],[18.47196,-33.96549],[18.47202,-33.96534],[18.47203,-33.96529],[18.47207,-33.96512]]}},{"type":"Feature","properties":{"id":"way/67465222","name":"Unnamed","network":"PRASA"},"geometry":{"type":"LineString","coordinates":[[18.4764,-33.92608],[18.47705,-33.92601]]}},{"type":"Feature","properties":{"id":"way/67465223","name":"Northern Line","network":"PRASA"},"geometry":{"type":"LineString","coordinates":[[18.477,-33.92587],[18.47739,-33.92582],[18.47908,-33.92561]]}},{"type":"Feature","properties":{"id":"way/67465230","name":"Unnamed","network":"PRASA"},"geometry":{"type":"LineString","coordinates":[[18.47705,-33.92601],[18.47744,-33.92596],[18.47854,-33.92583]]}},{"type":"Feature","properties":{"id":"way/67465237","name":"Unnamed","network":"PRASA"},"geometry":{"type":"LineString","coordinates":[[18.47706,-33.92605],[18.47746,-33.926],[18.47897,-33.92581]]}},{"type":"Feature","properties":{"id":"way/67465242","name":"Central Line","network":"PRASA"},"geometry":{"type":"LineString","coordinates":[[18.47701,-33.92592],[18.4774,-33.92586],[18.48004,-33.92553]]}},{"type":"Feature","properties":{"id":"way/67470877","name":"Unnamed","network":"PRASA"},"geometry":{"type":"LineString","coordinates":[[18.49414,-33.92367],[18.49501,-33.92389],[18.49523,-33.92395],[18.4953,-33.92397],[18.4954,-33.924],[18.49548,-33.92404],[18.49556,-33.92407],[18.49564,-33.92411],[18.49572,-33.92415],[18.4958,-33.9242],[18.49588,-33.92425],[18.49596,-33.92431],[18.49602,-33.92436],[18.4961,-33.92442],[18.49617,-33.92448],[18.49623,-33.92455],[18.4963,-33.92463],[18.49635,-33.92469],[18.49641,-33.92478],[18.49646,-33.92486],[18.4965,-33.92493],[18.49654,-33.92501],[18.49657,-33.92509],[18.49659,-33.92517],[18.49662,-33.92527],[18.49664,-33.92535],[18.49665,-33.92542],[18.49666,-33.9255],[18.49667,-33.92567],[18.49667,-33.92573],[18.49666,-33.9258],[18.49665,-33.92588]]}},{"type":"Feature","properties":{"id":"way/67470881","name":"Unnamed","network":"PRASA"},"geometry":{"type":"LineString","coordinates":[[18.48329,-33.92517],[18.48354,-33.92515],[18.48383,-33.92513],[18.48411,-33.92511]]}},{"type":"Feature","properties":{"id":"way/67470884","name":"Unnamed","network":"PRASA"},"geometry":{"type":"LineString","coordinates":[[18.49393,-33.9237],[18.49498,-33.92395],[18.4952,-33.92401],[18.4954,-33.92408],[18.49552,-33.92414],[18.49563,-33.92419],[18.49573,-33.92425],[18.49584,-33.92432],[18.49592,-33.92438],[18.496,-33.92445],[18.49607,-33.92451],[18.49616,-33.9246],[18.49622,-33.92468],[18.49627,-33.92474],[18.49632,-33.92482],[18.49636,-33.92489],[18.49641,-33.92497],[18.49643,-33.92503],[18.49647,-33.92511],[18.4965,-33.9252],[18.49652,-33.92528],[18.49654,-33.92537],[18.49655,-33.92544],[18.49656,-33.92552],[18.49656,-33.92559],[18.49656,-33.92566],[18.49656,-33.92578],[18.49655,-33.92586],[18.49653,-33.92594]]}},{"type":"Feature","properties":{"id":"way/67470888","name":"Unnamed","network":"PRASA"},"geometry":{"type":"LineString","coordinates":[[18.48356,-33.92519],[18.48385,-33.92517],[18.48408,-33.92516],[18.48448,-33.92513],[18.4849,-33.92512],[18.48571,-33.92506],[18.48589,-33.92504],[18.48704,-33.92489]]}},{"type":"Feature","properties":{"id":"way/67470889","name":"Central Line","network":"PRASA"},"geometry":{"type":"LineString","coordinates":[[18.49671,-33.9259],[18.49668,-33.92601],[18.49666,-33.92611],[18.4966,-33.92627],[18.49651,-33.92648],[18.49644,-33.92662],[18.49626,-33.92692],[18.49594,-33.92742],[18.4957,-33.92786],[18.4956,-33.92806],[18.49555,-33.92816],[18.49538,-33.92849],[18.4948,-33.92946],[18.49456,-33.92984]]}},{"type":"Feature","properties":{"id":"way/67470890","name":"Unnamed","network":"PRASA"},"geometry":{"type":"LineString","coordinates":[[18.49424,-33.92365],[18.49509,-33.92387],[18.49526,-33.92391],[18.49542,-33.92397],[18.49555,-33.92402],[18.49568,-33.92408],[18.49579,-33.92414],[18.49589,-33.9242],[18.49602,-33.92429],[18.49609,-33.92435],[18.49619,-33.92443],[18.49625,-33.9245],[18.49629,-33.92454],[18.49636,-33.92462],[18.49642,-33.9247],[18.49646,-33.92476],[18.4965,-33.92482],[18.49654,-33.92489],[18.49657,-33.92496],[18.4966,-33.92502],[18.49664,-33.92511],[18.49666,-33.92519],[18.49669,-33.92527],[18.49671,-33.92536],[18.49672,-33.92543],[18.49672,-33.92549],[18.49673,-33.92556],[18.49673,-33.92566],[18.49673,-33.92574],[18.49672,-33.92581],[18.49671,-33.9259]]}},{"type":"Feature","properties":{"id":"way/67470893","name":"Unnamed","network":"PRASA"},"geometry":{"type":"LineString","coordinates":[[18.48411,-33.92511],[18.4845,-33.92507]]}},{"type":"Feature","properties":{"id":"way/67470901","name":"Unnamed","network":"PRASA"},"geometry":{"type":"LineString","coordinates":[[18.49171,-33.92381],[18.49199,-33.92372],[18.49222,-33.92366]]}},{"type":"Feature","properties":{"id":"way/67470903","name":"Unnamed","network":"PRASA"},"geometry":{"type":"LineString","coordinates":[[18.4845,-33.92507],[18.48516,-33.92498]]}},{"type":"Feature","properties":{"id":"way/67470904","name":"Central Line","network":"PRASA"},"geometry":{"type":"LineString","coordinates":[[18.49665,-33.92588],[18.49662,-33.92601],[18.4966,-33.92608],[18.49657,-33.92617],[18.49653,-33.92628],[18.49645,-33.92646],[18.49637,-33.92662],[18.49617,-33.92694],[18.49588,-33.92741],[18.49562,-33.92785],[18.49547,-33.92812],[18.49527,-33.92844],[18.49468,-33.92941],[18.49445,-33.92979]]}},{"type":"Feature","properties":{"id":"way/67470911","name":"Unnamed","network":"PRASA"},"geometry":{"type":"LineString","coordinates":[[18.4845,-33.92507],[18.48483,-33.92505],[18.48502,-33.92503],[18.48519,-33.92502],[18.48553,-33.92497],[18.48569,-33.92495],[18.48844,-33.92461]]}},{"type":"Feature","properties":{"id":"way/67470914","name":"Unnamed","network":"PRASA"},"geometry":{"type":"LineString","coordinates":[[18.49088,-33.92406],[18.49117,-33.92398],[18.49145,-33.9239]]}},{"type":"Feature","properties":{"id":"way/67470915","name":"Unnamed","network":"PRASA"},"geometry":{"type":"LineString","coordinates":[[18.48329,-33.92517],[18.48356,-33.92512],[18.48381,-33.92508],[18.48404,-33.92505]]}},{"type":"Feature","properties":{"id":"way/67470916","name":"Unnamed","network":"PRASA"},"geometry":{"type":"LineString","coordinates":[[18.48404,-33.92505],[18.48428,-33.92503],[18.48443,-33.92502],[18.4847,-33.92501],[18.48516,-33.92498]]}},{"type":"Feature","properties":{"id":"way/67470917","name":"Unnamed","network":"PRASA"},"geometry":{"type":"LineString","coordinates":[[18.49226,-33.924],[18.49262,-33.92395],[18.49399,-33.92378],[18.49497,-33.92366],[18.49583,-33.92357],[18.49606,-33.92355],[18.49648,-33.92351],[18.49737,-33.92343],[18.49788,-33.92338],[18.49848,-33.92332],[18.4995,-33.92322],[18.50019,-33.92315],[18.50083,-33.92309],[18.50129,-33.92304],[18.50189,-33.92297],[18.50216,-33.92294],[18.50342,-33.92276]]}},{"type":"Feature","properties":{"id":"way/67470919","name":"Unnamed","network":"PRASA"},"geometry":{"type":"LineString","coordinates":[[18.49659,-33.92594],[18.49658,-33.926],[18.49656,-33.92608],[18.49649,-33.92627],[18.49642,-33.92644],[18.49634,-33.92657],[18.49614,-33.92692],[18.49584,-33.9274],[18.49558,-33.92784],[18.49542,-33.92811],[18.49524,-33.92842],[18.49464,-33.92939],[18.49403,-33.93039],[18.49376,-33.93084]]}},{"type":"Feature","properties":{"id":"way/67470925","name":"Unnamed","network":"PRASA"},"geometry":{"type":"LineString","coordinates":[[18.49404,-33.92368],[18.49502,-33.92392],[18.49522,-33.92398],[18.49538,-33.92404],[18.49552,-33.92409],[18.49561,-33.92414],[18.4957,-33.92419],[18.49577,-33.92423],[18.49585,-33.92428],[18.49592,-33.92433],[18.49599,-33.92438],[18.49607,-33.92444],[18.49614,-33.92452],[18.4962,-33.92457],[18.49626,-33.92464],[18.49631,-33.92471],[18.49637,-33.92479],[18.49641,-33.92487],[18.49646,-33.92494],[18.49649,-33.92502],[18.49652,-33.9251],[18.49655,-33.92517],[18.49658,-33.92526],[18.4966,-33.92534],[18.49661,-33.92543],[18.49662,-33.92551],[18.49662,-33.9256],[18.49662,-33.92567],[18.49662,-33.92575],[18.49661,-33.92583],[18.49659,-33.92594]]}},{"type":"Feature","properties":{"id":"way/67470926","name":"Unnamed","network":"PRASA"},"geometry":{"type":"LineString","coordinates":[[18.4918,-33.92401],[18.49226,-33.924]]}},{"type":"Feature","properties":{"id":"way/67470931","name":"Unnamed","network":"PRASA"},"geometry":{"type":"LineString","coordinates":[[18.4917,-33.92385],[18.49194,-33.92378],[18.49216,-33.92371]]}},{"type":"Feature","properties":{"id":"way/67470932","name":"Unnamed","network":"PRASA"},"geometry":{"type":"LineString","coordinates":[[18.4918,-33.92401],[18.49397,-33.92375],[18.49497,-33.92363],[18.49607,-33.92352],[18.49674,-33.92345],[18.49717,-33.92341],[18.49742,-33.92339],[18.49764,-33.92336],[18.49855,-33.92327],[18.4993,-33.9232],[18.49966,-33.92316],[18.50014,-33.9231],[18.50073,-33.92302],[18.50154,-33.9229],[18.5021,-33.92282],[18.50327,-33.92265]]}},{"type":"Feature","properties":{"id":"way/67470933","name":"Central Line","network":"PRASA"},"geometry":{"type":"LineString","coordinates":[[18.49653,-33.92594],[18.49652,-33.92599],[18.4965,-33.92605],[18.49647,-33.92614],[18.49644,-33.92623],[18.49634,-33.92642],[18.49575,-33.9274],[18.49555,-33.92771],[18.49533,-33.92806],[18.49516,-33.92834],[18.49492,-33.92872]]}},{"type":"Feature","properties":{"id":"way/67475326","name":"Unnamed","network":"PRASA"},"geometry":{"type":"LineString","coordinates":[[18.49216,-33.92371],[18.49234,-33.92367],[18.49266,-33.9236],[18.49277,-33.92358],[18.49291,-33.92357],[18.49305,-33.92355],[18.49318,-33.92354],[18.4934,-33.92354],[18.49353,-33.92356],[18.49366,-33.92357],[18.49383,-33.9236],[18.49401,-33.92363],[18.49414,-33.92367]]}},{"type":"Feature","properties":{"id":"way/67475327","name":"Unnamed","network":"PRASA"},"geometry":{"type":"LineString","coordinates":[[18.4917,-33.92385],[18.49237,-33.9237],[18.49267,-33.92364],[18.49283,-33.92361],[18.49306,-33.92358],[18.49318,-33.92358],[18.4933,-33.92358],[18.49342,-33.92358],[18.49359,-33.9236],[18.49381,-33.92363],[18.49393,-33.92366],[18.49404,-33.92368]]}},{"type":"Feature","properties":{"id":"way/67502733","name":"Unnamed","network":"PRASA"},"geometry":{"type":"LineString","coordinates":[[18.50165,-33.94965],[18.50199,-33.94956]]}},{"type":"Feature","properties":{"id":"way/67502738","name":"Unnamed","network":"PRASA"},"geometry":{"type":"LineString","coordinates":[[18.4943,-33.947],[18.49467,-33.94728]]}},{"type":"Feature","properties":{"id":"way/67502740","name":"Unnamed","network":"PRASA"},"geometry":{"type":"LineString","coordinates":[[18.49392,-33.94685],[18.49439,-33.9471]]}},{"type":"Feature","properties":{"id":"way/67502741","name":"Unnamed","network":"PRASA"},"geometry":{"type":"LineString","coordinates":[[18.49526,-33.94766],[18.4956,-33.94792]]}},{"type":"Feature","properties":{"id":"way/67502742","name":"Unnamed","network":"PRASA"},"geometry":{"type":"LineString","coordinates":[[18.50199,-33.94956],[18.50296,-33.94928],[18.50477,-33.94877],[18.50689,-33.94817],[18.5087,-33.94766],[18.50897,-33.94759],[18.51,-33.9473],[18.51026,-33.94722],[18.51055,-33.94712],[18.51072,-33.94706],[18.51087,-33.947],[18.51117,-33.94687],[18.51134,-33.94679],[18.5115,-33.94671],[18.51165,-33.94663],[18.5118,-33.94654],[18.51195,-33.94645],[18.51204,-33.94639],[18.51229,-33.94622],[18.51937,-33.9413]]}},{"type":"Feature","properties":{"id":"way/67502743","name":"Unnamed","network":"PRASA"},"geometry":{"type":"LineString","coordinates":[[18.49566,-33.94787],[18.49589,-33.94799],[18.49608,-33.94808]]}},{"type":"Feature","properties":{"id":"way/67502745","name":"Unnamed","network":"PRASA"},"geometry":{"type":"LineString","coordinates":[[18.50166,-33.94968],[18.502,-33.94959]]}},{"type":"Feature","properties":{"id":"way/67502746","name":"Unnamed","network":"PRASA"},"geometry":{"type":"LineString","coordinates":[[18.49372,-33.94656],[18.49404,-33.94683]]}},{"type":"Feature","properties":{"id":"way/67502747","name":"Unnamed","network":"PRASA"},"geometry":{"type":"LineString","coordinates":[[18.49485,-33.9474],[18.49511,-33.94754],[18.49532,-33.94765]]}},{"type":"Feature","properties":{"id":"way/67502749","name":"Unnamed","network":"PRASA"},"geometry":{"type":"LineString","coordinates":[[18.502,-33.94959],[18.50295,-33.94932],[18.50429,-33.94894],[18.50691,-33.94821],[18.50871,-33.9477],[18.51028,-33.94726],[18.51048,-33.94719],[18.51062,-33.94714],[18.51079,-33.94708],[18.51093,-33.94702],[18.51111,-33.94694],[18.51121,-33.9469],[18.5114,-33.94681],[18.51157,-33.94672],[18.51182,-33.94657],[18.51199,-33.94647],[18.51221,-33.94632],[18.52274,-33.93901],[18.52334,-33.9386],[18.52348,-33.93851],[18.52358,-33.93845],[18.52372,-33.93837],[18.52381,-33.93832],[18.52393,-33.93826],[18.52405,-33.9382],[18.52417,-33.93815],[18.52428,-33.93812],[18.52439,-33.93808],[18.52451,-33.93805],[18.52464,-33.93802],[18.52479,-33.93798],[18.52493,-33.93796],[18.5251,-33.93794],[18.52521,-33.93793],[18.52539,-33.93792],[18.52556,-33.93792],[18.52575,-33.93793],[18.52593,-33.93794],[18.52607,-33.93796],[18.52621,-33.93799],[18.52632,-33.93801],[18.52649,-33.93805],[18.52664,-33.93809],[18.52682,-33.93814],[18.52705,-33.93822],[18.52728,-33.93829],[18.52774,-33.93844],[18.5279,-33.9385],[18.52839,-33.93866]]}},{"type":"Feature","properties":{"id":"way/67504274","name":"Unnamed","network":"PRASA"},"geometry":{"type":"LineString","coordinates":[[18.50106,-33.95144],[18.50147,-33.95177],[18.50167,-33.95193],[18.50177,-33.95203],[18.50184,-33.9521],[18.50191,-33.95217],[18.50202,-33.95227],[18.5021,-33.95238],[18.50218,-33.95249],[18.50224,-33.95258],[18.50231,-33.95268],[18.50237,-33.9528],[18.50242,-33.95288],[18.50247,-33.95298],[18.5025,-33.95305],[18.50257,-33.95318],[18.50261,-33.95329],[18.50266,-33.95341],[18.5027,-33.95355],[18.50274,-33.95367],[18.50277,-33.9538],[18.5028,-33.95391],[18.50282,-33.95403],[18.50284,-33.95415],[18.50285,-33.95421],[18.50286,-33.95432],[18.50287,-33.95452],[18.50288,-33.95465],[18.50288,-33.95474],[18.50287,-33.95491],[18.50286,-33.95502],[18.50285,-33.95513],[18.50283,-33.95526],[18.50281,-33.95536],[18.50277,-33.95553],[18.50272,-33.95574],[18.50263,-33.95613],[18.50248,-33.95675],[18.50218,-33.95799],[18.50207,-33.95843],[18.50197,-33.9589],[18.50193,-33.95912],[18.50188,-33.95927],[18.50185,-33.95947],[18.50183,-33.95964],[18.50182,-33.95981],[18.50181,-33.96005],[18.5018,-33.96037],[18.50179,-33.96083],[18.50178,-33.96129],[18.50176,-33.96202],[18.50173,-33.96316],[18.5017,-33.96413]]}},{"type":"Feature","properties":{"id":"way/67504275","name":"Unnamed","network":"PRASA"},"geometry":{"type":"LineString","coordinates":[[18.50046,-33.95105],[18.50073,-33.95126],[18.50099,-33.95148]]}},{"type":"Feature","properties":{"id":"way/67504277","name":"Unnamed","network":"PRASA"},"geometry":{"type":"LineString","coordinates":[[18.50429,-33.94894],[18.50448,-33.94888],[18.50455,-33.94885],[18.50477,-33.94877]]}},{"type":"Feature","properties":{"id":"way/67504284","name":"Unnamed","network":"PRASA"},"geometry":{"type":"LineString","coordinates":[[18.50099,-33.95148],[18.50124,-33.95171],[18.50148,-33.95193],[18.5016,-33.95203],[18.5017,-33.95213],[18.5018,-33.95223],[18.50188,-33.95232],[18.50193,-33.95237],[18.50197,-33.95242],[18.50203,-33.95251],[18.5021,-33.9526],[18.50218,-33.95273],[18.50222,-33.9528],[18.50227,-33.95289],[18.50236,-33.95309],[18.50242,-33.95324],[18.50248,-33.95339],[18.50252,-33.9535],[18.50257,-33.95365],[18.5026,-33.95378],[18.50264,-33.95392],[18.50266,-33.95403],[18.50269,-33.95419],[18.50271,-33.95432],[18.50273,-33.95447],[18.50274,-33.95461],[18.50275,-33.95472],[18.50275,-33.95486],[18.50275,-33.95499],[18.50275,-33.95513],[18.50273,-33.95527],[18.50272,-33.95541],[18.5027,-33.95556],[18.50267,-33.95573],[18.50243,-33.95676],[18.50214,-33.95798],[18.50203,-33.95843],[18.50193,-33.95888],[18.50188,-33.95911],[18.50184,-33.95927],[18.50181,-33.95946],[18.50179,-33.95965],[18.50178,-33.95981],[18.50177,-33.96005],[18.50176,-33.96027]]}},{"type":"Feature","properties":{"id":"way/67504286","name":"Unnamed","network":"PRASA"},"geometry":{"type":"LineString","coordinates":[[18.50052,-33.95102],[18.50079,-33.95123],[18.50106,-33.95144]]}},{"type":"Feature","properties":{"id":"way/67505091","name":"Unnamed","network":"PRASA"},"geometry":{"type":"LineString","coordinates":[[18.46741,-33.98264],[18.46763,-33.98306]]}},{"type":"Feature","properties":{"id":"way/67505092","name":"Unnamed","network":"PRASA"},"geometry":{"type":"LineString","coordinates":[[18.46703,-33.9782],[18.46702,-33.97838],[18.46699,-33.97855],[18.46697,-33.97878]]}},{"type":"Feature","properties":{"id":"way/67505095","name":"Unnamed","network":"PRASA"},"geometry":{"type":"LineString","coordinates":[[18.46696,-33.97899],[18.46699,-33.97952]]}},{"type":"Feature","properties":{"id":"way/67505403","name":"Unnamed","network":"PRASA"},"geometry":{"type":"LineString","coordinates":[[18.46979,-33.98626],[18.46998,-33.98653],[18.47013,-33.98676]]}},{"type":"Feature","properties":{"id":"way/67505404","name":"Unnamed","network":"PRASA"},"geometry":{"type":"LineString","coordinates":[[18.46975,-33.98628],[18.46998,-33.98653],[18.47017,-33.98674]]}},{"type":"Feature","properties":{"id":"way/67510785","name":"Unnamed","network":"PRASA"},"geometry":{"type":"LineString","coordinates":[[18.47233,-34.00297],[18.47217,-34.00333],[18.47207,-34.00352]]}},{"type":"Feature","properties":{"id":"way/67510813","name":"Unnamed","network":"PRASA"},"geometry":{"type":"LineString","coordinates":[[18.47171,-34.00424],[18.47163,-34.00447],[18.4716,-34.00456],[18.47156,-34.00466],[18.47149,-34.0048],[18.47139,-34.00496],[18.47127,-34.00513],[18.47116,-34.00531],[18.4711,-34.00541],[18.47101,-34.00553],[18.47091,-34.00568],[18.47083,-34.00583],[18.47078,-34.00591],[18.47074,-34.006],[18.47072,-34.00605],[18.47067,-34.00616],[18.47062,-34.00632]]}},{"type":"Feature","properties":{"id":"way/67514684","name":"Unnamed","network":"PRASA"},"geometry":{"type":"LineString","coordinates":[[18.47034,-34.00757],[18.47047,-34.007]]}},{"type":"Feature","properties":{"id":"way/67515133","name":"Unnamed","network":"PRASA"},"geometry":{"type":"LineString","coordinates":[[18.47029,-34.01959],[18.47024,-34.01997]]}},{"type":"Feature","properties":{"id":"way/67518149","name":"Unnamed","network":"PRASA"},"geometry":{"type":"LineString","coordinates":[[18.46927,-34.02428],[18.46925,-34.02441],[18.46924,-34.02448],[18.46922,-34.02457],[18.4692,-34.02471]]}},{"type":"Feature","properties":{"id":"way/67550499","name":"Unnamed","network":"PRASA"},"geometry":{"type":"LineString","coordinates":[[18.46305,-34.05771],[18.46306,-34.05761],[18.46307,-34.05754],[18.46307,-34.05733],[18.46305,-34.05699],[18.46304,-34.05668],[18.46304,-34.05655],[18.46305,-34.05645],[18.46306,-34.05626],[18.46308,-34.05604],[18.46311,-34.05583],[18.46315,-34.05566],[18.46318,-34.05547],[18.46322,-34.05529]]}},{"type":"Feature","properties":{"id":"way/67550509","name":"Unnamed","network":"PRASA"},"geometry":{"type":"LineString","coordinates":[[18.46319,-34.0631],[18.46318,-34.06333],[18.46317,-34.06356]]}},{"type":"Feature","properties":{"id":"way/67550515","name":"Unnamed","network":"PRASA"},"geometry":{"type":"LineString","coordinates":[[18.46286,-34.05728],[18.4629,-34.05755],[18.46292,-34.05774]]}},{"type":"Feature","properties":{"id":"way/67550519","name":"Unnamed","network":"PRASA"},"geometry":{"type":"LineString","coordinates":[[18.46315,-34.0621],[18.46311,-34.06191],[18.46308,-34.06173]]}},{"type":"Feature","properties":{"id":"way/67558220","name":"Unnamed","network":"PRASA"},"geometry":{"type":"LineString","coordinates":[[18.46369,-34.07414],[18.46371,-34.07433],[18.46373,-34.07444],[18.46377,-34.07471]]}},{"type":"Feature","properties":{"id":"way/67561083","name":"Unnamed","network":"PRASA"},"geometry":{"type":"LineString","coordinates":[[18.44623,-34.13251],[18.44611,-34.13252],[18.44602,-34.13253],[18.44586,-34.13254],[18.44564,-34.13255],[18.44516,-34.13257]]}},{"type":"Feature","properties":{"id":"way/67561086","name":"Unnamed","network":"PRASA"},"geometry":{"type":"LineString","coordinates":[[18.43452,-34.13448],[18.43432,-34.13465],[18.43399,-34.13494]]}},{"type":"Feature","properties":{"id":"way/67561089","name":"Unnamed","network":"PRASA"},"geometry":{"type":"LineString","coordinates":[[18.46729,-34.11058],[18.46719,-34.11071],[18.4671,-34.11084],[18.46694,-34.11119],[18.46688,-34.11133],[18.46682,-34.11145],[18.46672,-34.1117],[18.4665,-34.11218],[18.46626,-34.11278]]}},{"type":"Feature","properties":{"id":"way/67561091","name":"Unnamed","network":"PRASA"},"geometry":{"type":"LineString","coordinates":[[18.44517,-34.13253],[18.44588,-34.1325],[18.44614,-34.13249]]}},{"type":"Feature","properties":{"id":"way/67561104","name":"Unnamed","network":"PRASA"},"geometry":{"type":"LineString","coordinates":[[18.46755,-34.11014],[18.46744,-34.11038]]}},{"type":"Feature","properties":{"id":"way/67561117","name":"Unnamed","network":"PRASA"},"geometry":{"type":"LineString","coordinates":[[18.46694,-34.11119],[18.46688,-34.1113],[18.46678,-34.11145],[18.4666,-34.11186],[18.46629,-34.11258]]}},{"type":"Feature","properties":{"id":"way/67561126","name":"Unnamed","network":"PRASA"},"geometry":{"type":"LineString","coordinates":[[18.44516,-34.13257],[18.44505,-34.13257],[18.44491,-34.13258],[18.44467,-34.13259],[18.44448,-34.13259],[18.44422,-34.13259],[18.44405,-34.13258],[18.44379,-34.13256],[18.44355,-34.13254],[18.44319,-34.1325],[18.44265,-34.13245],[18.44236,-34.13242],[18.44202,-34.13238],[18.44188,-34.13236],[18.44174,-34.13234],[18.4416,-34.13231],[18.44137,-34.13226],[18.44116,-34.13221],[18.44086,-34.13213],[18.44047,-34.13203],[18.44023,-34.13197],[18.44012,-34.13195],[18.43998,-34.13192],[18.43986,-34.1319],[18.43973,-34.13188],[18.43962,-34.13187],[18.43951,-34.13187],[18.4394,-34.13187],[18.43931,-34.13188],[18.43915,-34.13189],[18.43892,-34.13193],[18.43884,-34.13195],[18.43871,-34.13199],[18.43854,-34.13205],[18.4384,-34.13212],[18.43827,-34.13218],[18.43812,-34.13228],[18.43795,-34.13239]]}},{"type":"Feature","properties":{"id":"way/67561131","name":"Unnamed","network":"PRASA"},"geometry":{"type":"LineString","coordinates":[[18.46863,-34.10846],[18.46841,-34.10872]]}},{"type":"Feature","properties":{"id":"way/67561134","name":"Unnamed","network":"PRASA"},"geometry":{"type":"LineString","coordinates":[[18.4666,-34.11186],[18.4665,-34.11218]]}},{"type":"Feature","properties":{"id":"way/67561135","name":"Unnamed","network":"PRASA"},"geometry":{"type":"LineString","coordinates":[[18.44614,-34.13249],[18.44633,-34.13247],[18.4465,-34.13244],[18.44667,-34.13238],[18.44684,-34.13231],[18.44701,-34.13224],[18.44713,-34.13216],[18.44725,-34.13207],[18.44736,-34.13198],[18.44747,-34.13186],[18.44754,-34.13178],[18.44761,-34.1317],[18.4481,-34.13098],[18.44818,-34.13085],[18.44823,-34.13076],[18.44824,-34.13072],[18.44828,-34.13063],[18.4483,-34.13056],[18.44832,-34.13048],[18.44833,-34.13039],[18.44834,-34.13031],[18.44834,-34.13021],[18.44834,-34.13011],[18.44833,-34.13003],[18.44831,-34.12994],[18.44828,-34.12983],[18.44826,-34.12976],[18.44815,-34.12941],[18.4481,-34.12924],[18.44807,-34.12908],[18.44805,-34.12894],[18.44805,-34.12884]]}},{"type":"Feature","properties":{"id":"way/67561137","name":"Unnamed","network":"PRASA"},"geometry":{"type":"LineString","coordinates":[[18.43524,-34.13403],[18.43584,-34.1337]]}},{"type":"Feature","properties":{"id":"way/67561145","name":"Unnamed","network":"PRASA"},"geometry":{"type":"LineString","coordinates":[[18.43354,-34.13547],[18.43345,-34.13562],[18.43342,-34.13568],[18.43333,-34.13586],[18.43325,-34.13602],[18.4331,-34.13636],[18.43297,-34.13666],[18.43276,-34.13713],[18.43249,-34.13772],[18.43237,-34.13799],[18.43232,-34.13808],[18.43225,-34.13818],[18.43219,-34.13827],[18.43207,-34.13842]]}},{"type":"Feature","properties":{"id":"way/67563793","name":"Unnamed","network":"PRASA"},"geometry":{"type":"LineString","coordinates":[[18.42509,-34.18467],[18.42513,-34.18483],[18.42516,-34.18492],[18.42524,-34.18516],[18.42529,-34.18535],[18.42533,-34.18551],[18.42549,-34.18623],[18.42562,-34.18682],[18.42564,-34.18693],[18.42564,-34.18698],[18.42564,-34.18704],[18.42563,-34.18723],[18.42563,-34.18737],[18.42563,-34.18741],[18.42564,-34.18751]]}},{"type":"Feature","properties":{"id":"way/67563796","name":"Unnamed","network":"PRASA"},"geometry":{"type":"LineString","coordinates":[[18.42516,-34.18492],[18.42525,-34.18512],[18.42529,-34.18519],[18.42532,-34.18532],[18.42537,-34.1855],[18.42545,-34.18585],[18.42554,-34.18628],[18.42561,-34.18659]]}},{"type":"Feature","properties":{"id":"way/67563797","name":"Unnamed","network":"PRASA"},"geometry":{"type":"LineString","coordinates":[[18.42504,-34.18428],[18.42504,-34.18449],[18.42505,-34.18468]]}},{"type":"Feature","properties":{"id":"way/67563802","name":"Unnamed","network":"PRASA"},"geometry":{"type":"LineString","coordinates":[[18.42506,-34.1839],[18.42503,-34.18405],[18.42502,-34.18415],[18.425,-34.18424],[18.425,-34.18432],[18.425,-34.18448],[18.42501,-34.18469],[18.42501,-34.18481],[18.42502,-34.18491],[18.42504,-34.18503],[18.42506,-34.18512],[18.42515,-34.18553],[18.42517,-34.18562],[18.42519,-34.18572],[18.42523,-34.18583],[18.42526,-34.1859],[18.42531,-34.18607]]}},{"type":"Feature","properties":{"id":"way/67563805","name":"Unnamed","network":"PRASA"},"geometry":{"type":"LineString","coordinates":[[18.42505,-34.18468],[18.42507,-34.18484],[18.42509,-34.185],[18.42511,-34.18516],[18.42515,-34.18532],[18.42519,-34.18553],[18.42531,-34.18607],[18.42548,-34.18679],[18.42564,-34.18751],[18.42569,-34.18774]]}},{"type":"Feature","properties":{"id":"way/68286889","name":"Unnamed","network":"PRASA"},"geometry":{"type":"LineString","coordinates":[[18.49992,-34.00428],[18.50005,-34.00408],[18.50017,-34.0039]]}},{"type":"Feature","properties":{"id":"way/68286894","name":"Unnamed","network":"PRASA"},"geometry":{"type":"LineString","coordinates":[[18.49985,-34.00508],[18.49995,-34.00492],[18.50005,-34.00473],[18.50065,-34.00356],[18.50087,-34.00314],[18.50108,-34.00274]]}},{"type":"Feature","properties":{"id":"way/68286899","name":"Unnamed","network":"PRASA"},"geometry":{"type":"LineString","coordinates":[[18.49668,-34.01056],[18.49682,-34.01034],[18.49693,-34.01016]]}},{"type":"Feature","properties":{"id":"way/68286901","name":"Unnamed","network":"PRASA"},"geometry":{"type":"LineString","coordinates":[[18.50004,-34.00426],[18.49985,-34.00477],[18.49922,-34.00598],[18.49906,-34.0063],[18.49866,-34.00708],[18.49824,-34.0079],[18.49775,-34.00884],[18.49758,-34.00909],[18.49748,-34.00925]]}},{"type":"Feature","properties":{"id":"way/68286902","name":"Unnamed","network":"PRASA"},"geometry":{"type":"LineString","coordinates":[[18.49974,-34.00524],[18.49985,-34.00508],[18.49997,-34.00492],[18.50017,-34.00466],[18.50034,-34.00445],[18.50043,-34.00432],[18.5005,-34.00422],[18.50054,-34.00417],[18.50075,-34.00372],[18.50079,-34.00364]]}},{"type":"Feature","properties":{"id":"way/68286904","name":"Unnamed","network":"PRASA"},"geometry":{"type":"LineString","coordinates":[[18.50058,-34.003],[18.50052,-34.00316],[18.50048,-34.00326],[18.5004,-34.00344]]}},{"type":"Feature","properties":{"id":"way/68286907","name":"Unnamed","network":"PRASA"},"geometry":{"type":"LineString","coordinates":[[18.49736,-34.00948],[18.49713,-34.00993],[18.49699,-34.0102],[18.49679,-34.01059],[18.49618,-34.01177]]}},{"type":"Feature","properties":{"id":"way/68286909","name":"Unnamed","network":"PRASA"},"geometry":{"type":"LineString","coordinates":[[18.49906,-34.0063],[18.49916,-34.00615],[18.49926,-34.006],[18.49945,-34.00572],[18.49959,-34.00552],[18.49965,-34.00542],[18.49974,-34.00524],[18.49985,-34.00502],[18.50063,-34.00352],[18.50084,-34.00311],[18.50104,-34.00272]]}},{"type":"Feature","properties":{"id":"way/68286915","name":"Unnamed","network":"PRASA"},"geometry":{"type":"LineString","coordinates":[[18.50031,-34.00362],[18.50023,-34.00382],[18.50013,-34.00409],[18.50004,-34.00426],[18.49979,-34.00475],[18.49901,-34.00627],[18.4986,-34.00706],[18.49818,-34.00789],[18.49771,-34.00879],[18.49756,-34.00908],[18.49748,-34.00925],[18.49736,-34.00948],[18.49722,-34.00969],[18.49714,-34.0098],[18.49706,-34.00994]]}},{"type":"Feature","properties":{"id":"way/68289985","name":"Unnamed","network":"PRASA"},"geometry":{"type":"LineString","coordinates":[[18.4886,-34.02631],[18.48854,-34.02642]]}},{"type":"Feature","properties":{"id":"way/68289989","name":"Unnamed","network":"PRASA"},"geometry":{"type":"LineString","coordinates":[[18.48852,-34.02637],[18.48797,-34.02743],[18.48748,-34.0284],[18.48698,-34.02936],[18.48676,-34.02979]]}},{"type":"Feature","properties":{"id":"way/68289997","name":"Unnamed","network":"PRASA"},"geometry":{"type":"LineString","coordinates":[[18.4886,-34.02623],[18.48852,-34.02637]]}},{"type":"Feature","properties":{"id":"way/68289998","name":"Unnamed","network":"PRASA"},"geometry":{"type":"LineString","coordinates":[[18.48854,-34.02642],[18.48831,-34.02688],[18.48801,-34.02745],[18.4868,-34.02979],[18.48665,-34.0301],[18.48654,-34.03029],[18.48647,-34.03041],[18.4864,-34.03052],[18.48633,-34.03061],[18.48626,-34.0307],[18.48614,-34.03083],[18.48607,-34.03091],[18.48598,-34.031],[18.48586,-34.0311],[18.48577,-34.03117],[18.48566,-34.03125],[18.48555,-34.03133],[18.48542,-34.03141],[18.4853,-34.03148],[18.48517,-34.03155],[18.48491,-34.03166],[18.48427,-34.03192],[18.48399,-34.03203],[18.48371,-34.03215],[18.48338,-34.03228],[18.48293,-34.03246],[18.48186,-34.03289],[18.48084,-34.03331]]}},{"type":"Feature","properties":{"id":"way/68294260","name":"Unnamed","network":"PRASA"},"geometry":{"type":"LineString","coordinates":[[18.48516,-33.92498],[18.48569,-33.92492],[18.48577,-33.92491]]}},{"type":"Feature","properties":{"id":"way/68294267","name":"Unnamed","network":"PRASA"},"geometry":{"type":"LineString","coordinates":[[18.4692,-34.038],[18.46935,-34.03794]]}},{"type":"Feature","properties":{"id":"way/68294270","name":"Unnamed","network":"PRASA"},"geometry":{"type":"LineString","coordinates":[[18.46917,-34.03806],[18.46899,-34.03813],[18.46866,-34.03826],[18.46841,-34.03836],[18.46827,-34.03842],[18.46807,-34.03852],[18.4679,-34.03861],[18.46776,-34.0387],[18.46763,-34.03878],[18.46753,-34.03886],[18.46742,-34.03894],[18.46737,-34.03899],[18.46729,-34.03906],[18.46719,-34.03916],[18.4671,-34.03926],[18.46702,-34.03935],[18.46694,-34.03946],[18.46686,-34.03957],[18.46681,-34.03967],[18.46674,-34.03977],[18.46671,-34.03985],[18.46668,-34.03992],[18.46662,-34.04005],[18.46658,-34.04016],[18.46655,-34.04029],[18.46653,-34.04035],[18.46651,-34.04041],[18.4665,-34.0405],[18.46648,-34.04059],[18.46646,-34.0407],[18.46643,-34.04094],[18.4664,-34.04113],[18.46637,-34.04133]]}},{"type":"Feature","properties":{"id":"way/68294281","name":"Unnamed","network":"PRASA"},"geometry":{"type":"LineString","coordinates":[[18.48404,-33.92505],[18.48427,-33.92502],[18.48438,-33.925],[18.48451,-33.92499],[18.48476,-33.92495],[18.48567,-33.92482],[18.48849,-33.92447]]}},{"type":"Feature","properties":{"id":"way/71070260","name":"Unnamed","network":"PRASA"},"geometry":{"type":"LineString","coordinates":[[18.71354,-33.47389],[18.71393,-33.47349],[18.71434,-33.47307],[18.71495,-33.47246],[18.71554,-33.47185],[18.71585,-33.47153],[18.71652,-33.47087],[18.7169,-33.47047],[18.71727,-33.47011],[18.7175,-33.4699],[18.71782,-33.46965],[18.71814,-33.46943],[18.71842,-33.46926],[18.71871,-33.4691],[18.71892,-33.46901],[18.71917,-33.46889],[18.71934,-33.46882]]}},{"type":"Feature","properties":{"id":"way/71071147","name":"Unnamed","network":"PRASA"},"geometry":{"type":"LineString","coordinates":[[18.96458,-33.76133],[18.96458,-33.76119],[18.96458,-33.76095],[18.96459,-33.76069],[18.96462,-33.76038],[18.96467,-33.76008],[18.96472,-33.75982],[18.96477,-33.75949],[18.96483,-33.75923],[18.96488,-33.75897],[18.96495,-33.7587],[18.96509,-33.75823],[18.9653,-33.75766],[18.96541,-33.75739],[18.96553,-33.75714],[18.9656,-33.757],[18.96567,-33.75687],[18.96581,-33.75658],[18.96598,-33.75629],[18.96612,-33.75606],[18.96627,-33.75583],[18.96643,-33.75559],[18.9667,-33.75524],[18.96692,-33.75497],[18.96714,-33.75471],[18.96735,-33.75448],[18.96746,-33.75437],[18.96757,-33.75426],[18.96767,-33.75415],[18.96779,-33.75404],[18.96803,-33.75383],[18.96844,-33.75348]]}},{"type":"Feature","properties":{"id":"way/71071148","name":"Unnamed","network":"PRASA"},"geometry":{"type":"LineString","coordinates":[[18.95254,-33.78509],[18.95314,-33.78459],[18.95374,-33.784],[18.9545,-33.78323],[18.95598,-33.78175],[18.95826,-33.77947],[18.95906,-33.77866],[18.95933,-33.7784],[18.95979,-33.77791],[18.96015,-33.77752],[18.96049,-33.77712],[18.96088,-33.77665],[18.96124,-33.77617],[18.96163,-33.77563],[18.962,-33.77509],[18.96259,-33.77422],[18.963,-33.77361],[18.96312,-33.7734],[18.96323,-33.77319],[18.96334,-33.77298],[18.96343,-33.77278],[18.96353,-33.77253],[18.96361,-33.77231],[18.9637,-33.77205],[18.96377,-33.77179]]}},{"type":"Feature","properties":{"id":"way/82329617","name":"Unnamed","network":"PRASA"},"geometry":{"type":"LineString","coordinates":[[18.46554,-34.04597],[18.46574,-34.04523],[18.46584,-34.04488],[18.46604,-34.04414],[18.46608,-34.044],[18.46616,-34.0437],[18.4662,-34.04354],[18.46624,-34.04333],[18.46628,-34.04313],[18.46629,-34.04305],[18.46631,-34.04285],[18.46632,-34.04274],[18.46632,-34.04262],[18.46632,-34.04252],[18.46633,-34.04233],[18.46632,-34.04133]]}},{"type":"Feature","properties":{"id":"way/82329620","name":"Unnamed","network":"PRASA"},"geometry":{"type":"LineString","coordinates":[[18.84694,-34.08956],[18.84778,-34.09216],[18.84787,-34.09244],[18.84792,-34.09257],[18.84797,-34.09269],[18.84803,-34.09281],[18.8481,-34.09294],[18.84818,-34.09307],[18.84823,-34.09314],[18.84836,-34.09332],[18.84846,-34.09343],[18.84857,-34.09354],[18.84867,-34.09363],[18.84888,-34.09381],[18.84901,-34.09389],[18.84917,-34.09399],[18.84935,-34.09408],[18.84948,-34.09415],[18.84976,-34.09426],[18.84995,-34.09434],[18.85016,-34.09441],[18.85056,-34.09456],[18.85098,-34.09471],[18.85117,-34.09477],[18.85138,-34.09482],[18.85167,-34.09488],[18.8519,-34.09491],[18.85219,-34.09494],[18.85239,-34.09495]]}},{"type":"Feature","properties":{"id":"way/82329622","name":"Unnamed","network":"PRASA"},"geometry":{"type":"LineString","coordinates":[[18.46286,-33.92714],[18.46317,-33.92717],[18.46352,-33.92722],[18.46467,-33.92742],[18.46487,-33.92745]]}},{"type":"Feature","properties":{"id":"way/83208305","name":"Unnamed","network":"PRASA"},"geometry":{"type":"LineString","coordinates":[[18.49799,-33.94935],[18.49822,-33.94947],[18.49837,-33.94954],[18.49855,-33.94961],[18.4987,-33.94967],[18.49884,-33.94972],[18.49905,-33.94978],[18.49923,-33.94982],[18.49945,-33.94986],[18.49967,-33.94989],[18.4999,-33.94991],[18.5001,-33.94992],[18.50027,-33.94992],[18.50045,-33.94991],[18.50067,-33.94989],[18.50085,-33.94987],[18.50106,-33.94983],[18.50125,-33.94979],[18.50166,-33.94968]]}},{"type":"Feature","properties":{"id":"way/83210008","name":"Unnamed","network":"PRASA"},"geometry":{"type":"LineString","coordinates":[[18.48865,-33.92453],[18.48921,-33.92443],[18.4897,-33.92432],[18.49002,-33.92425],[18.49037,-33.92417],[18.49075,-33.92409],[18.49088,-33.92406],[18.49237,-33.92373],[18.49267,-33.92367],[18.49285,-33.92365],[18.49305,-33.92362],[18.49315,-33.92361],[18.49326,-33.92361],[18.49338,-33.92362],[18.49352,-33.92363],[18.49364,-33.92364],[18.4938,-33.92367],[18.49393,-33.9237]]}},{"type":"Feature","properties":{"id":"way/137480818","name":"Unnamed","network":"PRASA"},"geometry":{"type":"LineString","coordinates":[[19.04786,-33.29768],[19.04802,-33.29759]]}},{"type":"Feature","properties":{"id":"way/137480822","name":"Unnamed","network":"PRASA"},"geometry":{"type":"LineString","coordinates":[[19.06205,-33.29849],[19.0627,-33.29943],[19.06303,-33.29988],[19.06322,-33.30012],[19.06339,-33.30027],[19.06359,-33.30046],[19.06398,-33.30077],[19.0646,-33.30123],[19.06567,-33.30202],[19.0664,-33.30256],[19.06697,-33.30299],[19.0676,-33.30346],[19.06783,-33.30363],[19.06802,-33.30381],[19.06821,-33.30399],[19.06838,-33.30418],[19.06853,-33.30436],[19.06869,-33.30458],[19.06883,-33.30483],[19.06896,-33.30505],[19.06909,-33.3053],[19.0692,-33.30553],[19.0693,-33.30578],[19.06943,-33.30615],[19.06952,-33.30653],[19.0696,-33.30694],[19.06972,-33.30749],[19.06977,-33.30772],[19.06984,-33.30793],[19.06996,-33.30824],[19.07005,-33.30844],[19.07015,-33.30863],[19.07034,-33.30896],[19.07055,-33.30925],[19.07081,-33.30958],[19.07115,-33.30997],[19.07142,-33.31028],[19.0719,-33.31083],[19.07216,-33.31113],[19.07284,-33.31194],[19.07301,-33.31215],[19.07319,-33.31242],[19.07332,-33.31264],[19.07343,-33.31285],[19.07356,-33.31313],[19.07381,-33.31375],[19.07396,-33.31404],[19.07409,-33.3143],[19.07426,-33.31453],[19.07449,-33.31484],[19.07475,-33.31513],[19.07504,-33.31541],[19.07533,-33.31566],[19.07573,-33.316],[19.07624,-33.31644],[19.07666,-33.31678],[19.07696,-33.31702],[19.07739,-33.31737],[19.07844,-33.31816],[19.07883,-33.31846],[19.07927,-33.31895],[19.07946,-33.31915],[19.07959,-33.31926],[19.07966,-33.31932],[19.07984,-33.31943],[19.08002,-33.31952],[19.08039,-33.31968],[19.08076,-33.31984],[19.08109,-33.31996],[19.08128,-33.32001],[19.08143,-33.32005],[19.08172,-33.32008],[19.08197,-33.32008],[19.08216,-33.32006],[19.08257,-33.31998],[19.08301,-33.31983],[19.08351,-33.31966],[19.08388,-33.31949],[19.08453,-33.31905],[19.085,-33.31872],[19.0855,-33.31843],[19.08578,-33.31827],[19.08599,-33.31816],[19.08614,-33.31809],[19.08626,-33.31804],[19.0864,-33.318],[19.08659,-33.31797],[19.08674,-33.31796],[19.08691,-33.31796],[19.08705,-33.31797],[19.0872,-33.31799],[19.08734,-33.31804],[19.08752,-33.31811],[19.08775,-33.31823],[19.08799,-33.31836],[19.08824,-33.31849],[19.08863,-33.31866],[19.08951,-33.31898],[19.08977,-33.31908],[19.09,-33.31915],[19.09013,-33.31918],[19.09029,-33.31922],[19.09048,-33.31924],[19.09074,-33.31922],[19.09094,-33.31919],[19.0913,-33.31916],[19.09144,-33.31915],[19.09157,-33.31915],[19.09168,-33.31916],[19.09179,-33.31917],[19.09191,-33.3192],[19.09201,-33.31923],[19.09217,-33.31928],[19.09233,-33.31934],[19.09251,-33.31941],[19.09276,-33.31953],[19.09289,-33.3196],[19.09357,-33.31999],[19.09399,-33.32015],[19.09435,-33.32024],[19.09454,-33.32028],[19.09509,-33.32036],[19.09551,-33.3204],[19.09624,-33.32049],[19.09714,-33.3206],[19.09799,-33.32068],[19.09975,-33.32089],[19.10067,-33.32099],[19.10099,-33.321],[19.1012,-33.32101],[19.10141,-33.32101],[19.10176,-33.321],[19.10203,-33.321],[19.1023,-33.32097],[19.10269,-33.32092],[19.1035,-33.3208],[19.10532,-33.32055],[19.10627,-33.32043],[19.10679,-33.32035],[19.10737,-33.32027],[19.10764,-33.32024],[19.10785,-33.32023],[19.10805,-33.32022],[19.10823,-33.32021],[19.10839,-33.32021],[19.10863,-33.32022],[19.10887,-33.32023],[19.1091,-33.32025],[19.10936,-33.32028],[19.10968,-33.32032],[19.11015,-33.3204],[19.11106,-33.32054],[19.11222,-33.32073],[19.11311,-33.32087],[19.1136,-33.32096],[19.11401,-33.32104],[19.11426,-33.32111],[19.11453,-33.3212],[19.11475,-33.32127],[19.11506,-33.32139],[19.11541,-33.32153],[19.11576,-33.32172],[19.11616,-33.32196],[19.11641,-33.32212],[19.11669,-33.32232],[19.11699,-33.32255],[19.11722,-33.32275],[19.11787,-33.32329],[19.11853,-33.32383]]}},{"type":"Feature","properties":{"id":"way/137485405","name":"Unnamed","network":"PRASA"},"geometry":{"type":"LineString","coordinates":[[18.42659,-33.92152],[18.43071,-33.92455],[18.43081,-33.92462],[18.4311,-33.92477]]}},{"type":"Feature","properties":{"id":"way/137485406","name":"Unnamed","network":"PRASA"},"geometry":{"type":"LineString","coordinates":[[18.42642,-33.92168],[18.42651,-33.92175],[18.42955,-33.92394],[18.43034,-33.9245],[18.43072,-33.92477]]}},{"type":"Feature","properties":{"id":"way/137486195","name":"Northern Line","network":"PRASA"},"geometry":{"type":"LineString","coordinates":[[18.48984,-33.91647],[18.4901,-33.91642],[18.49039,-33.91635],[18.49079,-33.91629],[18.4911,-33.91624],[18.49134,-33.91621],[18.49153,-33.91619],[18.49184,-33.91617],[18.49213,-33.91615],[18.49271,-33.91614],[18.49329,-33.91616],[18.49378,-33.91622],[18.49411,-33.91626],[18.49437,-33.9163],[18.49459,-33.91634],[18.49499,-33.91643],[18.49526,-33.9165],[18.49553,-33.91658],[18.49591,-33.9167],[18.49597,-33.91672],[18.49632,-33.91685],[18.49658,-33.91696],[18.49684,-33.91708],[18.49718,-33.91725],[18.49782,-33.91759],[18.49803,-33.9177],[18.49942,-33.91842],[18.49961,-33.91852],[18.49977,-33.91862],[18.5,-33.91875],[18.5002,-33.91888],[18.50038,-33.91901],[18.50053,-33.91912],[18.50072,-33.91926],[18.50088,-33.91939],[18.50111,-33.91958],[18.50134,-33.91979],[18.50175,-33.92018],[18.50182,-33.92025],[18.50201,-33.92043],[18.50214,-33.92055],[18.50237,-33.92076],[18.50249,-33.92087],[18.50264,-33.92101],[18.50271,-33.92109],[18.50282,-33.92119],[18.50295,-33.9213],[18.50309,-33.92141],[18.50314,-33.92145],[18.50322,-33.92151],[18.50334,-33.9216],[18.50345,-33.92166],[18.5036,-33.92175],[18.50373,-33.92182],[18.50388,-33.92189],[18.504,-33.92194],[18.50417,-33.922],[18.50428,-33.92204],[18.50435,-33.92207],[18.5045,-33.92211],[18.50468,-33.92216],[18.50482,-33.92219],[18.50497,-33.92221],[18.50515,-33.92224],[18.5053,-33.92225],[18.50545,-33.92226],[18.50562,-33.92226],[18.50579,-33.92226],[18.50611,-33.92224],[18.50634,-33.92222]]}},{"type":"Feature","properties":{"id":"way/137486196","name":"Unnamed","network":"PRASA"},"geometry":{"type":"LineString","coordinates":[[18.4959,-33.91673],[18.49553,-33.91662],[18.49524,-33.91654],[18.49497,-33.91646],[18.49457,-33.91637],[18.49427,-33.91632],[18.49397,-33.91628],[18.49376,-33.91625],[18.49342,-33.91621],[18.49321,-33.9162],[18.49309,-33.91619],[18.49292,-33.91618],[18.49269,-33.91618],[18.49243,-33.91618],[18.49214,-33.91618],[18.49196,-33.91619],[18.49177,-33.91621],[18.49155,-33.91623],[18.49139,-33.91624],[18.49111,-33.91628],[18.49097,-33.9163],[18.49074,-33.91633],[18.49038,-33.91639],[18.49019,-33.91642],[18.49001,-33.91645],[18.48984,-33.91647]]}},{"type":"Feature","properties":{"id":"way/137486199","name":"Unnamed","network":"PRASA"},"geometry":{"type":"LineString","coordinates":[[18.50342,-33.92276],[18.5039,-33.92269]]}},{"type":"Feature","properties":{"id":"way/137486202","name":"Unnamed","network":"PRASA"},"geometry":{"type":"LineString","coordinates":[[18.50344,-33.9228],[18.50391,-33.92273]]}},{"type":"Feature","properties":{"id":"way/137486206","name":"Northern Line","network":"PRASA"},"geometry":{"type":"LineString","coordinates":[[18.50391,-33.92273],[18.50448,-33.92265],[18.50645,-33.92238],[18.50692,-33.92231],[18.5075,-33.92223]]}},{"type":"Feature","properties":{"id":"way/137486213","name":"Unnamed","network":"PRASA"},"geometry":{"type":"LineString","coordinates":[[18.5039,-33.92269],[18.50448,-33.92262],[18.50566,-33.92245],[18.50648,-33.92234]]}},{"type":"Feature","properties":{"id":"way/137546097","name":"Central Line","network":"PRASA"},"geometry":{"type":"LineString","coordinates":[[18.47901,-33.91921],[18.47851,-33.91941]]}},{"type":"Feature","properties":{"id":"way/137546110","name":"Northern Line","network":"PRASA"},"geometry":{"type":"LineString","coordinates":[[18.47846,-33.91916],[18.4788,-33.91904],[18.47896,-33.919]]}},{"type":"Feature","properties":{"id":"way/137546115","name":"Unnamed","network":"PRASA"},"geometry":{"type":"LineString","coordinates":[[18.45693,-33.9221],[18.45718,-33.92208],[18.45741,-33.92206],[18.45761,-33.92204]]}},{"type":"Feature","properties":{"id":"way/137546116","name":"Central Line","network":"PRASA"},"geometry":{"type":"LineString","coordinates":[[18.47848,-33.9193],[18.47898,-33.91911]]}},{"type":"Feature","properties":{"id":"way/137546128","name":"Northern Line","network":"PRASA"},"geometry":{"type":"LineString","coordinates":[[18.47897,-33.91907],[18.47847,-33.91925]]}},{"type":"Feature","properties":{"id":"way/137546130","name":"Unnamed","network":"PRASA"},"geometry":{"type":"LineString","coordinates":[[18.47844,-33.91912],[18.47867,-33.91905],[18.47895,-33.91896]]}},{"type":"Feature","properties":{"id":"way/137554797","name":"Unnamed","network":"PRASA"},"geometry":{"type":"LineString","coordinates":[[18.48746,-33.91697],[18.488,-33.91688]]}},{"type":"Feature","properties":{"id":"way/137554802","name":"Northern Line","network":"PRASA"},"geometry":{"type":"LineString","coordinates":[[18.47896,-33.919],[18.47924,-33.91892],[18.47966,-33.91882],[18.47997,-33.91874],[18.48041,-33.91865],[18.48066,-33.91859],[18.48106,-33.9185],[18.48146,-33.91841],[18.48205,-33.91826],[18.48355,-33.9179],[18.48552,-33.91743],[18.48645,-33.91721],[18.48689,-33.9171],[18.48731,-33.91701],[18.48746,-33.91697]]}},{"type":"Feature","properties":{"id":"way/137554803","name":"Northern Line","network":"PRASA"},"geometry":{"type":"LineString","coordinates":[[18.47847,-33.91925],[18.4781,-33.91941],[18.47677,-33.91997]]}},{"type":"Feature","properties":{"id":"way/137554804","name":"Central Line","network":"PRASA"},"geometry":{"type":"LineString","coordinates":[[18.45693,-33.9221],[18.45772,-33.92209],[18.45817,-33.92208],[18.45861,-33.92207],[18.45902,-33.92207],[18.45925,-33.92208],[18.45942,-33.92209],[18.45961,-33.9221],[18.45979,-33.92212],[18.46015,-33.92216],[18.46037,-33.92219],[18.46093,-33.92224],[18.46309,-33.92254],[18.46345,-33.92258],[18.4639,-33.92262],[18.46431,-33.92265],[18.46475,-33.92267],[18.46501,-33.92267],[18.46523,-33.92267],[18.46542,-33.92265],[18.46577,-33.92262],[18.46618,-33.92257],[18.4669,-33.92248]]}},{"type":"Feature","properties":{"id":"way/137554812","name":"Central Line","network":"PRASA"},"geometry":{"type":"LineString","coordinates":[[18.47898,-33.91911],[18.47923,-33.91903],[18.47952,-33.91894],[18.47966,-33.91891],[18.47986,-33.91886],[18.48012,-33.9188],[18.4815,-33.91849],[18.48265,-33.91822],[18.48333,-33.91805],[18.48359,-33.918],[18.48459,-33.91775],[18.48649,-33.9173],[18.48692,-33.9172],[18.48754,-33.91705],[18.48804,-33.91693],[18.48863,-33.91679],[18.48891,-33.91674],[18.48953,-33.91661],[18.48987,-33.91654],[18.49023,-33.91648],[18.4908,-33.91638],[18.49114,-33.91633],[18.49154,-33.91629],[18.49175,-33.91627],[18.49203,-33.91625],[18.49226,-33.91624],[18.49259,-33.91623],[18.49291,-33.91624],[18.49319,-33.91625],[18.4934,-33.91627],[18.49369,-33.9163],[18.49391,-33.91632],[18.49428,-33.91638],[18.49454,-33.91643],[18.49495,-33.91651],[18.49523,-33.91658],[18.49549,-33.91666],[18.49587,-33.91678],[18.49628,-33.91694],[18.49652,-33.91704],[18.49677,-33.91716],[18.49713,-33.91733],[18.49754,-33.91754],[18.49794,-33.91776],[18.49821,-33.9179],[18.4983,-33.91795],[18.49896,-33.91829],[18.49927,-33.91845],[18.49939,-33.91852],[18.49973,-33.9187],[18.49995,-33.91883],[18.50014,-33.91895],[18.50032,-33.91907],[18.50048,-33.91919],[18.50065,-33.91931],[18.50082,-33.91945],[18.50104,-33.91964],[18.50126,-33.91984],[18.50136,-33.91994],[18.50169,-33.92024],[18.50192,-33.92046],[18.50204,-33.92057],[18.50213,-33.92067],[18.50222,-33.92076],[18.50228,-33.92082],[18.50234,-33.9209],[18.5024,-33.92097],[18.50243,-33.92103],[18.50247,-33.92108],[18.50251,-33.92115],[18.50255,-33.92124],[18.5026,-33.92135],[18.50265,-33.92148],[18.50273,-33.92171],[18.50277,-33.92184],[18.50282,-33.92194],[18.50288,-33.92206],[18.50292,-33.92213],[18.50296,-33.92219],[18.503,-33.92225],[18.50306,-33.92232],[18.50313,-33.92241],[18.50322,-33.9225],[18.50329,-33.92257],[18.50339,-33.92265],[18.50343,-33.92268],[18.50348,-33.92272],[18.50362,-33.92281],[18.5037,-33.92285],[18.50382,-33.92291],[18.5039,-33.92295],[18.50409,-33.92302],[18.50425,-33.92308],[18.50443,-33.92312],[18.50461,-33.92315],[18.50479,-33.92317],[18.50502,-33.92317],[18.50537,-33.92317],[18.50584,-33.92316],[18.5059,-33.92316],[18.50618,-33.92316],[18.50639,-33.92315],[18.50661,-33.92314],[18.50678,-33.92313],[18.50703,-33.9231],[18.50728,-33.92307],[18.5076,-33.92302],[18.50783,-33.92297],[18.50813,-33.92291],[18.50845,-33.92284],[18.50868,-33.9228],[18.50916,-33.9227],[18.50951,-33.92263],[18.50977,-33.92258],[18.50994,-33.92256],[18.51158,-33.9223],[18.51371,-33.92206],[18.51427,-33.92199],[18.51442,-33.92198],[18.51462,-33.92197]]}},{"type":"Feature","properties":{"id":"way/137597707","name":"Unnamed","network":"PRASA"},"geometry":{"type":"LineString","coordinates":[[18.51456,-33.92181],[18.51478,-33.9218],[18.51497,-33.92179],[18.5151,-33.9218],[18.51523,-33.9218],[18.51535,-33.92181],[18.51552,-33.92184],[18.5156,-33.92185],[18.5157,-33.92187],[18.51585,-33.92191],[18.51603,-33.92197],[18.51615,-33.92201],[18.51626,-33.92205],[18.51638,-33.92212],[18.51649,-33.92217],[18.51659,-33.92223],[18.51668,-33.92228],[18.51676,-33.92235],[18.51687,-33.92243],[18.51696,-33.92251],[18.51706,-33.92259],[18.51712,-33.92265],[18.51719,-33.92274],[18.51724,-33.9228],[18.51734,-33.92291],[18.51741,-33.92301],[18.51758,-33.92321],[18.51782,-33.92351],[18.51809,-33.92384],[18.51822,-33.92403],[18.51834,-33.9242],[18.5184,-33.92429],[18.51847,-33.92437],[18.51911,-33.92515],[18.51983,-33.92604],[18.5202,-33.92648],[18.52056,-33.92692],[18.5208,-33.92721],[18.52099,-33.92745],[18.52119,-33.92773],[18.52133,-33.92792],[18.52139,-33.928],[18.52145,-33.9281]]}},{"type":"Feature","properties":{"id":"way/137601329","name":"Unnamed","network":"PRASA"},"geometry":{"type":"LineString","coordinates":[[18.56459,-33.91038],[18.56501,-33.91036],[18.56543,-33.91033],[18.56585,-33.91031],[18.56623,-33.9103],[18.56649,-33.91029],[18.56674,-33.91029],[18.56708,-33.91029],[18.56744,-33.9103],[18.56782,-33.91032],[18.56859,-33.91036],[18.56929,-33.91038],[18.57017,-33.91041],[18.57042,-33.91042],[18.57077,-33.91043],[18.571,-33.91045],[18.57143,-33.91047],[18.57182,-33.9105],[18.5723,-33.91053]]}},{"type":"Feature","properties":{"id":"way/137601333","name":"Unnamed","network":"PRASA"},"geometry":{"type":"LineString","coordinates":[[18.5724,-33.91054],[18.57266,-33.91057],[18.57287,-33.9106],[18.57302,-33.91061],[18.57315,-33.91063],[18.57341,-33.91064]]}},{"type":"Feature","properties":{"id":"way/137601349","name":"Unnamed","network":"PRASA"},"geometry":{"type":"LineString","coordinates":[[18.54517,-33.9152],[18.54551,-33.91507],[18.54583,-33.91493],[18.54628,-33.91475],[18.54861,-33.91403],[18.54893,-33.91393],[18.54939,-33.91379],[18.54972,-33.91369],[18.55006,-33.91359],[18.55022,-33.91355],[18.55081,-33.91341],[18.551,-33.91337],[18.55134,-33.91329]]}},{"type":"Feature","properties":{"id":"way/137612975","name":"Unnamed","network":"PRASA"},"geometry":{"type":"LineString","coordinates":[[18.58372,-33.90986],[18.58441,-33.9098]]}},{"type":"Feature","properties":{"id":"way/137612978","name":"Unnamed","network":"PRASA"},"geometry":{"type":"LineString","coordinates":[[18.63155,-33.9072],[18.63211,-33.90726]]}},{"type":"Feature","properties":{"id":"way/137612980","name":"Unnamed","network":"PRASA"},"geometry":{"type":"LineString","coordinates":[[18.60836,-33.90654],[18.60862,-33.90652],[18.60889,-33.90651],[18.60915,-33.9065]]}},{"type":"Feature","properties":{"id":"way/137612988","name":"Unnamed","network":"PRASA"},"geometry":{"type":"LineString","coordinates":[[18.58312,-33.91004],[18.58396,-33.90987]]}},{"type":"Feature","properties":{"id":"way/137612989","name":"Northern Line","network":"PRASA"},"geometry":{"type":"LineString","coordinates":[[18.61666,-33.90551],[18.6163,-33.90555]]}},{"type":"Feature","properties":{"id":"way/137612990","name":"Unnamed","network":"PRASA"},"geometry":{"type":"LineString","coordinates":[[18.60759,-33.90661],[18.60827,-33.90655]]}},{"type":"Feature","properties":{"id":"way/137612992","name":"Northern Line","network":"PRASA"},"geometry":{"type":"LineString","coordinates":[[18.61623,-33.90547],[18.61648,-33.90543]]}},{"type":"Feature","properties":{"id":"way/137612994","name":"Northern Line","network":"PRASA"},"geometry":{"type":"LineString","coordinates":[[18.61627,-33.9055],[18.61652,-33.90546]]}},{"type":"Feature","properties":{"id":"way/137612997","name":"Northern Line","network":"PRASA"},"geometry":{"type":"LineString","coordinates":[[18.61648,-33.90543],[18.6176,-33.90529],[18.61823,-33.9052],[18.61864,-33.90515],[18.61891,-33.90512],[18.61917,-33.9051],[18.61938,-33.9051],[18.61964,-33.9051],[18.61997,-33.90512],[18.62046,-33.90518],[18.62108,-33.90526],[18.62123,-33.90528],[18.62156,-33.90532],[18.62178,-33.90535],[18.62314,-33.90553],[18.62352,-33.90558],[18.62412,-33.90566],[18.62451,-33.90573],[18.62502,-33.90583],[18.62547,-33.90593],[18.62549,-33.90594],[18.62733,-33.90636]]}},{"type":"Feature","properties":{"id":"way/137612998","name":"Unnamed","network":"PRASA"},"geometry":{"type":"LineString","coordinates":[[18.63307,-33.9074],[18.63366,-33.90745],[18.63406,-33.90748],[18.63429,-33.90749],[18.63452,-33.90749],[18.63475,-33.90748],[18.63499,-33.90747],[18.63546,-33.90743],[18.63617,-33.90737],[18.63749,-33.90726],[18.63814,-33.9072],[18.64012,-33.90702],[18.64057,-33.90698],[18.64081,-33.90696],[18.64213,-33.90685],[18.64409,-33.90667],[18.64489,-33.9066],[18.64621,-33.90649],[18.64752,-33.90636],[18.65359,-33.90583],[18.65385,-33.9058],[18.65414,-33.90576],[18.65435,-33.90573],[18.65463,-33.90565],[18.65507,-33.90552],[18.65556,-33.90533],[18.65581,-33.90521],[18.65604,-33.90511],[18.65624,-33.90501],[18.65633,-33.90497]]}},{"type":"Feature","properties":{"id":"way/137612999","name":"Unnamed","network":"PRASA"},"geometry":{"type":"LineString","coordinates":[[18.62399,-33.90575],[18.62444,-33.90585],[18.62459,-33.90589],[18.62483,-33.90594],[18.62513,-33.90601],[18.62542,-33.90607],[18.62544,-33.90608],[18.62608,-33.90622],[18.62785,-33.90663]]}},{"type":"Feature","properties":{"id":"way/137613007","name":"Northern Line","network":"PRASA"},"geometry":{"type":"LineString","coordinates":[[18.61652,-33.90546],[18.61823,-33.90524],[18.61864,-33.90519],[18.61889,-33.90517],[18.61916,-33.90515],[18.61941,-33.90514],[18.61964,-33.90515],[18.61996,-33.90518],[18.62053,-33.90524],[18.62078,-33.90527],[18.6209,-33.90529],[18.62129,-33.90534],[18.62142,-33.90535],[18.62213,-33.90545]]}},{"type":"Feature","properties":{"id":"way/137613017","name":"Unnamed","network":"PRASA"},"geometry":{"type":"LineString","coordinates":[[18.62304,-33.90557],[18.62331,-33.90561],[18.62375,-33.9057],[18.62399,-33.90575],[18.6242,-33.90582],[18.62466,-33.90597],[18.62487,-33.90604],[18.62515,-33.90613],[18.62537,-33.9062],[18.62539,-33.9062],[18.62604,-33.90635],[18.62705,-33.90659],[18.62781,-33.90676],[18.62806,-33.90681],[18.62854,-33.9069],[18.62879,-33.90694],[18.62905,-33.90698],[18.62938,-33.90702],[18.62987,-33.90707],[18.63028,-33.90711]]}},{"type":"Feature","properties":{"id":"way/137613018","name":"Unnamed","network":"PRASA"},"geometry":{"type":"LineString","coordinates":[[18.58396,-33.90987],[18.58441,-33.9098],[18.58506,-33.90971],[18.58612,-33.90955],[18.58623,-33.90954]]}},{"type":"Feature","properties":{"id":"way/137613020","name":"Unnamed","network":"PRASA"},"geometry":{"type":"LineString","coordinates":[[18.62304,-33.90557],[18.62369,-33.90565],[18.62392,-33.9057],[18.62429,-33.90578],[18.62473,-33.90588],[18.62489,-33.90592],[18.6252,-33.90599],[18.62544,-33.90604],[18.62545,-33.90604],[18.62609,-33.90619],[18.62711,-33.90643],[18.62785,-33.9066],[18.62866,-33.90678],[18.62926,-33.90692],[18.62953,-33.90698],[18.62984,-33.90704],[18.63006,-33.90707],[18.63028,-33.90711]]}},{"type":"Feature","properties":{"id":"way/137614572","name":"Unnamed","network":"PRASA"},"geometry":{"type":"LineString","coordinates":[[18.67587,-33.89044],[18.67923,-33.88788],[18.68097,-33.88659],[18.68269,-33.88529],[18.68372,-33.88451],[18.6849,-33.88363],[18.68536,-33.88328],[18.68571,-33.88302],[18.68612,-33.88271],[18.68673,-33.88225],[18.68734,-33.88179],[18.68742,-33.88173],[18.68914,-33.88044]]}},{"type":"Feature","properties":{"id":"way/137614575","name":"Unnamed","network":"PRASA"},"geometry":{"type":"LineString","coordinates":[[18.67565,-33.89059],[18.67587,-33.89044]]}},{"type":"Feature","properties":{"id":"way/137614578","name":"Unnamed","network":"PRASA"},"geometry":{"type":"LineString","coordinates":[[18.6757,-33.89061],[18.67588,-33.89048]]}},{"type":"Feature","properties":{"id":"way/137614579","name":"Unnamed","network":"PRASA"},"geometry":{"type":"LineString","coordinates":[[18.69063,-33.87935],[18.69101,-33.87907],[18.69129,-33.87886],[18.69154,-33.87867],[18.69187,-33.8784],[18.69222,-33.87807],[18.69248,-33.87779],[18.69272,-33.8775],[18.69322,-33.87688],[18.69407,-33.87578],[18.69505,-33.87452],[18.6954,-33.87406],[18.69609,-33.87317],[18.69687,-33.87218],[18.69776,-33.87104],[18.69864,-33.8699],[18.70041,-33.86762],[18.70066,-33.8673],[18.70091,-33.86698],[18.70113,-33.8667],[18.70138,-33.86637],[18.70171,-33.86595],[18.70216,-33.86537],[18.70253,-33.8649],[18.7029,-33.86443],[18.70313,-33.86413],[18.70345,-33.86374],[18.70363,-33.86355],[18.70383,-33.86334],[18.70396,-33.86322],[18.70407,-33.86311],[18.70459,-33.86267],[18.70519,-33.86218],[18.70587,-33.86161],[18.70655,-33.86105],[18.70745,-33.86031],[18.70798,-33.85988],[18.70896,-33.85909],[18.70967,-33.85848],[18.71037,-33.8579],[18.71053,-33.85778]]}},{"type":"Feature","properties":{"id":"way/137614586","name":"Unnamed","network":"PRASA"},"geometry":{"type":"LineString","coordinates":[[18.68601,-33.88284],[18.68648,-33.88254],[18.68689,-33.88224],[18.68741,-33.88185],[18.6875,-33.88179]]}},{"type":"Feature","properties":{"id":"way/137616962","name":"Unnamed","network":"PRASA"},"geometry":{"type":"LineString","coordinates":[[18.72158,-33.84891],[18.72187,-33.84866],[18.72228,-33.84831],[18.72252,-33.8481],[18.72313,-33.84758],[18.72321,-33.84752]]}},{"type":"Feature","properties":{"id":"way/137616968","name":"Unnamed","network":"PRASA"},"geometry":{"type":"LineString","coordinates":[[18.72676,-33.84461],[18.72682,-33.84452],[18.72689,-33.8444],[18.72694,-33.84431],[18.72698,-33.84421],[18.72703,-33.84408],[18.72706,-33.84401],[18.72708,-33.84395],[18.72713,-33.84379],[18.72716,-33.84369],[18.7272,-33.84347],[18.72722,-33.84335],[18.72723,-33.8432],[18.72724,-33.84311],[18.72724,-33.84302],[18.72724,-33.8429],[18.72723,-33.8428],[18.72723,-33.84272],[18.72722,-33.84261],[18.7272,-33.84251],[18.72717,-33.84237],[18.72713,-33.84217],[18.72708,-33.84201],[18.72687,-33.84133],[18.72682,-33.84116],[18.72668,-33.84071],[18.72654,-33.84025],[18.72611,-33.8389],[18.72575,-33.83771],[18.725,-33.83533],[18.72438,-33.83334],[18.72426,-33.83293],[18.72363,-33.8309],[18.7234,-33.83017],[18.72254,-33.82742],[18.72199,-33.82567],[18.72181,-33.82509],[18.72167,-33.82467],[18.72155,-33.82433],[18.72126,-33.82359],[18.72107,-33.82318],[18.72081,-33.82265],[18.72058,-33.82222],[18.71943,-33.82019],[18.71893,-33.81931],[18.71766,-33.81707],[18.71681,-33.81558],[18.71527,-33.81287],[18.71418,-33.81096],[18.71357,-33.80987],[18.71291,-33.80876],[18.71238,-33.8078],[18.71193,-33.80701],[18.71123,-33.80575],[18.71061,-33.80467],[18.71032,-33.80415],[18.71022,-33.80396],[18.71015,-33.80382],[18.71011,-33.80374],[18.71005,-33.80361],[18.70996,-33.8034],[18.70987,-33.80315],[18.70978,-33.8029],[18.70971,-33.80264],[18.70965,-33.80238],[18.70961,-33.80214],[18.70957,-33.80191],[18.70954,-33.80169],[18.70953,-33.80146],[18.70952,-33.8012],[18.70952,-33.80096],[18.70952,-33.80083],[18.70953,-33.80073],[18.70955,-33.80048],[18.70957,-33.80022],[18.70963,-33.79984],[18.70975,-33.79887],[18.7099,-33.79768],[18.71001,-33.79669],[18.71007,-33.79619],[18.71014,-33.79568],[18.71027,-33.79469],[18.7104,-33.79366],[18.71053,-33.79263],[18.71063,-33.79188],[18.71066,-33.79165],[18.71069,-33.79142],[18.71075,-33.79106],[18.7108,-33.79077],[18.71091,-33.79022],[18.71099,-33.7897],[18.71104,-33.78936],[18.71107,-33.78913],[18.71109,-33.78894],[18.71113,-33.78866],[18.71116,-33.78837],[18.71119,-33.78818],[18.71121,-33.78797],[18.71127,-33.78754],[18.71131,-33.78725],[18.71138,-33.78668],[18.71147,-33.78601],[18.71148,-33.78593],[18.71163,-33.78478],[18.71166,-33.78456],[18.71169,-33.78437],[18.71176,-33.78396],[18.71181,-33.7837],[18.71187,-33.7834],[18.71191,-33.7832],[18.71194,-33.78301],[18.71198,-33.78282],[18.71207,-33.7824],[18.71221,-33.78189],[18.71235,-33.7814],[18.71252,-33.78079],[18.7129,-33.77945],[18.71322,-33.77831],[18.71335,-33.77789],[18.71336,-33.77785]]}},{"type":"Feature","properties":{"id":"way/137616978","name":"Unnamed","network":"PRASA"},"geometry":{"type":"LineString","coordinates":[[18.72098,-33.84943],[18.72102,-33.84939],[18.72111,-33.84931],[18.72124,-33.8492],[18.72146,-33.849]]}},{"type":"Feature","properties":{"id":"way/137620561","name":"Unnamed","network":"PRASA"},"geometry":{"type":"LineString","coordinates":[[18.72158,-33.84891],[18.72321,-33.84765],[18.72486,-33.84637]]}},{"type":"Feature","properties":{"id":"way/137620562","name":"Unnamed","network":"PRASA"},"geometry":{"type":"LineString","coordinates":[[18.72098,-33.84943],[18.72112,-33.84932],[18.72137,-33.84912],[18.72192,-33.8487],[18.7233,-33.84763]]}},{"type":"Feature","properties":{"id":"way/137620563","name":"Unnamed","network":"PRASA"},"geometry":{"type":"LineString","coordinates":[[18.72146,-33.849],[18.72158,-33.84891]]}},{"type":"Feature","properties":{"id":"way/137621655","name":"Unnamed","network":"PRASA"},"geometry":{"type":"LineString","coordinates":[[18.83115,-33.82638],[18.83135,-33.8261],[18.83176,-33.82549],[18.83195,-33.82517],[18.83213,-33.82486],[18.83234,-33.82448],[18.83253,-33.8241],[18.83269,-33.82378],[18.83282,-33.82346],[18.83301,-33.82297],[18.83317,-33.82249],[18.83334,-33.82197],[18.8335,-33.82144],[18.83428,-33.81902],[18.83513,-33.81635],[18.83525,-33.81599],[18.83533,-33.81574],[18.83541,-33.81552],[18.8356,-33.81491],[18.83579,-33.81432],[18.83636,-33.81252],[18.83655,-33.81194],[18.83668,-33.81162],[18.83679,-33.81137],[18.83702,-33.81094],[18.83732,-33.81043],[18.8377,-33.8099],[18.83807,-33.80941],[18.83841,-33.80903],[18.83875,-33.80869],[18.83922,-33.80829],[18.83978,-33.80782],[18.84049,-33.80735],[18.841,-33.80706],[18.84152,-33.8068],[18.84207,-33.80653],[18.84264,-33.80631],[18.84321,-33.80611],[18.84382,-33.80593],[18.8444,-33.80579],[18.84502,-33.80568],[18.84563,-33.80559],[18.84627,-33.80554],[18.8469,-33.80553],[18.84752,-33.80553],[18.84797,-33.80555],[18.84843,-33.80559],[18.84877,-33.80564],[18.84937,-33.80573],[18.84998,-33.80586],[18.85054,-33.80601],[18.85115,-33.8062],[18.85173,-33.80641],[18.85278,-33.80682],[18.85363,-33.80715],[18.85419,-33.80737],[18.85491,-33.80765],[18.85554,-33.80788],[18.85581,-33.80796],[18.85603,-33.80803],[18.85625,-33.8081],[18.8565,-33.80817],[18.85687,-33.80825],[18.85713,-33.80831],[18.85737,-33.80835],[18.85779,-33.80842],[18.85824,-33.80847],[18.85861,-33.8085],[18.859,-33.80852],[18.85922,-33.80853],[18.85949,-33.80854],[18.85978,-33.80853],[18.86007,-33.80853],[18.86042,-33.80851],[18.86061,-33.8085],[18.86087,-33.80847],[18.86107,-33.80845],[18.86146,-33.8084],[18.86173,-33.80836],[18.86232,-33.80824],[18.86291,-33.80809],[18.8636,-33.80791],[18.8639,-33.80783],[18.86669,-33.80708]]}},{"type":"Feature","properties":{"id":"way/137621657","name":"Unnamed","network":"PRASA"},"geometry":{"type":"LineString","coordinates":[[18.82859,-33.83036],[18.82878,-33.83003],[18.82893,-33.82978],[18.82913,-33.82948],[18.82926,-33.82929],[18.82942,-33.82906],[18.82971,-33.82864],[18.82997,-33.82827],[18.83027,-33.82784],[18.83044,-33.82755],[18.83053,-33.82739],[18.83062,-33.82723],[18.83074,-33.82704]]}},{"type":"Feature","properties":{"id":"way/137621866","name":"Unnamed","network":"PRASA"},"geometry":{"type":"LineString","coordinates":[[18.63246,-33.90743],[18.63257,-33.90745],[18.63264,-33.90746],[18.63285,-33.90751],[18.63291,-33.90752],[18.63302,-33.90753]]}},{"type":"Feature","properties":{"id":"way/137621868","name":"Unnamed","network":"PRASA"},"geometry":{"type":"LineString","coordinates":[[18.63028,-33.90711],[18.63068,-33.90714],[18.63109,-33.90719]]}},{"type":"Feature","properties":{"id":"way/137718050","name":"Unnamed","network":"PRASA"},"geometry":{"type":"LineString","coordinates":[[18.67547,-33.93094],[18.67561,-33.93114]]}},{"type":"Feature","properties":{"id":"way/137718051","name":"Unnamed","network":"PRASA"},"geometry":{"type":"LineString","coordinates":[[18.67552,-33.93092],[18.67567,-33.93111]]}},{"type":"Feature","properties":{"id":"way/137718055","name":"Unnamed","network":"PRASA"},"geometry":{"type":"LineString","coordinates":[[18.67561,-33.93114],[18.67571,-33.93126],[18.67611,-33.93177],[18.67637,-33.9321],[18.67696,-33.93287],[18.67757,-33.93364]]}},{"type":"Feature","properties":{"id":"way/137718056","name":"Unnamed","network":"PRASA"},"geometry":{"type":"LineString","coordinates":[[18.67567,-33.93111],[18.67602,-33.93158],[18.67616,-33.93178],[18.6763,-33.93196],[18.67699,-33.93284],[18.67761,-33.93364]]}},{"type":"Feature","properties":{"id":"way/137721365","name":"Unnamed","network":"PRASA"},"geometry":{"type":"LineString","coordinates":[[18.6763,-33.93196],[18.67651,-33.93219],[18.67655,-33.93223],[18.67708,-33.9328],[18.67723,-33.93297],[18.67771,-33.93359]]}},{"type":"Feature","properties":{"id":"way/137721480","name":"Unnamed","network":"PRASA"},"geometry":{"type":"LineString","coordinates":[[18.65765,-33.9139],[18.65794,-33.91398],[18.65818,-33.91406],[18.65856,-33.91418],[18.65888,-33.91429],[18.65898,-33.91432],[18.65947,-33.9145],[18.65969,-33.91459],[18.65989,-33.91468],[18.66021,-33.91481],[18.66057,-33.91497],[18.66098,-33.91517],[18.66138,-33.91537],[18.66162,-33.9155],[18.66178,-33.91559],[18.66214,-33.91579],[18.66241,-33.91595],[18.66271,-33.91614],[18.66308,-33.91639],[18.66336,-33.91659],[18.6636,-33.91678],[18.66384,-33.91696],[18.66422,-33.91726],[18.66439,-33.9174],[18.66457,-33.91756],[18.66469,-33.91765],[18.66487,-33.91782],[18.66506,-33.918],[18.66531,-33.91822],[18.66556,-33.91846],[18.66607,-33.91895],[18.66625,-33.91914],[18.66644,-33.91935],[18.66667,-33.9196],[18.66695,-33.91994],[18.66722,-33.92027],[18.66753,-33.92066],[18.66791,-33.92115],[18.66803,-33.92132],[18.66828,-33.92165],[18.66855,-33.92199],[18.66895,-33.9225],[18.66927,-33.92292],[18.66973,-33.92351],[18.6698,-33.92361],[18.67063,-33.92468],[18.67153,-33.92584],[18.67212,-33.9266],[18.67254,-33.92715],[18.67297,-33.92771],[18.67398,-33.92902],[18.675,-33.93033],[18.67547,-33.93094]]}},{"type":"Feature","properties":{"id":"way/137727256","name":"Unnamed","network":"PRASA"},"geometry":{"type":"LineString","coordinates":[[18.7289,-33.9991],[18.72913,-33.99928],[18.72929,-33.99938],[18.72987,-33.99973],[18.73086,-34.00036]]}},{"type":"Feature","properties":{"id":"way/138166177","name":"Central Line","network":"PRASA"},"geometry":{"type":"LineString","coordinates":[[18.52146,-33.92832],[18.52136,-33.92816]]}},{"type":"Feature","properties":{"id":"way/138166179","name":"Central Line","network":"PRASA"},"geometry":{"type":"LineString","coordinates":[[18.52139,-33.92814],[18.52149,-33.9283]]}},{"type":"Feature","properties":{"id":"way/138166181","name":"Unnamed","network":"PRASA"},"geometry":{"type":"LineString","coordinates":[[18.53207,-33.9398],[18.53279,-33.93995]]}},{"type":"Feature","properties":{"id":"way/138166183","name":"Unnamed","network":"PRASA"},"geometry":{"type":"LineString","coordinates":[[18.52603,-33.93761],[18.5262,-33.93767],[18.52638,-33.93775],[18.52654,-33.93782]]}},{"type":"Feature","properties":{"id":"way/138166184","name":"Central Line","network":"PRASA"},"geometry":{"type":"LineString","coordinates":[[18.52149,-33.9283],[18.52158,-33.92845],[18.52167,-33.92862],[18.52176,-33.92881],[18.52189,-33.92908],[18.5225,-33.93039],[18.52259,-33.9306],[18.52267,-33.9308],[18.52271,-33.9309],[18.52276,-33.93103],[18.5228,-33.93115],[18.52283,-33.93125],[18.52286,-33.93138],[18.52288,-33.93148],[18.5229,-33.9316],[18.52291,-33.93169],[18.52292,-33.93179],[18.52293,-33.93188],[18.52293,-33.93198],[18.52293,-33.93207],[18.52293,-33.93223],[18.52291,-33.93258],[18.52288,-33.93305],[18.52284,-33.93349],[18.52283,-33.93372],[18.52282,-33.934],[18.52282,-33.93412],[18.52282,-33.93423],[18.52282,-33.93432],[18.52284,-33.93444],[18.52285,-33.93454],[18.52287,-33.93464],[18.52289,-33.93476],[18.52292,-33.93487],[18.52296,-33.935],[18.523,-33.93514],[18.52304,-33.93524],[18.52309,-33.93535],[18.52313,-33.93543],[18.52317,-33.93553],[18.52324,-33.93565],[18.52331,-33.93576],[18.52341,-33.93591],[18.52353,-33.93607],[18.52364,-33.9362],[18.52376,-33.93634],[18.52395,-33.93652],[18.52409,-33.93664],[18.52419,-33.93672],[18.52434,-33.93683],[18.52446,-33.93692],[18.52467,-33.93705],[18.52473,-33.93708],[18.52478,-33.93711],[18.52496,-33.9372],[18.52524,-33.93733],[18.52555,-33.93744],[18.5259,-33.93756],[18.52603,-33.93761]]}},{"type":"Feature","properties":{"id":"way/138166186","name":"Central Line","network":"PRASA"},"geometry":{"type":"LineString","coordinates":[[18.5428,-33.94151],[18.54266,-33.9415],[18.5417,-33.94143],[18.54028,-33.94124],[18.53848,-33.94096],[18.53726,-33.94077],[18.53693,-33.94072],[18.53635,-33.94063],[18.53513,-33.94043],[18.53441,-33.94029],[18.53411,-33.94022]]}},{"type":"Feature","properties":{"id":"way/138166187","name":"Unnamed","network":"PRASA"},"geometry":{"type":"LineString","coordinates":[[18.5336,-33.94017],[18.53392,-33.9402],[18.53411,-33.94022]]}},{"type":"Feature","properties":{"id":"way/138166188","name":"Unnamed","network":"PRASA"},"geometry":{"type":"LineString","coordinates":[[18.52663,-33.93784],[18.52684,-33.93793],[18.52698,-33.938],[18.52733,-33.93817],[18.52746,-33.93823],[18.5276,-33.9383],[18.5278,-33.9384],[18.52797,-33.93848],[18.52823,-33.93859],[18.52839,-33.93866]]}},{"type":"Feature","properties":{"id":"way/138166191","name":"Central Line","network":"PRASA"},"geometry":{"type":"LineString","coordinates":[[18.52663,-33.93784],[18.52654,-33.93782],[18.52635,-33.93775],[18.52621,-33.93771],[18.52587,-33.9376],[18.52547,-33.93746],[18.52525,-33.93737],[18.52502,-33.93727],[18.52485,-33.93719],[18.52471,-33.93711],[18.52467,-33.93709],[18.52454,-33.93702],[18.52439,-33.93692],[18.52421,-33.93679],[18.52406,-33.93667],[18.5239,-33.93653],[18.52375,-33.93639],[18.52368,-33.93631],[18.52354,-33.93616],[18.52344,-33.93603],[18.5233,-33.93583],[18.52322,-33.93569],[18.52315,-33.93557],[18.52309,-33.93546],[18.52305,-33.93536],[18.52299,-33.93523],[18.52295,-33.93512],[18.52291,-33.935],[18.52286,-33.93483],[18.52283,-33.93471],[18.52281,-33.93458],[18.5228,-33.93446],[18.52278,-33.93436],[18.52277,-33.93422],[18.52277,-33.93407],[18.52277,-33.93386],[18.52278,-33.93371],[18.5228,-33.93348],[18.52283,-33.93306],[18.52284,-33.93292],[18.52285,-33.93268],[18.52287,-33.93251],[18.52288,-33.93229],[18.52289,-33.9321],[18.52288,-33.93198],[18.52288,-33.93187],[18.52287,-33.93173],[18.52286,-33.93162],[18.52284,-33.93149],[18.52282,-33.93139],[18.52279,-33.93128],[18.52277,-33.93119],[18.52273,-33.93109],[18.5227,-33.93099],[18.52264,-33.93083],[18.52255,-33.93061],[18.52244,-33.93037],[18.52185,-33.9291],[18.52171,-33.9288],[18.52165,-33.92867],[18.52154,-33.92846],[18.52146,-33.92832]]}},{"type":"Feature","properties":{"id":"way/138166194","name":"Unnamed","network":"PRASA"},"geometry":{"type":"LineString","coordinates":[[18.53189,-33.93953],[18.53267,-33.93985]]}},{"type":"Feature","properties":{"id":"way/138169720","name":"Unnamed","network":"PRASA"},"geometry":{"type":"LineString","coordinates":[[18.55357,-33.94217],[18.5539,-33.94218],[18.55428,-33.94219],[18.55448,-33.94219],[18.55464,-33.9422],[18.55488,-33.9422],[18.55521,-33.94221],[18.55558,-33.94222],[18.55603,-33.94226],[18.56018,-33.94264],[18.56041,-33.94266],[18.56056,-33.94268],[18.5607,-33.9427],[18.5608,-33.94272],[18.56089,-33.94274],[18.561,-33.94277],[18.56109,-33.94279],[18.56119,-33.94283],[18.56126,-33.94286],[18.56136,-33.94291],[18.56146,-33.94295],[18.56154,-33.943]]}},{"type":"Feature","properties":{"id":"way/138169721","name":"Unnamed","network":"PRASA"},"geometry":{"type":"LineString","coordinates":[[18.53411,-33.94022],[18.53465,-33.94029]]}},{"type":"Feature","properties":{"id":"way/138169725","name":"Unnamed","network":"PRASA"},"geometry":{"type":"LineString","coordinates":[[18.56336,-33.95523],[18.56334,-33.95536],[18.56329,-33.95557],[18.56323,-33.95588],[18.56317,-33.95633],[18.56313,-33.95676],[18.56257,-33.96229],[18.56214,-33.96656],[18.562,-33.96794],[18.56193,-33.96857],[18.5618,-33.96994],[18.56171,-33.97076]]}},{"type":"Feature","properties":{"id":"way/138169727","name":"Unnamed","network":"PRASA"},"geometry":{"type":"LineString","coordinates":[[18.5621,-33.94347],[18.56216,-33.94356],[18.56222,-33.94364],[18.56228,-33.94375],[18.56234,-33.94387],[18.56238,-33.94398],[18.56242,-33.94409],[18.56243,-33.94418],[18.56245,-33.94428],[18.56247,-33.94441],[18.56248,-33.94468],[18.56248,-33.94496],[18.56248,-33.94518],[18.56249,-33.94534],[18.5625,-33.94543],[18.56252,-33.94555],[18.56254,-33.94571],[18.56257,-33.94588],[18.56262,-33.94606],[18.56265,-33.94621],[18.56274,-33.94653],[18.5628,-33.9468],[18.56288,-33.94707],[18.56296,-33.94732],[18.563,-33.94746],[18.56307,-33.94765],[18.56316,-33.94791],[18.56334,-33.94839],[18.56341,-33.94858]]}},{"type":"Feature","properties":{"id":"way/138169730","name":"Unnamed","network":"PRASA"},"geometry":{"type":"LineString","coordinates":[[18.55523,-33.94235],[18.55554,-33.9424],[18.55576,-33.94244],[18.55592,-33.94247],[18.5561,-33.94249],[18.55818,-33.94268],[18.55839,-33.9427],[18.55855,-33.94272],[18.55871,-33.94274],[18.55887,-33.94277],[18.55914,-33.94282],[18.55941,-33.9429],[18.5596,-33.94296],[18.55982,-33.94304],[18.55998,-33.94311],[18.56008,-33.94315],[18.56019,-33.9432],[18.56029,-33.94325],[18.56053,-33.94339],[18.56079,-33.94356],[18.56102,-33.94374],[18.5611,-33.9438],[18.56123,-33.94393],[18.56143,-33.94413],[18.56164,-33.94437],[18.56169,-33.94444],[18.56181,-33.94461],[18.5619,-33.94476],[18.56197,-33.94488],[18.56207,-33.94509],[18.56218,-33.94534],[18.5623,-33.94565],[18.5627,-33.94675],[18.56302,-33.94766],[18.56327,-33.94834],[18.56336,-33.94859]]}},{"type":"Feature","properties":{"id":"way/138169731","name":"Unnamed","network":"PRASA"},"geometry":{"type":"LineString","coordinates":[[18.5336,-33.94017],[18.53388,-33.94024],[18.53408,-33.94029],[18.53439,-33.94036],[18.53512,-33.9405],[18.53634,-33.94068],[18.53725,-33.94083],[18.53741,-33.94085],[18.53847,-33.94102],[18.54025,-33.94129],[18.54169,-33.94148],[18.54266,-33.94155],[18.54322,-33.94159],[18.54342,-33.9416],[18.54447,-33.94167],[18.54621,-33.94179],[18.54657,-33.94182],[18.54726,-33.94186],[18.54744,-33.94188],[18.54809,-33.94192],[18.54873,-33.94196],[18.55017,-33.94206]]}},{"type":"Feature","properties":{"id":"way/138169732","name":"Unnamed","network":"PRASA"},"geometry":{"type":"LineString","coordinates":[[18.53312,-33.94003],[18.53349,-33.94014],[18.5336,-33.94017]]}},{"type":"Feature","properties":{"id":"way/138169733","name":"Unnamed","network":"PRASA"},"geometry":{"type":"LineString","coordinates":[[18.53348,-33.94018],[18.53384,-33.94028],[18.53406,-33.94034],[18.53438,-33.94041],[18.53512,-33.94054],[18.53634,-33.94073],[18.53725,-33.94087],[18.53741,-33.94089],[18.53847,-33.94105],[18.54024,-33.94133],[18.54168,-33.94152],[18.54266,-33.94158],[18.54318,-33.94162],[18.54342,-33.94163],[18.54447,-33.94171],[18.5462,-33.94183],[18.54656,-33.94185],[18.54729,-33.9419],[18.54738,-33.94191],[18.54746,-33.94191],[18.54872,-33.942],[18.55015,-33.94211]]}},{"type":"Feature","properties":{"id":"way/138169735","name":"Unnamed","network":"PRASA"},"geometry":{"type":"LineString","coordinates":[[18.52839,-33.93866],[18.52847,-33.93868],[18.52861,-33.93873]]}},{"type":"Feature","properties":{"id":"way/138169736","name":"Unnamed","network":"PRASA"},"geometry":{"type":"LineString","coordinates":[[18.56154,-33.943],[18.56159,-33.94303],[18.56168,-33.94308],[18.56179,-33.94317],[18.56188,-33.94324],[18.56195,-33.94331],[18.562,-33.94336],[18.5621,-33.94347]]}},{"type":"Feature","properties":{"id":"way/138169737","name":"Unnamed","network":"PRASA"},"geometry":{"type":"LineString","coordinates":[[18.56336,-33.94859],[18.5634,-33.94869],[18.56351,-33.94898],[18.56358,-33.94919],[18.56368,-33.94945],[18.56373,-33.94961],[18.56378,-33.94974],[18.56382,-33.94988],[18.56387,-33.95005],[18.56389,-33.95016],[18.56392,-33.95032],[18.56395,-33.95056],[18.56395,-33.95076],[18.56395,-33.95092],[18.56393,-33.95119],[18.5639,-33.95148],[18.56387,-33.95172],[18.56377,-33.95274]]}},{"type":"Feature","properties":{"id":"way/138178815","name":"Central Line","network":"PRASA"},"geometry":{"type":"LineString","coordinates":[[18.5803,-33.94291],[18.58077,-33.94296],[18.58117,-33.943],[18.58145,-33.94303],[18.58175,-33.94307],[18.58261,-33.9432],[18.58397,-33.94339],[18.58556,-33.94363],[18.58569,-33.94365],[18.58596,-33.94368],[18.58643,-33.94372],[18.5868,-33.94375],[18.58699,-33.94376],[18.58721,-33.94378]]}},{"type":"Feature","properties":{"id":"way/138178829","name":"Unnamed","network":"PRASA"},"geometry":{"type":"LineString","coordinates":[[18.60484,-33.94035],[18.60507,-33.94029],[18.6052,-33.94025],[18.60545,-33.94018]]}},{"type":"Feature","properties":{"id":"way/138178832","name":"Unnamed","network":"PRASA"},"geometry":{"type":"LineString","coordinates":[[18.58117,-33.94305],[18.58148,-33.94306],[18.58175,-33.94307]]}},{"type":"Feature","properties":{"id":"way/138182391","name":"Central Line","network":"PRASA"},"geometry":{"type":"LineString","coordinates":[[18.63758,-33.93589],[18.63778,-33.93587]]}},{"type":"Feature","properties":{"id":"way/138182392","name":"Central Line","network":"PRASA"},"geometry":{"type":"LineString","coordinates":[[18.63803,-33.93583],[18.63817,-33.93582]]}},{"type":"Feature","properties":{"id":"way/138182393","name":"Unnamed","network":"PRASA"},"geometry":{"type":"LineString","coordinates":[[18.66096,-33.92236],[18.66096,-33.92215],[18.66097,-33.92205],[18.66097,-33.92177]]}},{"type":"Feature","properties":{"id":"way/138182394","name":"Central Line","network":"PRASA"},"geometry":{"type":"LineString","coordinates":[[18.63804,-33.93587],[18.63779,-33.9359]]}},{"type":"Feature","properties":{"id":"way/138182395","name":"Central Line","network":"PRASA"},"geometry":{"type":"LineString","coordinates":[[18.63779,-33.9359],[18.63759,-33.93593]]}},{"type":"Feature","properties":{"id":"way/138182396","name":"Central Line","network":"PRASA"},"geometry":{"type":"LineString","coordinates":[[18.64619,-33.93483],[18.64443,-33.93505],[18.64321,-33.93521],[18.64192,-33.93537],[18.64107,-33.93548],[18.63994,-33.93562],[18.63936,-33.93569],[18.63876,-33.93577],[18.63817,-33.93585]]}},{"type":"Feature","properties":{"id":"way/138182399","name":"Central Line","network":"PRASA"},"geometry":{"type":"LineString","coordinates":[[18.63817,-33.93585],[18.63804,-33.93587]]}},{"type":"Feature","properties":{"id":"way/138182400","name":"Central Line","network":"PRASA"},"geometry":{"type":"LineString","coordinates":[[18.63778,-33.93587],[18.63803,-33.93583]]}},{"type":"Feature","properties":{"id":"way/138182404","name":"Unnamed","network":"PRASA"},"geometry":{"type":"LineString","coordinates":[[18.66096,-33.92161],[18.66097,-33.92135],[18.66098,-33.92117],[18.66099,-33.92103],[18.661,-33.92081],[18.66101,-33.92069],[18.66101,-33.92045],[18.661,-33.92026],[18.66097,-33.91945],[18.66096,-33.91923],[18.66097,-33.91906],[18.661,-33.91888],[18.66107,-33.91869],[18.66115,-33.91851],[18.66127,-33.91832],[18.66139,-33.91818],[18.66157,-33.918],[18.66172,-33.91787],[18.66191,-33.91775],[18.66209,-33.91766],[18.6623,-33.91757],[18.66251,-33.9175],[18.66271,-33.91746],[18.6629,-33.91743],[18.66311,-33.91742],[18.66334,-33.91742],[18.66357,-33.91744],[18.66378,-33.91748],[18.66398,-33.91754],[18.6642,-33.91762],[18.66438,-33.9177],[18.66458,-33.91782],[18.66476,-33.91795],[18.66499,-33.91817],[18.66616,-33.9194],[18.66638,-33.91963],[18.66649,-33.91973],[18.66659,-33.91983],[18.66682,-33.92005],[18.66703,-33.92025],[18.66725,-33.92046],[18.66738,-33.92059],[18.66759,-33.92081],[18.66791,-33.92115]]}},{"type":"Feature","properties":{"id":"way/138182405","name":"Central Line","network":"PRASA"},"geometry":{"type":"LineString","coordinates":[[18.63817,-33.93582],[18.63875,-33.93573],[18.63935,-33.93566],[18.63993,-33.93558],[18.64106,-33.93544],[18.64193,-33.93533],[18.64321,-33.93516],[18.64443,-33.93501],[18.64618,-33.93479]]}},{"type":"Feature","properties":{"id":"way/150916488","name":"Unnamed","network":"PRASA"},"geometry":{"type":"LineString","coordinates":[[18.46708,-33.98149],[18.46704,-33.98132],[18.46701,-33.98114],[18.46696,-33.98077],[18.46696,-33.98068],[18.46694,-33.98054],[18.46694,-33.98041],[18.46693,-33.98027],[18.46693,-33.98007],[18.46693,-33.97987],[18.46696,-33.97899],[18.46697,-33.97878],[18.46704,-33.97683],[18.46706,-33.97664],[18.46707,-33.97654]]}},{"type":"Feature","properties":{"id":"way/150916492","name":"Unnamed","network":"PRASA"},"geometry":{"type":"LineString","coordinates":[[18.50176,-33.96027],[18.50176,-33.96037],[18.50172,-33.96201],[18.50172,-33.96214]]}},{"type":"Feature","properties":{"id":"way/150916493","name":"Unnamed","network":"PRASA"},"geometry":{"type":"LineString","coordinates":[[18.493,-33.94617],[18.49326,-33.94633],[18.49404,-33.94683],[18.4943,-33.947],[18.49532,-33.94765],[18.49566,-33.94787],[18.49659,-33.94846],[18.49764,-33.94913],[18.49799,-33.94935]]}},{"type":"Feature","properties":{"id":"way/150916495","name":"Unnamed","network":"PRASA"},"geometry":{"type":"LineString","coordinates":[[18.49179,-33.94504],[18.49187,-33.94515],[18.49195,-33.94525],[18.4921,-33.94542],[18.49231,-33.94563],[18.49241,-33.94572],[18.49252,-33.94582],[18.49261,-33.94589],[18.49272,-33.94597],[18.49286,-33.94607],[18.493,-33.94617]]}},{"type":"Feature","properties":{"id":"way/150969655","name":"Unnamed","network":"PRASA"},"geometry":{"type":"LineString","coordinates":[[18.49225,-33.93332],[18.49196,-33.9338],[18.49165,-33.93429],[18.49139,-33.93475],[18.49125,-33.935],[18.49117,-33.93517],[18.4911,-33.93535],[18.49102,-33.93555],[18.49096,-33.93573],[18.49092,-33.93587],[18.49087,-33.93605],[18.49082,-33.93629],[18.49071,-33.93684],[18.49061,-33.93742],[18.49057,-33.93766],[18.49055,-33.93778],[18.49054,-33.93792],[18.49053,-33.93818],[18.49054,-33.9384]]}},{"type":"Feature","properties":{"id":"way/150969660","name":"Northern Line","network":"PRASA"},"geometry":{"type":"LineString","coordinates":[[18.51417,-33.92123],[18.51466,-33.92116],[18.51551,-33.92106],[18.51589,-33.92101],[18.51659,-33.92092],[18.51708,-33.92086],[18.51904,-33.92061],[18.52142,-33.9203],[18.5232,-33.92008],[18.524,-33.91997],[18.52695,-33.91959],[18.52787,-33.91948],[18.52877,-33.91936]]}},{"type":"Feature","properties":{"id":"way/150969661","name":"Northern Line","network":"PRASA"},"geometry":{"type":"LineString","coordinates":[[18.50648,-33.92234],[18.50692,-33.92227],[18.50717,-33.92224]]}},{"type":"Feature","properties":{"id":"way/150969670","name":"Northern Line","network":"PRASA"},"geometry":{"type":"LineString","coordinates":[[18.49863,-33.91212],[18.49874,-33.91202],[18.49962,-33.91119],[18.50013,-33.9107],[18.50061,-33.91025],[18.50394,-33.90717],[18.50725,-33.90413]]}},{"type":"Feature","properties":{"id":"way/150969685","name":"Central Line","network":"PRASA"},"geometry":{"type":"LineString","coordinates":[[18.49054,-33.9384],[18.49055,-33.93857],[18.49065,-33.93973],[18.49069,-33.9402],[18.49074,-33.9408]]}},{"type":"Feature","properties":{"id":"way/150969687","name":"Unnamed","network":"PRASA"},"geometry":{"type":"LineString","coordinates":[[18.51146,-33.92172],[18.5105,-33.92186],[18.51027,-33.9219],[18.51008,-33.92194],[18.50992,-33.92198],[18.50973,-33.92203],[18.50945,-33.92212],[18.50802,-33.92256],[18.50722,-33.92281],[18.50686,-33.92291],[18.50652,-33.92301],[18.50639,-33.92304],[18.50626,-33.92306],[18.50591,-33.92309],[18.50579,-33.92311],[18.50573,-33.92311],[18.50566,-33.92312],[18.50556,-33.92313],[18.5054,-33.92313],[18.50524,-33.92313],[18.50508,-33.92313],[18.50492,-33.92312],[18.50476,-33.92311],[18.50462,-33.92309],[18.5045,-33.92306],[18.50434,-33.92302],[18.50422,-33.92299],[18.50411,-33.92295],[18.50401,-33.92291],[18.50391,-33.92287],[18.50383,-33.92283],[18.50375,-33.92278],[18.50363,-33.9227],[18.50356,-33.92266],[18.50341,-33.92255],[18.5033,-33.92245],[18.50323,-33.92238],[18.50316,-33.9223],[18.50308,-33.9222],[18.50301,-33.92212],[18.50295,-33.92202],[18.50291,-33.92194],[18.50286,-33.92185],[18.50281,-33.92174],[18.5027,-33.92148],[18.50264,-33.92133],[18.50258,-33.92119],[18.50252,-33.92108],[18.50246,-33.92097],[18.50241,-33.92089],[18.50234,-33.9208],[18.50227,-33.92073],[18.50217,-33.92063],[18.50198,-33.92044],[18.50171,-33.9202],[18.5015,-33.92],[18.50125,-33.91976],[18.50108,-33.91961],[18.50085,-33.91942],[18.50069,-33.91929],[18.5005,-33.91914],[18.50037,-33.91905],[18.50019,-33.91892]]}},{"type":"Feature","properties":{"id":"way/150969703","name":"Unnamed","network":"PRASA"},"geometry":{"type":"LineString","coordinates":[[18.50019,-33.91892],[18.49997,-33.91878],[18.49976,-33.91865],[18.4994,-33.91845],[18.499,-33.91824],[18.49825,-33.91785],[18.49798,-33.91771],[18.49779,-33.91762],[18.49757,-33.91749],[18.49716,-33.91729],[18.49681,-33.91711],[18.49656,-33.917],[18.4963,-33.91688],[18.49594,-33.91675],[18.4959,-33.91673]]}},{"type":"Feature","properties":{"id":"way/150969705","name":"Northern Line","network":"PRASA"},"geometry":{"type":"LineString","coordinates":[[18.53309,-33.91882],[18.53373,-33.91873],[18.53427,-33.91866],[18.53455,-33.91862],[18.53533,-33.9185],[18.53617,-33.91834],[18.53666,-33.91824],[18.53715,-33.91813],[18.53788,-33.91795],[18.53868,-33.91773],[18.53915,-33.91759],[18.53961,-33.91744],[18.54031,-33.9172],[18.5411,-33.9169],[18.54119,-33.91687]]}},{"type":"Feature","properties":{"id":"way/150969715","name":"Unnamed","network":"PRASA"},"geometry":{"type":"LineString","coordinates":[[18.48869,-33.92463],[18.48923,-33.92451],[18.48972,-33.92441],[18.49005,-33.92435],[18.49041,-33.92428],[18.49084,-33.9242],[18.49109,-33.92416],[18.49144,-33.9241],[18.49226,-33.924]]}},{"type":"Feature","properties":{"id":"way/150974715","name":"Unnamed","network":"PRASA"},"geometry":{"type":"LineString","coordinates":[[18.46895,-33.97146],[18.46883,-33.97167],[18.46864,-33.972],[18.46833,-33.97254],[18.46818,-33.97281],[18.4681,-33.97296],[18.46803,-33.9731],[18.46798,-33.97319],[18.46793,-33.97331],[18.46789,-33.97342],[18.46785,-33.97351],[18.46779,-33.97366],[18.46774,-33.9738],[18.46764,-33.97415],[18.46762,-33.97425],[18.46749,-33.97471]]}},{"type":"Feature","properties":{"id":"way/151143958","name":"Unnamed","network":"PRASA"},"geometry":{"type":"LineString","coordinates":[[18.51937,-33.9413],[18.52271,-33.93899],[18.52333,-33.93856],[18.52355,-33.93841],[18.52368,-33.93833],[18.52383,-33.93825],[18.524,-33.93817],[18.52412,-33.93811],[18.52428,-33.93805],[18.52446,-33.93799],[18.52462,-33.93795],[18.52475,-33.93792],[18.52491,-33.93788],[18.52512,-33.93785],[18.52547,-33.93783],[18.52566,-33.93783],[18.52579,-33.93783],[18.52609,-33.93786],[18.52636,-33.9379],[18.52657,-33.93796],[18.52659,-33.93796],[18.52677,-33.93801],[18.52688,-33.93805],[18.52707,-33.93811],[18.52732,-33.93819],[18.52746,-33.93823],[18.52761,-33.93828],[18.52811,-33.93845],[18.52861,-33.93861],[18.52997,-33.93906],[18.5312,-33.93946]]}},{"type":"Feature","properties":{"id":"way/151143967","name":"Northern Line","network":"PRASA"},"geometry":{"type":"LineString","coordinates":[[18.55861,-33.91118],[18.5591,-33.91106],[18.5595,-33.91099],[18.55957,-33.91098],[18.55999,-33.9109],[18.56056,-33.9108],[18.56119,-33.91071],[18.5617,-33.91065],[18.56204,-33.91061],[18.56233,-33.91058],[18.56279,-33.91054],[18.56316,-33.91051],[18.56356,-33.91048],[18.56398,-33.91046],[18.56424,-33.91045],[18.56471,-33.91044],[18.56501,-33.91042]]}},{"type":"Feature","properties":{"id":"way/151143975","name":"Central Line","network":"PRASA"},"geometry":{"type":"LineString","coordinates":[[18.63759,-33.93593],[18.63388,-33.93639],[18.62996,-33.93689],[18.62852,-33.93707]]}},{"type":"Feature","properties":{"id":"way/151147445","name":"Northern Line","network":"PRASA"},"geometry":{"type":"LineString","coordinates":[[18.5479,-33.91438],[18.54868,-33.91414],[18.54913,-33.914]]}},{"type":"Feature","properties":{"id":"way/151147451","name":"Northern Line","network":"PRASA"},"geometry":{"type":"LineString","coordinates":[[18.55693,-33.91161],[18.55719,-33.91154],[18.55751,-33.91145],[18.55782,-33.91137],[18.55829,-33.91125],[18.55861,-33.91118]]}},{"type":"Feature","properties":{"id":"way/151148773","name":"Northern Line","network":"PRASA"},"geometry":{"type":"LineString","coordinates":[[18.53737,-33.89323],[18.54236,-33.89239],[18.54293,-33.89229],[18.54361,-33.89218],[18.54417,-33.89208],[18.54447,-33.89204],[18.54476,-33.89201],[18.54541,-33.89195],[18.54638,-33.89186]]}},{"type":"Feature","properties":{"id":"way/151148778","name":"Northern Line","network":"PRASA"},"geometry":{"type":"LineString","coordinates":[[18.53322,-33.89394],[18.53571,-33.89352],[18.53659,-33.89337],[18.53737,-33.89323]]}},{"type":"Feature","properties":{"id":"way/151153177","name":"Central Line","network":"PRASA"},"geometry":{"type":"LineString","coordinates":[[18.58397,-33.94343],[18.58227,-33.94319],[18.58189,-33.94314],[18.58151,-33.94309],[18.58117,-33.94305],[18.5809,-33.94302],[18.58045,-33.94298],[18.58009,-33.94296],[18.57962,-33.94294],[18.57816,-33.94293],[18.57757,-33.94293],[18.57619,-33.94291],[18.57376,-33.94289],[18.57325,-33.9429],[18.57283,-33.9429],[18.57267,-33.94291],[18.57238,-33.94292],[18.57211,-33.94294],[18.57177,-33.94297],[18.57083,-33.94306],[18.56961,-33.94317],[18.56907,-33.94322],[18.56879,-33.94324],[18.56852,-33.94326],[18.56828,-33.94327],[18.56809,-33.94328],[18.56789,-33.94328],[18.56765,-33.94328],[18.56744,-33.94328],[18.56728,-33.94327],[18.56705,-33.94326],[18.56691,-33.94325],[18.56683,-33.94324],[18.56643,-33.94322]]}},{"type":"Feature","properties":{"id":"way/151167648","name":"Central Line","network":"PRASA"},"geometry":{"type":"LineString","coordinates":[[18.55018,-33.94193],[18.54876,-33.94183],[18.54848,-33.94182],[18.54817,-33.94181],[18.54782,-33.94181],[18.54751,-33.9418],[18.54738,-33.9418],[18.5472,-33.94179],[18.54696,-33.94178],[18.54658,-33.94177],[18.54622,-33.94174],[18.54446,-33.94162],[18.54343,-33.94155],[18.54328,-33.94154],[18.5428,-33.94151]]}},{"type":"Feature","properties":{"id":"way/151167649","name":"Unnamed","network":"PRASA"},"geometry":{"type":"LineString","coordinates":[[18.56154,-33.97353],[18.56138,-33.97508],[18.56131,-33.97577],[18.5611,-33.97779],[18.56101,-33.97868],[18.56095,-33.97934],[18.56091,-33.97987],[18.56083,-33.9809],[18.56072,-33.98241],[18.56066,-33.98313],[18.56061,-33.98375],[18.56054,-33.98471],[18.56048,-33.98541],[18.56042,-33.98624],[18.56034,-33.98735],[18.56026,-33.98834],[18.56023,-33.98868],[18.56021,-33.98909],[18.56018,-33.98944],[18.56018,-33.98963],[18.56018,-33.98985]]}},{"type":"Feature","properties":{"id":"way/151167650","name":"Unnamed","network":"PRASA"},"geometry":{"type":"LineString","coordinates":[[18.56273,-33.96182],[18.56268,-33.9623],[18.56252,-33.96376],[18.56225,-33.96656],[18.56221,-33.96721],[18.56217,-33.96802],[18.56214,-33.96859],[18.56191,-33.97077]]}},{"type":"Feature","properties":{"id":"way/151171063","name":"Unnamed","network":"PRASA"},"geometry":{"type":"LineString","coordinates":[[18.50155,-33.96852],[18.5015,-33.97039],[18.50147,-33.97133],[18.50142,-33.97322],[18.50142,-33.9733]]}},{"type":"Feature","properties":{"id":"way/151171064","name":"Unnamed","network":"PRASA"},"geometry":{"type":"LineString","coordinates":[[18.50142,-33.9733],[18.50141,-33.9738],[18.50139,-33.97431],[18.50137,-33.97531],[18.50137,-33.97541]]}},{"type":"Feature","properties":{"id":"way/151171602","name":"Unnamed","network":"PRASA"},"geometry":{"type":"LineString","coordinates":[[18.56011,-33.9912],[18.56011,-33.99148],[18.56011,-33.99173],[18.56003,-33.99284],[18.56,-33.99315],[18.56,-33.99324]]}},{"type":"Feature","properties":{"id":"way/151171603","name":"Unnamed","network":"PRASA"},"geometry":{"type":"LineString","coordinates":[[18.56018,-33.98985],[18.56019,-33.99005],[18.5602,-33.99025],[18.56025,-33.99096],[18.56026,-33.99119],[18.56027,-33.99132],[18.56028,-33.99174],[18.56027,-33.99198],[18.56024,-33.99242],[18.56019,-33.99292]]}},{"type":"Feature","properties":{"id":"way/151424633","name":"Unnamed","network":"PRASA"},"geometry":{"type":"LineString","coordinates":[[18.50169,-34.00083],[18.5016,-34.00102],[18.50156,-34.00109]]}},{"type":"Feature","properties":{"id":"way/151424635","name":"Unnamed","network":"PRASA"},"geometry":{"type":"LineString","coordinates":[[18.50153,-33.98108],[18.5029,-33.98482],[18.50335,-33.98607]]}},{"type":"Feature","properties":{"id":"way/151424636","name":"Unnamed","network":"PRASA"},"geometry":{"type":"LineString","coordinates":[[18.50335,-33.98607],[18.50345,-33.98633],[18.50359,-33.98672],[18.50364,-33.98686]]}},{"type":"Feature","properties":{"id":"way/151424638","name":"Unnamed","network":"PRASA"},"geometry":{"type":"LineString","coordinates":[[18.4969,-34.01015],[18.49668,-34.01056],[18.49615,-34.01159],[18.49562,-34.01263],[18.49558,-34.0127]]}},{"type":"Feature","properties":{"id":"way/151430265","name":"Unnamed","network":"PRASA"},"geometry":{"type":"LineString","coordinates":[[18.46972,-34.02187],[18.46988,-34.02123],[18.46993,-34.02102],[18.47011,-34.02033],[18.4702,-34.01993],[18.47029,-34.01959],[18.47055,-34.01858],[18.47083,-34.01746],[18.4709,-34.01718],[18.47101,-34.01672],[18.47107,-34.01647],[18.4711,-34.01632],[18.47113,-34.01618],[18.47115,-34.01604],[18.47116,-34.01592],[18.47116,-34.01578],[18.47116,-34.01566],[18.47116,-34.01559]]}},{"type":"Feature","properties":{"id":"way/151430272","name":"Unnamed","network":"PRASA"},"geometry":{"type":"LineString","coordinates":[[18.48872,-34.02599],[18.4886,-34.02623]]}},{"type":"Feature","properties":{"id":"way/151430274","name":"Unnamed","network":"PRASA"},"geometry":{"type":"LineString","coordinates":[[18.47312,-34.03645],[18.47267,-34.03663],[18.4722,-34.03683],[18.47123,-34.03722],[18.46935,-34.03798]]}},{"type":"Feature","properties":{"id":"way/151430275","name":"Unnamed","network":"PRASA"},"geometry":{"type":"LineString","coordinates":[[18.47792,-34.0345],[18.47714,-34.03482],[18.47631,-34.03515],[18.47469,-34.03581],[18.47386,-34.03615],[18.47312,-34.03645]]}},{"type":"Feature","properties":{"id":"way/151430278","name":"Unnamed","network":"PRASA"},"geometry":{"type":"LineString","coordinates":[[18.48676,-34.02979],[18.48668,-34.02995],[18.48651,-34.03027],[18.48643,-34.0304],[18.48635,-34.03051],[18.48629,-34.03059],[18.48622,-34.03068],[18.4861,-34.03082],[18.48604,-34.03089],[18.48596,-34.03096],[18.48583,-34.03108],[18.48568,-34.03119],[18.48549,-34.03132],[18.48532,-34.03142],[18.48513,-34.03152],[18.48487,-34.03164],[18.48425,-34.03189],[18.48347,-34.03221],[18.48326,-34.03229],[18.48263,-34.03255]]}},{"type":"Feature","properties":{"id":"way/151430280","name":"Unnamed","network":"PRASA"},"geometry":{"type":"LineString","coordinates":[[18.46637,-34.04133],[18.46637,-34.04225],[18.46637,-34.04253],[18.46636,-34.04269],[18.46635,-34.04285],[18.46634,-34.04294]]}},{"type":"Feature","properties":{"id":"way/151430282","name":"Unnamed","network":"PRASA"},"geometry":{"type":"LineString","coordinates":[[18.47074,-34.01398],[18.47049,-34.01336],[18.47045,-34.01325]]}},{"type":"Feature","properties":{"id":"way/151749384","name":"Unnamed","network":"PRASA"},"geometry":{"type":"LineString","coordinates":[[18.46398,-34.05202],[18.46385,-34.05247],[18.46369,-34.05305],[18.46351,-34.05368]]}},{"type":"Feature","properties":{"id":"way/151752714","name":"Unnamed","network":"PRASA"},"geometry":{"type":"LineString","coordinates":[[18.46245,-34.08762],[18.46245,-34.08777],[18.46248,-34.08807],[18.46249,-34.08824],[18.46251,-34.08837],[18.46253,-34.08856],[18.46255,-34.08884],[18.46257,-34.08895],[18.46259,-34.08905],[18.46261,-34.08916],[18.46262,-34.08922]]}},{"type":"Feature","properties":{"id":"way/151789963","name":"Northern Line","network":"PRASA"},"geometry":{"type":"LineString","coordinates":[[18.58621,-33.90968],[18.58688,-33.90958],[18.58744,-33.9095],[18.58788,-33.90943],[18.58826,-33.90937],[18.5888,-33.90927],[18.58943,-33.90914],[18.58967,-33.9091],[18.59001,-33.90904],[18.59065,-33.90892]]}},{"type":"Feature","properties":{"id":"way/151789964","name":"Northern Line","network":"PRASA"},"geometry":{"type":"LineString","coordinates":[[18.56912,-33.91054],[18.57044,-33.91058],[18.57132,-33.9106],[18.57221,-33.91062],[18.5726,-33.91063],[18.57341,-33.91064],[18.57351,-33.91065],[18.57432,-33.91066],[18.57551,-33.91069],[18.57618,-33.91069],[18.57654,-33.91069],[18.57683,-33.91068],[18.57725,-33.91067],[18.57764,-33.91065]]}},{"type":"Feature","properties":{"id":"way/151789966","name":"Northern Line","network":"PRASA"},"geometry":{"type":"LineString","coordinates":[[18.60163,-33.90742],[18.6027,-33.90728],[18.60827,-33.90655],[18.60836,-33.90654],[18.60893,-33.90647],[18.60933,-33.90641],[18.60949,-33.90639]]}},{"type":"Feature","properties":{"id":"way/151789967","name":"Northern Line","network":"PRASA"},"geometry":{"type":"LineString","coordinates":[[18.57754,-33.89294],[18.58001,-33.89411],[18.58087,-33.89451],[18.58321,-33.89558]]}},{"type":"Feature","properties":{"id":"way/177950155","name":"Unnamed","network":"PRASA"},"geometry":{"type":"LineString","coordinates":[[18.71962,-33.46871],[18.72012,-33.46855],[18.72096,-33.46835],[18.7225,-33.46796],[18.72333,-33.46775]]}},{"type":"Feature","properties":{"id":"way/177950168","name":"Unnamed","network":"PRASA"},"geometry":{"type":"LineString","coordinates":[[18.71934,-33.46882],[18.71946,-33.46877],[18.71962,-33.46871]]}},{"type":"Feature","properties":{"id":"way/186813153","name":"Unnamed","network":"PRASA"},"geometry":{"type":"LineString","coordinates":[[18.79324,-34.05611],[18.79349,-34.05627],[18.79372,-34.0564],[18.79417,-34.05667],[18.79446,-34.05686],[18.79461,-34.05696],[18.79485,-34.05713],[18.7951,-34.05728],[18.79521,-34.05735],[18.79565,-34.05764],[18.79901,-34.05977]]}},{"type":"Feature","properties":{"id":"way/186813154","name":"Unnamed","network":"PRASA"},"geometry":{"type":"LineString","coordinates":[[18.79482,-34.05706],[18.79568,-34.05761],[18.7986,-34.05945]]}},{"type":"Feature","properties":{"id":"way/186813155","name":"Unnamed","network":"PRASA"},"geometry":{"type":"LineString","coordinates":[[18.79346,-34.05613],[18.79365,-34.05627],[18.79386,-34.05643]]}},{"type":"Feature","properties":{"id":"way/186813160","name":"Unnamed","network":"PRASA"},"geometry":{"type":"LineString","coordinates":[[18.79521,-34.05735],[18.79541,-34.05751],[18.79564,-34.05767],[18.79898,-34.05981]]}},{"type":"Feature","properties":{"id":"way/186813162","name":"Unnamed","network":"PRASA"},"geometry":{"type":"LineString","coordinates":[[18.79394,-34.05648],[18.79409,-34.05658],[18.79436,-34.05673],[18.79457,-34.05686],[18.79571,-34.05758],[18.79863,-34.05942]]}},{"type":"Feature","properties":{"id":"way/186813164","name":"Unnamed","network":"PRASA"},"geometry":{"type":"LineString","coordinates":[[18.7909,-34.05462],[18.79157,-34.05505],[18.79258,-34.05568],[18.79312,-34.05601],[18.79324,-34.05611]]}},{"type":"Feature","properties":{"id":"way/186813168","name":"Unnamed","network":"PRASA"},"geometry":{"type":"LineString","coordinates":[[18.79069,-34.05438],[18.79119,-34.0547],[18.79191,-34.05514],[18.79266,-34.05562],[18.79346,-34.05613],[18.79381,-34.05635],[18.79434,-34.05668],[18.79458,-34.05683],[18.79554,-34.05743],[18.79573,-34.05755],[18.79588,-34.05763],[18.796,-34.05769],[18.79615,-34.05777]]}},{"type":"Feature","properties":{"id":"way/186813173","name":"Unnamed","network":"PRASA"},"geometry":{"type":"LineString","coordinates":[[18.79032,-34.05412],[18.79049,-34.05424],[18.79069,-34.05438],[18.79085,-34.0545],[18.79097,-34.0546],[18.79113,-34.05471],[18.79189,-34.05517],[18.79264,-34.05565],[18.79359,-34.05625],[18.79364,-34.05628],[18.79386,-34.05643],[18.79394,-34.05648]]}},{"type":"Feature","properties":{"id":"way/186819881","name":"Unnamed","network":"PRASA"},"geometry":{"type":"LineString","coordinates":[[18.83621,-34.08237],[18.83648,-34.08245],[18.83662,-34.08249],[18.83682,-34.08256],[18.83705,-34.08263],[18.8374,-34.08276],[18.83913,-34.08338],[18.84152,-34.08423],[18.84248,-34.08458],[18.84261,-34.08462],[18.84292,-34.08475],[18.84322,-34.08488]]}},{"type":"Feature","properties":{"id":"way/186822299","name":"Unnamed","network":"PRASA"},"geometry":{"type":"LineString","coordinates":[[18.83471,-34.11323],[18.8349,-34.11311],[18.83523,-34.11292],[18.83548,-34.11276],[18.83689,-34.11161]]}},{"type":"Feature","properties":{"id":"way/219628748","name":"Unnamed","network":"PRASA"},"geometry":{"type":"LineString","coordinates":[[18.7598,-34.04041],[18.76009,-34.04069],[18.76069,-34.04117],[18.76129,-34.04156],[18.7617,-34.04179],[18.76213,-34.04201],[18.76303,-34.04241],[18.76349,-34.04262],[18.7654,-34.04345],[18.76854,-34.04481],[18.76931,-34.04515],[18.7719,-34.04628],[18.77293,-34.04673],[18.77358,-34.04698],[18.77395,-34.04711],[18.77593,-34.0478],[18.77805,-34.04848],[18.78137,-34.04958],[18.7818,-34.04972],[18.78215,-34.04983],[18.78281,-34.05005],[18.78326,-34.05021],[18.7835,-34.0503],[18.78375,-34.05039],[18.78392,-34.05046]]}},{"type":"Feature","properties":{"id":"way/219628749","name":"Unnamed","network":"PRASA"},"geometry":{"type":"LineString","coordinates":[[18.75964,-34.04025],[18.7598,-34.04041]]}},{"type":"Feature","properties":{"id":"way/220881528","name":"Unnamed","network":"PRASA"},"geometry":{"type":"LineString","coordinates":[[18.71022,-33.47714],[18.71041,-33.47699]]}},{"type":"Feature","properties":{"id":"way/220881529","name":"Unnamed","network":"PRASA"},"geometry":{"type":"LineString","coordinates":[[18.71041,-33.47699],[18.71058,-33.47686],[18.71092,-33.47653]]}},{"type":"Feature","properties":{"id":"way/240804499","name":"Unnamed","network":"PRASA"},"geometry":{"type":"LineString","coordinates":[[18.97105,-33.43573],[18.97162,-33.4352],[18.97202,-33.43482]]}},{"type":"Feature","properties":{"id":"way/240804500","name":"Unnamed","network":"PRASA"},"geometry":{"type":"LineString","coordinates":[[18.9612,-33.46221],[18.96109,-33.46189]]}},{"type":"Feature","properties":{"id":"way/240804505","name":"Unnamed","network":"PRASA"},"geometry":{"type":"LineString","coordinates":[[18.9827,-33.42495],[18.98313,-33.42457],[18.98346,-33.42427],[18.98373,-33.42402],[18.98419,-33.4236],[18.98458,-33.42323],[18.98477,-33.42304],[18.985,-33.4228],[18.98515,-33.42262],[18.9853,-33.42243],[18.98544,-33.42225],[18.98562,-33.42198],[18.98574,-33.42179],[18.98588,-33.42154],[18.98597,-33.42138],[18.98613,-33.42106],[18.98623,-33.42083],[18.98633,-33.42058],[18.98653,-33.42009],[18.98673,-33.41959],[18.98685,-33.41933],[18.98699,-33.41897],[18.98728,-33.41824],[18.98753,-33.41763],[18.98839,-33.41552],[18.98909,-33.41379],[18.98959,-33.41256],[18.98995,-33.41167],[18.99005,-33.41143],[18.99316,-33.40378],[18.99384,-33.40215],[18.99414,-33.40141],[18.9944,-33.40073],[18.99462,-33.40022],[18.99492,-33.39948],[18.99514,-33.39891]]}},{"type":"Feature","properties":{"id":"way/240804507","name":"Unnamed","network":"PRASA"},"geometry":{"type":"LineString","coordinates":[[18.96561,-33.44068],[18.96525,-33.44098],[18.96491,-33.44128],[18.96467,-33.44151],[18.96453,-33.44165],[18.96437,-33.44182],[18.96423,-33.44198],[18.96403,-33.44221],[18.96376,-33.44257],[18.96355,-33.44288],[18.96268,-33.44417],[18.96236,-33.44467],[18.96212,-33.44503],[18.96152,-33.44592],[18.96136,-33.44616],[18.96118,-33.44644],[18.96093,-33.44686],[18.96061,-33.44747],[18.96046,-33.44784],[18.96038,-33.44811],[18.96031,-33.44834],[18.96025,-33.44857],[18.96021,-33.44874],[18.96017,-33.44899],[18.96013,-33.44921],[18.9601,-33.44953],[18.96008,-33.44976],[18.96008,-33.45013],[18.9601,-33.45085],[18.96013,-33.4516],[18.96014,-33.45217],[18.96019,-33.45396],[18.9602,-33.45439],[18.96023,-33.45544],[18.96028,-33.45707],[18.96032,-33.4587],[18.96036,-33.45923],[18.96039,-33.45952],[18.96043,-33.45974],[18.96048,-33.46001],[18.96054,-33.46025],[18.96059,-33.46043],[18.96066,-33.46066],[18.9608,-33.46107],[18.96109,-33.46189]]}},{"type":"Feature","properties":{"id":"way/275608817","name":"Unnamed","network":"PRASA"},"geometry":{"type":"LineString","coordinates":[[19.20304,-33.4452],[19.20377,-33.44601]]}},{"type":"Feature","properties":{"id":"way/275608818","name":"Unnamed","network":"PRASA"},"geometry":{"type":"LineString","coordinates":[[19.20377,-33.44601],[19.20473,-33.44711],[19.20531,-33.44775],[19.20566,-33.44812]]}},{"type":"Feature","properties":{"id":"way/335295655","name":"Unnamed","network":"PRASA"},"geometry":{"type":"LineString","coordinates":[[18.65499,-33.58471],[18.65489,-33.5846],[18.65481,-33.58451]]}},{"type":"Feature","properties":{"id":"way/364020781","name":"Unnamed","network":"PRASA"},"geometry":{"type":"LineString","coordinates":[[19.11904,-33.32424],[19.12009,-33.32514],[19.12044,-33.3255],[19.12074,-33.32585],[19.12104,-33.32631],[19.12126,-33.32669],[19.12149,-33.32716],[19.1217,-33.32769],[19.12187,-33.32816],[19.12199,-33.32844],[19.12225,-33.32907],[19.12261,-33.32969],[19.12287,-33.33007],[19.12346,-33.33085],[19.12442,-33.33219],[19.12464,-33.33246],[19.12488,-33.33271],[19.12523,-33.33305],[19.12597,-33.33361],[19.12676,-33.33421],[19.12753,-33.33482],[19.12957,-33.33636],[19.13147,-33.33783],[19.13239,-33.33851],[19.13272,-33.3388],[19.13327,-33.3394],[19.13349,-33.33973],[19.1338,-33.34026],[19.134,-33.34067],[19.13467,-33.34214],[19.13488,-33.34258],[19.135,-33.3428],[19.13516,-33.34307],[19.1353,-33.34326],[19.13567,-33.34379],[19.13592,-33.34413],[19.13645,-33.34509],[19.13669,-33.34564],[19.13685,-33.34631],[19.13694,-33.347],[19.13707,-33.34756],[19.13735,-33.34833],[19.13745,-33.34859],[19.13757,-33.34884],[19.13764,-33.34897],[19.13773,-33.34914],[19.13784,-33.34933],[19.13802,-33.34957],[19.13823,-33.34979],[19.1384,-33.34995],[19.13876,-33.35023],[19.13928,-33.3506],[19.1397,-33.35089],[19.14001,-33.35112],[19.14025,-33.35129],[19.14043,-33.35145],[19.14061,-33.35161],[19.14081,-33.35182],[19.14099,-33.35207],[19.14112,-33.35226],[19.14123,-33.35248],[19.14131,-33.35267],[19.14137,-33.35287],[19.14144,-33.35314],[19.14149,-33.35351],[19.14153,-33.35382],[19.14158,-33.35414],[19.14165,-33.35438],[19.14175,-33.35462],[19.14184,-33.3548],[19.14196,-33.35498],[19.14212,-33.3552],[19.14227,-33.35537],[19.14264,-33.35571],[19.14299,-33.35603],[19.14326,-33.3563],[19.14356,-33.35663],[19.14378,-33.35689],[19.14394,-33.35711],[19.1442,-33.35748],[19.14438,-33.35774],[19.14458,-33.35802],[19.14474,-33.3582],[19.14497,-33.35844],[19.14521,-33.35867],[19.14545,-33.35885],[19.14629,-33.35956]]}},{"type":"Feature","properties":{"id":"way/364020783","name":"Unnamed","network":"PRASA"},"geometry":{"type":"LineString","coordinates":[[19.11853,-33.32383],[19.11904,-33.32424]]}},{"type":"Feature","properties":{"id":"way/366210720","name":"Unnamed","network":"PRASA"},"geometry":{"type":"LineString","coordinates":[[19.31857,-33.60853],[19.31885,-33.60862]]}},{"type":"Feature","properties":{"id":"way/366210721","name":"Unnamed","network":"PRASA"},"geometry":{"type":"LineString","coordinates":[[19.38751,-33.63409],[19.38783,-33.63431],[19.38872,-33.63491],[19.38933,-33.63531],[19.3897,-33.63554],[19.38994,-33.63566],[19.39032,-33.63585],[19.39064,-33.63599],[19.39137,-33.63626],[19.39198,-33.63643],[19.39235,-33.63652],[19.39271,-33.63659],[19.39308,-33.63665],[19.39349,-33.6367],[19.39388,-33.63673],[19.39459,-33.63678],[19.39542,-33.63683],[19.39701,-33.63694],[19.40181,-33.63724],[19.40354,-33.63736],[19.40473,-33.63743],[19.4064,-33.63754],[19.40792,-33.63764],[19.40875,-33.6377],[19.4107,-33.63782],[19.41243,-33.63793],[19.41371,-33.63802],[19.41454,-33.63807],[19.41866,-33.63833],[19.42243,-33.63858]]}},{"type":"Feature","properties":{"id":"way/374375676","name":"Unnamed","network":"PRASA"},"geometry":{"type":"LineString","coordinates":[[18.61245,-34.0149],[18.61266,-34.01503],[18.61295,-34.01521],[18.6132,-34.01537],[18.61351,-34.01554],[18.61378,-34.01569],[18.61411,-34.01588],[18.61418,-34.01592],[18.61456,-34.01614],[18.615,-34.01639],[18.61542,-34.01663],[18.61574,-34.01682],[18.6164,-34.01719],[18.61686,-34.01745],[18.6173,-34.01771],[18.61751,-34.01783],[18.61798,-34.0181],[18.61833,-34.01829],[18.61861,-34.01843],[18.61883,-34.01853],[18.61895,-34.01858],[18.61914,-34.01865],[18.61935,-34.01873],[18.6197,-34.01885],[18.61986,-34.01889],[18.61999,-34.01893],[18.62014,-34.01896],[18.62033,-34.019],[18.62057,-34.01905],[18.62077,-34.01908],[18.62095,-34.01911],[18.62114,-34.01914],[18.62135,-34.01916],[18.62155,-34.01917],[18.62182,-34.01918],[18.62205,-34.01918],[18.62219,-34.01919],[18.62246,-34.01918],[18.62302,-34.01915],[18.62456,-34.01905]]}},{"type":"Feature","properties":{"id":"way/382573704","name":"Unnamed","network":"PRASA"},"geometry":{"type":"LineString","coordinates":[[18.69313,-34.05497],[18.69343,-34.05497]]}},{"type":"Feature","properties":{"id":"way/382573705","name":"Unnamed","network":"PRASA"},"geometry":{"type":"LineString","coordinates":[[18.69374,-34.05497],[18.69441,-34.05496],[18.6952,-34.05496],[18.6962,-34.05495],[18.69661,-34.05495],[18.69717,-34.05494],[18.6977,-34.05493],[18.69791,-34.05492],[18.69862,-34.0549],[18.69883,-34.0549],[18.699,-34.05489],[18.69936,-34.05489],[18.70014,-34.05488],[18.70088,-34.05488],[18.70207,-34.05486],[18.70343,-34.05485],[18.70354,-34.05485],[18.70457,-34.05485],[18.70493,-34.05486],[18.7052,-34.05486],[18.70525,-34.05486],[18.70617,-34.05487],[18.70699,-34.05487],[18.70722,-34.05487]]}},{"type":"Feature","properties":{"id":"way/421137047","name":"Unnamed","network":"PRASA"},"geometry":{"type":"LineString","coordinates":[[18.70114,-33.47927],[18.70153,-33.47921],[18.70189,-33.47916],[18.70231,-33.47914],[18.70303,-33.47912],[18.70387,-33.47912],[18.7048,-33.4791],[18.7053,-33.47908],[18.70591,-33.47899],[18.70633,-33.47892],[18.70676,-33.47882],[18.70719,-33.47871],[18.70786,-33.47848],[18.70855,-33.4782],[18.70907,-33.47791],[18.70965,-33.47758],[18.71022,-33.47714]]}},{"type":"Feature","properties":{"id":"way/424212321","name":"Northern Line","network":"PRASA"},"geometry":{"type":"LineString","coordinates":[[18.42663,-33.92148],[18.42671,-33.92154]]}},{"type":"Feature","properties":{"id":"way/424465037","name":"Unnamed","network":"PRASA"},"geometry":{"type":"LineString","coordinates":[[18.66968,-34.04501],[18.66973,-34.04519],[18.66977,-34.04536],[18.66977,-34.04537],[18.66984,-34.04562],[18.66993,-34.046],[18.67001,-34.04629],[18.67007,-34.04646],[18.67015,-34.04671],[18.67029,-34.04712],[18.67048,-34.04763],[18.6707,-34.04823],[18.67092,-34.04884],[18.67103,-34.04908],[18.6712,-34.04944],[18.67136,-34.04978],[18.67149,-34.05004],[18.6716,-34.05028]]}},{"type":"Feature","properties":{"id":"way/424465038","name":"Unnamed","network":"PRASA"},"geometry":{"type":"LineString","coordinates":[[18.67164,-34.05026],[18.67157,-34.05001],[18.67149,-34.04972],[18.67142,-34.04944],[18.67135,-34.04917],[18.6713,-34.04898],[18.67123,-34.04876],[18.67098,-34.04806],[18.67062,-34.04707],[18.67047,-34.04664],[18.67041,-34.04647],[18.67033,-34.04628],[18.67026,-34.04614],[18.67003,-34.04565],[18.66987,-34.04531],[18.66987,-34.04531],[18.6698,-34.04517],[18.66972,-34.045]]}},{"type":"Feature","properties":{"id":"way/424465041","name":"Unnamed","network":"PRASA"},"geometry":{"type":"LineString","coordinates":[[18.69083,-34.0549],[18.69016,-34.05491],[18.68936,-34.05492],[18.6883,-34.05492],[18.68682,-34.05493],[18.686,-34.05494],[18.68498,-34.05495],[18.68424,-34.05495],[18.68385,-34.05495],[18.68376,-34.05495],[18.6831,-34.05496],[18.68208,-34.05497],[18.68086,-34.05497],[18.67945,-34.05498],[18.67903,-34.05499],[18.67858,-34.05499],[18.67836,-34.05498],[18.67828,-34.05498],[18.67811,-34.05497],[18.67796,-34.05495],[18.67773,-34.05493],[18.67755,-34.0549],[18.67738,-34.05488],[18.67726,-34.05486]]}},{"type":"Feature","properties":{"id":"way/424465042","name":"Unnamed","network":"PRASA"},"geometry":{"type":"LineString","coordinates":[[18.71061,-34.05474],[18.71039,-34.05474],[18.71013,-34.05474]]}},{"type":"Feature","properties":{"id":"way/424465044","name":"Unnamed","network":"PRASA"},"geometry":{"type":"LineString","coordinates":[[18.70287,-34.05482],[18.70307,-34.05484],[18.70321,-34.05485],[18.70343,-34.05485]]}},{"type":"Feature","properties":{"id":"way/424465045","name":"Unnamed","network":"PRASA"},"geometry":{"type":"LineString","coordinates":[[18.66965,-34.04481],[18.66959,-34.04467],[18.66955,-34.04458],[18.66951,-34.0445],[18.66945,-34.04438]]}},{"type":"Feature","properties":{"id":"way/424465047","name":"Unnamed","network":"PRASA"},"geometry":{"type":"LineString","coordinates":[[18.66937,-34.04417],[18.66934,-34.04406],[18.66933,-34.04399],[18.6693,-34.04387],[18.66925,-34.04371]]}},{"type":"Feature","properties":{"id":"way/424465048","name":"Unnamed","network":"PRASA"},"geometry":{"type":"LineString","coordinates":[[18.67726,-34.05486],[18.67708,-34.05482],[18.67679,-34.05476],[18.67644,-34.05467],[18.67609,-34.05457],[18.67591,-34.05451],[18.67559,-34.05438],[18.67531,-34.05426],[18.67494,-34.05409],[18.67468,-34.05395],[18.6743,-34.05372],[18.67401,-34.05352],[18.67375,-34.05333],[18.67348,-34.0531],[18.67323,-34.05287],[18.67298,-34.05261],[18.67282,-34.05244],[18.67268,-34.05226],[18.67254,-34.05208],[18.67238,-34.05185],[18.6722,-34.05156],[18.67206,-34.0513],[18.67197,-34.05112],[18.67188,-34.05091],[18.67183,-34.05077],[18.67179,-34.05068],[18.67164,-34.05026],[18.67151,-34.04991],[18.6713,-34.04934],[18.67107,-34.0487]]}},{"type":"Feature","properties":{"id":"way/424466024","name":"Unnamed","network":"PRASA"},"geometry":{"type":"LineString","coordinates":[[18.65958,-34.01894],[18.65977,-34.01911],[18.65997,-34.0193],[18.66009,-34.01943],[18.66018,-34.01954],[18.6603,-34.01969],[18.66037,-34.01979],[18.66047,-34.01992],[18.66055,-34.02005],[18.66067,-34.02026],[18.66076,-34.02044],[18.66082,-34.02055],[18.66087,-34.02067],[18.66097,-34.02093],[18.66122,-34.02161],[18.66137,-34.02203],[18.66149,-34.02236]]}},{"type":"Feature","properties":{"id":"way/424466027","name":"Unnamed","network":"PRASA"},"geometry":{"type":"LineString","coordinates":[[18.66175,-34.02305],[18.66167,-34.0229],[18.66163,-34.02282],[18.66157,-34.02268]]}},{"type":"Feature","properties":{"id":"way/424466028","name":"Unnamed","network":"PRASA"},"geometry":{"type":"LineString","coordinates":[[18.66148,-34.02244],[18.66143,-34.02225],[18.66141,-34.02217],[18.66137,-34.02203]]}},{"type":"Feature","properties":{"id":"way/424466029","name":"Unnamed","network":"PRASA"},"geometry":{"type":"LineString","coordinates":[[18.59099,-34.01288],[18.59115,-34.01286],[18.59148,-34.01284],[18.5918,-34.01282],[18.59244,-34.01277],[18.59288,-34.01274],[18.59322,-34.01272],[18.59343,-34.0127],[18.59362,-34.0127],[18.5938,-34.0127],[18.59418,-34.01271],[18.59436,-34.01272],[18.59453,-34.01273],[18.59462,-34.01273],[18.59477,-34.01275],[18.59499,-34.01277],[18.59519,-34.01279],[18.59548,-34.01284],[18.5957,-34.01288],[18.59594,-34.01293],[18.59615,-34.01297],[18.59641,-34.01304],[18.59662,-34.01309],[18.59684,-34.01316],[18.59719,-34.01328],[18.5975,-34.0134],[18.59781,-34.01353],[18.59811,-34.01366],[18.59862,-34.01389],[18.59898,-34.01405],[18.59918,-34.01412],[18.59938,-34.01419],[18.59959,-34.01426],[18.5998,-34.01432],[18.6,-34.01437],[18.60018,-34.01441],[18.60035,-34.01445],[18.60051,-34.01448],[18.60075,-34.01452],[18.60093,-34.01454],[18.60116,-34.01456],[18.60147,-34.01459],[18.60171,-34.01459],[18.60203,-34.01459],[18.60233,-34.01458],[18.6028,-34.01455],[18.60329,-34.01451],[18.60371,-34.01448],[18.60402,-34.01445],[18.60429,-34.01443],[18.60455,-34.01441],[18.6049,-34.01436],[18.60505,-34.01434],[18.60559,-34.01425],[18.60594,-34.01419],[18.6061,-34.01416]]}},{"type":"Feature","properties":{"id":"way/424559282","name":"Unnamed","network":"PRASA"},"geometry":{"type":"LineString","coordinates":[[18.55984,-33.99472],[18.55985,-33.9945],[18.55988,-33.99421],[18.55991,-33.99375],[18.55995,-33.99335],[18.55998,-33.99287],[18.56002,-33.99242],[18.56004,-33.99205]]}},{"type":"Feature","properties":{"id":"way/424559284","name":"Unnamed","network":"PRASA"},"geometry":{"type":"LineString","coordinates":[[18.5597,-33.99591],[18.55977,-33.99568],[18.55981,-33.99554],[18.55983,-33.99545],[18.55986,-33.99534],[18.55988,-33.99527],[18.55989,-33.9952],[18.55994,-33.99493],[18.55996,-33.99481],[18.55999,-33.99464],[18.56002,-33.99446],[18.56004,-33.99428],[18.56006,-33.9941],[18.56015,-33.99294]]}},{"type":"Feature","properties":{"id":"way/424559286","name":"Unnamed","network":"PRASA"},"geometry":{"type":"LineString","coordinates":[[18.5596,-33.99553],[18.55961,-33.99543],[18.55962,-33.99522]]}},{"type":"Feature","properties":{"id":"way/424559287","name":"Unnamed","network":"PRASA"},"geometry":{"type":"LineString","coordinates":[[18.55998,-33.99069],[18.55999,-33.99045],[18.56,-33.99035]]}},{"type":"Feature","properties":{"id":"way/424559288","name":"Unnamed","network":"PRASA"},"geometry":{"type":"LineString","coordinates":[[18.56019,-33.99075],[18.56018,-33.99054],[18.56017,-33.99041]]}},{"type":"Feature","properties":{"id":"way/424559290","name":"Unnamed","network":"PRASA"},"geometry":{"type":"LineString","coordinates":[[18.55988,-33.99552],[18.5599,-33.99528],[18.55992,-33.99516],[18.55994,-33.99493]]}},{"type":"Feature","properties":{"id":"way/424559291","name":"Unnamed","network":"PRASA"},"geometry":{"type":"LineString","coordinates":[[18.55996,-33.99096],[18.55999,-33.99074],[18.56002,-33.99059],[18.56004,-33.99046],[18.56005,-33.99036],[18.56005,-33.9903],[18.56006,-33.99016]]}},{"type":"Feature","properties":{"id":"way/424559293","name":"Unnamed","network":"PRASA"},"geometry":{"type":"LineString","coordinates":[[18.56021,-33.99118],[18.5602,-33.9909],[18.56019,-33.99081],[18.56019,-33.99075],[18.56019,-33.99055],[18.56019,-33.99046],[18.5602,-33.99038],[18.5602,-33.99025]]}},{"type":"Feature","properties":{"id":"way/424559320","name":"Unnamed","network":"PRASA"},"geometry":{"type":"LineString","coordinates":[[18.56065,-34.00036],[18.56072,-34.00044],[18.56086,-34.00061],[18.5612,-34.00098],[18.56163,-34.00144],[18.5619,-34.00173],[18.56219,-34.00205],[18.56255,-34.00247],[18.56282,-34.00281],[18.56316,-34.00321],[18.56346,-34.00358],[18.56361,-34.00379],[18.5637,-34.00391],[18.56381,-34.0041],[18.5639,-34.00424],[18.56401,-34.00445],[18.56408,-34.0046],[18.56415,-34.00475],[18.56418,-34.00482],[18.56425,-34.005],[18.56431,-34.00519],[18.56444,-34.0056],[18.56451,-34.00584],[18.56462,-34.00619],[18.56464,-34.00627],[18.56473,-34.0066],[18.56487,-34.00704],[18.56501,-34.00753],[18.56512,-34.00786],[18.56513,-34.0079],[18.56519,-34.00806],[18.56525,-34.00821],[18.56534,-34.00841],[18.56541,-34.00857],[18.56549,-34.00872],[18.5656,-34.00891],[18.56573,-34.00913],[18.56579,-34.00923],[18.5659,-34.0094],[18.56605,-34.0096],[18.56618,-34.00977],[18.56627,-34.00988],[18.5664,-34.01004],[18.56656,-34.01021],[18.56669,-34.01034],[18.56685,-34.0105],[18.56702,-34.01066],[18.56722,-34.01083],[18.56742,-34.01099],[18.56766,-34.01116],[18.56789,-34.01132],[18.56816,-34.0115],[18.56862,-34.01179],[18.56903,-34.01205],[18.56946,-34.01232],[18.56961,-34.01242],[18.56989,-34.0126],[18.57029,-34.01284],[18.57054,-34.01298],[18.57076,-34.0131],[18.57103,-34.01323],[18.57108,-34.01325],[18.57128,-34.01334],[18.57152,-34.01344],[18.57178,-34.01354],[18.57205,-34.01362],[18.5723,-34.0137],[18.5725,-34.01376],[18.57278,-34.01382],[18.57304,-34.01388],[18.57334,-34.01393],[18.57352,-34.01396],[18.57381,-34.01399],[18.57396,-34.01401],[18.57402,-34.01401],[18.5742,-34.01402],[18.57442,-34.01403],[18.57466,-34.01404],[18.57494,-34.01404],[18.57527,-34.01403],[18.57554,-34.01401],[18.57595,-34.01398],[18.57655,-34.01394],[18.57736,-34.01388],[18.5781,-34.01383],[18.57839,-34.01381]]}},{"type":"Feature","properties":{"id":"way/424559346","name":"Unnamed","network":"PRASA"},"geometry":{"type":"LineString","coordinates":[[18.55954,-33.99573],[18.55955,-33.99556],[18.55957,-33.99538],[18.55959,-33.99516],[18.55961,-33.99479],[18.55966,-33.99421],[18.55971,-33.99354],[18.55975,-33.99306],[18.55977,-33.99281]]}},{"type":"Feature","properties":{"id":"way/424559354","name":"Unnamed","network":"PRASA"},"geometry":{"type":"LineString","coordinates":[[18.56451,-34.00672],[18.56444,-34.00649]]}},{"type":"Feature","properties":{"id":"way/424559356","name":"Unnamed","network":"PRASA"},"geometry":{"type":"LineString","coordinates":[[18.6167,-34.01727],[18.61694,-34.01741],[18.61705,-34.01748],[18.61724,-34.0176],[18.6175,-34.01776],[18.61774,-34.01791],[18.6179,-34.018],[18.61812,-34.01812],[18.61828,-34.0182],[18.61839,-34.01825],[18.61886,-34.01846],[18.61907,-34.01854],[18.61936,-34.01865],[18.6196,-34.01873],[18.61982,-34.01879],[18.62008,-34.01886],[18.62029,-34.0189],[18.62052,-34.01895],[18.62079,-34.01899],[18.621,-34.01902],[18.62129,-34.01905],[18.62147,-34.01906],[18.62169,-34.01907],[18.62206,-34.01908],[18.62233,-34.01907],[18.62295,-34.01904],[18.6247,-34.01893],[18.62608,-34.01884]]}},{"type":"Feature","properties":{"id":"way/424559363","name":"Unnamed","network":"PRASA"},"geometry":{"type":"LineString","coordinates":[[18.56468,-34.00673],[18.56464,-34.00658],[18.56462,-34.00652]]}},{"type":"Feature","properties":{"id":"way/424559368","name":"Unnamed","network":"PRASA"},"geometry":{"type":"LineString","coordinates":[[18.56474,-34.00676],[18.56471,-34.00662],[18.56469,-34.00651],[18.56464,-34.00627]]}},{"type":"Feature","properties":{"id":"way/424559380","name":"Unnamed","network":"PRASA"},"geometry":{"type":"LineString","coordinates":[[18.58128,-34.0136],[18.58103,-34.01364],[18.58085,-34.01366],[18.58076,-34.01368],[18.5806,-34.0137]]}},{"type":"Feature","properties":{"id":"way/424559382","name":"Unnamed","network":"PRASA"},"geometry":{"type":"LineString","coordinates":[[18.58035,-34.01367],[18.58,-34.01369],[18.57961,-34.01372],[18.57888,-34.01377],[18.57839,-34.01381]]}},{"type":"Feature","properties":{"id":"way/424559384","name":"Unnamed","network":"PRASA"},"geometry":{"type":"LineString","coordinates":[[18.56462,-34.00619],[18.56457,-34.006],[18.56455,-34.0059],[18.56453,-34.0058],[18.56449,-34.00562]]}},{"type":"Feature","properties":{"id":"way/424559389","name":"Unnamed","network":"PRASA"},"geometry":{"type":"LineString","coordinates":[[18.56039,-34.00018],[18.56036,-34.00014],[18.56027,-34],[18.56019,-33.99989],[18.56012,-33.99978],[18.56008,-33.9997],[18.56,-33.99957],[18.55995,-33.99946],[18.55989,-33.99935],[18.55984,-33.99923],[18.5598,-33.99913],[18.55974,-33.99899],[18.55969,-33.99883],[18.55963,-33.99867],[18.55959,-33.99853],[18.55956,-33.9984],[18.55953,-33.99826],[18.5595,-33.99812],[18.55948,-33.99801],[18.55947,-33.9979],[18.55946,-33.99777],[18.55945,-33.99764],[18.55944,-33.99752],[18.55944,-33.99742],[18.55944,-33.99728],[18.55944,-33.99714],[18.55945,-33.99691],[18.55948,-33.99656],[18.5595,-33.99623],[18.55953,-33.99594],[18.55954,-33.9958],[18.55954,-33.99573]]}},{"type":"Feature","properties":{"id":"way/424559394","name":"Unnamed","network":"PRASA"},"geometry":{"type":"LineString","coordinates":[[18.5803,-34.01372],[18.58,-34.01374],[18.57966,-34.01377],[18.57888,-34.01382],[18.57839,-34.01386],[18.57809,-34.01388],[18.57734,-34.01393],[18.57655,-34.01399],[18.57596,-34.01403],[18.57554,-34.01406],[18.5753,-34.01408],[18.57498,-34.01409],[18.57488,-34.01409],[18.57466,-34.01409],[18.57442,-34.01408],[18.57421,-34.01408],[18.57408,-34.01407],[18.57398,-34.01406],[18.5739,-34.01405],[18.57377,-34.01404],[18.57352,-34.01401],[18.57332,-34.01399],[18.57307,-34.01395],[18.57281,-34.0139],[18.57256,-34.01384],[18.57245,-34.01382],[18.57224,-34.01376],[18.57198,-34.01369],[18.57184,-34.01365],[18.57171,-34.0136],[18.57146,-34.01352],[18.57115,-34.0134],[18.57103,-34.01336],[18.57092,-34.01332],[18.5704,-34.01312],[18.56991,-34.01294],[18.56951,-34.01279],[18.56936,-34.01274],[18.56905,-34.01263],[18.56875,-34.0125],[18.56853,-34.01241],[18.56829,-34.0123],[18.56805,-34.01218],[18.56783,-34.01206],[18.56765,-34.01194],[18.56745,-34.01181],[18.56726,-34.01168],[18.56704,-34.01151],[18.56694,-34.01142],[18.56676,-34.01126],[18.56664,-34.01115],[18.56659,-34.0111],[18.56648,-34.01099],[18.56634,-34.01084],[18.56619,-34.01065],[18.56608,-34.01051],[18.56598,-34.01038],[18.56583,-34.01014],[18.56575,-34.01001],[18.56565,-34.00983],[18.56557,-34.00968],[18.56552,-34.00957],[18.56543,-34.00936],[18.5654,-34.00927],[18.56536,-34.00916],[18.56531,-34.00903],[18.56525,-34.00885],[18.56519,-34.00864],[18.56508,-34.00826],[18.56496,-34.00786],[18.56481,-34.00738]]}},{"type":"Feature","properties":{"id":"way/424559400","name":"Unnamed","network":"PRASA"},"geometry":{"type":"LineString","coordinates":[[18.58035,-34.01367],[18.5806,-34.01365],[18.58097,-34.01362],[18.58128,-34.0136]]}},{"type":"Feature","properties":{"id":"way/424559410","name":"Unnamed","network":"PRASA"},"geometry":{"type":"LineString","coordinates":[[18.5806,-34.0137],[18.58104,-34.01367],[18.58145,-34.01364]]}},{"type":"Feature","properties":{"id":"way/424577039","name":"Unnamed","network":"PRASA"},"geometry":{"type":"LineString","coordinates":[[18.56368,-33.95142],[18.56368,-33.95122],[18.56368,-33.95115],[18.56368,-33.95098]]}},{"type":"Feature","properties":{"id":"way/424577040","name":"Unnamed","network":"PRASA"},"geometry":{"type":"LineString","coordinates":[[18.56362,-33.94948],[18.56371,-33.94973],[18.56376,-33.94986],[18.56381,-33.95001],[18.56384,-33.95014],[18.56386,-33.95024],[18.56388,-33.95037],[18.5639,-33.95046],[18.56391,-33.95059],[18.56391,-33.9507],[18.56391,-33.95085],[18.5639,-33.95095],[18.56389,-33.95117]]}},{"type":"Feature","properties":{"id":"way/424577042","name":"Unnamed","network":"PRASA"},"geometry":{"type":"LineString","coordinates":[[18.56336,-33.95523],[18.56341,-33.95502],[18.56349,-33.95467],[18.56355,-33.95436],[18.56358,-33.95417],[18.5636,-33.954],[18.56362,-33.95378],[18.56364,-33.95359],[18.56367,-33.95323],[18.56372,-33.95277],[18.56374,-33.95264]]}},{"type":"Feature","properties":{"id":"way/424577044","name":"Unnamed","network":"PRASA"},"geometry":{"type":"LineString","coordinates":[[18.56001,-33.98964],[18.56005,-33.98921],[18.56007,-33.98887],[18.56011,-33.98832],[18.56016,-33.98775],[18.56019,-33.9874],[18.56021,-33.98699],[18.56025,-33.9865],[18.56028,-33.98621],[18.56032,-33.98563],[18.5604,-33.98469],[18.56046,-33.98379],[18.56051,-33.98314],[18.56057,-33.98241]]}},{"type":"Feature","properties":{"id":"way/424577048","name":"Unnamed","network":"PRASA"},"geometry":{"type":"LineString","coordinates":[[18.56012,-33.98983],[18.56013,-33.98963],[18.56015,-33.98925],[18.56018,-33.98893],[18.5602,-33.98863],[18.56022,-33.98834],[18.56024,-33.98806],[18.56028,-33.98756],[18.56032,-33.98704],[18.56038,-33.98629],[18.56041,-33.98579],[18.56045,-33.9853],[18.56052,-33.98446],[18.56057,-33.98375],[18.56062,-33.98313],[18.56067,-33.98241],[18.56075,-33.98141],[18.56079,-33.98089],[18.56083,-33.98034],[18.5609,-33.97943],[18.56094,-33.97893],[18.561,-33.97832],[18.56106,-33.97778],[18.56113,-33.97709],[18.56118,-33.9766],[18.56127,-33.97577],[18.56134,-33.97507],[18.56143,-33.97412]]}},{"type":"Feature","properties":{"id":"way/424577051","name":"Unnamed","network":"PRASA"},"geometry":{"type":"LineString","coordinates":[[18.56143,-33.97412],[18.56152,-33.97327],[18.56161,-33.9725],[18.56167,-33.97211],[18.56175,-33.97163],[18.56176,-33.97152],[18.56179,-33.97133],[18.5618,-33.97129],[18.56183,-33.97107],[18.56191,-33.97043],[18.562,-33.96959],[18.56207,-33.96889]]}},{"type":"Feature","properties":{"id":"way/424577053","name":"Unnamed","network":"PRASA"},"geometry":{"type":"LineString","coordinates":[[18.56371,-33.95113],[18.56374,-33.95099],[18.56376,-33.95089]]}},{"type":"Feature","properties":{"id":"way/424577054","name":"Unnamed","network":"PRASA"},"geometry":{"type":"LineString","coordinates":[[18.56336,-33.95456],[18.56334,-33.9547],[18.56333,-33.95483]]}},{"type":"Feature","properties":{"id":"way/424577056","name":"Unnamed","network":"PRASA"},"geometry":{"type":"LineString","coordinates":[[18.56341,-33.94858],[18.56352,-33.9489],[18.56362,-33.94916],[18.56368,-33.94935],[18.56378,-33.94962],[18.56385,-33.94982],[18.56388,-33.9499],[18.56391,-33.94999],[18.56395,-33.95013],[18.56398,-33.95027],[18.564,-33.95038],[18.56401,-33.95049],[18.56403,-33.95065],[18.56405,-33.95081],[18.56405,-33.95095],[18.56405,-33.9511],[18.56404,-33.95127],[18.56403,-33.95148],[18.564,-33.95173],[18.5639,-33.95275]]}},{"type":"Feature","properties":{"id":"way/424577061","name":"Unnamed","network":"PRASA"},"geometry":{"type":"LineString","coordinates":[[18.56057,-33.98241],[18.56069,-33.98087],[18.5608,-33.97943],[18.56088,-33.97847],[18.56111,-33.97628],[18.56123,-33.97506],[18.5613,-33.97438],[18.56139,-33.97358],[18.56145,-33.97297],[18.56154,-33.97203],[18.56158,-33.97168],[18.56159,-33.97152],[18.56161,-33.97132],[18.56164,-33.97106],[18.56171,-33.97042],[18.56175,-33.96993],[18.56186,-33.96889]]}},{"type":"Feature","properties":{"id":"way/424577064","name":"Unnamed","network":"PRASA"},"geometry":{"type":"LineString","coordinates":[[18.56327,-33.95501],[18.5633,-33.95482],[18.56333,-33.95469],[18.56336,-33.95456],[18.56337,-33.95446],[18.56338,-33.95432]]}},{"type":"Feature","properties":{"id":"way/428826035","name":"Unnamed","network":"PRASA"},"geometry":{"type":"LineString","coordinates":[[18.46707,-33.97399],[18.46703,-33.97378],[18.46698,-33.9736],[18.46696,-33.97351],[18.46695,-33.97346]]}},{"type":"Feature","properties":{"id":"way/428936290","name":"Unnamed","network":"PRASA"},"geometry":{"type":"LineString","coordinates":[[18.43068,-33.92503],[18.43084,-33.92508],[18.43095,-33.92511],[18.43108,-33.92514],[18.43126,-33.92518],[18.43153,-33.92523]]}},{"type":"Feature","properties":{"id":"way/430055071","name":"Unnamed","network":"PRASA"},"geometry":{"type":"LineString","coordinates":[[18.62034,-34.06846],[18.62034,-34.06839],[18.62035,-34.06832],[18.62035,-34.06827],[18.62038,-34.06817],[18.6204,-34.06806],[18.62044,-34.06794],[18.62055,-34.06757],[18.62072,-34.06702]]}},{"type":"Feature","properties":{"id":"way/430055073","name":"Unnamed","network":"PRASA"},"geometry":{"type":"LineString","coordinates":[[18.57963,-34.01367],[18.57995,-34.01367],[18.58035,-34.01367]]}},{"type":"Feature","properties":{"id":"way/430055074","name":"Unnamed","network":"PRASA"},"geometry":{"type":"LineString","coordinates":[[18.57965,-34.01381],[18.57989,-34.01378],[18.58006,-34.01375],[18.5803,-34.01372]]}},{"type":"Feature","properties":{"id":"way/430055075","name":"Unnamed","network":"PRASA"},"geometry":{"type":"LineString","coordinates":[[18.61751,-34.01783],[18.61774,-34.01795],[18.61782,-34.01798],[18.61793,-34.01803],[18.61812,-34.01812]]}},{"type":"Feature","properties":{"id":"way/430055076","name":"Unnamed","network":"PRASA"},"geometry":{"type":"LineString","coordinates":[[18.61411,-34.01588],[18.61387,-34.01573],[18.61373,-34.01563],[18.61365,-34.01558],[18.6136,-34.01554],[18.6134,-34.01542]]}},{"type":"Feature","properties":{"id":"way/430055077","name":"Unnamed","network":"PRASA"},"geometry":{"type":"LineString","coordinates":[[18.61496,-34.01631],[18.61476,-34.01621],[18.61463,-34.01614],[18.61451,-34.01609],[18.61441,-34.01604],[18.61418,-34.01592]]}},{"type":"Feature","properties":{"id":"way/430055078","name":"Unnamed","network":"PRASA"},"geometry":{"type":"LineString","coordinates":[[18.60372,-34.01469],[18.60411,-34.0146],[18.60445,-34.01452],[18.60484,-34.01442],[18.60512,-34.01436],[18.60529,-34.01432],[18.60559,-34.01425]]}},{"type":"Feature","properties":{"id":"way/430059472","name":"Unnamed","network":"PRASA"},"geometry":{"type":"LineString","coordinates":[[18.58148,-34.01358],[18.58205,-34.01355],[18.58219,-34.01354],[18.58332,-34.01345],[18.58377,-34.01342],[18.58396,-34.01341]]}},{"type":"Feature","properties":{"id":"way/430059473","name":"Unnamed","network":"PRASA"},"geometry":{"type":"LineString","coordinates":[[18.59035,-34.01296],[18.5906,-34.01293],[18.59072,-34.01291],[18.59099,-34.01288]]}},{"type":"Feature","properties":{"id":"way/430059474","name":"Unnamed","network":"PRASA"},"geometry":{"type":"LineString","coordinates":[[18.59033,-34.01301],[18.59053,-34.013],[18.59062,-34.013],[18.59074,-34.013],[18.59101,-34.013]]}},{"type":"Feature","properties":{"id":"way/430059475","name":"Unnamed","network":"PRASA"},"geometry":{"type":"LineString","coordinates":[[18.58145,-34.01364],[18.58205,-34.0136],[18.58213,-34.01359],[18.58332,-34.0135],[18.58378,-34.01347],[18.58398,-34.01346],[18.58503,-34.01339],[18.58687,-34.01326]]}},{"type":"Feature","properties":{"id":"way/430059476","name":"Unnamed","network":"PRASA"},"geometry":{"type":"LineString","coordinates":[[18.58936,-34.01303],[18.58959,-34.01302],[18.58975,-34.01302],[18.58992,-34.01302],[18.59005,-34.01302],[18.59022,-34.01301]]}},{"type":"Feature","properties":{"id":"way/430059477","name":"Unnamed","network":"PRASA"},"geometry":{"type":"LineString","coordinates":[[18.58687,-34.01321],[18.58735,-34.01317],[18.58751,-34.01316],[18.58807,-34.01312],[18.58845,-34.01309],[18.58907,-34.01305],[18.58936,-34.01303],[18.58989,-34.01299],[18.59035,-34.01296]]}},{"type":"Feature","properties":{"id":"way/430125731","name":"Unnamed","network":"PRASA"},"geometry":{"type":"LineString","coordinates":[[18.60574,-33.9401],[18.60641,-33.9399]]}},{"type":"Feature","properties":{"id":"way/435072288","name":"Unnamed","network":"PRASA"},"geometry":{"type":"LineString","coordinates":[[18.56362,-33.94948],[18.5637,-33.94979],[18.56374,-33.95001],[18.56376,-33.95015],[18.56376,-33.95034],[18.56376,-33.95053],[18.56376,-33.95065],[18.56371,-33.95113],[18.56368,-33.95142]]}},{"type":"Feature","properties":{"id":"way/435072290","name":"Unnamed","network":"PRASA"},"geometry":{"type":"LineString","coordinates":[[18.55988,-33.99472],[18.55986,-33.99498]]}},{"type":"Feature","properties":{"id":"way/435072292","name":"Unnamed","network":"PRASA"},"geometry":{"type":"LineString","coordinates":[[18.56001,-33.98964],[18.55998,-33.99004],[18.55997,-33.99014]]}},{"type":"Feature","properties":{"id":"way/435072293","name":"Unnamed","network":"PRASA"},"geometry":{"type":"LineString","coordinates":[[18.56331,-33.94861],[18.56355,-33.94927],[18.56362,-33.94948]]}},{"type":"Feature","properties":{"id":"way/435072296","name":"Unnamed","network":"PRASA"},"geometry":{"type":"LineString","coordinates":[[18.55954,-33.99573],[18.55957,-33.99555],[18.5596,-33.99541],[18.55962,-33.99522],[18.55963,-33.99517],[18.55965,-33.99498],[18.55967,-33.99472]]}},{"type":"Feature","properties":{"id":"way/449083659","name":"Unnamed","network":"PRASA"},"geometry":{"type":"LineString","coordinates":[[18.70207,-34.05486],[18.70227,-34.05485],[18.70237,-34.05484],[18.70263,-34.05483]]}},{"type":"Feature","properties":{"id":"way/449093958","name":"Unnamed","network":"PRASA"},"geometry":{"type":"LineString","coordinates":[[18.62142,-34.06489],[18.62146,-34.06472],[18.62149,-34.06458],[18.62153,-34.06441]]}},{"type":"Feature","properties":{"id":"way/449093960","name":"Unnamed","network":"PRASA"},"geometry":{"type":"LineString","coordinates":[[18.62116,-34.06559],[18.62122,-34.06543],[18.62126,-34.06534],[18.6213,-34.06525],[18.62134,-34.06516]]}},{"type":"Feature","properties":{"id":"way/449138609","name":"Unnamed","network":"PRASA"},"geometry":{"type":"LineString","coordinates":[[18.67616,-33.93178],[18.67597,-33.93156],[18.67591,-33.93148],[18.67585,-33.93142],[18.67571,-33.93126]]}},{"type":"Feature","properties":{"id":"way/484975041","name":"Unnamed","network":"PRASA"},"geometry":{"type":"LineString","coordinates":[[18.71112,-33.47634],[18.71134,-33.47613],[18.71326,-33.47417],[18.71345,-33.47398],[18.71354,-33.47389]]}},{"type":"Feature","properties":{"id":"way/485358446","name":"Unnamed","network":"PRASA"},"geometry":{"type":"LineString","coordinates":[[18.69072,-33.48496],[18.69175,-33.48437],[18.69199,-33.48422],[18.6938,-33.48316],[18.6945,-33.48273],[18.69451,-33.48272],[18.69731,-33.48108],[18.69886,-33.48015],[18.69932,-33.4799],[18.69972,-33.47971],[18.70017,-33.47955],[18.70059,-33.47942],[18.701,-33.4793],[18.70114,-33.47927]]}},{"type":"Feature","properties":{"id":"way/485358447","name":"Unnamed","network":"PRASA"},"geometry":{"type":"LineString","coordinates":[[18.67818,-33.50154],[18.67823,-33.50132],[18.67837,-33.5009],[18.67873,-33.49995],[18.6793,-33.49852],[18.67961,-33.49763],[18.68017,-33.49614],[18.68069,-33.49478],[18.68093,-33.49418],[18.68115,-33.49374],[18.6814,-33.49333],[18.68177,-33.49282],[18.6826,-33.49187],[18.68308,-33.49139],[18.68361,-33.49081],[18.68488,-33.48941],[18.68572,-33.48852],[18.68625,-33.48797],[18.68658,-33.48764],[18.68744,-33.48695],[18.68981,-33.48554],[18.69072,-33.48496]]}},{"type":"Feature","properties":{"id":"way/486032695","name":"Unnamed","network":"PRASA"},"geometry":{"type":"LineString","coordinates":[[18.65481,-33.58451],[18.65463,-33.58431],[18.65217,-33.58167],[18.65093,-33.58033],[18.65057,-33.57994],[18.65016,-33.5795],[18.64995,-33.57925],[18.64978,-33.57903],[18.64966,-33.57887],[18.64951,-33.57864],[18.64941,-33.57848],[18.6493,-33.5783],[18.6492,-33.57812],[18.64904,-33.57776],[18.64901,-33.5777],[18.64886,-33.57733],[18.64876,-33.57704],[18.64855,-33.57629],[18.64843,-33.57586],[18.64805,-33.57447],[18.64748,-33.57229],[18.64725,-33.57143],[18.64717,-33.57112],[18.64713,-33.57099],[18.64706,-33.57072],[18.64701,-33.57055],[18.64695,-33.57026],[18.64685,-33.56979],[18.6468,-33.56943],[18.64681,-33.569],[18.64684,-33.5686],[18.64688,-33.56833],[18.64691,-33.56819],[18.64698,-33.56789],[18.64715,-33.56728],[18.64721,-33.56707],[18.6473,-33.56674],[18.64737,-33.56649],[18.64744,-33.56627],[18.64761,-33.56563],[18.64804,-33.5641],[18.64846,-33.56259],[18.64866,-33.56184],[18.64872,-33.56161],[18.64877,-33.56148],[18.64885,-33.56129],[18.64896,-33.56104],[18.64916,-33.56066],[18.64932,-33.56041],[18.6495,-33.56016],[18.64979,-33.55981],[18.65024,-33.55929],[18.65104,-33.55836],[18.65187,-33.5574],[18.65227,-33.55694],[18.65279,-33.55633],[18.653,-33.55609],[18.65454,-33.55431],[18.65712,-33.55132],[18.6579,-33.55042],[18.65863,-33.54957],[18.65932,-33.54877],[18.66055,-33.54734],[18.66123,-33.54657],[18.66372,-33.54367],[18.66467,-33.54251],[18.66512,-33.54189],[18.6655,-33.54132],[18.66582,-33.54079],[18.66617,-33.54014],[18.66651,-33.53947],[18.66697,-33.53843],[18.66725,-33.53781],[18.66747,-33.53738],[18.6677,-33.53698],[18.66808,-33.53642],[18.67025,-33.5332],[18.67109,-33.53197],[18.67152,-33.53133],[18.67207,-33.53055],[18.67259,-33.52979],[18.67298,-33.52916],[18.67313,-33.52889],[18.67363,-33.52791],[18.67423,-33.52668],[18.67526,-33.52457],[18.67573,-33.52354],[18.67586,-33.52317],[18.6759,-33.52301],[18.67597,-33.52267],[18.67602,-33.52223],[18.67603,-33.52211],[18.67604,-33.52182],[18.67603,-33.52161],[18.67602,-33.52083],[18.67604,-33.52043],[18.6761,-33.52004],[18.67616,-33.51976],[18.67625,-33.51944],[18.67638,-33.51905],[18.67661,-33.5183],[18.6772,-33.5164],[18.67754,-33.51536],[18.67772,-33.51487],[18.67788,-33.51453],[18.67801,-33.51429],[18.67817,-33.51403],[18.67833,-33.51382],[18.67851,-33.5136],[18.67878,-33.51327],[18.67883,-33.51318],[18.67913,-33.51285],[18.67982,-33.51198],[18.67994,-33.51179],[18.6802,-33.51132],[18.68023,-33.51126],[18.68036,-33.51095],[18.68051,-33.5105],[18.6806,-33.51011],[18.68066,-33.50969],[18.68066,-33.50932],[18.68066,-33.50895],[18.68061,-33.5086],[18.68056,-33.50827],[18.68045,-33.50787],[18.68026,-33.50739],[18.68005,-33.507],[18.67979,-33.50655],[18.67931,-33.50585],[18.67882,-33.50511],[18.67858,-33.50467],[18.67841,-33.50429],[18.67825,-33.50377],[18.67815,-33.50341],[18.67811,-33.50314],[18.67808,-33.50285]]}},{"type":"Feature","properties":{"id":"way/578250459","name":"Unnamed","network":"PRASA"},"geometry":{"type":"LineString","coordinates":[[18.80009,-33.962],[18.80032,-33.96191],[18.80052,-33.96183],[18.8007,-33.96175],[18.8009,-33.96167],[18.80223,-33.96104]]}},{"type":"Feature","properties":{"id":"way/585045775","name":"Unnamed","network":"PRASA"},"geometry":{"type":"LineString","coordinates":[[18.67808,-33.50285],[18.67808,-33.50222],[18.6781,-33.50202],[18.67813,-33.50178],[18.67818,-33.50154]]}},{"type":"Feature","properties":{"id":"way/613810196","name":"Unnamed","network":"PRASA"},"geometry":{"type":"LineString","coordinates":[[18.96416,-33.77042],[18.96423,-33.77015],[18.96428,-33.76988],[18.96437,-33.76923],[18.96453,-33.76775],[18.96461,-33.76707],[18.96463,-33.76664],[18.96464,-33.76639],[18.96464,-33.7661],[18.96465,-33.76476]]}},{"type":"Feature","properties":{"id":"way/688202112","name":"Unnamed","network":"PRASA"},"geometry":{"type":"LineString","coordinates":[[18.56049,-34.00015],[18.56065,-34.00036]]}},{"type":"Feature","properties":{"id":"way/688202113","name":"Unnamed","network":"PRASA"},"geometry":{"type":"LineString","coordinates":[[18.55986,-33.99498],[18.55984,-33.99507],[18.5598,-33.99534],[18.55975,-33.99564],[18.5597,-33.99591],[18.55965,-33.99622],[18.5596,-33.99651],[18.55957,-33.9967],[18.55955,-33.99684],[18.55955,-33.99693],[18.55954,-33.99704],[18.55953,-33.99714],[18.55953,-33.99732],[18.55953,-33.99747],[18.55954,-33.99759],[18.55955,-33.99771],[18.55957,-33.9979],[18.55959,-33.99806],[18.55962,-33.99822],[18.55965,-33.99837],[18.55969,-33.99851],[18.55973,-33.99864],[18.55978,-33.99881],[18.55982,-33.99892],[18.55987,-33.99905],[18.55992,-33.99917],[18.55997,-33.99928],[18.56005,-33.99944],[18.56012,-33.99957],[18.56019,-33.99969],[18.56027,-33.99982],[18.56035,-33.99995],[18.56046,-34.0001],[18.56049,-34.00015]]}},{"type":"Feature","properties":{"id":"way/688202114","name":"Unnamed","network":"PRASA"},"geometry":{"type":"LineString","coordinates":[[18.56057,-34.00042],[18.56039,-34.00018]]}},{"type":"Feature","properties":{"id":"way/706353613","name":"Northern Line","network":"PRASA"},"geometry":{"type":"LineString","coordinates":[[18.43069,-33.92472],[18.43106,-33.92491]]}},{"type":"Feature","properties":{"id":"way/706353614","name":"Unnamed","network":"PRASA"},"geometry":{"type":"LineString","coordinates":[[18.43129,-33.925],[18.43102,-33.92493],[18.43068,-33.92484]]}},{"type":"Feature","properties":{"id":"way/706353615","name":"Unnamed","network":"PRASA"},"geometry":{"type":"LineString","coordinates":[[18.68601,-33.88284],[18.68642,-33.88253],[18.68669,-33.88233],[18.68736,-33.88182],[18.68896,-33.88064],[18.68925,-33.88042],[18.68994,-33.87988],[18.69063,-33.87935]]}},{"type":"Feature","properties":{"id":"way/706353616","name":"Unnamed","network":"PRASA"},"geometry":{"type":"LineString","coordinates":[[18.67588,-33.89048],[18.67929,-33.88792],[18.681,-33.88661],[18.68272,-33.88532],[18.68377,-33.88454],[18.68482,-33.88374],[18.68557,-33.88317],[18.68588,-33.88294],[18.68601,-33.88284]]}},{"type":"Feature","properties":{"id":"way/708928931","name":"Unnamed","network":"PRASA"},"geometry":{"type":"LineString","coordinates":[[18.42715,-33.92423],[18.42721,-33.92426]]}},{"type":"Feature","properties":{"id":"way/709180524","name":"Central Line","network":"PRASA"},"geometry":{"type":"LineString","coordinates":[[18.43068,-33.92499],[18.43106,-33.92511]]}},{"type":"Feature","properties":{"id":"way/710853478","name":"Northern Line","network":"PRASA"},"geometry":{"type":"LineString","coordinates":[[18.63252,-33.9073],[18.63317,-33.90737],[18.63366,-33.90742],[18.63405,-33.90744],[18.63451,-33.90744],[18.63474,-33.90744],[18.63494,-33.90743],[18.63546,-33.9074],[18.63617,-33.90733],[18.63759,-33.90721],[18.63817,-33.90716],[18.63934,-33.90705],[18.64051,-33.90695],[18.6408,-33.90693],[18.64213,-33.90681],[18.64264,-33.90676],[18.64316,-33.90671],[18.64408,-33.90664],[18.64417,-33.90663],[18.6462,-33.90644],[18.64743,-33.90633],[18.65358,-33.90578],[18.65385,-33.90575],[18.65412,-33.90571],[18.65433,-33.90568],[18.65458,-33.90561],[18.65504,-33.90546],[18.65554,-33.90528],[18.65579,-33.90517],[18.65601,-33.90508],[18.65621,-33.90499],[18.65655,-33.90482],[18.65703,-33.90456],[18.6574,-33.90433],[18.6581,-33.90382]]}},{"type":"Feature","properties":{"id":"way/710853481","name":"Unnamed","network":"PRASA"},"geometry":{"type":"LineString","coordinates":[[18.83084,-33.8269],[18.83115,-33.82638]]}},{"type":"Feature","properties":{"id":"way/732492772","name":"Unnamed","network":"PRASA"},"geometry":{"type":"LineString","coordinates":[[18.57965,-34.01381],[18.58054,-34.01375],[18.58125,-34.0137]]}},{"type":"Feature","properties":{"id":"way/732932111","name":"Unnamed","network":"PRASA"},"geometry":{"type":"LineString","coordinates":[[18.70722,-34.05487],[18.70922,-34.05486],[18.71038,-34.05485],[18.71061,-34.05485]]}},{"type":"Feature","properties":{"id":"way/732936182","name":"Unnamed","network":"PRASA"},"geometry":{"type":"LineString","coordinates":[[18.53207,-33.9398],[18.53266,-33.93996],[18.53311,-33.94008],[18.53348,-33.94018]]}},{"type":"Feature","properties":{"id":"way/745495663","name":"Unnamed","network":"PRASA"},"geometry":{"type":"LineString","coordinates":[[18.69373,-34.05485],[18.69313,-34.05486]]}},{"type":"Feature","properties":{"id":"way/745495664","name":"Unnamed","network":"PRASA"},"geometry":{"type":"LineString","coordinates":[[18.69313,-34.05486],[18.69292,-34.05486],[18.69215,-34.05486],[18.69185,-34.05487],[18.69159,-34.05487],[18.69083,-34.0549]]}},{"type":"Feature","properties":{"id":"way/750218531","name":"Unnamed","network":"PRASA"},"geometry":{"type":"LineString","coordinates":[[18.97832,-33.71861],[18.97835,-33.71843]]}},{"type":"Feature","properties":{"id":"way/750218532","name":"Unnamed","network":"PRASA"},"geometry":{"type":"LineString","coordinates":[[18.97671,-33.72929],[18.97695,-33.72765],[18.97708,-33.72679],[18.97715,-33.72637],[18.97727,-33.72553],[18.97729,-33.72541],[18.97739,-33.72475],[18.97745,-33.72441],[18.97755,-33.72371],[18.97764,-33.72315],[18.97771,-33.7227],[18.97777,-33.7223],[18.97779,-33.72213],[18.97789,-33.72152],[18.97795,-33.72108],[18.978,-33.72079],[18.97804,-33.7205],[18.97812,-33.71999],[18.97816,-33.71966],[18.97821,-33.71935],[18.97828,-33.71886],[18.97832,-33.71861]]}},{"type":"Feature","properties":{"id":"way/755135968","name":"Unnamed","network":"PRASA"},"geometry":{"type":"LineString","coordinates":[[18.56466,-34.00652],[18.56474,-34.00676],[18.56483,-34.00706],[18.56496,-34.00752],[18.56507,-34.00786],[18.56511,-34.008],[18.5652,-34.00827],[18.56527,-34.00846],[18.56539,-34.00875],[18.56548,-34.00894],[18.56561,-34.00919],[18.56571,-34.00938],[18.56583,-34.00956],[18.56592,-34.00969],[18.56603,-34.00986],[18.56608,-34.00992],[18.56617,-34.01004],[18.56633,-34.01024],[18.56646,-34.0104],[18.56661,-34.01056],[18.5667,-34.01065],[18.5668,-34.01075],[18.56699,-34.01093],[18.5672,-34.01112],[18.56748,-34.01134],[18.56773,-34.01153],[18.56804,-34.01174],[18.56849,-34.01202],[18.56871,-34.01215],[18.56887,-34.01226],[18.5691,-34.01245]]}},{"type":"Feature","properties":{"id":"way/759161715","name":"Unnamed","network":"PRASA"},"geometry":{"type":"LineString","coordinates":[[18.56224,-34.0022],[18.56247,-34.00247],[18.56293,-34.00302],[18.56318,-34.00332],[18.5634,-34.00362],[18.56348,-34.00373],[18.56356,-34.00386],[18.56365,-34.004],[18.56372,-34.00413],[18.56379,-34.00427],[18.56387,-34.00441],[18.56394,-34.00457],[18.56398,-34.00467],[18.56406,-34.00488],[18.56417,-34.00522]]}},{"type":"Feature","properties":{"id":"way/761688136","name":"Unnamed","network":"PRASA"},"geometry":{"type":"LineString","coordinates":[[18.8451,-33.94197],[18.84583,-33.94166],[18.84623,-33.94148],[18.84647,-33.94137],[18.8467,-33.94124],[18.84699,-33.94106],[18.84787,-33.9405],[18.84838,-33.94015],[18.84854,-33.94003],[18.84871,-33.93989],[18.84881,-33.93979],[18.849,-33.9396],[18.84914,-33.93943],[18.84927,-33.93927],[18.8496,-33.93883]]}},{"type":"Feature","properties":{"id":"way/761688137","name":"Unnamed","network":"PRASA"},"geometry":{"type":"LineString","coordinates":[[18.84494,-33.94205],[18.8451,-33.94197]]}},{"type":"Feature","properties":{"id":"way/766854638","name":"Unnamed","network":"PRASA"},"geometry":{"type":"LineString","coordinates":[[18.98453,-33.68436],[18.98458,-33.68386],[18.98462,-33.6834],[18.98465,-33.68302],[18.98468,-33.68257],[18.98473,-33.6821],[18.98476,-33.68172],[18.98479,-33.68135],[18.98483,-33.68093],[18.98486,-33.68054],[18.9849,-33.68009],[18.98494,-33.67965],[18.98498,-33.67919],[18.98502,-33.67882],[18.98502,-33.67877]]}},{"type":"Feature","properties":{"id":"way/766854639","name":"Unnamed","network":"PRASA"},"geometry":{"type":"LineString","coordinates":[[18.98545,-33.67161],[18.98544,-33.67136],[18.98544,-33.6709],[18.98543,-33.67045],[18.98542,-33.66997],[18.98541,-33.66963],[18.98539,-33.66853],[18.98539,-33.66799]]}},{"type":"Feature","properties":{"id":"way/766854672","name":"Unnamed","network":"PRASA"},"geometry":{"type":"LineString","coordinates":[[18.97837,-33.57525],[18.97821,-33.57508],[18.97779,-33.57464],[18.97748,-33.5743],[18.97729,-33.57408],[18.977,-33.57373],[18.97683,-33.57349],[18.97667,-33.57325],[18.97654,-33.57303],[18.97644,-33.57285],[18.97626,-33.57249],[18.97609,-33.57209],[18.97596,-33.57176],[18.97574,-33.57119],[18.97554,-33.57069],[18.97534,-33.57017],[18.97516,-33.5697],[18.975,-33.5693],[18.97486,-33.56892],[18.97474,-33.56864],[18.97453,-33.56803],[18.97445,-33.56774],[18.9744,-33.56756],[18.97434,-33.56728],[18.9743,-33.56705],[18.97425,-33.56676],[18.97423,-33.56653],[18.97421,-33.56634],[18.97419,-33.56596],[18.97418,-33.5657],[18.97418,-33.56549],[18.97419,-33.56425],[18.9742,-33.56373],[18.9742,-33.56287],[18.97421,-33.56203],[18.97422,-33.56137],[18.97423,-33.56042],[18.97426,-33.55698],[18.97426,-33.55578],[18.97427,-33.5544],[18.97429,-33.5527],[18.9743,-33.55158],[18.97431,-33.55108],[18.97433,-33.54881],[18.97434,-33.5475],[18.97434,-33.5467],[18.97439,-33.54076],[18.97441,-33.53901],[18.97441,-33.539],[18.97442,-33.53712],[18.97443,-33.53577],[18.97444,-33.53444],[18.97446,-33.53342],[18.97447,-33.53318],[18.9745,-33.5329],[18.97451,-33.53273],[18.97454,-33.5325],[18.97458,-33.53222],[18.97463,-33.53196],[18.97467,-33.53175],[18.97473,-33.5315],[18.97479,-33.53129],[18.97486,-33.53103],[18.97498,-33.53067],[18.97508,-33.53038],[18.97522,-33.53],[18.97546,-33.52937],[18.97562,-33.52895],[18.97846,-33.52138],[18.97866,-33.52083],[18.97895,-33.5201],[18.97903,-33.51983],[18.97985,-33.51766],[18.98002,-33.51723],[18.98029,-33.51652],[18.98045,-33.51607],[18.98058,-33.51567],[18.98068,-33.51529],[18.98073,-33.51508],[18.98078,-33.51487],[18.98082,-33.51459],[18.98087,-33.5143],[18.9809,-33.51408],[18.98092,-33.51381],[18.98093,-33.51344],[18.98094,-33.5128],[18.98095,-33.51245],[18.98095,-33.51179],[18.98095,-33.51114],[18.98093,-33.50986],[18.98091,-33.50894],[18.9809,-33.50817],[18.98089,-33.50752],[18.98088,-33.50693],[18.98087,-33.50657],[18.98083,-33.50416],[18.98082,-33.50381],[18.98082,-33.50318],[18.98076,-33.50186],[18.98075,-33.5013],[18.98073,-33.50068],[18.98073,-33.50038],[18.98072,-33.49978],[18.9807,-33.49867],[18.9807,-33.49828],[18.98069,-33.49773],[18.98068,-33.49706],[18.98067,-33.49674],[18.98067,-33.49643],[18.98064,-33.49596],[18.98063,-33.4957],[18.9806,-33.49542],[18.98057,-33.49522],[18.98053,-33.49495],[18.98048,-33.49464],[18.98039,-33.49426],[18.98032,-33.49399],[18.98024,-33.49372],[18.98008,-33.49325],[18.97996,-33.49295],[18.97982,-33.49261],[18.97972,-33.49242],[18.9796,-33.49217],[18.97944,-33.49187],[18.9793,-33.49163],[18.97914,-33.49138],[18.97899,-33.49115],[18.97884,-33.49092],[18.97857,-33.49056],[18.97837,-33.49031],[18.97805,-33.48992],[18.97778,-33.48962],[18.97737,-33.48916],[18.97695,-33.4887],[18.97648,-33.48817],[18.97606,-33.4877],[18.97581,-33.48743],[18.97534,-33.4869],[18.975,-33.48652],[18.97463,-33.48611],[18.97401,-33.48542],[18.97128,-33.48237],[18.96953,-33.48041],[18.96869,-33.47947],[18.96788,-33.47858],[18.96751,-33.47814],[18.9672,-33.47777],[18.96704,-33.47754],[18.96685,-33.47727],[18.96669,-33.47703],[18.96652,-33.47675],[18.96627,-33.47629],[18.96609,-33.47593],[18.96597,-33.47568],[18.96587,-33.47545],[18.96573,-33.47507],[18.96561,-33.47474],[18.96548,-33.47439],[18.96538,-33.47408],[18.96473,-33.47225]]}},{"type":"Feature","properties":{"id":"way/766854673","name":"Unnamed","network":"PRASA"},"geometry":{"type":"LineString","coordinates":[[18.97849,-33.57538],[18.97837,-33.57525]]}},{"type":"Feature","properties":{"id":"way/766854678","name":"Unnamed","network":"PRASA"},"geometry":{"type":"LineString","coordinates":[[18.98539,-33.66799],[18.98539,-33.66763],[18.98538,-33.66726],[18.98537,-33.66662],[18.98537,-33.66623],[18.98536,-33.66588],[18.98536,-33.66541],[18.98535,-33.66489],[18.98534,-33.66438],[18.98533,-33.66386],[18.98533,-33.66352],[18.98532,-33.66312],[18.98532,-33.66272],[18.98532,-33.66224],[18.98534,-33.66182],[18.98536,-33.66139],[18.98537,-33.66106],[18.98542,-33.66055],[18.98547,-33.66007],[18.98551,-33.65974],[18.98556,-33.65937],[18.98562,-33.65897],[18.98567,-33.65865],[18.98575,-33.65825],[18.98584,-33.65781],[18.98592,-33.65743],[18.98601,-33.65704],[18.98612,-33.6566],[18.98622,-33.65623],[18.98639,-33.65561],[18.98658,-33.65488],[18.98694,-33.65354],[18.98729,-33.65224],[18.98759,-33.65112],[18.98781,-33.65028],[18.98818,-33.64892],[18.9884,-33.64807],[18.98901,-33.64577]]}},{"type":"Feature","properties":{"id":"way/766854691","name":"Unnamed","network":"PRASA"},"geometry":{"type":"LineString","coordinates":[[18.98901,-33.64577],[18.98912,-33.64536],[18.98938,-33.6444],[18.98948,-33.644],[18.98969,-33.64327],[18.98986,-33.64262],[18.98999,-33.6421],[18.99006,-33.64186]]}},{"type":"Feature","properties":{"id":"way/766854696","name":"Unnamed","network":"PRASA"},"geometry":{"type":"LineString","coordinates":[[18.99006,-33.64186],[18.99017,-33.64143],[18.9903,-33.64093],[18.99044,-33.64043],[18.99067,-33.63954],[18.99072,-33.63937],[18.9908,-33.63908],[18.99093,-33.63859],[18.99099,-33.63837],[18.99103,-33.63822],[18.99119,-33.63762],[18.99123,-33.63745],[18.99137,-33.63697],[18.99151,-33.63643],[18.9916,-33.63608],[18.99174,-33.63554],[18.99185,-33.63516],[18.99193,-33.63485],[18.99202,-33.63452]]}},{"type":"Feature","properties":{"id":"way/771348579","name":"Unnamed","network":"PRASA"},"geometry":{"type":"LineString","coordinates":[[19.17754,-33.38048],[19.1776,-33.38064]]}},{"type":"Feature","properties":{"id":"way/771348580","name":"Unnamed","network":"PRASA"},"geometry":{"type":"LineString","coordinates":[[19.1776,-33.38064],[19.17781,-33.3812],[19.17799,-33.38161],[19.1781,-33.38186],[19.17819,-33.38205],[19.17833,-33.38231],[19.17847,-33.38255],[19.17877,-33.38306],[19.17923,-33.3838],[19.17977,-33.38468],[19.17984,-33.3848],[19.18042,-33.38596],[19.1807,-33.38642],[19.1808,-33.38659],[19.18096,-33.3868],[19.18108,-33.38695],[19.18126,-33.38717],[19.18148,-33.38743],[19.1823,-33.38834],[19.18313,-33.38927],[19.18378,-33.39001],[19.18407,-33.39034],[19.1844,-33.3907],[19.1846,-33.39093],[19.18475,-33.39112],[19.18491,-33.39135],[19.18501,-33.39153],[19.1851,-33.39172],[19.18521,-33.39197],[19.18526,-33.39215],[19.18532,-33.39241],[19.18538,-33.39275],[19.18555,-33.39381],[19.1857,-33.39464],[19.18584,-33.39553],[19.1859,-33.39587],[19.18597,-33.39617],[19.18602,-33.39636],[19.18606,-33.3965],[19.18612,-33.39664],[19.18618,-33.39678],[19.18626,-33.39693],[19.18639,-33.39714],[19.18652,-33.39731],[19.18663,-33.39744],[19.18678,-33.39759],[19.18693,-33.39773],[19.1871,-33.39788],[19.18735,-33.39807],[19.1876,-33.39825],[19.1878,-33.3984],[19.18795,-33.39852],[19.18811,-33.39863],[19.18825,-33.39876],[19.1884,-33.39889],[19.18855,-33.39905],[19.18868,-33.3992],[19.18877,-33.3993],[19.18976,-33.40062],[19.19006,-33.40102],[19.19057,-33.40169],[19.19078,-33.40198],[19.19125,-33.40264],[19.19179,-33.40357],[19.19205,-33.40407],[19.19229,-33.40453],[19.19276,-33.40542],[19.19304,-33.40593],[19.19341,-33.40666],[19.1936,-33.40699],[19.19387,-33.40747],[19.19402,-33.40773],[19.19427,-33.40813],[19.1953,-33.40976],[19.19547,-33.41003],[19.19562,-33.41034],[19.19569,-33.4105],[19.19574,-33.41064],[19.1958,-33.41084],[19.19585,-33.41104],[19.19589,-33.41124],[19.19592,-33.41143],[19.19606,-33.41301],[19.19637,-33.4165],[19.19639,-33.41666],[19.19648,-33.41768],[19.19657,-33.41876],[19.19667,-33.41978],[19.19674,-33.42049],[19.19684,-33.4217],[19.19692,-33.42264],[19.19704,-33.42384],[19.19711,-33.42452],[19.19717,-33.42527],[19.19726,-33.42623],[19.19735,-33.42731],[19.19744,-33.42825],[19.19753,-33.42917],[19.19759,-33.42981],[19.19767,-33.43073],[19.19775,-33.43167],[19.19782,-33.43244],[19.19806,-33.43485],[19.1981,-33.43598],[19.19825,-33.43734],[19.19838,-33.43812],[19.19856,-33.43875],[19.19881,-33.43931],[19.19947,-33.44073],[19.1996,-33.44106],[19.19969,-33.44125],[19.19988,-33.4416],[19.2001,-33.4419],[19.20049,-33.44238],[19.20124,-33.44323],[19.20266,-33.44476],[19.20304,-33.4452]]}},{"type":"Feature","properties":{"id":"way/771348592","name":"Unnamed","network":"PRASA"},"geometry":{"type":"LineString","coordinates":[[19.20111,-33.46873],[19.20114,-33.46909]]}},{"type":"Feature","properties":{"id":"way/771348593","name":"Unnamed","network":"PRASA"},"geometry":{"type":"LineString","coordinates":[[19.20642,-33.44897],[19.20679,-33.44936],[19.20726,-33.44994],[19.2075,-33.45027],[19.20769,-33.45061],[19.20782,-33.45095],[19.20797,-33.45145],[19.20804,-33.45191],[19.20807,-33.45219],[19.20806,-33.45261],[19.20803,-33.45292],[19.20796,-33.45321],[19.20785,-33.4536],[19.2077,-33.45394],[19.20751,-33.45426],[19.20688,-33.45524],[19.20666,-33.45561],[19.20598,-33.45675],[19.20481,-33.45858],[19.20351,-33.4607],[19.20232,-33.46264],[19.20131,-33.46426],[19.20105,-33.4648],[19.20093,-33.46516],[19.20083,-33.46552],[19.20083,-33.46598],[19.20087,-33.4666],[19.201,-33.46773],[19.20111,-33.46873]]}},{"type":"Feature","properties":{"id":"way/772558688","name":"Unnamed","network":"PRASA"},"geometry":{"type":"LineString","coordinates":[[18.83404,-34.11368],[18.83428,-34.11348],[18.83441,-34.11339],[18.83455,-34.11331],[18.83471,-34.11323]]}},{"type":"Feature","properties":{"id":"way/775788856","name":"Unnamed","network":"PRASA"},"geometry":{"type":"LineString","coordinates":[[18.99537,-33.39835],[18.99562,-33.39773],[18.99587,-33.39711],[18.99611,-33.39654],[18.99626,-33.39616],[18.99839,-33.39094],[19.00031,-33.38624],[19.00129,-33.3838],[19.00169,-33.38281],[19.00198,-33.3821],[19.00216,-33.38169],[19.00229,-33.38142],[19.00245,-33.38114],[19.00262,-33.38085],[19.00285,-33.38051],[19.00303,-33.38028],[19.00324,-33.38003],[19.00343,-33.37982],[19.00366,-33.37958],[19.0039,-33.37936],[19.00423,-33.37907],[19.00532,-33.37813],[19.00605,-33.37751],[19.00665,-33.37699],[19.00722,-33.37651],[19.00787,-33.37595],[19.0087,-33.37523],[19.00942,-33.37462],[19.00982,-33.37428],[19.01084,-33.3734],[19.01122,-33.37306],[19.01148,-33.37282],[19.01187,-33.37243],[19.01229,-33.37199],[19.01251,-33.37173],[19.01271,-33.37151],[19.01312,-33.37098],[19.0133,-33.37074],[19.01344,-33.37055],[19.01358,-33.37035],[19.01385,-33.36995],[19.01399,-33.36972],[19.01422,-33.36932],[19.01445,-33.36891],[19.01456,-33.3687],[19.01472,-33.36836],[19.01484,-33.36812],[19.01494,-33.36788],[19.01509,-33.36752],[19.0152,-33.3672],[19.0153,-33.3669],[19.01539,-33.36656]]}},{"type":"Feature","properties":{"id":"way/775788857","name":"Unnamed","network":"PRASA"},"geometry":{"type":"LineString","coordinates":[[18.99514,-33.39891],[18.99537,-33.39835]]}},{"type":"Feature","properties":{"id":"way/785082240","name":"Northern Line","network":"PRASA"},"geometry":{"type":"LineString","coordinates":[[18.65727,-33.91377],[18.65773,-33.91389],[18.65819,-33.91402],[18.65858,-33.91415],[18.65898,-33.91428],[18.6595,-33.91447],[18.65989,-33.91463],[18.66018,-33.91476],[18.66046,-33.91488],[18.6607,-33.91499],[18.661,-33.91514],[18.66141,-33.91534],[18.66179,-33.91555],[18.66216,-33.91576],[18.66243,-33.91592],[18.66273,-33.91612],[18.6629,-33.91623],[18.66309,-33.91636],[18.66326,-33.91647],[18.66356,-33.91669],[18.66372,-33.91682],[18.664,-33.91703],[18.66424,-33.91723],[18.66459,-33.91752],[18.66491,-33.9178],[18.66509,-33.91797],[18.66534,-33.9182],[18.66558,-33.91842],[18.66609,-33.91892],[18.66628,-33.91911],[18.66647,-33.91932],[18.66661,-33.91947],[18.66674,-33.91963],[18.66687,-33.91978],[18.66704,-33.91998],[18.66727,-33.92026],[18.66753,-33.92061],[18.66778,-33.92092],[18.66792,-33.92111],[18.66815,-33.9214],[18.66853,-33.9219],[18.66898,-33.92248],[18.66938,-33.923],[18.66976,-33.92349],[18.67024,-33.9241],[18.67074,-33.92475],[18.67115,-33.92528],[18.67156,-33.92582],[18.67215,-33.92658],[18.67258,-33.92713],[18.67301,-33.92769],[18.67402,-33.92899],[18.67506,-33.93028],[18.67552,-33.93092]]}},{"type":"Feature","properties":{"id":"way/788850744","name":"Northern Line","network":"PRASA"},"geometry":{"type":"LineString","coordinates":[[18.43257,-33.92522],[18.43342,-33.92526],[18.43362,-33.92527],[18.43408,-33.92528],[18.43446,-33.9253],[18.43503,-33.92532],[18.43561,-33.92535],[18.43603,-33.92536],[18.43631,-33.92537],[18.43648,-33.92537],[18.43664,-33.92537],[18.4368,-33.92536],[18.43839,-33.92527],[18.43883,-33.92525],[18.4392,-33.92523],[18.43947,-33.92521],[18.43988,-33.92515],[18.44014,-33.9251],[18.44036,-33.92505],[18.44061,-33.92498],[18.44074,-33.92494],[18.44235,-33.92443],[18.44317,-33.92417],[18.44354,-33.92405],[18.44379,-33.92397],[18.44396,-33.92392],[18.44415,-33.92386],[18.44433,-33.92381],[18.44455,-33.92376],[18.44474,-33.92373],[18.44504,-33.92368],[18.44537,-33.92364],[18.44596,-33.92356],[18.44631,-33.92352],[18.44695,-33.92345]]}},{"type":"Feature","properties":{"id":"way/788855272","name":"Northern Line","network":"PRASA"},"geometry":{"type":"LineString","coordinates":[[18.43162,-33.9251],[18.43188,-33.92515],[18.43205,-33.92518],[18.43227,-33.9252],[18.43257,-33.92522]]}},{"type":"Feature","properties":{"id":"way/788923778","name":"Northern Line","network":"PRASA"},"geometry":{"type":"LineString","coordinates":[[18.48967,-33.91645],[18.49008,-33.91635],[18.4906,-33.91623],[18.49112,-33.9161],[18.49121,-33.91608],[18.49146,-33.91602],[18.49189,-33.91592],[18.49276,-33.91571],[18.49342,-33.91555],[18.49417,-33.91535],[18.49477,-33.91512],[18.49504,-33.915],[18.49529,-33.91488],[18.49556,-33.91473],[18.4958,-33.91458]]}},{"type":"Feature","properties":{"id":"way/788923780","name":"Northern Line","network":"PRASA"},"geometry":{"type":"LineString","coordinates":[[18.50634,-33.92222],[18.50689,-33.92215],[18.50787,-33.92203]]}},{"type":"Feature","properties":{"id":"way/788923781","name":"Northern Line","network":"PRASA"},"geometry":{"type":"LineString","coordinates":[[18.6163,-33.90555],[18.61581,-33.90562],[18.61499,-33.90573],[18.61409,-33.90585],[18.61347,-33.90593],[18.61269,-33.90603],[18.61129,-33.90621],[18.60987,-33.9064],[18.60934,-33.90647],[18.60915,-33.9065],[18.60838,-33.9066],[18.60776,-33.90668],[18.60439,-33.90712],[18.60415,-33.90715],[18.60386,-33.9072],[18.60332,-33.9073],[18.60271,-33.9074],[18.60167,-33.90753]]}},{"type":"Feature","properties":{"id":"way/788923782","name":"Northern Line","network":"PRASA"},"geometry":{"type":"LineString","coordinates":[[18.488,-33.91688],[18.48752,-33.917],[18.48732,-33.91705],[18.4869,-33.91714],[18.48646,-33.91725],[18.48553,-33.91747],[18.48358,-33.91793],[18.48331,-33.918],[18.4826,-33.91817],[18.48206,-33.9183],[18.48148,-33.91844],[18.48065,-33.91863],[18.48043,-33.91868],[18.48016,-33.91874],[18.47994,-33.91879],[18.47966,-33.91886],[18.47948,-33.9189],[18.47923,-33.91898],[18.47909,-33.91902],[18.47897,-33.91907]]}},{"type":"Feature","properties":{"id":"way/788930164","name":"Central Line","network":"PRASA"},"geometry":{"type":"LineString","coordinates":[[18.65728,-33.91381],[18.65765,-33.9139]]}},{"type":"Feature","properties":{"id":"way/788938418","name":"Central Line","network":"PRASA"},"geometry":{"type":"LineString","coordinates":[[18.43106,-33.92511],[18.43136,-33.92516]]}},{"type":"Feature","properties":{"id":"way/788938419","name":"Central Line","network":"PRASA"},"geometry":{"type":"LineString","coordinates":[[18.43285,-33.92536],[18.43239,-33.92534],[18.43218,-33.92533],[18.432,-33.92532],[18.4319,-33.9253],[18.43185,-33.92529],[18.43153,-33.92523],[18.43127,-33.92517],[18.43106,-33.92511]]}},{"type":"Feature","properties":{"id":"way/788945090","name":"Northern Line","network":"PRASA"},"geometry":{"type":"LineString","coordinates":[[18.62926,-33.90662],[18.6299,-33.90676],[18.63136,-33.9071],[18.63191,-33.90722],[18.632,-33.90724],[18.63211,-33.90726]]}},{"type":"Feature","properties":{"id":"way/789157062","name":"Unnamed","network":"PRASA"},"geometry":{"type":"LineString","coordinates":[[18.63302,-33.90753],[18.63323,-33.90755],[18.63358,-33.90759],[18.63383,-33.90763],[18.63393,-33.90764],[18.63413,-33.90767],[18.63438,-33.90772],[18.63473,-33.9078],[18.63503,-33.90788],[18.63691,-33.90838],[18.63785,-33.90863],[18.63794,-33.90865],[18.63944,-33.90906],[18.64233,-33.90982],[18.64753,-33.91121],[18.65334,-33.91276],[18.65728,-33.91381]]}},{"type":"Feature","properties":{"id":"way/789157063","name":"Northern Line","network":"PRASA"},"geometry":{"type":"LineString","coordinates":[[18.62733,-33.90636],[18.62944,-33.90685],[18.62976,-33.90692],[18.63011,-33.907],[18.63038,-33.90705]]}},{"type":"Feature","properties":{"id":"way/789157064","name":"Northern Line","network":"PRASA"},"geometry":{"type":"LineString","coordinates":[[18.62585,-33.90587],[18.62949,-33.90671],[18.62986,-33.9068],[18.63011,-33.90685],[18.63024,-33.90688],[18.63034,-33.90691],[18.63045,-33.90694],[18.63062,-33.90699],[18.63075,-33.90703],[18.63087,-33.90707],[18.631,-33.9071],[18.63112,-33.90712],[18.63126,-33.90715],[18.63137,-33.90717],[18.63155,-33.9072]]}},{"type":"Feature","properties":{"id":"way/789157065","name":"Unnamed","network":"PRASA"},"geometry":{"type":"LineString","coordinates":[[18.62731,-33.90676],[18.62776,-33.90686],[18.62799,-33.90691],[18.6284,-33.90698],[18.62882,-33.90704],[18.62907,-33.90707],[18.6293,-33.9071],[18.62964,-33.90712],[18.62974,-33.90714],[18.62985,-33.90715],[18.63002,-33.90718],[18.63009,-33.90719],[18.63021,-33.9072]]}},{"type":"Feature","properties":{"id":"way/789157358","name":"Central Line","network":"PRASA"},"geometry":{"type":"LineString","coordinates":[[18.62229,-33.90552],[18.62269,-33.9056],[18.62303,-33.90567],[18.62318,-33.9057],[18.62336,-33.90575],[18.62351,-33.9058],[18.62369,-33.90586],[18.62383,-33.9059],[18.62443,-33.9061],[18.62505,-33.90633],[18.62521,-33.90639],[18.6253,-33.90642],[18.62538,-33.90644],[18.62555,-33.90649],[18.62573,-33.90654],[18.62594,-33.9066],[18.62657,-33.90674],[18.62717,-33.90688]]}},{"type":"Feature","properties":{"id":"way/789157359","name":"Northern Line","network":"PRASA"},"geometry":{"type":"LineString","coordinates":[[18.62229,-33.90552],[18.62213,-33.90549],[18.62203,-33.90548],[18.62143,-33.90541],[18.62086,-33.90534],[18.6206,-33.9053],[18.62034,-33.90528],[18.6199,-33.90525],[18.61934,-33.90522],[18.61918,-33.90521],[18.61893,-33.90522],[18.61879,-33.90524],[18.61862,-33.90525],[18.61824,-33.9053],[18.61666,-33.90551]]}},{"type":"Feature","properties":{"id":"way/790227327","name":"Unnamed","network":"PRASA"},"geometry":{"type":"LineString","coordinates":[[18.62076,-34.06704],[18.6206,-34.06756],[18.62045,-34.06805],[18.62042,-34.06815],[18.6204,-34.06828],[18.62039,-34.06835],[18.62038,-34.06843],[18.62038,-34.06847]]}},{"type":"Feature","properties":{"id":"way/790305797","name":"Unnamed","network":"PRASA"},"geometry":{"type":"LineString","coordinates":[[18.46305,-34.06019],[18.46309,-34.06091],[18.4631,-34.06126],[18.46313,-34.06173],[18.46315,-34.0621],[18.46315,-34.06225],[18.46317,-34.0625],[18.46318,-34.06282],[18.46319,-34.0631],[18.46322,-34.06357],[18.46326,-34.06432],[18.46329,-34.0649],[18.46332,-34.06559],[18.46333,-34.0658],[18.46336,-34.06654],[18.4634,-34.0673],[18.46346,-34.06848],[18.46352,-34.06979],[18.46371,-34.07369],[18.46373,-34.07397],[18.46377,-34.07471],[18.46377,-34.07483],[18.4638,-34.07538],[18.46381,-34.07561],[18.46381,-34.07566]]}},{"type":"Feature","properties":{"id":"way/790305798","name":"Unnamed","network":"PRASA"},"geometry":{"type":"LineString","coordinates":[[18.46558,-34.04597],[18.46543,-34.04653],[18.46532,-34.04689],[18.46525,-34.04715],[18.46516,-34.04747],[18.46508,-34.04779],[18.465,-34.04812],[18.46492,-34.04845],[18.46478,-34.04911],[18.46464,-34.04963],[18.46451,-34.05009],[18.46436,-34.05063],[18.46421,-34.05116],[18.4642,-34.0512]]}},{"type":"Feature","properties":{"id":"way/790305799","name":"Unnamed","network":"PRASA"},"geometry":{"type":"LineString","coordinates":[[18.46703,-34.03542],[18.46717,-34.03494],[18.46718,-34.03491],[18.46723,-34.03475],[18.46732,-34.03445],[18.4675,-34.03388],[18.46759,-34.03357],[18.46765,-34.03337],[18.46769,-34.03325],[18.46774,-34.03312],[18.4678,-34.03295],[18.46785,-34.03284],[18.46791,-34.0327],[18.46812,-34.03223],[18.46821,-34.03205],[18.4685,-34.03139]]}},{"type":"Feature","properties":{"id":"way/790305800","name":"Unnamed","network":"PRASA"},"geometry":{"type":"LineString","coordinates":[[18.46706,-34.03543],[18.46681,-34.03626],[18.46679,-34.03633],[18.46669,-34.03668],[18.46664,-34.03684],[18.46659,-34.03699],[18.46656,-34.03711],[18.46653,-34.03723],[18.46649,-34.03741],[18.46646,-34.03759],[18.46644,-34.03769],[18.46642,-34.03778],[18.46641,-34.0379],[18.46639,-34.03804],[18.46637,-34.03819],[18.46636,-34.03835],[18.46635,-34.03852],[18.46635,-34.03871],[18.46635,-34.03888],[18.46635,-34.03905],[18.46635,-34.03937],[18.46635,-34.03977],[18.46636,-34.04018],[18.46636,-34.04044],[18.46636,-34.04081],[18.46636,-34.04106],[18.46637,-34.04133]]}},{"type":"Feature","properties":{"id":"way/790305801","name":"Unnamed","network":"PRASA"},"geometry":{"type":"LineString","coordinates":[[18.46888,-34.02883],[18.46893,-34.02814],[18.46899,-34.02746],[18.46908,-34.02629],[18.46915,-34.02536],[18.4692,-34.02471],[18.46923,-34.02429],[18.46927,-34.02389],[18.46929,-34.02371],[18.46931,-34.02358],[18.46933,-34.02341],[18.46936,-34.02329],[18.46945,-34.02295],[18.46949,-34.02276],[18.46952,-34.02263],[18.46972,-34.02187]]}},{"type":"Feature","properties":{"id":"way/790305802","name":"Unnamed","network":"PRASA"},"geometry":{"type":"LineString","coordinates":[[18.46891,-34.02896],[18.4689,-34.02915],[18.46884,-34.02988],[18.46882,-34.03005],[18.46882,-34.03012],[18.46881,-34.03023],[18.46879,-34.0304],[18.46876,-34.03057],[18.46874,-34.03069],[18.46872,-34.03079],[18.46868,-34.03093],[18.46865,-34.03106],[18.46861,-34.03119]]}},{"type":"Feature","properties":{"id":"way/790305804","name":"Unnamed","network":"PRASA"},"geometry":{"type":"LineString","coordinates":[[18.46975,-34.0219],[18.46956,-34.02265],[18.46949,-34.02294],[18.4694,-34.0233],[18.46937,-34.02347],[18.46933,-34.02369],[18.46931,-34.0239],[18.46927,-34.02428],[18.46924,-34.02471],[18.46919,-34.02536],[18.46912,-34.0263],[18.46903,-34.02746],[18.46898,-34.02814],[18.46891,-34.02896]]}},{"type":"Feature","properties":{"id":"way/790305805","name":"Unnamed","network":"PRASA"},"geometry":{"type":"LineString","coordinates":[[18.47079,-34.01397],[18.47094,-34.01434],[18.47102,-34.01454],[18.47106,-34.01467],[18.47108,-34.01477],[18.47112,-34.01488],[18.47113,-34.01497],[18.47117,-34.01515],[18.47118,-34.01525],[18.47119,-34.01537],[18.47121,-34.01552],[18.47121,-34.01561],[18.47121,-34.01573],[18.47121,-34.01583],[18.4712,-34.01593],[18.47119,-34.01604],[18.47118,-34.01613],[18.47117,-34.01622],[18.47115,-34.01632],[18.47113,-34.01644],[18.47106,-34.01673],[18.47095,-34.01717],[18.47059,-34.01859],[18.47035,-34.01952],[18.47024,-34.01997],[18.47016,-34.02028],[18.46997,-34.02103],[18.46992,-34.02123],[18.46975,-34.0219]]}},{"type":"Feature","properties":{"id":"way/790305806","name":"Unnamed","network":"PRASA"},"geometry":{"type":"LineString","coordinates":[[18.47043,-34.01319],[18.47039,-34.01308],[18.47035,-34.01292],[18.47029,-34.0127],[18.47026,-34.01255],[18.47024,-34.01243],[18.47022,-34.01228],[18.47021,-34.01209],[18.4702,-34.01197]]}},{"type":"Feature","properties":{"id":"way/790305807","name":"Unnamed","network":"PRASA"},"geometry":{"type":"LineString","coordinates":[[18.47045,-34.01325],[18.47043,-34.01319]]}},{"type":"Feature","properties":{"id":"way/790305808","name":"Unnamed","network":"PRASA"},"geometry":{"type":"LineString","coordinates":[[18.47049,-34.01324],[18.47052,-34.01333],[18.47056,-34.01342],[18.47079,-34.01397]]}},{"type":"Feature","properties":{"id":"way/790305809","name":"Unnamed","network":"PRASA"},"geometry":{"type":"LineString","coordinates":[[18.47047,-34.01318],[18.47049,-34.01324]]}},{"type":"Feature","properties":{"id":"way/790309301","name":"Unnamed","network":"PRASA"},"geometry":{"type":"LineString","coordinates":[[18.47119,-34.00497],[18.4709,-34.00545],[18.47085,-34.00556],[18.47079,-34.00567],[18.47075,-34.00576],[18.47072,-34.00584],[18.47068,-34.00595],[18.47065,-34.00605],[18.47061,-34.00617],[18.47058,-34.00629],[18.47054,-34.0065],[18.47052,-34.00665],[18.47048,-34.00693],[18.47047,-34.00697],[18.47047,-34.007],[18.47038,-34.00754],[18.47031,-34.00804],[18.47027,-34.00835],[18.47025,-34.00869],[18.47024,-34.009],[18.47023,-34.00937],[18.47024,-34.00982],[18.47024,-34.01011],[18.47024,-34.01069],[18.47023,-34.01135],[18.47024,-34.01182]]}},{"type":"Feature","properties":{"id":"way/790309302","name":"Unnamed","network":"PRASA"},"geometry":{"type":"LineString","coordinates":[[18.47115,-34.00496],[18.47159,-34.00423]]}},{"type":"Feature","properties":{"id":"way/790309303","name":"Unnamed","network":"PRASA"},"geometry":{"type":"LineString","coordinates":[[18.47308,-33.99565],[18.47315,-33.99633],[18.47316,-33.99653],[18.4732,-33.99685],[18.47327,-33.99748],[18.47329,-33.99777],[18.47331,-33.99795],[18.47334,-33.99819],[18.47335,-33.9985],[18.47336,-33.99873],[18.47336,-33.9989],[18.47336,-33.9991],[18.47335,-33.9993],[18.47335,-33.99947],[18.47334,-33.99966],[18.47332,-33.99986],[18.47329,-34.0001],[18.47327,-34.00025],[18.47325,-34.00039],[18.47322,-34.00058],[18.47318,-34.00079],[18.47314,-34.00098],[18.47308,-34.00121],[18.47304,-34.00134],[18.47297,-34.00157],[18.4729,-34.00178],[18.47284,-34.00195],[18.47274,-34.0022],[18.47256,-34.00261],[18.47244,-34.00285],[18.47235,-34.00302],[18.47224,-34.00324],[18.47207,-34.00352],[18.472,-34.00364],[18.4717,-34.00412]]}},{"type":"Feature","properties":{"id":"way/790309304","name":"Unnamed","network":"PRASA"},"geometry":{"type":"LineString","coordinates":[[18.47125,-33.98819],[18.47152,-33.98864],[18.47163,-33.98882],[18.47167,-33.9889]]}},{"type":"Feature","properties":{"id":"way/790309305","name":"Unnamed","network":"PRASA"},"geometry":{"type":"LineString","coordinates":[[18.46712,-33.98149],[18.46717,-33.98171],[18.46722,-33.98193],[18.4673,-33.98218],[18.46736,-33.98238],[18.46744,-33.9826],[18.46763,-33.98306],[18.46769,-33.98321],[18.4678,-33.98343],[18.46794,-33.98369],[18.46807,-33.98392],[18.46822,-33.98417],[18.46839,-33.98442],[18.46854,-33.98464],[18.46875,-33.98491],[18.46894,-33.98516],[18.46927,-33.98558],[18.46951,-33.98589],[18.46967,-33.98611],[18.46979,-33.98626],[18.47017,-33.98674],[18.47034,-33.98697],[18.4706,-33.98729],[18.47072,-33.98746],[18.47087,-33.98765],[18.47109,-33.98796],[18.47125,-33.98819]]}},{"type":"Feature","properties":{"id":"way/790309306","name":"Unnamed","network":"PRASA"},"geometry":{"type":"LineString","coordinates":[[18.46746,-33.9747],[18.46761,-33.97414],[18.46765,-33.97398],[18.4677,-33.97382],[18.46778,-33.97359],[18.46781,-33.9735],[18.46785,-33.9734],[18.4679,-33.97329],[18.46794,-33.97318],[18.46799,-33.97309],[18.46806,-33.97294],[18.46813,-33.97281],[18.46829,-33.97253],[18.4686,-33.97199],[18.46879,-33.97165],[18.46891,-33.97144]]}},{"type":"Feature","properties":{"id":"way/790309307","name":"Unnamed","network":"PRASA"},"geometry":{"type":"LineString","coordinates":[[18.46749,-33.97471],[18.46746,-33.97483],[18.46741,-33.97505],[18.46732,-33.97538],[18.46723,-33.97575],[18.46717,-33.97608],[18.46716,-33.97619],[18.46714,-33.97628],[18.46712,-33.97642],[18.4671,-33.97662],[18.46708,-33.97683],[18.46708,-33.97699],[18.46706,-33.97738],[18.46704,-33.978],[18.46703,-33.9782],[18.46702,-33.97852],[18.46702,-33.97872],[18.46699,-33.97952],[18.46698,-33.9798],[18.46698,-33.97988],[18.46697,-33.98016],[18.46698,-33.98042],[18.467,-33.98069],[18.46702,-33.98093],[18.46705,-33.98115],[18.46708,-33.98133],[18.46712,-33.98149]]}},{"type":"Feature","properties":{"id":"way/790309308","name":"Unnamed","network":"PRASA"},"geometry":{"type":"LineString","coordinates":[[18.47237,-33.96216],[18.47229,-33.96292],[18.47225,-33.96337],[18.47223,-33.96364],[18.47215,-33.96446],[18.47213,-33.96469],[18.4721,-33.96492],[18.47207,-33.96509],[18.47207,-33.96512],[18.47204,-33.96532],[18.472,-33.96548],[18.47197,-33.96559],[18.47192,-33.96579],[18.47187,-33.96598],[18.47182,-33.96615],[18.47171,-33.96646],[18.47167,-33.96654],[18.47154,-33.96687],[18.47137,-33.96723],[18.4711,-33.96771],[18.47073,-33.96835],[18.47037,-33.96898],[18.47002,-33.9696],[18.46967,-33.9702]]}},{"type":"Feature","properties":{"id":"way/790309309","name":"Unnamed","network":"PRASA"},"geometry":{"type":"LineString","coordinates":[[18.47232,-33.96217],[18.47239,-33.96141],[18.47241,-33.96126],[18.47244,-33.96085],[18.47247,-33.96044],[18.4725,-33.9602],[18.47256,-33.9596]]}},{"type":"Feature","properties":{"id":"way/790309310","name":"Unnamed","network":"PRASA"},"geometry":{"type":"LineString","coordinates":[[18.47317,-33.95473],[18.47308,-33.95543],[18.47304,-33.95577],[18.47299,-33.95619],[18.47291,-33.95689],[18.47283,-33.95754]]}},{"type":"Feature","properties":{"id":"way/790309311","name":"Unnamed","network":"PRASA"},"geometry":{"type":"LineString","coordinates":[[18.47312,-33.95473],[18.47317,-33.95429],[18.47327,-33.95347],[18.47333,-33.95294],[18.4734,-33.95237],[18.47344,-33.95204],[18.47346,-33.95185],[18.47351,-33.95146],[18.47355,-33.95115],[18.47359,-33.95079],[18.47363,-33.95041],[18.47377,-33.94926],[18.47383,-33.94871],[18.47387,-33.94832],[18.4739,-33.94799],[18.47391,-33.94768],[18.47392,-33.94746],[18.47392,-33.94733],[18.4739,-33.9469],[18.47389,-33.94672]]}},{"type":"Feature","properties":{"id":"way/790309313","name":"Unnamed","network":"PRASA"},"geometry":{"type":"LineString","coordinates":[[18.47393,-33.94671],[18.47395,-33.94719],[18.47396,-33.94733],[18.47396,-33.94767],[18.47395,-33.94798],[18.47394,-33.94815],[18.47392,-33.94841],[18.47388,-33.94871],[18.47381,-33.94927],[18.47374,-33.94988],[18.47368,-33.95042],[18.47363,-33.9508],[18.47359,-33.95115],[18.47355,-33.95147],[18.47348,-33.95204],[18.47344,-33.95238],[18.47338,-33.95295],[18.47331,-33.95347],[18.47322,-33.95429],[18.47317,-33.95473]]}},{"type":"Feature","properties":{"id":"way/790312151","name":"Northern Line","network":"PRASA"},"geometry":{"type":"LineString","coordinates":[[18.49692,-33.91386],[18.49682,-33.91395],[18.49662,-33.91413],[18.49638,-33.91435],[18.49621,-33.91449],[18.49601,-33.91464],[18.49585,-33.91474],[18.49567,-33.91485],[18.49545,-33.91497],[18.49525,-33.91506],[18.49504,-33.91515],[18.4948,-33.91524],[18.49417,-33.91543],[18.49366,-33.91554],[18.49277,-33.91575],[18.49189,-33.91596],[18.49121,-33.91612],[18.49087,-33.9162],[18.49045,-33.9163],[18.49036,-33.91632],[18.49004,-33.9164],[18.48967,-33.91648],[18.48933,-33.91656]]}},{"type":"Feature","properties":{"id":"way/790312152","name":"Northern Line","network":"PRASA"},"geometry":{"type":"LineString","coordinates":[[18.51093,-33.90162],[18.51285,-33.90055],[18.513,-33.90047],[18.51342,-33.90023],[18.51383,-33.9],[18.51423,-33.89978],[18.51441,-33.89967],[18.51459,-33.89955],[18.51476,-33.89944],[18.51498,-33.89928],[18.51515,-33.89914],[18.51533,-33.89899],[18.5155,-33.89882],[18.51569,-33.89865],[18.51607,-33.89826],[18.51645,-33.89789],[18.51706,-33.89729],[18.5175,-33.89685],[18.51763,-33.89673],[18.51774,-33.89663],[18.518,-33.89643],[18.51823,-33.89626],[18.51832,-33.89619],[18.51851,-33.89605],[18.51864,-33.89595],[18.51875,-33.89587],[18.51888,-33.89579],[18.51897,-33.89572],[18.51909,-33.89565],[18.5192,-33.89558],[18.51936,-33.89549],[18.51948,-33.89542],[18.51958,-33.89537],[18.5197,-33.89531],[18.51985,-33.89524],[18.52002,-33.89517],[18.52015,-33.89511],[18.52032,-33.89505],[18.52046,-33.895],[18.52069,-33.89493],[18.52087,-33.89488],[18.52103,-33.89484],[18.52121,-33.8948],[18.52138,-33.89476],[18.52159,-33.89472],[18.52182,-33.89469],[18.52201,-33.89467],[18.52233,-33.89465],[18.52251,-33.89465],[18.52278,-33.89465],[18.52297,-33.89465],[18.5232,-33.89467],[18.52341,-33.89468],[18.52362,-33.89471],[18.52382,-33.89473],[18.52539,-33.89491],[18.52564,-33.89493],[18.52583,-33.89495],[18.52602,-33.89496],[18.52617,-33.89496],[18.52629,-33.89496],[18.52647,-33.89496],[18.52663,-33.89495],[18.52682,-33.89494],[18.52695,-33.89493],[18.52717,-33.8949],[18.52833,-33.8947],[18.52947,-33.89452],[18.52982,-33.89447]]}},{"type":"Feature","properties":{"id":"way/790312153","name":"Northern Line","network":"PRASA"},"geometry":{"type":"LineString","coordinates":[[18.51234,-33.90087],[18.51047,-33.90191],[18.50976,-33.9023],[18.50925,-33.90259],[18.50896,-33.90276],[18.50867,-33.90295],[18.50844,-33.90312],[18.50824,-33.90329],[18.50799,-33.9035],[18.50785,-33.90362],[18.5075,-33.90395],[18.50397,-33.9072],[18.50064,-33.91027],[18.50016,-33.91074],[18.49968,-33.91122],[18.49881,-33.9121],[18.49777,-33.91308],[18.49731,-33.91351],[18.49692,-33.91386]]}},{"type":"Feature","properties":{"id":"way/790312154","name":"Northern Line","network":"PRASA"},"geometry":{"type":"LineString","coordinates":[[18.52982,-33.89447],[18.53012,-33.89443],[18.53072,-33.89434],[18.53134,-33.89426],[18.53224,-33.89411],[18.53322,-33.89394]]}},{"type":"Feature","properties":{"id":"way/790312155","name":"Northern Line","network":"PRASA"},"geometry":{"type":"LineString","coordinates":[[18.52735,-33.89498],[18.52718,-33.895],[18.52701,-33.89502],[18.52684,-33.89503],[18.52671,-33.89503],[18.52661,-33.89503],[18.52645,-33.89503],[18.52628,-33.89503],[18.52598,-33.89501],[18.52576,-33.89498],[18.52552,-33.89496],[18.5253,-33.89493],[18.52448,-33.89484],[18.52381,-33.89476],[18.52361,-33.89474],[18.52341,-33.89472],[18.52319,-33.8947],[18.52296,-33.89469],[18.52275,-33.89468],[18.52257,-33.89468],[18.52238,-33.89469],[18.52217,-33.8947],[18.52204,-33.89471],[18.52181,-33.89473],[18.52161,-33.89476],[18.52133,-33.89481],[18.52105,-33.89487],[18.52086,-33.89492],[18.52066,-33.89498],[18.52045,-33.89504],[18.52028,-33.8951],[18.52007,-33.89518],[18.51993,-33.89524],[18.51974,-33.89533],[18.51949,-33.89546],[18.51922,-33.89562],[18.51898,-33.89577],[18.51858,-33.89604],[18.51837,-33.8962],[18.51823,-33.89631],[18.51805,-33.89644],[18.51794,-33.89652],[18.51776,-33.89666],[18.51744,-33.89696],[18.51726,-33.89713],[18.51708,-33.89731],[18.51648,-33.89791],[18.5161,-33.89829],[18.51572,-33.89867],[18.51553,-33.89885],[18.51534,-33.89902],[18.51519,-33.89915],[18.51502,-33.89929],[18.5148,-33.89946],[18.51461,-33.89959],[18.51446,-33.89968],[18.51426,-33.8998],[18.51385,-33.90003],[18.51343,-33.90027],[18.51303,-33.90049],[18.51287,-33.90058],[18.51234,-33.90087]]}},{"type":"Feature","properties":{"id":"way/790312156","name":"Northern Line","network":"PRASA"},"geometry":{"type":"LineString","coordinates":[[18.54759,-33.89178],[18.54747,-33.89179],[18.54569,-33.89196],[18.54554,-33.89198],[18.54475,-33.89204],[18.5442,-33.89211],[18.54362,-33.89221],[18.54293,-33.89233],[18.54239,-33.89242],[18.54086,-33.89267],[18.5375,-33.89325],[18.53657,-33.89341],[18.53572,-33.89355],[18.53276,-33.89406],[18.53135,-33.8943],[18.53072,-33.89441],[18.53014,-33.89451],[18.52788,-33.8949],[18.5277,-33.89493],[18.52755,-33.89496],[18.52735,-33.89498]]}},{"type":"Feature","properties":{"id":"way/790312157","name":"Northern Line","network":"PRASA"},"geometry":{"type":"LineString","coordinates":[[18.55025,-33.8915],[18.55042,-33.89148],[18.55201,-33.8913],[18.55337,-33.89115],[18.55383,-33.8911],[18.55435,-33.89104],[18.55488,-33.89098],[18.55539,-33.89091],[18.55711,-33.89062],[18.56446,-33.88939],[18.56499,-33.8893],[18.56552,-33.88921],[18.56604,-33.88916],[18.5663,-33.88914],[18.5665,-33.88913],[18.56687,-33.88912],[18.56717,-33.88912],[18.56748,-33.88913],[18.56799,-33.88916],[18.56825,-33.88918],[18.5685,-33.88921],[18.5687,-33.88924],[18.56895,-33.88928],[18.5694,-33.88936],[18.56992,-33.88948],[18.57053,-33.88966],[18.57096,-33.8898],[18.57146,-33.88999],[18.57225,-33.89036],[18.57654,-33.89241],[18.57696,-33.89261],[18.57744,-33.89285],[18.57874,-33.89347],[18.57992,-33.89404]]}},{"type":"Feature","properties":{"id":"way/790312158","name":"Northern Line","network":"PRASA"},"geometry":{"type":"LineString","coordinates":[[18.57754,-33.89294],[18.57742,-33.89288],[18.57695,-33.89265],[18.57652,-33.89244],[18.57224,-33.89039],[18.57145,-33.89003],[18.57094,-33.88983],[18.5705,-33.88968],[18.5699,-33.88951],[18.56938,-33.8894],[18.56893,-33.88931],[18.56869,-33.88927],[18.56849,-33.88925],[18.56823,-33.88922],[18.56799,-33.8892],[18.56748,-33.88917],[18.56717,-33.88916],[18.56688,-33.88916],[18.5665,-33.88917],[18.5663,-33.88918],[18.56606,-33.8892],[18.56583,-33.88922],[18.56553,-33.88925],[18.5653,-33.88928],[18.56448,-33.88942]]}},{"type":"Feature","properties":{"id":"way/790312159","name":"Northern Line","network":"PRASA"},"geometry":{"type":"LineString","coordinates":[[18.57992,-33.89404],[18.58002,-33.89409],[18.58088,-33.89448],[18.58513,-33.89642],[18.58557,-33.8966],[18.58604,-33.89677],[18.58632,-33.89686],[18.58679,-33.89698],[18.58714,-33.89706],[18.5875,-33.89712],[18.58804,-33.89719],[18.58955,-33.89736],[18.59157,-33.89759],[18.59314,-33.89777],[18.59437,-33.8979]]}},{"type":"Feature","properties":{"id":"way/790312160","name":"Northern Line","network":"PRASA"},"geometry":{"type":"LineString","coordinates":[[18.59437,-33.8979],[18.59453,-33.89792],[18.59952,-33.89848],[18.60136,-33.89869],[18.60142,-33.89869],[18.60275,-33.89884],[18.60347,-33.89892],[18.60414,-33.89899],[18.60442,-33.89903],[18.60471,-33.89908],[18.60487,-33.89911],[18.60502,-33.89914],[18.6054,-33.89922],[18.60553,-33.89926],[18.60567,-33.8993],[18.6058,-33.89934],[18.60613,-33.89945],[18.60645,-33.89957],[18.60683,-33.89974],[18.60716,-33.89991],[18.60748,-33.90009],[18.60781,-33.90031],[18.60807,-33.9005],[18.6082,-33.90058],[18.60833,-33.90068],[18.60955,-33.90158],[18.61008,-33.90197],[18.61079,-33.90249],[18.61102,-33.90266],[18.61154,-33.90302],[18.61185,-33.9032],[18.61237,-33.90349],[18.61277,-33.90368],[18.61357,-33.90401],[18.6139,-33.90415],[18.61421,-33.90426],[18.61446,-33.90435],[18.61471,-33.90442],[18.61494,-33.90448],[18.6151,-33.90453],[18.61525,-33.90455],[18.61552,-33.90459],[18.61586,-33.90462],[18.61624,-33.90464],[18.61689,-33.90465],[18.61757,-33.90465],[18.61822,-33.90466],[18.61891,-33.90466],[18.61942,-33.90467],[18.61983,-33.90472],[18.62051,-33.90482],[18.62074,-33.90486],[18.62257,-33.90514],[18.62298,-33.90521],[18.62329,-33.90526],[18.62352,-33.9053],[18.62381,-33.90536],[18.62439,-33.9055],[18.62447,-33.90551],[18.62508,-33.90566],[18.62555,-33.90576],[18.6256,-33.90577],[18.62699,-33.90609],[18.62926,-33.90662]]}},{"type":"Feature","properties":{"id":"way/790312161","name":"Northern Line","network":"PRASA"},"geometry":{"type":"LineString","coordinates":[[18.59167,-33.89764],[18.59452,-33.89796],[18.60022,-33.8986],[18.60036,-33.89861],[18.60065,-33.89864],[18.60191,-33.89879],[18.60274,-33.89888],[18.60346,-33.89896],[18.60413,-33.89904],[18.60443,-33.89908],[18.60469,-33.89912],[18.605,-33.89919],[18.60539,-33.89929],[18.60559,-33.89934],[18.60578,-33.8994],[18.60592,-33.89946],[18.60611,-33.89951],[18.60645,-33.89965],[18.6068,-33.89981],[18.60711,-33.89997],[18.60743,-33.90015],[18.60761,-33.90027],[18.60776,-33.90036],[18.60801,-33.90054],[18.60827,-33.90074],[18.60945,-33.90163],[18.60993,-33.90199],[18.61075,-33.90256],[18.61153,-33.90309],[18.61184,-33.90328],[18.61206,-33.90341],[18.61234,-33.90356],[18.61263,-33.90369],[18.61341,-33.90401],[18.61369,-33.90412],[18.61439,-33.90438],[18.61469,-33.90447],[18.61493,-33.90453],[18.61511,-33.90458],[18.61531,-33.90461],[18.61553,-33.90464],[18.61586,-33.90466],[18.61625,-33.90467],[18.61755,-33.90469],[18.61892,-33.9047],[18.61928,-33.90472],[18.61955,-33.90475],[18.61985,-33.90478],[18.62049,-33.90487],[18.62102,-33.90496],[18.6215,-33.90504],[18.62251,-33.90519]]}},{"type":"Feature","properties":{"id":"way/790315384","name":"Central Line","network":"PRASA"},"geometry":{"type":"LineString","coordinates":[[18.6612,-33.92654],[18.66113,-33.9254],[18.66103,-33.92362],[18.66102,-33.92334],[18.661,-33.92302],[18.66096,-33.92236],[18.66093,-33.92186],[18.6609,-33.92122],[18.66075,-33.91858],[18.66069,-33.91756],[18.66068,-33.91728],[18.66065,-33.91703],[18.66063,-33.91689],[18.6606,-33.91676],[18.66055,-33.91657],[18.66049,-33.91639],[18.66042,-33.9162],[18.66034,-33.91604],[18.6603,-33.91595],[18.66023,-33.91584],[18.66018,-33.91575],[18.66011,-33.91564],[18.66001,-33.91551],[18.65993,-33.91541],[18.65983,-33.91528],[18.65968,-33.91512],[18.65961,-33.91506],[18.65949,-33.91495],[18.65941,-33.91488],[18.65931,-33.91479],[18.65921,-33.91472],[18.65911,-33.91464],[18.65889,-33.9145],[18.65862,-33.91435],[18.65841,-33.91425],[18.65818,-33.91415],[18.65777,-33.91399],[18.65757,-33.91391],[18.65728,-33.91381]]}},{"type":"Feature","properties":{"id":"way/790315385","name":"Central Line","network":"PRASA"},"geometry":{"type":"LineString","coordinates":[[18.65765,-33.9139],[18.65796,-33.91403],[18.65817,-33.91411],[18.6583,-33.91416],[18.65844,-33.91423],[18.65861,-33.91431],[18.6587,-33.91435],[18.65888,-33.91445],[18.65897,-33.91451],[18.65916,-33.91464],[18.65929,-33.91473],[18.6594,-33.91482],[18.65949,-33.91489],[18.65956,-33.91496],[18.65966,-33.91505],[18.65975,-33.91514],[18.65986,-33.91526],[18.66,-33.91543],[18.6601,-33.91556],[18.66017,-33.91566],[18.66027,-33.91583],[18.66035,-33.91597],[18.6604,-33.91607],[18.66046,-33.91619],[18.66049,-33.91627],[18.66053,-33.91637],[18.66056,-33.91646],[18.6606,-33.91658],[18.66062,-33.91668],[18.66065,-33.91681],[18.66067,-33.91691],[18.66069,-33.91703],[18.6607,-33.91713],[18.66072,-33.91727],[18.66074,-33.91758],[18.66076,-33.91791],[18.66079,-33.91858],[18.66092,-33.92078],[18.66092,-33.92089],[18.66096,-33.92161],[18.66097,-33.92177],[18.66099,-33.92215],[18.66102,-33.92264],[18.66104,-33.92302],[18.66107,-33.92361],[18.6611,-33.92409],[18.66113,-33.92455],[18.66116,-33.92511],[18.66121,-33.92611],[18.66124,-33.92653]]}},{"type":"Feature","properties":{"id":"way/790315386","name":"Central Line","network":"PRASA"},"geometry":{"type":"LineString","coordinates":[[18.64618,-33.93479],[18.64737,-33.93464],[18.64968,-33.93434],[18.65083,-33.9342],[18.6526,-33.93397],[18.6544,-33.93374],[18.65529,-33.93363],[18.65583,-33.93356],[18.65612,-33.93351],[18.65641,-33.93345],[18.6567,-33.93339],[18.65691,-33.93333],[18.65711,-33.93327],[18.65731,-33.9332],[18.65755,-33.93311],[18.65787,-33.93298],[18.65807,-33.93288],[18.65823,-33.9328],[18.65841,-33.9327],[18.65862,-33.93258],[18.65879,-33.93247],[18.65896,-33.93236],[18.65921,-33.93217],[18.65934,-33.93207],[18.65948,-33.93195],[18.65966,-33.93178],[18.65975,-33.9317],[18.65984,-33.9316],[18.66001,-33.93142],[18.66018,-33.93122],[18.66033,-33.93102],[18.66049,-33.93079],[18.66061,-33.93059],[18.66073,-33.93038],[18.66081,-33.93024],[18.66088,-33.93009],[18.66094,-33.92996],[18.661,-33.92981],[18.66105,-33.92961],[18.66108,-33.92948],[18.66112,-33.92918],[18.66116,-33.9289],[18.6612,-33.92856],[18.66124,-33.92825],[18.66125,-33.92806],[18.66126,-33.92789],[18.66126,-33.9276],[18.6612,-33.92654]]}},{"type":"Feature","properties":{"id":"way/790315387","name":"Central Line","network":"PRASA"},"geometry":{"type":"LineString","coordinates":[[18.66124,-33.92653],[18.66125,-33.92674],[18.66129,-33.92755],[18.6613,-33.92765],[18.6613,-33.92779],[18.6613,-33.92793],[18.66129,-33.9281],[18.66128,-33.92828],[18.66125,-33.92856],[18.66122,-33.92877],[18.66119,-33.92901],[18.66117,-33.92919],[18.66114,-33.92939],[18.66111,-33.92955],[18.66108,-33.92968],[18.66103,-33.92983],[18.66099,-33.92995],[18.66093,-33.9301],[18.66086,-33.93025],[18.66078,-33.93039],[18.66073,-33.93048],[18.66064,-33.93063],[18.66053,-33.93081],[18.66044,-33.93094],[18.66036,-33.93105],[18.66025,-33.9312],[18.66017,-33.93129],[18.66004,-33.93145],[18.65989,-33.93162],[18.65976,-33.93175],[18.65964,-33.93186],[18.65947,-33.93201],[18.65923,-33.9322],[18.65903,-33.93236],[18.65889,-33.93246],[18.65869,-33.93258],[18.6585,-33.93269],[18.65837,-33.93277],[18.65821,-33.93286],[18.65804,-33.93294],[18.65787,-33.93302],[18.65771,-33.93309],[18.65755,-33.93315],[18.65737,-33.93322],[18.65723,-33.93327],[18.65704,-33.93333],[18.65689,-33.93338],[18.65664,-33.93344],[18.65644,-33.93349],[18.65635,-33.93351],[18.65612,-33.93355],[18.65585,-33.93359],[18.65528,-33.93367],[18.6544,-33.93378],[18.65261,-33.93401],[18.65084,-33.93424],[18.64969,-33.93438],[18.64737,-33.93468],[18.64619,-33.93483]]}},{"type":"Feature","properties":{"id":"way/790315388","name":"Central Line","network":"PRASA"},"geometry":{"type":"LineString","coordinates":[[18.62851,-33.93704],[18.62995,-33.93685],[18.63387,-33.93636],[18.63758,-33.93589]]}},{"type":"Feature","properties":{"id":"way/790315389","name":"Central Line","network":"PRASA"},"geometry":{"type":"LineString","coordinates":[[18.62852,-33.93707],[18.62761,-33.93719],[18.62697,-33.93727],[18.62332,-33.93773],[18.62168,-33.93794],[18.61913,-33.93826],[18.61657,-33.93859],[18.61564,-33.9387],[18.6122,-33.93914],[18.6111,-33.93928],[18.61073,-33.93933],[18.6092,-33.93952]]}},{"type":"Feature","properties":{"id":"way/790315390","name":"Central Line","network":"PRASA"},"geometry":{"type":"LineString","coordinates":[[18.60916,-33.93949],[18.61071,-33.93929],[18.61219,-33.9391],[18.61564,-33.93866],[18.61656,-33.93855],[18.61912,-33.93823],[18.62167,-33.9379],[18.62332,-33.93769],[18.62696,-33.93724],[18.6276,-33.93715],[18.62851,-33.93704]]}},{"type":"Feature","properties":{"id":"way/790315391","name":"Central Line","network":"PRASA"},"geometry":{"type":"LineString","coordinates":[[18.6092,-33.93952],[18.60817,-33.93965],[18.60779,-33.93971],[18.60747,-33.93976],[18.60709,-33.93984],[18.60685,-33.93989],[18.6066,-33.93995],[18.60584,-33.94012],[18.60484,-33.94035],[18.60399,-33.94055],[18.60242,-33.94091],[18.60084,-33.94127],[18.59742,-33.94206],[18.59691,-33.94217],[18.59527,-33.94255],[18.59302,-33.94307],[18.59197,-33.94331],[18.59152,-33.94341],[18.59048,-33.94365],[18.59017,-33.94372],[18.5899,-33.94377],[18.58962,-33.94381],[18.58941,-33.94384],[18.58922,-33.94386],[18.58901,-33.94388],[18.58881,-33.9439],[18.58855,-33.94392],[18.58836,-33.94393],[18.58819,-33.94393],[18.58796,-33.94394],[18.58778,-33.94394],[18.58761,-33.94393],[18.58745,-33.94392],[18.5873,-33.94391],[18.5871,-33.94389],[18.58692,-33.94386],[18.58681,-33.94384],[18.58653,-33.94381],[18.58615,-33.94375],[18.58588,-33.94371],[18.58562,-33.94367],[18.5852,-33.94361],[18.58397,-33.94343]]}},{"type":"Feature","properties":{"id":"way/790315392","name":"Central Line","network":"PRASA"},"geometry":{"type":"LineString","coordinates":[[18.58397,-33.94326],[18.5856,-33.9435],[18.58585,-33.94355],[18.58612,-33.9436],[18.58647,-33.94366],[18.58684,-33.94372],[18.58721,-33.94378],[18.58751,-33.94382],[18.58786,-33.94386],[18.58805,-33.94387],[18.58823,-33.94387],[18.58845,-33.94387],[18.58871,-33.94386],[18.58902,-33.94383],[18.58936,-33.94379],[18.58958,-33.94376],[18.58994,-33.94371],[18.59025,-33.94365],[18.59045,-33.94361],[18.59079,-33.94354],[18.59132,-33.94342],[18.5916,-33.94335],[18.593,-33.94303],[18.59525,-33.94251],[18.5969,-33.94214],[18.59742,-33.94202],[18.60082,-33.94124],[18.60241,-33.94087],[18.60399,-33.94051],[18.60545,-33.94018],[18.60574,-33.9401],[18.60616,-33.94001],[18.60657,-33.93992],[18.60708,-33.9398],[18.60745,-33.93973],[18.60777,-33.93967],[18.60816,-33.93961],[18.60916,-33.93949]]}},{"type":"Feature","properties":{"id":"way/790315393","name":"Central Line","network":"PRASA"},"geometry":{"type":"LineString","coordinates":[[18.55018,-33.9419],[18.55168,-33.942],[18.55235,-33.94206],[18.5527,-33.94209],[18.55312,-33.94213],[18.55357,-33.94217],[18.55394,-33.9422],[18.55532,-33.94233],[18.55599,-33.94239],[18.55711,-33.94249],[18.55812,-33.94258],[18.55868,-33.94264],[18.55887,-33.94266],[18.5591,-33.94269],[18.5593,-33.94272],[18.55949,-33.94275],[18.55979,-33.94281],[18.5602,-33.94291],[18.56058,-33.94301],[18.56087,-33.94309],[18.56102,-33.94312],[18.56115,-33.94314],[18.56124,-33.94316],[18.56139,-33.94318],[18.56153,-33.94319],[18.56171,-33.9432],[18.56191,-33.9432],[18.56206,-33.94319],[18.56228,-33.94317],[18.56248,-33.94315],[18.56282,-33.94311],[18.56314,-33.94308],[18.56335,-33.94306],[18.56352,-33.94304],[18.56377,-33.94303],[18.56401,-33.94303],[18.5642,-33.94303],[18.56438,-33.94304],[18.56451,-33.94305],[18.56499,-33.94308],[18.56562,-33.94312],[18.566,-33.94315],[18.56651,-33.94318],[18.56691,-33.94321],[18.56729,-33.94323],[18.5676,-33.94325],[18.56788,-33.94325],[18.56809,-33.94324],[18.56827,-33.94324],[18.56848,-33.94323],[18.56881,-33.94321],[18.5696,-33.94313],[18.57084,-33.94302],[18.57176,-33.94294],[18.5721,-33.94291],[18.57238,-33.94289],[18.57266,-33.94287],[18.57284,-33.94286],[18.57325,-33.94286],[18.57375,-33.94285],[18.57619,-33.94287],[18.57759,-33.94288],[18.57816,-33.94288],[18.57962,-33.9429],[18.5803,-33.94291],[18.58102,-33.94292],[18.58139,-33.94293],[18.58171,-33.94295],[18.58201,-33.94298],[18.58232,-33.94302],[18.58263,-33.94307],[18.58397,-33.94326]]}},{"type":"Feature","properties":{"id":"way/790315394","name":"Central Line","network":"PRASA"},"geometry":{"type":"LineString","coordinates":[[18.55523,-33.94235],[18.55361,-33.9422],[18.55312,-33.94216],[18.55224,-33.94208],[18.55168,-33.94203],[18.55018,-33.94193]]}},{"type":"Feature","properties":{"id":"way/790315395","name":"Unnamed","network":"PRASA"},"geometry":{"type":"LineString","coordinates":[[18.55017,-33.94206],[18.55167,-33.94217],[18.55263,-33.94223],[18.55313,-33.94227],[18.55358,-33.9423],[18.55442,-33.94236],[18.55532,-33.94245],[18.55818,-33.94271],[18.55856,-33.94276],[18.55871,-33.94278],[18.55895,-33.94282],[18.55912,-33.94286],[18.55928,-33.9429],[18.55948,-33.94296],[18.55971,-33.94304],[18.55998,-33.94315],[18.56011,-33.94321],[18.56026,-33.94329],[18.56051,-33.94343],[18.56075,-33.94359],[18.56097,-33.94375],[18.56108,-33.94384],[18.56117,-33.94393],[18.56129,-33.94405],[18.56138,-33.94414],[18.56149,-33.94426],[18.5616,-33.9444],[18.56167,-33.94449],[18.56176,-33.94463],[18.56183,-33.94474],[18.56189,-33.94486],[18.56194,-33.94495],[18.56202,-33.9451],[18.56212,-33.94534],[18.56223,-33.94563],[18.56239,-33.94608],[18.56265,-33.94677],[18.56297,-33.94767],[18.56324,-33.94842],[18.56331,-33.94861]]}},{"type":"Feature","properties":{"id":"way/790315396","name":"Unnamed","network":"PRASA"},"geometry":{"type":"LineString","coordinates":[[18.55015,-33.94211],[18.55168,-33.9422],[18.55263,-33.94227],[18.55313,-33.9423],[18.55358,-33.94233],[18.55443,-33.9424],[18.55532,-33.94249],[18.5563,-33.94258],[18.55818,-33.94275],[18.55855,-33.94279],[18.5587,-33.94281],[18.55893,-33.94285],[18.5591,-33.94289],[18.55932,-33.94295],[18.55953,-33.94302],[18.55974,-33.94309],[18.55999,-33.94319],[18.56022,-33.94331],[18.56048,-33.94346],[18.56063,-33.94355],[18.56073,-33.94362],[18.56092,-33.94377],[18.56107,-33.94389],[18.56116,-33.94397],[18.56126,-33.94408],[18.56136,-33.94418],[18.56155,-33.94441],[18.56165,-33.94454],[18.56175,-33.94469],[18.56182,-33.94481],[18.56188,-33.94491],[18.56196,-33.94507],[18.562,-33.94518],[18.5621,-33.94541],[18.5622,-33.94568],[18.56261,-33.94679],[18.56293,-33.94769],[18.5632,-33.94843],[18.56326,-33.94859]]}},{"type":"Feature","properties":{"id":"way/790315397","name":"Central Line","network":"PRASA"},"geometry":{"type":"LineString","coordinates":[[18.53189,-33.93953],[18.53231,-33.93967],[18.53271,-33.9398],[18.53315,-33.93993],[18.5335,-33.94003],[18.53398,-33.94014],[18.53411,-33.94018],[18.53442,-33.94024],[18.53465,-33.94029],[18.53514,-33.94039],[18.53636,-33.94059],[18.53726,-33.94073],[18.53742,-33.94076],[18.53763,-33.94079],[18.53851,-33.94093],[18.53981,-33.94113],[18.54035,-33.94121],[18.5417,-33.94138],[18.54266,-33.94146],[18.5433,-33.94151],[18.54446,-33.94159],[18.54623,-33.94171],[18.54657,-33.94173],[18.54686,-33.94175],[18.54716,-33.94175],[18.54737,-33.94176],[18.54754,-33.94176],[18.54782,-33.94177],[18.54817,-33.94178],[18.54848,-33.94179],[18.54874,-33.9418],[18.55018,-33.9419]]}},{"type":"Feature","properties":{"id":"way/790315398","name":"Unnamed","network":"PRASA"},"geometry":{"type":"LineString","coordinates":[[18.5312,-33.93946],[18.53136,-33.93952],[18.53184,-33.93967],[18.53222,-33.93977],[18.53279,-33.93995]]}},{"type":"Feature","properties":{"id":"way/790315400","name":"Unnamed","network":"PRASA"},"geometry":{"type":"LineString","coordinates":[[18.52861,-33.93873],[18.52991,-33.93915],[18.53097,-33.9395],[18.53132,-33.93961],[18.53154,-33.93967],[18.53184,-33.93975],[18.53207,-33.9398]]}},{"type":"Feature","properties":{"id":"way/790320468","name":"Central Line","network":"PRASA"},"geometry":{"type":"LineString","coordinates":[[18.51462,-33.92197],[18.51479,-33.92196],[18.51489,-33.92196],[18.51499,-33.92197],[18.51517,-33.92198],[18.51529,-33.922],[18.51544,-33.92202],[18.5156,-33.92205],[18.51574,-33.92209],[18.51586,-33.92212],[18.51602,-33.92217],[18.51616,-33.92222],[18.51631,-33.92228],[18.51645,-33.92235],[18.51658,-33.92242],[18.51669,-33.92249],[18.5168,-33.92255],[18.51691,-33.92263],[18.51699,-33.92269],[18.51709,-33.92277],[18.51717,-33.92284],[18.51726,-33.92292],[18.51736,-33.92303],[18.51748,-33.92316],[18.5176,-33.92331],[18.51778,-33.92351],[18.51805,-33.92386],[18.51818,-33.92404],[18.51833,-33.92426],[18.51847,-33.92445],[18.51907,-33.92518],[18.51979,-33.92607],[18.52015,-33.92651],[18.52051,-33.92695],[18.52075,-33.92724],[18.52093,-33.92747],[18.52114,-33.92775],[18.52127,-33.92794],[18.52139,-33.92814]]}},{"type":"Feature","properties":{"id":"way/790320469","name":"Central Line","network":"PRASA"},"geometry":{"type":"LineString","coordinates":[[18.52136,-33.92816],[18.52125,-33.92799],[18.52111,-33.92778],[18.5209,-33.9275],[18.52072,-33.92727],[18.52047,-33.92697],[18.52012,-33.92653],[18.51975,-33.92609],[18.51903,-33.9252],[18.51843,-33.92447],[18.51766,-33.92353],[18.51751,-33.92335],[18.51739,-33.92322],[18.51727,-33.9231],[18.51711,-33.92297],[18.51702,-33.9229],[18.51692,-33.92282],[18.51683,-33.92276],[18.51674,-33.92271],[18.51665,-33.92266],[18.51648,-33.92257],[18.51637,-33.92251],[18.51621,-33.92245],[18.51608,-33.9224],[18.5159,-33.92235],[18.51577,-33.92231],[18.51566,-33.92228],[18.51551,-33.92226],[18.51535,-33.92223],[18.51518,-33.92221],[18.51494,-33.9222],[18.51481,-33.9222],[18.51455,-33.92221],[18.51438,-33.92223],[18.51422,-33.92224],[18.51409,-33.92226],[18.51398,-33.92227],[18.51377,-33.9223],[18.51366,-33.92231],[18.51345,-33.92234],[18.51322,-33.92237],[18.51278,-33.92242],[18.5119,-33.92253]]}},{"type":"Feature","properties":{"id":"way/790320470","name":"Northern Line","network":"PRASA"},"geometry":{"type":"LineString","coordinates":[[18.50787,-33.92203],[18.50881,-33.92191],[18.5101,-33.92175],[18.51073,-33.92165],[18.51138,-33.92156],[18.51202,-33.92147],[18.51353,-33.92128],[18.51373,-33.92125],[18.51463,-33.92113],[18.51581,-33.92098]]}},{"type":"Feature","properties":{"id":"way/790320471","name":"Northern Line","network":"PRASA"},"geometry":{"type":"LineString","coordinates":[[18.51581,-33.92098],[18.51588,-33.92098],[18.51659,-33.92089],[18.51706,-33.92083],[18.51903,-33.92058],[18.52141,-33.92027],[18.52319,-33.92004],[18.524,-33.91994],[18.52691,-33.91956],[18.52786,-33.91945],[18.52877,-33.91934],[18.53026,-33.91913],[18.53131,-33.91898],[18.53182,-33.91892]]}},{"type":"Feature","properties":{"id":"way/790320472","name":"Northern Line","network":"PRASA"},"geometry":{"type":"LineString","coordinates":[[18.53182,-33.91892],[18.53361,-33.91869],[18.53452,-33.91857],[18.53532,-33.91845],[18.53616,-33.91831],[18.53664,-33.91821],[18.53713,-33.9181],[18.53788,-33.91791],[18.53819,-33.91783],[18.53866,-33.9177],[18.53913,-33.91755],[18.53957,-33.91741],[18.53989,-33.9173],[18.54028,-33.91715],[18.54107,-33.91684],[18.54183,-33.91654],[18.54273,-33.91617],[18.54358,-33.91581],[18.5439,-33.91568],[18.5443,-33.91552],[18.54468,-33.91538],[18.54503,-33.91526],[18.54517,-33.9152],[18.54582,-33.91498],[18.54614,-33.91489],[18.54719,-33.91456]]}},{"type":"Feature","properties":{"id":"way/790320473","name":"Northern Line","network":"PRASA"},"geometry":{"type":"LineString","coordinates":[[18.53257,-33.91898],[18.53186,-33.91907],[18.53132,-33.91913],[18.53029,-33.91926],[18.52881,-33.91944],[18.52788,-33.91956],[18.52696,-33.91968],[18.5234,-33.92014],[18.52143,-33.92038],[18.51905,-33.92068],[18.51708,-33.92093],[18.51661,-33.92099],[18.51626,-33.92104],[18.51608,-33.92107],[18.51587,-33.92111],[18.51543,-33.92118],[18.5148,-33.92128]]}},{"type":"Feature","properties":{"id":"way/790320474","name":"Northern Line","network":"PRASA"},"geometry":{"type":"LineString","coordinates":[[18.54719,-33.91456],[18.54867,-33.91411],[18.54899,-33.91401],[18.551,-33.91339],[18.55134,-33.91329],[18.55291,-33.9128],[18.55432,-33.91237],[18.5555,-33.912],[18.55578,-33.91192],[18.55641,-33.91173],[18.55715,-33.91151],[18.5575,-33.91142],[18.55782,-33.91134],[18.5583,-33.91122],[18.5586,-33.91115]]}},{"type":"Feature","properties":{"id":"way/790320475","name":"Northern Line","network":"PRASA"},"geometry":{"type":"LineString","coordinates":[[18.54762,-33.91461],[18.5464,-33.91498],[18.54573,-33.91517],[18.54549,-33.91523],[18.54523,-33.91531],[18.54489,-33.91542],[18.54462,-33.91551],[18.54426,-33.91565],[18.54392,-33.91579],[18.54367,-33.91589],[18.54322,-33.91608],[18.54278,-33.91627],[18.54233,-33.91646],[18.54187,-33.91664],[18.5414,-33.91683],[18.54113,-33.91694],[18.54034,-33.91724],[18.53991,-33.9174],[18.53965,-33.91748],[18.53917,-33.91764],[18.53871,-33.91778],[18.53832,-33.91789],[18.53791,-33.918],[18.53717,-33.91819],[18.53668,-33.9183],[18.53617,-33.91841],[18.53535,-33.91858],[18.53458,-33.91871],[18.53374,-33.91884],[18.53257,-33.91898]]}},{"type":"Feature","properties":{"id":"way/790320476","name":"Northern Line","network":"PRASA"},"geometry":{"type":"LineString","coordinates":[[18.55865,-33.91128],[18.55823,-33.91137],[18.55756,-33.91154],[18.55724,-33.91162],[18.55636,-33.91185],[18.55554,-33.91209],[18.55294,-33.91289],[18.55118,-33.91343],[18.55095,-33.91351],[18.55027,-33.91374],[18.54953,-33.914],[18.54933,-33.91407],[18.54875,-33.91426],[18.54762,-33.91461]]}},{"type":"Feature","properties":{"id":"way/790320477","name":"Northern Line","network":"PRASA"},"geometry":{"type":"LineString","coordinates":[[18.5586,-33.91115],[18.5591,-33.91104],[18.55949,-33.91096],[18.55986,-33.91089],[18.56054,-33.91077],[18.56111,-33.91069],[18.5616,-33.91063],[18.56224,-33.91055],[18.56287,-33.9105],[18.56355,-33.91045],[18.56413,-33.91041],[18.56459,-33.91038],[18.56501,-33.91039],[18.56532,-33.91039],[18.56569,-33.9104],[18.56669,-33.91043],[18.56724,-33.91045],[18.56747,-33.91046],[18.5678,-33.91046],[18.56877,-33.91049]]}},{"type":"Feature","properties":{"id":"way/790320478","name":"Northern Line","network":"PRASA"},"geometry":{"type":"LineString","coordinates":[[18.56877,-33.91049],[18.57017,-33.91054],[18.57057,-33.91054],[18.57098,-33.91054],[18.57142,-33.91053],[18.57183,-33.91052],[18.5723,-33.91053],[18.5724,-33.91054],[18.57303,-33.91058],[18.57336,-33.9106],[18.57362,-33.91061],[18.57432,-33.91063],[18.57551,-33.91065],[18.57618,-33.91066],[18.57654,-33.91065],[18.57683,-33.91064],[18.57725,-33.91063],[18.57811,-33.91058],[18.57869,-33.91054],[18.57947,-33.91043],[18.58014,-33.91034],[18.5807,-33.91025],[18.58201,-33.91008],[18.58347,-33.90988],[18.58372,-33.90986],[18.58505,-33.90967],[18.58611,-33.90952],[18.58622,-33.9095]]}},{"type":"Feature","properties":{"id":"way/790320479","name":"Northern Line","network":"PRASA"},"geometry":{"type":"LineString","coordinates":[[18.56921,-33.91074],[18.56867,-33.91072],[18.56838,-33.9107],[18.56816,-33.91068],[18.56794,-33.91066],[18.56745,-33.91058],[18.56716,-33.91055],[18.56697,-33.91053],[18.56676,-33.91051],[18.56648,-33.9105],[18.56618,-33.9105],[18.56579,-33.9105],[18.5653,-33.91049],[18.56476,-33.91049],[18.56413,-33.9105],[18.56351,-33.91053],[18.56287,-33.91058],[18.56222,-33.91064],[18.56166,-33.91071],[18.56115,-33.91077],[18.56054,-33.91087],[18.56001,-33.91097],[18.55956,-33.91107],[18.55884,-33.91124],[18.55865,-33.91128]]}},{"type":"Feature","properties":{"id":"way/790320480","name":"Northern Line","network":"PRASA"},"geometry":{"type":"LineString","coordinates":[[18.58622,-33.9095],[18.58743,-33.90934],[18.58917,-33.90908],[18.59113,-33.9088],[18.59277,-33.90857],[18.59442,-33.90834],[18.59621,-33.90808],[18.59799,-33.90787],[18.59859,-33.90779],[18.60009,-33.90759],[18.60162,-33.90739]]}},{"type":"Feature","properties":{"id":"way/790320481","name":"Unnamed","network":"PRASA"},"geometry":{"type":"LineString","coordinates":[[18.58623,-33.90954],[18.58737,-33.90938],[18.58775,-33.90932],[18.58866,-33.90919],[18.58896,-33.90915]]}},{"type":"Feature","properties":{"id":"way/790320482","name":"Northern Line","network":"PRASA"},"geometry":{"type":"LineString","coordinates":[[18.5863,-33.9097],[18.58566,-33.90979],[18.5851,-33.90987],[18.58432,-33.90996],[18.58371,-33.91002],[18.58315,-33.91006],[18.58202,-33.91019],[18.58073,-33.91037],[18.58017,-33.91045],[18.57947,-33.91054],[18.57869,-33.91062],[18.57811,-33.91067],[18.57726,-33.91072],[18.57685,-33.91073],[18.57653,-33.91074],[18.57618,-33.91074],[18.5755,-33.91074],[18.57439,-33.91072],[18.57357,-33.9107],[18.57258,-33.91068],[18.57232,-33.91068],[18.57201,-33.91067],[18.57184,-33.91067],[18.57165,-33.91068],[18.57143,-33.91069],[18.57118,-33.91071],[18.5708,-33.91074],[18.5706,-33.91075],[18.5704,-33.91076],[18.56995,-33.91076],[18.56949,-33.91075],[18.56921,-33.91074]]}},{"type":"Feature","properties":{"id":"way/790320483","name":"Northern Line","network":"PRASA"},"geometry":{"type":"LineString","coordinates":[[18.60162,-33.90739],[18.6027,-33.90725],[18.60759,-33.90661],[18.60824,-33.90652],[18.61055,-33.90622],[18.61133,-33.90611],[18.61579,-33.90553],[18.61623,-33.90547]]}},{"type":"Feature","properties":{"id":"way/790320484","name":"Northern Line","network":"PRASA"},"geometry":{"type":"LineString","coordinates":[[18.60167,-33.90753],[18.60086,-33.90764],[18.6001,-33.90774],[18.59965,-33.90779],[18.59925,-33.90783],[18.59862,-33.90789],[18.598,-33.90795],[18.59623,-33.9082],[18.59443,-33.90843],[18.59279,-33.90865],[18.59114,-33.90889],[18.59062,-33.90897],[18.59034,-33.90901],[18.58984,-33.90911],[18.58946,-33.90918],[18.58881,-33.9093],[18.58826,-33.9094],[18.58788,-33.90947],[18.58746,-33.90954],[18.58688,-33.90962],[18.5863,-33.9097]]}},{"type":"Feature","properties":{"id":"way/790342570","name":"Unnamed","network":"PRASA"},"geometry":{"type":"LineString","coordinates":[[18.48849,-33.92447],[18.48865,-33.92445],[18.48915,-33.92439],[18.48938,-33.92434],[18.4897,-33.92428],[18.49001,-33.92422],[18.49035,-33.92414],[18.49074,-33.92406],[18.49145,-33.9239],[18.4917,-33.92385]]}},{"type":"Feature","properties":{"id":"way/790342571","name":"Unnamed","network":"PRASA"},"geometry":{"type":"LineString","coordinates":[[18.48577,-33.92491],[18.48865,-33.92453]]}},{"type":"Feature","properties":{"id":"way/790342572","name":"Unnamed","network":"PRASA"},"geometry":{"type":"LineString","coordinates":[[18.48704,-33.92493],[18.48765,-33.92485],[18.48802,-33.9248],[18.4882,-33.92478],[18.48871,-33.92467],[18.48924,-33.92455],[18.48974,-33.92445],[18.49006,-33.92439],[18.49042,-33.92432],[18.49087,-33.92425],[18.49106,-33.92422],[18.49145,-33.92416],[18.49344,-33.92392],[18.49372,-33.92388],[18.49401,-33.92385],[18.49412,-33.92384],[18.49483,-33.92375],[18.49522,-33.92369],[18.49604,-33.9236],[18.49659,-33.92355],[18.4973,-33.92348],[18.49789,-33.92343],[18.49946,-33.92327],[18.50081,-33.92314],[18.50128,-33.92309],[18.50189,-33.92301],[18.50217,-33.92298],[18.50344,-33.9228]]}},{"type":"Feature","properties":{"id":"way/790342573","name":"Northern Line","network":"PRASA"},"geometry":{"type":"LineString","coordinates":[[18.48713,-33.9245],[18.48862,-33.92431],[18.48947,-33.9242],[18.48996,-33.92413],[18.49015,-33.9241],[18.49033,-33.92407],[18.4907,-33.92399],[18.49093,-33.92394],[18.4914,-33.92383],[18.49222,-33.92366],[18.49244,-33.92361],[18.49267,-33.92356],[18.49285,-33.92353],[18.49306,-33.92351],[18.49321,-33.9235],[18.49331,-33.92351],[18.49343,-33.92351],[18.49353,-33.92352],[18.49366,-33.92353],[18.49383,-33.92356],[18.494,-33.9236],[18.49424,-33.92365]]}},{"type":"Feature","properties":{"id":"way/790654668","name":"Central Line","network":"PRASA"},"geometry":{"type":"LineString","coordinates":[[18.56643,-33.94322],[18.56626,-33.9432],[18.56603,-33.94319],[18.56568,-33.94316],[18.56527,-33.94314],[18.56497,-33.94312],[18.56451,-33.94308],[18.56437,-33.94307],[18.56423,-33.94307],[18.56408,-33.94307],[18.56376,-33.94307],[18.56349,-33.94308],[18.56315,-33.94311],[18.56282,-33.94315],[18.56247,-33.94319],[18.56229,-33.94321],[18.56212,-33.94323],[18.56196,-33.94324],[18.56171,-33.94324],[18.56152,-33.94323]]}},{"type":"Feature","properties":{"id":"way/790654669","name":"Central Line","network":"PRASA"},"geometry":{"type":"LineString","coordinates":[[18.56152,-33.94323],[18.56138,-33.94322],[18.56122,-33.9432],[18.56113,-33.94318],[18.56105,-33.94317],[18.56086,-33.94313],[18.56058,-33.94305],[18.56019,-33.94295],[18.55979,-33.94285],[18.55948,-33.94279],[18.55923,-33.94274],[18.55891,-33.9427],[18.55867,-33.94267],[18.55812,-33.94262],[18.55712,-33.94252],[18.55523,-33.94235]]}},{"type":"Feature","properties":{"id":"way/790658833","name":"Northern Line","network":"PRASA"},"geometry":{"type":"LineString","coordinates":[[18.56448,-33.88942],[18.55711,-33.89066],[18.55539,-33.89095],[18.55488,-33.89104],[18.55436,-33.89112],[18.55385,-33.89118],[18.55338,-33.89123],[18.55203,-33.89136],[18.55042,-33.89152],[18.54887,-33.89167],[18.54759,-33.89178]]}},{"type":"Feature","properties":{"id":"way/790658834","name":"Northern Line","network":"PRASA"},"geometry":{"type":"LineString","coordinates":[[18.58321,-33.89558],[18.58512,-33.89645],[18.58554,-33.89663],[18.58602,-33.89681],[18.58632,-33.8969],[18.58678,-33.89702],[18.58714,-33.89709],[18.58751,-33.89716],[18.58803,-33.89722],[18.58954,-33.89739],[18.59157,-33.89763],[18.59167,-33.89764]]}},{"type":"Feature","properties":{"id":"way/790658835","name":"Northern Line","network":"PRASA"},"geometry":{"type":"LineString","coordinates":[[18.57764,-33.91065],[18.57811,-33.91062],[18.57869,-33.91057],[18.57948,-33.91047],[18.58015,-33.91038],[18.58072,-33.9103],[18.58201,-33.91013],[18.58312,-33.91004],[18.5837,-33.90998],[18.58431,-33.90993],[18.5851,-33.90983],[18.58565,-33.90976],[18.58621,-33.90968]]}},{"type":"Feature","properties":{"id":"way/790658836","name":"Northern Line","network":"PRASA"},"geometry":{"type":"LineString","coordinates":[[18.59065,-33.90892],[18.59113,-33.90884],[18.59278,-33.9086],[18.59442,-33.90837],[18.59622,-33.90813],[18.59781,-33.90793],[18.5986,-33.90782],[18.6001,-33.90763],[18.60163,-33.90742]]}},{"type":"Feature","properties":{"id":"way/790658838","name":"Northern Line","network":"PRASA"},"geometry":{"type":"LineString","coordinates":[[18.60949,-33.90639],[18.60993,-33.90633],[18.61135,-33.90615],[18.6158,-33.90556],[18.61627,-33.9055]]}},{"type":"Feature","properties":{"id":"way/790659278","name":"Northern Line","network":"PRASA"},"geometry":{"type":"LineString","coordinates":[[18.62265,-33.90551],[18.62275,-33.90553],[18.62283,-33.90555],[18.62295,-33.90557],[18.62315,-33.90562],[18.6233,-33.90566],[18.62347,-33.90571],[18.62362,-33.90576],[18.62382,-33.90582],[18.62439,-33.90601],[18.62483,-33.90615],[18.62516,-33.90625],[18.62536,-33.90631],[18.6254,-33.90632],[18.62731,-33.90676]]}},{"type":"Feature","properties":{"id":"way/790694330","name":"Northern Line","network":"PRASA"},"geometry":{"type":"LineString","coordinates":[[18.4958,-33.91458],[18.4961,-33.91439],[18.4963,-33.91423],[18.49653,-33.91405],[18.49671,-33.91388],[18.49863,-33.91212]]}},{"type":"Feature","properties":{"id":"way/790694331","name":"Northern Line","network":"PRASA"},"geometry":{"type":"LineString","coordinates":[[18.50725,-33.90413],[18.50792,-33.90351],[18.50818,-33.90329],[18.50841,-33.90309],[18.50863,-33.90293],[18.5088,-33.90282],[18.50893,-33.90273],[18.50908,-33.90265],[18.50921,-33.90257],[18.51045,-33.90188],[18.51061,-33.90179],[18.51072,-33.90173],[18.51093,-33.90162]]}},{"type":"Feature","properties":{"id":"way/790694332","name":"Northern Line","network":"PRASA"},"geometry":{"type":"LineString","coordinates":[[18.54638,-33.89186],[18.54746,-33.89176],[18.55025,-33.8915]]}},{"type":"Feature","properties":{"id":"way/790699713","name":"Northern Line","network":"PRASA"},"geometry":{"type":"LineString","coordinates":[[18.54119,-33.91687],[18.54151,-33.91674],[18.54184,-33.9166],[18.54315,-33.91604],[18.54364,-33.91583],[18.54416,-33.91561],[18.54443,-33.91551],[18.54503,-33.91529],[18.54543,-33.91515],[18.54587,-33.91501],[18.54637,-33.91485],[18.5479,-33.91438]]}},{"type":"Feature","properties":{"id":"way/790699714","name":"Northern Line","network":"PRASA"},"geometry":{"type":"LineString","coordinates":[[18.52877,-33.91936],[18.53027,-33.91917],[18.5313,-33.91904],[18.53309,-33.91882]]}},{"type":"Feature","properties":{"id":"way/790699716","name":"Northern Line","network":"PRASA"},"geometry":{"type":"LineString","coordinates":[[18.54913,-33.914],[18.54981,-33.91379],[18.55117,-33.91337],[18.55292,-33.91283],[18.55533,-33.91209],[18.55552,-33.91203],[18.55642,-33.91176],[18.55693,-33.91161]]}},{"type":"Feature","properties":{"id":"way/790701467","name":"Northern Line","network":"PRASA"},"geometry":{"type":"LineString","coordinates":[[18.56501,-33.91042],[18.56533,-33.91043],[18.56573,-33.91044],[18.56643,-33.91046],[18.56659,-33.91046],[18.56703,-33.91048],[18.56753,-33.91049],[18.56801,-33.9105],[18.56912,-33.91054]]}},{"type":"Feature","properties":{"id":"way/790712401","name":"Unnamed","network":"PRASA"},"geometry":{"type":"LineString","coordinates":[[18.47283,-33.95754],[18.47279,-33.95789],[18.47277,-33.95811],[18.47271,-33.95859],[18.47265,-33.95906],[18.47261,-33.9595]]}},{"type":"Feature","properties":{"id":"way/790712402","name":"Unnamed","network":"PRASA"},"geometry":{"type":"LineString","coordinates":[[18.47247,-33.96093],[18.47245,-33.96126],[18.47243,-33.96141],[18.47237,-33.96216]]}},{"type":"Feature","properties":{"id":"way/790713150","name":"Unnamed","network":"PRASA"},"geometry":{"type":"LineString","coordinates":[[18.46769,-33.98331],[18.46765,-33.98321],[18.46758,-33.98306],[18.46751,-33.98289],[18.46749,-33.98285],[18.46741,-33.98264],[18.46734,-33.98244],[18.46727,-33.98222],[18.46718,-33.98193],[18.46712,-33.98171],[18.46708,-33.98149]]}},{"type":"Feature","properties":{"id":"way/790730940","name":"Unnamed","network":"PRASA"},"geometry":{"type":"LineString","coordinates":[[18.47196,-33.98948],[18.47204,-33.98967],[18.47211,-33.98983],[18.47216,-33.98997]]}},{"type":"Feature","properties":{"id":"way/790730941","name":"Unnamed","network":"PRASA"},"geometry":{"type":"LineString","coordinates":[[18.47216,-33.98997],[18.47223,-33.99015],[18.47231,-33.99036],[18.47236,-33.99051],[18.47241,-33.99068],[18.47246,-33.99084],[18.4725,-33.99099],[18.47255,-33.9912],[18.47259,-33.99141],[18.47263,-33.99162],[18.47268,-33.99191],[18.4727,-33.99202],[18.47274,-33.99238],[18.47277,-33.99265],[18.4728,-33.993],[18.47285,-33.99344],[18.47288,-33.99374],[18.47292,-33.99416],[18.47297,-33.99465],[18.47299,-33.99479],[18.473,-33.99485],[18.473,-33.99489],[18.473,-33.99493],[18.47302,-33.99513],[18.47305,-33.99537],[18.47308,-33.99565]]}},{"type":"Feature","properties":{"id":"way/790731448","name":"Unnamed","network":"PRASA"},"geometry":{"type":"LineString","coordinates":[[18.46707,-33.97654],[18.46708,-33.97646],[18.46709,-33.97632],[18.46712,-33.97612],[18.46713,-33.97605],[18.46716,-33.97592],[18.46719,-33.97574],[18.46723,-33.97557],[18.46731,-33.97524],[18.46739,-33.97494],[18.46746,-33.9747]]}},{"type":"Feature","properties":{"id":"way/790734359","name":"Unnamed","network":"PRASA"},"geometry":{"type":"LineString","coordinates":[[18.47295,-33.99485],[18.47295,-33.99484],[18.47295,-33.9948],[18.47292,-33.99455],[18.47288,-33.99415],[18.47284,-33.99374],[18.47282,-33.99353],[18.47278,-33.99313],[18.47274,-33.99278],[18.47271,-33.99253],[18.47268,-33.9922],[18.47265,-33.99202],[18.47262,-33.99181],[18.47259,-33.99162],[18.47256,-33.99148],[18.47253,-33.99134],[18.4725,-33.99119],[18.47245,-33.991],[18.47241,-33.99085],[18.47236,-33.99067],[18.47229,-33.99047],[18.47223,-33.99029],[18.47215,-33.9901],[18.47207,-33.9899],[18.47199,-33.98972],[18.47187,-33.98948],[18.47177,-33.9893],[18.47167,-33.98913],[18.47158,-33.98899],[18.47108,-33.98819]]}},{"type":"Feature","properties":{"id":"way/790736633","name":"Unnamed","network":"PRASA"},"geometry":{"type":"LineString","coordinates":[[18.47116,-34.01559],[18.47116,-34.01548],[18.47115,-34.01535],[18.47114,-34.01523],[18.47112,-34.0151],[18.4711,-34.015],[18.47107,-34.01487],[18.47103,-34.01473],[18.47099,-34.0146],[18.47097,-34.01454],[18.4709,-34.01435],[18.47074,-34.01398]]}},{"type":"Feature","properties":{"id":"way/790736634","name":"Unnamed","network":"PRASA"},"geometry":{"type":"LineString","coordinates":[[18.46634,-34.04294],[18.46632,-34.04314],[18.46629,-34.04334],[18.46624,-34.04354],[18.46621,-34.04369],[18.4662,-34.04373],[18.46608,-34.04415],[18.46588,-34.0449],[18.46558,-34.04597]]}},{"type":"Feature","properties":{"id":"way/790736635","name":"Unnamed","network":"PRASA"},"geometry":{"type":"LineString","coordinates":[[18.46351,-34.05368],[18.46338,-34.05415],[18.46327,-34.05455],[18.46318,-34.05489],[18.46312,-34.0551],[18.46307,-34.05528],[18.46304,-34.05543],[18.46299,-34.05564],[18.46296,-34.05582],[18.46294,-34.05599],[18.46293,-34.05609],[18.46291,-34.0562],[18.4629,-34.05633],[18.46289,-34.05651],[18.46289,-34.05667],[18.46289,-34.05683],[18.46289,-34.05698],[18.4629,-34.05729],[18.46292,-34.05752],[18.46292,-34.05774],[18.46294,-34.05796],[18.46296,-34.05845],[18.46299,-34.05901],[18.46301,-34.05939],[18.46305,-34.06019]]}},{"type":"Feature","properties":{"id":"way/790736636","name":"Unnamed","network":"PRASA"},"geometry":{"type":"LineString","coordinates":[[18.4642,-34.0512],[18.46399,-34.05196]]}},{"type":"Feature","properties":{"id":"way/790738409","name":"Unnamed","network":"PRASA"},"geometry":{"type":"LineString","coordinates":[[18.46317,-34.08091],[18.46312,-34.08135],[18.46308,-34.08174],[18.46303,-34.08213],[18.46297,-34.08274],[18.46293,-34.08305],[18.46288,-34.08352],[18.46283,-34.08395],[18.46278,-34.0844]]}},{"type":"Feature","properties":{"id":"way/790738410","name":"Unnamed","network":"PRASA"},"geometry":{"type":"LineString","coordinates":[[18.46381,-34.07566],[18.46381,-34.07571],[18.4638,-34.07603],[18.46379,-34.07621],[18.46378,-34.07634],[18.46377,-34.07648],[18.46374,-34.07673],[18.46371,-34.07694],[18.46369,-34.07707],[18.46367,-34.07719],[18.46364,-34.07732]]}},{"type":"Feature","properties":{"id":"way/790740723","name":"Unnamed","network":"PRASA"},"geometry":{"type":"LineString","coordinates":[[18.46335,-34.07931],[18.46329,-34.07983],[18.46324,-34.08033],[18.4632,-34.08061],[18.46317,-34.08091]]}},{"type":"Feature","properties":{"id":"way/790745837","name":"Northern Line","network":"PRASA"},"geometry":{"type":"LineString","coordinates":[[18.43129,-33.925],[18.43106,-33.92491]]}},{"type":"Feature","properties":{"id":"way/790745838","name":"Unnamed","network":"PRASA"},"geometry":{"type":"LineString","coordinates":[[18.4274,-33.92431],[18.42753,-33.92436],[18.4277,-33.92441]]}},{"type":"Feature","properties":{"id":"way/790745839","name":"Unnamed","network":"PRASA"},"geometry":{"type":"LineString","coordinates":[[18.4274,-33.92431],[18.42774,-33.92446]]}},{"type":"Feature","properties":{"id":"way/790745840","name":"Unnamed","network":"PRASA"},"geometry":{"type":"LineString","coordinates":[[18.4277,-33.92441],[18.42802,-33.92456]]}},{"type":"Feature","properties":{"id":"way/790745841","name":"Unnamed","network":"PRASA"},"geometry":{"type":"LineString","coordinates":[[18.4277,-33.92441],[18.42805,-33.92453],[18.42835,-33.92463],[18.42859,-33.92471],[18.42871,-33.92475],[18.42994,-33.92517],[18.43065,-33.92541],[18.43093,-33.9255],[18.4312,-33.92559],[18.43141,-33.92565],[18.43154,-33.92568],[18.43174,-33.92573],[18.43189,-33.92576],[18.43194,-33.92577],[18.43221,-33.92582],[18.43237,-33.92584],[18.43262,-33.92587],[18.4328,-33.92589],[18.433,-33.9259],[18.43347,-33.92593],[18.43383,-33.92594],[18.43407,-33.92595],[18.43825,-33.92612],[18.4384,-33.92612],[18.43866,-33.92612],[18.43893,-33.92612],[18.43902,-33.92611],[18.43919,-33.92611],[18.43944,-33.9261],[18.43957,-33.92609],[18.43968,-33.92608],[18.43983,-33.92606],[18.43997,-33.92604],[18.44012,-33.92601],[18.44044,-33.92596]]}},{"type":"Feature","properties":{"id":"way/790745842","name":"Unnamed","network":"PRASA"},"geometry":{"type":"LineString","coordinates":[[18.42846,-33.92416],[18.42868,-33.92426],[18.42892,-33.92436],[18.4291,-33.92444],[18.42937,-33.92455],[18.4295,-33.92461],[18.42963,-33.92466],[18.42975,-33.92471],[18.42993,-33.92478],[18.43002,-33.92483],[18.43027,-33.92493],[18.43068,-33.9251],[18.43088,-33.92518],[18.43105,-33.92524],[18.43121,-33.92529],[18.43131,-33.92531],[18.43151,-33.92536],[18.43167,-33.92539],[18.43181,-33.92541],[18.43199,-33.92543],[18.4322,-33.92545],[18.43262,-33.92547],[18.43295,-33.92549],[18.43344,-33.92551],[18.4339,-33.92552],[18.43521,-33.92558],[18.43572,-33.9256],[18.43662,-33.92564],[18.43705,-33.92564],[18.43743,-33.92564],[18.43776,-33.92562],[18.44172,-33.92541],[18.44237,-33.92537],[18.44287,-33.92533],[18.44343,-33.9253],[18.44412,-33.92528],[18.44429,-33.92528],[18.44447,-33.92527]]}},{"type":"Feature","properties":{"id":"way/790745843","name":"Northern Line","network":"PRASA"},"geometry":{"type":"LineString","coordinates":[[18.42878,-33.92427],[18.42894,-33.92434],[18.42907,-33.92439],[18.42922,-33.92445],[18.42936,-33.92451],[18.42951,-33.92457],[18.42965,-33.92463],[18.4298,-33.92469],[18.42994,-33.92475],[18.43011,-33.92482],[18.4305,-33.92498],[18.4307,-33.92506],[18.43086,-33.92512],[18.43101,-33.92517],[18.43117,-33.92522],[18.43133,-33.92526],[18.43154,-33.92531],[18.43168,-33.92533],[18.43184,-33.92535],[18.43201,-33.92537],[18.43226,-33.92539],[18.43256,-33.9254],[18.43293,-33.92542],[18.43335,-33.92542],[18.43372,-33.92544],[18.43515,-33.9255],[18.4356,-33.92552],[18.43609,-33.92554],[18.43625,-33.92554],[18.43642,-33.92554],[18.43658,-33.92554],[18.43677,-33.92553],[18.43713,-33.92551],[18.43883,-33.92542],[18.43953,-33.92538],[18.44024,-33.92534],[18.44104,-33.9253],[18.44179,-33.92526],[18.44224,-33.92524],[18.44263,-33.92523],[18.44317,-33.92522],[18.44326,-33.92521],[18.44428,-33.92519],[18.44501,-33.92518],[18.44601,-33.92516],[18.44632,-33.92515],[18.44668,-33.92515],[18.4469,-33.92515],[18.44708,-33.92517]]}},{"type":"Feature","properties":{"id":"way/790745846","name":"Central Line","network":"PRASA"},"geometry":{"type":"LineString","coordinates":[[18.43136,-33.92516],[18.4317,-33.92523],[18.43202,-33.92528],[18.43222,-33.9253],[18.43238,-33.92531]]}},{"type":"Feature","properties":{"id":"way/790957247","name":"Northern Line","network":"PRASA"},"geometry":{"type":"LineString","coordinates":[[18.46689,-33.92245],[18.46617,-33.92254],[18.4658,-33.92257],[18.46543,-33.9226],[18.46522,-33.92261],[18.46495,-33.92262],[18.46464,-33.92262],[18.46435,-33.9226],[18.46409,-33.92259],[18.46377,-33.92256],[18.46347,-33.92252],[18.4631,-33.92247],[18.46094,-33.92219],[18.46024,-33.9221],[18.45967,-33.92204],[18.45943,-33.92203],[18.4591,-33.92202],[18.45861,-33.92202],[18.45815,-33.92203],[18.4577,-33.92204],[18.45761,-33.92204]]}},{"type":"Feature","properties":{"id":"way/791045714","name":"Central Line","network":"PRASA"},"geometry":{"type":"LineString","coordinates":[[18.53267,-33.93985],[18.53223,-33.93972],[18.53186,-33.93963],[18.53139,-33.93949],[18.5303,-33.93913],[18.52998,-33.93903],[18.52862,-33.93858]]}},{"type":"Feature","properties":{"id":"way/791631499","name":"Unnamed","network":"PRASA"},"geometry":{"type":"LineString","coordinates":[[18.48084,-34.03331],[18.48078,-34.03333],[18.48018,-34.03358],[18.47932,-34.03393],[18.47792,-34.0345]]}},{"type":"Feature","properties":{"id":"way/791631500","name":"Unnamed","network":"PRASA"},"geometry":{"type":"LineString","coordinates":[[18.48263,-34.03255],[18.48172,-34.03291],[18.48075,-34.03331],[18.48047,-34.03342],[18.47962,-34.03377],[18.47629,-34.03512],[18.47467,-34.03578],[18.4731,-34.03642],[18.47265,-34.0366],[18.47221,-34.03678],[18.47129,-34.03715],[18.46935,-34.03794]]}},{"type":"Feature","properties":{"id":"way/791631501","name":"Unnamed","network":"PRASA"},"geometry":{"type":"LineString","coordinates":[[18.49472,-34.01446],[18.49469,-34.01451],[18.49442,-34.01504],[18.49414,-34.01557],[18.49358,-34.01667],[18.49305,-34.01769],[18.49235,-34.01905],[18.49195,-34.01983],[18.49136,-34.02096],[18.49057,-34.02249],[18.48985,-34.02389],[18.48922,-34.0251],[18.48906,-34.02543],[18.4886,-34.02631]]}},{"type":"Feature","properties":{"id":"way/791631502","name":"Unnamed","network":"PRASA"},"geometry":{"type":"LineString","coordinates":[[18.49558,-34.0127],[18.49465,-34.0145],[18.4944,-34.015],[18.4941,-34.01557],[18.49354,-34.01666],[18.49301,-34.01768],[18.49231,-34.01903],[18.4919,-34.01982],[18.49132,-34.02095],[18.49053,-34.02248],[18.4898,-34.02389],[18.48919,-34.02508],[18.48901,-34.02542],[18.48885,-34.02575],[18.48872,-34.02599]]}},{"type":"Feature","properties":{"id":"way/791631503","name":"Unnamed","network":"PRASA"},"geometry":{"type":"LineString","coordinates":[[18.50076,-34.00273],[18.50069,-34.00288],[18.50063,-34.003],[18.5004,-34.00344],[18.50031,-34.00362],[18.50017,-34.0039],[18.49996,-34.0043],[18.49974,-34.00473],[18.49896,-34.00624],[18.49854,-34.00705],[18.49812,-34.00787],[18.49765,-34.00878],[18.49743,-34.00919],[18.4973,-34.00945],[18.49718,-34.00969],[18.49706,-34.00994],[18.49693,-34.01016],[18.49672,-34.01057],[18.4962,-34.0116],[18.49565,-34.01264],[18.49472,-34.01446]]}},{"type":"Feature","properties":{"id":"way/791631504","name":"Unnamed","network":"PRASA"},"geometry":{"type":"LineString","coordinates":[[18.50156,-34.00109],[18.50065,-34.00287],[18.50058,-34.003],[18.50038,-34.0034],[18.50027,-34.0036],[18.50012,-34.0039],[18.49992,-34.00428],[18.49969,-34.00472],[18.49891,-34.00623],[18.4985,-34.00704],[18.49808,-34.00786],[18.49761,-34.00877],[18.4974,-34.00917],[18.49727,-34.00943],[18.49715,-34.00965],[18.49702,-34.0099],[18.4969,-34.01015]]}},{"type":"Feature","properties":{"id":"way/791631505","name":"Unnamed","network":"PRASA"},"geometry":{"type":"LineString","coordinates":[[18.50417,-33.98862],[18.50417,-33.98873],[18.50418,-33.98893],[18.50418,-33.98905],[18.50416,-33.9893],[18.50414,-33.98946],[18.5041,-33.98973],[18.50404,-33.99008],[18.50396,-33.99052],[18.50367,-33.99213],[18.50338,-33.99371],[18.50296,-33.99606],[18.50259,-33.99811],[18.50252,-33.9985],[18.50239,-33.99922],[18.50235,-33.9994],[18.5023,-33.99959],[18.50224,-33.99978],[18.50219,-33.99991],[18.50213,-34.00005],[18.50207,-34.0002],[18.50179,-34.00073],[18.50164,-34.00103],[18.50076,-34.00273]]}},{"type":"Feature","properties":{"id":"way/791631506","name":"Unnamed","network":"PRASA"},"geometry":{"type":"LineString","coordinates":[[18.50364,-33.98686],[18.50375,-33.98715],[18.50389,-33.98754],[18.50392,-33.98765],[18.50397,-33.98779],[18.50399,-33.98787],[18.50402,-33.98797],[18.50405,-33.98808],[18.50407,-33.98819],[18.50409,-33.9883],[18.50411,-33.98841],[18.50412,-33.98852],[18.50413,-33.98862],[18.50413,-33.98871],[18.50414,-33.98888],[18.50414,-33.98902],[18.50413,-33.98917],[18.50412,-33.98931],[18.5041,-33.98946],[18.50405,-33.98973],[18.50399,-33.99008],[18.50391,-33.99052],[18.50362,-33.99213],[18.50334,-33.99371],[18.50292,-33.99606],[18.50255,-33.99812],[18.50248,-33.99849],[18.50235,-33.99921],[18.50231,-33.9994],[18.50226,-33.99958],[18.50223,-33.99968],[18.5022,-33.99977],[18.50215,-33.99991],[18.50203,-34.00017],[18.50169,-34.00083]]}},{"type":"Feature","properties":{"id":"way/791631507","name":"Unnamed","network":"PRASA"},"geometry":{"type":"LineString","coordinates":[[18.50136,-33.97726],[18.50136,-33.97736],[18.50134,-33.97788],[18.50132,-33.97854],[18.5013,-33.97917],[18.5013,-33.97957],[18.5013,-33.97976],[18.5013,-33.9799],[18.50131,-33.98003],[18.50133,-33.98017],[18.50136,-33.98036],[18.50139,-33.9805],[18.50143,-33.98066],[18.5015,-33.98089],[18.50157,-33.98108],[18.50294,-33.98481],[18.50339,-33.98605],[18.50349,-33.98632],[18.50363,-33.98672],[18.50386,-33.98735],[18.50395,-33.9876],[18.50399,-33.9877],[18.50402,-33.98781],[18.50406,-33.98795],[18.50408,-33.98806],[18.5041,-33.98812],[18.50412,-33.98826],[18.50414,-33.98836],[18.50415,-33.98843],[18.50416,-33.98855],[18.50417,-33.98862]]}},{"type":"Feature","properties":{"id":"way/791631508","name":"Unnamed","network":"PRASA"},"geometry":{"type":"LineString","coordinates":[[18.50137,-33.97541],[18.50132,-33.97736],[18.5013,-33.97788],[18.50128,-33.97854],[18.50126,-33.97916],[18.50125,-33.97956],[18.50125,-33.97979],[18.50126,-33.97996],[18.50127,-33.98007],[18.50128,-33.98018],[18.50131,-33.98034],[18.50134,-33.9805],[18.50138,-33.98066],[18.50147,-33.98091],[18.50153,-33.98108]]}},{"type":"Feature","properties":{"id":"way/791631509","name":"Unnamed","network":"PRASA"},"geometry":{"type":"LineString","coordinates":[[18.5017,-33.96413],[18.5017,-33.9643],[18.50168,-33.96531],[18.50166,-33.96586],[18.50161,-33.96764],[18.50154,-33.97039],[18.50152,-33.97132],[18.50147,-33.97323],[18.50145,-33.9738],[18.50144,-33.97429],[18.50141,-33.97531],[18.50136,-33.97726]]}},{"type":"Feature","properties":{"id":"way/791631510","name":"Unnamed","network":"PRASA"},"geometry":{"type":"LineString","coordinates":[[18.50172,-33.96214],[18.50169,-33.96316],[18.50166,-33.96429],[18.50162,-33.96567],[18.5016,-33.96653],[18.50157,-33.96764],[18.50155,-33.96852]]}},{"type":"Feature","properties":{"id":"way/791637465","name":"Unnamed","network":"PRASA"},"geometry":{"type":"LineString","coordinates":[[18.5845,-34.01337],[18.58502,-34.01334],[18.58687,-34.01321]]}},{"type":"Feature","properties":{"id":"way/791637466","name":"Unnamed","network":"PRASA"},"geometry":{"type":"LineString","coordinates":[[18.58438,-34.01354],[18.58496,-34.0135],[18.58574,-34.01345],[18.58632,-34.0134],[18.58691,-34.01336],[18.58749,-34.01332],[18.58807,-34.01326],[18.5887,-34.01319],[18.58915,-34.01314],[18.58953,-34.0131],[18.58985,-34.01308],[18.59015,-34.01305],[18.59053,-34.01303],[18.59101,-34.013],[18.5912,-34.01298],[18.59179,-34.01294],[18.59246,-34.01289],[18.5929,-34.01286],[18.59322,-34.01284],[18.59344,-34.01283],[18.59362,-34.01282],[18.59381,-34.01282],[18.5942,-34.01283]]}},{"type":"Feature","properties":{"id":"way/791637467","name":"Unnamed","network":"PRASA"},"geometry":{"type":"LineString","coordinates":[[18.58725,-34.01307],[18.58806,-34.01302],[18.58878,-34.013],[18.58921,-34.01298],[18.58958,-34.01297],[18.59046,-34.01291],[18.59099,-34.01288]]}},{"type":"Feature","properties":{"id":"way/791637468","name":"Unnamed","network":"PRASA"},"geometry":{"type":"LineString","coordinates":[[18.5875,-34.01321],[18.58807,-34.01317],[18.5887,-34.01312],[18.59022,-34.01301],[18.59033,-34.01301],[18.59085,-34.01297],[18.59116,-34.01294],[18.5918,-34.0129],[18.59245,-34.01285],[18.59289,-34.01282],[18.59322,-34.0128],[18.59342,-34.01279],[18.59362,-34.01278],[18.59381,-34.01279],[18.59419,-34.01279],[18.59436,-34.0128],[18.59457,-34.01281],[18.59481,-34.01284],[18.59504,-34.01286],[18.59524,-34.01289],[18.59549,-34.01293],[18.59571,-34.01297],[18.596,-34.01303],[18.59623,-34.01308],[18.59647,-34.01315],[18.59679,-34.01324],[18.59714,-34.01337],[18.59745,-34.01349],[18.59774,-34.01361],[18.59789,-34.01368],[18.59801,-34.01374],[18.59815,-34.01381],[18.59829,-34.01388],[18.59849,-34.014],[18.59877,-34.01416],[18.59892,-34.01426],[18.59908,-34.01437],[18.59929,-34.01452],[18.59942,-34.01462],[18.59966,-34.01482],[18.59991,-34.01504],[18.60007,-34.01519],[18.60023,-34.01535],[18.60033,-34.01546],[18.60046,-34.0156],[18.6006,-34.01577],[18.60072,-34.01592],[18.60092,-34.01621],[18.60102,-34.01635],[18.60123,-34.01667],[18.60157,-34.01721],[18.60205,-34.01797],[18.60247,-34.01863],[18.60254,-34.01873],[18.60273,-34.01903],[18.60285,-34.01922],[18.60311,-34.01965],[18.60337,-34.02006],[18.60353,-34.02029],[18.6038,-34.02073],[18.60425,-34.02144],[18.60482,-34.02233],[18.60491,-34.02247],[18.60514,-34.02284],[18.60522,-34.02296],[18.60585,-34.02395],[18.6066,-34.02511],[18.60667,-34.02523],[18.60742,-34.02642],[18.60747,-34.02649],[18.60759,-34.02668],[18.60776,-34.02697],[18.60789,-34.02721],[18.608,-34.02742],[18.6081,-34.02763],[18.60826,-34.02795],[18.60874,-34.02894],[18.60924,-34.02994],[18.60955,-34.03058],[18.60989,-34.03129],[18.6101,-34.03171],[18.61047,-34.03248],[18.61057,-34.03267],[18.61149,-34.03458]]}},{"type":"Feature","properties":{"id":"way/791637469","name":"Unnamed","network":"PRASA"},"geometry":{"type":"LineString","coordinates":[[18.6061,-34.01416],[18.60692,-34.01403],[18.6076,-34.01391],[18.6079,-34.01387],[18.60813,-34.01384],[18.60828,-34.01382],[18.60848,-34.01381],[18.60867,-34.0138],[18.60889,-34.0138],[18.60906,-34.0138],[18.60926,-34.01381],[18.60953,-34.01382],[18.60974,-34.01385],[18.60993,-34.01388],[18.61011,-34.01391],[18.6103,-34.01394],[18.61047,-34.01398],[18.61065,-34.01403],[18.61093,-34.01411],[18.61124,-34.01422],[18.61155,-34.01435],[18.6117,-34.01442],[18.61196,-34.01455],[18.61225,-34.01471],[18.61237,-34.01479],[18.61249,-34.01486],[18.61272,-34.01501],[18.61298,-34.01517],[18.6131,-34.01525],[18.6133,-34.01536],[18.6134,-34.01542],[18.61393,-34.01572],[18.61459,-34.01609],[18.61496,-34.01631],[18.61578,-34.01677],[18.61615,-34.01698],[18.6167,-34.01727],[18.61704,-34.01744],[18.61727,-34.01757],[18.61748,-34.01768],[18.61786,-34.01787],[18.61841,-34.01816],[18.61872,-34.01831],[18.61893,-34.01841],[18.6194,-34.01858],[18.61981,-34.01872],[18.62013,-34.0188],[18.62039,-34.01886],[18.62066,-34.01891],[18.62091,-34.01895],[18.62132,-34.019],[18.6217,-34.01902],[18.62206,-34.01904],[18.62234,-34.01903],[18.62295,-34.01901],[18.62453,-34.0189]]}},{"type":"Feature","properties":{"id":"way/791637470","name":"Unnamed","network":"PRASA"},"geometry":{"type":"LineString","coordinates":[[18.60763,-34.01402],[18.6081,-34.01395],[18.60838,-34.01392],[18.60857,-34.01391],[18.60881,-34.01389],[18.60898,-34.01389],[18.60916,-34.0139],[18.60934,-34.01391],[18.60957,-34.01392],[18.60981,-34.01395],[18.61003,-34.01398],[18.61021,-34.01401],[18.61042,-34.01406],[18.61063,-34.01411],[18.61081,-34.01416],[18.611,-34.01421],[18.61121,-34.01429],[18.61139,-34.01435],[18.61158,-34.01444],[18.61174,-34.01451],[18.61193,-34.0146],[18.61209,-34.01469],[18.61228,-34.0148],[18.61245,-34.0149]]}},{"type":"Feature","properties":{"id":"way/791637471","name":"Unnamed","network":"PRASA"},"geometry":{"type":"LineString","coordinates":[[18.6957,-34.05483],[18.69516,-34.05484],[18.69469,-34.05484],[18.69373,-34.05485]]}},{"type":"Feature","properties":{"id":"way/791637472","name":"Unnamed","network":"PRASA"},"geometry":{"type":"LineString","coordinates":[[18.69343,-34.05497],[18.69374,-34.05497]]}},{"type":"Feature","properties":{"id":"way/791637473","name":"Unnamed","network":"PRASA"},"geometry":{"type":"LineString","coordinates":[[18.67107,-34.0487],[18.67085,-34.0481],[18.6706,-34.04742],[18.67024,-34.04644],[18.66994,-34.04559],[18.66984,-34.04533],[18.66972,-34.045],[18.66965,-34.04481],[18.6695,-34.04438],[18.66925,-34.04371],[18.66907,-34.04321],[18.66879,-34.04244],[18.66838,-34.04133],[18.6683,-34.04108],[18.66818,-34.04076],[18.66809,-34.04052],[18.66788,-34.03994],[18.66786,-34.0399],[18.66762,-34.03924],[18.66757,-34.0391],[18.66756,-34.03907],[18.66741,-34.03863],[18.66738,-34.03857],[18.66719,-34.03805],[18.66697,-34.03744],[18.66693,-34.03731],[18.66685,-34.03711],[18.66682,-34.03701],[18.66671,-34.03671],[18.66657,-34.03634],[18.66645,-34.036],[18.6663,-34.03559],[18.66602,-34.03482],[18.66574,-34.03403],[18.66546,-34.03327],[18.66515,-34.03242],[18.66479,-34.03143],[18.66464,-34.03104],[18.6646,-34.0309],[18.66431,-34.03011],[18.66422,-34.02986],[18.6638,-34.02872],[18.66355,-34.02802],[18.66351,-34.02792],[18.66341,-34.02762]]}},{"type":"Feature","properties":{"id":"way/791637476","name":"Unnamed","network":"PRASA"},"geometry":{"type":"LineString","coordinates":[[18.67044,-34.04712],[18.67055,-34.0474],[18.67077,-34.04801],[18.67126,-34.04935],[18.6716,-34.05028],[18.67162,-34.05035],[18.67175,-34.05069],[18.67184,-34.05093],[18.67192,-34.05112],[18.67202,-34.05132],[18.67216,-34.05157],[18.67234,-34.05187],[18.67251,-34.0521],[18.67265,-34.05229],[18.6728,-34.05247],[18.67295,-34.05264],[18.67323,-34.05293],[18.67345,-34.05313],[18.67372,-34.05335],[18.67404,-34.05359],[18.67427,-34.05374],[18.67466,-34.05398],[18.67492,-34.05412],[18.67526,-34.05428],[18.67552,-34.05439],[18.6757,-34.05446],[18.6759,-34.05454],[18.67607,-34.0546],[18.67615,-34.05462],[18.67641,-34.0547],[18.67677,-34.05479],[18.67707,-34.05486],[18.67725,-34.05489],[18.67738,-34.05491],[18.67755,-34.05494],[18.67772,-34.05496],[18.67796,-34.05499],[18.67811,-34.055],[18.67829,-34.05501],[18.67855,-34.05502],[18.67874,-34.05503],[18.67898,-34.05503],[18.67997,-34.05502],[18.68086,-34.05501],[18.68209,-34.055],[18.6831,-34.05499],[18.68377,-34.05499],[18.68385,-34.05499],[18.68424,-34.05499],[18.68498,-34.05498],[18.68599,-34.05498],[18.6868,-34.05497],[18.68829,-34.05496],[18.68935,-34.05495],[18.69038,-34.05495],[18.69084,-34.05496],[18.69127,-34.05497],[18.69173,-34.05497],[18.69222,-34.05498],[18.69313,-34.05497]]}},{"type":"Feature","properties":{"id":"way/791637477","name":"Unnamed","network":"PRASA"},"geometry":{"type":"LineString","coordinates":[[18.66341,-34.02762],[18.6633,-34.02731],[18.66311,-34.02682],[18.6629,-34.02621],[18.66249,-34.02512],[18.66225,-34.02446],[18.66209,-34.02401],[18.66186,-34.02338],[18.66175,-34.02305],[18.66161,-34.02268],[18.66149,-34.02236]]}},{"type":"Feature","properties":{"id":"way/791637478","name":"Unnamed","network":"PRASA"},"geometry":{"type":"LineString","coordinates":[[18.6627,-34.02581],[18.66285,-34.02622],[18.66309,-34.02689],[18.66325,-34.02732],[18.66351,-34.02803],[18.66426,-34.03011],[18.66456,-34.03095],[18.66542,-34.03329],[18.6657,-34.03405],[18.66666,-34.03672],[18.66678,-34.03703],[18.66682,-34.03715],[18.66693,-34.03745],[18.66723,-34.03827],[18.66734,-34.03856],[18.66752,-34.03907],[18.66759,-34.03926],[18.66782,-34.03992],[18.66805,-34.04053],[18.66826,-34.0411],[18.66929,-34.04394],[18.66937,-34.04417],[18.66945,-34.04438],[18.66968,-34.04501],[18.6698,-34.04535],[18.6702,-34.04645],[18.67044,-34.04712]]}},{"type":"Feature","properties":{"id":"way/791637479","name":"Unnamed","network":"PRASA"},"geometry":{"type":"LineString","coordinates":[[18.65001,-34.01685],[18.65066,-34.0168],[18.65106,-34.01677],[18.65132,-34.01676],[18.6517,-34.01676],[18.65195,-34.01677],[18.65221,-34.01678],[18.65245,-34.01679],[18.65267,-34.01681],[18.65288,-34.01684],[18.6531,-34.01687],[18.65344,-34.01691],[18.6537,-34.01696],[18.65404,-34.01703],[18.65463,-34.01717],[18.65521,-34.01731],[18.65567,-34.01742],[18.65609,-34.01751],[18.6563,-34.01756],[18.65686,-34.01769],[18.65694,-34.01771],[18.65717,-34.01777],[18.6574,-34.01783],[18.65768,-34.01791],[18.65788,-34.01798],[18.65808,-34.01806],[18.65817,-34.0181],[18.65826,-34.01813],[18.65838,-34.01819],[18.65855,-34.01827],[18.65872,-34.01836],[18.65888,-34.01845],[18.65906,-34.01856],[18.65929,-34.01872],[18.65937,-34.01878],[18.65958,-34.01894]]}},{"type":"Feature","properties":{"id":"way/791637480","name":"Unnamed","network":"PRASA"},"geometry":{"type":"LineString","coordinates":[[18.6479,-34.01706],[18.64827,-34.01703],[18.64915,-34.01696],[18.65024,-34.01687],[18.65065,-34.01683],[18.65087,-34.01682],[18.65108,-34.01681],[18.65132,-34.0168],[18.65152,-34.0168],[18.6519,-34.0168],[18.65226,-34.01681],[18.65248,-34.01683],[18.65277,-34.01686],[18.65284,-34.01687],[18.65296,-34.01688],[18.65313,-34.01691],[18.65342,-34.01695],[18.65389,-34.01704],[18.65413,-34.01708],[18.65433,-34.01713],[18.65476,-34.01723],[18.65519,-34.01734],[18.65589,-34.01751],[18.65625,-34.01759],[18.65664,-34.01769],[18.65693,-34.01775],[18.65705,-34.01778],[18.65731,-34.01785],[18.65768,-34.01795],[18.65796,-34.01805],[18.65812,-34.01812],[18.6582,-34.01815],[18.6584,-34.01824],[18.6586,-34.01834],[18.65881,-34.01845],[18.65895,-34.01853],[18.65909,-34.01863],[18.65925,-34.01874]]}},{"type":"Feature","properties":{"id":"way/791643322","name":"Unnamed","network":"PRASA"},"geometry":{"type":"LineString","coordinates":[[18.62453,-34.0189],[18.62602,-34.01881],[18.62748,-34.01872],[18.63217,-34.01834],[18.63553,-34.01806],[18.63835,-34.01782],[18.64062,-34.01763],[18.64691,-34.01711],[18.64831,-34.01699],[18.65001,-34.01685]]}},{"type":"Feature","properties":{"id":"way/791643323","name":"Unnamed","network":"PRASA"},"geometry":{"type":"LineString","coordinates":[[18.62456,-34.01905],[18.62534,-34.019],[18.62617,-34.01895],[18.62659,-34.01891],[18.62718,-34.01884],[18.62776,-34.01877],[18.62813,-34.01873],[18.62846,-34.01869],[18.62903,-34.01864],[18.63216,-34.01838],[18.63265,-34.01834],[18.63553,-34.0181],[18.63812,-34.01788],[18.64067,-34.01767],[18.64559,-34.01726],[18.64691,-34.01715],[18.6479,-34.01706]]}},{"type":"Feature","properties":{"id":"way/791643324","name":"Unnamed","network":"PRASA"},"geometry":{"type":"LineString","coordinates":[[18.61914,-34.05026],[18.61941,-34.05081],[18.61986,-34.05175],[18.62071,-34.05349],[18.62082,-34.05372],[18.62098,-34.05404],[18.62123,-34.05453],[18.62151,-34.05513],[18.62178,-34.05567],[18.62216,-34.05646],[18.62228,-34.05672],[18.62238,-34.05692],[18.62246,-34.05711],[18.62252,-34.05726],[18.62258,-34.05741],[18.62263,-34.05755],[18.62267,-34.05768],[18.62272,-34.05784],[18.62274,-34.05793],[18.6228,-34.05815],[18.62284,-34.05834],[18.62288,-34.05859],[18.62291,-34.05881],[18.62292,-34.0589],[18.62293,-34.0591],[18.62293,-34.05922],[18.62293,-34.05934],[18.62293,-34.05945],[18.62292,-34.05959],[18.62291,-34.05971],[18.6229,-34.05985],[18.62287,-34.06001],[18.62286,-34.0601],[18.62284,-34.06019],[18.62282,-34.06028],[18.62278,-34.06047],[18.62273,-34.06064],[18.62264,-34.06095],[18.62252,-34.06134],[18.62239,-34.06175],[18.62232,-34.06197],[18.62223,-34.06228],[18.62218,-34.06245],[18.62215,-34.06255],[18.62206,-34.06284],[18.62195,-34.06317],[18.62187,-34.06345],[18.62177,-34.06378],[18.62173,-34.06391],[18.62142,-34.06489],[18.6214,-34.06495],[18.62134,-34.06516],[18.62129,-34.06532],[18.62113,-34.06584],[18.62076,-34.06704]]}},{"type":"Feature","properties":{"id":"way/791643328","name":"Unnamed","network":"PRASA"},"geometry":{"type":"LineString","coordinates":[[18.61907,-34.05029],[18.61862,-34.04935],[18.61789,-34.04785],[18.6173,-34.04666],[18.61698,-34.04599],[18.61649,-34.04499],[18.61598,-34.04393],[18.61534,-34.04263],[18.6149,-34.04171],[18.61436,-34.04063],[18.61403,-34.03995],[18.61342,-34.0387],[18.6132,-34.03825],[18.61293,-34.0377],[18.61222,-34.03625],[18.61165,-34.03507],[18.61141,-34.0346],[18.61119,-34.03412]]}},{"type":"Feature","properties":{"id":"way/791643333","name":"Unnamed","network":"PRASA"},"geometry":{"type":"LineString","coordinates":[[18.61149,-34.03458],[18.61171,-34.03503],[18.61229,-34.03622],[18.61277,-34.0372],[18.61302,-34.0377],[18.61315,-34.03797],[18.61327,-34.03823],[18.6135,-34.0387],[18.61382,-34.03935],[18.61409,-34.03992],[18.61444,-34.04063],[18.61475,-34.04126],[18.61496,-34.04168],[18.6153,-34.04238],[18.61564,-34.04308],[18.61605,-34.04391],[18.61656,-34.04497],[18.61705,-34.04599],[18.61737,-34.04663],[18.61756,-34.04703],[18.61796,-34.04785],[18.61846,-34.04887],[18.61914,-34.05026]]}},{"type":"Feature","properties":{"id":"way/791643334","name":"Unnamed","network":"PRASA"},"geometry":{"type":"LineString","coordinates":[[18.61119,-34.03412],[18.61074,-34.03319],[18.61049,-34.03269],[18.6104,-34.0325],[18.61002,-34.03172],[18.60982,-34.0313],[18.60948,-34.0306],[18.60867,-34.02896],[18.60819,-34.02797],[18.60803,-34.02764],[18.60793,-34.02744],[18.60782,-34.02723],[18.60768,-34.02698],[18.60755,-34.02675],[18.60739,-34.0265],[18.60735,-34.02644],[18.60694,-34.0258],[18.6066,-34.02525],[18.60653,-34.02514],[18.60614,-34.02453],[18.60577,-34.02395],[18.60516,-34.023],[18.60507,-34.02285],[18.60487,-34.02254],[18.60475,-34.02235],[18.60419,-34.02147],[18.6039,-34.02102],[18.60369,-34.02068],[18.60344,-34.02029],[18.60315,-34.01983],[18.603,-34.0196],[18.60288,-34.01941],[18.60277,-34.01924],[18.60266,-34.01906],[18.60246,-34.01874],[18.60239,-34.01863],[18.60228,-34.01847],[18.60212,-34.01822],[18.60199,-34.018],[18.60185,-34.0178],[18.60173,-34.01759],[18.60159,-34.01738],[18.60131,-34.01695],[18.60117,-34.01671],[18.60103,-34.01649],[18.60087,-34.01625],[18.60075,-34.01608],[18.60067,-34.01598],[18.60056,-34.01584],[18.60046,-34.01572],[18.60035,-34.01559],[18.60025,-34.01548],[18.60013,-34.01536],[18.60001,-34.01523],[18.59991,-34.01513],[18.59977,-34.015],[18.59959,-34.01485],[18.59944,-34.01472],[18.59921,-34.01454],[18.59903,-34.01441],[18.5989,-34.01432],[18.59877,-34.01424],[18.59866,-34.01417],[18.59858,-34.01412],[18.59848,-34.01406],[18.59834,-34.01398],[18.59816,-34.01388],[18.59797,-34.01379],[18.59778,-34.01369],[18.59759,-34.01361],[18.59744,-34.01354],[18.59729,-34.01348],[18.59713,-34.01342],[18.59697,-34.01336],[18.59677,-34.01329],[18.59645,-34.01319],[18.59612,-34.0131],[18.59593,-34.01306],[18.59564,-34.013],[18.5954,-34.01296],[18.59523,-34.01293],[18.59498,-34.0129],[18.59482,-34.01288],[18.59459,-34.01286],[18.59457,-34.01286],[18.59441,-34.01285],[18.5942,-34.01283]]}},{"type":"Feature","properties":{"id":"way/791643335","name":"Unnamed","network":"PRASA"},"geometry":{"type":"LineString","coordinates":[[18.56,-33.99324],[18.55992,-33.9942],[18.55988,-33.99472]]}},{"type":"Feature","properties":{"id":"way/791643336","name":"Unnamed","network":"PRASA"},"geometry":{"type":"LineString","coordinates":[[18.56004,-33.99205],[18.56006,-33.99182],[18.56006,-33.99171],[18.56007,-33.99149],[18.56007,-33.99122],[18.56007,-33.99117]]}},{"type":"Feature","properties":{"id":"way/791643337","name":"Unnamed","network":"PRASA"},"geometry":{"type":"LineString","coordinates":[[18.56171,-33.97076],[18.56168,-33.97106],[18.56165,-33.97132],[18.56163,-33.97151],[18.56162,-33.97167],[18.5615,-33.97285],[18.56091,-33.9787],[18.56084,-33.97943],[18.56073,-33.98088],[18.56062,-33.98242],[18.56056,-33.98314],[18.56039,-33.9853],[18.56032,-33.98622],[18.56023,-33.98738],[18.56016,-33.98833],[18.56013,-33.9887],[18.56009,-33.98925],[18.56007,-33.98964]]}},{"type":"Feature","properties":{"id":"way/791643338","name":"Unnamed","network":"PRASA"},"geometry":{"type":"LineString","coordinates":[[18.56191,-33.97077],[18.56188,-33.97106],[18.56184,-33.97133],[18.56181,-33.97152],[18.56179,-33.97163],[18.56169,-33.97224],[18.56161,-33.97285],[18.56154,-33.97353]]}},{"type":"Feature","properties":{"id":"way/791643339","name":"Unnamed","network":"PRASA"},"geometry":{"type":"LineString","coordinates":[[18.56186,-33.96889],[18.56193,-33.96821],[18.56202,-33.96733],[18.5621,-33.96655],[18.56216,-33.96592],[18.56253,-33.96228],[18.56255,-33.96209],[18.56259,-33.96166],[18.56274,-33.96019],[18.56296,-33.95807],[18.56308,-33.95692],[18.56313,-33.95639],[18.56314,-33.95625]]}},{"type":"Feature","properties":{"id":"way/791643340","name":"Unnamed","network":"PRASA"},"geometry":{"type":"LineString","coordinates":[[18.56207,-33.96889],[18.5621,-33.96861],[18.56213,-33.96822],[18.56214,-33.96788],[18.56217,-33.9672],[18.56218,-33.96697],[18.5622,-33.96665],[18.56223,-33.96621],[18.5623,-33.96554],[18.56239,-33.96476],[18.56246,-33.96398],[18.56261,-33.96249],[18.56265,-33.96213],[18.56272,-33.96142],[18.56284,-33.96021],[18.56299,-33.95874],[18.56306,-33.95806],[18.56307,-33.95801]]}},{"type":"Feature","properties":{"id":"way/791643341","name":"Unnamed","network":"PRASA"},"geometry":{"type":"LineString","coordinates":[[18.56374,-33.95264],[18.56378,-33.95227],[18.56382,-33.95185],[18.56385,-33.95154],[18.56389,-33.95117]]}},{"type":"Feature","properties":{"id":"way/791643342","name":"Unnamed","network":"PRASA"},"geometry":{"type":"LineString","coordinates":[[18.5639,-33.95275],[18.56383,-33.95344],[18.5638,-33.95372],[18.56376,-33.954],[18.56374,-33.95419],[18.5637,-33.95436],[18.56365,-33.95456],[18.56358,-33.95485],[18.5635,-33.95514],[18.56345,-33.95535],[18.56341,-33.95551],[18.56336,-33.9557],[18.56334,-33.95586],[18.56332,-33.95603],[18.56328,-33.95638],[18.56318,-33.95733],[18.56311,-33.95801],[18.5631,-33.95808]]}},{"type":"Feature","properties":{"id":"way/791643343","name":"Unnamed","network":"PRASA"},"geometry":{"type":"LineString","coordinates":[[18.56368,-33.95098],[18.5637,-33.9507],[18.56371,-33.95058],[18.56372,-33.95039],[18.56371,-33.95031],[18.56371,-33.95025],[18.56371,-33.95018],[18.56369,-33.95001],[18.56367,-33.94988],[18.56365,-33.94976],[18.56362,-33.94964],[18.56358,-33.94951],[18.56353,-33.94934],[18.56346,-33.94914],[18.56335,-33.94886],[18.56327,-33.94863],[18.56326,-33.94859]]}},{"type":"Feature","properties":{"id":"way/791665925","name":"Unnamed","network":"PRASA"},"geometry":{"type":"LineString","coordinates":[[18.49376,-33.93084],[18.49308,-33.93196],[18.49288,-33.93229],[18.49259,-33.93275],[18.49225,-33.93332]]}},{"type":"Feature","properties":{"id":"way/791665926","name":"Central Line","network":"PRASA"},"geometry":{"type":"LineString","coordinates":[[18.49492,-33.92872],[18.49453,-33.92935],[18.49445,-33.92949],[18.49419,-33.92992],[18.49393,-33.93034],[18.49365,-33.93081],[18.4935,-33.93108],[18.49303,-33.93194],[18.49283,-33.93227],[18.49255,-33.93275],[18.49223,-33.93327],[18.49191,-33.93379],[18.49162,-33.93427],[18.49135,-33.93473],[18.49121,-33.93499],[18.49113,-33.93516],[18.49105,-33.93534],[18.49098,-33.93554],[18.49093,-33.9357],[18.49087,-33.93587],[18.49083,-33.93606],[18.49077,-33.93629],[18.49067,-33.93684],[18.49056,-33.93742],[18.49052,-33.93764],[18.49048,-33.93791],[18.49046,-33.93806],[18.49044,-33.93824],[18.49043,-33.93841],[18.49043,-33.93859]]}},{"type":"Feature","properties":{"id":"way/791665927","name":"Central Line","network":"PRASA"},"geometry":{"type":"LineString","coordinates":[[18.49445,-33.92979],[18.49407,-33.93041],[18.4938,-33.93086],[18.49312,-33.93197],[18.49292,-33.9323],[18.49263,-33.93278],[18.49229,-33.93333],[18.49199,-33.93381],[18.4917,-33.9343],[18.49143,-33.93476],[18.4913,-33.93501],[18.49121,-33.93518],[18.49114,-33.93536],[18.49106,-33.93556],[18.491,-33.93574],[18.49096,-33.93588],[18.49092,-33.93605],[18.49086,-33.9363],[18.49076,-33.93685],[18.49065,-33.93744],[18.49062,-33.93767],[18.4906,-33.93778],[18.49059,-33.93792],[18.49057,-33.93818],[18.49058,-33.9384],[18.49059,-33.93857],[18.49069,-33.93973]]}},{"type":"Feature","properties":{"id":"way/791665928","name":"Central Line","network":"PRASA"},"geometry":{"type":"LineString","coordinates":[[18.49456,-33.92984],[18.49418,-33.93046],[18.4939,-33.9309],[18.49317,-33.93199],[18.49296,-33.93232],[18.49268,-33.93278],[18.49235,-33.93332],[18.49203,-33.93383],[18.49173,-33.93432],[18.49147,-33.93478],[18.49134,-33.93502],[18.49126,-33.93519],[18.49118,-33.93537],[18.4911,-33.93558],[18.49105,-33.93574],[18.49101,-33.93588],[18.49096,-33.93605],[18.49091,-33.9363],[18.4908,-33.93684],[18.49075,-33.93714],[18.49071,-33.93742],[18.4907,-33.93755],[18.49068,-33.93781],[18.49068,-33.93795],[18.49069,-33.93817],[18.4907,-33.9384],[18.49076,-33.93899],[18.49081,-33.93966]]}},{"type":"Feature","properties":{"id":"way/791665929","name":"Central Line","network":"PRASA"},"geometry":{"type":"LineString","coordinates":[[18.49043,-33.93859],[18.49044,-33.93881],[18.49052,-33.93976],[18.49056,-33.9402],[18.49061,-33.94054],[18.49065,-33.94081],[18.49075,-33.94153],[18.49078,-33.94174],[18.49081,-33.94196],[18.49087,-33.94237],[18.491,-33.94322],[18.49107,-33.94358],[18.4911,-33.94375],[18.49113,-33.94386],[18.49119,-33.94406],[18.49125,-33.94422],[18.49129,-33.94433],[18.49135,-33.94447],[18.49143,-33.94462],[18.49153,-33.9448],[18.49161,-33.94493],[18.49175,-33.94513],[18.49188,-33.94529],[18.49203,-33.94547],[18.49225,-33.94569],[18.49246,-33.94587],[18.49256,-33.94595],[18.49268,-33.94604],[18.49281,-33.94613],[18.49295,-33.94622],[18.49319,-33.94638],[18.49392,-33.94685],[18.4956,-33.94792],[18.49654,-33.94852],[18.49759,-33.94919],[18.49794,-33.94941],[18.49865,-33.94986],[18.49908,-33.95013],[18.49942,-33.95035],[18.49984,-33.95062],[18.50035,-33.95096],[18.50046,-33.95105]]}},{"type":"Feature","properties":{"id":"way/791665930","name":"Central Line","network":"PRASA"},"geometry":{"type":"LineString","coordinates":[[18.49074,-33.9408],[18.4908,-33.94153],[18.49083,-33.94174],[18.49085,-33.94195],[18.49092,-33.94237],[18.49105,-33.94321],[18.49111,-33.94358],[18.49115,-33.94374],[18.49117,-33.94386],[18.49123,-33.94406],[18.49129,-33.94421],[18.49133,-33.94432],[18.49139,-33.94446],[18.49147,-33.94461],[18.49157,-33.94479],[18.49164,-33.94491],[18.49179,-33.94511],[18.49192,-33.94527],[18.49207,-33.94544],[18.49228,-33.94566],[18.49249,-33.94584],[18.49259,-33.94593],[18.49269,-33.946],[18.49283,-33.9461],[18.49297,-33.9462],[18.49322,-33.94636],[18.49439,-33.9471],[18.49446,-33.94714],[18.49467,-33.94728],[18.49485,-33.9474],[18.49526,-33.94766],[18.49657,-33.94849],[18.49761,-33.94916],[18.49795,-33.94937],[18.49869,-33.94984],[18.49947,-33.95034],[18.49989,-33.95061],[18.50038,-33.95092],[18.50052,-33.95102]]}},{"type":"Feature","properties":{"id":"way/791665931","name":"Central Line","network":"PRASA"},"geometry":{"type":"LineString","coordinates":[[18.49069,-33.93973],[18.49073,-33.94019],[18.49079,-33.9408],[18.49085,-33.94152],[18.49087,-33.94174],[18.4909,-33.94195],[18.49096,-33.94236],[18.49109,-33.94321],[18.49116,-33.94358],[18.49119,-33.94373],[18.49122,-33.94384],[18.49128,-33.94404],[18.49133,-33.9442],[18.49137,-33.94431],[18.49144,-33.94444],[18.49151,-33.94459],[18.49161,-33.94477],[18.49168,-33.94489],[18.49179,-33.94504]]}},{"type":"Feature","properties":{"id":"way/791665932","name":"Central Line","network":"PRASA"},"geometry":{"type":"LineString","coordinates":[[18.49081,-33.93966],[18.49086,-33.94018],[18.49088,-33.94052],[18.49089,-33.94085],[18.49089,-33.94121],[18.4909,-33.94152],[18.49091,-33.94173],[18.49094,-33.94194],[18.491,-33.94236],[18.49113,-33.9432],[18.4912,-33.94357],[18.49123,-33.94372],[18.49126,-33.94383],[18.49131,-33.94403],[18.49138,-33.9442],[18.49141,-33.94429],[18.49147,-33.94443],[18.49155,-33.94458],[18.49165,-33.94477],[18.49172,-33.94487],[18.49186,-33.94506],[18.49198,-33.94523],[18.49213,-33.9454],[18.49233,-33.9456],[18.49243,-33.94569],[18.49254,-33.94578],[18.49264,-33.94587],[18.49275,-33.94594],[18.49288,-33.94604],[18.49303,-33.94614],[18.49331,-33.9463],[18.49372,-33.94656],[18.49608,-33.94808],[18.49661,-33.94843],[18.49737,-33.94891],[18.49767,-33.9491],[18.49797,-33.94929],[18.49822,-33.94942],[18.4984,-33.94951],[18.49856,-33.94958],[18.49869,-33.94963],[18.49885,-33.94968],[18.49905,-33.94974],[18.49924,-33.94978],[18.49943,-33.94982],[18.49967,-33.94985],[18.49986,-33.94987],[18.50005,-33.94988],[18.50026,-33.94988],[18.50047,-33.94987],[18.5007,-33.94986],[18.50083,-33.94984],[18.501,-33.94981],[18.50116,-33.94978],[18.50131,-33.94974],[18.50165,-33.94965]]}},{"type":"Feature","properties":{"id":"way/791673675","name":"Northern Line","network":"PRASA"},"geometry":{"type":"LineString","coordinates":[[18.44695,-33.92345],[18.44731,-33.92342],[18.44783,-33.92338],[18.44847,-33.92333],[18.44871,-33.9233],[18.44896,-33.92326],[18.44959,-33.92313],[18.45004,-33.92302],[18.45146,-33.92269],[18.45202,-33.92255],[18.45234,-33.92248],[18.45269,-33.9224],[18.45298,-33.92233],[18.45327,-33.92227],[18.45353,-33.92221],[18.45378,-33.92217],[18.45409,-33.92213],[18.45432,-33.92211],[18.45455,-33.92208],[18.45471,-33.92207],[18.45488,-33.92206],[18.45519,-33.92205],[18.45707,-33.92201],[18.45822,-33.922],[18.45844,-33.92199],[18.4591,-33.92198],[18.45932,-33.92199],[18.45945,-33.92199],[18.45967,-33.92201],[18.45994,-33.92204],[18.46029,-33.92208],[18.46095,-33.92215],[18.46311,-33.92244],[18.46348,-33.92248],[18.46389,-33.92252],[18.46414,-33.92254],[18.4643,-33.92254],[18.46458,-33.92255],[18.46473,-33.92255],[18.4649,-33.92254],[18.46512,-33.92253],[18.46539,-33.92251],[18.46572,-33.92247],[18.46614,-33.92243],[18.46687,-33.92234]]}},{"type":"Feature","properties":{"id":"way/791673676","name":"Central Line","network":"PRASA"},"geometry":{"type":"LineString","coordinates":[[18.44683,-33.9236],[18.44704,-33.92357],[18.44746,-33.92353],[18.44782,-33.92349],[18.44803,-33.92346],[18.44827,-33.92343],[18.44847,-33.92341],[18.4487,-33.92338],[18.44901,-33.92334],[18.44968,-33.92318],[18.4515,-33.92276],[18.45204,-33.92263],[18.45271,-33.92247],[18.453,-33.92241],[18.45335,-33.92234],[18.45353,-33.9223],[18.4539,-33.92223],[18.45412,-33.9222],[18.45434,-33.92217],[18.45477,-33.92216],[18.4551,-33.92214],[18.45534,-33.92213],[18.4565,-33.92211],[18.45681,-33.92211],[18.45693,-33.9221]]}},{"type":"Feature","properties":{"id":"way/791673677","name":"Central Line","network":"PRASA"},"geometry":{"type":"LineString","coordinates":[[18.44437,-33.92413],[18.44406,-33.92419],[18.44381,-33.92424],[18.44364,-33.92428],[18.44343,-33.92434],[18.44316,-33.92443],[18.44256,-33.92461],[18.44207,-33.92478],[18.44119,-33.92506],[18.44093,-33.92514],[18.44077,-33.92519],[18.4406,-33.92522],[18.44043,-33.92525],[18.44027,-33.92528],[18.44008,-33.9253],[18.43989,-33.92532],[18.43966,-33.92533],[18.43883,-33.92537],[18.43713,-33.92546],[18.43681,-33.92548],[18.43664,-33.92549],[18.43646,-33.92549],[18.43631,-33.9255],[18.43603,-33.92549],[18.4356,-33.92548],[18.4338,-33.9254],[18.43343,-33.92539],[18.43292,-33.92536],[18.43285,-33.92536]]}},{"type":"Feature","properties":{"id":"way/791673678","name":"Northern Line","network":"PRASA"},"geometry":{"type":"LineString","coordinates":[[18.44442,-33.92388],[18.44424,-33.92391],[18.44407,-33.92395],[18.44384,-33.924],[18.44368,-33.92405],[18.44354,-33.92409],[18.44318,-33.9242],[18.44242,-33.92444],[18.44202,-33.92457],[18.44076,-33.92498],[18.44039,-33.92508],[18.44018,-33.92513],[18.43989,-33.92519],[18.4395,-33.92524],[18.43882,-33.92529],[18.43704,-33.92538],[18.43673,-33.9254],[18.43653,-33.92541],[18.43633,-33.92541],[18.43619,-33.92541],[18.43603,-33.9254],[18.43561,-33.92539],[18.43474,-33.92535],[18.43415,-33.92533],[18.43398,-33.92532],[18.43343,-33.9253],[18.43296,-33.92527]]}},{"type":"Feature","properties":{"id":"way/791673679","name":"Northern Line","network":"PRASA"},"geometry":{"type":"LineString","coordinates":[[18.46687,-33.92234],[18.46692,-33.92234],[18.46836,-33.92217],[18.46868,-33.92213],[18.46904,-33.92207],[18.47214,-33.92138],[18.47339,-33.92109],[18.47362,-33.92103],[18.47386,-33.92097],[18.47413,-33.92089],[18.47435,-33.92081],[18.47479,-33.92066],[18.47535,-33.92043],[18.47671,-33.91987]]}},{"type":"Feature","properties":{"id":"way/791673680","name":"Central Line","network":"PRASA"},"geometry":{"type":"LineString","coordinates":[[18.4669,-33.92248],[18.46807,-33.92235],[18.46839,-33.9223],[18.4687,-33.92224],[18.46906,-33.92217],[18.47216,-33.92147],[18.47343,-33.92118],[18.47391,-33.92107],[18.47436,-33.92095],[18.47464,-33.92087],[18.4749,-33.92078],[18.47544,-33.92057],[18.4768,-33.92002]]}},{"type":"Feature","properties":{"id":"way/791673681","name":"Central Line","network":"PRASA"},"geometry":{"type":"LineString","coordinates":[[18.46693,-33.92259],[18.46589,-33.92271],[18.4657,-33.92273],[18.46551,-33.92274],[18.46536,-33.92274],[18.46513,-33.92275],[18.46478,-33.92273],[18.46431,-33.92269],[18.46391,-33.92265],[18.46345,-33.92262],[18.46308,-33.92257],[18.46116,-33.92233],[18.46099,-33.9223],[18.46094,-33.9223],[18.4602,-33.9222],[18.45994,-33.92217],[18.45967,-33.92214],[18.45944,-33.92213],[18.45929,-33.92212],[18.45911,-33.92211],[18.45896,-33.92211],[18.45868,-33.92211],[18.45835,-33.92212],[18.45827,-33.92212],[18.45708,-33.92214],[18.45661,-33.92214],[18.45627,-33.92215],[18.45618,-33.92215],[18.4554,-33.92217],[18.45508,-33.92218],[18.45474,-33.92219],[18.45435,-33.92222],[18.45412,-33.92225],[18.4539,-33.92227],[18.45355,-33.92233],[18.45337,-33.92237],[18.45302,-33.92244],[18.45273,-33.92251],[18.45205,-33.92266],[18.44969,-33.92323],[18.44903,-33.92337],[18.44853,-33.92347],[18.44836,-33.92351],[18.44791,-33.9236],[18.44709,-33.92376],[18.44682,-33.92381],[18.44662,-33.92384],[18.44625,-33.92389],[18.44594,-33.92393],[18.44467,-33.92409],[18.44437,-33.92413]]}},{"type":"Feature","properties":{"id":"way/791673682","name":"Central Line","network":"PRASA"},"geometry":{"type":"LineString","coordinates":[[18.4768,-33.92002],[18.47812,-33.91945],[18.47848,-33.9193]]}},{"type":"Feature","properties":{"id":"way/791673683","name":"Northern Line","network":"PRASA"},"geometry":{"type":"LineString","coordinates":[[18.47677,-33.91997],[18.4754,-33.92053],[18.47504,-33.92067],[18.47479,-33.92076],[18.47439,-33.92088],[18.47417,-33.92095],[18.47388,-33.92102],[18.4734,-33.92113],[18.46905,-33.92212],[18.46867,-33.92221],[18.46838,-33.92226],[18.46807,-33.92231],[18.46689,-33.92245]]}},{"type":"Feature","properties":{"id":"way/791673684","name":"Northern Line","network":"PRASA"},"geometry":{"type":"LineString","coordinates":[[18.47671,-33.91987],[18.47803,-33.91932],[18.47846,-33.91916]]}},{"type":"Feature","properties":{"id":"way/791673685","name":"Central Line","network":"PRASA"},"geometry":{"type":"LineString","coordinates":[[18.47685,-33.9201],[18.47587,-33.92051],[18.47553,-33.92065],[18.47522,-33.92076],[18.47492,-33.92086],[18.47441,-33.92099],[18.47392,-33.92111],[18.47344,-33.92122],[18.47218,-33.92151],[18.46907,-33.92221],[18.46872,-33.92229],[18.46845,-33.92236],[18.4682,-33.92241],[18.46798,-33.92245],[18.4676,-33.92251],[18.46693,-33.92259]]}},{"type":"Feature","properties":{"id":"way/791678394","name":"Northern Line","network":"PRASA"},"geometry":{"type":"LineString","coordinates":[[18.44708,-33.92517],[18.44738,-33.92518],[18.44757,-33.92521],[18.44787,-33.92524],[18.44836,-33.9253],[18.44888,-33.92537],[18.44981,-33.92548],[18.45073,-33.92559],[18.45104,-33.92562],[18.45257,-33.9258],[18.45395,-33.92597],[18.45533,-33.92614],[18.45651,-33.92628],[18.45682,-33.92632],[18.45952,-33.92664],[18.45972,-33.92666],[18.46061,-33.92676],[18.46106,-33.92682],[18.4613,-33.92685],[18.46152,-33.92686],[18.46169,-33.92687],[18.46198,-33.92688],[18.46224,-33.92688],[18.46258,-33.92688],[18.46279,-33.92688],[18.46305,-33.92688],[18.46334,-33.92688],[18.46353,-33.92688],[18.46372,-33.92689],[18.46447,-33.92695],[18.46669,-33.92717],[18.46701,-33.9272]]}},{"type":"Feature","properties":{"id":"way/791678395","name":"Unnamed","network":"PRASA"},"geometry":{"type":"LineString","coordinates":[[18.44727,-33.92527],[18.44744,-33.92528],[18.44761,-33.92529],[18.44779,-33.92531],[18.44795,-33.92533],[18.44836,-33.92537],[18.44888,-33.92544],[18.4498,-33.92555],[18.45072,-33.92566],[18.45256,-33.92588],[18.45288,-33.92592],[18.45339,-33.92598],[18.45366,-33.92601],[18.45394,-33.92604],[18.45533,-33.9262],[18.4565,-33.92636],[18.45671,-33.92638],[18.45709,-33.92643],[18.45747,-33.92647],[18.4577,-33.9265],[18.45785,-33.92652],[18.45871,-33.92662],[18.45971,-33.92674],[18.46061,-33.92685],[18.46107,-33.9269],[18.46131,-33.92693],[18.46154,-33.92695],[18.4619,-33.92697],[18.46222,-33.92698],[18.46251,-33.92699],[18.46272,-33.92699],[18.46324,-33.92701],[18.46414,-33.92706],[18.46458,-33.92711],[18.46569,-33.92722],[18.46617,-33.92727],[18.46659,-33.92731],[18.4668,-33.92732],[18.46698,-33.92733]]}},{"type":"Feature","properties":{"id":"way/791678396","name":"Unnamed","network":"PRASA"},"geometry":{"type":"LineString","coordinates":[[18.44727,-33.92538],[18.4474,-33.92538],[18.44754,-33.92539],[18.44791,-33.92542],[18.44815,-33.92545],[18.44837,-33.92548],[18.44885,-33.92553],[18.44978,-33.92564],[18.45071,-33.92575],[18.4512,-33.92581],[18.45141,-33.92584],[18.45254,-33.92597],[18.45392,-33.92614],[18.45531,-33.9263],[18.45649,-33.92644],[18.45669,-33.92647],[18.45707,-33.92651],[18.45855,-33.92669],[18.4588,-33.92672],[18.45969,-33.92683],[18.4609,-33.92697],[18.46108,-33.92699],[18.46132,-33.92701],[18.46159,-33.92703],[18.4618,-33.92704],[18.46211,-33.92705],[18.46237,-33.92707],[18.46254,-33.92708],[18.46272,-33.92709],[18.46289,-33.92711],[18.46339,-33.92716],[18.46385,-33.92724]]}},{"type":"Feature","properties":{"id":"way/791678397","name":"Unnamed","network":"PRASA"},"geometry":{"type":"LineString","coordinates":[[18.44447,-33.92527],[18.44602,-33.92524],[18.44634,-33.92523],[18.44678,-33.92522],[18.44716,-33.92523],[18.44742,-33.92524],[18.4476,-33.92526],[18.44789,-33.92528],[18.44836,-33.92534],[18.44887,-33.9254],[18.44981,-33.92551],[18.45072,-33.92562],[18.45172,-33.92574],[18.45219,-33.9258],[18.45256,-33.92584],[18.45395,-33.92601],[18.45533,-33.92617],[18.45651,-33.92632],[18.45672,-33.92634],[18.45709,-33.92639],[18.45732,-33.92641],[18.4586,-33.92657],[18.45879,-33.92659],[18.45972,-33.9267],[18.46062,-33.92681],[18.46107,-33.92686],[18.46124,-33.92688],[18.46153,-33.9269],[18.46174,-33.92691],[18.46195,-33.92692],[18.46279,-33.92692],[18.46294,-33.92692],[18.46315,-33.92693],[18.46338,-33.92694],[18.46421,-33.92703],[18.46438,-33.92705]]}},{"type":"Feature","properties":{"id":"way/791678398","name":"Unnamed","network":"PRASA"},"geometry":{"type":"LineString","coordinates":[[18.44462,-33.92538],[18.44492,-33.92538],[18.44603,-33.92536],[18.44691,-33.92534],[18.44751,-33.92534],[18.4478,-33.92536],[18.448,-33.92537],[18.44837,-33.92541],[18.44887,-33.92547],[18.44979,-33.92558],[18.45072,-33.92569],[18.45246,-33.9259],[18.45255,-33.92591],[18.45268,-33.92593],[18.45393,-33.92608],[18.45435,-33.92613],[18.45532,-33.92624],[18.45651,-33.92639],[18.45708,-33.92647],[18.45767,-33.92654],[18.45797,-33.92657],[18.45831,-33.92661],[18.45971,-33.92678],[18.4606,-33.92689],[18.46075,-33.9269],[18.46109,-33.92695],[18.46133,-33.92697],[18.46156,-33.92699],[18.46195,-33.92701],[18.4622,-33.92701],[18.46258,-33.92702],[18.4628,-33.92704],[18.46296,-33.92705],[18.46312,-33.92706],[18.46374,-33.92716],[18.46388,-33.92718],[18.46413,-33.92721],[18.46537,-33.92733],[18.46568,-33.92738]]}},{"type":"Feature","properties":{"id":"way/791678399","name":"Unnamed","network":"PRASA"},"geometry":{"type":"LineString","coordinates":[[18.44463,-33.92551],[18.44472,-33.92551],[18.44503,-33.9255],[18.44603,-33.92547],[18.44646,-33.92547],[18.44705,-33.92546],[18.44729,-33.92545],[18.4475,-33.92545],[18.44778,-33.92546],[18.44794,-33.92547],[18.44814,-33.92549],[18.44837,-33.92551],[18.44886,-33.92557],[18.44977,-33.92568],[18.45049,-33.92576],[18.4507,-33.92579],[18.45253,-33.92601],[18.45392,-33.92618],[18.45531,-33.92634],[18.45649,-33.92648],[18.45669,-33.92651],[18.45708,-33.92656],[18.45795,-33.92666],[18.45879,-33.92676],[18.45955,-33.92685],[18.45968,-33.92686],[18.46083,-33.927],[18.46103,-33.92702],[18.46119,-33.92704],[18.46136,-33.92705],[18.46154,-33.92706],[18.4618,-33.92708],[18.46198,-33.92708],[18.46218,-33.92709],[18.46237,-33.9271],[18.46254,-33.92711],[18.46271,-33.92713],[18.46286,-33.92714]]}},{"type":"Feature","properties":{"id":"way/791678400","name":"Unnamed","network":"PRASA"},"geometry":{"type":"LineString","coordinates":[[18.46385,-33.92724],[18.46523,-33.92748],[18.4653,-33.92749],[18.46558,-33.92754],[18.4658,-33.92759],[18.46598,-33.92763],[18.46618,-33.92768]]}},{"type":"Feature","properties":{"id":"way/791678401","name":"Unnamed","network":"PRASA"},"geometry":{"type":"LineString","coordinates":[[18.46429,-33.92719],[18.4662,-33.92738],[18.46647,-33.9274],[18.46683,-33.92742],[18.46706,-33.92742],[18.46724,-33.92741],[18.46746,-33.92739],[18.4676,-33.92737],[18.46778,-33.92734],[18.46796,-33.92731],[18.46816,-33.92727],[18.46859,-33.92717],[18.46912,-33.92705],[18.46942,-33.92699],[18.46969,-33.92694],[18.46989,-33.92691],[18.47012,-33.92687],[18.47033,-33.92684],[18.47081,-33.92677],[18.47266,-33.92654],[18.47386,-33.92639],[18.47424,-33.92635],[18.47475,-33.9263],[18.47511,-33.92627],[18.47542,-33.92624],[18.4758,-33.9262],[18.47641,-33.92611]]}},{"type":"Feature","properties":{"id":"way/791678402","name":"Unnamed","network":"PRASA"},"geometry":{"type":"LineString","coordinates":[[18.46438,-33.92705],[18.4661,-33.92723],[18.46669,-33.92728],[18.46723,-33.92729],[18.46746,-33.92728],[18.46773,-33.92725],[18.46801,-33.9272],[18.46838,-33.92713],[18.4691,-33.92697],[18.46947,-33.92689],[18.46967,-33.92685],[18.46987,-33.92682],[18.47009,-33.92678],[18.47033,-33.92674],[18.4708,-33.92668],[18.47266,-33.92645],[18.47384,-33.9263],[18.47514,-33.92614],[18.47638,-33.92599]]}},{"type":"Feature","properties":{"id":"way/791678404","name":"Unnamed","network":"PRASA"},"geometry":{"type":"LineString","coordinates":[[18.46698,-33.92733],[18.46724,-33.92733],[18.46742,-33.92732],[18.46764,-33.9273],[18.46779,-33.92729],[18.46793,-33.92727],[18.46807,-33.92725],[18.46826,-33.92721],[18.4686,-33.92714],[18.46912,-33.92702],[18.46942,-33.92696],[18.46968,-33.9269],[18.46988,-33.92687],[18.47011,-33.92683],[18.47033,-33.9268],[18.4708,-33.92674],[18.47266,-33.92651],[18.47385,-33.92636],[18.47424,-33.92631],[18.47469,-33.92626],[18.47507,-33.92623],[18.47553,-33.92619],[18.47592,-33.92615],[18.4764,-33.92608]]}},{"type":"Feature","properties":{"id":"way/791678405","name":"Unnamed","network":"PRASA"},"geometry":{"type":"LineString","coordinates":[[18.46487,-33.92745],[18.46507,-33.92749],[18.46529,-33.92753],[18.46556,-33.92757],[18.46569,-33.9276],[18.46582,-33.92762],[18.46596,-33.92766],[18.46607,-33.92769],[18.46617,-33.92771]]}},{"type":"Feature","properties":{"id":"way/791678406","name":"Unnamed","network":"PRASA"},"geometry":{"type":"LineString","coordinates":[[18.47854,-33.92583],[18.47935,-33.92572],[18.47978,-33.92565],[18.48017,-33.92559],[18.48057,-33.92552],[18.48092,-33.92548],[18.48125,-33.92544],[18.48157,-33.9254],[18.48247,-33.92528],[18.48329,-33.92517]]}},{"type":"Feature","properties":{"id":"way/791678407","name":"Central Line","network":"PRASA"},"geometry":{"type":"LineString","coordinates":[[18.48004,-33.92553],[18.48029,-33.9255],[18.48129,-33.92537],[18.48158,-33.92534],[18.48238,-33.92523],[18.48273,-33.92518],[18.48312,-33.92513],[18.48346,-33.92508],[18.48361,-33.92506],[18.48379,-33.92504],[18.48405,-33.925],[18.48424,-33.92498],[18.48566,-33.92479]]}},{"type":"Feature","properties":{"id":"way/791678408","name":"Unnamed","network":"PRASA"},"geometry":{"type":"LineString","coordinates":[[18.4718,-33.9389],[18.47183,-33.93899],[18.47198,-33.93943],[18.47227,-33.94039],[18.47251,-33.94119],[18.47276,-33.94199],[18.47296,-33.94267],[18.47316,-33.94335],[18.47324,-33.94362],[18.47341,-33.94419],[18.47341,-33.94422]]}},{"type":"Feature","properties":{"id":"way/791678409","name":"Unnamed","network":"PRASA"},"geometry":{"type":"LineString","coordinates":[[18.4714,-33.93767],[18.47137,-33.93759],[18.47124,-33.93717],[18.47115,-33.93683],[18.47109,-33.93661],[18.47083,-33.93574],[18.47064,-33.93512],[18.47038,-33.93427],[18.47023,-33.93377],[18.47002,-33.93309],[18.46983,-33.93247],[18.46964,-33.93184],[18.46933,-33.93084],[18.46925,-33.93057],[18.46921,-33.93044],[18.46916,-33.9303],[18.46911,-33.93018],[18.46907,-33.93007],[18.46901,-33.92996],[18.46896,-33.92985],[18.4689,-33.92974],[18.46884,-33.92963],[18.46876,-33.92952],[18.4687,-33.92944],[18.4686,-33.92931],[18.46853,-33.92922],[18.46846,-33.92913],[18.46835,-33.92901],[18.46825,-33.92891],[18.46815,-33.92881],[18.46802,-33.9287],[18.46791,-33.92861],[18.46775,-33.92848],[18.46763,-33.92839],[18.46747,-33.92829],[18.46734,-33.92821],[18.46726,-33.92817],[18.46709,-33.92808],[18.4669,-33.92799],[18.46676,-33.92792],[18.46661,-33.92786],[18.46647,-33.92781],[18.46631,-33.92776],[18.46617,-33.92771]]}},{"type":"Feature","properties":{"id":"way/791678410","name":"Unnamed","network":"PRASA"},"geometry":{"type":"LineString","coordinates":[[18.47389,-33.94672],[18.47387,-33.94649],[18.47381,-33.94598],[18.47378,-33.9458],[18.47376,-33.94565],[18.47372,-33.94549],[18.47369,-33.94532],[18.47366,-33.94519],[18.47361,-33.94502],[18.47357,-33.94486],[18.47347,-33.94453]]}},{"type":"Feature","properties":{"id":"way/791680894","name":"Unnamed","network":"PRASA"},"geometry":{"type":"LineString","coordinates":[[18.46367,-34.07603],[18.46368,-34.07595],[18.46371,-34.07571],[18.46371,-34.07566],[18.46372,-34.07561],[18.46373,-34.07538],[18.46373,-34.0751],[18.46373,-34.07482],[18.46371,-34.07446],[18.46369,-34.07414],[18.46367,-34.0737],[18.46348,-34.06979],[18.46342,-34.06848],[18.46336,-34.0673],[18.46332,-34.06655],[18.46328,-34.0658],[18.46327,-34.06559],[18.46324,-34.0649],[18.46321,-34.06431],[18.46317,-34.06356],[18.46315,-34.06312],[18.46314,-34.06282],[18.46313,-34.06267],[18.46312,-34.06248],[18.46308,-34.06173],[18.46304,-34.06091],[18.46302,-34.06045],[18.46299,-34.05988]]}},{"type":"Feature","properties":{"id":"way/791680895","name":"Unnamed","network":"PRASA"},"geometry":{"type":"LineString","coordinates":[[18.46364,-34.07732],[18.46363,-34.07738],[18.46359,-34.07757],[18.46354,-34.0778],[18.46351,-34.07798],[18.46348,-34.07819],[18.46345,-34.07845],[18.46341,-34.07873],[18.46335,-34.07931]]}},{"type":"Feature","properties":{"id":"way/791680896","name":"Unnamed","network":"PRASA"},"geometry":{"type":"LineString","coordinates":[[18.46241,-34.08769],[18.46241,-34.08762],[18.46241,-34.08747],[18.46242,-34.08731],[18.46244,-34.08706],[18.46249,-34.08657],[18.46257,-34.08586],[18.46265,-34.08521],[18.46269,-34.08485],[18.46273,-34.08448]]}},{"type":"Feature","properties":{"id":"way/791680897","name":"Unnamed","network":"PRASA"},"geometry":{"type":"LineString","coordinates":[[18.46262,-34.08922],[18.46263,-34.08927],[18.46266,-34.08939],[18.46272,-34.08957],[18.46276,-34.08969],[18.46281,-34.0898],[18.46286,-34.08991],[18.46292,-34.09004],[18.46298,-34.09018],[18.46308,-34.09035],[18.46313,-34.09044],[18.4632,-34.09055],[18.4633,-34.09069],[18.4635,-34.09098],[18.46376,-34.09136],[18.4639,-34.09155],[18.46405,-34.09177],[18.46413,-34.09188],[18.46446,-34.09235],[18.46475,-34.09277],[18.46534,-34.0936],[18.46566,-34.09406],[18.46597,-34.0945],[18.46617,-34.09479],[18.46635,-34.09504],[18.46661,-34.09541],[18.46681,-34.0957],[18.4669,-34.09584],[18.467,-34.096],[18.46706,-34.09609],[18.46713,-34.09622],[18.46718,-34.09632],[18.46723,-34.09644],[18.46729,-34.0966],[18.46738,-34.09684],[18.46746,-34.09712],[18.46776,-34.09824],[18.46793,-34.09889],[18.46811,-34.09954],[18.46833,-34.10038],[18.46844,-34.10079],[18.46854,-34.1012],[18.46863,-34.10151],[18.46868,-34.10177],[18.46881,-34.10243],[18.46895,-34.10314]]}},{"type":"Feature","properties":{"id":"way/791680898","name":"Unnamed","network":"PRASA"},"geometry":{"type":"LineString","coordinates":[[18.46866,-34.10185],[18.46864,-34.10178],[18.46858,-34.10151],[18.46851,-34.1012],[18.4684,-34.1008],[18.46829,-34.10039],[18.46806,-34.09955],[18.46789,-34.0989],[18.46772,-34.09825],[18.46742,-34.09713],[18.46734,-34.09685],[18.46727,-34.09665],[18.46722,-34.09651],[18.46718,-34.09642],[18.46711,-34.09627],[18.46706,-34.09618],[18.46698,-34.09603],[18.46691,-34.09593],[18.46678,-34.09573],[18.46656,-34.09541],[18.46613,-34.0948],[18.46593,-34.09452],[18.46562,-34.09407],[18.46531,-34.09363],[18.46472,-34.09278],[18.46443,-34.09237],[18.46409,-34.0919],[18.46402,-34.09179],[18.46386,-34.09157],[18.46372,-34.09137],[18.46346,-34.09099],[18.46324,-34.09067],[18.46314,-34.09053],[18.46309,-34.09044],[18.46307,-34.0904],[18.46299,-34.09027],[18.46292,-34.09014],[18.46286,-34.09001],[18.46279,-34.08985],[18.46273,-34.08971],[18.46268,-34.08957],[18.46262,-34.08937],[18.46256,-34.08913],[18.46253,-34.08895],[18.46251,-34.08883],[18.46247,-34.08846],[18.46244,-34.08807],[18.46242,-34.08785],[18.46241,-34.08769]]}},{"type":"Feature","properties":{"id":"way/791680899","name":"Unnamed","network":"PRASA"},"geometry":{"type":"LineString","coordinates":[[18.46895,-34.10314],[18.46896,-34.10318],[18.46902,-34.10353],[18.46908,-34.10381],[18.46912,-34.10403],[18.46914,-34.10418],[18.46915,-34.1043],[18.46916,-34.10442],[18.46918,-34.10457],[18.46918,-34.10468],[18.46919,-34.1048],[18.46919,-34.10495],[18.46919,-34.10513],[18.46918,-34.10545],[18.46915,-34.10586],[18.46912,-34.10621],[18.46907,-34.10673]]}},{"type":"Feature","properties":{"id":"way/791680900","name":"Unnamed","network":"PRASA"},"geometry":{"type":"LineString","coordinates":[[18.46779,-34.10981],[18.46775,-34.10988],[18.4676,-34.11015],[18.46744,-34.11038],[18.46733,-34.11059],[18.46724,-34.11076],[18.46712,-34.11102],[18.46698,-34.1114],[18.46684,-34.11167],[18.46644,-34.11256],[18.46634,-34.11279],[18.46624,-34.11297],[18.46617,-34.11309],[18.46611,-34.11318],[18.46603,-34.1133],[18.46593,-34.11341],[18.46581,-34.11354],[18.46569,-34.11366],[18.46545,-34.11387],[18.46525,-34.11403],[18.46455,-34.11456]]}},{"type":"Feature","properties":{"id":"way/791680901","name":"Unnamed","network":"PRASA"},"geometry":{"type":"LineString","coordinates":[[18.46833,-34.10886],[18.46841,-34.10872],[18.46866,-34.10833],[18.46872,-34.10821],[18.46878,-34.10811],[18.4688,-34.10806],[18.46887,-34.10788],[18.46891,-34.10777],[18.46893,-34.10767],[18.46895,-34.10755],[18.46898,-34.10737],[18.46899,-34.10717],[18.46901,-34.1069]]}},{"type":"Feature","properties":{"id":"way/791680902","name":"Unnamed","network":"PRASA"},"geometry":{"type":"LineString","coordinates":[[18.45777,-34.12002],[18.45766,-34.12011],[18.45752,-34.12021],[18.45738,-34.12031],[18.45711,-34.12047],[18.45676,-34.12067],[18.45647,-34.12086],[18.45646,-34.12087],[18.45619,-34.12106],[18.45586,-34.12132],[18.45559,-34.12154],[18.45532,-34.12174],[18.45507,-34.1219],[18.45471,-34.12211],[18.4544,-34.12229],[18.45414,-34.12246],[18.45397,-34.1226],[18.45376,-34.1228],[18.45364,-34.12293],[18.45335,-34.12328],[18.45279,-34.12388],[18.45175,-34.1249],[18.45149,-34.12514],[18.45119,-34.1254],[18.45072,-34.1258],[18.45009,-34.12628],[18.44951,-34.12673]]}},{"type":"Feature","properties":{"id":"way/791680903","name":"Unnamed","network":"PRASA"},"geometry":{"type":"LineString","coordinates":[[18.45875,-34.11897],[18.45879,-34.11893],[18.45904,-34.11866],[18.45938,-34.11833],[18.45958,-34.11814],[18.45975,-34.11799],[18.45995,-34.11785],[18.46027,-34.11764],[18.46059,-34.1174],[18.46083,-34.11722],[18.46107,-34.117],[18.46129,-34.11681],[18.46148,-34.11666],[18.46172,-34.11648],[18.462,-34.11629],[18.4623,-34.1161],[18.46273,-34.11585],[18.46302,-34.11566],[18.46329,-34.11548],[18.46343,-34.11537],[18.46359,-34.11525],[18.46377,-34.11511],[18.46393,-34.11499]]}},{"type":"Feature","properties":{"id":"way/791680904","name":"Unnamed","network":"PRASA"},"geometry":{"type":"LineString","coordinates":[[18.44951,-34.12673],[18.44925,-34.12694],[18.44903,-34.12711],[18.44887,-34.12724],[18.44874,-34.12736],[18.44866,-34.12743],[18.44859,-34.12752],[18.44852,-34.1276],[18.44846,-34.12767],[18.44841,-34.12775],[18.44835,-34.12784],[18.4483,-34.12793]]}},{"type":"Feature","properties":{"id":"way/791680905","name":"Unnamed","network":"PRASA"},"geometry":{"type":"LineString","coordinates":[[18.45063,-34.12582],[18.45069,-34.12578],[18.45116,-34.12538],[18.45171,-34.1249],[18.45275,-34.12387],[18.4533,-34.12326],[18.4536,-34.12291],[18.45372,-34.12278],[18.45394,-34.12258],[18.45411,-34.12244],[18.45437,-34.12226],[18.45467,-34.12208],[18.45505,-34.12186],[18.45529,-34.12171],[18.45556,-34.12151],[18.45582,-34.12129],[18.45616,-34.12104],[18.45643,-34.12084],[18.45673,-34.12064],[18.45708,-34.12044],[18.45735,-34.12028],[18.45749,-34.12019],[18.45763,-34.12009],[18.45788,-34.11988],[18.45875,-34.11897]]}},{"type":"Feature","properties":{"id":"way/791680906","name":"Unnamed","network":"PRASA"},"geometry":{"type":"LineString","coordinates":[[18.43286,-34.1364],[18.43289,-34.13634],[18.433,-34.13611],[18.43305,-34.136],[18.43312,-34.13588],[18.4332,-34.13575],[18.43325,-34.13567],[18.43338,-34.1355],[18.43348,-34.13538],[18.43363,-34.13521],[18.4338,-34.13504],[18.43403,-34.13484],[18.43416,-34.13473],[18.4343,-34.13463],[18.43452,-34.13448],[18.4346,-34.13443],[18.43524,-34.13403],[18.43634,-34.13334],[18.43743,-34.13266],[18.43767,-34.13251]]}},{"type":"Feature","properties":{"id":"way/791680907","name":"Unnamed","network":"PRASA"},"geometry":{"type":"LineString","coordinates":[[18.43226,-34.13783],[18.43222,-34.13793],[18.43213,-34.13811],[18.43193,-34.13853]]}},{"type":"Feature","properties":{"id":"way/791680908","name":"Unnamed","network":"PRASA"},"geometry":{"type":"LineString","coordinates":[[18.43205,-34.16345],[18.43211,-34.16387],[18.43215,-34.16416],[18.43223,-34.16465],[18.43228,-34.16496],[18.43232,-34.16525],[18.43235,-34.16544],[18.43238,-34.16564],[18.43239,-34.16574],[18.43239,-34.16584],[18.43238,-34.16594],[18.43236,-34.16604],[18.43235,-34.16611],[18.43232,-34.16618],[18.43227,-34.16629],[18.4322,-34.1664],[18.43213,-34.1665],[18.43198,-34.16669],[18.43181,-34.1669],[18.43172,-34.16703],[18.43165,-34.16715],[18.43159,-34.16727],[18.43152,-34.16742],[18.43147,-34.16756],[18.43141,-34.16777],[18.43136,-34.16797],[18.43131,-34.16815],[18.43128,-34.16825],[18.43124,-34.16837],[18.4312,-34.16845],[18.43112,-34.16859],[18.43103,-34.16871],[18.43096,-34.16882],[18.43085,-34.16895],[18.43078,-34.16904],[18.43071,-34.16913],[18.43064,-34.16924],[18.43058,-34.16934],[18.4305,-34.16949],[18.4304,-34.16971],[18.43029,-34.16994],[18.43019,-34.17012],[18.43011,-34.17027],[18.42998,-34.17046],[18.42987,-34.17059],[18.42977,-34.17071],[18.42963,-34.17088],[18.42943,-34.17108],[18.42929,-34.17123],[18.42919,-34.17133],[18.42908,-34.17146],[18.42899,-34.17157],[18.42889,-34.1717],[18.42881,-34.17182],[18.42875,-34.17191],[18.42867,-34.17206],[18.4286,-34.17219],[18.42855,-34.17231],[18.42848,-34.17249],[18.4284,-34.17274],[18.42829,-34.17314],[18.42809,-34.17392],[18.42801,-34.17422],[18.42798,-34.17436],[18.42795,-34.17451],[18.42793,-34.17464],[18.42792,-34.17477],[18.42789,-34.17503],[18.42787,-34.17516],[18.42784,-34.17526],[18.42782,-34.17533],[18.42777,-34.17544],[18.42772,-34.17553],[18.42767,-34.17562],[18.42759,-34.17572],[18.42751,-34.17581],[18.42738,-34.17595],[18.4272,-34.17613],[18.42699,-34.17633],[18.42679,-34.17653],[18.42672,-34.17661],[18.42662,-34.17674],[18.42656,-34.17682],[18.42649,-34.17692],[18.42644,-34.17701],[18.42639,-34.1771],[18.42634,-34.1772],[18.42629,-34.17733],[18.42611,-34.17779],[18.42599,-34.17815],[18.4259,-34.17846],[18.42586,-34.17861],[18.42578,-34.1789],[18.42568,-34.17928],[18.42562,-34.17953],[18.42554,-34.17986],[18.42541,-34.18055],[18.42539,-34.18072],[18.42536,-34.18094],[18.42532,-34.18133],[18.42527,-34.18185],[18.4252,-34.18247],[18.4251,-34.18355],[18.42506,-34.1839]]}},{"type":"Feature","properties":{"id":"way/791687494","name":"Northern Line","network":"PRASA"},"geometry":{"type":"LineString","coordinates":[[18.6581,-33.90382],[18.65818,-33.90377],[18.65885,-33.90325],[18.66171,-33.90108],[18.66527,-33.8984],[18.66635,-33.8976],[18.66883,-33.89574],[18.67238,-33.89306],[18.67565,-33.89059]]}},{"type":"Feature","properties":{"id":"way/791687495","name":"Unnamed","network":"PRASA"},"geometry":{"type":"LineString","coordinates":[[18.65633,-33.90497],[18.65658,-33.90485],[18.65706,-33.90458],[18.65744,-33.90436],[18.65821,-33.9038],[18.65888,-33.90328],[18.66175,-33.90111],[18.66531,-33.89843],[18.66638,-33.89763],[18.66887,-33.89577],[18.67242,-33.89311],[18.67507,-33.89109],[18.6757,-33.89061]]}},{"type":"Feature","properties":{"id":"way/791687496","name":"Unnamed","network":"PRASA"},"geometry":{"type":"LineString","coordinates":[[18.6875,-33.88179],[18.68928,-33.88045],[18.68999,-33.87991],[18.69042,-33.87955],[18.69063,-33.87935]]}},{"type":"Feature","properties":{"id":"way/791687497","name":"Unnamed","network":"PRASA"},"geometry":{"type":"LineString","coordinates":[[18.68914,-33.88044],[18.68921,-33.88039],[18.68972,-33.88],[18.69061,-33.87934],[18.69117,-33.87891],[18.6915,-33.87865],[18.69184,-33.87837],[18.69218,-33.87804],[18.69244,-33.87777],[18.69267,-33.8775],[18.69317,-33.87686],[18.69402,-33.87575],[18.6947,-33.87487],[18.69491,-33.87459],[18.69683,-33.87215],[18.69771,-33.87102],[18.6986,-33.86988],[18.70038,-33.8676],[18.70212,-33.86536],[18.70249,-33.86489],[18.70285,-33.86443],[18.70341,-33.86373],[18.7036,-33.86352],[18.7038,-33.86331],[18.70393,-33.86319],[18.70405,-33.86308],[18.70456,-33.86264],[18.70515,-33.86215],[18.70583,-33.86159],[18.70651,-33.86104],[18.70742,-33.86028],[18.70891,-33.85905],[18.70963,-33.85846],[18.71034,-33.85788],[18.71207,-33.85645]]}},{"type":"Feature","properties":{"id":"way/791687498","name":"Unnamed","network":"PRASA"},"geometry":{"type":"LineString","coordinates":[[18.71053,-33.85778],[18.71224,-33.85635],[18.71527,-33.8539],[18.7166,-33.85283],[18.71715,-33.85241],[18.71803,-33.85172],[18.71842,-33.85142],[18.71868,-33.85122],[18.71904,-33.85094],[18.71943,-33.85063],[18.71983,-33.85032],[18.7202,-33.85004],[18.72058,-33.84974],[18.72091,-33.84948],[18.72098,-33.84943]]}},{"type":"Feature","properties":{"id":"way/791687499","name":"Unnamed","network":"PRASA"},"geometry":{"type":"LineString","coordinates":[[18.71207,-33.85645],[18.71223,-33.85631],[18.71522,-33.85387],[18.71711,-33.85238],[18.71801,-33.85168],[18.71865,-33.85118],[18.72015,-33.85002],[18.72037,-33.84985],[18.72065,-33.84964],[18.7211,-33.84928],[18.72125,-33.84916],[18.72146,-33.849]]}},{"type":"Feature","properties":{"id":"way/791687500","name":"Unnamed","network":"PRASA"},"geometry":{"type":"LineString","coordinates":[[18.72321,-33.84752],[18.72399,-33.84689],[18.72474,-33.84632]]}},{"type":"Feature","properties":{"id":"way/791687501","name":"Unnamed","network":"PRASA"},"geometry":{"type":"LineString","coordinates":[[18.7233,-33.84763],[18.72401,-33.84708],[18.72454,-33.84666],[18.72497,-33.84633],[18.72628,-33.84531],[18.72692,-33.84482],[18.72715,-33.84466],[18.72734,-33.84453],[18.72761,-33.84437],[18.7278,-33.84425],[18.72803,-33.84413],[18.72822,-33.84404],[18.72841,-33.84394],[18.7286,-33.84386],[18.72874,-33.8438],[18.72889,-33.84373],[18.72915,-33.84363],[18.72945,-33.84352],[18.72976,-33.8434],[18.73014,-33.84326],[18.73099,-33.84294],[18.73159,-33.84271],[18.73188,-33.8426],[18.73236,-33.84242],[18.73297,-33.84219],[18.73351,-33.84198],[18.7345,-33.84162],[18.73482,-33.84149],[18.73548,-33.84124],[18.73612,-33.841],[18.73648,-33.84087],[18.73666,-33.8408],[18.73682,-33.84075],[18.73696,-33.84071],[18.73719,-33.84065],[18.73736,-33.8406],[18.73754,-33.84055],[18.73843,-33.84034],[18.73919,-33.84017],[18.74008,-33.83996],[18.7407,-33.83981],[18.74131,-33.83967],[18.74368,-33.8391],[18.74425,-33.83896],[18.74455,-33.83889],[18.74475,-33.83883],[18.74502,-33.83874],[18.74531,-33.83864],[18.74556,-33.83854],[18.74586,-33.83841],[18.74609,-33.83831],[18.74642,-33.83814],[18.74685,-33.83791],[18.74751,-33.83752],[18.74779,-33.83735],[18.74842,-33.83697],[18.74893,-33.83666],[18.74932,-33.83643],[18.74991,-33.83607],[18.75046,-33.83575],[18.75072,-33.8356],[18.7509,-33.8355],[18.75117,-33.83536],[18.75137,-33.83527],[18.75156,-33.83519],[18.75203,-33.835],[18.75241,-33.83486],[18.75279,-33.83471],[18.75301,-33.83463],[18.75359,-33.83441],[18.75393,-33.83428],[18.75427,-33.83415],[18.75442,-33.8341],[18.7547,-33.834],[18.75497,-33.83392],[18.75519,-33.83385],[18.75537,-33.83381],[18.7556,-33.83375],[18.75586,-33.8337],[18.75629,-33.83362],[18.75658,-33.83358],[18.75683,-33.83356],[18.7571,-33.83353],[18.75763,-33.8335],[18.75868,-33.83343],[18.7597,-33.83336],[18.76259,-33.83317],[18.76425,-33.83306],[18.7659,-33.83295],[18.76855,-33.83277],[18.77075,-33.83263],[18.77313,-33.83247],[18.77505,-33.83237],[18.78945,-33.83138],[18.78985,-33.83136],[18.79016,-33.83134],[18.79035,-33.83133],[18.79064,-33.83133],[18.79092,-33.83133],[18.79122,-33.83135],[18.7915,-33.83137],[18.79263,-33.83148],[18.79386,-33.83159],[18.79661,-33.83186],[18.80643,-33.8328],[18.80835,-33.83298],[18.80891,-33.83303],[18.80942,-33.83307],[18.80993,-33.83308],[18.81027,-33.83308],[18.81065,-33.83307],[18.81104,-33.83306],[18.81165,-33.833],[18.81281,-33.83288],[18.81375,-33.83278],[18.81423,-33.83273],[18.81468,-33.83269],[18.81502,-33.83268],[18.81534,-33.83267],[18.81565,-33.83268],[18.81598,-33.83269],[18.81633,-33.83273],[18.81681,-33.8328],[18.81707,-33.83284],[18.81733,-33.8329],[18.81818,-33.83311],[18.8202,-33.83363],[18.82221,-33.83415],[18.8225,-33.83421],[18.82272,-33.83425],[18.82288,-33.83427],[18.82315,-33.83429],[18.82345,-33.83431],[18.82373,-33.8343],[18.82396,-33.83428],[18.82436,-33.83423],[18.82474,-33.83415],[18.82495,-33.83409],[18.82517,-33.83401],[18.82549,-33.83388],[18.82581,-33.83373],[18.82602,-33.83361],[18.82621,-33.83349],[18.82636,-33.83339],[18.82658,-33.83322],[18.82681,-33.83301],[18.82699,-33.83283],[18.82713,-33.83266],[18.82726,-33.83249],[18.82745,-33.8322],[18.82747,-33.83216],[18.8276,-33.83193],[18.82772,-33.83169]]}},{"type":"Feature","properties":{"id":"way/791687502","name":"Unnamed","network":"PRASA"},"geometry":{"type":"LineString","coordinates":[[18.72474,-33.84632],[18.72486,-33.84623],[18.72585,-33.84545],[18.72596,-33.84536],[18.72621,-33.84517],[18.72635,-33.84505],[18.72646,-33.84496],[18.72653,-33.84488],[18.72663,-33.84478],[18.72676,-33.84461]]}},{"type":"Feature","properties":{"id":"way/791687503","name":"Unnamed","network":"PRASA"},"geometry":{"type":"LineString","coordinates":[[18.72486,-33.84637],[18.72493,-33.84631],[18.72555,-33.84583],[18.72587,-33.84558],[18.72614,-33.84537],[18.72684,-33.84483],[18.72707,-33.84466],[18.72738,-33.84446],[18.72756,-33.84434],[18.72773,-33.84424],[18.72795,-33.84413],[18.7281,-33.84405],[18.7283,-33.84395],[18.72852,-33.84385],[18.72873,-33.84376],[18.72887,-33.8437],[18.72913,-33.8436],[18.72949,-33.84346],[18.72974,-33.84337],[18.73014,-33.84322],[18.73097,-33.84291],[18.73158,-33.84268],[18.73182,-33.84259],[18.73234,-33.84239],[18.7335,-33.84195],[18.73402,-33.84176],[18.73452,-33.84157],[18.7361,-33.84097],[18.73648,-33.84083],[18.73672,-33.84075],[18.73694,-33.84068],[18.73712,-33.84062],[18.73735,-33.84056],[18.7377,-33.84047],[18.73843,-33.8403],[18.73918,-33.84013],[18.74006,-33.83992],[18.74068,-33.83977],[18.7413,-33.83963],[18.74366,-33.83907],[18.74392,-33.839],[18.7443,-33.83891],[18.74463,-33.83882],[18.74486,-33.83875],[18.74509,-33.83868],[18.74531,-33.8386],[18.74555,-33.8385],[18.74586,-33.83837],[18.74606,-33.83828],[18.74634,-33.83814],[18.74653,-33.83805],[18.74684,-33.83787],[18.74747,-33.83749],[18.74776,-33.83731],[18.7484,-33.83693],[18.74891,-33.83662],[18.74989,-33.83604],[18.75042,-33.83572],[18.75068,-33.83557],[18.75087,-33.83547],[18.75113,-33.83534],[18.75133,-33.83524],[18.75156,-33.83514],[18.75182,-33.83504],[18.7521,-33.83493],[18.75281,-33.83466],[18.75357,-33.83438],[18.75392,-33.83424],[18.75425,-33.83412],[18.75465,-33.83398],[18.75496,-33.83388],[18.75519,-33.83382],[18.75535,-33.83377],[18.75562,-33.83371],[18.75585,-33.83366],[18.75611,-33.83361],[18.75629,-33.83358],[18.75655,-33.83355],[18.75682,-33.83352],[18.75709,-33.8335],[18.75763,-33.83346],[18.75867,-33.83339],[18.7597,-33.83332],[18.76259,-33.83313],[18.76425,-33.83302],[18.7659,-33.83291],[18.76855,-33.83274],[18.77074,-33.83259],[18.77313,-33.83243],[18.78878,-33.83139],[18.78945,-33.83134],[18.78993,-33.83131],[18.79009,-33.8313],[18.79032,-33.83129],[18.79068,-33.83129],[18.79092,-33.83129],[18.79122,-33.83131],[18.7915,-33.83133],[18.79197,-33.83137],[18.79424,-33.83158],[18.79662,-33.83182],[18.80644,-33.83276],[18.80836,-33.83294],[18.80889,-33.83299],[18.80935,-33.83302],[18.80973,-33.83304],[18.81007,-33.83305],[18.81034,-33.83304],[18.81094,-33.83302],[18.81118,-33.83301],[18.81164,-33.83297],[18.8128,-33.83285],[18.81373,-33.83275],[18.81423,-33.8327],[18.81469,-33.83266],[18.81504,-33.83264],[18.81535,-33.83263],[18.81567,-33.83264],[18.81599,-33.83265],[18.81635,-33.83269],[18.81681,-33.83276],[18.8171,-33.83281],[18.81735,-33.83286],[18.81819,-33.83307],[18.82021,-33.8336],[18.82223,-33.83411],[18.8225,-33.83417],[18.82272,-33.83421],[18.82289,-33.83424],[18.82314,-33.83426],[18.82345,-33.83427],[18.82372,-33.83427],[18.82404,-33.83424],[18.82437,-33.83419],[18.82472,-33.83411],[18.82494,-33.83405],[18.82515,-33.83398],[18.82547,-33.83386],[18.82578,-33.8337],[18.82601,-33.83358],[18.82631,-33.83337],[18.82654,-33.83319],[18.82679,-33.83297],[18.827,-33.83275],[18.82714,-33.83258],[18.82722,-33.83248],[18.82733,-33.83233],[18.82742,-33.83218],[18.82744,-33.83215],[18.82757,-33.83192],[18.82798,-33.83114],[18.82842,-33.83038]]}},{"type":"Feature","properties":{"id":"way/791687504","name":"Unnamed","network":"PRASA"},"geometry":{"type":"LineString","coordinates":[[18.82782,-33.83173],[18.82859,-33.83036]]}},{"type":"Feature","properties":{"id":"way/791687505","name":"Unnamed","network":"PRASA"},"geometry":{"type":"LineString","coordinates":[[18.82772,-33.83169],[18.82802,-33.83116],[18.82849,-33.83033],[18.8288,-33.82985],[18.82906,-33.82944],[18.82929,-33.82911],[18.82946,-33.82886],[18.82963,-33.82862],[18.83009,-33.82797],[18.83048,-33.82741],[18.83074,-33.82704],[18.83084,-33.8269]]}},{"type":"Feature","properties":{"id":"way/791687506","name":"Unnamed","network":"PRASA"},"geometry":{"type":"LineString","coordinates":[[18.82842,-33.83038],[18.82846,-33.83032],[18.82876,-33.82983],[18.82903,-33.82943],[18.82925,-33.8291],[18.82943,-33.82885],[18.8296,-33.82859],[18.82972,-33.82843],[18.83044,-33.82739],[18.8308,-33.82689],[18.83115,-33.82638]]}},{"type":"Feature","properties":{"id":"way/791687507","name":"Unnamed","network":"PRASA"},"geometry":{"type":"LineString","coordinates":[[18.87034,-33.80608],[18.87121,-33.80585],[18.87225,-33.80556],[18.87247,-33.8055],[18.87278,-33.80542],[18.87483,-33.80486],[18.87781,-33.80404],[18.88007,-33.80343],[18.88546,-33.80199],[18.88609,-33.80182],[18.88668,-33.80168],[18.88723,-33.80157],[18.88781,-33.80146],[18.88846,-33.80136],[18.88905,-33.80129],[18.88936,-33.80125],[18.8897,-33.80121],[18.89004,-33.80118],[18.89041,-33.80116],[18.89071,-33.80114],[18.89102,-33.80112],[18.89139,-33.80111],[18.89177,-33.8011],[18.89207,-33.8011],[18.89241,-33.8011],[18.89321,-33.80112],[18.89405,-33.80116],[18.89651,-33.80131],[18.89853,-33.80144],[18.89988,-33.80152],[18.90051,-33.80156],[18.90129,-33.80159],[18.9019,-33.8016],[18.90244,-33.8016],[18.90302,-33.80159],[18.9037,-33.80158],[18.90418,-33.80156],[18.90519,-33.8015],[18.90585,-33.80145],[18.90624,-33.80142],[18.90694,-33.80135],[18.90738,-33.8013],[18.9083,-33.80117],[18.90887,-33.80109],[18.90943,-33.80099],[18.91004,-33.80088],[18.91064,-33.80077],[18.91171,-33.80055],[18.91278,-33.8003],[18.91337,-33.80015],[18.91393,-33.79999],[18.91479,-33.79974],[18.91576,-33.79943],[18.91688,-33.79903],[18.91808,-33.79855],[18.91945,-33.79797],[18.92089,-33.79729],[18.922,-33.79676],[18.92318,-33.79622],[18.92439,-33.79565],[18.92588,-33.79495],[18.92709,-33.79438],[18.92815,-33.79391],[18.92914,-33.79352],[18.93006,-33.79319],[18.93106,-33.79284],[18.93225,-33.79248],[18.93253,-33.79241],[18.93327,-33.79221],[18.93445,-33.79193],[18.9348,-33.79185],[18.93522,-33.79177],[18.93658,-33.7915],[18.9378,-33.79126],[18.93999,-33.79083],[18.94083,-33.79065],[18.9416,-33.79049],[18.94241,-33.79028],[18.94325,-33.79004],[18.94445,-33.78965],[18.94559,-33.78923],[18.94667,-33.78878],[18.9475,-33.78839],[18.94799,-33.78815],[18.94843,-33.78791],[18.94874,-33.78774],[18.9494,-33.78736],[18.94985,-33.78708],[18.95031,-33.78678],[18.95051,-33.78664],[18.95102,-33.78629],[18.95151,-33.78592],[18.95245,-33.78517]]}},{"type":"Feature","properties":{"id":"way/791687510","name":"Unnamed","network":"PRASA"},"geometry":{"type":"LineString","coordinates":[[18.96465,-33.76476],[18.96466,-33.76376],[18.96465,-33.76335],[18.96463,-33.76229],[18.96461,-33.76206],[18.96458,-33.76133]]}},{"type":"Feature","properties":{"id":"way/791687513","name":"Unnamed","network":"PRASA"},"geometry":{"type":"LineString","coordinates":[[18.9806,-33.70492],[18.98069,-33.70442],[18.98081,-33.7037],[18.98117,-33.70154],[18.9812,-33.70141],[18.98133,-33.70059],[18.98142,-33.70007],[18.98151,-33.69958],[18.98162,-33.69906],[18.98168,-33.6988],[18.98175,-33.69852],[18.98188,-33.69809],[18.98198,-33.69776],[18.98205,-33.69752],[18.98243,-33.69628],[18.98261,-33.69572],[18.98289,-33.69481],[18.98298,-33.69452],[18.98308,-33.69419],[18.98318,-33.69388],[18.98325,-33.69364],[18.98333,-33.69336],[18.98344,-33.69297],[18.9835,-33.69276],[18.98358,-33.69243],[18.98378,-33.69151],[18.98382,-33.69125],[18.98387,-33.69101],[18.98393,-33.69058],[18.98407,-33.68956],[18.98409,-33.68934],[18.98412,-33.68904],[18.98417,-33.68861],[18.98421,-33.68813],[18.98424,-33.68775],[18.98429,-33.68715],[18.98432,-33.68683],[18.98436,-33.68641],[18.9844,-33.68589],[18.98444,-33.6854],[18.9845,-33.68471],[18.98453,-33.68436]]}},{"type":"Feature","properties":{"id":"way/791687515","name":"Unnamed","network":"PRASA"},"geometry":{"type":"LineString","coordinates":[[18.98542,-33.67407],[18.98544,-33.67382],[18.98545,-33.6736],[18.98545,-33.67339],[18.98546,-33.67291],[18.98545,-33.67226],[18.98545,-33.67161]]}},{"type":"Feature","properties":{"id":"way/791691981","name":"Unnamed","network":"PRASA"},"geometry":{"type":"LineString","coordinates":[[18.67757,-33.93364],[18.67828,-33.93457],[18.6791,-33.93563],[18.67978,-33.93652],[18.68003,-33.93685],[18.68034,-33.93724],[18.68053,-33.93749],[18.68134,-33.93853],[18.68258,-33.94013],[18.68437,-33.94248],[18.68476,-33.94294],[18.68707,-33.94593],[18.6894,-33.94895],[18.69245,-33.95288],[18.69249,-33.95294],[18.69286,-33.95342],[18.69421,-33.95516],[18.69581,-33.95723],[18.69678,-33.95847],[18.6975,-33.95941],[18.69822,-33.96034],[18.69894,-33.96127],[18.69926,-33.96168],[18.69935,-33.96179],[18.69954,-33.96204],[18.6997,-33.96224],[18.70046,-33.96323],[18.70089,-33.96379],[18.7013,-33.96431]]}},{"type":"Feature","properties":{"id":"way/791691982","name":"Unnamed","network":"PRASA"},"geometry":{"type":"LineString","coordinates":[[18.67761,-33.93364],[18.67832,-33.93456],[18.67913,-33.93561],[18.67981,-33.9365],[18.68007,-33.93682],[18.68038,-33.93722],[18.68072,-33.93766],[18.68094,-33.93795],[18.681,-33.93802],[18.68262,-33.94011],[18.68444,-33.94245],[18.68479,-33.94292],[18.68711,-33.94592],[18.68944,-33.94892],[18.6906,-33.95043],[18.69207,-33.95232],[18.69254,-33.95293],[18.6929,-33.9534],[18.69425,-33.95514],[18.69585,-33.95721],[18.69681,-33.95845],[18.69754,-33.95938],[18.69826,-33.96032],[18.69892,-33.96118],[18.69944,-33.96184],[18.69957,-33.96202],[18.69973,-33.96222],[18.7005,-33.96321],[18.70093,-33.96377],[18.70134,-33.96429]]}},{"type":"Feature","properties":{"id":"way/791691983","name":"Unnamed","network":"PRASA"},"geometry":{"type":"LineString","coordinates":[[18.67771,-33.93359],[18.67808,-33.93408],[18.67841,-33.93451],[18.67862,-33.93484],[18.67879,-33.93508],[18.67918,-33.93557],[18.67987,-33.93647],[18.68012,-33.93679],[18.68051,-33.93736],[18.68072,-33.93766]]}},{"type":"Feature","properties":{"id":"way/791691984","name":"Unnamed","network":"PRASA"},"geometry":{"type":"LineString","coordinates":[[18.7013,-33.96431],[18.70167,-33.9648],[18.70204,-33.96528],[18.70249,-33.96586],[18.70265,-33.96606],[18.70291,-33.9664],[18.70329,-33.96689],[18.70338,-33.96699],[18.70363,-33.96731],[18.70382,-33.96758],[18.70405,-33.96787],[18.70428,-33.96817],[18.70472,-33.96873],[18.70516,-33.9693],[18.70551,-33.96975],[18.70585,-33.97019],[18.70587,-33.97022],[18.70667,-33.97126],[18.70709,-33.97179],[18.70751,-33.97233],[18.7083,-33.97335],[18.70909,-33.97437],[18.70949,-33.97489],[18.71107,-33.97692],[18.71201,-33.97813],[18.71276,-33.97911],[18.71375,-33.98038],[18.71419,-33.98095],[18.71459,-33.98147],[18.71695,-33.98451],[18.71741,-33.98511],[18.7182,-33.98613],[18.719,-33.98718],[18.72013,-33.98864],[18.72073,-33.9894]]}},{"type":"Feature","properties":{"id":"way/791691985","name":"Unnamed","network":"PRASA"},"geometry":{"type":"LineString","coordinates":[[18.70134,-33.96429],[18.70171,-33.96478],[18.70216,-33.96536],[18.70267,-33.96602],[18.70295,-33.96638],[18.70322,-33.96673],[18.70341,-33.96698],[18.70379,-33.96746],[18.70386,-33.96756],[18.70409,-33.96785],[18.70432,-33.96814],[18.70476,-33.96872],[18.7052,-33.96928],[18.70555,-33.96973],[18.70588,-33.97017],[18.70591,-33.9702],[18.70671,-33.97123],[18.70713,-33.97178],[18.70755,-33.97231],[18.70834,-33.97333],[18.70913,-33.97435],[18.70954,-33.97488],[18.71032,-33.97589],[18.7111,-33.97689],[18.71204,-33.97811],[18.7128,-33.97909],[18.71377,-33.98034],[18.71423,-33.98093],[18.71463,-33.98145],[18.71698,-33.98449],[18.71745,-33.9851],[18.71824,-33.98611],[18.71904,-33.98716],[18.72017,-33.98861],[18.72078,-33.98939]]}},{"type":"Feature","properties":{"id":"way/791691987","name":"Unnamed","network":"PRASA"},"geometry":{"type":"LineString","coordinates":[[18.72078,-33.98939],[18.72148,-33.99031],[18.72267,-33.99184],[18.72335,-33.99272],[18.72404,-33.99362],[18.72459,-33.99434],[18.7249,-33.99473],[18.72547,-33.99547],[18.72594,-33.99608],[18.72607,-33.99624],[18.7264,-33.99665],[18.72676,-33.99706],[18.72686,-33.99717],[18.7271,-33.99742],[18.72743,-33.99777],[18.72775,-33.99807],[18.72806,-33.99836],[18.72843,-33.99869],[18.72884,-33.99905],[18.7289,-33.9991],[18.72914,-33.99931],[18.72929,-33.99943],[18.72945,-33.99956],[18.72955,-33.99964],[18.72963,-33.9997],[18.72979,-33.99981],[18.73011,-34.00002],[18.73036,-34.00018],[18.73078,-34.00045]]}},{"type":"Feature","properties":{"id":"way/791691988","name":"Unnamed","network":"PRASA"},"geometry":{"type":"LineString","coordinates":[[18.72073,-33.9894],[18.72144,-33.99033],[18.72263,-33.99186],[18.72331,-33.99274],[18.72401,-33.99364],[18.72439,-33.99415],[18.72482,-33.9947],[18.72514,-33.99511],[18.72543,-33.99549],[18.72585,-33.99603],[18.72591,-33.99611],[18.72604,-33.99626],[18.72606,-33.9963],[18.72636,-33.99666],[18.72649,-33.99681],[18.72658,-33.99692],[18.72673,-33.99709],[18.72686,-33.99723],[18.72706,-33.99744],[18.72739,-33.99778],[18.72773,-33.99811],[18.72802,-33.99838],[18.72832,-33.99865],[18.72869,-33.99897],[18.72901,-33.99925],[18.7292,-33.99941],[18.72943,-33.99959],[18.72951,-33.99966],[18.72961,-33.99973],[18.72979,-33.99986],[18.73009,-34.00005],[18.73076,-34.00048]]}},{"type":"Feature","properties":{"id":"way/791691989","name":"Unnamed","network":"PRASA"},"geometry":{"type":"LineString","coordinates":[[18.73076,-34.00048],[18.73122,-34.00077],[18.73167,-34.00106],[18.73197,-34.00124],[18.73226,-34.00141],[18.73244,-34.00151],[18.73268,-34.00165],[18.73294,-34.00179],[18.73309,-34.00187],[18.73331,-34.00199]]}},{"type":"Feature","properties":{"id":"way/791691990","name":"Unnamed","network":"PRASA"},"geometry":{"type":"LineString","coordinates":[[18.73078,-34.00045],[18.73168,-34.00103],[18.7318,-34.0011],[18.73195,-34.00118],[18.73223,-34.00134],[18.73239,-34.00143]]}},{"type":"Feature","properties":{"id":"way/791691992","name":"Unnamed","network":"PRASA"},"geometry":{"type":"LineString","coordinates":[[18.79268,-34.05559],[18.79368,-34.05623],[18.7946,-34.0568],[18.79575,-34.05752],[18.79615,-34.05777],[18.798,-34.05894],[18.79864,-34.05935],[18.79926,-34.05977],[18.79956,-34.05996],[18.80074,-34.06071],[18.80393,-34.06272],[18.80562,-34.06378],[18.80674,-34.06449],[18.80797,-34.06526],[18.80919,-34.06603],[18.81017,-34.06665],[18.81088,-34.0671],[18.81273,-34.06826],[18.81375,-34.0689],[18.81435,-34.06928],[18.81471,-34.06951],[18.81591,-34.07026],[18.81675,-34.07079],[18.81776,-34.07143],[18.81858,-34.07194],[18.8195,-34.07252],[18.82015,-34.07293],[18.82763,-34.07764],[18.82993,-34.07909],[18.83228,-34.08056],[18.833,-34.08097],[18.83335,-34.08116],[18.83376,-34.08136],[18.83417,-34.08156],[18.8346,-34.08175],[18.83488,-34.08187],[18.83521,-34.082],[18.83546,-34.08209],[18.83621,-34.08237],[18.83739,-34.08279],[18.83854,-34.08321],[18.83912,-34.08341],[18.8415,-34.08426]]}},{"type":"Feature","properties":{"id":"way/791691993","name":"Unnamed","network":"PRASA"},"geometry":{"type":"LineString","coordinates":[[18.8415,-34.08426],[18.84322,-34.08488],[18.84335,-34.08493],[18.84357,-34.08501],[18.84382,-34.08512],[18.84399,-34.08521],[18.84414,-34.0853],[18.84426,-34.08538],[18.84437,-34.08547],[18.84445,-34.08554],[18.84455,-34.08564],[18.84465,-34.08575],[18.84478,-34.0859],[18.84497,-34.08614],[18.84514,-34.08636]]}},{"type":"Feature","properties":{"id":"way/791691994","name":"Unnamed","network":"PRASA"},"geometry":{"type":"LineString","coordinates":[[18.85239,-34.09495],[18.85267,-34.09495],[18.85278,-34.09495],[18.85315,-34.09492],[18.85464,-34.09485]]}},{"type":"Feature","properties":{"id":"way/791691995","name":"Unnamed","network":"PRASA"},"geometry":{"type":"LineString","coordinates":[[18.77449,-33.979],[18.777,-33.97729],[18.77755,-33.97686],[18.77804,-33.97646],[18.77886,-33.97572],[18.7791,-33.97551],[18.77944,-33.9752],[18.78045,-33.97429],[18.781,-33.9738],[18.78123,-33.97359],[18.78154,-33.9733],[18.78203,-33.97287],[18.78299,-33.972],[18.78319,-33.97183],[18.78351,-33.97156],[18.78384,-33.9713],[18.78407,-33.97111],[18.78444,-33.97083],[18.78491,-33.97048],[18.78572,-33.96993],[18.78659,-33.96937],[18.78692,-33.96915],[18.78856,-33.96808],[18.78888,-33.96786],[18.79088,-33.96656],[18.79153,-33.96615],[18.79189,-33.96594],[18.79271,-33.96548],[18.7931,-33.96527],[18.7938,-33.96492],[18.79422,-33.96472],[18.79587,-33.96394],[18.79688,-33.96346],[18.79793,-33.96296]]}},{"type":"Feature","properties":{"id":"way/791691996","name":"Unnamed","network":"PRASA"},"geometry":{"type":"LineString","coordinates":[[18.80333,-33.96039],[18.80414,-33.96],[18.80507,-33.95956],[18.80552,-33.95935],[18.80686,-33.95871],[18.80821,-33.95807],[18.80901,-33.95769],[18.8106,-33.95693],[18.81493,-33.95487],[18.81512,-33.95478],[18.81576,-33.95448],[18.81722,-33.95378],[18.82122,-33.95187],[18.82479,-33.95018],[18.82489,-33.95013],[18.82609,-33.94957],[18.82687,-33.94919],[18.83008,-33.94767],[18.83415,-33.94573],[18.83463,-33.9455],[18.8352,-33.94523],[18.83571,-33.94501],[18.8365,-33.94469],[18.83701,-33.9445],[18.83747,-33.94434],[18.83785,-33.94421],[18.83865,-33.94396],[18.83903,-33.94384],[18.84016,-33.94352],[18.84085,-33.94331],[18.84149,-33.94313],[18.84233,-33.94289],[18.84298,-33.9427],[18.8436,-33.94251],[18.84399,-33.9424],[18.84429,-33.9423],[18.84455,-33.9422],[18.84481,-33.9421],[18.84494,-33.94205]]}},{"type":"Feature","properties":{"id":"way/791691997","name":"Unnamed","network":"PRASA"},"geometry":{"type":"LineString","coordinates":[[18.8496,-33.93883],[18.84975,-33.93863],[18.84995,-33.93835],[18.85006,-33.93818],[18.85024,-33.93787],[18.85047,-33.93747],[18.85056,-33.93731],[18.85085,-33.9368],[18.85102,-33.9365],[18.85136,-33.9359],[18.85152,-33.93561],[18.85163,-33.93539],[18.85172,-33.93518],[18.8518,-33.93498],[18.85198,-33.93445],[18.85203,-33.93428],[18.85205,-33.93422],[18.85238,-33.93317],[18.8527,-33.93221],[18.85301,-33.93125],[18.85343,-33.92991],[18.85372,-33.92875],[18.85378,-33.92842],[18.85389,-33.92775],[18.85394,-33.9274],[18.85399,-33.92701],[18.85403,-33.92655],[18.85406,-33.92598],[18.85408,-33.9257],[18.85412,-33.92488],[18.8541,-33.92388],[18.85402,-33.92293],[18.85376,-33.92151],[18.85373,-33.92126],[18.85367,-33.92091],[18.85337,-33.91967],[18.8531,-33.91879],[18.85278,-33.9179],[18.8522,-33.91654],[18.85171,-33.91532],[18.85116,-33.91385],[18.85002,-33.91115],[18.84954,-33.91023],[18.84881,-33.909],[18.84808,-33.90788],[18.84656,-33.90603],[18.84648,-33.90593],[18.84505,-33.90413],[18.84296,-33.90149],[18.83919,-33.89676],[18.8372,-33.89436],[18.83574,-33.89275],[18.83527,-33.89223],[18.83177,-33.8884],[18.82987,-33.88641],[18.82923,-33.88576],[18.82851,-33.88514],[18.82797,-33.88471]]}},{"type":"Feature","properties":{"id":"way/791691998","name":"Unnamed","network":"PRASA"},"geometry":{"type":"LineString","coordinates":[[18.81887,-33.87209],[18.81867,-33.87158],[18.8184,-33.87087],[18.81628,-33.86551],[18.81515,-33.86254],[18.81476,-33.86133],[18.81458,-33.86054],[18.81451,-33.8601],[18.81449,-33.85978],[18.81448,-33.85961],[18.81447,-33.85919],[18.81448,-33.85887],[18.8145,-33.85861],[18.81452,-33.85839],[18.81458,-33.85796],[18.81464,-33.85769],[18.81472,-33.85732],[18.81479,-33.8571],[18.8149,-33.85673],[18.81499,-33.85651],[18.81509,-33.85625],[18.8153,-33.85579],[18.81539,-33.85562],[18.8156,-33.85524],[18.81594,-33.85471],[18.81614,-33.85444],[18.81691,-33.85341],[18.81718,-33.85306],[18.81754,-33.85257],[18.81793,-33.85205],[18.81862,-33.85114],[18.81922,-33.85033],[18.81944,-33.85002],[18.81965,-33.84971],[18.81994,-33.84927],[18.82003,-33.84912],[18.82021,-33.84883],[18.82037,-33.84856],[18.82052,-33.8483],[18.82084,-33.8477],[18.82112,-33.84712],[18.82133,-33.84668],[18.8215,-33.84627],[18.82433,-33.83957],[18.82506,-33.8378],[18.82597,-33.83568],[18.82625,-33.83502],[18.82659,-33.83419],[18.8268,-33.8337],[18.82698,-33.8333],[18.82707,-33.83311],[18.82719,-33.83287],[18.82754,-33.83223],[18.82757,-33.83219],[18.82782,-33.83173]]}},{"type":"Feature","properties":{"id":"way/791711305","name":"Unnamed","network":"PRASA"},"geometry":{"type":"LineString","coordinates":[[18.56355,-33.95271],[18.5634,-33.95417],[18.56338,-33.95432],[18.56339,-33.95486],[18.56338,-33.955],[18.56336,-33.95523]]}},{"type":"Feature","properties":{"id":"way/791711306","name":"Unnamed","network":"PRASA"},"geometry":{"type":"LineString","coordinates":[[18.56015,-33.99294],[18.56019,-33.99244],[18.56021,-33.99214],[18.56022,-33.99198],[18.56023,-33.9918],[18.56023,-33.99167],[18.56023,-33.99147],[18.56022,-33.99126],[18.56021,-33.99118],[18.56018,-33.99091],[18.56016,-33.99079],[18.56014,-33.9906],[18.56012,-33.99049],[18.56011,-33.99035]]}},{"type":"Feature","properties":{"id":"way/791711307","name":"Unnamed","network":"PRASA"},"geometry":{"type":"LineString","coordinates":[[18.56019,-33.99292],[18.5601,-33.99414],[18.56008,-33.99426],[18.56006,-33.99445],[18.56001,-33.99475],[18.55997,-33.99499],[18.55995,-33.99511],[18.55988,-33.99552],[18.55981,-33.99588]]}},{"type":"Feature","properties":{"id":"way/791711308","name":"Unnamed","network":"PRASA"},"geometry":{"type":"LineString","coordinates":[[18.55981,-33.99282],[18.5597,-33.99421],[18.55968,-33.99455],[18.55967,-33.99472],[18.55966,-33.99505],[18.55968,-33.9954],[18.55968,-33.99566],[18.55967,-33.99575],[18.55966,-33.99594]]}},{"type":"Feature","properties":{"id":"way/791711309","name":"Unnamed","network":"PRASA"},"geometry":{"type":"LineString","coordinates":[[18.55977,-33.99281],[18.5598,-33.99241],[18.55986,-33.99172],[18.55989,-33.99125],[18.55992,-33.99092],[18.55994,-33.99058],[18.55995,-33.99042],[18.55997,-33.99014]]}},{"type":"Feature","properties":{"id":"way/791711310","name":"Unnamed","network":"PRASA"},"geometry":{"type":"LineString","coordinates":[[18.47167,-33.9889],[18.47172,-33.989],[18.47181,-33.98917],[18.47189,-33.98933],[18.47196,-33.98948]]}},{"type":"Feature","properties":{"id":"way/791711311","name":"Unnamed","network":"PRASA"},"geometry":{"type":"LineString","coordinates":[[18.47304,-33.99565],[18.47296,-33.99489],[18.47295,-33.99485]]}},{"type":"Feature","properties":{"id":"way/791888217","name":"Northern Line","network":"PRASA"},"geometry":{"type":"LineString","coordinates":[[18.50717,-33.92224],[18.5088,-33.92201],[18.50937,-33.92193],[18.50993,-33.92185],[18.51048,-33.92177],[18.5114,-33.9216],[18.512,-33.9215],[18.51325,-33.92135],[18.51353,-33.92131],[18.51417,-33.92123]]}},{"type":"Feature","properties":{"id":"way/791888218","name":"Northern Line","network":"PRASA"},"geometry":{"type":"LineString","coordinates":[[18.5075,-33.92223],[18.50883,-33.92204],[18.50941,-33.92197],[18.50999,-33.92189],[18.51049,-33.92183],[18.51057,-33.92182],[18.51072,-33.9218],[18.51087,-33.92178],[18.51107,-33.92176],[18.51146,-33.92172]]}},{"type":"Feature","properties":{"id":"way/791888219","name":"Northern Line","network":"PRASA"},"geometry":{"type":"LineString","coordinates":[[18.5148,-33.92128],[18.51345,-33.92146],[18.51246,-33.92158],[18.51155,-33.92171],[18.51146,-33.92172]]}},{"type":"Feature","properties":{"id":"way/792856979","name":"Northern Line","network":"PRASA"},"geometry":{"type":"LineString","coordinates":[[18.47908,-33.92561],[18.48029,-33.92546],[18.48127,-33.92534],[18.48157,-33.9253],[18.48194,-33.92525],[18.48237,-33.92519],[18.48293,-33.9251],[18.48364,-33.92499],[18.48432,-33.92489],[18.48564,-33.92468],[18.48713,-33.9245]]}},{"type":"Feature","properties":{"id":"way/792856981","name":"Unnamed","network":"PRASA"},"geometry":{"type":"LineString","coordinates":[[18.42822,-33.92447],[18.42853,-33.92458],[18.42887,-33.92469],[18.4293,-33.92484],[18.42995,-33.92506],[18.43067,-33.9253],[18.43089,-33.92537],[18.43111,-33.92544],[18.43128,-33.92548],[18.43144,-33.92552],[18.43161,-33.92555],[18.4318,-33.92558],[18.43193,-33.9256],[18.43212,-33.92562],[18.43226,-33.92563],[18.43256,-33.92564],[18.43299,-33.92566],[18.43346,-33.92568],[18.43387,-33.9257],[18.43407,-33.9257],[18.43724,-33.92584],[18.43768,-33.92585],[18.43793,-33.92585],[18.43831,-33.92584],[18.43863,-33.92582],[18.43895,-33.9258],[18.4396,-33.92577],[18.44033,-33.92573],[18.44069,-33.92571],[18.44106,-33.92569],[18.4418,-33.92565],[18.44243,-33.92561],[18.44284,-33.92558],[18.4439,-33.92549]]}},{"type":"Feature","properties":{"id":"way/792887246","name":"Unnamed","network":"PRASA"},"geometry":{"type":"LineString","coordinates":[[18.5631,-33.95808],[18.56273,-33.96182]]}},{"type":"Feature","properties":{"id":"way/792890708","name":"Unnamed","network":"PRASA"},"geometry":{"type":"LineString","coordinates":[[18.62072,-34.06702],[18.62105,-34.06594],[18.62116,-34.06559],[18.62124,-34.06533],[18.62133,-34.06505],[18.62136,-34.06494],[18.62141,-34.06478],[18.62153,-34.06441],[18.62162,-34.0641],[18.62169,-34.06389],[18.62173,-34.06376],[18.62183,-34.06344],[18.62198,-34.06295],[18.62211,-34.06254],[18.62219,-34.06227],[18.62248,-34.06133],[18.62259,-34.06097],[18.62271,-34.06056],[18.62276,-34.06036],[18.62281,-34.06013],[18.62286,-34.05982],[18.62287,-34.05966],[18.62289,-34.05948],[18.62289,-34.05931],[18.62289,-34.0591],[18.62288,-34.05894],[18.62284,-34.05859],[18.6228,-34.05838],[18.62278,-34.05825],[18.62271,-34.05798],[18.62261,-34.05766],[18.62256,-34.05752],[18.62249,-34.05735],[18.62242,-34.05717],[18.62232,-34.05695],[18.62222,-34.05674],[18.62171,-34.05569],[18.62143,-34.05514],[18.62115,-34.05455],[18.6209,-34.05405],[18.62066,-34.05355],[18.62037,-34.05294],[18.61978,-34.05176],[18.61948,-34.05112],[18.61907,-34.05029]]}},{"type":"Feature","properties":{"id":"way/792891921","name":"Unnamed","network":"PRASA"},"geometry":{"type":"LineString","coordinates":[[18.71013,-34.05474],[18.70957,-34.05474],[18.70829,-34.05475],[18.70746,-34.05475],[18.70717,-34.05476],[18.70704,-34.05476],[18.70648,-34.05476],[18.7059,-34.05477],[18.70526,-34.05479],[18.70517,-34.05479],[18.70504,-34.05479],[18.70486,-34.0548],[18.70444,-34.05481],[18.70402,-34.05482],[18.70347,-34.05482],[18.70336,-34.05482],[18.70287,-34.05482],[18.70263,-34.05483],[18.70174,-34.05483],[18.70088,-34.05485],[18.70013,-34.05485],[18.69936,-34.05485],[18.69898,-34.05485],[18.69886,-34.05485],[18.6986,-34.05485],[18.69833,-34.05485],[18.69801,-34.05484],[18.69788,-34.05483],[18.69731,-34.05483],[18.69662,-34.05483],[18.69621,-34.05483],[18.6957,-34.05483]]}},{"type":"Feature","properties":{"id":"way/792897468","name":"Unnamed","network":"PRASA"},"geometry":{"type":"LineString","coordinates":[[18.83187,-34.11543],[18.83183,-34.11546],[18.83177,-34.11551],[18.83162,-34.11563],[18.83144,-34.11581],[18.83132,-34.11594],[18.8312,-34.11607],[18.83108,-34.11621]]}},{"type":"Feature","properties":{"id":"way/792925196","name":"Unnamed","network":"PRASA"},"geometry":{"type":"LineString","coordinates":[[18.42531,-33.92295],[18.4264,-33.92375],[18.42678,-33.92402],[18.42693,-33.92411],[18.42709,-33.9242],[18.42715,-33.92423]]}},{"type":"Feature","properties":{"id":"way/792925197","name":"Unnamed","network":"PRASA"},"geometry":{"type":"LineString","coordinates":[[18.42533,-33.92293],[18.42643,-33.92373],[18.42681,-33.92399],[18.42695,-33.92408],[18.42712,-33.92418],[18.42723,-33.92423]]}},{"type":"Feature","properties":{"id":"way/792925198","name":"Unnamed","network":"PRASA"},"geometry":{"type":"LineString","coordinates":[[18.42542,-33.92285],[18.4273,-33.9242]]}},{"type":"Feature","properties":{"id":"way/792925199","name":"Unnamed","network":"PRASA"},"geometry":{"type":"LineString","coordinates":[[18.42544,-33.92282],[18.42732,-33.92417]]}},{"type":"Feature","properties":{"id":"way/792925200","name":"Unnamed","network":"PRASA"},"geometry":{"type":"LineString","coordinates":[[18.42554,-33.92274],[18.42743,-33.92411],[18.42756,-33.92418],[18.42774,-33.92428],[18.42783,-33.92432]]}},{"type":"Feature","properties":{"id":"way/792925201","name":"Unnamed","network":"PRASA"},"geometry":{"type":"LineString","coordinates":[[18.42556,-33.92271],[18.42743,-33.92406]]}},{"type":"Feature","properties":{"id":"way/792925202","name":"Unnamed","network":"PRASA"},"geometry":{"type":"LineString","coordinates":[[18.42565,-33.92262],[18.42738,-33.92388],[18.42751,-33.92397]]}},{"type":"Feature","properties":{"id":"way/792925203","name":"Unnamed","network":"PRASA"},"geometry":{"type":"LineString","coordinates":[[18.42568,-33.9226],[18.42741,-33.92385],[18.42753,-33.92394]]}},{"type":"Feature","properties":{"id":"way/792925204","name":"Unnamed","network":"PRASA"},"geometry":{"type":"LineString","coordinates":[[18.42577,-33.92251],[18.42763,-33.92386]]}},{"type":"Feature","properties":{"id":"way/792925205","name":"Unnamed","network":"PRASA"},"geometry":{"type":"LineString","coordinates":[[18.4258,-33.92248],[18.42765,-33.92383]]}},{"type":"Feature","properties":{"id":"way/792925206","name":"Unnamed","network":"PRASA"},"geometry":{"type":"LineString","coordinates":[[18.42591,-33.92238],[18.42762,-33.92361],[18.42794,-33.92384]]}},{"type":"Feature","properties":{"id":"way/792925207","name":"Unnamed","network":"PRASA"},"geometry":{"type":"LineString","coordinates":[[18.42601,-33.92229],[18.42789,-33.92366]]}},{"type":"Feature","properties":{"id":"way/792925208","name":"Unnamed","network":"PRASA"},"geometry":{"type":"LineString","coordinates":[[18.42603,-33.92227],[18.42792,-33.92363]]}},{"type":"Feature","properties":{"id":"way/792925209","name":"Unnamed","network":"PRASA"},"geometry":{"type":"LineString","coordinates":[[18.42613,-33.92219],[18.42796,-33.92351]]}},{"type":"Feature","properties":{"id":"way/792925210","name":"Unnamed","network":"PRASA"},"geometry":{"type":"LineString","coordinates":[[18.42616,-33.92216],[18.42796,-33.92346],[18.4282,-33.92364]]}},{"type":"Feature","properties":{"id":"way/792925213","name":"Central Line","network":"PRASA"},"geometry":{"type":"LineString","coordinates":[[18.42634,-33.92193],[18.42804,-33.92318],[18.42931,-33.92409],[18.42991,-33.92449],[18.43035,-33.92476],[18.4307,-33.92494]]}},{"type":"Feature","properties":{"id":"way/792925214","name":"Unnamed","network":"PRASA"},"geometry":{"type":"LineString","coordinates":[[18.42639,-33.92189],[18.42629,-33.92181]]}},{"type":"Feature","properties":{"id":"way/792925216","name":"Northern Line","network":"PRASA"},"geometry":{"type":"LineString","coordinates":[[18.42656,-33.92169],[18.42958,-33.92389],[18.43038,-33.92447],[18.43069,-33.92472]]}},{"type":"Feature","properties":{"id":"way/792925217","name":"Northern Line","network":"PRASA"},"geometry":{"type":"LineString","coordinates":[[18.42664,-33.92162],[18.43071,-33.92458]]}},{"type":"Feature","properties":{"id":"way/792925218","name":"Northern Line","network":"PRASA"},"geometry":{"type":"LineString","coordinates":[[18.42671,-33.92154],[18.43071,-33.92451]]}},{"type":"Feature","properties":{"id":"way/793845170","name":"Unnamed","network":"PRASA"},"geometry":{"type":"LineString","coordinates":[[18.43715,-34.14432],[18.4373,-34.14455],[18.43751,-34.14486],[18.43759,-34.14501],[18.43765,-34.14509],[18.43771,-34.14521],[18.43791,-34.14564],[18.43799,-34.14576],[18.43805,-34.14586],[18.43811,-34.14595],[18.43818,-34.14606],[18.43825,-34.14615],[18.43855,-34.14654],[18.43878,-34.14685],[18.43894,-34.14708],[18.43922,-34.14756],[18.43935,-34.14781],[18.43941,-34.14796],[18.43944,-34.14805],[18.4395,-34.14825],[18.43955,-34.14848],[18.43962,-34.14874],[18.43972,-34.14914],[18.43975,-34.14929],[18.43977,-34.14938],[18.43979,-34.14952],[18.43979,-34.14962],[18.4398,-34.14972],[18.43979,-34.14981],[18.43978,-34.14991],[18.43977,-34.15001],[18.43974,-34.15015],[18.43971,-34.15029],[18.43965,-34.15049],[18.43942,-34.15129],[18.43937,-34.15145],[18.43933,-34.15158],[18.4393,-34.15167],[18.43925,-34.15177],[18.43921,-34.15186],[18.43917,-34.15191],[18.43911,-34.15199],[18.43906,-34.15206],[18.439,-34.15213],[18.43859,-34.15257],[18.43844,-34.15273],[18.43826,-34.15293],[18.43804,-34.15317],[18.43783,-34.1534],[18.4376,-34.15364],[18.43743,-34.15383],[18.43724,-34.15403],[18.43711,-34.15418],[18.43696,-34.15435],[18.43684,-34.15451],[18.43674,-34.15465],[18.43661,-34.15486],[18.43653,-34.155],[18.43639,-34.15524],[18.43633,-34.15534],[18.43625,-34.15544],[18.43614,-34.15558],[18.43601,-34.15572],[18.43593,-34.15581],[18.43587,-34.1559],[18.43582,-34.15598],[18.43578,-34.15605],[18.43574,-34.15615],[18.43572,-34.15621],[18.43569,-34.15629],[18.43567,-34.1564],[18.43563,-34.15659],[18.43559,-34.15674],[18.43556,-34.15685],[18.43552,-34.15693],[18.43548,-34.15701],[18.43543,-34.15711],[18.43537,-34.1572],[18.43528,-34.15732],[18.43523,-34.15738],[18.43516,-34.15745],[18.43509,-34.15752],[18.43498,-34.15761],[18.43488,-34.15768],[18.43479,-34.15774],[18.43468,-34.1578],[18.43455,-34.15785],[18.43444,-34.15789],[18.43434,-34.15792],[18.4342,-34.15795],[18.43409,-34.15797],[18.43397,-34.15798],[18.43382,-34.15799],[18.43364,-34.15799],[18.43352,-34.158],[18.43339,-34.15802],[18.43329,-34.15804],[18.43314,-34.15807],[18.433,-34.15812],[18.4329,-34.15815],[18.43278,-34.15821],[18.4327,-34.15825],[18.43262,-34.1583],[18.43254,-34.15835],[18.43244,-34.15844],[18.43235,-34.15851],[18.43224,-34.15863],[18.43216,-34.15872],[18.4321,-34.15879],[18.43203,-34.15888],[18.43196,-34.15898],[18.43191,-34.15906],[18.43179,-34.15925],[18.43162,-34.15956],[18.43152,-34.15975],[18.43139,-34.15998],[18.43122,-34.16029],[18.43109,-34.16054],[18.43104,-34.16066],[18.431,-34.16075],[18.43099,-34.16082],[18.43097,-34.16086],[18.43096,-34.16094],[18.43094,-34.16104],[18.43093,-34.16116]]}},{"type":"Feature","properties":{"id":"way/793845171","name":"Central Line","network":"PRASA"},"geometry":{"type":"LineString","coordinates":[[18.48566,-33.92479],[18.48863,-33.92441],[18.48917,-33.92434],[18.48959,-33.92427],[18.49,-33.92418],[18.49034,-33.92411],[18.49072,-33.92402],[18.49171,-33.92381],[18.49216,-33.92371]]}},{"type":"Feature","properties":{"id":"way/816305602","name":"Unnamed","network":"PRASA"},"geometry":{"type":"LineString","coordinates":[[18.48704,-33.92489],[18.48818,-33.92474],[18.48848,-33.92468],[18.48869,-33.92463]]}},{"type":"Feature","properties":{"id":"way/818924777","name":"Unnamed","network":"PRASA"},"geometry":{"type":"LineString","coordinates":[[18.73086,-34.00036],[18.73178,-34.00095],[18.73191,-34.00104],[18.73201,-34.00111],[18.73212,-34.0012],[18.73222,-34.00128],[18.73229,-34.00133],[18.7324,-34.00141],[18.73252,-34.0015],[18.73263,-34.00158]]}},{"type":"Feature","properties":{"id":"way/863518188","name":"Unnamed","network":"PRASA"},"geometry":{"type":"LineString","coordinates":[[18.96462,-33.47195],[18.9644,-33.47132],[18.96413,-33.47053],[18.96396,-33.47004],[18.96392,-33.46992],[18.96374,-33.4694],[18.96351,-33.46877],[18.96276,-33.46662],[18.96241,-33.46562],[18.96208,-33.4647],[18.96201,-33.46447],[18.96186,-33.46407],[18.96152,-33.46312],[18.9612,-33.46221]]}},{"type":"Feature","properties":{"id":"way/863518189","name":"Unnamed","network":"PRASA"},"geometry":{"type":"LineString","coordinates":[[18.96473,-33.47225],[18.96462,-33.47195]]}},{"type":"Feature","properties":{"id":"way/863563831","name":"Unnamed","network":"PRASA"},"geometry":{"type":"LineString","coordinates":[[18.99265,-33.62906],[18.99266,-33.62877]]}},{"type":"Feature","properties":{"id":"way/863563832","name":"Unnamed","network":"PRASA"},"geometry":{"type":"LineString","coordinates":[[18.99202,-33.63452],[18.99213,-33.63397],[18.99228,-33.63324],[18.99239,-33.63266],[18.99243,-33.63244],[18.99246,-33.63216],[18.99248,-33.63191],[18.9925,-33.63155],[18.99253,-33.6311],[18.99255,-33.63068],[18.99256,-33.63054],[18.99258,-33.6303],[18.99259,-33.63002],[18.9926,-33.62986],[18.99262,-33.62949],[18.99264,-33.62914],[18.99265,-33.62906]]}},{"type":"Feature","properties":{"id":"way/864046446","name":"Unnamed","network":"PRASA"},"geometry":{"type":"LineString","coordinates":[[19.03201,-33.31272],[19.03263,-33.31142],[19.03296,-33.31072],[19.03337,-33.30981],[19.03421,-33.30798],[19.03448,-33.30738],[19.03479,-33.3068],[19.03499,-33.30647],[19.03516,-33.30623],[19.03575,-33.30556],[19.0361,-33.30518],[19.03652,-33.30481],[19.03681,-33.30459],[19.03727,-33.30426],[19.0378,-33.30392],[19.03941,-33.3029],[19.04164,-33.30151],[19.04274,-33.30085],[19.04364,-33.30029],[19.04467,-33.29965],[19.04535,-33.29924],[19.04716,-33.29812],[19.04786,-33.29768]]}},{"type":"Feature","properties":{"id":"way/864046449","name":"Unnamed","network":"PRASA"},"geometry":{"type":"LineString","coordinates":[[18.99644,-33.61034],[18.99651,-33.61028]]}},{"type":"Feature","properties":{"id":"way/864046450","name":"Unnamed","network":"PRASA"},"geometry":{"type":"LineString","coordinates":[[18.99266,-33.62877],[18.99269,-33.62835],[18.9927,-33.62796],[18.9927,-33.62777],[18.99269,-33.62757],[18.99267,-33.62733],[18.99265,-33.6271],[18.99263,-33.6269],[18.99259,-33.6267],[18.99255,-33.62644],[18.9925,-33.62623],[18.99246,-33.62608],[18.99238,-33.62582],[18.99231,-33.62559],[18.99224,-33.62542],[18.99215,-33.62519],[18.99202,-33.6249],[18.99183,-33.62452],[18.99172,-33.62434],[18.99155,-33.62402],[18.99108,-33.62317],[18.99068,-33.62243],[18.99026,-33.62167],[18.99002,-33.62119],[18.98988,-33.62089],[18.98979,-33.62064],[18.98972,-33.62041],[18.98966,-33.62018],[18.98961,-33.61997],[18.98957,-33.61972],[18.98955,-33.61953],[18.98953,-33.6193],[18.98952,-33.61908],[18.98953,-33.61887],[18.98953,-33.61869],[18.98955,-33.61844],[18.98958,-33.61822],[18.98961,-33.61806],[18.98965,-33.61787],[18.98971,-33.61761],[18.98977,-33.61744],[18.98984,-33.6172],[18.98991,-33.61705],[18.99002,-33.61681],[18.99017,-33.6165],[18.99027,-33.61632],[18.99039,-33.61612],[18.9905,-33.61596],[18.99058,-33.61586],[18.99069,-33.61571],[18.9908,-33.61557],[18.9909,-33.61545],[18.99106,-33.61527],[18.99121,-33.61512],[18.99137,-33.61496],[18.99159,-33.61476],[18.99196,-33.61441],[18.99246,-33.61396],[18.99277,-33.61371],[18.99307,-33.61347]]}},{"type":"Feature","properties":{"id":"way/877642342","name":"Unnamed","network":"PRASA"},"geometry":{"type":"LineString","coordinates":[[18.44702,-33.92367],[18.44719,-33.92364],[18.44726,-33.92363],[18.44758,-33.92356],[18.44783,-33.92351],[18.44804,-33.92347],[18.44827,-33.92343]]}},{"type":"Feature","properties":{"id":"way/931023413","name":"Unnamed","network":"PRASA"},"geometry":{"type":"LineString","coordinates":[[18.53279,-33.93995],[18.53312,-33.94003]]}},{"type":"Feature","properties":{"id":"way/931023414","name":"Unnamed","network":"PRASA"},"geometry":{"type":"LineString","coordinates":[[18.53312,-33.94003],[18.53348,-33.94018]]}},{"type":"Feature","properties":{"id":"way/931023415","name":"Central Line","network":"PRASA"},"geometry":{"type":"LineString","coordinates":[[18.53126,-33.93933],[18.53147,-33.93939],[18.53189,-33.93953]]}},{"type":"Feature","properties":{"id":"way/990272640","name":"Unnamed","network":"PRASA"},"geometry":{"type":"LineString","coordinates":[[18.6273,-33.90679],[18.62786,-33.90692],[18.62839,-33.90702],[18.62882,-33.90708],[18.62906,-33.90711],[18.62932,-33.90713],[18.62986,-33.90717],[18.63021,-33.9072]]}},{"type":"Feature","properties":{"id":"way/990272641","name":"Unnamed","network":"PRASA"},"geometry":{"type":"LineString","coordinates":[[18.62717,-33.90688],[18.6274,-33.90693],[18.62779,-33.90702],[18.62807,-33.90708],[18.62831,-33.90711],[18.62862,-33.90716],[18.62881,-33.90718],[18.62903,-33.9072],[18.62942,-33.90722],[18.62976,-33.90722],[18.62995,-33.90723],[18.63018,-33.90725],[18.63035,-33.90726],[18.63064,-33.90728],[18.63087,-33.9073],[18.6324,-33.90746],[18.63302,-33.90753]]}},{"type":"Feature","properties":{"id":"way/990272643","name":"Unnamed","network":"PRASA"},"geometry":{"type":"LineString","coordinates":[[18.63246,-33.90743],[18.6329,-33.90748],[18.63309,-33.9075],[18.63342,-33.90753],[18.63361,-33.90756],[18.6339,-33.90759],[18.63436,-33.90768],[18.635,-33.90783],[18.63693,-33.90834],[18.63787,-33.9086],[18.63863,-33.9088],[18.63947,-33.90902],[18.64178,-33.90964],[18.64237,-33.90979],[18.64754,-33.91117],[18.65338,-33.91273],[18.65416,-33.91294],[18.65727,-33.91377]]}},{"type":"Feature","properties":{"id":"way/990298751","name":"Unnamed","network":"PRASA"},"geometry":{"type":"LineString","coordinates":[[18.48844,-33.92461],[18.48866,-33.92457],[18.48922,-33.92447],[18.48971,-33.92438],[18.49004,-33.92431],[18.4904,-33.92425],[18.49081,-33.92417],[18.49107,-33.92412],[18.49143,-33.92406],[18.4918,-33.92401]]}},{"type":"Feature","properties":{"id":"way/990487675","name":"Central Line","network":"PRASA"},"geometry":{"type":"LineString","coordinates":[[18.52862,-33.93858],[18.52836,-33.93849],[18.5281,-33.9384],[18.52789,-33.93832],[18.52763,-33.93821],[18.52747,-33.93814],[18.52733,-33.93809],[18.52718,-33.93803],[18.52687,-33.93792],[18.52663,-33.93784]]}},{"type":"Feature","properties":{"id":"way/990504387","name":"Central Line","network":"PRASA"},"geometry":{"type":"LineString","coordinates":[[18.53411,-33.94022],[18.53394,-33.94018],[18.53349,-33.94007],[18.53313,-33.93998],[18.53267,-33.93985]]}},{"type":"Feature","properties":{"id":"way/990504388","name":"Unnamed","network":"PRASA"},"geometry":{"type":"LineString","coordinates":[[18.53267,-33.93985],[18.53312,-33.94003]]}},{"type":"Feature","properties":{"id":"way/990829472","name":"Northern Line","network":"PRASA"},"geometry":{"type":"LineString","coordinates":[[18.6273,-33.90679],[18.62665,-33.90664],[18.62539,-33.90635]]}},{"type":"Feature","properties":{"id":"way/990829473","name":"Central Line","network":"PRASA"},"geometry":{"type":"LineString","coordinates":[[18.65727,-33.91377],[18.65749,-33.91384],[18.65765,-33.9139]]}},{"type":"Feature","properties":{"id":"way/990858002","name":"Unnamed","network":"PRASA"},"geometry":{"type":"LineString","coordinates":[[18.56351,-33.95263],[18.56362,-33.95151],[18.56366,-33.95117],[18.56368,-33.95098]]}},{"type":"Feature","properties":{"id":"way/990858003","name":"Unnamed","network":"PRASA"},"geometry":{"type":"LineString","coordinates":[[18.56368,-33.95142],[18.56367,-33.95148],[18.56355,-33.95271]]}},{"type":"Feature","properties":{"id":"way/990876816","name":"Unnamed","network":"PRASA"},"geometry":{"type":"LineString","coordinates":[[18.5803,-34.01372],[18.58047,-34.01371],[18.5806,-34.0137]]}},{"type":"Feature","properties":{"id":"way/990876817","name":"Unnamed","network":"PRASA"},"geometry":{"type":"LineString","coordinates":[[18.58128,-34.0136],[18.58148,-34.01358]]}},{"type":"Feature","properties":{"id":"way/990904539","name":"Unnamed","network":"PRASA"},"geometry":{"type":"LineString","coordinates":[[18.97105,-33.43573],[18.96936,-33.43732],[18.96863,-33.43799],[18.96794,-33.43861],[18.96766,-33.43888],[18.96701,-33.43946],[18.96668,-33.43974],[18.96634,-33.44004],[18.96602,-33.44032],[18.96582,-33.44048],[18.96561,-33.44068]]}},{"type":"Feature","properties":{"id":"way/990933316","name":"Central Line","network":"PRASA"},"geometry":{"type":"LineString","coordinates":[[18.52603,-33.93761],[18.52653,-33.93777],[18.52687,-33.93789],[18.52795,-33.93824],[18.52856,-33.93844],[18.52874,-33.9385],[18.53003,-33.93892],[18.53098,-33.93923],[18.53126,-33.93933]]}},{"type":"Feature","properties":{"id":"way/1063054825","name":"Northern Line","network":"PRASA"},"geometry":{"type":"LineString","coordinates":[[18.48933,-33.91656],[18.48901,-33.91664],[18.48851,-33.91676],[18.48824,-33.91682],[18.488,-33.91688]]}},{"type":"Feature","properties":{"id":"way/1063054826","name":"Northern Line","network":"PRASA"},"geometry":{"type":"LineString","coordinates":[[18.48746,-33.91697],[18.48801,-33.91684],[18.48822,-33.91679],[18.48848,-33.91673],[18.489,-33.9166],[18.48961,-33.91646],[18.48967,-33.91645]]}},{"type":"Feature","properties":{"id":"way/1063054827","name":"Unnamed","network":"PRASA"},"geometry":{"type":"LineString","coordinates":[[18.48984,-33.91647],[18.48967,-33.9165],[18.48933,-33.91656]]}},{"type":"Feature","properties":{"id":"way/1064228642","name":"Unnamed","network":"PRASA"},"geometry":{"type":"LineString","coordinates":[[18.47115,-33.93683],[18.47107,-33.9364]]}},{"type":"Feature","properties":{"id":"way/1064228644","name":"Unnamed","network":"PRASA"},"geometry":{"type":"LineString","coordinates":[[18.46702,-33.97653],[18.46705,-33.9763],[18.46707,-33.97615]]}},{"type":"Feature","properties":{"id":"way/1064228645","name":"Unnamed","network":"PRASA"},"geometry":{"type":"LineString","coordinates":[[18.46707,-33.97615],[18.4671,-33.97597],[18.46711,-33.97583],[18.46712,-33.97568],[18.46712,-33.97543],[18.46711,-33.97509],[18.46711,-33.97493],[18.46713,-33.97477]]}},{"type":"Feature","properties":{"id":"way/1064228649","name":"Unnamed","network":"PRASA"},"geometry":{"type":"LineString","coordinates":[[18.4377,-34.13254],[18.43746,-34.13269],[18.43584,-34.1337],[18.43457,-34.1345],[18.43433,-34.13467],[18.43399,-34.13494],[18.43388,-34.13505]]}},{"type":"Feature","properties":{"id":"way/1064228650","name":"Unnamed","network":"PRASA"},"geometry":{"type":"LineString","coordinates":[[18.43193,-34.13853],[18.43185,-34.1387],[18.43168,-34.1391]]}},{"type":"Feature","properties":{"id":"way/1064228651","name":"Unnamed","network":"PRASA"},"geometry":{"type":"LineString","coordinates":[[18.42506,-34.1839],[18.42505,-34.18406],[18.42505,-34.18421],[18.42504,-34.18428],[18.42506,-34.1845],[18.42509,-34.18467],[18.42511,-34.18482],[18.42516,-34.18516],[18.42519,-34.18532],[18.42523,-34.18552],[18.42535,-34.18606],[18.4254,-34.18624],[18.42556,-34.18696],[18.42559,-34.18713],[18.42561,-34.18723],[18.42563,-34.18737]]}},{"type":"Feature","properties":{"id":"way/1097862607","name":"Unnamed","network":"PRASA"},"geometry":{"type":"LineString","coordinates":[[18.44371,-33.92539],[18.44407,-33.92537]]}},{"type":"Feature","properties":{"id":"way/1098400599","name":"Unnamed","network":"PRASA"},"geometry":{"type":"LineString","coordinates":[[18.73239,-34.00143],[18.73252,-34.0015],[18.73265,-34.00157],[18.7328,-34.00165],[18.73301,-34.00177],[18.73313,-34.00184],[18.7333,-34.00193],[18.7334,-34.00199],[18.7335,-34.00205],[18.73376,-34.00222],[18.73401,-34.00238]]}},{"type":"Feature","properties":{"id":"way/1098419469","name":"Unnamed","network":"PRASA"},"geometry":{"type":"LineString","coordinates":[[18.62487,-33.90604],[18.62509,-33.9061],[18.62538,-33.90616],[18.62541,-33.90617],[18.62605,-33.90632],[18.62706,-33.90655],[18.62781,-33.90672]]}},{"type":"Feature","properties":{"id":"way/1098419470","name":"Unnamed","network":"PRASA"},"geometry":{"type":"LineString","coordinates":[[18.63052,-33.90708],[18.63091,-33.90716],[18.63098,-33.90717],[18.63109,-33.90719]]}},{"type":"Feature","properties":{"id":"way/1098419474","name":"Unnamed","network":"PRASA"},"geometry":{"type":"LineString","coordinates":[[18.63238,-33.90742],[18.63224,-33.9074],[18.63217,-33.90739],[18.63198,-33.90735],[18.63146,-33.90725],[18.63137,-33.90723],[18.63128,-33.90721],[18.63118,-33.9072]]}},{"type":"Feature","properties":{"id":"way/1098419475","name":"Unnamed","network":"PRASA"},"geometry":{"type":"LineString","coordinates":[[18.63307,-33.9074],[18.63296,-33.90738],[18.63289,-33.90737],[18.6327,-33.90733],[18.63263,-33.90732],[18.63252,-33.9073]]}},{"type":"Feature","properties":{"id":"way/1098419485","name":"Northern Line","network":"PRASA"},"geometry":{"type":"LineString","coordinates":[[18.62539,-33.90635],[18.62535,-33.90634],[18.62515,-33.90629],[18.62481,-33.90619],[18.62438,-33.90604],[18.62417,-33.90596],[18.62382,-33.90582]]}},{"type":"Feature","properties":{"id":"way/1098419486","name":"Unnamed","network":"PRASA"},"geometry":{"type":"LineString","coordinates":[[18.62251,-33.90519],[18.62263,-33.90522],[18.6227,-33.90524],[18.62311,-33.90534],[18.62385,-33.90552],[18.62453,-33.90568],[18.62504,-33.9058],[18.62548,-33.9059],[18.6255,-33.9059],[18.62581,-33.90598],[18.62946,-33.90682],[18.62982,-33.9069],[18.63014,-33.90699],[18.63038,-33.90705]]}},{"type":"Feature","properties":{"id":"way/1098423028","name":"Northern Line","network":"PRASA"},"geometry":{"type":"LineString","coordinates":[[18.63052,-33.90708],[18.63064,-33.9071],[18.63072,-33.90711],[18.63155,-33.9072]]}},{"type":"Feature","properties":{"id":"way/1152880465","name":"Unnamed","network":"PRASA"},"geometry":{"type":"LineString","coordinates":[[18.63021,-33.9072],[18.63038,-33.90722],[18.63058,-33.90724],[18.631,-33.90728],[18.63144,-33.90733],[18.63153,-33.90733],[18.63238,-33.90742],[18.63246,-33.90743]]}},{"type":"Feature","properties":{"id":"way/1216255059","name":"Unnamed","network":"PRASA"},"geometry":{"type":"LineString","coordinates":[[18.71338,-33.77779],[18.71339,-33.77774],[18.71364,-33.77688],[18.7142,-33.7749],[18.71483,-33.77268],[18.71499,-33.77212],[18.71515,-33.77156],[18.71549,-33.77039],[18.71608,-33.76831],[18.71667,-33.76623],[18.71743,-33.76356],[18.71753,-33.76323],[18.71761,-33.76295],[18.71843,-33.76008],[18.71857,-33.75959],[18.71867,-33.75916],[18.7187,-33.75905],[18.71873,-33.75888],[18.71875,-33.75873],[18.71878,-33.75853],[18.71879,-33.75836],[18.71881,-33.75803],[18.71882,-33.7578],[18.71881,-33.75756],[18.71879,-33.75733],[18.71878,-33.7572],[18.71875,-33.75699],[18.71872,-33.75678],[18.71868,-33.7566],[18.71864,-33.75641],[18.71859,-33.7562],[18.71852,-33.75598],[18.71845,-33.75577],[18.71839,-33.75562],[18.71831,-33.75542],[18.71824,-33.75527],[18.71813,-33.75503],[18.718,-33.75479],[18.71792,-33.75462],[18.71767,-33.75417],[18.71694,-33.75282],[18.71608,-33.75123],[18.71582,-33.75074],[18.71511,-33.74942],[18.71438,-33.74808],[18.71416,-33.74765],[18.71397,-33.7473],[18.71383,-33.74702],[18.71369,-33.74674],[18.71354,-33.74636],[18.71344,-33.74607],[18.7133,-33.74565],[18.71306,-33.74485],[18.71277,-33.74387],[18.71242,-33.74284],[18.71225,-33.7423],[18.71209,-33.74178],[18.71172,-33.74057],[18.71121,-33.73896],[18.71103,-33.73832],[18.71091,-33.73798],[18.71083,-33.73766],[18.71071,-33.73718],[18.70958,-33.73185],[18.7085,-33.72673],[18.70798,-33.72433],[18.70796,-33.72422],[18.70778,-33.72337],[18.70761,-33.72256],[18.70751,-33.72212],[18.70741,-33.72161],[18.7073,-33.72114],[18.70718,-33.72056],[18.70707,-33.72004],[18.70697,-33.71959],[18.70683,-33.71893],[18.70671,-33.71836],[18.70657,-33.7177],[18.70646,-33.71715],[18.70636,-33.71668],[18.70618,-33.71585],[18.70611,-33.71552],[18.70606,-33.71518],[18.70604,-33.715],[18.70602,-33.71484],[18.70601,-33.71467],[18.706,-33.7145],[18.706,-33.71431],[18.70601,-33.71409],[18.70601,-33.71395],[18.70603,-33.71374],[18.70607,-33.71331],[18.7061,-33.71299],[18.70614,-33.71265],[18.70619,-33.71213],[18.70626,-33.71138],[18.70631,-33.7109],[18.70637,-33.71033],[18.7064,-33.71008],[18.70645,-33.70958],[18.70648,-33.70924]]}},{"type":"Feature","properties":{"id":"way/1216255060","name":"Unnamed","network":"PRASA"},"geometry":{"type":"LineString","coordinates":[[18.71336,-33.77785],[18.71338,-33.77779]]}},{"type":"Feature","properties":{"id":"way/1229003616","name":"Unnamed","network":"PRASA"},"geometry":{"type":"LineString","coordinates":[[18.97202,-33.43482],[18.97254,-33.43433],[18.97337,-33.43356],[18.97368,-33.43326],[18.97472,-33.43229],[18.97491,-33.43211],[18.97559,-33.43147],[18.97603,-33.43106],[18.97647,-33.43064],[18.97684,-33.4303],[18.97818,-33.42908],[18.98026,-33.42718],[18.98064,-33.42684],[18.98099,-33.42653],[18.98212,-33.42549],[18.9827,-33.42495]]}},{"type":"Feature","properties":{"id":"way/1229003617","name":"Unnamed","network":"PRASA"},"geometry":{"type":"LineString","coordinates":[[19.01539,-33.36656],[19.0155,-33.36618],[19.01559,-33.36589],[19.01575,-33.36534],[19.01587,-33.36493],[19.016,-33.36447],[19.01605,-33.36431],[19.01612,-33.36404],[19.01617,-33.36383],[19.01729,-33.35838],[19.01735,-33.35807],[19.0174,-33.35786],[19.01759,-33.35691],[19.01789,-33.35546],[19.01819,-33.35396]]}},{"type":"Feature","properties":{"id":"way/1229003618","name":"Unnamed","network":"PRASA"},"geometry":{"type":"LineString","coordinates":[[19.04802,-33.29759],[19.04945,-33.2967],[19.05243,-33.29487],[19.05331,-33.29443],[19.05376,-33.29428],[19.05436,-33.29414],[19.05456,-33.29412],[19.05485,-33.29409],[19.05512,-33.29407],[19.05534,-33.29407],[19.05553,-33.29407],[19.05572,-33.29408],[19.05598,-33.29411],[19.05626,-33.29414],[19.05651,-33.29419],[19.05677,-33.29425],[19.05702,-33.29433],[19.05721,-33.2944],[19.05746,-33.2945],[19.05771,-33.29461],[19.05794,-33.29473],[19.05826,-33.2949],[19.05875,-33.29516],[19.05929,-33.29545],[19.05965,-33.29565],[19.0599,-33.29581],[19.06009,-33.29594],[19.06029,-33.2961],[19.06042,-33.29622],[19.06058,-33.29638],[19.06071,-33.29654],[19.06089,-33.29678],[19.0611,-33.29709],[19.06163,-33.29787],[19.06205,-33.29849]]}},{"type":"Feature","properties":{"id":"way/1229003620","name":"Unnamed","network":"PRASA"},"geometry":{"type":"LineString","coordinates":[[19.01819,-33.35396],[19.01856,-33.35217],[19.01927,-33.34864],[19.01984,-33.34585],[19.02073,-33.34153],[19.022,-33.33526],[19.02214,-33.33462],[19.02222,-33.33436],[19.02234,-33.33395],[19.02247,-33.33356],[19.02258,-33.33327],[19.02276,-33.33286],[19.02328,-33.33174],[19.02745,-33.32265],[19.02843,-33.3205],[19.02892,-33.31943],[19.02961,-33.31792],[19.03201,-33.31272]]}},{"type":"Feature","properties":{"id":"way/1233181995","name":"Unnamed","network":"PRASA"},"geometry":{"type":"LineString","coordinates":[[19.14644,-33.35969],[19.14719,-33.36034],[19.14821,-33.36121],[19.14931,-33.36214],[19.14944,-33.36226],[19.14963,-33.36241],[19.14981,-33.36253],[19.14996,-33.3626],[19.15012,-33.36267],[19.15035,-33.36274],[19.15068,-33.36282],[19.15094,-33.36288],[19.15118,-33.36293],[19.1514,-33.36298],[19.15163,-33.36305],[19.15181,-33.36311],[19.15199,-33.3632],[19.15215,-33.36331],[19.15235,-33.36347],[19.15251,-33.36366],[19.15269,-33.36386],[19.15303,-33.36437],[19.15359,-33.36519],[19.15417,-33.36602],[19.15475,-33.36686],[19.15497,-33.36717],[19.15528,-33.36749],[19.15584,-33.36794],[19.15616,-33.36809],[19.15652,-33.36823],[19.15689,-33.36836],[19.1572,-33.36846],[19.15757,-33.36858]]}},{"type":"Feature","properties":{"id":"way/1233181998","name":"Unnamed","network":"PRASA"},"geometry":{"type":"LineString","coordinates":[[19.15757,-33.36858],[19.15788,-33.36867],[19.15876,-33.36896],[19.15954,-33.36915],[19.16017,-33.36922],[19.16084,-33.36922],[19.16162,-33.36917],[19.16262,-33.36903],[19.16285,-33.369],[19.16314,-33.36898],[19.16338,-33.36899],[19.16352,-33.36899],[19.1637,-33.36901],[19.16399,-33.36905],[19.16435,-33.36913],[19.16503,-33.36928],[19.16652,-33.36964],[19.16744,-33.36992],[19.16787,-33.37008],[19.16813,-33.37019],[19.16841,-33.37031],[19.16864,-33.37041],[19.16919,-33.37068],[19.16956,-33.37087],[19.16997,-33.37109],[19.17044,-33.37135],[19.17082,-33.37157],[19.17102,-33.37169],[19.17124,-33.37184],[19.17141,-33.37196],[19.17161,-33.37215],[19.17198,-33.37255],[19.17295,-33.37394],[19.17365,-33.37493],[19.1742,-33.37568],[19.17468,-33.37634],[19.17521,-33.37703],[19.17578,-33.37777],[19.17637,-33.37853],[19.17671,-33.37896],[19.17696,-33.37931],[19.17717,-33.37965],[19.17723,-33.37977],[19.17729,-33.37989],[19.17741,-33.38016],[19.17754,-33.38048]]}},{"type":"Feature","properties":{"id":"way/1233181999","name":"Unnamed","network":"PRASA"},"geometry":{"type":"LineString","coordinates":[[19.14629,-33.35956],[19.14644,-33.35969]]}},{"type":"Feature","properties":{"id":"way/1233540025","name":"Unnamed","network":"PRASA"},"geometry":{"type":"LineString","coordinates":[[19.37184,-33.62354],[19.37204,-33.6237],[19.37277,-33.62421],[19.37359,-33.62476],[19.37523,-33.62586],[19.37571,-33.62618],[19.37644,-33.62668],[19.37798,-33.62772],[19.37882,-33.62828],[19.37955,-33.62877],[19.37995,-33.62899]]}},{"type":"Feature","properties":{"id":"way/1233540026","name":"Unnamed","network":"PRASA"},"geometry":{"type":"LineString","coordinates":[[19.31885,-33.60862],[19.31944,-33.60882],[19.32007,-33.60904],[19.32214,-33.60971],[19.32603,-33.611],[19.3269,-33.61128],[19.32704,-33.61133],[19.32817,-33.61171],[19.33042,-33.61245],[19.33225,-33.61305],[19.33318,-33.61335],[19.33703,-33.61462],[19.33966,-33.61549],[19.34445,-33.61707],[19.3497,-33.61879],[19.35255,-33.61974],[19.3529,-33.61985],[19.35327,-33.61996],[19.35355,-33.62003],[19.35395,-33.62012],[19.35425,-33.62018],[19.35492,-33.62027],[19.35758,-33.6206],[19.35774,-33.62062],[19.35883,-33.62076],[19.35934,-33.62082],[19.36112,-33.62104],[19.36255,-33.62122],[19.36519,-33.62154],[19.36693,-33.62175],[19.36749,-33.62183],[19.36788,-33.62189],[19.3683,-33.62197],[19.36862,-33.62205],[19.36885,-33.62211],[19.36903,-33.62216],[19.36929,-33.62224],[19.36961,-33.62236],[19.36998,-33.6225],[19.37011,-33.62255],[19.37049,-33.62273],[19.37119,-33.6231],[19.37184,-33.62354]]}},{"type":"Feature","properties":{"id":"way/1234298129","name":"Unnamed","network":"PRASA"},"geometry":{"type":"LineString","coordinates":[[18.77047,-33.982],[18.7708,-33.98174],[18.77098,-33.98158],[18.77115,-33.98143],[18.77157,-33.9811],[18.7722,-33.98062],[18.77264,-33.98031],[18.77326,-33.97988],[18.77376,-33.97954],[18.77394,-33.97942],[18.77405,-33.97934],[18.77449,-33.979]]}},{"type":"Feature","properties":{"id":"way/1241189270","name":"Unnamed","network":"PRASA"},"geometry":{"type":"LineString","coordinates":[[18.58357,-33.90991],[18.58396,-33.90987]]}},{"type":"Feature","properties":{"id":"way/1244943151","name":"Unnamed","network":"PRASA"},"geometry":{"type":"LineString","coordinates":[[18.99307,-33.61347],[18.99331,-33.61324],[18.99366,-33.61292],[18.99403,-33.61258],[18.99436,-33.61227],[18.9948,-33.61186],[18.9952,-33.6115],[18.99559,-33.61113],[18.99609,-33.61067],[18.99644,-33.61034]]}},{"type":"Feature","properties":{"id":"way/1245191019","name":"Unnamed","network":"PRASA"},"geometry":{"type":"LineString","coordinates":[[18.71092,-33.47653],[18.71112,-33.47634]]}},{"type":"Feature","properties":{"id":"way/1245376573","name":"Unnamed","network":"PRASA"},"geometry":{"type":"LineString","coordinates":[[18.82072,-33.87645],[18.82055,-33.87615],[18.82035,-33.87576],[18.82017,-33.87538],[18.82009,-33.8752],[18.82,-33.875],[18.8197,-33.87421],[18.81957,-33.87388]]}},{"type":"Feature","properties":{"id":"way/1245376574","name":"Unnamed","network":"PRASA"},"geometry":{"type":"LineString","coordinates":[[18.81957,-33.87388],[18.8193,-33.8732],[18.8192,-33.87294],[18.81887,-33.87209]]}},{"type":"Feature","properties":{"id":"way/1245376577","name":"Unnamed","network":"PRASA"},"geometry":{"type":"LineString","coordinates":[[18.82072,-33.87645],[18.82062,-33.87624],[18.82058,-33.87613],[18.82053,-33.87601],[18.82043,-33.87581],[18.82031,-33.87557],[18.82022,-33.87538],[18.82006,-33.87503],[18.81942,-33.8734],[18.81935,-33.8732],[18.81924,-33.87292],[18.81914,-33.87267],[18.81905,-33.87245],[18.81897,-33.87229],[18.81887,-33.87209]]}},{"type":"Feature","properties":{"id":"way/1245421244","name":"Unnamed","network":"PRASA"},"geometry":{"type":"LineString","coordinates":[[19.43586,-33.64027],[19.43671,-33.64019],[19.43782,-33.64003],[19.43892,-33.6399],[19.43935,-33.63984],[19.43985,-33.63978],[19.44115,-33.6396]]}},{"type":"Feature","properties":{"id":"way/1245421292","name":"Unnamed","network":"PRASA"},"geometry":{"type":"LineString","coordinates":[[19.42243,-33.63858],[19.42276,-33.63862],[19.42303,-33.63866],[19.4235,-33.63869],[19.42449,-33.63876],[19.42481,-33.63879],[19.42504,-33.63881],[19.42525,-33.63884],[19.42546,-33.63887],[19.42573,-33.63892],[19.42608,-33.63899],[19.42648,-33.63909],[19.4273,-33.63927],[19.42796,-33.63942],[19.42907,-33.63967],[19.43045,-33.63998],[19.43088,-33.64008],[19.43139,-33.64019],[19.43207,-33.64034],[19.4326,-33.64044],[19.43289,-33.64048],[19.43314,-33.6405],[19.43342,-33.64051],[19.43362,-33.64051],[19.43388,-33.6405],[19.43422,-33.64047],[19.43465,-33.64041],[19.43528,-33.64035],[19.43559,-33.64031],[19.43586,-33.64027]]}},{"type":"Feature","properties":{"id":"way/1245421313","name":"Unnamed","network":"PRASA"},"geometry":{"type":"LineString","coordinates":[[19.38676,-33.63358],[19.38751,-33.63409]]}},{"type":"Feature","properties":{"id":"way/1245421314","name":"Unnamed","network":"PRASA"},"geometry":{"type":"LineString","coordinates":[[19.37995,-33.62899],[19.38052,-33.62938],[19.38318,-33.63117],[19.38351,-33.63139],[19.38676,-33.63358]]}},{"type":"Feature","properties":{"id":"way/1245423283","name":"Unnamed","network":"PRASA"},"geometry":{"type":"LineString","coordinates":[[18.79995,-33.96199],[18.80129,-33.96136],[18.80333,-33.96039]]}},{"type":"Feature","properties":{"id":"way/1245423284","name":"Unnamed","network":"PRASA"},"geometry":{"type":"LineString","coordinates":[[18.77127,-33.98129],[18.7718,-33.98087],[18.77214,-33.98062],[18.77245,-33.98039],[18.77281,-33.98014],[18.77378,-33.97947],[18.77449,-33.979]]}},{"type":"Feature","properties":{"id":"way/1245423285","name":"Unnamed","network":"PRASA"},"geometry":{"type":"LineString","coordinates":[[18.79793,-33.96296],[18.7988,-33.96255],[18.79995,-33.96199]]}},{"type":"Feature","properties":{"id":"way/1267911132","name":"Unnamed","network":"PRASA"},"geometry":{"type":"LineString","coordinates":[[18.98502,-33.67872],[18.98505,-33.67834],[18.9851,-33.67785],[18.98514,-33.67736],[18.98518,-33.67689],[18.98521,-33.67651],[18.98525,-33.67612],[18.98528,-33.67575],[18.98532,-33.67529],[18.98534,-33.67503],[18.98538,-33.67455],[18.98541,-33.67429],[18.98542,-33.67407]]}},{"type":"Feature","properties":{"id":"way/1267911133","name":"Unnamed","network":"PRASA"},"geometry":{"type":"LineString","coordinates":[[18.98502,-33.67877],[18.98502,-33.67872]]}},{"type":"Feature","properties":{"id":"way/1297366915","name":"Unnamed","network":"PRASA"},"geometry":{"type":"LineString","coordinates":[[18.73331,-34.00199],[18.73351,-34.00212],[18.73359,-34.00217],[18.73366,-34.00222],[18.73375,-34.00229],[18.73382,-34.00236],[18.73387,-34.00241],[18.73395,-34.00251],[18.73401,-34.0026],[18.73407,-34.00271],[18.7341,-34.00277],[18.73414,-34.00287],[18.73418,-34.00302],[18.73426,-34.00332],[18.73432,-34.00358],[18.73439,-34.00386],[18.73446,-34.00415],[18.73456,-34.00458],[18.73467,-34.00502],[18.73478,-34.00545],[18.73488,-34.00587],[18.73491,-34.00602]]}},{"type":"Feature","properties":{"id":"way/1297366916","name":"Unnamed","network":"PRASA"},"geometry":{"type":"LineString","coordinates":[[18.73491,-34.00602],[18.73496,-34.00621]]}},{"type":"Feature","properties":{"id":"way/1313331878","name":"Northern Line","network":"PRASA"},"geometry":{"type":"LineString","coordinates":[[18.62213,-33.90545],[18.62221,-33.90546],[18.62265,-33.90551]]}},{"type":"Feature","properties":{"id":"way/1313331879","name":"Unnamed","network":"PRASA"},"geometry":{"type":"LineString","coordinates":[[18.62265,-33.90551],[18.62304,-33.90557]]}},{"type":"Feature","properties":{"id":"way/1313535239","name":"Northern Line","network":"PRASA"},"geometry":{"type":"LineString","coordinates":[[18.63211,-33.90726],[18.63233,-33.90728],[18.63252,-33.9073]]}},{"type":"Feature","properties":{"id":"way/1313535240","name":"Unnamed","network":"PRASA"},"geometry":{"type":"LineString","coordinates":[[18.63118,-33.9072],[18.63232,-33.90732],[18.63275,-33.90736],[18.63307,-33.9074]]}},{"type":"Feature","properties":{"id":"way/1313540230","name":"Northern Line","network":"PRASA"},"geometry":{"type":"LineString","coordinates":[[18.63038,-33.90705],[18.63052,-33.90708]]}},{"type":"Feature","properties":{"id":"way/1313540231","name":"Unnamed","network":"PRASA"},"geometry":{"type":"LineString","coordinates":[[18.63109,-33.90719],[18.63118,-33.9072]]}},{"type":"Feature","properties":{"id":"way/1314435651","name":"Northern Line","network":"PRASA"},"geometry":{"type":"LineString","coordinates":[[18.62251,-33.90519],[18.62325,-33.90531],[18.62369,-33.90538],[18.62385,-33.90541],[18.62391,-33.90542],[18.62441,-33.90554],[18.62515,-33.90571],[18.62553,-33.9058],[18.62585,-33.90587]]}},{"type":"Feature","properties":{"id":"way/1339178818","name":"Unnamed","network":"PRASA"},"geometry":{"type":"LineString","coordinates":[[19.26045,-33.57073],[19.26095,-33.57115],[19.26098,-33.57118],[19.26334,-33.57318],[19.2657,-33.57519],[19.26887,-33.57782],[19.27001,-33.57878],[19.2708,-33.57945],[19.2723,-33.58071],[19.27338,-33.58162],[19.27434,-33.58244],[19.27461,-33.58268],[19.27494,-33.58301],[19.27539,-33.58348],[19.27635,-33.58453],[19.27707,-33.58531],[19.27753,-33.58583],[19.27841,-33.58677],[19.27883,-33.58724],[19.27928,-33.58771],[19.27974,-33.58822],[19.28042,-33.58895],[19.28193,-33.59059],[19.28268,-33.5914],[19.28504,-33.59396],[19.28568,-33.59466],[19.28637,-33.59541],[19.28839,-33.59759],[19.28864,-33.59784],[19.28888,-33.59806],[19.2892,-33.59832],[19.28954,-33.59856],[19.28998,-33.59885],[19.2904,-33.59909],[19.29087,-33.59933],[19.29121,-33.59948],[19.29175,-33.59969],[19.29284,-33.60005],[19.29587,-33.60104],[19.30066,-33.60263],[19.30793,-33.60502],[19.30985,-33.60566],[19.31612,-33.60773],[19.3185,-33.60851],[19.31857,-33.60853]]}},{"type":"Feature","properties":{"id":"way/1339178819","name":"Unnamed","network":"PRASA"},"geometry":{"type":"LineString","coordinates":[[19.2604,-33.57069],[19.26045,-33.57073]]}},{"type":"Feature","properties":{"id":"way/1429902677","name":"Unnamed","network":"PRASA"},"geometry":{"type":"LineString","coordinates":[[18.82793,-33.88467],[18.82734,-33.88417],[18.82656,-33.88345],[18.82537,-33.8821],[18.82345,-33.87993],[18.82239,-33.87876],[18.82206,-33.87838],[18.82174,-33.87798],[18.82152,-33.87769],[18.82121,-33.87725],[18.82085,-33.87666],[18.82072,-33.87645]]}},{"type":"Feature","properties":{"id":"way/1429902678","name":"Unnamed","network":"PRASA"},"geometry":{"type":"LineString","coordinates":[[18.82797,-33.88471],[18.82793,-33.88467]]}},{"type":"Feature","properties":{"id":"way/1503906559","name":"Unnamed","network":"PRASA"},"geometry":{"type":"LineString","coordinates":[[18.42831,-33.92465],[18.42805,-33.92453]]}},{"type":"Feature","properties":{"id":"way/1517087305","name":"Unnamed","network":"PRASA"},"geometry":{"type":"LineString","coordinates":[[18.56314,-33.95625],[18.56318,-33.95587],[18.56323,-33.95535],[18.56327,-33.95501],[18.5633,-33.95467],[18.56334,-33.95434],[18.56336,-33.95408],[18.56345,-33.95326],[18.56351,-33.95263]]}},{"type":"Feature","properties":{"id":"way/1517087308","name":"Unnamed","network":"PRASA"},"geometry":{"type":"LineString","coordinates":[[18.56417,-34.00522],[18.56425,-34.00549],[18.56439,-34.00596],[18.56446,-34.00619],[18.56459,-34.00661],[18.56468,-34.00695],[18.56471,-34.00703],[18.56481,-34.00738]]}},{"type":"Feature","properties":{"id":"way/1517087309","name":"Unnamed","network":"PRASA"},"geometry":{"type":"LineString","coordinates":[[18.56466,-34.00701],[18.56454,-34.00663],[18.56447,-34.00639],[18.56445,-34.00631],[18.5644,-34.00615],[18.56426,-34.00567],[18.5642,-34.00549],[18.56413,-34.00523]]}},{"type":"Feature","properties":{"id":"way/1517087310","name":"Unnamed","network":"PRASA"},"geometry":{"type":"LineString","coordinates":[[18.56061,-34.00039],[18.56082,-34.00064],[18.56203,-34.00195],[18.56224,-34.0022]]}},{"type":"Feature","properties":{"id":"way/1517087311","name":"Unnamed","network":"PRASA"},"geometry":{"type":"LineString","coordinates":[[18.56221,-34.00222],[18.56197,-34.00195],[18.56172,-34.00168],[18.56147,-34.0014],[18.56111,-34.00102],[18.56079,-34.00067],[18.56057,-34.00042]]}}]}