{"type":"FeatureCollection","features":[{"type":"Feature","properties":{"id":"199001001","name":"Mamre SP","commuteMinutes":40.74,"nearestJobCenter":"Montague Gardens","distanceKm":null,"nearestTransitKm":0.07674895034948519,"spatialBurdenScore":0.2746699580139794},"geometry":{"type":"Polygon","coordinates":[[[18.47603,-33.50828],[18.477,-33.50873],[18.47862,-33.50926],[18.48034,-33.50997],[18.4808,-33.51048],[18.48051,-33.51067],[18.48118,-33.51192],[18.48081,-33.51398],[18.48381,-33.51438],[18.48477,-33.52059],[18.47562,-33.52055],[18.47561,-33.51936],[18.47288,-33.51922],[18.47294,-33.51812],[18.47226,-33.51724],[18.47307,-33.51677],[18.47176,-33.51492],[18.46932,-33.5144],[18.46866,-33.51452],[18.46862,-33.51517],[18.46824,-33.5153],[18.46298,-33.51498],[18.46092,-33.51446],[18.46112,-33.51254],[18.46046,-33.51249],[18.46065,-33.51066],[18.46312,-33.51055],[18.46346,-33.51012],[18.46323,-33.50976],[18.46414,-33.50939],[18.46411,-33.50917],[18.46582,-33.50893],[18.4659,-33.50926],[18.46824,-33.50898],[18.46902,-33.50922],[18.46986,-33.50901],[18.47027,-33.50863],[18.47172,-33.50905],[18.47194,-33.50833],[18.4724,-33.50801],[18.47265,-33.50843],[18.47377,-33.50831],[18.47422,-33.50756],[18.47603,-33.50828]]]}},{"type":"Feature","properties":{"id":"199002001","name":"Cape Metro NU","commuteMinutes":30.78,"nearestJobCenter":"Montague Gardens","distanceKm":null,"nearestTransitKm":2.0157070492718274,"spatialBurdenScore":0.2858282819708731},"geometry":{"type":"Polygon","coordinates":[[[18.56859,-33.56209],[18.56681,-33.56012],[18.54227,-33.55242],[18.5311,-33.55076],[18.53056,-33.55194],[18.51638,-33.55619],[18.51591,-33.55708],[18.51499,-33.55691],[18.51474,-33.55641],[18.51542,-33.55593],[18.51509,-33.55542],[18.51424,-33.5551],[18.5134,-33.55587],[18.51371,-33.55663],[18.5124,-33.55669],[18.51195,-33.55797],[18.51142,-33.5585],[18.51041,-33.55903],[18.50961,-33.55757],[18.50854,-33.55817],[18.50813,-33.55763],[18.50702,-33.55818],[18.50656,-33.55762],[18.50492,-33.55669],[18.5038,-33.55621],[18.50493,-33.55436],[18.50738,-33.55109],[18.50542,-33.55017],[18.4948,-33.54502],[18.49446,-33.54551],[18.49468,-33.54606],[18.49431,-33.54628],[18.49415,-33.54603],[18.49084,-33.54464],[18.48699,-33.54278],[18.48483,-33.54146],[18.48155,-33.53988],[18.47958,-33.54012],[18.47936,-33.53874],[18.47935,-33.53732],[18.47748,-33.53503],[18.44778,-33.56342],[18.47125,-33.57695],[18.47551,-33.57796],[18.47356,-33.58053],[18.47244,-33.58156],[18.47135,-33.58238],[18.46908,-33.5836],[18.46764,-33.58409],[18.46572,-33.58456],[18.46367,-33.58545],[18.46249,-33.5863],[18.45976,-33.58883],[18.45654,-33.59145],[18.45538,-33.59249],[18.45414,-33.59395],[18.45353,-33.59497],[18.45303,-33.59615],[18.45534,-33.59895],[18.468,-33.61472],[18.49613,-33.59129],[18.4978,-33.5896],[18.49907,-33.59006],[18.50001,-33.59041],[18.50075,-33.59093],[18.50205,-33.5922],[18.50283,-33.59263],[18.50456,-33.5929],[18.50038,-33.59905],[18.49982,-33.63922],[18.50004,-33.6395],[18.51255,-33.63441],[18.51342,-33.63428],[18.51361,-33.63337],[18.53148,-33.62984],[18.54327,-33.63328],[18.54834,-33.61973],[18.55036,-33.61303],[18.54228,-33.60807],[18.56366,-33.60679],[18.56327,-33.60934],[18.59402,-33.61072],[18.59715,-33.60596],[18.61174,-33.6089],[18.61128,-33.59899],[18.61193,-33.58495],[18.61799,-33.58436],[18.61947,-33.59255],[18.61957,-33.59615],[18.62011,-33.59596],[18.62143,-33.60826],[18.62208,-33.61455],[18.627,-33.62459],[18.63009,-33.62638],[18.64138,-33.63322],[18.64496,-33.63574],[18.65212,-33.63455],[18.65537,-33.63406],[18.65552,-33.63459],[18.66919,-33.64888],[18.67085,-33.64742],[18.68974,-33.66523],[18.69267,-33.68127],[18.7069,-33.68134],[18.71187,-33.67587],[18.73037,-33.68558],[18.73673,-33.68703],[18.74927,-33.67817],[18.752,-33.67683],[18.75415,-33.6649],[18.7598,-33.66557],[18.76322,-33.64892],[18.77815,-33.64911],[18.78444,-33.6406],[18.78746,-33.63762],[18.80117,-33.63905],[18.82175,-33.64177],[18.82189,-33.64182],[18.82108,-33.64356],[18.81387,-33.65595],[18.80215,-33.67373],[18.79371,-33.67943],[18.79565,-33.69045],[18.79614,-33.69527],[18.79459,-33.70683],[18.79536,-33.70738],[18.79802,-33.70788],[18.79936,-33.70741],[18.8009,-33.70568],[18.80193,-33.70505],[18.80271,-33.70523],[18.80399,-33.7059],[18.80435,-33.70701],[18.80616,-33.71017],[18.80925,-33.70897],[18.81019,-33.71368],[18.8134,-33.71311],[18.81261,-33.7084],[18.81322,-33.70645],[18.81432,-33.7064],[18.8188,-33.70699],[18.82199,-33.7083],[18.82108,-33.7166],[18.8182,-33.72231],[18.82086,-33.72568],[18.82061,-33.72589],[18.82562,-33.73128],[18.833,-33.73817],[18.80946,-33.74078],[18.8101,-33.75776],[18.81099,-33.75879],[18.8075,-33.76072],[18.80495,-33.76164],[18.78765,-33.76668],[18.79908,-33.77426],[18.80977,-33.78133],[18.79624,-33.79816],[18.78476,-33.80364],[18.788,-33.81656],[18.78878,-33.81686],[18.79027,-33.81781],[18.79033,-33.81801],[18.78921,-33.81904],[18.78976,-33.82015],[18.78573,-33.82128],[18.78572,-33.82121],[18.76777,-33.82622],[18.76839,-33.83269],[18.75672,-33.83347],[18.75389,-33.83392],[18.75287,-33.83442],[18.75274,-33.83417],[18.752,-33.831],[18.739,-33.83462],[18.74316,-33.82254],[18.72116,-33.82334],[18.72163,-33.82435],[18.72339,-33.82999],[18.71566,-33.82853],[18.7148,-33.83137],[18.70896,-33.83008],[18.70631,-33.82949],[18.69924,-33.82803],[18.69903,-33.82942],[18.69757,-33.8293],[18.69797,-33.82538],[18.698,-33.82426],[18.69771,-33.82209],[18.69711,-33.81978],[18.6946,-33.80959],[18.68912,-33.81375],[18.68483,-33.81697],[18.68301,-33.81838],[18.68147,-33.81901],[18.68038,-33.81694],[18.67975,-33.81464],[18.67959,-33.8133],[18.67957,-33.81154],[18.67742,-33.80937],[18.67531,-33.81165],[18.67388,-33.81169],[18.6732,-33.81125],[18.67177,-33.813],[18.67175,-33.81304],[18.66964,-33.8104],[18.66237,-33.80227],[18.66069,-33.80043],[18.6547,-33.80573],[18.65096,-33.80924],[18.65099,-33.8094],[18.65294,-33.81075],[18.65298,-33.81078],[18.648,-33.81528],[18.64596,-33.81464],[18.64558,-33.81522],[18.64509,-33.81534],[18.64412,-33.81319],[18.64171,-33.81128],[18.6342,-33.81216],[18.63337,-33.81017],[18.6298,-33.80713],[18.62725,-33.80837],[18.62511,-33.80923],[18.62178,-33.80557],[18.6173,-33.808],[18.61496,-33.80771],[18.61303,-33.80495],[18.61146,-33.80824],[18.61249,-33.80849],[18.61212,-33.80972],[18.61266,-33.81153],[18.61812,-33.81244],[18.62141,-33.81688],[18.62359,-33.81494],[18.62676,-33.81309],[18.6301,-33.81271],[18.63321,-33.81534],[18.63426,-33.81705],[18.63639,-33.82272],[18.63573,-33.8228],[18.62656,-33.82998],[18.62615,-33.83034],[18.62577,-33.82967],[18.62458,-33.83034],[18.62507,-33.83252],[18.6265,-33.83257],[18.62667,-33.83335],[18.62622,-33.83372],[18.62764,-33.83631],[18.62704,-33.83707],[18.63015,-33.84021],[18.63223,-33.8413],[18.63169,-33.84202],[18.63332,-33.84288],[18.63483,-33.84265],[18.63466,-33.84335],[18.63417,-33.84549],[18.62962,-33.84961],[18.62939,-33.85],[18.62751,-33.85161],[18.62316,-33.85416],[18.62349,-33.85461],[18.62488,-33.85707],[18.6272,-33.85714],[18.62692,-33.85956],[18.62548,-33.85977],[18.62416,-33.85963],[18.62334,-33.85898],[18.62249,-33.85859],[18.62194,-33.85878],[18.61998,-33.85908],[18.61756,-33.85738],[18.61274,-33.85222],[18.60735,-33.85131],[18.60484,-33.85054],[18.60301,-33.85094],[18.59315,-33.85299],[18.59416,-33.85467],[18.59313,-33.85621],[18.59237,-33.85695],[18.59157,-33.8568],[18.59115,-33.85708],[18.59206,-33.85775],[18.59297,-33.85801],[18.59326,-33.85841],[18.59356,-33.86027],[18.59265,-33.86143],[18.5921,-33.86239],[18.59266,-33.86253],[18.59278,-33.86298],[18.59646,-33.86198],[18.59612,-33.86246],[18.59612,-33.8632],[18.5979,-33.86468],[18.59873,-33.8661],[18.59895,-33.86679],[18.59886,-33.86806],[18.59915,-33.86849],[18.60074,-33.86903],[18.6011,-33.86939],[18.60173,-33.87113],[18.60236,-33.87142],[18.60282,-33.87199],[18.59539,-33.87554],[18.59668,-33.87928],[18.59706,-33.88052],[18.594,-33.88428],[18.59321,-33.88353],[18.59163,-33.88121],[18.59085,-33.87981],[18.58966,-33.87872],[18.58946,-33.87817],[18.58984,-33.87688],[18.58874,-33.87636],[18.5879,-33.87542],[18.58743,-33.8744],[18.58732,-33.8734],[18.58752,-33.8728],[18.588,-33.87238],[18.58828,-33.87104],[18.58883,-33.87012],[18.58949,-33.86969],[18.58929,-33.86872],[18.58847,-33.86799],[18.58778,-33.86803],[18.58744,-33.86702],[18.58627,-33.86649],[18.58566,-33.86569],[18.58475,-33.86508],[18.58294,-33.8661],[18.57967,-33.86246],[18.5794,-33.86136],[18.58032,-33.8593],[18.57991,-33.85901],[18.58016,-33.85824],[18.57965,-33.85723],[18.57932,-33.85618],[18.57593,-33.85797],[18.56703,-33.86263],[18.56554,-33.8616],[18.5632,-33.86019],[18.56135,-33.85923],[18.55723,-33.85744],[18.55458,-33.85631],[18.55303,-33.84732],[18.5436,-33.84779],[18.54147,-33.84616],[18.53986,-33.85038],[18.53619,-33.84928],[18.53286,-33.84821],[18.53275,-33.84818],[18.53337,-33.84621],[18.53747,-33.83558],[18.53859,-33.83586],[18.54471,-33.83765],[18.54511,-33.83665],[18.54622,-33.83483],[18.54966,-33.8311],[18.54778,-33.82831],[18.54161,-33.82831],[18.54145,-33.82808],[18.54027,-33.82862],[18.53998,-33.82906],[18.54388,-33.8189],[18.54601,-33.81327],[18.543,-33.80931],[18.54264,-33.8097],[18.54074,-33.80623],[18.53989,-33.80631],[18.53906,-33.80667],[18.53855,-33.80655],[18.53746,-33.8067],[18.53683,-33.80708],[18.53523,-33.8084],[18.53062,-33.81193],[18.53038,-33.81199],[18.53174,-33.8139],[18.52794,-33.81906],[18.52712,-33.81886],[18.52652,-33.81953],[18.52471,-33.82285],[18.52225,-33.82703],[18.52196,-33.82739],[18.52069,-33.82792],[18.52064,-33.82812],[18.52156,-33.82904],[18.52254,-33.83116],[18.5223,-33.83294],[18.52203,-33.83347],[18.52097,-33.83321],[18.52066,-33.83233],[18.52061,-33.83073],[18.52017,-33.82987],[18.51912,-33.82924],[18.51775,-33.82794],[18.51827,-33.82687],[18.5185,-33.82688],[18.51941,-33.82529],[18.51956,-33.82526],[18.519,-33.82372],[18.51924,-33.8234],[18.51907,-33.82278],[18.51937,-33.82138],[18.51985,-33.82079],[18.51882,-33.82084],[18.51899,-33.81971],[18.51928,-33.81761],[18.51948,-33.81625],[18.5194,-33.81473],[18.51557,-33.80785],[18.51505,-33.8071],[18.51348,-33.80589],[18.514,-33.80531],[18.51515,-33.80449],[18.51443,-33.80419],[18.51378,-33.80362],[18.51315,-33.80263],[18.51269,-33.80137],[18.5125,-33.80143],[18.51207,-33.80051],[18.51111,-33.8008],[18.50987,-33.80085],[18.50915,-33.8011],[18.50251,-33.80084],[18.49806,-33.80137],[18.49357,-33.80225],[18.49276,-33.80271],[18.4926,-33.80232],[18.48884,-33.79514],[18.48572,-33.79638],[18.4832,-33.79809],[18.48008,-33.79933],[18.48003,-33.79924],[18.4776,-33.79495],[18.47689,-33.79525],[18.47051,-33.80621],[18.46548,-33.79278],[18.46258,-33.78502],[18.46065,-33.78578],[18.45802,-33.7873],[18.45657,-33.78754],[18.45533,-33.7792],[18.45161,-33.78027],[18.45414,-33.78435],[18.45499,-33.78585],[18.45563,-33.78728],[18.45393,-33.78781],[18.45268,-33.78859],[18.45247,-33.78719],[18.45175,-33.78633],[18.45142,-33.78563],[18.45049,-33.78438],[18.44942,-33.78235],[18.44887,-33.78196],[18.44832,-33.78106],[18.44734,-33.77863],[18.44729,-33.77785],[18.44661,-33.77583],[18.44611,-33.77478],[18.44531,-33.7726],[18.44471,-33.77059],[18.44436,-33.7698],[18.44386,-33.76792],[18.44379,-33.76712],[18.44324,-33.76549],[18.44227,-33.76316],[18.44211,-33.76243],[18.44309,-33.76201],[18.45702,-33.75798],[18.45641,-33.75668],[18.45584,-33.7551],[18.45535,-33.75307],[18.45523,-33.75185],[18.45537,-33.74399],[18.45548,-33.74022],[18.45538,-33.73815],[18.45543,-33.73562],[18.45559,-33.73304],[18.45664,-33.73268],[18.45684,-33.73192],[18.46028,-33.73237],[18.46108,-33.72542],[18.45859,-33.72553],[18.46238,-33.71167],[18.46256,-33.71019],[18.46853,-33.70977],[18.47764,-33.70881],[18.48247,-33.6771],[18.47743,-33.66544],[18.46874,-33.67256],[18.45674,-33.64916],[18.42024,-33.6576],[18.41949,-33.65786],[18.41911,-33.65682],[18.41782,-33.65556],[18.41754,-33.65489],[18.41672,-33.65424],[18.41621,-33.65304],[18.41554,-33.65201],[18.41469,-33.65016],[18.41369,-33.64885],[18.41301,-33.64841],[18.41264,-33.64771],[18.41088,-33.64566],[18.40853,-33.64342],[18.40795,-33.64297],[18.40691,-33.64155],[18.40638,-33.64048],[18.40571,-33.64007],[18.4053,-33.63917],[18.4052,-33.6381],[18.40475,-33.63764],[18.40441,-33.63569],[18.40293,-33.63344],[18.40195,-33.63177],[18.40112,-33.63096],[18.40017,-33.63046],[18.39952,-33.62951],[18.39842,-33.62846],[18.39789,-33.62746],[18.39675,-33.62628],[18.39599,-33.62506],[18.394,-33.62315],[18.39264,-33.62263],[18.39122,-33.62156],[18.39011,-33.62186],[18.38936,-33.62175],[18.38856,-33.62103],[18.38766,-33.62098],[18.38686,-33.62128],[18.38664,-33.62201],[18.38579,-33.62251],[18.38491,-33.62221],[18.38388,-33.62256],[18.38353,-33.62201],[18.38351,-33.62033],[18.3825,-33.61976],[18.38063,-33.62],[18.38028,-33.62016],[18.38,-33.61935],[18.37953,-33.6193],[18.37901,-33.6188],[18.37801,-33.61901],[18.37678,-33.61906],[18.37568,-33.61787],[18.37458,-33.61642],[18.37443,-33.61582],[18.37365,-33.61507],[18.37368,-33.61355],[18.37343,-33.61315],[18.37255,-33.61277],[18.37142,-33.61192],[18.37069,-33.61085],[18.37162,-33.61025],[18.37209,-33.61027],[18.37243,-33.60985],[18.37287,-33.6086],[18.3729,-33.60789],[18.3714,-33.60564],[18.37077,-33.60516],[18.37005,-33.60407],[18.36992,-33.60321],[18.36872,-33.60206],[18.36835,-33.60138],[18.36734,-33.60024],[18.36571,-33.59928],[18.36402,-33.59898],[18.36239,-33.59923],[18.36163,-33.60014],[18.35989,-33.59998],[18.35761,-33.59998],[18.35741,-33.59949],[18.35616,-33.59928],[18.35578,-33.59861],[18.35605,-33.59804],[18.35693,-33.59753],[18.35798,-33.59733],[18.35828,-33.5965],[18.35948,-33.59535],[18.36041,-33.59491],[18.35993,-33.59401],[18.36069,-33.59396],[18.36044,-33.59298],[18.36049,-33.59218],[18.36007,-33.59168],[18.35931,-33.59162],[18.35856,-33.59123],[18.35854,-33.59075],[18.35996,-33.59038],[18.36028,-33.58935],[18.35969,-33.58805],[18.35844,-33.58682],[18.35801,-33.58609],[18.35778,-33.58482],[18.35673,-33.58292],[18.35593,-33.5822],[18.3555,-33.58127],[18.3544,-33.58044],[18.35341,-33.57916],[18.35193,-33.57777],[18.34995,-33.57651],[18.34967,-33.57581],[18.34702,-33.57391],[18.34648,-33.57373],[18.34442,-33.57228],[18.3439,-33.57161],[18.34305,-33.57121],[18.34304,-33.57063],[18.34132,-33.55859],[18.34363,-33.55667],[18.36039,-33.54888],[18.35936,-33.54227],[18.36915,-33.52529],[18.38369,-33.51167],[18.38882,-33.50891],[18.40246,-33.51431],[18.42616,-33.51118],[18.4399,-33.49791],[18.44753,-33.48514],[18.45546,-33.47128],[18.48485,-33.47772],[18.49575,-33.48113],[18.50943,-33.48955],[18.514,-33.49619],[18.52451,-33.50364],[18.52309,-33.51882],[18.52416,-33.52523],[18.53653,-33.52711],[18.56403,-33.5235],[18.57642,-33.53148],[18.57705,-33.53622],[18.57996,-33.55772],[18.56859,-33.56209]],[[18.47603,-33.50828],[18.47422,-33.50756],[18.47377,-33.50831],[18.47265,-33.50843],[18.4724,-33.50801],[18.47194,-33.50833],[18.47172,-33.50905],[18.47027,-33.50863],[18.46986,-33.50901],[18.46902,-33.50922],[18.46824,-33.50898],[18.4659,-33.50926],[18.46582,-33.50893],[18.46411,-33.50917],[18.46414,-33.50939],[18.46323,-33.50976],[18.46346,-33.51012],[18.46312,-33.51055],[18.46065,-33.51066],[18.46046,-33.51249],[18.46112,-33.51254],[18.46092,-33.51446],[18.46298,-33.51498],[18.46824,-33.5153],[18.46862,-33.51517],[18.46866,-33.51452],[18.46932,-33.5144],[18.47176,-33.51492],[18.47307,-33.51677],[18.47226,-33.51724],[18.47294,-33.51812],[18.47288,-33.51922],[18.47561,-33.51936],[18.47562,-33.52055],[18.48477,-33.52059],[18.48381,-33.51438],[18.48081,-33.51398],[18.48118,-33.51192],[18.48051,-33.51067],[18.4808,-33.51048],[18.48034,-33.50997],[18.47862,-33.50926],[18.477,-33.50873],[18.47603,-33.50828]],[[18.52333,-33.53503],[18.52122,-33.53533],[18.52101,-33.53566],[18.52001,-33.53578],[18.52006,-33.53611],[18.51842,-33.53633],[18.51873,-33.53838],[18.51853,-33.53882],[18.51856,-33.53991],[18.51822,-33.54002],[18.51831,-33.54117],[18.51883,-33.54242],[18.51902,-33.54443],[18.52216,-33.5442],[18.5221,-33.54358],[18.52263,-33.54324],[18.52248,-33.54239],[18.52488,-33.54203],[18.52468,-33.54097],[18.52476,-33.53845],[18.5243,-33.5362],[18.52428,-33.53489],[18.52333,-33.53503]],[[18.58232,-33.66303],[18.58117,-33.66426],[18.57842,-33.6639],[18.57818,-33.66426],[18.58014,-33.66513],[18.57885,-33.66685],[18.57742,-33.66847],[18.58068,-33.67008],[18.58173,-33.66802],[18.58431,-33.66909],[18.58492,-33.66949],[18.58801,-33.66806],[18.58733,-33.66719],[18.58614,-33.6666],[18.58812,-33.66569],[18.58745,-33.66553],[18.58667,-33.66437],[18.58539,-33.66464],[18.58473,-33.66426],[18.58456,-33.66372],[18.58388,-33.66376],[18.58315,-33.66461],[18.58232,-33.66303]],[[18.7029,-33.72538],[18.70416,-33.72597],[18.70438,-33.7264],[18.70395,-33.7268],[18.7031,-33.7271],[18.7042,-33.72808],[18.70408,-33.7286],[18.70357,-33.72904],[18.70372,-33.72933],[18.70524,-33.72939],[18.7074,-33.72761],[18.70939,-33.72585],[18.71366,-33.71989],[18.71565,-33.71719],[18.71256,-33.71256],[18.71117,-33.71511],[18.71102,-33.71474],[18.71086,-33.71256],[18.70981,-33.71079],[18.70866,-33.70935],[18.70842,-33.70989],[18.70744,-33.70985],[18.70646,-33.70904],[18.70647,-33.70751],[18.70578,-33.70594],[18.70283,-33.70224],[18.7043,-33.70053],[18.70353,-33.69993],[18.70262,-33.69984],[18.7029,-33.6986],[18.70238,-33.69867],[18.70218,-33.6982],[18.70165,-33.69845],[18.70091,-33.69721],[18.69955,-33.69449],[18.69913,-33.69426],[18.69807,-33.69454],[18.69888,-33.69696],[18.69962,-33.69865],[18.69857,-33.70094],[18.6989,-33.70125],[18.69664,-33.70235],[18.69804,-33.70452],[18.69985,-33.70508],[18.70034,-33.70546],[18.70047,-33.70633],[18.70018,-33.70758],[18.70031,-33.70842],[18.6994,-33.70928],[18.70057,-33.70992],[18.70276,-33.71187],[18.70594,-33.71411],[18.706,-33.71508],[18.70726,-33.72098],[18.70579,-33.72147],[18.69962,-33.72367],[18.6994,-33.72433],[18.70103,-33.72491],[18.7024,-33.72503],[18.7029,-33.72538]],[[18.51729,-33.7562],[18.51879,-33.75865],[18.53004,-33.75697],[18.5303,-33.7568],[18.52974,-33.75465],[18.54262,-33.75246],[18.54502,-33.75233],[18.54601,-33.75062],[18.53918,-33.74572],[18.51729,-33.7562]],[[18.53927,-33.77066],[18.53921,-33.77136],[18.5445,-33.7697],[18.54781,-33.76874],[18.54738,-33.76374],[18.54127,-33.76282],[18.53957,-33.76898],[18.53927,-33.77066]],[[18.71493,-33.78857],[18.71786,-33.78813],[18.71789,-33.78771],[18.71877,-33.78747],[18.71891,-33.7854],[18.71886,-33.78416],[18.71905,-33.78375],[18.72333,-33.77859],[18.72129,-33.77887],[18.71926,-33.77929],[18.71839,-33.77962],[18.71204,-33.78261],[18.71166,-33.78418],[18.71106,-33.78851],[18.71493,-33.78857]]]}},{"type":"Feature","properties":{"id":"199003001","name":"Pella SP","commuteMinutes":43.41,"nearestJobCenter":"Montague Gardens","distanceKm":null,"nearestTransitKm":2.3373913336227448,"spatialBurdenScore":0.3828956533449097},"geometry":{"type":"Polygon","coordinates":[[[18.52333,-33.53503],[18.52428,-33.53489],[18.5243,-33.5362],[18.52476,-33.53845],[18.52468,-33.54097],[18.52488,-33.54203],[18.52248,-33.54239],[18.52263,-33.54324],[18.5221,-33.54358],[18.52216,-33.5442],[18.51902,-33.54443],[18.51883,-33.54242],[18.51831,-33.54117],[18.51822,-33.54002],[18.51856,-33.53991],[18.51853,-33.53882],[18.51873,-33.53838],[18.51842,-33.53633],[18.52006,-33.53611],[18.52001,-33.53578],[18.52101,-33.53566],[18.52122,-33.53533],[18.52333,-33.53503]]]}},{"type":"Feature","properties":{"id":"199004001","name":"Papekuil Outspan SP","commuteMinutes":32.54,"nearestJobCenter":"Montague Gardens","distanceKm":null,"nearestTransitKm":0.860559987528875,"spatialBurdenScore":0.2513557328344883},"geometry":{"type":"Polygon","coordinates":[[[18.50692,-33.58145],[18.5063,-33.57938],[18.50522,-33.57649],[18.51015,-33.56721],[18.51031,-33.56677],[18.5107,-33.56368],[18.51233,-33.56382],[18.51591,-33.55708],[18.51638,-33.55619],[18.53056,-33.55194],[18.52542,-33.56143],[18.51856,-33.57374],[18.51683,-33.57657],[18.51506,-33.57974],[18.50692,-33.58145]]]}},{"type":"Feature","properties":{"id":"199005001","name":"Saxonsea","commuteMinutes":34.4,"nearestJobCenter":"Montague Gardens","distanceKm":null,"nearestTransitKm":0.43109342597730727,"spatialBurdenScore":0.2465770703724256},"geometry":{"type":"Polygon","coordinates":[[[18.49431,-33.54628],[18.49434,-33.54838],[18.49344,-33.55219],[18.49332,-33.55388],[18.49368,-33.55543],[18.49453,-33.55678],[18.49573,-33.55829],[18.4962,-33.55908],[18.49643,-33.56011],[18.49324,-33.56056],[18.49253,-33.56074],[18.49074,-33.56153],[18.48977,-33.5605],[18.48846,-33.55959],[18.48611,-33.55833],[18.48498,-33.55787],[18.48279,-33.55721],[18.4816,-33.55701],[18.48229,-33.55103],[18.48227,-33.54906],[18.48183,-33.54725],[18.4807,-33.54441],[18.48003,-33.54221],[18.47958,-33.54012],[18.48155,-33.53988],[18.48483,-33.54146],[18.48699,-33.54278],[18.49084,-33.54464],[18.49415,-33.54603],[18.49431,-33.54628]]]}},{"type":"Feature","properties":{"id":"199005002","name":"Sherwood","commuteMinutes":34.33,"nearestJobCenter":"Montague Gardens","distanceKm":null,"nearestTransitKm":0.0201584838026253,"spatialBurdenScore":0.22967300601877164},"geometry":{"type":"Polygon","coordinates":[[[18.49643,-33.56011],[18.4962,-33.55908],[18.49573,-33.55829],[18.49453,-33.55678],[18.49368,-33.55543],[18.49332,-33.55388],[18.49344,-33.55219],[18.49434,-33.54838],[18.49431,-33.54628],[18.49468,-33.54606],[18.49446,-33.54551],[18.4948,-33.54502],[18.50542,-33.55017],[18.50738,-33.55109],[18.50493,-33.55436],[18.5038,-33.55621],[18.5032,-33.55719],[18.50209,-33.55824],[18.50105,-33.55901],[18.5002,-33.55943],[18.49879,-33.55981],[18.49643,-33.56011]]]}},{"type":"Feature","properties":{"id":"199005003","name":"Beaconhill","commuteMinutes":33.33,"nearestJobCenter":"Montague Gardens","distanceKm":null,"nearestTransitKm":0.20147690380209737,"spatialBurdenScore":0.23025907615208388},"geometry":{"type":"Polygon","coordinates":[[[18.51591,-33.55708],[18.51233,-33.56382],[18.5107,-33.56368],[18.50946,-33.56359],[18.50487,-33.56364],[18.50038,-33.56445],[18.49899,-33.56447],[18.4963,-33.56385],[18.49678,-33.56225],[18.49643,-33.56011],[18.49879,-33.55981],[18.5002,-33.55943],[18.50105,-33.55901],[18.50209,-33.55824],[18.5032,-33.55719],[18.5038,-33.55621],[18.50492,-33.55669],[18.50656,-33.55762],[18.50702,-33.55818],[18.50813,-33.55763],[18.50854,-33.55817],[18.50961,-33.55757],[18.51041,-33.55903],[18.51142,-33.5585],[18.51195,-33.55797],[18.5124,-33.55669],[18.51371,-33.55663],[18.5134,-33.55587],[18.51424,-33.5551],[18.51509,-33.55542],[18.51542,-33.55593],[18.51474,-33.55641],[18.51499,-33.55691],[18.51591,-33.55708]]]}},{"type":"Feature","properties":{"id":"199005004","name":"Avondale","commuteMinutes":33.06,"nearestJobCenter":"Montague Gardens","distanceKm":null,"nearestTransitKm":0.47688018103812113,"spatialBurdenScore":0.23947520724152485},"geometry":{"type":"Polygon","coordinates":[[[18.49643,-33.56011],[18.49678,-33.56225],[18.4963,-33.56385],[18.4956,-33.56535],[18.49448,-33.56692],[18.49072,-33.57218],[18.48859,-33.57573],[18.48832,-33.57642],[18.48685,-33.57581],[18.48383,-33.57478],[18.48105,-33.57406],[18.47792,-33.57295],[18.47711,-33.57297],[18.47778,-33.56972],[18.4786,-33.56765],[18.47998,-33.56551],[18.4806,-33.56419],[18.48109,-33.56209],[18.4816,-33.55701],[18.48279,-33.55721],[18.48498,-33.55787],[18.48611,-33.55833],[18.48846,-33.55959],[18.48977,-33.5605],[18.49074,-33.56153],[18.49253,-33.56074],[18.49324,-33.56056],[18.49643,-33.56011]]]}},{"type":"Feature","properties":{"id":"199005005","name":"Wesfleur","commuteMinutes":33.02,"nearestJobCenter":"Montague Gardens","distanceKm":null,"nearestTransitKm":0.4262198506679796,"spatialBurdenScore":0.23718212736005254},"geometry":{"type":"MultiPolygon","coordinates":[[[[18.50194,-33.58603],[18.50209,-33.58242],[18.50297,-33.58072],[18.50277,-33.58002],[18.50462,-33.57659],[18.50522,-33.57649],[18.5063,-33.57938],[18.50692,-33.58145],[18.50768,-33.58413],[18.50587,-33.5844],[18.5058,-33.58475],[18.50492,-33.58518],[18.50326,-33.58507],[18.50262,-33.58632],[18.50194,-33.58603]]],[[[18.47551,-33.57796],[18.47125,-33.57695],[18.44778,-33.56342],[18.47748,-33.53503],[18.47935,-33.53732],[18.47936,-33.53874],[18.47958,-33.54012],[18.48003,-33.54221],[18.4807,-33.54441],[18.48183,-33.54725],[18.48227,-33.54906],[18.48229,-33.55103],[18.4816,-33.55701],[18.48109,-33.56209],[18.4806,-33.56419],[18.47998,-33.56551],[18.4786,-33.56765],[18.47778,-33.56972],[18.47711,-33.57297],[18.47671,-33.57482],[18.47604,-33.57684],[18.47551,-33.57796]]]]}},{"type":"Feature","properties":{"id":"199005006","name":"Robinvale","commuteMinutes":31.38,"nearestJobCenter":"Montague Gardens","distanceKm":null,"nearestTransitKm":0.7563346986565029,"spatialBurdenScore":0.23945338794626012},"geometry":{"type":"Polygon","coordinates":[[[18.5107,-33.56368],[18.51031,-33.56677],[18.51015,-33.56721],[18.50522,-33.57649],[18.50516,-33.57587],[18.5047,-33.57531],[18.50071,-33.57365],[18.49926,-33.57256],[18.49869,-33.57177],[18.49761,-33.56953],[18.49708,-33.56872],[18.4961,-33.56778],[18.49448,-33.56692],[18.4956,-33.56535],[18.4963,-33.56385],[18.49899,-33.56447],[18.50038,-33.56445],[18.50487,-33.56364],[18.50946,-33.56359],[18.5107,-33.56368]]]}},{"type":"Feature","properties":{"id":"199005007","name":"Protea Park","commuteMinutes":32.13,"nearestJobCenter":"Montague Gardens","distanceKm":null,"nearestTransitKm":1.110001872638684,"spatialBurdenScore":0.2586000749055474},"geometry":{"type":"Polygon","coordinates":[[[18.50209,-33.58242],[18.49927,-33.58135],[18.49872,-33.58104],[18.49586,-33.57998],[18.4954,-33.5802],[18.49317,-33.57918],[18.49383,-33.57786],[18.49332,-33.57787],[18.48899,-33.57714],[18.48813,-33.57695],[18.48832,-33.57642],[18.48859,-33.57573],[18.49072,-33.57218],[18.49448,-33.56692],[18.4961,-33.56778],[18.49708,-33.56872],[18.49761,-33.56953],[18.49869,-33.57177],[18.49926,-33.57256],[18.50071,-33.57365],[18.5047,-33.57531],[18.50516,-33.57587],[18.50522,-33.57649],[18.50462,-33.57659],[18.50277,-33.58002],[18.50297,-33.58072],[18.50209,-33.58242]]]}},{"type":"Feature","properties":{"id":"199005008","name":"Atlantis Industrial","commuteMinutes":33.03,"nearestJobCenter":"Montague Gardens","distanceKm":null,"nearestTransitKm":0.9422226878373648,"spatialBurdenScore":0.2578889075134946},"geometry":{"type":"Polygon","coordinates":[[[18.50209,-33.58242],[18.50194,-33.58603],[18.50189,-33.58771],[18.49907,-33.59006],[18.4978,-33.5896],[18.49613,-33.59129],[18.468,-33.61472],[18.45534,-33.59895],[18.45303,-33.59615],[18.45353,-33.59497],[18.45414,-33.59395],[18.45538,-33.59249],[18.45654,-33.59145],[18.45976,-33.58883],[18.46249,-33.5863],[18.46367,-33.58545],[18.46572,-33.58456],[18.46764,-33.58409],[18.46908,-33.5836],[18.47135,-33.58238],[18.47244,-33.58156],[18.47356,-33.58053],[18.47551,-33.57796],[18.47604,-33.57684],[18.47671,-33.57482],[18.47711,-33.57297],[18.47792,-33.57295],[18.48105,-33.57406],[18.48383,-33.57478],[18.48685,-33.57581],[18.48832,-33.57642],[18.48813,-33.57695],[18.48899,-33.57714],[18.49332,-33.57787],[18.49383,-33.57786],[18.49317,-33.57918],[18.4954,-33.5802],[18.49586,-33.57998],[18.49872,-33.58104],[18.49927,-33.58135],[18.50209,-33.58242]]]}},{"type":"Feature","properties":{"id":"199005009","name":"Witsand Informal","commuteMinutes":29.47,"nearestJobCenter":"Montague Gardens","distanceKm":null,"nearestTransitKm":2.7670830110103046,"spatialBurdenScore":0.30714998710707886},"geometry":{"type":"Polygon","coordinates":[[[18.50768,-33.58413],[18.51004,-33.59233],[18.50657,-33.59297],[18.50456,-33.5929],[18.50283,-33.59263],[18.50205,-33.5922],[18.50075,-33.59093],[18.50001,-33.59041],[18.49907,-33.59006],[18.50189,-33.58771],[18.50194,-33.58603],[18.50262,-33.58632],[18.50326,-33.58507],[18.50492,-33.58518],[18.5058,-33.58475],[18.50587,-33.5844],[18.50768,-33.58413]]]}},{"type":"Feature","properties":{"id":"199006001","name":"Cape Farms SP","commuteMinutes":30.82,"nearestJobCenter":"Montague Gardens","distanceKm":null,"nearestTransitKm":4.697710323023739,"spatialBurdenScore":0.39337507958761625},"geometry":{"type":"Polygon","coordinates":[[[18.61193,-33.58495],[18.61128,-33.59899],[18.61174,-33.6089],[18.59715,-33.60596],[18.59402,-33.61072],[18.56327,-33.60934],[18.56366,-33.60679],[18.54228,-33.60807],[18.55036,-33.61303],[18.54834,-33.61973],[18.54327,-33.63328],[18.53148,-33.62984],[18.51361,-33.63337],[18.51342,-33.63428],[18.51255,-33.63441],[18.50004,-33.6395],[18.49982,-33.63922],[18.50038,-33.59905],[18.50456,-33.5929],[18.50657,-33.59297],[18.51004,-33.59233],[18.50768,-33.58413],[18.50692,-33.58145],[18.51506,-33.57974],[18.51683,-33.57657],[18.51856,-33.57374],[18.52542,-33.56143],[18.53056,-33.55194],[18.5311,-33.55076],[18.54227,-33.55242],[18.56681,-33.56012],[18.56859,-33.56209],[18.57437,-33.5735],[18.59534,-33.58162],[18.6059,-33.58552],[18.61193,-33.58495]]]}},{"type":"Feature","properties":{"id":"199007001","name":"Philadelphia SP","commuteMinutes":21.68,"nearestJobCenter":"Montague Gardens","distanceKm":null,"nearestTransitKm":8.880652603509537,"spatialBurdenScore":0.49975943747371476},"geometry":{"type":"Polygon","coordinates":[[[18.58232,-33.66303],[18.58315,-33.66461],[18.58388,-33.66376],[18.58456,-33.66372],[18.58473,-33.66426],[18.58539,-33.66464],[18.58667,-33.66437],[18.58745,-33.66553],[18.58812,-33.66569],[18.58614,-33.6666],[18.58733,-33.66719],[18.58801,-33.66806],[18.58492,-33.66949],[18.58431,-33.66909],[18.58173,-33.66802],[18.58068,-33.67008],[18.57742,-33.66847],[18.57885,-33.66685],[18.58014,-33.66513],[18.57818,-33.66426],[18.57842,-33.6639],[18.58117,-33.66426],[18.58232,-33.66303]]]}},{"type":"Feature","properties":{"id":"199008001","name":"Koeberg","commuteMinutes":32.7,"nearestJobCenter":"Montague Gardens","distanceKm":null,"nearestTransitKm":1.517562217317353,"spatialBurdenScore":0.2787024886926941},"geometry":{"type":"Polygon","coordinates":[[[18.46874,-33.67256],[18.45629,-33.68223],[18.4559,-33.6828],[18.4459,-33.68912],[18.44583,-33.68929],[18.44303,-33.69106],[18.44281,-33.69135],[18.44207,-33.6915],[18.43832,-33.69391],[18.43651,-33.69477],[18.43601,-33.69289],[18.43466,-33.69067],[18.43403,-33.68939],[18.43388,-33.68839],[18.43313,-33.68734],[18.43293,-33.68612],[18.4316,-33.68292],[18.4316,-33.68113],[18.431,-33.68116],[18.4303,-33.68024],[18.43062,-33.67968],[18.42997,-33.67911],[18.4299,-33.67871],[18.42665,-33.67881],[18.4251,-33.67874],[18.42417,-33.67853],[18.42122,-33.67743],[18.42114,-33.67698],[18.42529,-33.67561],[18.42662,-33.67495],[18.42673,-33.67366],[18.42632,-33.6722],[18.42588,-33.67118],[18.42545,-33.66958],[18.42487,-33.66888],[18.42464,-33.66792],[18.42387,-33.66702],[18.4237,-33.66582],[18.4231,-33.66482],[18.42289,-33.66385],[18.4222,-33.66297],[18.42174,-33.66275],[18.42124,-33.66049],[18.41949,-33.65786],[18.42024,-33.6576],[18.45674,-33.64916],[18.46874,-33.67256]]]}},{"type":"Feature","properties":{"id":"199008002","name":"Kleine Zout Rivier AH","commuteMinutes":23.51,"nearestJobCenter":"Montague Gardens","distanceKm":null,"nearestTransitKm":0.3229177815157111,"spatialBurdenScore":0.16965004459396177},"geometry":{"type":"Polygon","coordinates":[[[18.46256,-33.71019],[18.45815,-33.69739],[18.45612,-33.69783],[18.45623,-33.69078],[18.45581,-33.68951],[18.4559,-33.6828],[18.45629,-33.68223],[18.46874,-33.67256],[18.47743,-33.66544],[18.48247,-33.6771],[18.47764,-33.70881],[18.46853,-33.70977],[18.46256,-33.71019]]]}},{"type":"Feature","properties":{"id":"199008003","name":"Duynefontein","commuteMinutes":24.77,"nearestJobCenter":"Montague Gardens","distanceKm":null,"nearestTransitKm":0.14071997179811754,"spatialBurdenScore":0.17076213220525802},"geometry":{"type":"Polygon","coordinates":[[[18.45612,-33.69783],[18.44502,-33.69991],[18.4443,-33.69729],[18.44435,-33.6968],[18.44383,-33.6948],[18.44293,-33.69399],[18.44255,-33.69311],[18.44281,-33.69135],[18.44303,-33.69106],[18.44583,-33.68929],[18.4459,-33.68912],[18.4559,-33.6828],[18.45581,-33.68951],[18.45623,-33.69078],[18.45612,-33.69783]]]}},{"type":"Feature","properties":{"id":"199008004","name":"Van Riebeeckstad","commuteMinutes":26.19,"nearestJobCenter":"Montague Gardens","distanceKm":null,"nearestTransitKm":0.10217194981398407,"spatialBurdenScore":0.17868687799255936},"geometry":{"type":"Polygon","coordinates":[[[18.44502,-33.69991],[18.44692,-33.70688],[18.44716,-33.70815],[18.44712,-33.70903],[18.44675,-33.71032],[18.44774,-33.71066],[18.4479,-33.71121],[18.44645,-33.71148],[18.44646,-33.711],[18.44589,-33.71071],[18.4453,-33.70921],[18.4438,-33.70896],[18.44316,-33.70913],[18.44104,-33.70931],[18.44051,-33.70721],[18.43844,-33.70053],[18.43844,-33.7001],[18.43784,-33.6987],[18.43758,-33.69743],[18.43701,-33.69632],[18.43676,-33.69495],[18.43651,-33.69477],[18.43832,-33.69391],[18.44207,-33.6915],[18.44281,-33.69135],[18.44255,-33.69311],[18.44293,-33.69399],[18.44383,-33.6948],[18.44435,-33.6968],[18.4443,-33.69729],[18.44502,-33.69991]]]}},{"type":"Feature","properties":{"id":"199008005","name":"Melkbosstrand SP","commuteMinutes":22.43,"nearestJobCenter":"Montague Gardens","distanceKm":null,"nearestTransitKm":0.058155304963968986,"spatialBurdenScore":0.15185954553189207},"geometry":{"type":"Polygon","coordinates":[[[18.46256,-33.71019],[18.46238,-33.71167],[18.45859,-33.72553],[18.46108,-33.72542],[18.46028,-33.73237],[18.45684,-33.73192],[18.45664,-33.73268],[18.45559,-33.73304],[18.45543,-33.73562],[18.45538,-33.73815],[18.45548,-33.74022],[18.45537,-33.74399],[18.45523,-33.75185],[18.45535,-33.75307],[18.45584,-33.7551],[18.45641,-33.75668],[18.45702,-33.75798],[18.44309,-33.76201],[18.44211,-33.76243],[18.44177,-33.76133],[18.44157,-33.75928],[18.44133,-33.75819],[18.44078,-33.75761],[18.44086,-33.75683],[18.44044,-33.75313],[18.44013,-33.75203],[18.44021,-33.75148],[18.44118,-33.75095],[18.44128,-33.75057],[18.44079,-33.74875],[18.44023,-33.74569],[18.43981,-33.74494],[18.43949,-33.74382],[18.43866,-33.74185],[18.43843,-33.7417],[18.43758,-33.73974],[18.437,-33.73877],[18.43692,-33.73822],[18.43605,-33.73772],[18.43493,-33.73572],[18.43505,-33.73485],[18.43498,-33.73341],[18.43475,-33.73277],[18.43475,-33.73131],[18.43557,-33.73072],[18.43577,-33.72959],[18.43642,-33.72914],[18.43808,-33.72859],[18.43824,-33.72791],[18.43883,-33.72781],[18.43979,-33.72695],[18.44024,-33.72678],[18.44147,-33.72462],[18.44232,-33.72268],[18.44247,-33.72197],[18.44201,-33.7214],[18.44211,-33.72095],[18.44261,-33.7211],[18.44301,-33.71977],[18.44284,-33.71802],[18.44239,-33.71712],[18.44189,-33.71662],[18.44154,-33.71565],[18.44159,-33.71362],[18.44146,-33.71059],[18.44104,-33.70931],[18.44316,-33.70913],[18.4438,-33.70896],[18.4453,-33.70921],[18.44589,-33.71071],[18.44646,-33.711],[18.44645,-33.71148],[18.4479,-33.71121],[18.44774,-33.71066],[18.44675,-33.71032],[18.44712,-33.70903],[18.44716,-33.70815],[18.44692,-33.70688],[18.44502,-33.69991],[18.45612,-33.69783],[18.45815,-33.69739],[18.46256,-33.71019]]]}},{"type":"Feature","properties":{"id":"199009001","name":"Klipheuwel SP","commuteMinutes":27.11,"nearestJobCenter":"Bellville","distanceKm":null,"nearestTransitKm":0.24622961001699162,"spatialBurdenScore":0.190582517734013},"geometry":{"type":"Polygon","coordinates":[[[18.7029,-33.72538],[18.7024,-33.72503],[18.70103,-33.72491],[18.6994,-33.72433],[18.69962,-33.72367],[18.70579,-33.72147],[18.70726,-33.72098],[18.706,-33.71508],[18.70594,-33.71411],[18.70276,-33.71187],[18.70057,-33.70992],[18.6994,-33.70928],[18.70031,-33.70842],[18.70018,-33.70758],[18.70047,-33.70633],[18.70034,-33.70546],[18.69985,-33.70508],[18.69804,-33.70452],[18.69664,-33.70235],[18.6989,-33.70125],[18.69857,-33.70094],[18.69962,-33.69865],[18.69888,-33.69696],[18.69807,-33.69454],[18.69913,-33.69426],[18.69955,-33.69449],[18.70091,-33.69721],[18.70165,-33.69845],[18.70218,-33.6982],[18.70238,-33.69867],[18.7029,-33.6986],[18.70262,-33.69984],[18.70353,-33.69993],[18.7043,-33.70053],[18.70283,-33.70224],[18.70578,-33.70594],[18.70647,-33.70751],[18.70646,-33.70904],[18.70744,-33.70985],[18.70842,-33.70989],[18.70866,-33.70935],[18.70981,-33.71079],[18.71086,-33.71256],[18.71102,-33.71474],[18.71117,-33.71511],[18.71256,-33.71256],[18.71565,-33.71719],[18.71366,-33.71989],[18.70939,-33.72585],[18.7074,-33.72761],[18.70524,-33.72939],[18.70372,-33.72933],[18.70357,-33.72904],[18.70408,-33.7286],[18.7042,-33.72808],[18.7031,-33.7271],[18.70395,-33.7268],[18.70438,-33.7264],[18.70416,-33.72597],[18.7029,-33.72538]]]}},{"type":"Feature","properties":{"id":"199010001","name":"Morning Star AH","commuteMinutes":14.94,"nearestJobCenter":"Montague Gardens","distanceKm":null,"nearestTransitKm":6.393630510724329,"spatialBurdenScore":0.35534522042897315},"geometry":{"type":"Polygon","coordinates":[[[18.51729,-33.7562],[18.53918,-33.74572],[18.54601,-33.75062],[18.54502,-33.75233],[18.54262,-33.75246],[18.52974,-33.75465],[18.5303,-33.7568],[18.53004,-33.75697],[18.51879,-33.75865],[18.51729,-33.7562]]]}},{"type":"Feature","properties":{"id":"199011001","name":"Frankdale","commuteMinutes":12.94,"nearestJobCenter":"Montague Gardens","distanceKm":null,"nearestTransitKm":4.856986010688754,"spatialBurdenScore":0.28054610709421685},"geometry":{"type":"Polygon","coordinates":[[[18.53927,-33.77066],[18.53957,-33.76898],[18.54127,-33.76282],[18.54738,-33.76374],[18.54781,-33.76874],[18.5445,-33.7697],[18.53921,-33.77136],[18.53927,-33.77066]]]}},{"type":"Feature","properties":{"id":"199012001","name":"Fistantkraal SP","commuteMinutes":19.32,"nearestJobCenter":"Bellville","distanceKm":null,"nearestTransitKm":0.46454504399846125,"spatialBurdenScore":0.14738180175993845},"geometry":{"type":"Polygon","coordinates":[[[18.71493,-33.78857],[18.71106,-33.78851],[18.71166,-33.78418],[18.71204,-33.78261],[18.71839,-33.77962],[18.71926,-33.77929],[18.72129,-33.77887],[18.72333,-33.77859],[18.71905,-33.78375],[18.71897,-33.78377],[18.71493,-33.78857]]]}},{"type":"Feature","properties":{"id":"199012002","name":"Fistantkraal Informal","commuteMinutes":19.55,"nearestJobCenter":"Bellville","distanceKm":null,"nearestTransitKm":0.5551983910434894,"spatialBurdenScore":0.15254126897507292},"geometry":{"type":"Polygon","coordinates":[[[18.71493,-33.78857],[18.71897,-33.78377],[18.71905,-33.78375],[18.71886,-33.78416],[18.71891,-33.7854],[18.71877,-33.78747],[18.71789,-33.78771],[18.71786,-33.78813],[18.71493,-33.78857]]]}},{"type":"Feature","properties":{"id":"199013001","name":"Robben Island SP","commuteMinutes":18.28,"nearestJobCenter":"Montague Gardens","distanceKm":null,"nearestTransitKm":9.305952838991777,"spatialBurdenScore":0.49410478022633775},"geometry":{"type":"Polygon","coordinates":[[[18.36703,-33.7897],[18.36898,-33.78984],[18.36964,-33.79024],[18.37251,-33.7913],[18.37383,-33.79221],[18.37393,-33.79391],[18.37337,-33.79456],[18.37336,-33.79547],[18.37358,-33.79599],[18.37313,-33.79664],[18.37424,-33.79651],[18.37624,-33.79587],[18.37724,-33.79601],[18.37877,-33.79745],[18.37833,-33.79783],[18.37767,-33.79679],[18.3769,-33.7964],[18.37502,-33.79651],[18.37533,-33.79873],[18.37611,-33.79874],[18.37832,-33.79848],[18.37788,-33.79887],[18.37666,-33.79913],[18.37588,-33.79912],[18.37555,-33.7999],[18.37554,-33.80174],[18.37663,-33.80368],[18.37915,-33.8063],[18.38004,-33.80695],[18.38113,-33.80865],[18.38157,-33.80956],[18.38144,-33.81125],[18.3811,-33.81216],[18.38132,-33.81255],[18.38265,-33.81269],[18.38165,-33.81295],[18.38242,-33.81426],[18.38108,-33.81542],[18.38097,-33.8162],[18.38118,-33.81685],[18.38084,-33.81763],[18.37996,-33.8175],[18.3794,-33.81827],[18.37674,-33.81813],[18.37386,-33.81864],[18.37274,-33.81993],[18.37075,-33.82018],[18.36953,-33.81952],[18.36832,-33.81926],[18.36489,-33.81755],[18.36434,-33.81755],[18.3639,-33.81702],[18.36457,-33.81651],[18.36202,-33.8161],[18.36225,-33.81558],[18.36159,-33.81532],[18.36071,-33.8144],[18.36049,-33.81375],[18.36105,-33.81271],[18.36128,-33.81141],[18.36096,-33.80985],[18.36053,-33.80881],[18.35987,-33.80802],[18.35943,-33.80711],[18.35944,-33.80607],[18.35901,-33.8045],[18.35846,-33.80359],[18.3567,-33.80176],[18.35704,-33.80059],[18.35782,-33.79981],[18.35795,-33.79799],[18.35784,-33.79734],[18.3584,-33.7963],[18.35919,-33.79526],[18.36175,-33.7932],[18.36187,-33.79228],[18.36242,-33.79216],[18.36233,-33.79034],[18.36343,-33.79034],[18.3641,-33.78982],[18.36487,-33.79009],[18.36597,-33.78958],[18.36703,-33.7897]]]}},{"type":"Feature","properties":{"id":"199014001","name":"Big Bay","commuteMinutes":15.41,"nearestJobCenter":"Montague Gardens","distanceKm":null,"nearestTransitKm":1.4293963530626643,"spatialBurdenScore":0.1599091874558399},"geometry":{"type":"Polygon","coordinates":[[[18.46548,-33.79278],[18.46312,-33.79267],[18.46161,-33.79284],[18.46059,-33.79322],[18.45892,-33.79358],[18.45706,-33.79424],[18.45625,-33.79429],[18.45568,-33.79279],[18.45413,-33.79134],[18.45277,-33.79047],[18.45268,-33.78859],[18.45393,-33.78781],[18.45563,-33.78728],[18.45499,-33.78585],[18.45414,-33.78435],[18.45161,-33.78027],[18.45533,-33.7792],[18.45657,-33.78754],[18.45802,-33.7873],[18.46065,-33.78578],[18.46258,-33.78502],[18.46548,-33.79278]]]}},{"type":"Feature","properties":{"id":"199014002","name":"Bloubergstrand","commuteMinutes":13.9,"nearestJobCenter":"Montague Gardens","distanceKm":null,"nearestTransitKm":1.5916929342855022,"spatialBurdenScore":0.15633438403808675},"geometry":{"type":"Polygon","coordinates":[[[18.46548,-33.79278],[18.47051,-33.80621],[18.46902,-33.80877],[18.46739,-33.80947],[18.46589,-33.8076],[18.46558,-33.80745],[18.46461,-33.8062],[18.46283,-33.80585],[18.46193,-33.80516],[18.46155,-33.80448],[18.4618,-33.8041],[18.4613,-33.80352],[18.46028,-33.80345],[18.45965,-33.80293],[18.45891,-33.80278],[18.45778,-33.80187],[18.45791,-33.80097],[18.45737,-33.80057],[18.45667,-33.80048],[18.456,-33.80002],[18.45618,-33.79967],[18.45702,-33.79935],[18.45705,-33.79899],[18.45843,-33.79884],[18.45848,-33.79767],[18.45808,-33.79697],[18.4575,-33.79657],[18.4564,-33.79619],[18.45625,-33.79429],[18.45706,-33.79424],[18.45892,-33.79358],[18.46059,-33.79322],[18.46161,-33.79284],[18.46312,-33.79267],[18.46548,-33.79278]]]}},{"type":"Feature","properties":{"id":"199014003","name":"West Beach","commuteMinutes":12.68,"nearestJobCenter":"Montague Gardens","distanceKm":null,"nearestTransitKm":0.6137074669001612,"spatialBurdenScore":0.10908163200933979},"geometry":{"type":"Polygon","coordinates":[[[18.48381,-33.80609],[18.48546,-33.80914],[18.48508,-33.80923],[18.48191,-33.81111],[18.48173,-33.81153],[18.47952,-33.81208],[18.47763,-33.8134],[18.47734,-33.81312],[18.47326,-33.81198],[18.47209,-33.81167],[18.47155,-33.8119],[18.46938,-33.80861],[18.46902,-33.80877],[18.47051,-33.80621],[18.47689,-33.79525],[18.4776,-33.79495],[18.48003,-33.79924],[18.47671,-33.80051],[18.47586,-33.80187],[18.47583,-33.806],[18.47598,-33.80665],[18.47736,-33.80809],[18.47852,-33.80826],[18.48381,-33.80609]]]}},{"type":"Feature","properties":{"id":"199014004","name":"Blouberg Sands","commuteMinutes":13.27,"nearestJobCenter":"Montague Gardens","distanceKm":null,"nearestTransitKm":0.3973224510939102,"spatialBurdenScore":0.10435956471042306},"geometry":{"type":"Polygon","coordinates":[[[18.48003,-33.79924],[18.48008,-33.79933],[18.48381,-33.80609],[18.47852,-33.80826],[18.47736,-33.80809],[18.47598,-33.80665],[18.47583,-33.806],[18.47586,-33.80187],[18.47671,-33.80051],[18.48003,-33.79924]]]}},{"type":"Feature","properties":{"id":"199014005","name":"Sunningdale","commuteMinutes":12.19,"nearestJobCenter":"Montague Gardens","distanceKm":null,"nearestTransitKm":0.3914423221839557,"spatialBurdenScore":0.0969243595540249},"geometry":{"type":"Polygon","coordinates":[[[18.49322,-33.8169],[18.49239,-33.81597],[18.49086,-33.81533],[18.48859,-33.81543],[18.48801,-33.81406],[18.48546,-33.80914],[18.48381,-33.80609],[18.48008,-33.79933],[18.4832,-33.79809],[18.48572,-33.79638],[18.48884,-33.79514],[18.4926,-33.80232],[18.49276,-33.80271],[18.49436,-33.80575],[18.49368,-33.80991],[18.49413,-33.81507],[18.49295,-33.81513],[18.49322,-33.8169]]]}},{"type":"Feature","properties":{"id":"199014006","name":"Parklands","commuteMinutes":10.76,"nearestJobCenter":"Montague Gardens","distanceKm":null,"nearestTransitKm":1.4481304672322501,"spatialBurdenScore":0.12965855202262333},"geometry":{"type":"Polygon","coordinates":[[[18.51948,-33.81625],[18.51928,-33.81761],[18.51621,-33.81728],[18.51384,-33.81755],[18.51172,-33.81813],[18.5091,-33.81814],[18.50703,-33.81843],[18.50596,-33.81904],[18.50492,-33.81934],[18.50177,-33.81942],[18.49913,-33.81902],[18.49834,-33.81901],[18.49625,-33.8194],[18.49475,-33.8188],[18.49322,-33.8169],[18.49295,-33.81513],[18.49413,-33.81507],[18.49368,-33.80991],[18.49436,-33.80575],[18.49276,-33.80271],[18.49357,-33.80225],[18.49806,-33.80137],[18.50251,-33.80084],[18.50261,-33.80168],[18.50327,-33.80196],[18.50316,-33.80352],[18.50413,-33.80654],[18.5042,-33.80852],[18.50518,-33.81128],[18.50675,-33.81345],[18.50777,-33.81303],[18.50935,-33.8118],[18.50972,-33.81214],[18.50957,-33.81267],[18.51093,-33.81407],[18.50996,-33.8146],[18.51085,-33.81549],[18.51122,-33.81523],[18.5117,-33.81618],[18.51232,-33.81622],[18.51401,-33.81585],[18.51458,-33.81512],[18.51599,-33.81497],[18.51714,-33.81506],[18.51719,-33.8154],[18.51903,-33.815],[18.51901,-33.81619],[18.51948,-33.81625]]]}},{"type":"Feature","properties":{"id":"199014007","name":"Parklands Ext","commuteMinutes":10.44,"nearestJobCenter":"Montague Gardens","distanceKm":null,"nearestTransitKm":2.19237278097649,"spatialBurdenScore":0.1572949112390596},"geometry":{"type":"Polygon","coordinates":[[[18.51948,-33.81625],[18.51901,-33.81619],[18.51903,-33.815],[18.51719,-33.8154],[18.51714,-33.81506],[18.51599,-33.81497],[18.51458,-33.81512],[18.51401,-33.81585],[18.51232,-33.81622],[18.5117,-33.81618],[18.51122,-33.81523],[18.51085,-33.81549],[18.50996,-33.8146],[18.51093,-33.81407],[18.50957,-33.81267],[18.50972,-33.81214],[18.50935,-33.8118],[18.50777,-33.81303],[18.50675,-33.81345],[18.50518,-33.81128],[18.5042,-33.80852],[18.50413,-33.80654],[18.50316,-33.80352],[18.50327,-33.80196],[18.50261,-33.80168],[18.50251,-33.80084],[18.50915,-33.8011],[18.50987,-33.80085],[18.51111,-33.8008],[18.51207,-33.80051],[18.5125,-33.80143],[18.51269,-33.80137],[18.51315,-33.80263],[18.51378,-33.80362],[18.51443,-33.80419],[18.51515,-33.80449],[18.514,-33.80531],[18.51348,-33.80589],[18.51505,-33.8071],[18.51557,-33.80785],[18.5194,-33.81473],[18.51948,-33.81625]]]}},{"type":"Feature","properties":{"id":"199014008","name":"Doornbach","commuteMinutes":8.45,"nearestJobCenter":"Montague Gardens","distanceKm":null,"nearestTransitKm":0.2272047455874152,"spatialBurdenScore":0.06542152315682993},"geometry":{"type":"Polygon","coordinates":[[[18.54264,-33.8097],[18.53953,-33.81289],[18.53765,-33.81498],[18.53491,-33.81868],[18.53174,-33.8139],[18.53038,-33.81199],[18.53062,-33.81193],[18.53523,-33.8084],[18.53683,-33.80708],[18.53746,-33.8067],[18.53855,-33.80655],[18.53906,-33.80667],[18.53989,-33.80631],[18.54074,-33.80623],[18.54264,-33.8097]]]}},{"type":"Feature","properties":{"id":"199014009","name":"Dunoon","commuteMinutes":7.81,"nearestJobCenter":"Montague Gardens","distanceKm":null,"nearestTransitKm":0.5104973364169526,"spatialBurdenScore":0.07248656012334477},"geometry":{"type":"Polygon","coordinates":[[[18.53998,-33.82906],[18.53938,-33.82923],[18.53955,-33.82788],[18.53943,-33.82641],[18.53888,-33.82466],[18.53852,-33.82407],[18.53491,-33.81868],[18.53765,-33.81498],[18.53953,-33.81289],[18.54264,-33.8097],[18.543,-33.80931],[18.54601,-33.81327],[18.54388,-33.8189],[18.53998,-33.82906]],[[18.54119,-33.81888],[18.54286,-33.81952],[18.5433,-33.81837],[18.54179,-33.8178],[18.54119,-33.81888]]]}},{"type":"Feature","properties":{"id":"199014010","name":"Dunoon School Site Informal","commuteMinutes":8.27,"nearestJobCenter":"Montague Gardens","distanceKm":null,"nearestTransitKm":0.5738267472301392,"spatialBurdenScore":0.07808640322253889},"geometry":{"type":"Polygon","coordinates":[[[18.54119,-33.81888],[18.54179,-33.8178],[18.5433,-33.81837],[18.54286,-33.81952],[18.54119,-33.81888]]]}},{"type":"Feature","properties":{"id":"199014011","name":"Blouberg Rise","commuteMinutes":12,"nearestJobCenter":"Montague Gardens","distanceKm":null,"nearestTransitKm":0.36220474935858155,"spatialBurdenScore":0.09448818997434327},"geometry":{"type":"Polygon","coordinates":[[[18.48859,-33.81543],[18.48885,-33.81628],[18.48898,-33.81801],[18.4889,-33.81876],[18.48512,-33.81778],[18.48458,-33.81781],[18.48297,-33.81598],[18.47895,-33.81466],[18.47886,-33.81468],[18.47763,-33.8134],[18.47952,-33.81208],[18.48173,-33.81153],[18.48191,-33.81111],[18.48508,-33.80923],[18.48546,-33.80914],[18.48801,-33.81406],[18.48859,-33.81543]]]}},{"type":"Feature","properties":{"id":"199014012","name":"Bloubergrant","commuteMinutes":11.77,"nearestJobCenter":"Montague Gardens","distanceKm":null,"nearestTransitKm":1.0022451800359538,"spatialBurdenScore":0.1185564738681048},"geometry":{"type":"Polygon","coordinates":[[[18.47326,-33.81198],[18.47734,-33.81312],[18.47763,-33.8134],[18.47886,-33.81468],[18.47975,-33.81827],[18.47766,-33.81951],[18.47712,-33.81903],[18.47714,-33.8185],[18.47314,-33.81241],[18.47326,-33.81198]]]}},{"type":"Feature","properties":{"id":"199014013","name":"Table View","commuteMinutes":9.39,"nearestJobCenter":"Montague Gardens","distanceKm":null,"nearestTransitKm":0.22863432869713804,"spatialBurdenScore":0.07174537314788552},"geometry":{"type":"Polygon","coordinates":[[[18.47326,-33.81198],[18.47314,-33.81241],[18.47714,-33.8185],[18.47712,-33.81903],[18.47766,-33.81951],[18.47975,-33.81827],[18.47886,-33.81468],[18.47895,-33.81466],[18.48297,-33.81598],[18.48458,-33.81781],[18.48512,-33.81778],[18.4889,-33.81876],[18.48898,-33.81801],[18.48885,-33.81628],[18.48859,-33.81543],[18.49086,-33.81533],[18.49239,-33.81597],[18.49322,-33.8169],[18.49475,-33.8188],[18.49625,-33.8194],[18.49834,-33.81901],[18.49913,-33.81902],[18.50177,-33.81942],[18.50492,-33.81934],[18.50596,-33.81904],[18.50703,-33.81843],[18.5091,-33.81814],[18.51172,-33.81813],[18.51384,-33.81755],[18.51621,-33.81728],[18.51928,-33.81761],[18.51899,-33.81971],[18.51566,-33.8194],[18.51527,-33.81991],[18.51442,-33.81976],[18.51248,-33.82007],[18.5124,-33.8212],[18.51317,-33.82151],[18.51295,-33.82281],[18.50992,-33.822],[18.5094,-33.82335],[18.50904,-33.82428],[18.50829,-33.82412],[18.50697,-33.8276],[18.50791,-33.82806],[18.5083,-33.82873],[18.5146,-33.8304],[18.51569,-33.83027],[18.51786,-33.82941],[18.51919,-33.8325],[18.51921,-33.83278],[18.52097,-33.83321],[18.52013,-33.83649],[18.51963,-33.83712],[18.51815,-33.83955],[18.5174,-33.84045],[18.51603,-33.83982],[18.51506,-33.83965],[18.51376,-33.83984],[18.51275,-33.84067],[18.51152,-33.84008],[18.51117,-33.83936],[18.50988,-33.83727],[18.50939,-33.83749],[18.50594,-33.83189],[18.50552,-33.83229],[18.50348,-33.83175],[18.50291,-33.83084],[18.50178,-33.83133],[18.50026,-33.83067],[18.50051,-33.83037],[18.50008,-33.82996],[18.49871,-33.83055],[18.49819,-33.82972],[18.49676,-33.83034],[18.49598,-33.82909],[18.49538,-33.82936],[18.49461,-33.83005],[18.49233,-33.82962],[18.49022,-33.83053],[18.4901,-33.83068],[18.49179,-33.83409],[18.49174,-33.83415],[18.49049,-33.83415],[18.48927,-33.83168],[18.48878,-33.83169],[18.48832,-33.83077],[18.48673,-33.83087],[18.4855,-33.83054],[18.4849,-33.8312],[18.48424,-33.83108],[18.48389,-33.83236],[18.48383,-33.834],[18.48398,-33.83492],[18.48191,-33.83495],[18.4816,-33.8339],[18.48035,-33.831],[18.47958,-33.82975],[18.47834,-33.82742],[18.4772,-33.82555],[18.47625,-33.82374],[18.47507,-33.82106],[18.47435,-33.82007],[18.47417,-33.81947],[18.47292,-33.81764],[18.47117,-33.81538],[18.46956,-33.81281],[18.46916,-33.81193],[18.46809,-33.8103],[18.46739,-33.80947],[18.46902,-33.80877],[18.46938,-33.80861],[18.47155,-33.8119],[18.47209,-33.81167],[18.47326,-33.81198]]]}},{"type":"Feature","properties":{"id":"199014014","name":"West Riding","commuteMinutes":7.53,"nearestJobCenter":"Montague Gardens","distanceKm":null,"nearestTransitKm":1.0283569788950198,"spatialBurdenScore":0.0913342791558008},"geometry":{"type":"Polygon","coordinates":[[[18.51899,-33.81971],[18.51882,-33.82084],[18.51698,-33.82535],[18.5094,-33.82335],[18.50992,-33.822],[18.51295,-33.82281],[18.51317,-33.82151],[18.5124,-33.8212],[18.51248,-33.82007],[18.51442,-33.81976],[18.51527,-33.81991],[18.51566,-33.8194],[18.51899,-33.81971]]]}},{"type":"Feature","properties":{"id":"199014015","name":"Sunridge","commuteMinutes":7.47,"nearestJobCenter":"Montague Gardens","distanceKm":null,"nearestTransitKm":0.39617465082828784,"spatialBurdenScore":0.0656469860331315},"geometry":{"type":"Polygon","coordinates":[[[18.51698,-33.82535],[18.51632,-33.82698],[18.51786,-33.82941],[18.51569,-33.83027],[18.5146,-33.8304],[18.5083,-33.82873],[18.50791,-33.82806],[18.50697,-33.8276],[18.50829,-33.82412],[18.50904,-33.82428],[18.5094,-33.82335],[18.51698,-33.82535]]]}},{"type":"Feature","properties":{"id":"199014016","name":"Rosendal","commuteMinutes":7.1,"nearestJobCenter":"Montague Gardens","distanceKm":null,"nearestTransitKm":0.5869662709053722,"spatialBurdenScore":0.07081198416954823},"geometry":{"type":"Polygon","coordinates":[[[18.52097,-33.83321],[18.51921,-33.83278],[18.51919,-33.8325],[18.51786,-33.82941],[18.51632,-33.82698],[18.51698,-33.82535],[18.51882,-33.82084],[18.51985,-33.82079],[18.51937,-33.82138],[18.51907,-33.82278],[18.51924,-33.8234],[18.519,-33.82372],[18.51956,-33.82526],[18.51941,-33.82529],[18.5185,-33.82688],[18.51827,-33.82687],[18.51775,-33.82794],[18.51912,-33.82924],[18.52017,-33.82987],[18.52061,-33.83073],[18.52066,-33.83233],[18.52097,-33.83321]]]}},{"type":"Feature","properties":{"id":"199014017","name":"Kellarney","commuteMinutes":6.25,"nearestJobCenter":"Montague Gardens","distanceKm":null,"nearestTransitKm":0.21041217941166165,"spatialBurdenScore":0.05008315384313313},"geometry":{"type":"Polygon","coordinates":[[[18.53491,-33.81868],[18.53342,-33.82073],[18.53093,-33.824],[18.52913,-33.82659],[18.52853,-33.82777],[18.52618,-33.83328],[18.52583,-33.83452],[18.52223,-33.83359],[18.52203,-33.83347],[18.5223,-33.83294],[18.52254,-33.83116],[18.52156,-33.82904],[18.52064,-33.82812],[18.52069,-33.82792],[18.52196,-33.82739],[18.52225,-33.82703],[18.52471,-33.82285],[18.52652,-33.81953],[18.52712,-33.81886],[18.52794,-33.81906],[18.53174,-33.8139],[18.53491,-33.81868]]]}},{"type":"Feature","properties":{"id":"199014018","name":"Killarney Gardens","commuteMinutes":7.86,"nearestJobCenter":"Montague Gardens","distanceKm":null,"nearestTransitKm":0.2707622529084949,"spatialBurdenScore":0.0632304901163398},"geometry":{"type":"Polygon","coordinates":[[[18.53938,-33.82923],[18.53911,-33.82916],[18.52685,-33.83478],[18.52583,-33.83452],[18.52618,-33.83328],[18.52853,-33.82777],[18.52913,-33.82659],[18.53093,-33.824],[18.53342,-33.82073],[18.53491,-33.81868],[18.53852,-33.82407],[18.53888,-33.82466],[18.53943,-33.82641],[18.53955,-33.82788],[18.53938,-33.82923]]]}},{"type":"Feature","properties":{"id":"199014019","name":"Milnerton Industrial","commuteMinutes":6.63,"nearestJobCenter":"Montague Gardens","distanceKm":null,"nearestTransitKm":0.5316659512602722,"spatialBurdenScore":0.06546663805041089},"geometry":{"type":"Polygon","coordinates":[[[18.53998,-33.82906],[18.53747,-33.83558],[18.53337,-33.84621],[18.53275,-33.84818],[18.52238,-33.84484],[18.52221,-33.84462],[18.51852,-33.84311],[18.51984,-33.84085],[18.52207,-33.83608],[18.52223,-33.83359],[18.52583,-33.83452],[18.52685,-33.83478],[18.53911,-33.82916],[18.53938,-33.82923],[18.53998,-33.82906]]]}},{"type":"Feature","properties":{"id":"199014020","name":"Richwood","commuteMinutes":7.96,"nearestJobCenter":"Montague Gardens","distanceKm":null,"nearestTransitKm":1.5024369197644925,"spatialBurdenScore":0.11316414345724637},"geometry":{"type":"Polygon","coordinates":[[[18.53747,-33.83558],[18.53998,-33.82906],[18.54027,-33.82862],[18.54145,-33.82808],[18.54161,-33.82831],[18.54778,-33.82831],[18.54966,-33.8311],[18.54622,-33.83483],[18.54511,-33.83665],[18.54471,-33.83765],[18.53859,-33.83586],[18.53747,-33.83558]]]}},{"type":"Feature","properties":{"id":"199014021","name":"Flamingo Vlei","commuteMinutes":8.93,"nearestJobCenter":"Montague Gardens","distanceKm":null,"nearestTransitKm":0.5869911421695063,"spatialBurdenScore":0.08301297902011359},"geometry":{"type":"Polygon","coordinates":[[[18.51117,-33.83936],[18.49871,-33.83841],[18.49211,-33.83475],[18.49174,-33.83415],[18.49179,-33.83409],[18.4901,-33.83068],[18.49022,-33.83053],[18.49233,-33.82962],[18.49461,-33.83005],[18.49538,-33.82936],[18.49598,-33.82909],[18.49676,-33.83034],[18.49819,-33.82972],[18.49871,-33.83055],[18.50008,-33.82996],[18.50051,-33.83037],[18.50026,-33.83067],[18.50178,-33.83133],[18.50291,-33.83084],[18.50348,-33.83175],[18.50552,-33.83229],[18.50594,-33.83189],[18.50939,-33.83749],[18.50988,-33.83727],[18.51117,-33.83936]]]}},{"type":"Feature","properties":{"id":"199015001","name":"Rietvlei Nature Area","commuteMinutes":8.23,"nearestJobCenter":"Montague Gardens","distanceKm":null,"nearestTransitKm":0.28817030993893433,"spatialBurdenScore":0.06639347906422405},"geometry":{"type":"Polygon","coordinates":[[[18.49174,-33.83415],[18.49211,-33.83475],[18.49871,-33.83841],[18.51117,-33.83936],[18.51152,-33.84008],[18.51275,-33.84067],[18.51376,-33.83984],[18.51506,-33.83965],[18.51603,-33.83982],[18.5174,-33.84045],[18.51815,-33.83955],[18.51963,-33.83712],[18.52013,-33.83649],[18.52097,-33.83321],[18.52203,-33.83347],[18.52223,-33.83359],[18.52207,-33.83608],[18.51984,-33.84085],[18.51852,-33.84311],[18.51747,-33.84464],[18.51569,-33.84806],[18.51444,-33.84808],[18.51283,-33.84839],[18.51135,-33.84852],[18.50977,-33.8494],[18.51001,-33.84989],[18.50835,-33.85115],[18.50849,-33.8515],[18.50713,-33.85278],[18.50427,-33.85433],[18.50218,-33.85643],[18.50085,-33.85849],[18.50099,-33.85957],[18.5012,-33.86055],[18.50096,-33.86141],[18.50057,-33.86185],[18.49999,-33.86182],[18.49684,-33.8656],[18.49609,-33.86707],[18.49594,-33.86794],[18.49594,-33.87004],[18.49552,-33.87181],[18.4949,-33.87282],[18.49414,-33.87363],[18.49242,-33.87514],[18.49145,-33.87627],[18.49091,-33.87743],[18.49068,-33.87874],[18.49127,-33.88232],[18.49085,-33.88233],[18.49077,-33.88357],[18.49029,-33.88464],[18.48905,-33.88628],[18.4865,-33.88893],[18.48529,-33.89061],[18.48451,-33.89038],[18.48255,-33.89013],[18.48323,-33.88885],[18.48474,-33.88923],[18.48537,-33.88826],[18.4864,-33.88709],[18.48925,-33.88407],[18.48967,-33.88305],[18.48966,-33.88183],[18.48968,-33.88133],[18.48899,-33.87993],[18.4893,-33.87872],[18.48942,-33.87723],[18.49006,-33.87666],[18.49112,-33.875],[18.49141,-33.87416],[18.49253,-33.87314],[18.49282,-33.87237],[18.4944,-33.87143],[18.4946,-33.87049],[18.49293,-33.86778],[18.49263,-33.86627],[18.49284,-33.86611],[18.49296,-33.86133],[18.49544,-33.85895],[18.49565,-33.85818],[18.49549,-33.85765],[18.49444,-33.85762],[18.49719,-33.85663],[18.49665,-33.85564],[18.49624,-33.85337],[18.49588,-33.85229],[18.49496,-33.8507],[18.49405,-33.84971],[18.48982,-33.84631],[18.48889,-33.84543],[18.48776,-33.84387],[18.48642,-33.84439],[18.48581,-33.84441],[18.48525,-33.84289],[18.48456,-33.84149],[18.48297,-33.83703],[18.48191,-33.83495],[18.48398,-33.83492],[18.48383,-33.834],[18.48389,-33.83236],[18.48424,-33.83108],[18.4849,-33.8312],[18.4855,-33.83054],[18.48673,-33.83087],[18.48832,-33.83077],[18.48878,-33.83169],[18.48927,-33.83168],[18.49049,-33.83415],[18.49174,-33.83415]]]}},{"type":"Feature","properties":{"id":"199016001","name":"Milnerton","commuteMinutes":8.34,"nearestJobCenter":"Montague Gardens","distanceKm":null,"nearestTransitKm":2.1251179842884733,"spatialBurdenScore":0.14060471937153893},"geometry":{"type":"Polygon","coordinates":[[[18.55458,-33.85631],[18.54533,-33.85235],[18.54389,-33.85175],[18.53986,-33.85038],[18.54147,-33.84616],[18.5436,-33.84779],[18.55303,-33.84732],[18.55458,-33.85631]]]}},{"type":"Feature","properties":{"id":"199016002","name":"Bothasig","commuteMinutes":7.37,"nearestJobCenter":"Montague Gardens","distanceKm":null,"nearestTransitKm":1.630973440098839,"spatialBurdenScore":0.11437227093728689},"geometry":{"type":"Polygon","coordinates":[[[18.53015,-33.87392],[18.52964,-33.86946],[18.52957,-33.86705],[18.52978,-33.86434],[18.53214,-33.8516],[18.53248,-33.8497],[18.53286,-33.84821],[18.53619,-33.84928],[18.53986,-33.85038],[18.54389,-33.85175],[18.54533,-33.85235],[18.55458,-33.85631],[18.55723,-33.85744],[18.55776,-33.85991],[18.55504,-33.86034],[18.55393,-33.86059],[18.55289,-33.86112],[18.54229,-33.86885],[18.54115,-33.86964],[18.53911,-33.87058],[18.53144,-33.87331],[18.53015,-33.87392]]]}},{"type":"Feature","properties":{"id":"199016003","name":"Montague Gardens","commuteMinutes":2.51,"nearestJobCenter":"Montague Gardens","distanceKm":null,"nearestTransitKm":0.5102196152950003,"spatialBurdenScore":0.03714211794513335},"geometry":{"type":"Polygon","coordinates":[[[18.53015,-33.87392],[18.53002,-33.874],[18.52909,-33.87455],[18.52466,-33.87777],[18.52199,-33.87963],[18.52059,-33.87831],[18.51789,-33.8701],[18.51746,-33.86923],[18.51466,-33.86062],[18.51426,-33.86068],[18.51392,-33.85953],[18.51405,-33.85901],[18.51366,-33.85872],[18.51807,-33.85221],[18.52238,-33.84484],[18.53275,-33.84818],[18.53286,-33.84821],[18.53248,-33.8497],[18.53214,-33.8516],[18.52978,-33.86434],[18.52957,-33.86705],[18.52964,-33.86946],[18.53015,-33.87392]]]}},{"type":"Feature","properties":{"id":"199016004","name":"Milnerton SP","commuteMinutes":5.03,"nearestJobCenter":"Montague Gardens","distanceKm":null,"nearestTransitKm":0.29154683570217665,"spatialBurdenScore":0.0451952067614204},"geometry":{"type":"Polygon","coordinates":[[[18.51366,-33.85872],[18.51082,-33.8629],[18.50855,-33.86616],[18.49956,-33.87788],[18.49604,-33.88244],[18.49543,-33.8837],[18.49496,-33.8866],[18.49439,-33.88838],[18.49306,-33.89206],[18.49137,-33.8922],[18.49082,-33.89211],[18.48723,-33.8911],[18.48588,-33.89078],[18.48529,-33.89061],[18.4865,-33.88893],[18.48905,-33.88628],[18.49029,-33.88464],[18.49077,-33.88357],[18.49085,-33.88233],[18.49127,-33.88232],[18.49068,-33.87874],[18.49091,-33.87743],[18.49145,-33.87627],[18.49242,-33.87514],[18.49414,-33.87363],[18.4949,-33.87282],[18.49552,-33.87181],[18.49594,-33.87004],[18.49594,-33.86794],[18.49609,-33.86707],[18.49684,-33.8656],[18.49999,-33.86182],[18.50057,-33.86185],[18.50096,-33.86141],[18.5012,-33.86055],[18.50099,-33.85957],[18.50125,-33.85957],[18.50259,-33.85703],[18.50321,-33.85619],[18.50521,-33.85701],[18.50608,-33.85765],[18.51423,-33.85005],[18.51535,-33.85079],[18.51638,-33.84899],[18.51569,-33.84806],[18.51747,-33.84464],[18.51852,-33.84311],[18.52221,-33.84462],[18.52238,-33.84484],[18.51807,-33.85221],[18.51366,-33.85872]]]}},{"type":"Feature","properties":{"id":"199016005","name":"Milnerton Ridge","commuteMinutes":4.23,"nearestJobCenter":"Montague Gardens","distanceKm":null,"nearestTransitKm":0.7632010623171611,"spatialBurdenScore":0.058728042492686455},"geometry":{"type":"Polygon","coordinates":[[[18.51569,-33.84806],[18.51638,-33.84899],[18.51535,-33.85079],[18.51423,-33.85005],[18.50608,-33.85765],[18.50521,-33.85701],[18.50321,-33.85619],[18.50259,-33.85703],[18.50125,-33.85957],[18.50099,-33.85957],[18.50085,-33.85849],[18.50218,-33.85643],[18.50427,-33.85433],[18.50713,-33.85278],[18.50849,-33.8515],[18.50835,-33.85115],[18.51001,-33.84989],[18.50977,-33.8494],[18.51135,-33.84852],[18.51283,-33.84839],[18.51444,-33.84808],[18.51569,-33.84806]]]}},{"type":"Feature","properties":{"id":"199016006","name":"Sunset Beach","commuteMinutes":6.19,"nearestJobCenter":"Montague Gardens","distanceKm":null,"nearestTransitKm":0.5203683351301538,"spatialBurdenScore":0.06208140007187282},"geometry":{"type":"Polygon","coordinates":[[[18.4886,-33.86198],[18.48835,-33.85908],[18.48853,-33.85627],[18.48835,-33.8548],[18.48808,-33.85124],[18.48766,-33.85022],[18.48701,-33.84807],[18.48633,-33.84629],[18.48613,-33.84507],[18.48581,-33.84441],[18.48642,-33.84439],[18.48776,-33.84387],[18.48889,-33.84543],[18.48982,-33.84631],[18.49405,-33.84971],[18.49496,-33.8507],[18.49588,-33.85229],[18.49624,-33.85337],[18.49665,-33.85564],[18.49719,-33.85663],[18.49444,-33.85762],[18.49259,-33.85939],[18.49155,-33.86087],[18.4916,-33.86163],[18.49107,-33.86172],[18.48913,-33.86201],[18.4886,-33.86198]]]}},{"type":"Feature","properties":{"id":"199016007","name":"Sunsetlinks","commuteMinutes":8.47,"nearestJobCenter":"Montague Gardens","distanceKm":null,"nearestTransitKm":0.4318495173217741,"spatialBurdenScore":0.07374064735953763},"geometry":{"type":"Polygon","coordinates":[[[18.49107,-33.86172],[18.4916,-33.86163],[18.4919,-33.86195],[18.49173,-33.86464],[18.49238,-33.86704],[18.49094,-33.8673],[18.49159,-33.86842],[18.49141,-33.86911],[18.4926,-33.87038],[18.49339,-33.87096],[18.49252,-33.8716],[18.49208,-33.87146],[18.49015,-33.87259],[18.4897,-33.87275],[18.49074,-33.86782],[18.4901,-33.86321],[18.49107,-33.86172]]]}},{"type":"Feature","properties":{"id":"199016008","name":"Milnerton Golf Course","commuteMinutes":9.48,"nearestJobCenter":"Montague Gardens","distanceKm":null,"nearestTransitKm":0.2943231697373291,"spatialBurdenScore":0.07497292678949316},"geometry":{"type":"Polygon","coordinates":[[[18.48966,-33.88183],[18.48738,-33.88134],[18.48625,-33.88127],[18.48633,-33.88068],[18.48685,-33.8799],[18.48745,-33.8783],[18.48811,-33.8758],[18.48828,-33.87419],[18.4883,-33.87229],[18.48871,-33.87109],[18.48908,-33.86921],[18.48905,-33.86698],[18.4886,-33.86198],[18.48913,-33.86201],[18.49107,-33.86172],[18.4901,-33.86321],[18.49074,-33.86782],[18.4897,-33.87275],[18.49015,-33.87259],[18.49208,-33.87146],[18.49252,-33.8716],[18.49339,-33.87096],[18.4926,-33.87038],[18.49141,-33.86911],[18.49159,-33.86842],[18.49094,-33.8673],[18.49238,-33.86704],[18.49173,-33.86464],[18.4919,-33.86195],[18.4916,-33.86163],[18.49155,-33.86087],[18.49259,-33.85939],[18.49444,-33.85762],[18.49549,-33.85765],[18.49565,-33.85818],[18.49544,-33.85895],[18.49296,-33.86133],[18.49284,-33.86611],[18.49263,-33.86627],[18.49293,-33.86778],[18.4946,-33.87049],[18.4944,-33.87143],[18.49282,-33.87237],[18.49253,-33.87314],[18.49141,-33.87416],[18.49112,-33.875],[18.49006,-33.87666],[18.48942,-33.87723],[18.4893,-33.87872],[18.48899,-33.87993],[18.48968,-33.88133],[18.48966,-33.88183]]]}},{"type":"Feature","properties":{"id":"199016009","name":"Woodbridge Island","commuteMinutes":7.99,"nearestJobCenter":"Century City","distanceKm":null,"nearestTransitKm":0.367511291133093,"spatialBurdenScore":0.06796711831199038},"geometry":{"type":"Polygon","coordinates":[[[18.48966,-33.88183],[18.48967,-33.88305],[18.48925,-33.88407],[18.4864,-33.88709],[18.48537,-33.88826],[18.48474,-33.88923],[18.48323,-33.88885],[18.48355,-33.8882],[18.48416,-33.88626],[18.48473,-33.8854],[18.4855,-33.88378],[18.48618,-33.88183],[18.48625,-33.88127],[18.48738,-33.88134],[18.48966,-33.88183]]]}},{"type":"Feature","properties":{"id":"199016010","name":"Marconi Beam","commuteMinutes":3.35,"nearestJobCenter":"Montague Gardens","distanceKm":null,"nearestTransitKm":0.4842829578766552,"spatialBurdenScore":0.04170465164839954},"geometry":{"type":"Polygon","coordinates":[[[18.52199,-33.87963],[18.52124,-33.88013],[18.52103,-33.88005],[18.51166,-33.87867],[18.51136,-33.87925],[18.51099,-33.881],[18.50436,-33.87999],[18.50239,-33.87941],[18.49956,-33.87788],[18.50855,-33.86616],[18.51082,-33.8629],[18.51366,-33.85872],[18.51405,-33.85901],[18.51392,-33.85953],[18.51426,-33.86068],[18.51466,-33.86062],[18.51746,-33.86923],[18.51789,-33.8701],[18.52059,-33.87831],[18.52199,-33.87963]],[[18.50846,-33.87697],[18.51138,-33.87741],[18.51144,-33.87607],[18.51173,-33.87468],[18.51251,-33.87299],[18.51397,-33.87075],[18.51143,-33.86942],[18.51079,-33.8702],[18.50997,-33.86976],[18.50892,-33.86919],[18.50669,-33.87209],[18.50572,-33.87181],[18.50397,-33.87409],[18.5033,-33.87453],[18.50523,-33.87559],[18.50346,-33.87784],[18.5047,-33.87843],[18.50728,-33.87884],[18.50786,-33.8787],[18.50846,-33.87697]]]}},{"type":"Feature","properties":{"id":"199016011","name":"Joe Slovo Park","commuteMinutes":3.15,"nearestJobCenter":"Montague Gardens","distanceKm":null,"nearestTransitKm":0.5234683254089588,"spatialBurdenScore":0.04193873301635835},"geometry":{"type":"Polygon","coordinates":[[[18.50846,-33.87697],[18.50873,-33.87576],[18.50838,-33.87403],[18.50983,-33.87215],[18.50948,-33.87054],[18.50997,-33.86976],[18.51079,-33.8702],[18.51143,-33.86942],[18.51397,-33.87075],[18.51251,-33.87299],[18.51173,-33.87468],[18.51144,-33.87607],[18.51138,-33.87741],[18.50846,-33.87697]]]}},{"type":"Feature","properties":{"id":"199016012","name":"Phoenix","commuteMinutes":3.52,"nearestJobCenter":"Montague Gardens","distanceKm":null,"nearestTransitKm":0.41041455193862986,"spatialBurdenScore":0.03988324874421186},"geometry":{"type":"Polygon","coordinates":[[[18.50846,-33.87697],[18.50786,-33.8787],[18.50728,-33.87884],[18.5047,-33.87843],[18.50346,-33.87784],[18.50523,-33.87559],[18.5033,-33.87453],[18.50397,-33.87409],[18.50572,-33.87181],[18.50669,-33.87209],[18.50892,-33.86919],[18.50997,-33.86976],[18.50948,-33.87054],[18.50983,-33.87215],[18.50838,-33.87403],[18.50873,-33.87576],[18.50846,-33.87697]]]}},{"type":"Feature","properties":{"id":"199016013","name":"Edgemead","commuteMinutes":6.1,"nearestJobCenter":"Montague Gardens","distanceKm":null,"nearestTransitKm":1.367774215660655,"spatialBurdenScore":0.09537763529309286},"geometry":{"type":"Polygon","coordinates":[[[18.53804,-33.8869],[18.53606,-33.88592],[18.53497,-33.88559],[18.53307,-33.88525],[18.53118,-33.88518],[18.53051,-33.87829],[18.53002,-33.874],[18.53015,-33.87392],[18.53144,-33.87331],[18.53911,-33.87058],[18.54115,-33.86964],[18.54229,-33.86885],[18.55289,-33.86112],[18.55393,-33.86059],[18.55504,-33.86034],[18.55776,-33.85991],[18.55889,-33.86509],[18.55926,-33.86677],[18.55416,-33.87343],[18.54918,-33.87987],[18.5476,-33.88197],[18.54791,-33.88246],[18.53824,-33.88464],[18.53877,-33.88578],[18.53804,-33.8869]]]}},{"type":"Feature","properties":{"id":"199016014","name":"Monte Vista","commuteMinutes":8.6,"nearestJobCenter":"Montague Gardens","distanceKm":null,"nearestTransitKm":1.2531378302908511,"spatialBurdenScore":0.10745884654496737},"geometry":{"type":"Polygon","coordinates":[[[18.55329,-33.88994],[18.55281,-33.88993],[18.55114,-33.88753],[18.54791,-33.88246],[18.5476,-33.88197],[18.54918,-33.87987],[18.55416,-33.87343],[18.55926,-33.86677],[18.56012,-33.87075],[18.56124,-33.8757],[18.56178,-33.87809],[18.5622,-33.87911],[18.56201,-33.87932],[18.55429,-33.88938],[18.5532,-33.88955],[18.55329,-33.88994]]]}},{"type":"Feature","properties":{"id":"199016015","name":"Plattekloof Glen","commuteMinutes":8.98,"nearestJobCenter":"Century City","distanceKm":null,"nearestTransitKm":0.42121277393928686,"spatialBurdenScore":0.07671517762423814},"geometry":{"type":"Polygon","coordinates":[[[18.55338,-33.89043],[18.55329,-33.88994],[18.5532,-33.88955],[18.55429,-33.88938],[18.56201,-33.87932],[18.5622,-33.87911],[18.56225,-33.87934],[18.56386,-33.88693],[18.56429,-33.88855],[18.55581,-33.88998],[18.55338,-33.89043]]]}},{"type":"Feature","properties":{"id":"199016016","name":"North Camp Wingfield","commuteMinutes":9.14,"nearestJobCenter":"Century City","distanceKm":null,"nearestTransitKm":0.40167450763775764,"spatialBurdenScore":0.07700031363884365},"geometry":{"type":"Polygon","coordinates":[[[18.55329,-33.88994],[18.55338,-33.89043],[18.55018,-33.89096],[18.54855,-33.89102],[18.54641,-33.8907],[18.54453,-33.89016],[18.54084,-33.88835],[18.53804,-33.8869],[18.53877,-33.88578],[18.53824,-33.88464],[18.54791,-33.88246],[18.55114,-33.88753],[18.55281,-33.88993],[18.55329,-33.88994]]]}},{"type":"Feature","properties":{"id":"199016017","name":"Summer Greens","commuteMinutes":4.87,"nearestJobCenter":"Montague Gardens","distanceKm":null,"nearestTransitKm":0.0005108299535887099,"spatialBurdenScore":0.032487099864810215},"geometry":{"type":"Polygon","coordinates":[[[18.52142,-33.88991],[18.52151,-33.88884],[18.52466,-33.87777],[18.52909,-33.87455],[18.53002,-33.874],[18.53051,-33.87829],[18.53118,-33.88518],[18.5294,-33.88534],[18.52729,-33.88587],[18.52509,-33.88688],[18.5233,-33.88817],[18.52142,-33.88991]]]}},{"type":"Feature","properties":{"id":"199016018","name":"Century City","commuteMinutes":2.15,"nearestJobCenter":"Century City","distanceKm":null,"nearestTransitKm":0.049423943993916905,"spatialBurdenScore":0.01631029109309001},"geometry":{"type":"Polygon","coordinates":[[[18.52142,-33.88991],[18.50987,-33.90057],[18.50937,-33.90052],[18.50618,-33.89853],[18.50216,-33.89574],[18.50206,-33.89551],[18.50303,-33.89436],[18.50212,-33.89395],[18.50242,-33.8887],[18.50257,-33.88786],[18.50208,-33.88777],[18.50287,-33.88535],[18.50489,-33.88559],[18.50928,-33.88597],[18.50979,-33.88607],[18.51012,-33.88496],[18.51139,-33.88494],[18.51372,-33.88377],[18.51447,-33.88311],[18.51474,-33.88239],[18.51594,-33.8825],[18.51655,-33.88177],[18.51797,-33.88162],[18.51965,-33.88106],[18.52124,-33.88013],[18.52199,-33.87963],[18.52466,-33.87777],[18.52151,-33.88884],[18.52142,-33.88991]]]}},{"type":"Feature","properties":{"id":"199016019","name":"Sanddrift","commuteMinutes":2.54,"nearestJobCenter":"Century City","distanceKm":null,"nearestTransitKm":0.004171068096243798,"spatialBurdenScore":0.017100176057183083},"geometry":{"type":"Polygon","coordinates":[[[18.52124,-33.88013],[18.51965,-33.88106],[18.51797,-33.88162],[18.51655,-33.88177],[18.51594,-33.8825],[18.51474,-33.88239],[18.51447,-33.88311],[18.51372,-33.88377],[18.51139,-33.88494],[18.51012,-33.88496],[18.50979,-33.88607],[18.50928,-33.88597],[18.50489,-33.88559],[18.50384,-33.88482],[18.50361,-33.88344],[18.50436,-33.87999],[18.51099,-33.881],[18.51136,-33.87925],[18.51166,-33.87867],[18.52103,-33.88005],[18.52124,-33.88013]]]}},{"type":"Feature","properties":{"id":"199016020","name":"Tijgerhof","commuteMinutes":6.1,"nearestJobCenter":"Century City","distanceKm":null,"nearestTransitKm":0.5575535696011289,"spatialBurdenScore":0.06296880945071182},"geometry":{"type":"Polygon","coordinates":[[[18.50489,-33.88559],[18.50287,-33.88535],[18.50208,-33.88777],[18.50257,-33.88786],[18.50242,-33.8887],[18.50212,-33.89395],[18.50303,-33.89436],[18.50206,-33.89551],[18.50216,-33.89574],[18.50202,-33.89604],[18.49656,-33.89217],[18.49636,-33.89286],[18.49326,-33.89218],[18.49306,-33.89206],[18.49439,-33.88838],[18.49496,-33.8866],[18.49543,-33.8837],[18.49604,-33.88244],[18.49956,-33.87788],[18.50239,-33.87941],[18.50436,-33.87999],[18.50361,-33.88344],[18.50384,-33.88482],[18.50489,-33.88559]]]}},{"type":"Feature","properties":{"id":"199017001","name":"Kleinbosch","commuteMinutes":11.33,"nearestJobCenter":"Bellville","distanceKm":null,"nearestTransitKm":3.0790636090616075,"spatialBurdenScore":0.19869587769579763},"geometry":{"type":"Polygon","coordinates":[[[18.55889,-33.86509],[18.55776,-33.85991],[18.55723,-33.85744],[18.56135,-33.85923],[18.5632,-33.86019],[18.56554,-33.8616],[18.55889,-33.86509]]]}},{"type":"Feature","properties":{"id":"199017002","name":"Welgelegen3","commuteMinutes":11.03,"nearestJobCenter":"Montague Gardens","distanceKm":null,"nearestTransitKm":2.7137414377402314,"spatialBurdenScore":0.1820829908429426},"geometry":{"type":"Polygon","coordinates":[[[18.57041,-33.8655],[18.56672,-33.86809],[18.56401,-33.86961],[18.56207,-33.87037],[18.56012,-33.87075],[18.55926,-33.86677],[18.55889,-33.86509],[18.56554,-33.8616],[18.56703,-33.86263],[18.56842,-33.86371],[18.57041,-33.8655]]]}},{"type":"Feature","properties":{"id":"199017003","name":"Plattekloof 3","commuteMinutes":9.82,"nearestJobCenter":"Bellville","distanceKm":null,"nearestTransitKm":2.5373855683547757,"spatialBurdenScore":0.16696208940085772},"geometry":{"type":"Polygon","coordinates":[[[18.588,-33.87238],[18.5871,-33.87205],[18.57976,-33.87673],[18.57812,-33.87474],[18.57702,-33.87342],[18.57477,-33.87049],[18.5726,-33.86788],[18.57041,-33.8655],[18.56842,-33.86371],[18.56703,-33.86263],[18.57593,-33.85797],[18.57932,-33.85618],[18.57965,-33.85723],[18.58016,-33.85824],[18.57991,-33.85901],[18.58032,-33.8593],[18.5794,-33.86136],[18.57967,-33.86246],[18.58294,-33.8661],[18.58475,-33.86508],[18.58566,-33.86569],[18.58627,-33.86649],[18.58744,-33.86702],[18.58778,-33.86803],[18.58847,-33.86799],[18.58929,-33.86872],[18.58949,-33.86969],[18.58883,-33.87012],[18.58828,-33.87104],[18.588,-33.87238]]]}},{"type":"Feature","properties":{"id":"199017004","name":"Welgelegen2","commuteMinutes":10.8,"nearestJobCenter":"Bellville","distanceKm":null,"nearestTransitKm":2.1070586394631876,"spatialBurdenScore":0.15628234557852752},"geometry":{"type":"Polygon","coordinates":[[[18.56124,-33.8757],[18.56012,-33.87075],[18.56207,-33.87037],[18.56401,-33.86961],[18.56672,-33.86809],[18.57041,-33.8655],[18.5726,-33.86788],[18.57477,-33.87049],[18.57259,-33.87155],[18.56578,-33.87401],[18.56124,-33.8757]]]}},{"type":"Feature","properties":{"id":"199017005","name":"Welgelegen1","commuteMinutes":11.83,"nearestJobCenter":"Century City","distanceKm":null,"nearestTransitKm":1.524420856322438,"spatialBurdenScore":0.13984350091956418},"geometry":{"type":"Polygon","coordinates":[[[18.56399,-33.87998],[18.56225,-33.87934],[18.5622,-33.87911],[18.56178,-33.87809],[18.56124,-33.8757],[18.56578,-33.87401],[18.57259,-33.87155],[18.57477,-33.87049],[18.57702,-33.87342],[18.57812,-33.87474],[18.57036,-33.87757],[18.56969,-33.87791],[18.56399,-33.87998]]]}},{"type":"Feature","properties":{"id":"199017006","name":"Panorama","commuteMinutes":9.57,"nearestJobCenter":"Bellville","distanceKm":null,"nearestTransitKm":1.027192874123545,"spatialBurdenScore":0.1048877149649418},"geometry":{"type":"Polygon","coordinates":[[[18.57902,-33.88405],[18.57397,-33.88443],[18.5739,-33.88428],[18.57124,-33.88314],[18.57093,-33.8823],[18.56946,-33.88233],[18.56785,-33.8817],[18.56399,-33.87998],[18.56969,-33.87791],[18.57036,-33.87757],[18.57812,-33.87474],[18.57976,-33.87673],[18.58224,-33.87975],[18.57749,-33.881],[18.57902,-33.88405]]]}},{"type":"Feature","properties":{"id":"199017007","name":"Plattekloof 2","commuteMinutes":10.35,"nearestJobCenter":"Bellville","distanceKm":null,"nearestTransitKm":1.7515591580668828,"spatialBurdenScore":0.1390623663226753},"geometry":{"type":"Polygon","coordinates":[[[18.58385,-33.8828],[18.58315,-33.88095],[18.58224,-33.87975],[18.57976,-33.87673],[18.5871,-33.87205],[18.588,-33.87238],[18.58752,-33.8728],[18.58732,-33.8734],[18.58743,-33.8744],[18.5879,-33.87542],[18.58874,-33.87636],[18.58984,-33.87688],[18.58946,-33.87817],[18.58966,-33.87872],[18.58916,-33.87989],[18.58833,-33.88039],[18.58443,-33.88245],[18.58385,-33.8828]]]}},{"type":"Feature","properties":{"id":"199017008","name":"Sonnendal","commuteMinutes":8.15,"nearestJobCenter":"Bellville","distanceKm":null,"nearestTransitKm":1.2972799407970521,"spatialBurdenScore":0.10622453096521542},"geometry":{"type":"Polygon","coordinates":[[[18.58385,-33.8828],[18.58387,-33.88287],[18.58172,-33.88389],[18.58111,-33.88402],[18.57902,-33.88405],[18.57749,-33.881],[18.58224,-33.87975],[18.58315,-33.88095],[18.58385,-33.8828]]]}},{"type":"Feature","properties":{"id":"199017009","name":"Plattekloof 1","commuteMinutes":8.26,"nearestJobCenter":"Bellville","distanceKm":null,"nearestTransitKm":1.4980328953182482,"spatialBurdenScore":0.1149879824793966},"geometry":{"type":"Polygon","coordinates":[[[18.594,-33.88428],[18.59291,-33.88505],[18.59138,-33.88466],[18.5895,-33.88447],[18.58808,-33.88445],[18.58422,-33.88471],[18.58387,-33.88287],[18.58385,-33.8828],[18.58443,-33.88245],[18.58833,-33.88039],[18.58916,-33.87989],[18.58966,-33.87872],[18.59085,-33.87981],[18.59163,-33.88121],[18.59321,-33.88353],[18.594,-33.88428]]]}},{"type":"Feature","properties":{"id":"199017010","name":"Northgate","commuteMinutes":8.99,"nearestJobCenter":"Bellville","distanceKm":null,"nearestTransitKm":0.8095309034991766,"spatialBurdenScore":0.0923145694733004},"geometry":{"type":"Polygon","coordinates":[[[18.57383,-33.88693],[18.57329,-33.88453],[18.57397,-33.88443],[18.57902,-33.88405],[18.58111,-33.88402],[18.58172,-33.88389],[18.58387,-33.88287],[18.58422,-33.88471],[18.58155,-33.88536],[18.57715,-33.88636],[18.57383,-33.88693]]]}},{"type":"Feature","properties":{"id":"199017011","name":"De Duin","commuteMinutes":9.48,"nearestJobCenter":"Bellville","distanceKm":null,"nearestTransitKm":0.5895707233737754,"spatialBurdenScore":0.08678282893495101},"geometry":{"type":"Polygon","coordinates":[[[18.57397,-33.88443],[18.57329,-33.88453],[18.57383,-33.88693],[18.56712,-33.88806],[18.56771,-33.88195],[18.56785,-33.8817],[18.56946,-33.88233],[18.57093,-33.8823],[18.57124,-33.88314],[18.5739,-33.88428],[18.57397,-33.88443]]]}},{"type":"Feature","properties":{"id":"199017012","name":"Kaapzicht","commuteMinutes":9.94,"nearestJobCenter":"Bellville","distanceKm":null,"nearestTransitKm":0.6100071607331004,"spatialBurdenScore":0.09066695309599068},"geometry":{"type":"Polygon","coordinates":[[[18.56399,-33.87998],[18.56785,-33.8817],[18.56771,-33.88195],[18.56712,-33.88806],[18.56429,-33.88855],[18.56386,-33.88693],[18.56225,-33.87934],[18.56399,-33.87998]]]}},{"type":"Feature","properties":{"id":"199017013","name":"Parow North","commuteMinutes":7.85,"nearestJobCenter":"Bellville","distanceKm":null,"nearestTransitKm":0.5294529484673829,"spatialBurdenScore":0.07351145127202864},"geometry":{"type":"Polygon","coordinates":[[[18.59077,-33.89365],[18.58849,-33.89324],[18.588,-33.89488],[18.58717,-33.8946],[18.58665,-33.8949],[18.58311,-33.89559],[18.58294,-33.8955],[18.57387,-33.89116],[18.57102,-33.88986],[18.5696,-33.88943],[18.56805,-33.88919],[18.56652,-33.88915],[18.56462,-33.88938],[18.56429,-33.88855],[18.56712,-33.88806],[18.57383,-33.88693],[18.57715,-33.88636],[18.58155,-33.88536],[18.58422,-33.88471],[18.58808,-33.88445],[18.5895,-33.88447],[18.59138,-33.88466],[18.59291,-33.88505],[18.59206,-33.88591],[18.58995,-33.88778],[18.59008,-33.89139],[18.59166,-33.89172],[18.59077,-33.89365]]]}},{"type":"Feature","properties":{"id":"199017014","name":"De Tijger","commuteMinutes":6.45,"nearestJobCenter":"Bellville","distanceKm":null,"nearestTransitKm":0.8070144179933914,"spatialBurdenScore":0.07528057671973566},"geometry":{"type":"Polygon","coordinates":[[[18.59659,-33.89431],[18.59505,-33.89431],[18.5951,-33.89396],[18.59313,-33.8939],[18.59311,-33.89428],[18.59226,-33.89417],[18.59077,-33.89365],[18.59166,-33.89172],[18.59008,-33.89139],[18.58995,-33.88778],[18.59206,-33.88591],[18.59291,-33.88505],[18.59408,-33.88548],[18.59972,-33.88847],[18.60112,-33.88902],[18.60099,-33.88973],[18.59751,-33.88973],[18.59751,-33.8917],[18.59658,-33.89173],[18.59659,-33.89431]]]}},{"type":"Feature","properties":{"id":"199017015","name":"Avondale","commuteMinutes":5.08,"nearestJobCenter":"Bellville","distanceKm":null,"nearestTransitKm":0.2960626948203092,"spatialBurdenScore":0.04570917445947903},"geometry":{"type":"Polygon","coordinates":[[[18.60582,-33.88948],[18.60627,-33.8944],[18.60227,-33.8944],[18.60126,-33.8945],[18.60185,-33.9031],[18.5967,-33.90402],[18.59662,-33.90341],[18.59681,-33.90176],[18.59746,-33.89432],[18.59659,-33.89431],[18.59658,-33.89173],[18.59751,-33.8917],[18.59751,-33.88973],[18.60099,-33.88973],[18.60112,-33.88902],[18.60266,-33.88939],[18.60385,-33.88952],[18.60582,-33.88948]]]}},{"type":"Feature","properties":{"id":"199017016","name":"Oostersee","commuteMinutes":4.28,"nearestJobCenter":"Bellville","distanceKm":null,"nearestTransitKm":0.09161283977191381,"spatialBurdenScore":0.032197846924209884},"geometry":{"type":"Polygon","coordinates":[[[18.60185,-33.9031],[18.60126,-33.8945],[18.60227,-33.8944],[18.60627,-33.8944],[18.60681,-33.89441],[18.60645,-33.89989],[18.60799,-33.90075],[18.6101,-33.90214],[18.60821,-33.9022],[18.60573,-33.9024],[18.60185,-33.9031]]]}},{"type":"Feature","properties":{"id":"199017017","name":"Parow East","commuteMinutes":4.17,"nearestJobCenter":"Bellville","distanceKm":null,"nearestTransitKm":0.2858098058101705,"spatialBurdenScore":0.03923239223240682},"geometry":{"type":"Polygon","coordinates":[[[18.59064,-33.90892],[18.59049,-33.90811],[18.59193,-33.9079],[18.59135,-33.90498],[18.5967,-33.90402],[18.60185,-33.9031],[18.60573,-33.9024],[18.60821,-33.9022],[18.6101,-33.90214],[18.61117,-33.90208],[18.61136,-33.90426],[18.61029,-33.90518],[18.60967,-33.90635],[18.60373,-33.90717],[18.59777,-33.90793],[18.59064,-33.90892]]]}},{"type":"Feature","properties":{"id":"199017018","name":"Fairfield Estate","commuteMinutes":5.74,"nearestJobCenter":"Bellville","distanceKm":null,"nearestTransitKm":0.21362214777851302,"spatialBurdenScore":0.04681155257780718},"geometry":{"type":"Polygon","coordinates":[[[18.59659,-33.89431],[18.59746,-33.89432],[18.59681,-33.90176],[18.59662,-33.90341],[18.5967,-33.90402],[18.59135,-33.90498],[18.58899,-33.9054],[18.59082,-33.89925],[18.59226,-33.89417],[18.59311,-33.89428],[18.59313,-33.8939],[18.5951,-33.89396],[18.59505,-33.89431],[18.59659,-33.89431]]]}},{"type":"Feature","properties":{"id":"199017019","name":"Clamhall","commuteMinutes":6.86,"nearestJobCenter":"Bellville","distanceKm":null,"nearestTransitKm":0.12255898437388883,"spatialBurdenScore":0.05063569270828888},"geometry":{"type":"Polygon","coordinates":[[[18.59077,-33.89365],[18.59226,-33.89417],[18.59082,-33.89925],[18.58672,-33.89996],[18.58617,-33.8985],[18.58625,-33.89759],[18.58672,-33.89507],[18.58665,-33.8949],[18.58717,-33.8946],[18.588,-33.89488],[18.58849,-33.89324],[18.59077,-33.89365]]]}},{"type":"Feature","properties":{"id":"199017020","name":"Churchill Estate","commuteMinutes":7.8,"nearestJobCenter":"Bellville","distanceKm":null,"nearestTransitKm":0.42642539839488897,"spatialBurdenScore":0.06905701593579555},"geometry":{"type":"Polygon","coordinates":[[[18.58672,-33.89996],[18.57197,-33.90252],[18.57041,-33.90275],[18.56961,-33.90082],[18.56825,-33.8978],[18.57095,-33.89732],[18.5732,-33.89717],[18.58294,-33.8955],[18.58311,-33.89559],[18.58665,-33.8949],[18.58672,-33.89507],[18.58625,-33.89759],[18.58617,-33.8985],[18.58672,-33.89996]]]}},{"type":"Feature","properties":{"id":"199017021","name":"Parow Gholf Course","commuteMinutes":9.28,"nearestJobCenter":"Bellville","distanceKm":null,"nearestTransitKm":0.3495138416549627,"spatialBurdenScore":0.07584722033286516},"geometry":{"type":"Polygon","coordinates":[[[18.58294,-33.8955],[18.5732,-33.89717],[18.57095,-33.89732],[18.56825,-33.8978],[18.56645,-33.89381],[18.56462,-33.88938],[18.56652,-33.88915],[18.56805,-33.88919],[18.5696,-33.88943],[18.57102,-33.88986],[18.57387,-33.89116],[18.58294,-33.8955]]]}},{"type":"Feature","properties":{"id":"199017022","name":"Glenlily","commuteMinutes":7.16,"nearestJobCenter":"Bellville","distanceKm":null,"nearestTransitKm":0.6993211992865004,"spatialBurdenScore":0.07570618130479335},"geometry":{"type":"Polygon","coordinates":[[[18.57656,-33.90757],[18.57565,-33.9066],[18.57143,-33.9045],[18.57093,-33.90402],[18.57041,-33.90275],[18.57197,-33.90252],[18.58672,-33.89996],[18.59082,-33.89925],[18.58899,-33.9054],[18.57656,-33.90757]]]}},{"type":"Feature","properties":{"id":"199017023","name":"Parow SP","commuteMinutes":6.52,"nearestJobCenter":"Bellville","distanceKm":null,"nearestTransitKm":0.1896718105483855,"spatialBurdenScore":0.05105353908860208},"geometry":{"type":"Polygon","coordinates":[[[18.57765,-33.91067],[18.57656,-33.90757],[18.58899,-33.9054],[18.59135,-33.90498],[18.59193,-33.9079],[18.59049,-33.90811],[18.59064,-33.90892],[18.58604,-33.90954],[18.57914,-33.91055],[18.57765,-33.91067]]]}},{"type":"Feature","properties":{"id":"199017024","name":"Parow Valley","commuteMinutes":6.99,"nearestJobCenter":"Bellville","distanceKm":null,"nearestTransitKm":0.6687331056337961,"spatialBurdenScore":0.07334932422535184},"geometry":{"type":"Polygon","coordinates":[[[18.59939,-33.91632],[18.59497,-33.917],[18.59511,-33.91759],[18.59362,-33.91783],[18.59372,-33.91834],[18.59079,-33.9188],[18.59067,-33.91825],[18.58924,-33.91845],[18.58907,-33.91784],[18.58792,-33.91801],[18.58638,-33.91056],[18.58604,-33.90954],[18.59064,-33.90892],[18.59777,-33.90793],[18.59803,-33.9096],[18.59939,-33.91632]]]}},{"type":"Feature","properties":{"id":"199017025","name":"Klipkop","commuteMinutes":6.58,"nearestJobCenter":"Bellville","distanceKm":null,"nearestTransitKm":0.5674387872750228,"spatialBurdenScore":0.06656421815766758},"geometry":{"type":"Polygon","coordinates":[[[18.60859,-33.91601],[18.60802,-33.91622],[18.60453,-33.91673],[18.6043,-33.91563],[18.59939,-33.91632],[18.59803,-33.9096],[18.59777,-33.90793],[18.60373,-33.90717],[18.60967,-33.90635],[18.60914,-33.90717],[18.60803,-33.90809],[18.60938,-33.91442],[18.60929,-33.91528],[18.60859,-33.91601]]]}},{"type":"Feature","properties":{"id":"199017026","name":"Beaconvale","commuteMinutes":7.62,"nearestJobCenter":"Bellville","distanceKm":null,"nearestTransitKm":0.8740634089169883,"spatialBurdenScore":0.08576253635667952},"geometry":{"type":"Polygon","coordinates":[[[18.58604,-33.90954],[18.58638,-33.91056],[18.58792,-33.91801],[18.58907,-33.91784],[18.58924,-33.91845],[18.59067,-33.91825],[18.59079,-33.9188],[18.59372,-33.91834],[18.59362,-33.91783],[18.59511,-33.91759],[18.59497,-33.917],[18.59939,-33.91632],[18.6043,-33.91563],[18.60453,-33.91673],[18.59779,-33.91769],[18.59614,-33.91809],[18.59049,-33.92061],[18.58853,-33.92116],[18.58361,-33.92164],[18.58302,-33.92075],[18.57947,-33.91446],[18.57847,-33.91269],[18.57765,-33.91067],[18.57914,-33.91055],[18.58604,-33.90954]]]}},{"type":"Feature","properties":{"id":"199017027","name":"Ravensmead","commuteMinutes":6.85,"nearestJobCenter":"Bellville","distanceKm":null,"nearestTransitKm":1.7421780251515506,"spatialBurdenScore":0.11535378767272869},"geometry":{"type":"Polygon","coordinates":[[[18.61658,-33.91833],[18.612,-33.91903],[18.61272,-33.92212],[18.61123,-33.92538],[18.6091,-33.92667],[18.60722,-33.92692],[18.60738,-33.92791],[18.60518,-33.92824],[18.60543,-33.92944],[18.60217,-33.9299],[18.60248,-33.93141],[18.60217,-33.93138],[18.59974,-33.9299],[18.59799,-33.92893],[18.59666,-33.92143],[18.59737,-33.92125],[18.59723,-33.92061],[18.59664,-33.9207],[18.59614,-33.91809],[18.59779,-33.91769],[18.60453,-33.91673],[18.60802,-33.91622],[18.60859,-33.91601],[18.60976,-33.91599],[18.61506,-33.9152],[18.61658,-33.91833]]]}},{"type":"Feature","properties":{"id":"199017028","name":"Florida","commuteMinutes":7.87,"nearestJobCenter":"Bellville","distanceKm":null,"nearestTransitKm":1.7029421341110922,"spatialBurdenScore":0.12058435203111037},"geometry":{"type":"Polygon","coordinates":[[[18.59614,-33.91809],[18.59664,-33.9207],[18.59723,-33.92061],[18.59737,-33.92125],[18.59666,-33.92143],[18.59799,-33.92893],[18.59777,-33.92896],[18.59418,-33.93068],[18.59409,-33.93079],[18.59399,-33.93041],[18.59084,-33.92076],[18.59049,-33.92061],[18.59614,-33.91809]]]}},{"type":"Feature","properties":{"id":"199017029","name":"Cravenby","commuteMinutes":8.44,"nearestJobCenter":"Epping Industria","distanceKm":null,"nearestTransitKm":1.786744691994386,"spatialBurdenScore":0.1277364543464421},"geometry":{"type":"Polygon","coordinates":[[[18.59049,-33.92061],[18.59084,-33.92076],[18.59399,-33.93041],[18.59409,-33.93079],[18.59071,-33.92918],[18.59009,-33.92851],[18.5899,-33.92779],[18.5881,-33.92802],[18.58542,-33.92807],[18.58361,-33.92164],[18.58853,-33.92116],[18.59049,-33.92061]]]}},{"type":"Feature","properties":{"id":"199017030","name":"Connaught","commuteMinutes":8.62,"nearestJobCenter":"Epping Industria","distanceKm":null,"nearestTransitKm":1.3490921385552304,"spatialBurdenScore":0.11143035220887587},"geometry":{"type":"Polygon","coordinates":[[[18.58723,-33.93568],[18.58542,-33.92807],[18.5881,-33.92802],[18.5899,-33.92779],[18.59009,-33.92851],[18.59071,-33.92918],[18.59409,-33.93079],[18.59494,-33.93447],[18.58723,-33.93568]]]}},{"type":"Feature","properties":{"id":"199017031","name":"Uitsig","commuteMinutes":8.37,"nearestJobCenter":"Bellville","distanceKm":null,"nearestTransitKm":0.7809801839305245,"spatialBurdenScore":0.08703920735722097},"geometry":{"type":"Polygon","coordinates":[[[18.60248,-33.93141],[18.60274,-33.93292],[18.60335,-33.9379],[18.60377,-33.94058],[18.59681,-33.94217],[18.59527,-33.93599],[18.59494,-33.93447],[18.59409,-33.93079],[18.59418,-33.93068],[18.59777,-33.92896],[18.59799,-33.92893],[18.59974,-33.9299],[18.60217,-33.93138],[18.60248,-33.93141]]]}},{"type":"Feature","properties":{"id":"199017032","name":"Parow Industrial","commuteMinutes":7,"nearestJobCenter":"Bellville","distanceKm":null,"nearestTransitKm":0.6103733544489108,"spatialBurdenScore":0.0710816008446231},"geometry":{"type":"Polygon","coordinates":[[[18.61658,-33.91833],[18.61693,-33.91887],[18.61541,-33.92221],[18.6175,-33.92272],[18.61759,-33.92322],[18.61865,-33.92327],[18.61866,-33.92505],[18.61838,-33.92744],[18.61689,-33.93084],[18.61596,-33.93274],[18.6165,-33.93294],[18.61687,-33.9335],[18.61815,-33.93474],[18.61158,-33.93918],[18.61052,-33.93993],[18.60894,-33.94133],[18.60712,-33.94314],[18.60561,-33.94427],[18.60424,-33.94489],[18.60377,-33.94058],[18.60335,-33.9379],[18.60274,-33.93292],[18.60248,-33.93141],[18.60217,-33.9299],[18.60543,-33.92944],[18.60518,-33.92824],[18.60738,-33.92791],[18.60722,-33.92692],[18.6091,-33.92667],[18.61123,-33.92538],[18.61272,-33.92212],[18.612,-33.91903],[18.61658,-33.91833]]]}},{"type":"Feature","properties":{"id":"199017033","name":"Modderdam","commuteMinutes":9.46,"nearestJobCenter":"Bellville","distanceKm":null,"nearestTransitKm":0.32438869280242566,"spatialBurdenScore":0.0760422143787637},"geometry":{"type":"Polygon","coordinates":[[[18.59817,-33.94799],[18.59696,-33.94761],[18.59539,-33.94659],[18.59487,-33.94599],[18.59314,-33.943],[18.59681,-33.94217],[18.60377,-33.94058],[18.60424,-33.94489],[18.60425,-33.94496],[18.60106,-33.94618],[18.59936,-33.9471],[18.59817,-33.94799]]]}},{"type":"Feature","properties":{"id":"199017034","name":"Eureka","commuteMinutes":9.26,"nearestJobCenter":"Epping Industria","distanceKm":null,"nearestTransitKm":0.5554333874445425,"spatialBurdenScore":0.08395066883111504},"geometry":{"type":"Polygon","coordinates":[[[18.59314,-33.943],[18.59234,-33.94189],[18.59166,-33.94128],[18.58895,-33.93941],[18.588,-33.93841],[18.58741,-33.93739],[18.587,-33.93571],[18.58723,-33.93568],[18.59494,-33.93447],[18.59527,-33.93599],[18.59681,-33.94217],[18.59314,-33.943]]]}},{"type":"Feature","properties":{"id":"199018001","name":"Kenridge Heights","commuteMinutes":9.17,"nearestJobCenter":"Bellville","distanceKm":null,"nearestTransitKm":5.715903503241756,"spatialBurdenScore":0.2897694734630036},"geometry":{"type":"Polygon","coordinates":[[[18.63911,-33.85449],[18.63482,-33.85383],[18.63465,-33.85454],[18.63385,-33.85387],[18.63165,-33.85424],[18.62939,-33.85],[18.62962,-33.84961],[18.63417,-33.84549],[18.63426,-33.84547],[18.63547,-33.84746],[18.63652,-33.84975],[18.63694,-33.85037],[18.63839,-33.85321],[18.63911,-33.85449]]]}},{"type":"Feature","properties":{"id":"199018002","name":"De Bron","commuteMinutes":8.34,"nearestJobCenter":"Bellville","distanceKm":null,"nearestTransitKm":5.338124664008174,"spatialBurdenScore":0.269124986560327},"geometry":{"type":"Polygon","coordinates":[[[18.63272,-33.85784],[18.63169,-33.85785],[18.63101,-33.85763],[18.62948,-33.85668],[18.62731,-33.85626],[18.6272,-33.85714],[18.62488,-33.85707],[18.62349,-33.85461],[18.62316,-33.85416],[18.62751,-33.85161],[18.62939,-33.85],[18.63165,-33.85424],[18.63191,-33.85476],[18.63272,-33.85784]]]}},{"type":"Feature","properties":{"id":"199018003","name":"Kenridge A","commuteMinutes":8.04,"nearestJobCenter":"Bellville","distanceKm":null,"nearestTransitKm":5.165300029670299,"spatialBurdenScore":0.260212001186812},"geometry":{"type":"Polygon","coordinates":[[[18.63911,-33.85449],[18.63935,-33.85493],[18.64046,-33.85686],[18.64135,-33.85847],[18.64245,-33.85891],[18.64197,-33.86],[18.64009,-33.86052],[18.63803,-33.86075],[18.63753,-33.86061],[18.63696,-33.8598],[18.63648,-33.85955],[18.63544,-33.85968],[18.63453,-33.85945],[18.63264,-33.85975],[18.63272,-33.85784],[18.63191,-33.85476],[18.63165,-33.85424],[18.63385,-33.85387],[18.63465,-33.85454],[18.63482,-33.85383],[18.63911,-33.85449]]]}},{"type":"Feature","properties":{"id":"199018004","name":"Kenever","commuteMinutes":7.32,"nearestJobCenter":"Bellville","distanceKm":null,"nearestTransitKm":4.708173975633168,"spatialBurdenScore":0.23712695902532677},"geometry":{"type":"Polygon","coordinates":[[[18.64197,-33.86],[18.64164,-33.86068],[18.64137,-33.86124],[18.64065,-33.86278],[18.64019,-33.86479],[18.63956,-33.86753],[18.63882,-33.86736],[18.63731,-33.86609],[18.63682,-33.86508],[18.63601,-33.86487],[18.63534,-33.86439],[18.63282,-33.86479],[18.63264,-33.85975],[18.63453,-33.85945],[18.63544,-33.85968],[18.63648,-33.85955],[18.63696,-33.8598],[18.63753,-33.86061],[18.63803,-33.86075],[18.64009,-33.86052],[18.64197,-33.86]]]}},{"type":"Feature","properties":{"id":"199018005","name":"Eversdal","commuteMinutes":7.69,"nearestJobCenter":"Bellville","distanceKm":null,"nearestTransitKm":3.440317408110489,"spatialBurdenScore":0.1888793629910862},"geometry":{"type":"MultiPolygon","coordinates":[[[[18.6664,-33.87359],[18.66421,-33.87452],[18.66374,-33.87411],[18.66358,-33.87336],[18.66618,-33.87209],[18.66648,-33.87097],[18.66857,-33.87094],[18.66858,-33.87124],[18.66665,-33.87302],[18.6664,-33.87359]]],[[[18.65546,-33.86075],[18.65527,-33.86198],[18.65683,-33.86469],[18.6522,-33.86728],[18.65388,-33.86926],[18.65445,-33.87047],[18.65433,-33.8709],[18.65475,-33.87179],[18.65544,-33.87164],[18.65586,-33.87257],[18.65523,-33.87275],[18.6544,-33.87331],[18.65429,-33.87365],[18.65193,-33.87294],[18.65041,-33.87226],[18.64811,-33.87158],[18.64753,-33.87156],[18.64892,-33.86944],[18.64976,-33.86852],[18.65204,-33.86722],[18.64801,-33.86424],[18.64449,-33.86382],[18.64398,-33.86057],[18.64164,-33.86068],[18.64197,-33.86],[18.64245,-33.85891],[18.64277,-33.85907],[18.64424,-33.8592],[18.64671,-33.85921],[18.6472,-33.85739],[18.64901,-33.85777],[18.65171,-33.85805],[18.65321,-33.85417],[18.65548,-33.85535],[18.65649,-33.8557],[18.65576,-33.85863],[18.65546,-33.86075]]]]}},{"type":"Feature","properties":{"id":"199018006","name":"Bethanie","commuteMinutes":9.4,"nearestJobCenter":"Bellville","distanceKm":null,"nearestTransitKm":3.730187392345214,"spatialBurdenScore":0.21187416236047524},"geometry":{"type":"Polygon","coordinates":[[[18.66082,-33.85684],[18.66058,-33.85781],[18.66108,-33.85916],[18.6606,-33.85989],[18.65971,-33.86069],[18.65546,-33.86075],[18.65576,-33.85863],[18.65649,-33.8557],[18.66082,-33.85684]]]}},{"type":"Feature","properties":{"id":"199018007","name":"Amanda Glen","commuteMinutes":10.21,"nearestJobCenter":"Bellville","distanceKm":null,"nearestTransitKm":3.3117921972075433,"spatialBurdenScore":0.20053835455496843},"geometry":{"type":"Polygon","coordinates":[[[18.66653,-33.85789],[18.66667,-33.86104],[18.66597,-33.86121],[18.66222,-33.86264],[18.66177,-33.86024],[18.66108,-33.85916],[18.66058,-33.85781],[18.66082,-33.85684],[18.66465,-33.85779],[18.66653,-33.85789]]]}},{"type":"Feature","properties":{"id":"199018008","name":"Chantecler","commuteMinutes":9.14,"nearestJobCenter":"Bellville","distanceKm":null,"nearestTransitKm":3.4217636928050505,"spatialBurdenScore":0.19780388104553537},"geometry":{"type":"Polygon","coordinates":[[[18.66222,-33.86264],[18.65826,-33.86414],[18.65683,-33.86469],[18.65527,-33.86198],[18.65546,-33.86075],[18.65971,-33.86069],[18.6606,-33.85989],[18.66108,-33.85916],[18.66177,-33.86024],[18.66222,-33.86264]]]}},{"type":"Feature","properties":{"id":"199018009","name":"Stellenryk","commuteMinutes":8.44,"nearestJobCenter":"Bellville","distanceKm":null,"nearestTransitKm":2.8004299729509174,"spatialBurdenScore":0.16828386558470337},"geometry":{"type":"Polygon","coordinates":[[[18.66672,-33.86829],[18.66362,-33.86833],[18.66245,-33.86809],[18.66214,-33.86663],[18.65985,-33.86712],[18.65826,-33.86414],[18.66222,-33.86264],[18.66597,-33.86121],[18.66667,-33.86104],[18.66683,-33.86704],[18.66672,-33.86829]]]}},{"type":"Feature","properties":{"id":"199018010","name":"Stellenberg","commuteMinutes":7.57,"nearestJobCenter":"Bellville","distanceKm":null,"nearestTransitKm":2.9159423041440062,"spatialBurdenScore":0.1671043588324269},"geometry":{"type":"Polygon","coordinates":[[[18.65826,-33.86414],[18.65985,-33.86712],[18.66214,-33.86663],[18.66245,-33.86809],[18.66276,-33.86968],[18.66303,-33.87096],[18.65842,-33.87202],[18.65846,-33.87209],[18.65586,-33.87257],[18.65544,-33.87164],[18.65475,-33.87179],[18.65433,-33.8709],[18.65445,-33.87047],[18.65388,-33.86926],[18.6522,-33.86728],[18.65683,-33.86469],[18.65826,-33.86414]]]}},{"type":"Feature","properties":{"id":"199018011","name":"Silverstream","commuteMinutes":9.01,"nearestJobCenter":"Bellville","distanceKm":null,"nearestTransitKm":2.4811459996928287,"spatialBurdenScore":0.15931250665437982},"geometry":{"type":"Polygon","coordinates":[[[18.66672,-33.86829],[18.6666,-33.86965],[18.66276,-33.86968],[18.66245,-33.86809],[18.66362,-33.86833],[18.66672,-33.86829]]]}},{"type":"Feature","properties":{"id":"199018012","name":"East Rock","commuteMinutes":8.08,"nearestJobCenter":"Bellville","distanceKm":null,"nearestTransitKm":2.276234045488685,"spatialBurdenScore":0.14491602848621407},"geometry":{"type":"Polygon","coordinates":[[[18.66648,-33.87097],[18.66618,-33.87209],[18.66358,-33.87336],[18.66303,-33.87096],[18.66276,-33.86968],[18.6666,-33.86965],[18.66648,-33.87097]]]}},{"type":"Feature","properties":{"id":"199018013","name":"Glen Ive","commuteMinutes":7.69,"nearestJobCenter":"Bellville","distanceKm":null,"nearestTransitKm":2.2951667913790947,"spatialBurdenScore":0.14307333832183045},"geometry":{"type":"Polygon","coordinates":[[[18.66358,-33.87336],[18.66374,-33.87411],[18.66421,-33.87452],[18.65888,-33.87681],[18.65757,-33.87548],[18.65858,-33.87488],[18.65943,-33.87464],[18.65895,-33.87337],[18.65846,-33.87209],[18.65842,-33.87202],[18.66303,-33.87096],[18.66358,-33.87336]]]}},{"type":"Feature","properties":{"id":"199018014","name":"Pieke & Marionstat","commuteMinutes":6.88,"nearestJobCenter":"Bellville","distanceKm":null,"nearestTransitKm":2.6615598349394896,"spatialBurdenScore":0.15232906006424626},"geometry":{"type":"Polygon","coordinates":[[[18.65895,-33.87337],[18.65582,-33.87414],[18.65429,-33.87365],[18.6544,-33.87331],[18.65523,-33.87275],[18.65586,-33.87257],[18.65846,-33.87209],[18.65895,-33.87337]]]}},{"type":"Feature","properties":{"id":"199018015","name":"Pascall","commuteMinutes":7.35,"nearestJobCenter":"Bellville","distanceKm":null,"nearestTransitKm":2.446138104854568,"spatialBurdenScore":0.14684552419418273},"geometry":{"type":"Polygon","coordinates":[[[18.65757,-33.87548],[18.65719,-33.87512],[18.65582,-33.87414],[18.65895,-33.87337],[18.65943,-33.87464],[18.65858,-33.87488],[18.65757,-33.87548]]]}},{"type":"Feature","properties":{"id":"199018016","name":"Stellenridge","commuteMinutes":5.99,"nearestJobCenter":"Bellville","distanceKm":null,"nearestTransitKm":2.594077839955118,"spatialBurdenScore":0.14369644693153805},"geometry":{"type":"Polygon","coordinates":[[[18.65491,-33.87646],[18.65535,-33.87713],[18.65635,-33.8767],[18.65668,-33.87709],[18.65704,-33.87598],[18.65757,-33.87548],[18.65888,-33.87681],[18.65355,-33.87909],[18.65317,-33.87925],[18.65241,-33.87771],[18.64985,-33.8783],[18.64917,-33.87663],[18.64934,-33.87658],[18.64846,-33.87409],[18.64948,-33.87341],[18.65041,-33.87226],[18.65193,-33.87294],[18.65429,-33.87365],[18.65301,-33.87695],[18.65374,-33.8771],[18.65449,-33.87642],[18.65491,-33.87646]]]}},{"type":"Feature","properties":{"id":"199018017","name":"Ridgeworth","commuteMinutes":6.18,"nearestJobCenter":"Bellville","distanceKm":null,"nearestTransitKm":3.173389264881121,"spatialBurdenScore":0.1681355705952448},"geometry":{"type":"Polygon","coordinates":[[[18.64985,-33.8783],[18.65007,-33.87922],[18.64983,-33.87965],[18.64506,-33.8785],[18.64426,-33.87882],[18.64367,-33.87821],[18.643,-33.87791],[18.64153,-33.87764],[18.63941,-33.87747],[18.63734,-33.87712],[18.63815,-33.87367],[18.63852,-33.87201],[18.64075,-33.87234],[18.64252,-33.87262],[18.64323,-33.87261],[18.6449,-33.87215],[18.64753,-33.87156],[18.64811,-33.87158],[18.65041,-33.87226],[18.64948,-33.87341],[18.64846,-33.87409],[18.64934,-33.87658],[18.64917,-33.87663],[18.64985,-33.8783]]]}},{"type":"Feature","properties":{"id":"199018018","name":"Brick A Clay Blv.","commuteMinutes":8.47,"nearestJobCenter":"Bellville","distanceKm":null,"nearestTransitKm":3.7846612856920228,"spatialBurdenScore":0.2078531180943476},"geometry":{"type":"Polygon","coordinates":[[[18.64753,-33.87156],[18.6449,-33.87215],[18.64466,-33.87139],[18.64614,-33.87102],[18.6457,-33.86961],[18.64656,-33.8694],[18.64668,-33.86977],[18.64732,-33.86945],[18.64786,-33.86876],[18.64766,-33.86764],[18.6476,-33.86606],[18.64741,-33.86578],[18.6465,-33.86573],[18.64591,-33.86631],[18.64489,-33.86597],[18.64451,-33.86607],[18.64467,-33.86501],[18.64411,-33.8647],[18.6442,-33.86426],[18.64359,-33.86382],[18.64323,-33.8622],[18.64272,-33.86145],[18.64137,-33.86124],[18.64164,-33.86068],[18.64398,-33.86057],[18.64449,-33.86382],[18.64801,-33.86424],[18.65204,-33.86722],[18.64976,-33.86852],[18.64892,-33.86944],[18.64753,-33.87156]]]}},{"type":"Feature","properties":{"id":"199018019","name":"Rosendal","commuteMinutes":7.85,"nearestJobCenter":"Bellville","distanceKm":null,"nearestTransitKm":3.8950015489884584,"spatialBurdenScore":0.20813339529287167},"geometry":{"type":"Polygon","coordinates":[[[18.6449,-33.87215],[18.64323,-33.87261],[18.64291,-33.87077],[18.64195,-33.86976],[18.64325,-33.86881],[18.64374,-33.86894],[18.64228,-33.8674],[18.64081,-33.86602],[18.64105,-33.86492],[18.64019,-33.86479],[18.64065,-33.86278],[18.64137,-33.86124],[18.64272,-33.86145],[18.64323,-33.8622],[18.64359,-33.86382],[18.6442,-33.86426],[18.64411,-33.8647],[18.64467,-33.86501],[18.64451,-33.86607],[18.64489,-33.86597],[18.64591,-33.86631],[18.6465,-33.86573],[18.64741,-33.86578],[18.6476,-33.86606],[18.64766,-33.86764],[18.64786,-33.86876],[18.64732,-33.86945],[18.64668,-33.86977],[18.64656,-33.8694],[18.6457,-33.86961],[18.64614,-33.87102],[18.64466,-33.87139],[18.6449,-33.87215]]]}},{"type":"Feature","properties":{"id":"199018020","name":"Rosenpark","commuteMinutes":6.87,"nearestJobCenter":"Bellville","distanceKm":null,"nearestTransitKm":3.977952650555241,"spatialBurdenScore":0.20491810602220967},"geometry":{"type":"Polygon","coordinates":[[[18.64291,-33.87077],[18.64121,-33.8705],[18.63896,-33.87015],[18.63956,-33.86753],[18.64019,-33.86479],[18.64105,-33.86492],[18.64081,-33.86602],[18.64228,-33.8674],[18.64374,-33.86894],[18.64325,-33.86881],[18.64195,-33.86976],[18.64291,-33.87077]]]}},{"type":"Feature","properties":{"id":"199018021","name":"Alf. Blv","commuteMinutes":6.27,"nearestJobCenter":"Bellville","distanceKm":null,"nearestTransitKm":4.042893859341334,"spatialBurdenScore":0.20351575437365338},"geometry":{"type":"Polygon","coordinates":[[[18.63956,-33.86753],[18.63896,-33.87015],[18.63852,-33.87201],[18.63761,-33.87188],[18.63849,-33.86809],[18.63845,-33.86777],[18.63882,-33.86736],[18.63956,-33.86753]]]}},{"type":"Feature","properties":{"id":"199018022","name":"Kenridge B","commuteMinutes":7.12,"nearestJobCenter":"Bellville","distanceKm":null,"nearestTransitKm":4.365625051540713,"spatialBurdenScore":0.22209166872829517},"geometry":{"type":"Polygon","coordinates":[[[18.63882,-33.86736],[18.63845,-33.86777],[18.63474,-33.86866],[18.63493,-33.86904],[18.63434,-33.86953],[18.63329,-33.86892],[18.63282,-33.86479],[18.63534,-33.86439],[18.63601,-33.86487],[18.63682,-33.86508],[18.63731,-33.86609],[18.63882,-33.86736]]]}},{"type":"Feature","properties":{"id":"199018023","name":"Hume","commuteMinutes":6.24,"nearestJobCenter":"Bellville","distanceKm":null,"nearestTransitKm":4.073337427070798,"spatialBurdenScore":0.20453349708283192},"geometry":{"type":"Polygon","coordinates":[[[18.63761,-33.87188],[18.63658,-33.87146],[18.63434,-33.86953],[18.63493,-33.86904],[18.63474,-33.86866],[18.63845,-33.86777],[18.63849,-33.86809],[18.63761,-33.87188]]]}},{"type":"Feature","properties":{"id":"199018024","name":"Bellville Park","commuteMinutes":5.75,"nearestJobCenter":"Bellville","distanceKm":null,"nearestTransitKm":3.477835296781967,"spatialBurdenScore":0.177446745204612},"geometry":{"type":"Polygon","coordinates":[[[18.63434,-33.86953],[18.63658,-33.87146],[18.63761,-33.87188],[18.63852,-33.87201],[18.63815,-33.87367],[18.63794,-33.87412],[18.63682,-33.87533],[18.6364,-33.87627],[18.63454,-33.88429],[18.63099,-33.88378],[18.63187,-33.87995],[18.63179,-33.87908],[18.63076,-33.8773],[18.63076,-33.87664],[18.63189,-33.87475],[18.63315,-33.87171],[18.63334,-33.87096],[18.63329,-33.86892],[18.63434,-33.86953]]]}},{"type":"Feature","properties":{"id":"199018025","name":"Danena","commuteMinutes":6.91,"nearestJobCenter":"Bellville","distanceKm":null,"nearestTransitKm":3.7741055502306313,"spatialBurdenScore":0.19703088867589194},"geometry":{"type":"Polygon","coordinates":[[[18.64121,-33.8705],[18.64075,-33.87234],[18.63852,-33.87201],[18.63896,-33.87015],[18.64121,-33.8705]]]}},{"type":"Feature","properties":{"id":"199018026","name":"O'Kennedyville","commuteMinutes":6.14,"nearestJobCenter":"Bellville","distanceKm":null,"nearestTransitKm":3.6348117837947664,"spatialBurdenScore":0.18632580468512397},"geometry":{"type":"Polygon","coordinates":[[[18.64323,-33.87261],[18.64252,-33.87262],[18.64075,-33.87234],[18.64121,-33.8705],[18.64291,-33.87077],[18.64323,-33.87261]]]}},{"type":"Feature","properties":{"id":"199018027","name":"Oude Westhof","commuteMinutes":11.41,"nearestJobCenter":"Bellville","distanceKm":null,"nearestTransitKm":4.491846423276569,"spatialBurdenScore":0.2557405235977294},"geometry":{"type":"Polygon","coordinates":[[[18.60509,-33.85936],[18.60422,-33.85957],[18.60448,-33.86032],[18.60338,-33.86067],[18.60229,-33.8605],[18.59993,-33.86125],[18.5999,-33.86112],[18.59988,-33.86093],[18.59723,-33.85825],[18.59408,-33.85661],[18.59313,-33.85621],[18.59416,-33.85467],[18.59315,-33.85299],[18.60301,-33.85094],[18.60401,-33.85602],[18.60425,-33.85775],[18.60515,-33.85774],[18.60509,-33.85936]]]}},{"type":"Feature","properties":{"id":"199018028","name":"Van Riebeeckshof","commuteMinutes":10.24,"nearestJobCenter":"Bellville","distanceKm":null,"nearestTransitKm":4.551632362358222,"spatialBurdenScore":0.25033196116099554},"geometry":{"type":"Polygon","coordinates":[[[18.61998,-33.85908],[18.62021,-33.85945],[18.61703,-33.85907],[18.6138,-33.85934],[18.61356,-33.85978],[18.61382,-33.86089],[18.61265,-33.86103],[18.60885,-33.86188],[18.60763,-33.86172],[18.60715,-33.86137],[18.60509,-33.85936],[18.60515,-33.85774],[18.60425,-33.85775],[18.60401,-33.85602],[18.60301,-33.85094],[18.60484,-33.85054],[18.60735,-33.85131],[18.61274,-33.85222],[18.61756,-33.85738],[18.61998,-33.85908]]]}},{"type":"Feature","properties":{"id":"199018029","name":"Door De Kraal","commuteMinutes":9.21,"nearestJobCenter":"Bellville","distanceKm":null,"nearestTransitKm":4.404434695205167,"spatialBurdenScore":0.2375773878082067},"geometry":{"type":"Polygon","coordinates":[[[18.62692,-33.85956],[18.62711,-33.86026],[18.62686,-33.86183],[18.62632,-33.86289],[18.62498,-33.86453],[18.6243,-33.86594],[18.62394,-33.86797],[18.62371,-33.86867],[18.62069,-33.86657],[18.62021,-33.85945],[18.61998,-33.85908],[18.62194,-33.85878],[18.62249,-33.85859],[18.62334,-33.85898],[18.62416,-33.85963],[18.62548,-33.85977],[18.62692,-33.85956]]]}},{"type":"Feature","properties":{"id":"199018030","name":"Proteavallei","commuteMinutes":10.01,"nearestJobCenter":"Bellville","distanceKm":null,"nearestTransitKm":4.0074482319456415,"spatialBurdenScore":0.22703126261115902},"geometry":{"type":"Polygon","coordinates":[[[18.62069,-33.86657],[18.61125,-33.86801],[18.60814,-33.86943],[18.60727,-33.86716],[18.60574,-33.86339],[18.60637,-33.86252],[18.60662,-33.86179],[18.60715,-33.86137],[18.60763,-33.86172],[18.60885,-33.86188],[18.61265,-33.86103],[18.61382,-33.86089],[18.61356,-33.85978],[18.6138,-33.85934],[18.61703,-33.85907],[18.62021,-33.85945],[18.62069,-33.86657]]]}},{"type":"Feature","properties":{"id":"199018031","name":"Welgedacht","commuteMinutes":11.66,"nearestJobCenter":"Bellville","distanceKm":null,"nearestTransitKm":3.6737199011277557,"spatialBurdenScore":0.22468212937844356},"geometry":{"type":"Polygon","coordinates":[[[18.60509,-33.85936],[18.60715,-33.86137],[18.60662,-33.86179],[18.60637,-33.86252],[18.60574,-33.86339],[18.60727,-33.86716],[18.60814,-33.86943],[18.60282,-33.87199],[18.60236,-33.87142],[18.60173,-33.87113],[18.6011,-33.86939],[18.60074,-33.86903],[18.59915,-33.86849],[18.59886,-33.86806],[18.59895,-33.86679],[18.59873,-33.8661],[18.5979,-33.86468],[18.59612,-33.8632],[18.59612,-33.86246],[18.59646,-33.86198],[18.5999,-33.86112],[18.59993,-33.86125],[18.60229,-33.8605],[18.60338,-33.86067],[18.60448,-33.86032],[18.60422,-33.85957],[18.60509,-33.85936]]]}},{"type":"Feature","properties":{"id":"199018032","name":"Kanonberg","commuteMinutes":14.34,"nearestJobCenter":"Bellville","distanceKm":null,"nearestTransitKm":4.051070181994242,"spatialBurdenScore":0.2576428072797697},"geometry":{"type":"Polygon","coordinates":[[[18.5999,-33.86112],[18.59646,-33.86198],[18.59278,-33.86298],[18.59266,-33.86253],[18.5921,-33.86239],[18.59265,-33.86143],[18.59356,-33.86027],[18.59326,-33.85841],[18.59297,-33.85801],[18.59206,-33.85775],[18.59115,-33.85708],[18.59157,-33.8568],[18.59237,-33.85695],[18.59313,-33.85621],[18.59408,-33.85661],[18.59723,-33.85825],[18.59988,-33.86093],[18.5999,-33.86112]]]}},{"type":"Feature","properties":{"id":"199018033","name":"Kenridge","commuteMinutes":8.25,"nearestJobCenter":"Bellville","distanceKm":null,"nearestTransitKm":3.8835079931277408,"spatialBurdenScore":0.21034031972510964},"geometry":{"type":"Polygon","coordinates":[[[18.62868,-33.86664],[18.62912,-33.86739],[18.62796,-33.87196],[18.62691,-33.87223],[18.62624,-33.87044],[18.6242,-33.86902],[18.62844,-33.86629],[18.62868,-33.86664]]]}},{"type":"Feature","properties":{"id":"199018034","name":"Welgemoed","commuteMinutes":7.13,"nearestJobCenter":"Bellville","distanceKm":null,"nearestTransitKm":3.201547344409244,"spatialBurdenScore":0.1755952271097031},"geometry":{"type":"Polygon","coordinates":[[[18.62371,-33.86867],[18.6242,-33.86902],[18.62624,-33.87044],[18.62691,-33.87223],[18.62741,-33.87356],[18.62722,-33.87377],[18.62496,-33.87266],[18.62388,-33.87366],[18.62519,-33.87528],[18.62012,-33.8781],[18.61883,-33.87886],[18.61765,-33.87848],[18.61377,-33.87704],[18.60526,-33.87817],[18.59668,-33.87928],[18.59539,-33.87554],[18.60282,-33.87199],[18.60814,-33.86943],[18.61125,-33.86801],[18.62069,-33.86657],[18.62371,-33.86867]]]}},{"type":"Feature","properties":{"id":"199018035","name":"Welgemoed Greens","commuteMinutes":7.39,"nearestJobCenter":"Bellville","distanceKm":null,"nearestTransitKm":2.976579374258023,"spatialBurdenScore":0.16832984163698758},"geometry":{"type":"Polygon","coordinates":[[[18.62722,-33.87377],[18.62743,-33.87438],[18.62734,-33.87571],[18.62779,-33.87693],[18.62678,-33.87725],[18.62479,-33.87676],[18.62375,-33.87811],[18.62338,-33.87911],[18.62334,-33.88129],[18.62309,-33.88233],[18.62242,-33.88237],[18.62213,-33.88184],[18.62131,-33.8803],[18.62012,-33.8781],[18.62519,-33.87528],[18.62388,-33.87366],[18.62496,-33.87266],[18.62722,-33.87377]]]}},{"type":"Feature","properties":{"id":"199018036","name":"Stellenbosch University Satellite Campus","commuteMinutes":5.7,"nearestJobCenter":"Bellville","distanceKm":null,"nearestTransitKm":3.3067963183670885,"spatialBurdenScore":0.17027185273468354},"geometry":{"type":"Polygon","coordinates":[[[18.63282,-33.86479],[18.63329,-33.86892],[18.63334,-33.87096],[18.63315,-33.87171],[18.63189,-33.87475],[18.63076,-33.87664],[18.63076,-33.8773],[18.63179,-33.87908],[18.63187,-33.87995],[18.63099,-33.88378],[18.63454,-33.88429],[18.63414,-33.88688],[18.63216,-33.88736],[18.63062,-33.88768],[18.62754,-33.88809],[18.62425,-33.88833],[18.62284,-33.88319],[18.62242,-33.88237],[18.62309,-33.88233],[18.62334,-33.88129],[18.62338,-33.87911],[18.62375,-33.87811],[18.62479,-33.87676],[18.62678,-33.87725],[18.62779,-33.87693],[18.62734,-33.87571],[18.62743,-33.87438],[18.62722,-33.87377],[18.62741,-33.87356],[18.62691,-33.87223],[18.62796,-33.87196],[18.62912,-33.86739],[18.62868,-33.86664],[18.62922,-33.86633],[18.63012,-33.8662],[18.63082,-33.8664],[18.63131,-33.86508],[18.63282,-33.86479]]]}},{"type":"Feature","properties":{"id":"199018037","name":"Bo Oakdale","commuteMinutes":4.35,"nearestJobCenter":"Bellville","distanceKm":null,"nearestTransitKm":3.010966161623525,"spatialBurdenScore":0.149438646464941},"geometry":{"type":"Polygon","coordinates":[[[18.64045,-33.88073],[18.63979,-33.88235],[18.64201,-33.884],[18.63756,-33.88583],[18.63414,-33.88688],[18.63454,-33.88429],[18.6364,-33.87627],[18.63682,-33.87533],[18.63794,-33.87412],[18.63815,-33.87367],[18.63734,-33.87712],[18.63941,-33.87747],[18.64153,-33.87764],[18.64045,-33.88073]]]}},{"type":"Feature","properties":{"id":"199018038","name":"Bloemhof","commuteMinutes":4.49,"nearestJobCenter":"Bellville","distanceKm":null,"nearestTransitKm":2.8033648633148873,"spatialBurdenScore":0.14206792786592884},"geometry":{"type":"Polygon","coordinates":[[[18.65007,-33.87922],[18.65052,-33.88037],[18.64597,-33.8823],[18.64543,-33.88148],[18.64415,-33.88093],[18.64123,-33.88083],[18.64045,-33.88073],[18.64153,-33.87764],[18.643,-33.87791],[18.64367,-33.87821],[18.64426,-33.87882],[18.64506,-33.8785],[18.64983,-33.87965],[18.65007,-33.87922]]]}},{"type":"Feature","properties":{"id":"199018039","name":"La Rochelle","commuteMinutes":5.5,"nearestJobCenter":"Bellville","distanceKm":null,"nearestTransitKm":2.1100319559679797,"spatialBurdenScore":0.12106794490538586},"geometry":{"type":"MultiPolygon","coordinates":[[[[18.66318,-33.88148],[18.66049,-33.88233],[18.65458,-33.88266],[18.65337,-33.88284],[18.65321,-33.88274],[18.65134,-33.88284],[18.65052,-33.88037],[18.65317,-33.87925],[18.65355,-33.87909],[18.65372,-33.87942],[18.66075,-33.87878],[18.66318,-33.88148]]],[[[18.65719,-33.87512],[18.65757,-33.87548],[18.65704,-33.87598],[18.65668,-33.87709],[18.65635,-33.8767],[18.65535,-33.87713],[18.65491,-33.87646],[18.65467,-33.87607],[18.65643,-33.87522],[18.65719,-33.87512]]]]}},{"type":"Feature","properties":{"id":"199018040","name":"Vredenberg","commuteMinutes":8.21,"nearestJobCenter":"Bellville","distanceKm":null,"nearestTransitKm":1.634369103191626,"spatialBurdenScore":0.12010809746099838},"geometry":{"type":"Polygon","coordinates":[[[18.66318,-33.88148],[18.66075,-33.87878],[18.65888,-33.87681],[18.66421,-33.87452],[18.6664,-33.87359],[18.67186,-33.87125],[18.67119,-33.87252],[18.67105,-33.87337],[18.67117,-33.87411],[18.67187,-33.87593],[18.67299,-33.87915],[18.66925,-33.87977],[18.66714,-33.88025],[18.66513,-33.8808],[18.66318,-33.88148]]]}},{"type":"Feature","properties":{"id":"199018041","name":"Vosfontein","commuteMinutes":5.89,"nearestJobCenter":"Bellville","distanceKm":null,"nearestTransitKm":2.119289173571462,"spatialBurdenScore":0.12403823360952515},"geometry":{"type":"Polygon","coordinates":[[[18.66075,-33.87878],[18.65372,-33.87942],[18.65355,-33.87909],[18.65888,-33.87681],[18.66075,-33.87878]]]}},{"type":"Feature","properties":{"id":"199018042","name":"Blomvlei","commuteMinutes":5.91,"nearestJobCenter":"Bellville","distanceKm":null,"nearestTransitKm":2.480967604484148,"spatialBurdenScore":0.13863870417936594},"geometry":{"type":"Polygon","coordinates":[[[18.62131,-33.8803],[18.61753,-33.8813],[18.6174,-33.87999],[18.61765,-33.87848],[18.61883,-33.87886],[18.62012,-33.8781],[18.62131,-33.8803]]]}},{"type":"Feature","properties":{"id":"199018043","name":"Selborne","commuteMinutes":6.04,"nearestJobCenter":"Bellville","distanceKm":null,"nearestTransitKm":2.3868844135799425,"spatialBurdenScore":0.13574204320986438},"geometry":{"type":"Polygon","coordinates":[[[18.62213,-33.88184],[18.61764,-33.88247],[18.61753,-33.8813],[18.62131,-33.8803],[18.62213,-33.88184]]]}},{"type":"Feature","properties":{"id":"199018044","name":"Loevenstein","commuteMinutes":6.27,"nearestJobCenter":"Bellville","distanceKm":null,"nearestTransitKm":1.6737312986203206,"spatialBurdenScore":0.10874925194481283},"geometry":{"type":"Polygon","coordinates":[[[18.60112,-33.88902],[18.59972,-33.88847],[18.59408,-33.88548],[18.59291,-33.88505],[18.594,-33.88428],[18.59706,-33.88052],[18.59668,-33.87928],[18.60526,-33.87817],[18.61377,-33.87704],[18.61765,-33.87848],[18.6174,-33.87999],[18.61753,-33.8813],[18.61764,-33.88247],[18.61811,-33.88871],[18.61365,-33.88898],[18.61014,-33.88921],[18.60582,-33.88948],[18.60385,-33.88952],[18.60266,-33.88939],[18.60112,-33.88902]]]}},{"type":"Feature","properties":{"id":"199018045","name":"Hoheizen","commuteMinutes":5.55,"nearestJobCenter":"Bellville","distanceKm":null,"nearestTransitKm":2.0997934109674947,"spatialBurdenScore":0.12099173643869979},"geometry":{"type":"Polygon","coordinates":[[[18.61811,-33.88871],[18.61764,-33.88247],[18.62213,-33.88184],[18.62242,-33.88237],[18.62284,-33.88319],[18.62425,-33.88833],[18.61811,-33.88871]]]}},{"type":"Feature","properties":{"id":"199018046","name":"Boston","commuteMinutes":2.47,"nearestJobCenter":"Bellville","distanceKm":null,"nearestTransitKm":1.0738361359388222,"spatialBurdenScore":0.05942011210421956},"geometry":{"type":"Polygon","coordinates":[[[18.62773,-33.89481],[18.62628,-33.89491],[18.62481,-33.89561],[18.62342,-33.89633],[18.62349,-33.89748],[18.62495,-33.8974],[18.62499,-33.89784],[18.62752,-33.8977],[18.62767,-33.89839],[18.62751,-33.89918],[18.62604,-33.89929],[18.62613,-33.90038],[18.62646,-33.90037],[18.6265,-33.90113],[18.61841,-33.90163],[18.61475,-33.90183],[18.61117,-33.90208],[18.61098,-33.89955],[18.61455,-33.89931],[18.61431,-33.8966],[18.61408,-33.89408],[18.61365,-33.88898],[18.61811,-33.88871],[18.62425,-33.88833],[18.62754,-33.88809],[18.63062,-33.88768],[18.63216,-33.88736],[18.63222,-33.88817],[18.63087,-33.89129],[18.63023,-33.89107],[18.62874,-33.89493],[18.62773,-33.89481]]]}},{"type":"Feature","properties":{"id":"199018047","name":"Bellville Ext 20","commuteMinutes":5.33,"nearestJobCenter":"Bellville","distanceKm":null,"nearestTransitKm":3.2300664377594432,"spatialBurdenScore":0.16473599084371107},"geometry":{"type":"MultiPolygon","coordinates":[[[[18.62581,-33.90499],[18.62548,-33.9059],[18.62434,-33.90567],[18.61956,-33.90517],[18.61882,-33.90517],[18.6165,-33.90548],[18.60967,-33.90635],[18.61029,-33.90518],[18.61136,-33.90426],[18.61117,-33.90208],[18.61475,-33.90183],[18.61841,-33.90163],[18.6265,-33.90113],[18.62711,-33.90112],[18.62683,-33.90172],[18.62638,-33.9018],[18.62656,-33.90258],[18.62583,-33.90273],[18.62588,-33.90315],[18.62684,-33.90305],[18.6269,-33.90349],[18.62618,-33.90363],[18.62581,-33.90499]]],[[[18.65317,-33.87925],[18.65052,-33.88037],[18.65007,-33.87922],[18.64985,-33.8783],[18.65241,-33.87771],[18.65317,-33.87925]]],[[[18.65719,-33.87512],[18.65643,-33.87522],[18.65467,-33.87607],[18.65491,-33.87646],[18.65449,-33.87642],[18.65374,-33.8771],[18.65301,-33.87695],[18.65429,-33.87365],[18.65582,-33.87414],[18.65719,-33.87512]]],[[[18.63272,-33.85784],[18.63264,-33.85975],[18.63282,-33.86479],[18.63131,-33.86508],[18.63082,-33.8664],[18.63012,-33.8662],[18.62922,-33.86633],[18.62868,-33.86664],[18.62844,-33.86629],[18.6242,-33.86902],[18.62371,-33.86867],[18.62394,-33.86797],[18.6243,-33.86594],[18.62498,-33.86453],[18.62632,-33.86289],[18.62686,-33.86183],[18.62711,-33.86026],[18.62692,-33.85956],[18.6272,-33.85714],[18.62731,-33.85626],[18.62948,-33.85668],[18.63101,-33.85763],[18.63169,-33.85785],[18.63272,-33.85784]]]]}},{"type":"Feature","properties":{"id":"199018048","name":"Blomtuin","commuteMinutes":4.28,"nearestJobCenter":"Bellville","distanceKm":null,"nearestTransitKm":2.1926674770977574,"spatialBurdenScore":0.11624003241724365},"geometry":{"type":"Polygon","coordinates":[[[18.65337,-33.88284],[18.65222,-33.88353],[18.65163,-33.88369],[18.65254,-33.88606],[18.64895,-33.88625],[18.64606,-33.88635],[18.64589,-33.88683],[18.64535,-33.8865],[18.64201,-33.884],[18.64597,-33.8823],[18.65052,-33.88037],[18.65134,-33.88284],[18.65321,-33.88274],[18.65337,-33.88284]]]}},{"type":"Feature","properties":{"id":"199018049","name":"Eskom","commuteMinutes":5.22,"nearestJobCenter":"Bellville","distanceKm":null,"nearestTransitKm":2.772380957151466,"spatialBurdenScore":0.14569523828605865},"geometry":{"type":"Polygon","coordinates":[[[18.64045,-33.88073],[18.64123,-33.88083],[18.64415,-33.88093],[18.64543,-33.88148],[18.64597,-33.8823],[18.64201,-33.884],[18.63979,-33.88235],[18.64045,-33.88073]]]}},{"type":"Feature","properties":{"id":"199018050","name":"Oakdale","commuteMinutes":1.77,"nearestJobCenter":"Bellville","distanceKm":null,"nearestTransitKm":1.4365100771501147,"spatialBurdenScore":0.06926040308600459},"geometry":{"type":"Polygon","coordinates":[[[18.64189,-33.89208],[18.64151,-33.892],[18.64033,-33.89361],[18.6393,-33.89348],[18.63848,-33.8931],[18.63826,-33.89375],[18.63696,-33.89343],[18.63653,-33.89377],[18.63621,-33.89468],[18.63563,-33.89452],[18.63549,-33.89521],[18.63493,-33.89507],[18.63451,-33.89638],[18.63428,-33.89632],[18.63219,-33.89755],[18.63218,-33.89843],[18.63085,-33.89886],[18.63012,-33.8988],[18.62968,-33.898],[18.6286,-33.89771],[18.62806,-33.89915],[18.62751,-33.89918],[18.62767,-33.89839],[18.62752,-33.8977],[18.62778,-33.89651],[18.62773,-33.89481],[18.62874,-33.89493],[18.63023,-33.89107],[18.63087,-33.89129],[18.63222,-33.88817],[18.63216,-33.88736],[18.63414,-33.88688],[18.63756,-33.88583],[18.64201,-33.884],[18.64535,-33.8865],[18.6427,-33.89045],[18.64189,-33.89208]]]}},{"type":"Feature","properties":{"id":"199018051","name":"Chrismar","commuteMinutes":2.4,"nearestJobCenter":"Bellville","distanceKm":null,"nearestTransitKm":1.3498146531187283,"spatialBurdenScore":0.06999258612474914},"geometry":{"type":"Polygon","coordinates":[[[18.64895,-33.88625],[18.64861,-33.89014],[18.6494,-33.89124],[18.65163,-33.89443],[18.64674,-33.89756],[18.64622,-33.89543],[18.64091,-33.898],[18.64033,-33.89816],[18.64047,-33.89791],[18.64248,-33.89684],[18.64179,-33.89403],[18.64189,-33.89208],[18.6427,-33.89045],[18.64535,-33.8865],[18.64589,-33.88683],[18.64606,-33.88635],[18.64895,-33.88625]]]}},{"type":"Feature","properties":{"id":"199018052","name":"Blommendal","commuteMinutes":4.74,"nearestJobCenter":"Bellville","distanceKm":null,"nearestTransitKm":1.5643014607594437,"spatialBurdenScore":0.09417205843037774},"geometry":{"type":"Polygon","coordinates":[[[18.65663,-33.88584],[18.65703,-33.88906],[18.65572,-33.88918],[18.6521,-33.89033],[18.65152,-33.89076],[18.65081,-33.8905],[18.65132,-33.88905],[18.6506,-33.88854],[18.64988,-33.8902],[18.64987,-33.89099],[18.6494,-33.89124],[18.64861,-33.89014],[18.64895,-33.88625],[18.65254,-33.88606],[18.65663,-33.88584]]]}},{"type":"Feature","properties":{"id":"199018053","name":"Bellair","commuteMinutes":5.83,"nearestJobCenter":"Bellville","distanceKm":null,"nearestTransitKm":1.2220411823081405,"spatialBurdenScore":0.0877483139589923},"geometry":{"type":"Polygon","coordinates":[[[18.67517,-33.88638],[18.67318,-33.88721],[18.67144,-33.88776],[18.67184,-33.88696],[18.67196,-33.8857],[18.67136,-33.8841],[18.66756,-33.88441],[18.66327,-33.8847],[18.66122,-33.88475],[18.66128,-33.88552],[18.65662,-33.88577],[18.65663,-33.88584],[18.65254,-33.88606],[18.65163,-33.88369],[18.65222,-33.88353],[18.65337,-33.88284],[18.65458,-33.88266],[18.66049,-33.88233],[18.66318,-33.88148],[18.66513,-33.8808],[18.66714,-33.88025],[18.66925,-33.87977],[18.67299,-33.87915],[18.67343,-33.88046],[18.67517,-33.88638]]]}},{"type":"Feature","properties":{"id":"199018054","name":"Oakglen","commuteMinutes":5.67,"nearestJobCenter":"Bellville","distanceKm":null,"nearestTransitKm":0.9321815439035238,"spatialBurdenScore":0.07508726175614096},"geometry":{"type":"Polygon","coordinates":[[[18.67144,-33.88776],[18.6686,-33.88871],[18.66517,-33.8898],[18.65781,-33.89216],[18.65723,-33.89044],[18.65703,-33.88906],[18.65663,-33.88584],[18.65662,-33.88577],[18.66128,-33.88552],[18.66122,-33.88475],[18.66327,-33.8847],[18.66756,-33.88441],[18.67136,-33.8841],[18.67196,-33.8857],[18.67184,-33.88696],[18.67144,-33.88776]]]}},{"type":"Feature","properties":{"id":"199018055","name":"Joubertsingel","commuteMinutes":6.44,"nearestJobCenter":"Bellville","distanceKm":null,"nearestTransitKm":0.4676702452904343,"spatialBurdenScore":0.06164014314495071},"geometry":{"type":"Polygon","coordinates":[[[18.67222,-33.8903],[18.66898,-33.891],[18.6686,-33.88871],[18.67144,-33.88776],[18.67222,-33.8903]]]}},{"type":"Feature","properties":{"id":"199018056","name":"Groenvallei","commuteMinutes":7.19,"nearestJobCenter":"Bellville","distanceKm":null,"nearestTransitKm":0.31116559301022073,"spatialBurdenScore":0.06037995705374216},"geometry":{"type":"Polygon","coordinates":[[[18.67222,-33.8903],[18.67246,-33.8913],[18.6726,-33.89289],[18.66627,-33.89766],[18.66517,-33.8898],[18.6686,-33.88871],[18.66898,-33.891],[18.67222,-33.8903]],[[18.67052,-33.89158],[18.67011,-33.89186],[18.66757,-33.89174],[18.66823,-33.89365],[18.6706,-33.89189],[18.67052,-33.89158]]]}},{"type":"Feature","properties":{"id":"199018057","name":"Heemstede","commuteMinutes":6.94,"nearestJobCenter":"Bellville","distanceKm":null,"nearestTransitKm":0.26901152735132605,"spatialBurdenScore":0.05702712776071971},"geometry":{"type":"Polygon","coordinates":[[[18.67052,-33.89158],[18.6706,-33.89189],[18.66823,-33.89365],[18.66757,-33.89174],[18.67011,-33.89186],[18.67052,-33.89158]]]}},{"type":"Feature","properties":{"id":"199018058","name":"Vredelust","commuteMinutes":3.61,"nearestJobCenter":"Bellville","distanceKm":null,"nearestTransitKm":0.7832826481717339,"spatialBurdenScore":0.05539797259353602},"geometry":{"type":"Polygon","coordinates":[[[18.61408,-33.89408],[18.61252,-33.89389],[18.6124,-33.89672],[18.61431,-33.8966],[18.61455,-33.89931],[18.61098,-33.89955],[18.61088,-33.89925],[18.60999,-33.89019],[18.61014,-33.88921],[18.61365,-33.88898],[18.61408,-33.89408]]]}},{"type":"Feature","properties":{"id":"199018059","name":"Joostenville","commuteMinutes":3.61,"nearestJobCenter":"Bellville","distanceKm":null,"nearestTransitKm":0.7898820691129967,"spatialBurdenScore":0.05566194943118654},"geometry":{"type":"Polygon","coordinates":[[[18.61408,-33.89408],[18.61431,-33.8966],[18.6124,-33.89672],[18.61252,-33.89389],[18.61408,-33.89408]]]}},{"type":"Feature","properties":{"id":"199018060","name":"Stikland Hospital","commuteMinutes":6.74,"nearestJobCenter":"Bellville","distanceKm":null,"nearestTransitKm":1.1699786288110812,"spatialBurdenScore":0.09173247848577658},"geometry":{"type":"Polygon","coordinates":[[[18.65703,-33.88906],[18.65723,-33.89044],[18.65781,-33.89216],[18.66517,-33.8898],[18.66627,-33.89766],[18.65852,-33.90355],[18.65837,-33.90365],[18.65755,-33.90244],[18.65734,-33.90265],[18.65659,-33.90143],[18.65163,-33.89443],[18.6494,-33.89124],[18.64987,-33.89099],[18.64988,-33.8902],[18.6506,-33.88854],[18.65132,-33.88905],[18.65081,-33.8905],[18.65152,-33.89076],[18.6521,-33.89033],[18.65572,-33.88918],[18.65703,-33.88906]]]}},{"type":"Feature","properties":{"id":"199018061","name":"Thalmen","commuteMinutes":3.39,"nearestJobCenter":"Bellville","distanceKm":null,"nearestTransitKm":0.4540776510752359,"spatialBurdenScore":0.04076310604300944},"geometry":{"type":"Polygon","coordinates":[[[18.65837,-33.90365],[18.65682,-33.9047],[18.65464,-33.90564],[18.64993,-33.90441],[18.64903,-33.90417],[18.64774,-33.90383],[18.64778,-33.90357],[18.64716,-33.90034],[18.64718,-33.89994],[18.64674,-33.89756],[18.65163,-33.89443],[18.65659,-33.90143],[18.65734,-33.90265],[18.65755,-33.90244],[18.65837,-33.90365]],[[18.65216,-33.90416],[18.65281,-33.90417],[18.65149,-33.90271],[18.64823,-33.90184],[18.64848,-33.90317],[18.65216,-33.90416]]]}},{"type":"Feature","properties":{"id":"199018062","name":"Laurindale","commuteMinutes":2.28,"nearestJobCenter":"Bellville","distanceKm":null,"nearestTransitKm":1.0287602557109776,"spatialBurdenScore":0.056350410228439105},"geometry":{"type":"Polygon","coordinates":[[[18.64674,-33.89756],[18.6423,-33.90043],[18.64091,-33.898],[18.64622,-33.89543],[18.64674,-33.89756]]]}},{"type":"Feature","properties":{"id":"199018063","name":"Avondstil","commuteMinutes":1.77,"nearestJobCenter":"Bellville","distanceKm":null,"nearestTransitKm":0.8000955977292763,"spatialBurdenScore":0.04380382390917105},"geometry":{"type":"Polygon","coordinates":[[[18.6423,-33.90043],[18.64064,-33.90153],[18.63988,-33.90156],[18.63981,-33.9005],[18.63983,-33.89921],[18.6395,-33.89859],[18.63967,-33.89851],[18.64033,-33.89816],[18.64091,-33.898],[18.6423,-33.90043]]]}},{"type":"Feature","properties":{"id":"199018064","name":"Sunkist","commuteMinutes":1.8,"nearestJobCenter":"Bellville","distanceKm":null,"nearestTransitKm":1.2462346187804567,"spatialBurdenScore":0.061849384751218275},"geometry":{"type":"Polygon","coordinates":[[[18.64189,-33.89208],[18.64179,-33.89403],[18.64117,-33.89384],[18.63994,-33.89675],[18.64047,-33.89791],[18.64033,-33.89816],[18.63967,-33.89851],[18.63934,-33.89763],[18.63708,-33.897],[18.64033,-33.89361],[18.64151,-33.892],[18.64189,-33.89208]]]}},{"type":"Feature","properties":{"id":"199018065","name":"Kingston","commuteMinutes":1.36,"nearestJobCenter":"Bellville","distanceKm":null,"nearestTransitKm":1.306417265748224,"spatialBurdenScore":0.06132335729659563},"geometry":{"type":"Polygon","coordinates":[[[18.64033,-33.89361],[18.63708,-33.897],[18.63626,-33.89723],[18.63218,-33.89843],[18.63219,-33.89755],[18.63428,-33.89632],[18.63451,-33.89638],[18.63493,-33.89507],[18.63549,-33.89521],[18.63563,-33.89452],[18.63621,-33.89468],[18.63653,-33.89377],[18.63696,-33.89343],[18.63826,-33.89375],[18.63848,-33.8931],[18.6393,-33.89348],[18.64033,-33.89361]]]}},{"type":"Feature","properties":{"id":"199018066","name":"Sunray","commuteMinutes":1.3,"nearestJobCenter":"Bellville","distanceKm":null,"nearestTransitKm":1.021746802406796,"spatialBurdenScore":0.04953653876293851},"geometry":{"type":"Polygon","coordinates":[[[18.63708,-33.897],[18.63934,-33.89763],[18.63967,-33.89851],[18.6395,-33.89859],[18.63817,-33.89898],[18.63696,-33.89926],[18.63626,-33.89723],[18.63708,-33.897]]]}},{"type":"Feature","properties":{"id":"199018067","name":"Harry De Villiers","commuteMinutes":1.57,"nearestJobCenter":"Bellville","distanceKm":null,"nearestTransitKm":0.8229316107334251,"spatialBurdenScore":0.04338393109600367},"geometry":{"type":"Polygon","coordinates":[[[18.63981,-33.9005],[18.63869,-33.90068],[18.63817,-33.89898],[18.6395,-33.89859],[18.63983,-33.89921],[18.63981,-33.9005]]]}},{"type":"Feature","properties":{"id":"199018068","name":"Maniesoord","commuteMinutes":1.25,"nearestJobCenter":"Bellville","distanceKm":null,"nearestTransitKm":0.7897657056029564,"spatialBurdenScore":0.039923961557451586},"geometry":{"type":"Polygon","coordinates":[[[18.63869,-33.90068],[18.6375,-33.90085],[18.63696,-33.89926],[18.63817,-33.89898],[18.63869,-33.90068]]]}},{"type":"Feature","properties":{"id":"199018069","name":"Kempenville","commuteMinutes":0.89,"nearestJobCenter":"Bellville","distanceKm":null,"nearestTransitKm":0.7974157961983733,"spatialBurdenScore":0.037829965181268264},"geometry":{"type":"Polygon","coordinates":[[[18.63869,-33.90068],[18.63981,-33.9005],[18.63988,-33.90156],[18.63978,-33.90245],[18.63106,-33.90147],[18.63085,-33.89886],[18.63218,-33.89843],[18.63626,-33.89723],[18.63696,-33.89926],[18.6375,-33.90085],[18.63869,-33.90068]]]}},{"type":"Feature","properties":{"id":"199018070","name":"Bellville Central","commuteMinutes":1.2,"nearestJobCenter":"Bellville","distanceKm":null,"nearestTransitKm":0.7947866783568688,"spatialBurdenScore":0.039791467134274755},"geometry":{"type":"Polygon","coordinates":[[[18.63085,-33.89886],[18.63106,-33.90147],[18.62731,-33.90112],[18.62806,-33.89915],[18.6286,-33.89771],[18.62968,-33.898],[18.63012,-33.8988],[18.63085,-33.89886]]]}},{"type":"Feature","properties":{"id":"199018071","name":"Stanlou","commuteMinutes":2.15,"nearestJobCenter":"Bellville","distanceKm":null,"nearestTransitKm":0.6506033216984405,"spatialBurdenScore":0.04035746620127095},"geometry":{"type":"Polygon","coordinates":[[[18.62806,-33.89915],[18.62731,-33.90112],[18.62711,-33.90112],[18.6265,-33.90113],[18.62646,-33.90037],[18.62613,-33.90038],[18.62604,-33.89929],[18.62751,-33.89918],[18.62806,-33.89915]]]}},{"type":"Feature","properties":{"id":"199018072","name":"Eversdal Ext 21","commuteMinutes":0.79,"nearestJobCenter":"Bellville","distanceKm":null,"nearestTransitKm":0.4013416342431788,"spatialBurdenScore":0.02132033203639382},"geometry":{"type":"Polygon","coordinates":[[[18.63978,-33.90245],[18.64337,-33.90283],[18.6431,-33.90473],[18.64321,-33.90665],[18.64075,-33.90697],[18.64076,-33.90642],[18.63979,-33.90596],[18.63667,-33.90576],[18.63693,-33.90412],[18.63276,-33.90364],[18.63231,-33.90648],[18.62985,-33.90607],[18.62581,-33.90499],[18.62618,-33.90363],[18.6269,-33.90349],[18.62684,-33.90305],[18.62588,-33.90315],[18.62583,-33.90273],[18.62656,-33.90258],[18.62638,-33.9018],[18.62683,-33.90172],[18.62711,-33.90112],[18.62731,-33.90112],[18.63106,-33.90147],[18.63978,-33.90245]]]}},{"type":"Feature","properties":{"id":"199018073","name":"Belgravia","commuteMinutes":1.97,"nearestJobCenter":"Bellville","distanceKm":null,"nearestTransitKm":0.5749293587600194,"spatialBurdenScore":0.03613050768373411},"geometry":{"type":"Polygon","coordinates":[[[18.64774,-33.90383],[18.64466,-33.90306],[18.64337,-33.90283],[18.63978,-33.90245],[18.63988,-33.90156],[18.64064,-33.90153],[18.6423,-33.90043],[18.64674,-33.89756],[18.64718,-33.89994],[18.64716,-33.90034],[18.64778,-33.90357],[18.64774,-33.90383]]]}},{"type":"Feature","properties":{"id":"199018074","name":"Sanlamhof","commuteMinutes":3.06,"nearestJobCenter":"Bellville","distanceKm":null,"nearestTransitKm":0.16545275841643292,"spatialBurdenScore":0.027018110336657318},"geometry":{"type":"Polygon","coordinates":[[[18.64321,-33.90665],[18.6431,-33.90473],[18.64337,-33.90283],[18.64466,-33.90306],[18.64774,-33.90383],[18.64903,-33.90417],[18.64831,-33.90628],[18.64353,-33.90669],[18.64321,-33.90665]]]}},{"type":"Feature","properties":{"id":"199018075","name":"Dunrobin","commuteMinutes":2.62,"nearestJobCenter":"Bellville","distanceKm":null,"nearestTransitKm":0.07700327478039201,"spatialBurdenScore":0.020546797657882344},"geometry":{"type":"Polygon","coordinates":[[[18.64993,-33.90441],[18.64925,-33.90618],[18.64831,-33.90628],[18.64903,-33.90417],[18.64993,-33.90441]]]}},{"type":"Feature","properties":{"id":"199018076","name":"Stikland","commuteMinutes":3.11,"nearestJobCenter":"Bellville","distanceKm":null,"nearestTransitKm":0.02570744967246145,"spatialBurdenScore":0.02176163132023179},"geometry":{"type":"Polygon","coordinates":[[[18.65464,-33.90564],[18.65385,-33.90579],[18.64925,-33.90618],[18.64993,-33.90441],[18.65464,-33.90564]]]}},{"type":"Feature","properties":{"id":"199018077","name":"Loumar","commuteMinutes":3.76,"nearestJobCenter":"Bellville","distanceKm":null,"nearestTransitKm":0.08807871930404747,"spatialBurdenScore":0.02858981543882856},"geometry":{"type":"Polygon","coordinates":[[[18.66069,-33.90437],[18.65943,-33.90556],[18.65755,-33.90648],[18.65699,-33.90626],[18.65464,-33.90564],[18.65682,-33.9047],[18.65837,-33.90365],[18.65852,-33.90355],[18.66157,-33.90345],[18.66069,-33.90437]]]}},{"type":"Feature","properties":{"id":"199018078","name":"Stikland Industrial","commuteMinutes":6.79,"nearestJobCenter":"Bellville","distanceKm":null,"nearestTransitKm":0.5066173438274251,"spatialBurdenScore":0.06553136041976367},"geometry":{"type":"Polygon","coordinates":[[[18.67236,-33.90747],[18.6698,-33.91184],[18.66855,-33.914],[18.66474,-33.91112],[18.66313,-33.9099],[18.66184,-33.90905],[18.66512,-33.90612],[18.66255,-33.90511],[18.66069,-33.90437],[18.66157,-33.90345],[18.65852,-33.90355],[18.66627,-33.89766],[18.6726,-33.89289],[18.67246,-33.8913],[18.67222,-33.8903],[18.67144,-33.88776],[18.67318,-33.88721],[18.67517,-33.88638],[18.67628,-33.89013],[18.67722,-33.89309],[18.6775,-33.89441],[18.67757,-33.89654],[18.67739,-33.89775],[18.67689,-33.89949],[18.67634,-33.9007],[18.67236,-33.90747]]]}},{"type":"Feature","properties":{"id":"199018079","name":"Meyerhof","commuteMinutes":4.44,"nearestJobCenter":"Bellville","distanceKm":null,"nearestTransitKm":0.31410134250563787,"spatialBurdenScore":0.042164053700225516},"geometry":{"type":"Polygon","coordinates":[[[18.66255,-33.90511],[18.66075,-33.90688],[18.65991,-33.90786],[18.65755,-33.90648],[18.65943,-33.90556],[18.66069,-33.90437],[18.66255,-33.90511]]]}},{"type":"Feature","properties":{"id":"199018080","name":"Shirley Park","commuteMinutes":4.92,"nearestJobCenter":"Bellville","distanceKm":null,"nearestTransitKm":0.4986488025287168,"spatialBurdenScore":0.05274595210114868},"geometry":{"type":"Polygon","coordinates":[[[18.66184,-33.90905],[18.65991,-33.90786],[18.66075,-33.90688],[18.66255,-33.90511],[18.66512,-33.90612],[18.66184,-33.90905]]]}},{"type":"Feature","properties":{"id":"199018081","name":"Labiance","commuteMinutes":5.02,"nearestJobCenter":"Bellville","distanceKm":null,"nearestTransitKm":0.367847339648932,"spatialBurdenScore":0.04818056025262395},"geometry":{"type":"Polygon","coordinates":[[[18.65975,-33.91519],[18.65853,-33.91429],[18.65741,-33.9138],[18.65585,-33.91338],[18.65313,-33.91267],[18.65633,-33.90782],[18.65699,-33.90626],[18.65755,-33.90648],[18.65991,-33.90786],[18.66184,-33.90905],[18.66313,-33.9099],[18.66474,-33.91112],[18.66294,-33.9148],[18.66235,-33.91588],[18.66047,-33.91493],[18.65975,-33.91519]]]}},{"type":"Feature","properties":{"id":"199018082","name":"Triangle Farm","commuteMinutes":4.91,"nearestJobCenter":"Bellville","distanceKm":null,"nearestTransitKm":0.09962311094288577,"spatialBurdenScore":0.03671825777104877},"geometry":{"type":"Polygon","coordinates":[[[18.65699,-33.90626],[18.65633,-33.90782],[18.65313,-33.91267],[18.64073,-33.9094],[18.63704,-33.90845],[18.6357,-33.90815],[18.6356,-33.90739],[18.64075,-33.90697],[18.64321,-33.90665],[18.64353,-33.90669],[18.64831,-33.90628],[18.64925,-33.90618],[18.65385,-33.90579],[18.65464,-33.90564],[18.65699,-33.90626]]]}},{"type":"Feature","properties":{"id":"199018083","name":"Belrail","commuteMinutes":1.74,"nearestJobCenter":"Bellville","distanceKm":null,"nearestTransitKm":0.12903785366107523,"spatialBurdenScore":0.01676151414644301},"geometry":{"type":"Polygon","coordinates":[[[18.64075,-33.90697],[18.6356,-33.90739],[18.634,-33.90746],[18.63217,-33.90736],[18.63231,-33.90648],[18.63276,-33.90364],[18.63693,-33.90412],[18.63667,-33.90576],[18.63979,-33.90596],[18.64076,-33.90642],[18.64075,-33.90697]]]}},{"type":"Feature","properties":{"id":"199018084","name":"Bellville Lot 5","commuteMinutes":1.88,"nearestJobCenter":"Bellville","distanceKm":null,"nearestTransitKm":0.15719491492125018,"spatialBurdenScore":0.01882112993018334},"geometry":{"type":"Polygon","coordinates":[[[18.6356,-33.90739],[18.6357,-33.90815],[18.63704,-33.90845],[18.63799,-33.912],[18.6328,-33.9118],[18.63214,-33.90836],[18.63217,-33.90736],[18.634,-33.90746],[18.6356,-33.90739]]]}},{"type":"Feature","properties":{"id":"199018085","name":"Bellville Lot 6","commuteMinutes":2.34,"nearestJobCenter":"Bellville","distanceKm":null,"nearestTransitKm":0.3240006403928616,"spatialBurdenScore":0.02856002561571446},"geometry":{"type":"Polygon","coordinates":[[[18.64154,-33.91457],[18.64009,-33.9145],[18.63868,-33.91443],[18.63848,-33.91365],[18.63308,-33.91341],[18.6328,-33.9118],[18.63799,-33.912],[18.63704,-33.90845],[18.64073,-33.9094],[18.64072,-33.90971],[18.64184,-33.91386],[18.64154,-33.91457]]]}},{"type":"Feature","properties":{"id":"199018086","name":"Blanc Kelly","commuteMinutes":2.45,"nearestJobCenter":"Bellville","distanceKm":null,"nearestTransitKm":0.6347053489471551,"spatialBurdenScore":0.041721547291219546},"geometry":{"type":"Polygon","coordinates":[[[18.63868,-33.91443],[18.63325,-33.9142],[18.63308,-33.91341],[18.63848,-33.91365],[18.63868,-33.91443]]]}},{"type":"Feature","properties":{"id":"199018087","name":"Bellville Lot 3","commuteMinutes":2.56,"nearestJobCenter":"Bellville","distanceKm":null,"nearestTransitKm":0.8419810993241974,"spatialBurdenScore":0.050745910639634566},"geometry":{"type":"Polygon","coordinates":[[[18.64086,-33.91748],[18.63396,-33.91716],[18.63365,-33.91721],[18.63361,-33.9164],[18.63325,-33.9142],[18.63868,-33.91443],[18.64009,-33.9145],[18.64086,-33.91748]]]}},{"type":"Feature","properties":{"id":"199018088","name":"Transnet","commuteMinutes":6.53,"nearestJobCenter":"Bellville","distanceKm":null,"nearestTransitKm":1.5503400346895262,"spatialBurdenScore":0.10554693472091439},"geometry":{"type":"Polygon","coordinates":[[[18.63231,-33.90648],[18.63217,-33.90736],[18.63214,-33.90836],[18.6328,-33.9118],[18.63308,-33.91341],[18.63325,-33.9142],[18.63361,-33.9164],[18.63365,-33.91721],[18.63396,-33.91716],[18.63412,-33.91786],[18.63579,-33.91998],[18.63589,-33.92017],[18.63911,-33.92408],[18.63928,-33.9246],[18.63745,-33.92457],[18.63581,-33.92474],[18.63423,-33.92508],[18.63257,-33.92565],[18.63121,-33.9264],[18.63096,-33.92591],[18.63076,-33.92472],[18.63092,-33.92402],[18.62933,-33.92352],[18.62773,-33.92357],[18.62564,-33.92836],[18.62729,-33.9289],[18.62017,-33.93339],[18.61815,-33.93474],[18.61687,-33.9335],[18.6165,-33.93294],[18.61596,-33.93274],[18.61689,-33.93084],[18.61838,-33.92744],[18.61866,-33.92505],[18.61865,-33.92327],[18.61759,-33.92322],[18.6175,-33.92272],[18.61541,-33.92221],[18.61693,-33.91887],[18.61931,-33.91353],[18.61869,-33.90799],[18.61682,-33.90633],[18.6165,-33.90548],[18.61882,-33.90517],[18.61956,-33.90517],[18.62434,-33.90567],[18.62548,-33.9059],[18.62581,-33.90499],[18.62985,-33.90607],[18.63231,-33.90648]]]}},{"type":"Feature","properties":{"id":"199018089","name":"Tygerberg Hospital","commuteMinutes":7.03,"nearestJobCenter":"Bellville","distanceKm":null,"nearestTransitKm":0.7205721280155907,"spatialBurdenScore":0.0756895517872903},"geometry":{"type":"Polygon","coordinates":[[[18.61693,-33.91887],[18.61658,-33.91833],[18.61506,-33.9152],[18.60976,-33.91599],[18.60859,-33.91601],[18.60929,-33.91528],[18.60938,-33.91442],[18.60803,-33.90809],[18.60914,-33.90717],[18.60967,-33.90635],[18.6165,-33.90548],[18.61682,-33.90633],[18.61869,-33.90799],[18.61931,-33.91353],[18.61693,-33.91887]]]}},{"type":"Feature","properties":{"id":"199018090","name":"Bellville West","commuteMinutes":4.38,"nearestJobCenter":"Bellville","distanceKm":null,"nearestTransitKm":0.37264421984572443,"spatialBurdenScore":0.04410576879382898},"geometry":{"type":"Polygon","coordinates":[[[18.61098,-33.89955],[18.61117,-33.90208],[18.6101,-33.90214],[18.60799,-33.90075],[18.60645,-33.89989],[18.60681,-33.89441],[18.60627,-33.8944],[18.60582,-33.88948],[18.61014,-33.88921],[18.60999,-33.89019],[18.61088,-33.89925],[18.61098,-33.89955]]]}},{"type":"Feature","properties":{"id":"199018091","name":"Hillrise","commuteMinutes":2.13,"nearestJobCenter":"Bellville","distanceKm":null,"nearestTransitKm":1.1504054192981226,"spatialBurdenScore":0.0602162167719249},"geometry":{"type":"Polygon","coordinates":[[[18.64179,-33.89403],[18.64248,-33.89684],[18.64047,-33.89791],[18.63994,-33.89675],[18.64117,-33.89384],[18.64179,-33.89403]]]}},{"type":"Feature","properties":{"id":"199018092","name":"Bosbell","commuteMinutes":2.37,"nearestJobCenter":"Bellville","distanceKm":null,"nearestTransitKm":1.039631516908289,"spatialBurdenScore":0.057385260676331554},"geometry":{"type":"Polygon","coordinates":[[[18.62752,-33.8977],[18.62499,-33.89784],[18.62495,-33.8974],[18.62481,-33.89561],[18.62628,-33.89491],[18.62773,-33.89481],[18.62778,-33.89651],[18.62752,-33.8977]]]}},{"type":"Feature","properties":{"id":"199018093","name":"Grahamdale","commuteMinutes":2.18,"nearestJobCenter":"Bellville","distanceKm":null,"nearestTransitKm":0.9381498366149568,"spatialBurdenScore":0.05205932679793161},"geometry":{"type":"Polygon","coordinates":[[[18.62495,-33.8974],[18.62349,-33.89748],[18.62342,-33.89633],[18.62481,-33.89561],[18.62495,-33.8974]]]}},{"type":"Feature","properties":{"id":"199018094","name":"Runkel Blv","commuteMinutes":3,"nearestJobCenter":"Bellville","distanceKm":null,"nearestTransitKm":0.32611945905698686,"spatialBurdenScore":0.033044778362279474},"geometry":{"type":"Polygon","coordinates":[[[18.65216,-33.90416],[18.64848,-33.90317],[18.64823,-33.90184],[18.65149,-33.90271],[18.65281,-33.90417],[18.65216,-33.90416]]]}},{"type":"Feature","properties":{"id":"199018095","name":"Mimosa","commuteMinutes":3.7,"nearestJobCenter":"Bellville","distanceKm":null,"nearestTransitKm":0.6003832091543332,"spatialBurdenScore":0.04868199503284},"geometry":{"type":"Polygon","coordinates":[[[18.65313,-33.91267],[18.65141,-33.91503],[18.64422,-33.91475],[18.6451,-33.91814],[18.64458,-33.91815],[18.64491,-33.91965],[18.64182,-33.91951],[18.64126,-33.9176],[18.64154,-33.91699],[18.64104,-33.91697],[18.64165,-33.91542],[18.64154,-33.91457],[18.64184,-33.91386],[18.64072,-33.90971],[18.64073,-33.9094],[18.65313,-33.91267]]]}},{"type":"Feature","properties":{"id":"199018096","name":"Beroma","commuteMinutes":4.65,"nearestJobCenter":"Bellville","distanceKm":null,"nearestTransitKm":0.20472075849563603,"spatialBurdenScore":0.039188830339825446},"geometry":{"type":"Polygon","coordinates":[[[18.65585,-33.91338],[18.65493,-33.91652],[18.65291,-33.91632],[18.65283,-33.91513],[18.65141,-33.91503],[18.65313,-33.91267],[18.65585,-33.91338]]]}},{"type":"Feature","properties":{"id":"199018097","name":"Bellville South Ext 13","commuteMinutes":4.44,"nearestJobCenter":"Bellville","distanceKm":null,"nearestTransitKm":0.663288468244647,"spatialBurdenScore":0.05613153872978588},"geometry":{"type":"Polygon","coordinates":[[[18.65291,-33.91632],[18.65105,-33.91613],[18.65115,-33.91764],[18.65195,-33.92052],[18.65229,-33.92181],[18.64722,-33.92158],[18.64665,-33.91971],[18.64491,-33.91965],[18.64458,-33.91815],[18.6451,-33.91814],[18.64422,-33.91475],[18.65141,-33.91503],[18.65283,-33.91513],[18.65291,-33.91632]]]}},{"type":"Feature","properties":{"id":"199018098","name":"Glenhaven","commuteMinutes":5.83,"nearestJobCenter":"Bellville","distanceKm":null,"nearestTransitKm":0.38471754303525957,"spatialBurdenScore":0.054255368388077055},"geometry":{"type":"Polygon","coordinates":[[[18.66098,-33.92246],[18.65959,-33.92251],[18.65616,-33.9217],[18.65592,-33.92134],[18.65195,-33.92052],[18.65115,-33.91764],[18.65105,-33.91613],[18.65291,-33.91632],[18.65493,-33.91652],[18.65585,-33.91338],[18.65741,-33.9138],[18.65853,-33.91429],[18.65975,-33.91519],[18.66046,-33.91613],[18.66068,-33.91706],[18.66098,-33.92246]]]}},{"type":"Feature","properties":{"id":"199018099","name":"Sacks Circle Industrial","commuteMinutes":6.66,"nearestJobCenter":"Bellville","distanceKm":null,"nearestTransitKm":0.8050309473616526,"spatialBurdenScore":0.0766012378944661},"geometry":{"type":"Polygon","coordinates":[[[18.66098,-33.92246],[18.66127,-33.92759],[18.66102,-33.92818],[18.66053,-33.9303],[18.66017,-33.93078],[18.65956,-33.93098],[18.65311,-33.93071],[18.64759,-33.93002],[18.64291,-33.92944],[18.64276,-33.93003],[18.64211,-33.93053],[18.64037,-33.9307],[18.64023,-33.92974],[18.63975,-33.92927],[18.63609,-33.92885],[18.63581,-33.92474],[18.63745,-33.92457],[18.63928,-33.9246],[18.64029,-33.92465],[18.64304,-33.92476],[18.64859,-33.92503],[18.6531,-33.92518],[18.65229,-33.92181],[18.65195,-33.92052],[18.65592,-33.92134],[18.65616,-33.9217],[18.65959,-33.92251],[18.66098,-33.92246]]]}},{"type":"Feature","properties":{"id":"199018100","name":"Bellville South Ext 14","commuteMinutes":4.09,"nearestJobCenter":"Bellville","distanceKm":null,"nearestTransitKm":1.4328676878976196,"spatialBurdenScore":0.08458137418257144},"geometry":{"type":"Polygon","coordinates":[[[18.63856,-33.92011],[18.63828,-33.92083],[18.64027,-33.92326],[18.64029,-33.92465],[18.63928,-33.9246],[18.63911,-33.92408],[18.63589,-33.92017],[18.63579,-33.91998],[18.63856,-33.92011]]]}},{"type":"Feature","properties":{"id":"199018101","name":"Bellville Lot 2","commuteMinutes":3.15,"nearestJobCenter":"Bellville","distanceKm":null,"nearestTransitKm":1.0691845804228808,"spatialBurdenScore":0.06376738321691523},"geometry":{"type":"Polygon","coordinates":[[[18.64086,-33.91748],[18.64157,-33.92022],[18.63856,-33.92011],[18.63579,-33.91998],[18.63412,-33.91786],[18.63396,-33.91716],[18.64086,-33.91748]]]}},{"type":"Feature","properties":{"id":"199018102","name":"Bellville South","commuteMinutes":4.06,"nearestJobCenter":"Bellville","distanceKm":null,"nearestTransitKm":1.0503608489490808,"spatialBurdenScore":0.0690811006246299},"geometry":{"type":"Polygon","coordinates":[[[18.64304,-33.92476],[18.643,-33.92392],[18.642,-33.92023],[18.64157,-33.92022],[18.64086,-33.91748],[18.64009,-33.9145],[18.64154,-33.91457],[18.64165,-33.91542],[18.64104,-33.91697],[18.64154,-33.91699],[18.64126,-33.9176],[18.64182,-33.91951],[18.64491,-33.91965],[18.64665,-33.91971],[18.64722,-33.92158],[18.65229,-33.92181],[18.6531,-33.92518],[18.64859,-33.92503],[18.64304,-33.92476]]]}},{"type":"Feature","properties":{"id":"199018103","name":"Bellville Lot 1","commuteMinutes":4.27,"nearestJobCenter":"Bellville","distanceKm":null,"nearestTransitKm":1.4040457810163196,"spatialBurdenScore":0.08462849790731945},"geometry":{"type":"Polygon","coordinates":[[[18.64304,-33.92476],[18.64029,-33.92465],[18.64027,-33.92326],[18.63828,-33.92083],[18.63856,-33.92011],[18.64157,-33.92022],[18.642,-33.92023],[18.643,-33.92392],[18.64304,-33.92476]]]}},{"type":"Feature","properties":{"id":"199018104","name":"Green Lands","commuteMinutes":5.68,"nearestJobCenter":"Bellville","distanceKm":null,"nearestTransitKm":1.219550439737263,"spatialBurdenScore":0.08664868425615718},"geometry":{"type":"Polygon","coordinates":[[[18.63121,-33.9264],[18.62729,-33.9289],[18.62564,-33.92836],[18.62773,-33.92357],[18.62933,-33.92352],[18.63092,-33.92402],[18.63076,-33.92472],[18.63096,-33.92591],[18.63121,-33.9264]]]}},{"type":"Feature","properties":{"id":"199018105","name":"Steel Park","commuteMinutes":4.31,"nearestJobCenter":"Bellville","distanceKm":null,"nearestTransitKm":1.048433327011456,"spatialBurdenScore":0.07067066641379158},"geometry":{"type":"Polygon","coordinates":[[[18.63609,-33.92885],[18.6347,-33.92859],[18.63389,-33.92812],[18.63364,-33.92841],[18.63208,-33.92741],[18.63121,-33.9264],[18.63257,-33.92565],[18.63423,-33.92508],[18.63581,-33.92474],[18.63609,-33.92885]]]}},{"type":"Feature","properties":{"id":"199018106","name":"Peninsula Technikon","commuteMinutes":5.63,"nearestJobCenter":"Bellville","distanceKm":null,"nearestTransitKm":0.5450370624219237,"spatialBurdenScore":0.05933481583021029},"geometry":{"type":"Polygon","coordinates":[[[18.63609,-33.92885],[18.63975,-33.92927],[18.64023,-33.92974],[18.64037,-33.9307],[18.64211,-33.93053],[18.64276,-33.93003],[18.64291,-33.92944],[18.64759,-33.93002],[18.64751,-33.93039],[18.6475,-33.93462],[18.63767,-33.93589],[18.63713,-33.9337],[18.63609,-33.93053],[18.6356,-33.92974],[18.63503,-33.92925],[18.63364,-33.92841],[18.63389,-33.92812],[18.6347,-33.92859],[18.63609,-33.92885]]]}},{"type":"Feature","properties":{"id":"199018107","name":"Univerity of The Western Cape","commuteMinutes":8.79,"nearestJobCenter":"Bellville","distanceKm":null,"nearestTransitKm":0.5212898431342505,"spatialBurdenScore":0.07945159372537},"geometry":{"type":"Polygon","coordinates":[[[18.63364,-33.92841],[18.63503,-33.92925],[18.6356,-33.92974],[18.63609,-33.93053],[18.63713,-33.9337],[18.63767,-33.93589],[18.63324,-33.93643],[18.62565,-33.9374],[18.62074,-33.93804],[18.61158,-33.93918],[18.61815,-33.93474],[18.62017,-33.93339],[18.62729,-33.9289],[18.63121,-33.9264],[18.63208,-33.92741],[18.63364,-33.92841]]]}},{"type":"Feature","properties":{"id":"199018108","name":"Bellville South Industrial","commuteMinutes":10.69,"nearestJobCenter":"Bellville","distanceKm":null,"nearestTransitKm":0.00447986361803479,"spatialBurdenScore":0.07144586121138805},"geometry":{"type":"Polygon","coordinates":[[[18.66277,-33.92734],[18.66019,-33.94014],[18.65679,-33.93984],[18.65514,-33.94022],[18.65122,-33.94076],[18.64836,-33.94122],[18.64785,-33.94102],[18.64786,-33.93866],[18.64777,-33.93581],[18.6475,-33.93462],[18.64751,-33.93039],[18.64759,-33.93002],[18.65311,-33.93071],[18.65956,-33.93098],[18.66017,-33.93078],[18.66053,-33.9303],[18.66102,-33.92818],[18.66127,-33.92759],[18.6622,-33.92704],[18.66277,-33.92734]]]}},{"type":"Feature","properties":{"id":"199019001","name":"Vierlanden Heights","commuteMinutes":15.81,"nearestJobCenter":"Bellville","distanceKm":null,"nearestTransitKm":4.976048097849928,"spatialBurdenScore":0.3044419239139971},"geometry":{"type":"Polygon","coordinates":[[[18.65294,-33.81075],[18.65099,-33.8094],[18.65096,-33.80924],[18.6547,-33.80573],[18.66069,-33.80043],[18.66237,-33.80227],[18.66205,-33.80256],[18.65673,-33.80734],[18.65398,-33.80981],[18.65294,-33.81075]]]}},{"type":"Feature","properties":{"id":"199019002","name":"Vierlanden SH","commuteMinutes":16.42,"nearestJobCenter":"Bellville","distanceKm":null,"nearestTransitKm":4.708342159197312,"spatialBurdenScore":0.29780035303455915},"geometry":{"type":"Polygon","coordinates":[[[18.6638,-33.80672],[18.65997,-33.80853],[18.65826,-33.8086],[18.65673,-33.80734],[18.66205,-33.80256],[18.6638,-33.80672]]]}},{"type":"Feature","properties":{"id":"199019003","name":"Durmonte","commuteMinutes":16.45,"nearestJobCenter":"Bellville","distanceKm":null,"nearestTransitKm":4.030054877024095,"spatialBurdenScore":0.2708688617476305},"geometry":{"type":"Polygon","coordinates":[[[18.6677,-33.81946],[18.66755,-33.81969],[18.66687,-33.81803],[18.66701,-33.81606],[18.66685,-33.81441],[18.6638,-33.80672],[18.66205,-33.80256],[18.66237,-33.80227],[18.66964,-33.8104],[18.67175,-33.81304],[18.6677,-33.81946]]]}},{"type":"Feature","properties":{"id":"199019004","name":"Vierlanden","commuteMinutes":15.31,"nearestJobCenter":"Bellville","distanceKm":null,"nearestTransitKm":4.771320338102175,"spatialBurdenScore":0.2929194801907537},"geometry":{"type":"Polygon","coordinates":[[[18.6638,-33.80672],[18.66685,-33.81441],[18.66701,-33.81606],[18.66687,-33.81803],[18.66666,-33.81751],[18.66514,-33.81359],[18.66436,-33.81175],[18.66329,-33.81241],[18.66255,-33.81315],[18.66184,-33.81414],[18.66221,-33.81506],[18.66258,-33.81606],[18.66091,-33.8167],[18.65978,-33.81787],[18.65792,-33.81881],[18.65518,-33.81777],[18.6565,-33.8152],[18.65391,-33.81443],[18.65301,-33.81404],[18.65411,-33.81182],[18.65508,-33.81102],[18.65398,-33.80981],[18.65673,-33.80734],[18.65826,-33.8086],[18.65997,-33.80853],[18.6638,-33.80672]]]}},{"type":"Feature","properties":{"id":"199019005","name":"Brentwood Park","commuteMinutes":15.16,"nearestJobCenter":"Bellville","distanceKm":null,"nearestTransitKm":4.455867245290572,"spatialBurdenScore":0.2793013564782896},"geometry":{"type":"Polygon","coordinates":[[[18.66514,-33.81359],[18.66341,-33.8145],[18.66357,-33.81473],[18.66221,-33.81506],[18.66184,-33.81414],[18.66255,-33.81315],[18.66329,-33.81241],[18.66436,-33.81175],[18.66514,-33.81359]]]}},{"type":"Feature","properties":{"id":"199019006","name":"Bergsig","commuteMinutes":14.57,"nearestJobCenter":"Bellville","distanceKm":null,"nearestTransitKm":4.796754701554784,"spatialBurdenScore":0.2890035213955247},"geometry":{"type":"Polygon","coordinates":[[[18.66666,-33.81751],[18.66565,-33.81797],[18.66344,-33.81853],[18.66127,-33.81989],[18.65553,-33.82347],[18.65433,-33.82158],[18.65792,-33.81881],[18.65978,-33.81787],[18.66091,-33.8167],[18.66258,-33.81606],[18.66221,-33.81506],[18.66357,-33.81473],[18.66341,-33.8145],[18.66514,-33.81359],[18.66666,-33.81751]]]}},{"type":"Feature","properties":{"id":"199019007","name":"Proteaville","commuteMinutes":14,"nearestJobCenter":"Bellville","distanceKm":null,"nearestTransitKm":5.449270495899802,"spatialBurdenScore":0.31130415316932547},"geometry":{"type":"Polygon","coordinates":[[[18.65518,-33.81777],[18.65792,-33.81881],[18.65433,-33.82158],[18.65368,-33.82188],[18.65316,-33.82108],[18.65161,-33.82062],[18.6531,-33.81708],[18.65518,-33.81777]]]}},{"type":"Feature","properties":{"id":"199019008","name":"Ruitershoogte","commuteMinutes":14.38,"nearestJobCenter":"Bellville","distanceKm":null,"nearestTransitKm":5.3419573154402356,"spatialBurdenScore":0.3095449592842761},"geometry":{"type":"Polygon","coordinates":[[[18.65518,-33.81777],[18.6531,-33.81708],[18.65174,-33.8166],[18.648,-33.81528],[18.65298,-33.81078],[18.65294,-33.81075],[18.65398,-33.80981],[18.65508,-33.81102],[18.65411,-33.81182],[18.65301,-33.81404],[18.65391,-33.81443],[18.6565,-33.8152],[18.65518,-33.81777]]]}},{"type":"Feature","properties":{"id":"199019009","name":"Schoongezight","commuteMinutes":13.1,"nearestJobCenter":"Bellville","distanceKm":null,"nearestTransitKm":6.237181215395775,"spatialBurdenScore":0.33682058194916437},"geometry":{"type":"Polygon","coordinates":[[[18.64765,-33.82285],[18.64671,-33.82264],[18.64631,-33.82354],[18.64419,-33.82457],[18.64319,-33.82333],[18.64161,-33.8216],[18.64514,-33.81594],[18.64509,-33.81534],[18.64558,-33.81522],[18.64596,-33.81464],[18.648,-33.81528],[18.65174,-33.8166],[18.65023,-33.82024],[18.64734,-33.82074],[18.64769,-33.8218],[18.64765,-33.82285]]]}},{"type":"Feature","properties":{"id":"199019010","name":"D`urbanvale","commuteMinutes":15.15,"nearestJobCenter":"Bellville","distanceKm":null,"nearestTransitKm":6.752483601877621,"spatialBurdenScore":0.37109934407510486},"geometry":{"type":"Polygon","coordinates":[[[18.64509,-33.81534],[18.64514,-33.81594],[18.64161,-33.8216],[18.63977,-33.82249],[18.63955,-33.82332],[18.63705,-33.82531],[18.63688,-33.82391],[18.63639,-33.82272],[18.63426,-33.81705],[18.63321,-33.81534],[18.6301,-33.81271],[18.6342,-33.81216],[18.64171,-33.81128],[18.64412,-33.81319],[18.64509,-33.81534]]]}},{"type":"Feature","properties":{"id":"199019011","name":"Meerendal AH","commuteMinutes":15.32,"nearestJobCenter":"Bellville","distanceKm":null,"nearestTransitKm":7.523743656122373,"spatialBurdenScore":0.4030830795782282},"geometry":{"type":"Polygon","coordinates":[[[18.6342,-33.81216],[18.6301,-33.81271],[18.62676,-33.81309],[18.62359,-33.81494],[18.62141,-33.81688],[18.61812,-33.81244],[18.61266,-33.81153],[18.61212,-33.80972],[18.61249,-33.80849],[18.61146,-33.80824],[18.61303,-33.80495],[18.61496,-33.80771],[18.6173,-33.808],[18.62178,-33.80557],[18.62511,-33.80923],[18.62725,-33.80837],[18.6298,-33.80713],[18.63337,-33.81017],[18.6342,-33.81216]]]}},{"type":"Feature","properties":{"id":"199019012","name":"Graanendal","commuteMinutes":16.95,"nearestJobCenter":"Bellville","distanceKm":null,"nearestTransitKm":3.3231862067492637,"spatialBurdenScore":0.24592744826997054},"geometry":{"type":"Polygon","coordinates":[[[18.67975,-33.81464],[18.67772,-33.81585],[18.67682,-33.81612],[18.67633,-33.81555],[18.67543,-33.81568],[18.67574,-33.81605],[18.67493,-33.81662],[18.67177,-33.813],[18.6732,-33.81125],[18.67388,-33.81169],[18.67531,-33.81165],[18.67742,-33.80937],[18.67957,-33.81154],[18.67959,-33.8133],[18.67975,-33.81464]]]}},{"type":"Feature","properties":{"id":"199019013","name":"Welgevonden","commuteMinutes":16.2,"nearestJobCenter":"Bellville","distanceKm":null,"nearestTransitKm":3.371771113761475,"spatialBurdenScore":0.24287084455045904},"geometry":{"type":"Polygon","coordinates":[[[18.68147,-33.81901],[18.67818,-33.82023],[18.67493,-33.81662],[18.67574,-33.81605],[18.67543,-33.81568],[18.67633,-33.81555],[18.67682,-33.81612],[18.67772,-33.81585],[18.67975,-33.81464],[18.68038,-33.81694],[18.68147,-33.81901]]]}},{"type":"Feature","properties":{"id":"199019014","name":"The Crest","commuteMinutes":15.57,"nearestJobCenter":"Bellville","distanceKm":null,"nearestTransitKm":3.908436144396597,"spatialBurdenScore":0.2601374457758639},"geometry":{"type":"Polygon","coordinates":[[[18.67818,-33.82023],[18.67561,-33.82126],[18.66956,-33.82355],[18.66898,-33.82136],[18.66868,-33.82059],[18.6677,-33.81946],[18.67175,-33.81304],[18.67177,-33.813],[18.67493,-33.81662],[18.67818,-33.82023]]]}},{"type":"Feature","properties":{"id":"199019015","name":"Wellway Park East","commuteMinutes":14.59,"nearestJobCenter":"Bellville","distanceKm":null,"nearestTransitKm":4.821977562103074,"spatialBurdenScore":0.2901457691507896},"geometry":{"type":"Polygon","coordinates":[[[18.66956,-33.82355],[18.67011,-33.82604],[18.66963,-33.82622],[18.66638,-33.8267],[18.66505,-33.82593],[18.66322,-33.82839],[18.66031,-33.82684],[18.6569,-33.82561],[18.65674,-33.82547],[18.65885,-33.82447],[18.66262,-33.8234],[18.66466,-33.82264],[18.66607,-33.82174],[18.66755,-33.81969],[18.6677,-33.81946],[18.66868,-33.82059],[18.66898,-33.82136],[18.66956,-33.82355]]]}},{"type":"Feature","properties":{"id":"199019016","name":"Halali","commuteMinutes":13.84,"nearestJobCenter":"Bellville","distanceKm":null,"nearestTransitKm":4.662942005399759,"spatialBurdenScore":0.278784346882657},"geometry":{"type":"Polygon","coordinates":[[[18.66687,-33.81803],[18.66755,-33.81969],[18.66607,-33.82174],[18.66466,-33.82264],[18.66262,-33.8234],[18.66165,-33.82107],[18.66127,-33.81989],[18.66344,-33.81853],[18.66565,-33.81797],[18.66666,-33.81751],[18.66687,-33.81803]]]}},{"type":"Feature","properties":{"id":"199019017","name":"Wellway Park","commuteMinutes":14.49,"nearestJobCenter":"Bellville","distanceKm":null,"nearestTransitKm":5.081070677321547,"spatialBurdenScore":0.29984282709286186},"geometry":{"type":"Polygon","coordinates":[[[18.66262,-33.8234],[18.65885,-33.82447],[18.65674,-33.82547],[18.65553,-33.82347],[18.66127,-33.81989],[18.66165,-33.82107],[18.66262,-33.8234]]]}},{"type":"Feature","properties":{"id":"199019018","name":"Morningstar","commuteMinutes":12.53,"nearestJobCenter":"Bellville","distanceKm":null,"nearestTransitKm":5.668827281595074,"spatialBurdenScore":0.3102864245971363},"geometry":{"type":"Polygon","coordinates":[[[18.65674,-33.82547],[18.6569,-33.82561],[18.66031,-33.82684],[18.65774,-33.829],[18.65426,-33.82866],[18.65402,-33.82888],[18.65275,-33.82743],[18.65674,-33.82547]]]}},{"type":"Feature","properties":{"id":"199019019","name":"Durbanville SP","commuteMinutes":10.43,"nearestJobCenter":"Bellville","distanceKm":null,"nearestTransitKm":5.955880632177412,"spatialBurdenScore":0.30776855862042984},"geometry":{"type":"Polygon","coordinates":[[[18.65433,-33.82158],[18.65553,-33.82347],[18.65674,-33.82547],[18.65275,-33.82743],[18.65402,-33.82888],[18.65426,-33.82866],[18.65774,-33.829],[18.66031,-33.82684],[18.66322,-33.82839],[18.66505,-33.82593],[18.66638,-33.8267],[18.66697,-33.82936],[18.66725,-33.83056],[18.66806,-33.83424],[18.67123,-33.83377],[18.67114,-33.83333],[18.67163,-33.8333],[18.67245,-33.83767],[18.67228,-33.83885],[18.66811,-33.83959],[18.66795,-33.84037],[18.66573,-33.84045],[18.66575,-33.84055],[18.66245,-33.84073],[18.65938,-33.84112],[18.65831,-33.84121],[18.65481,-33.84171],[18.65529,-33.84119],[18.65624,-33.83764],[18.65733,-33.83522],[18.65744,-33.83429],[18.65714,-33.83342],[18.65587,-33.83158],[18.65538,-33.83189],[18.65295,-33.83408],[18.65206,-33.83334],[18.65075,-33.83459],[18.64925,-33.83587],[18.64899,-33.83594],[18.64919,-33.8369],[18.64914,-33.83805],[18.64859,-33.84001],[18.64795,-33.84151],[18.64711,-33.84274],[18.64536,-33.84478],[18.6447,-33.84602],[18.6444,-33.84763],[18.64314,-33.84753],[18.64238,-33.84558],[18.64152,-33.84575],[18.64112,-33.84501],[18.64116,-33.84423],[18.63871,-33.84463],[18.63871,-33.84495],[18.63651,-33.845],[18.63426,-33.84547],[18.63417,-33.84549],[18.63466,-33.84335],[18.63698,-33.84298],[18.63833,-33.84294],[18.6365,-33.8401],[18.63772,-33.83994],[18.63799,-33.84018],[18.63873,-33.83976],[18.63791,-33.83852],[18.63778,-33.83858],[18.63543,-33.83499],[18.6355,-33.83375],[18.63225,-33.83399],[18.63204,-33.83401],[18.63339,-33.8281],[18.63484,-33.8269],[18.637,-33.8255],[18.63705,-33.82531],[18.63955,-33.82332],[18.63977,-33.82249],[18.64161,-33.8216],[18.64319,-33.82333],[18.64419,-33.82457],[18.64495,-33.82527],[18.64431,-33.82592],[18.6451,-33.82598],[18.64553,-33.82553],[18.6467,-33.82511],[18.64765,-33.82285],[18.64769,-33.8218],[18.64734,-33.82074],[18.65023,-33.82024],[18.65174,-33.8166],[18.6531,-33.81708],[18.65161,-33.82062],[18.65316,-33.82108],[18.65368,-33.82188],[18.65433,-33.82158]]]}},{"type":"Feature","properties":{"id":"199019020","name":"Natures Valley B","commuteMinutes":12.4,"nearestJobCenter":"Bellville","distanceKm":null,"nearestTransitKm":6.350715658398987,"spatialBurdenScore":0.33669529300262613},"geometry":{"type":"Polygon","coordinates":[[[18.64765,-33.82285],[18.6467,-33.82511],[18.64553,-33.82553],[18.6451,-33.82598],[18.64431,-33.82592],[18.64495,-33.82527],[18.64419,-33.82457],[18.64631,-33.82354],[18.64671,-33.82264],[18.64765,-33.82285]]]}},{"type":"Feature","properties":{"id":"199019021","name":"Avalon Estate","commuteMinutes":16.91,"nearestJobCenter":"Bellville","distanceKm":null,"nearestTransitKm":2.507717908056466,"spatialBurdenScore":0.21304204965559198},"geometry":{"type":"Polygon","coordinates":[[[18.69771,-33.82209],[18.68947,-33.82484],[18.68804,-33.82544],[18.68752,-33.82436],[18.68752,-33.82386],[18.68848,-33.82259],[18.69711,-33.81978],[18.69771,-33.82209]]]}},{"type":"Feature","properties":{"id":"199019022","name":"Kraaifontein","commuteMinutes":14.12,"nearestJobCenter":"Bellville","distanceKm":null,"nearestTransitKm":3.353599422053236,"spatialBurdenScore":0.22827731021546277},"geometry":{"type":"Polygon","coordinates":[[[18.69757,-33.8293],[18.69728,-33.83228],[18.68998,-33.83397],[18.68952,-33.83658],[18.68962,-33.83665],[18.68966,-33.8389],[18.69181,-33.83867],[18.69422,-33.83827],[18.69704,-33.83793],[18.69696,-33.84034],[18.69568,-33.84046],[18.69242,-33.84098],[18.69221,-33.84094],[18.68713,-33.84162],[18.68751,-33.83921],[18.68589,-33.83933],[18.68407,-33.83915],[18.68355,-33.83753],[18.68351,-33.83658],[18.68389,-33.83283],[18.68363,-33.83124],[18.68251,-33.82952],[18.68229,-33.82946],[18.68003,-33.83047],[18.67899,-33.83073],[18.67779,-33.8308],[18.67625,-33.83048],[18.67529,-33.82997],[18.67481,-33.82949],[18.67803,-33.82844],[18.67989,-33.82779],[18.67781,-33.82407],[18.67933,-33.82357],[18.68114,-33.82331],[18.68303,-33.8234],[18.68324,-33.82247],[18.68848,-33.82259],[18.68752,-33.82386],[18.68752,-33.82436],[18.68804,-33.82544],[18.68947,-33.82484],[18.69771,-33.82209],[18.698,-33.82426],[18.69797,-33.82538],[18.69757,-33.8293]]]}},{"type":"Feature","properties":{"id":"199019023","name":"Goedgemoed","commuteMinutes":14.71,"nearestJobCenter":"Bellville","distanceKm":null,"nearestTransitKm":4.190488658897596,"spatialBurdenScore":0.26568621302257056},"geometry":{"type":"Polygon","coordinates":[[[18.67561,-33.82126],[18.6773,-33.82422],[18.67583,-33.82466],[18.67803,-33.82844],[18.67481,-33.82949],[18.67463,-33.82955],[18.6711,-33.83074],[18.67073,-33.82898],[18.67054,-33.82813],[18.67012,-33.82813],[18.66963,-33.82622],[18.67011,-33.82604],[18.66956,-33.82355],[18.67561,-33.82126]]]}},{"type":"Feature","properties":{"id":"199019024","name":"Rosedale Estate","commuteMinutes":16.21,"nearestJobCenter":"Bellville","distanceKm":null,"nearestTransitKm":3.7476141788526784,"spatialBurdenScore":0.2579712338207738},"geometry":{"type":"Polygon","coordinates":[[[18.67803,-33.82844],[18.67583,-33.82466],[18.6773,-33.82422],[18.67781,-33.82407],[18.67989,-33.82779],[18.67803,-33.82844]]]}},{"type":"Feature","properties":{"id":"199019025","name":"Wairoa","commuteMinutes":13.11,"nearestJobCenter":"Bellville","distanceKm":null,"nearestTransitKm":7.23935624792076,"spatialBurdenScore":0.37697424991683043},"geometry":{"type":"Polygon","coordinates":[[[18.63705,-33.82531],[18.637,-33.8255],[18.63484,-33.8269],[18.63377,-33.82538],[18.63509,-33.82443],[18.63688,-33.82391],[18.63705,-33.82531]]]}},{"type":"Feature","properties":{"id":"199019026","name":"Aurora","commuteMinutes":12.78,"nearestJobCenter":"Bellville","distanceKm":null,"nearestTransitKm":7.670385558008116,"spatialBurdenScore":0.39201542232032466},"geometry":{"type":"Polygon","coordinates":[[[18.63639,-33.82272],[18.63688,-33.82391],[18.63509,-33.82443],[18.63377,-33.82538],[18.63484,-33.8269],[18.63339,-33.8281],[18.63204,-33.83401],[18.63225,-33.83399],[18.63209,-33.83501],[18.63214,-33.8381],[18.62867,-33.83701],[18.62675,-33.83362],[18.62667,-33.83335],[18.6265,-33.83257],[18.62615,-33.83034],[18.62656,-33.82998],[18.63573,-33.8228],[18.63639,-33.82272]]]}},{"type":"Feature","properties":{"id":"199019027","name":"Altydgedacht","commuteMinutes":12.5,"nearestJobCenter":"Bellville","distanceKm":null,"nearestTransitKm":7.870525327976282,"spatialBurdenScore":0.3981543464523846},"geometry":{"type":"Polygon","coordinates":[[[18.62615,-33.83034],[18.6265,-33.83257],[18.62507,-33.83252],[18.62458,-33.83034],[18.62577,-33.82967],[18.62615,-33.83034]]]}},{"type":"Feature","properties":{"id":"199019028","name":"De Wingerd","commuteMinutes":14.35,"nearestJobCenter":"Bellville","distanceKm":null,"nearestTransitKm":4.559052729066148,"spatialBurdenScore":0.2780287758293126},"geometry":{"type":"Polygon","coordinates":[[[18.67073,-33.82898],[18.67018,-33.82896],[18.66697,-33.82936],[18.66638,-33.8267],[18.66963,-33.82622],[18.67012,-33.82813],[18.67054,-33.82813],[18.67073,-33.82898]]]}},{"type":"Feature","properties":{"id":"199019029","name":"Klein Nederburg","commuteMinutes":14.19,"nearestJobCenter":"Bellville","distanceKm":null,"nearestTransitKm":4.594188753920385,"spatialBurdenScore":0.27836755015681536},"geometry":{"type":"Polygon","coordinates":[[[18.67073,-33.82898],[18.6711,-33.83074],[18.67156,-33.83297],[18.67093,-33.83253],[18.66725,-33.83056],[18.66697,-33.82936],[18.67018,-33.82896],[18.67073,-33.82898]]]}},{"type":"Feature","properties":{"id":"199019030","name":"Durbanville Ext37","commuteMinutes":15.01,"nearestJobCenter":"Bellville","distanceKm":null,"nearestTransitKm":4.46235028838411,"spatialBurdenScore":0.2785606782020311},"geometry":{"type":"Polygon","coordinates":[[[18.67593,-33.83164],[18.67211,-33.83334],[18.67156,-33.83297],[18.6711,-33.83074],[18.67463,-33.82955],[18.67593,-33.83164]]]}},{"type":"Feature","properties":{"id":"199019031","name":"Langeberg Village","commuteMinutes":14.54,"nearestJobCenter":"Bellville","distanceKm":null,"nearestTransitKm":4.641525684012664,"spatialBurdenScore":0.2825943606938399},"geometry":{"type":"Polygon","coordinates":[[[18.67156,-33.83297],[18.67163,-33.8333],[18.67114,-33.83333],[18.67123,-33.83377],[18.66806,-33.83424],[18.66725,-33.83056],[18.67093,-33.83253],[18.67156,-33.83297]]]}},{"type":"Feature","properties":{"id":"199019032","name":"Sonstraal Heights","commuteMinutes":13.17,"nearestJobCenter":"Bellville","distanceKm":null,"nearestTransitKm":3.494561451286348,"spatialBurdenScore":0.22758245805145394},"geometry":{"type":"Polygon","coordinates":[[[18.68713,-33.84162],[18.68663,-33.84478],[18.68624,-33.84725],[18.68666,-33.84963],[18.6868,-33.85047],[18.67392,-33.84965],[18.66749,-33.84928],[18.66724,-33.8447],[18.66674,-33.84239],[18.66575,-33.84055],[18.66573,-33.84045],[18.66795,-33.84037],[18.66811,-33.83959],[18.67228,-33.83885],[18.67245,-33.83767],[18.67163,-33.8333],[18.67156,-33.83297],[18.67211,-33.83334],[18.67532,-33.8355],[18.67944,-33.83836],[18.68099,-33.83895],[18.68407,-33.83915],[18.68589,-33.83933],[18.68751,-33.83921],[18.68713,-33.84162]]]}},{"type":"Feature","properties":{"id":"199019033","name":"Country Places","commuteMinutes":14.79,"nearestJobCenter":"Bellville","distanceKm":null,"nearestTransitKm":4.093418113469867,"spatialBurdenScore":0.2623367245387947},"geometry":{"type":"Polygon","coordinates":[[[18.67532,-33.8355],[18.67211,-33.83334],[18.67593,-33.83164],[18.67723,-33.83373],[18.67948,-33.83375],[18.67925,-33.83581],[18.67532,-33.8355]]]}},{"type":"Feature","properties":{"id":"199019034","name":"Vergesig","commuteMinutes":11.18,"nearestJobCenter":"Bellville","distanceKm":null,"nearestTransitKm":6.954979052529473,"spatialBurdenScore":0.3527324954345123},"geometry":{"type":"Polygon","coordinates":[[[18.63225,-33.83399],[18.6355,-33.83375],[18.63543,-33.83499],[18.63778,-33.83858],[18.63791,-33.83852],[18.63873,-33.83976],[18.63799,-33.84018],[18.63772,-33.83994],[18.6365,-33.8401],[18.63833,-33.84294],[18.63698,-33.84298],[18.63466,-33.84335],[18.63483,-33.84265],[18.63332,-33.84288],[18.63169,-33.84202],[18.63223,-33.8413],[18.63015,-33.84021],[18.62704,-33.83707],[18.62764,-33.83631],[18.62622,-33.83372],[18.62667,-33.83335],[18.62675,-33.83362],[18.62867,-33.83701],[18.63214,-33.8381],[18.63209,-33.83501],[18.63225,-33.83399]]]}},{"type":"Feature","properties":{"id":"199019035","name":"Valmary Park","commuteMinutes":10.38,"nearestJobCenter":"Bellville","distanceKm":null,"nearestTransitKm":5.438242465419822,"spatialBurdenScore":0.28672969861679287},"geometry":{"type":"Polygon","coordinates":[[[18.65938,-33.84112],[18.65899,-33.84332],[18.65868,-33.84409],[18.65845,-33.84535],[18.65658,-33.84549],[18.65566,-33.84527],[18.6544,-33.8453],[18.65306,-33.84573],[18.647,-33.84587],[18.64701,-33.84597],[18.6447,-33.84602],[18.64536,-33.84478],[18.64711,-33.84274],[18.64795,-33.84151],[18.64859,-33.84001],[18.64914,-33.83805],[18.64919,-33.8369],[18.64899,-33.83594],[18.64925,-33.83587],[18.65075,-33.83459],[18.65206,-33.83334],[18.65295,-33.83408],[18.65538,-33.83189],[18.65587,-33.83158],[18.65714,-33.83342],[18.65744,-33.83429],[18.65733,-33.83522],[18.65624,-33.83764],[18.65529,-33.84119],[18.65481,-33.84171],[18.65831,-33.84121],[18.65938,-33.84112]]]}},{"type":"Feature","properties":{"id":"199019036","name":"Sonstraal","commuteMinutes":11.34,"nearestJobCenter":"Bellville","distanceKm":null,"nearestTransitKm":4.254364343184501,"spatialBurdenScore":0.24577457372738007},"geometry":{"type":"Polygon","coordinates":[[[18.66749,-33.84928],[18.66726,-33.84958],[18.66255,-33.85101],[18.66232,-33.85126],[18.6616,-33.85133],[18.65739,-33.85262],[18.65789,-33.84983],[18.65785,-33.84929],[18.65787,-33.84888],[18.65859,-33.84534],[18.65845,-33.84535],[18.65868,-33.84409],[18.65899,-33.84332],[18.65938,-33.84112],[18.66245,-33.84073],[18.66575,-33.84055],[18.66674,-33.84239],[18.66724,-33.8447],[18.66749,-33.84928]]]}},{"type":"Feature","properties":{"id":"199019037","name":"Vygeboom","commuteMinutes":10.02,"nearestJobCenter":"Bellville","distanceKm":null,"nearestTransitKm":5.143629004668943,"spatialBurdenScore":0.2725451601867578},"geometry":{"type":"Polygon","coordinates":[[[18.65845,-33.84535],[18.65859,-33.84534],[18.65787,-33.84888],[18.65785,-33.84929],[18.65565,-33.84932],[18.64645,-33.84926],[18.64423,-33.84927],[18.6444,-33.84763],[18.6447,-33.84602],[18.64701,-33.84597],[18.647,-33.84587],[18.65306,-33.84573],[18.6544,-33.8453],[18.65566,-33.84527],[18.65658,-33.84549],[18.65845,-33.84535]]]}},{"type":"Feature","properties":{"id":"199019038","name":"Durbanville Hills","commuteMinutes":10.15,"nearestJobCenter":"Bellville","distanceKm":null,"nearestTransitKm":5.822937406172114,"spatialBurdenScore":0.3005841629135512},"geometry":{"type":"Polygon","coordinates":[[[18.6444,-33.84763],[18.64423,-33.84927],[18.64405,-33.85102],[18.63839,-33.85321],[18.63694,-33.85037],[18.63652,-33.84975],[18.63547,-33.84746],[18.63426,-33.84547],[18.63651,-33.845],[18.63871,-33.84495],[18.63871,-33.84463],[18.64116,-33.84423],[18.64112,-33.84501],[18.64152,-33.84575],[18.64238,-33.84558],[18.64314,-33.84753],[18.6444,-33.84763]]]}},{"type":"Feature","properties":{"id":"199019039","name":"Eversdal Heights","commuteMinutes":9.66,"nearestJobCenter":"Bellville","distanceKm":null,"nearestTransitKm":4.774162432722286,"spatialBurdenScore":0.25536649730889144},"geometry":{"type":"Polygon","coordinates":[[[18.65785,-33.84929],[18.65789,-33.84983],[18.65739,-33.85262],[18.6568,-33.8528],[18.65603,-33.84993],[18.65186,-33.85145],[18.65223,-33.85367],[18.65062,-33.85301],[18.64916,-33.85299],[18.64904,-33.85521],[18.6475,-33.85568],[18.64698,-33.85566],[18.64695,-33.85461],[18.64564,-33.85323],[18.64288,-33.85303],[18.64274,-33.8535],[18.64012,-33.85448],[18.63935,-33.85493],[18.63911,-33.85449],[18.63839,-33.85321],[18.64405,-33.85102],[18.64423,-33.84927],[18.64645,-33.84926],[18.65565,-33.84932],[18.65785,-33.84929]]]}},{"type":"Feature","properties":{"id":"199019040","name":"Eversdal A","commuteMinutes":10.21,"nearestJobCenter":"Bellville","distanceKm":null,"nearestTransitKm":4.346204610344537,"spatialBurdenScore":0.24191485108044813},"geometry":{"type":"Polygon","coordinates":[[[18.65739,-33.85262],[18.6616,-33.85133],[18.66232,-33.85126],[18.66082,-33.85684],[18.65649,-33.8557],[18.65548,-33.85535],[18.65321,-33.85417],[18.65262,-33.85444],[18.65219,-33.85423],[18.64904,-33.85521],[18.64916,-33.85299],[18.65062,-33.85301],[18.65223,-33.85367],[18.65186,-33.85145],[18.65603,-33.84993],[18.6568,-33.8528],[18.65739,-33.85262]]]}},{"type":"Feature","properties":{"id":"199019041","name":"Amanda Glen A SP","commuteMinutes":10.76,"nearestJobCenter":"Bellville","distanceKm":null,"nearestTransitKm":3.4975668444443975,"spatialBurdenScore":0.21163600711110925},"geometry":{"type":"Polygon","coordinates":[[[18.66653,-33.85789],[18.66465,-33.85779],[18.66082,-33.85684],[18.66232,-33.85126],[18.66255,-33.85101],[18.66726,-33.84958],[18.66749,-33.84928],[18.66768,-33.85464],[18.66754,-33.85531],[18.66664,-33.85675],[18.66653,-33.85789]]]}},{"type":"Feature","properties":{"id":"199019042","name":"Durbell","commuteMinutes":8.45,"nearestJobCenter":"Bellville","distanceKm":null,"nearestTransitKm":4.989857176552716,"spatialBurdenScore":0.255927620395442},"geometry":{"type":"Polygon","coordinates":[[[18.64698,-33.85566],[18.64467,-33.85556],[18.64332,-33.85602],[18.64046,-33.85686],[18.63935,-33.85493],[18.64012,-33.85448],[18.64274,-33.8535],[18.64288,-33.85303],[18.64564,-33.85323],[18.64695,-33.85461],[18.64698,-33.85566]]]}},{"type":"Feature","properties":{"id":"199019043","name":"Everglen","commuteMinutes":8.87,"nearestJobCenter":"Bellville","distanceKm":null,"nearestTransitKm":4.515528022836229,"spatialBurdenScore":0.2397544542467825},"geometry":{"type":"Polygon","coordinates":[[[18.64245,-33.85891],[18.64332,-33.85602],[18.64467,-33.85556],[18.64698,-33.85566],[18.6475,-33.85568],[18.64904,-33.85521],[18.65219,-33.85423],[18.65262,-33.85444],[18.65321,-33.85417],[18.65171,-33.85805],[18.64901,-33.85777],[18.6472,-33.85739],[18.64671,-33.85921],[18.64424,-33.8592],[18.64277,-33.85907],[18.64245,-33.85891]]]}},{"type":"Feature","properties":{"id":"199019044","name":"Eversdal B","commuteMinutes":8.7,"nearestJobCenter":"Bellville","distanceKm":null,"nearestTransitKm":4.808587759067997,"spatialBurdenScore":0.2503435103627199},"geometry":{"type":"Polygon","coordinates":[[[18.64245,-33.85891],[18.64135,-33.85847],[18.64046,-33.85686],[18.64332,-33.85602],[18.64245,-33.85891]]]}},{"type":"Feature","properties":{"id":"199020001","name":"Uitzicht Security Estate","commuteMinutes":15.54,"nearestJobCenter":"Bellville","distanceKm":null,"nearestTransitKm":2.506182528207012,"spatialBurdenScore":0.20384730112828048},"geometry":{"type":"Polygon","coordinates":[[[18.68483,-33.81697],[18.68912,-33.81375],[18.69019,-33.81477],[18.6873,-33.81687],[18.68612,-33.81707],[18.68509,-33.81745],[18.68483,-33.81697]]]}},{"type":"Feature","properties":{"id":"199020002","name":"Uitzicht","commuteMinutes":16.36,"nearestJobCenter":"Bellville","distanceKm":null,"nearestTransitKm":2.810239519511558,"spatialBurdenScore":0.221476247447129},"geometry":{"type":"Polygon","coordinates":[[[18.69711,-33.81978],[18.68848,-33.82259],[18.68324,-33.82247],[18.68303,-33.8234],[18.68114,-33.82331],[18.67933,-33.82357],[18.67781,-33.82407],[18.6773,-33.82422],[18.67561,-33.82126],[18.67818,-33.82023],[18.68147,-33.81901],[18.68301,-33.81838],[18.68483,-33.81697],[18.68509,-33.81745],[18.68612,-33.81707],[18.6873,-33.81687],[18.69019,-33.81477],[18.68912,-33.81375],[18.6946,-33.80959],[18.69711,-33.81978]]]}},{"type":"Feature","properties":{"id":"199020003","name":"Joostenberg Vlakte SH","commuteMinutes":13.28,"nearestJobCenter":"Bellville","distanceKm":null,"nearestTransitKm":0.7222661741561351,"spatialBurdenScore":0.11742398029957873},"geometry":{"type":"Polygon","coordinates":[[[18.73562,-33.83557],[18.72538,-33.83349],[18.72449,-33.8334],[18.72339,-33.82999],[18.72163,-33.82435],[18.72116,-33.82334],[18.74316,-33.82254],[18.739,-33.83462],[18.73562,-33.83557]]]}},{"type":"Feature","properties":{"id":"199020004","name":"Kraaifontein Ext17","commuteMinutes":12.23,"nearestJobCenter":"Bellville","distanceKm":null,"nearestTransitKm":1.384763933141932,"spatialBurdenScore":0.13692389065901062},"geometry":{"type":"Polygon","coordinates":[[[18.72339,-33.82999],[18.72449,-33.8334],[18.72157,-33.83282],[18.71616,-33.84123],[18.71461,-33.84052],[18.71596,-33.83842],[18.71298,-33.8371],[18.71163,-33.83918],[18.70756,-33.83736],[18.70729,-33.83644],[18.70647,-33.83511],[18.70621,-33.83221],[18.70668,-33.8316],[18.7077,-33.83204],[18.70896,-33.83008],[18.7148,-33.83137],[18.71566,-33.82853],[18.72339,-33.82999]]]}},{"type":"Feature","properties":{"id":"199020005","name":"Bonnie Brae","commuteMinutes":12.19,"nearestJobCenter":"Bellville","distanceKm":null,"nearestTransitKm":1.702771085488716,"spatialBurdenScore":0.1493775100862153},"geometry":{"type":"Polygon","coordinates":[[[18.70896,-33.83008],[18.7077,-33.83204],[18.70668,-33.8316],[18.70621,-33.83221],[18.70647,-33.83511],[18.70729,-33.83644],[18.70756,-33.83736],[18.7069,-33.83706],[18.69869,-33.83341],[18.69878,-33.83254],[18.69728,-33.83228],[18.69757,-33.8293],[18.69903,-33.82942],[18.69924,-33.82803],[18.70631,-33.82949],[18.70896,-33.83008]]]}},{"type":"Feature","properties":{"id":"199020006","name":"Langeberg Glen","commuteMinutes":12.79,"nearestJobCenter":"Bellville","distanceKm":null,"nearestTransitKm":2.7441452470762466,"spatialBurdenScore":0.19503247654971653},"geometry":{"type":"Polygon","coordinates":[[[18.69829,-33.83786],[18.69816,-33.83786],[18.69704,-33.83793],[18.69422,-33.83827],[18.69181,-33.83867],[18.68966,-33.8389],[18.68962,-33.83665],[18.68952,-33.83658],[18.68998,-33.83397],[18.69728,-33.83228],[18.69878,-33.83254],[18.69869,-33.83341],[18.69825,-33.83774],[18.69829,-33.83786]]]}},{"type":"Feature","properties":{"id":"199020007","name":"Bonny Brook","commuteMinutes":11.69,"nearestJobCenter":"Bellville","distanceKm":null,"nearestTransitKm":2.1410684460997924,"spatialBurdenScore":0.16357607117732503},"geometry":{"type":"Polygon","coordinates":[[[18.70478,-33.84039],[18.69999,-33.83825],[18.69829,-33.83786],[18.69825,-33.83774],[18.69869,-33.83341],[18.7069,-33.83706],[18.70478,-33.84039]]]}},{"type":"Feature","properties":{"id":"199020008","name":"Windsor Park Estate","commuteMinutes":10.77,"nearestJobCenter":"Bellville","distanceKm":null,"nearestTransitKm":1.4254319309065786,"spatialBurdenScore":0.12881727723626313},"geometry":{"type":"Polygon","coordinates":[[[18.71616,-33.84123],[18.71407,-33.84454],[18.70478,-33.84039],[18.7069,-33.83706],[18.70756,-33.83736],[18.71163,-33.83918],[18.71298,-33.8371],[18.71596,-33.83842],[18.71461,-33.84052],[18.71616,-33.84123]]]}},{"type":"Feature","properties":{"id":"199020009","name":"Peerless Park North","commuteMinutes":11.17,"nearestJobCenter":"Bellville","distanceKm":null,"nearestTransitKm":0.6161120674047043,"spatialBurdenScore":0.09911114936285484},"geometry":{"type":"Polygon","coordinates":[[[18.71506,-33.8451],[18.71407,-33.84454],[18.71616,-33.84123],[18.72157,-33.83282],[18.72449,-33.8334],[18.72595,-33.83829],[18.72455,-33.83898],[18.71506,-33.8451]]]}},{"type":"Feature","properties":{"id":"199020010","name":"Kraaifontein Industrial","commuteMinutes":12.61,"nearestJobCenter":"Bellville","distanceKm":null,"nearestTransitKm":0.037825853264644445,"spatialBurdenScore":0.08557970079725244},"geometry":{"type":"Polygon","coordinates":[[[18.73562,-33.83557],[18.73573,-33.83973],[18.73603,-33.84249],[18.73556,-33.84267],[18.73571,-33.8506],[18.73481,-33.85112],[18.73439,-33.8509],[18.72823,-33.84428],[18.72905,-33.84376],[18.72893,-33.84353],[18.72706,-33.84192],[18.72595,-33.83829],[18.72449,-33.8334],[18.72538,-33.83349],[18.73562,-33.83557]]]}},{"type":"Feature","properties":{"id":"199020011","name":"Kraaifontein East","commuteMinutes":14.15,"nearestJobCenter":"Bellville","distanceKm":null,"nearestTransitKm":0.38872639821140054,"spatialBurdenScore":0.10988238926178936},"geometry":{"type":"Polygon","coordinates":[[[18.75287,-33.83442],[18.75286,-33.83467],[18.75133,-33.83524],[18.75024,-33.83581],[18.74691,-33.83785],[18.7457,-33.83848],[18.74387,-33.83903],[18.74397,-33.83952],[18.744,-33.84311],[18.74386,-33.84393],[18.74402,-33.8446],[18.74338,-33.84831],[18.74272,-33.8501],[18.74204,-33.85167],[18.74094,-33.85366],[18.73897,-33.85287],[18.73955,-33.85332],[18.73791,-33.8565],[18.73521,-33.85537],[18.73505,-33.8553],[18.73573,-33.85449],[18.73709,-33.85212],[18.73636,-33.85195],[18.73481,-33.85112],[18.73571,-33.8506],[18.73556,-33.84267],[18.73603,-33.84249],[18.73573,-33.83973],[18.73562,-33.83557],[18.739,-33.83462],[18.752,-33.831],[18.75274,-33.83417],[18.75287,-33.83442]]]}},{"type":"Feature","properties":{"id":"199020012","name":"Bloekombos","commuteMinutes":14.4,"nearestJobCenter":"Bellville","distanceKm":null,"nearestTransitKm":0.6702635081270181,"spatialBurdenScore":0.12281054032508072},"geometry":{"type":"Polygon","coordinates":[[[18.75311,-33.84999],[18.7431,-33.85018],[18.74272,-33.8501],[18.74338,-33.84831],[18.74402,-33.8446],[18.74386,-33.84393],[18.744,-33.84311],[18.74397,-33.83952],[18.74387,-33.83903],[18.7457,-33.83848],[18.74691,-33.83785],[18.75024,-33.83581],[18.75133,-33.83524],[18.75286,-33.83467],[18.753,-33.8423],[18.75311,-33.84999]]]}},{"type":"Feature","properties":{"id":"199020013","name":"Kraaifontein East A","commuteMinutes":14.4,"nearestJobCenter":"Bellville","distanceKm":null,"nearestTransitKm":1.7200368387823324,"spatialBurdenScore":0.1648014735512933},"geometry":{"type":"Polygon","coordinates":[[[18.746,-33.85999],[18.74276,-33.85856],[18.73913,-33.85702],[18.73791,-33.8565],[18.73955,-33.85332],[18.73897,-33.85287],[18.74094,-33.85366],[18.74204,-33.85167],[18.74272,-33.8501],[18.7431,-33.85018],[18.75311,-33.84999],[18.746,-33.85999]]]}},{"type":"Feature","properties":{"id":"199020014","name":"Kraaifontein East Informal","commuteMinutes":13.88,"nearestJobCenter":"Bellville","distanceKm":null,"nearestTransitKm":1.940430464260973,"spatialBurdenScore":0.17015055190377226},"geometry":{"type":"Polygon","coordinates":[[[18.73641,-33.86025],[18.73738,-33.85848],[18.73913,-33.85702],[18.74276,-33.85856],[18.74202,-33.85986],[18.73866,-33.86108],[18.73641,-33.86025]]]}},{"type":"Feature","properties":{"id":"199020015","name":"Wallacedene","commuteMinutes":12.6,"nearestJobCenter":"Bellville","distanceKm":null,"nearestTransitKm":1.5756081468786642,"spatialBurdenScore":0.14702432587514658},"geometry":{"type":"Polygon","coordinates":[[[18.73641,-33.86025],[18.73624,-33.86019],[18.73369,-33.86485],[18.73269,-33.86526],[18.73309,-33.86595],[18.73179,-33.86658],[18.73158,-33.86686],[18.72733,-33.86035],[18.7292,-33.85934],[18.72918,-33.85892],[18.73169,-33.85803],[18.7323,-33.85897],[18.73303,-33.85861],[18.73229,-33.85746],[18.73262,-33.85759],[18.73416,-33.85702],[18.73443,-33.85753],[18.73483,-33.85736],[18.73397,-33.85588],[18.73521,-33.85537],[18.73791,-33.8565],[18.73913,-33.85702],[18.73738,-33.85848],[18.73641,-33.86025]]]}},{"type":"Feature","properties":{"id":"199020016","name":"Kraaifontein East B","commuteMinutes":12.79,"nearestJobCenter":"Bellville","distanceKm":null,"nearestTransitKm":1.1702069716661565,"spatialBurdenScore":0.13207494553331292},"geometry":{"type":"Polygon","coordinates":[[[18.73505,-33.8553],[18.73521,-33.85537],[18.73397,-33.85588],[18.72979,-33.8576],[18.72878,-33.8563],[18.72829,-33.85566],[18.73162,-33.85361],[18.73202,-33.85398],[18.73505,-33.8553]]]}},{"type":"Feature","properties":{"id":"199020017","name":"Belmont Park","commuteMinutes":11.43,"nearestJobCenter":"Bellville","distanceKm":null,"nearestTransitKm":0.5976277940276309,"spatialBurdenScore":0.10010511176110524},"geometry":{"type":"Polygon","coordinates":[[[18.73162,-33.85361],[18.72829,-33.85566],[18.72878,-33.8563],[18.72761,-33.85705],[18.72778,-33.85728],[18.7271,-33.85774],[18.72746,-33.85834],[18.72632,-33.8588],[18.72612,-33.85805],[18.72627,-33.85728],[18.72597,-33.85641],[18.72498,-33.85535],[18.72011,-33.85011],[18.72593,-33.84516],[18.72703,-33.84473],[18.72803,-33.84411],[18.72823,-33.84428],[18.73439,-33.8509],[18.7307,-33.8531],[18.73162,-33.85361]]]}},{"type":"Feature","properties":{"id":"199020018","name":"Peerless Park East","commuteMinutes":10.57,"nearestJobCenter":"Bellville","distanceKm":null,"nearestTransitKm":0.3139788169834261,"spatialBurdenScore":0.08302581934600371},"geometry":{"type":"Polygon","coordinates":[[[18.72823,-33.84428],[18.72803,-33.84411],[18.72703,-33.84473],[18.72593,-33.84516],[18.72011,-33.85011],[18.71747,-33.84722],[18.71633,-33.84608],[18.71506,-33.8451],[18.72455,-33.83898],[18.72595,-33.83829],[18.72706,-33.84192],[18.72893,-33.84353],[18.72905,-33.84376],[18.72823,-33.84428]]]}},{"type":"Feature","properties":{"id":"199020019","name":"Windsor Park","commuteMinutes":10.59,"nearestJobCenter":"Bellville","distanceKm":null,"nearestTransitKm":1.158425281199559,"spatialBurdenScore":0.11693701124798236},"geometry":{"type":"Polygon","coordinates":[[[18.71506,-33.8451],[18.71154,-33.84766],[18.7009,-33.85456],[18.69848,-33.85628],[18.69849,-33.85611],[18.69853,-33.85534],[18.69807,-33.84757],[18.69784,-33.84364],[18.70162,-33.84532],[18.70478,-33.84039],[18.71407,-33.84454],[18.71506,-33.8451]]]}},{"type":"Feature","properties":{"id":"199020020","name":"Zoo Park","commuteMinutes":11.71,"nearestJobCenter":"Bellville","distanceKm":null,"nearestTransitKm":2.008369825926047,"spatialBurdenScore":0.15840145970370856},"geometry":{"type":"Polygon","coordinates":[[[18.69784,-33.84364],[18.69778,-33.84238],[18.69811,-33.83921],[18.69816,-33.83786],[18.69829,-33.83786],[18.69999,-33.83825],[18.70478,-33.84039],[18.70162,-33.84532],[18.69784,-33.84364]]]}},{"type":"Feature","properties":{"id":"199020021","name":"Langeberg Ridge","commuteMinutes":11.01,"nearestJobCenter":"Bellville","distanceKm":null,"nearestTransitKm":2.2718895205579335,"spatialBurdenScore":0.16427558082231733},"geometry":{"type":"Polygon","coordinates":[[[18.69784,-33.84364],[18.69807,-33.84757],[18.69616,-33.84723],[18.69195,-33.84653],[18.68663,-33.84478],[18.68713,-33.84162],[18.69221,-33.84094],[18.69242,-33.84098],[18.69568,-33.84046],[18.69696,-33.84034],[18.69704,-33.83793],[18.69816,-33.83786],[18.69811,-33.83921],[18.69778,-33.84238],[18.69784,-33.84364]]]}},{"type":"Feature","properties":{"id":"199020022","name":"Pine Hurst Security Estate","commuteMinutes":14.23,"nearestJobCenter":"Bellville","distanceKm":null,"nearestTransitKm":3.7235827270835227,"spatialBurdenScore":0.24380997575000757},"geometry":{"type":"Polygon","coordinates":[[[18.68407,-33.83915],[18.68099,-33.83895],[18.67944,-33.83836],[18.67532,-33.8355],[18.67925,-33.83581],[18.67948,-33.83375],[18.67723,-33.83373],[18.67593,-33.83164],[18.67463,-33.82955],[18.67481,-33.82949],[18.67529,-33.82997],[18.67625,-33.83048],[18.67779,-33.8308],[18.67899,-33.83073],[18.68003,-33.83047],[18.68229,-33.82946],[18.68251,-33.82952],[18.68363,-33.83124],[18.68389,-33.83283],[18.68351,-33.83658],[18.68355,-33.83753],[18.68407,-33.83915]]]}},{"type":"Feature","properties":{"id":"199020023","name":"Peerless Park West","commuteMinutes":11.59,"nearestJobCenter":"Bellville","distanceKm":null,"nearestTransitKm":0.29298779764457666,"spatialBurdenScore":0.08898617857244973},"geometry":{"type":"Polygon","coordinates":[[[18.70814,-33.85972],[18.70441,-33.85958],[18.71083,-33.84954],[18.71188,-33.84782],[18.71154,-33.84766],[18.71506,-33.8451],[18.71633,-33.84608],[18.71747,-33.84722],[18.72011,-33.85011],[18.71502,-33.85403],[18.71107,-33.85723],[18.70814,-33.85972]]]}},{"type":"Feature","properties":{"id":"199020024","name":"Scottsville","commuteMinutes":11.28,"nearestJobCenter":"Bellville","distanceKm":null,"nearestTransitKm":0.6600251578008623,"spatialBurdenScore":0.10160100631203448},"geometry":{"type":"Polygon","coordinates":[[[18.70441,-33.85958],[18.6987,-33.85935],[18.69848,-33.85628],[18.7009,-33.85456],[18.71154,-33.84766],[18.71188,-33.84782],[18.71083,-33.84954],[18.70441,-33.85958]]]}},{"type":"Feature","properties":{"id":"199020025","name":"Klein Begin","commuteMinutes":12.67,"nearestJobCenter":"Bellville","distanceKm":null,"nearestTransitKm":1.1005629247861253,"spatialBurdenScore":0.12848918365811168},"geometry":{"type":"Polygon","coordinates":[[[18.73481,-33.85112],[18.73636,-33.85195],[18.73709,-33.85212],[18.73573,-33.85449],[18.73505,-33.8553],[18.73202,-33.85398],[18.73162,-33.85361],[18.7307,-33.8531],[18.73439,-33.8509],[18.73481,-33.85112]]]}},{"type":"Feature","properties":{"id":"199020026","name":"Eikendal","commuteMinutes":11.51,"nearestJobCenter":"Bellville","distanceKm":null,"nearestTransitKm":0.28447299746082777,"spatialBurdenScore":0.08811225323176644},"geometry":{"type":"Polygon","coordinates":[[[18.71779,-33.86003],[18.71766,-33.86011],[18.7174,-33.86005],[18.71219,-33.85983],[18.70814,-33.85972],[18.71107,-33.85723],[18.71502,-33.85403],[18.72011,-33.85011],[18.72498,-33.85535],[18.71779,-33.86003]]]}},{"type":"Feature","properties":{"id":"199020027","name":"Summerville","commuteMinutes":12.85,"nearestJobCenter":"Bellville","distanceKm":null,"nearestTransitKm":0.9048123478477349,"spatialBurdenScore":0.12185916058057607},"geometry":{"type":"Polygon","coordinates":[[[18.72632,-33.8588],[18.72703,-33.85991],[18.72646,-33.86013],[18.72574,-33.85879],[18.72468,-33.85925],[18.72351,-33.8574],[18.71887,-33.86018],[18.71779,-33.86003],[18.72498,-33.85535],[18.72597,-33.85641],[18.72627,-33.85728],[18.72612,-33.85805],[18.72632,-33.8588]]]}},{"type":"Feature","properties":{"id":"199020028","name":"Klein Begin informal","commuteMinutes":13.49,"nearestJobCenter":"Bellville","distanceKm":null,"nearestTransitKm":1.3145043529587663,"spatialBurdenScore":0.142513507451684},"geometry":{"type":"Polygon","coordinates":[[[18.73397,-33.85588],[18.73483,-33.85736],[18.73443,-33.85753],[18.73416,-33.85702],[18.73262,-33.85759],[18.73229,-33.85746],[18.73303,-33.85861],[18.7323,-33.85897],[18.73169,-33.85803],[18.72918,-33.85892],[18.7292,-33.85934],[18.72733,-33.86035],[18.72703,-33.85991],[18.72632,-33.8588],[18.72746,-33.85834],[18.7271,-33.85774],[18.72778,-33.85728],[18.72761,-33.85705],[18.72878,-33.8563],[18.72979,-33.8576],[18.73397,-33.85588]]]}},{"type":"Feature","properties":{"id":"199020029","name":"Scottsdene","commuteMinutes":12.63,"nearestJobCenter":"Bellville","distanceKm":null,"nearestTransitKm":1.5390818394399453,"spatialBurdenScore":0.1457632735775978},"geometry":{"type":"Polygon","coordinates":[[[18.72703,-33.85991],[18.72733,-33.86035],[18.73158,-33.86686],[18.73214,-33.8677],[18.72822,-33.87483],[18.72769,-33.87435],[18.72622,-33.87262],[18.72303,-33.87447],[18.72161,-33.87435],[18.71949,-33.87447],[18.71926,-33.86687],[18.71897,-33.86594],[18.7196,-33.86553],[18.7199,-33.86487],[18.71882,-33.86454],[18.71883,-33.86337],[18.71903,-33.86324],[18.71893,-33.86023],[18.71887,-33.86018],[18.72351,-33.8574],[18.72468,-33.85925],[18.72574,-33.85879],[18.72646,-33.86013],[18.72703,-33.85991]]]}},{"type":"Feature","properties":{"id":"199020030","name":"Northpine","commuteMinutes":11.24,"nearestJobCenter":"Bellville","distanceKm":null,"nearestTransitKm":1.0350848122971,"spatialBurdenScore":0.11633672582521734},"geometry":{"type":"Polygon","coordinates":[[[18.71949,-33.87447],[18.71945,-33.8757],[18.71058,-33.87604],[18.706,-33.87127],[18.70669,-33.87075],[18.70454,-33.86842],[18.70973,-33.86509],[18.7161,-33.86096],[18.71766,-33.86011],[18.71779,-33.86003],[18.71887,-33.86018],[18.71893,-33.86023],[18.71903,-33.86324],[18.71883,-33.86337],[18.71882,-33.86454],[18.7199,-33.86487],[18.7196,-33.86553],[18.71897,-33.86594],[18.71926,-33.86687],[18.71949,-33.87447]]]}},{"type":"Feature","properties":{"id":"199020031","name":"Bernadino Heights","commuteMinutes":12.8,"nearestJobCenter":"Bellville","distanceKm":null,"nearestTransitKm":2.255125944907232,"spatialBurdenScore":0.17553837112962262},"geometry":{"type":"Polygon","coordinates":[[[18.72822,-33.87483],[18.72787,-33.8757],[18.72605,-33.87901],[18.72482,-33.87747],[18.72263,-33.87882],[18.71981,-33.88036],[18.71952,-33.87889],[18.71945,-33.8757],[18.71949,-33.87447],[18.72161,-33.87435],[18.72303,-33.87447],[18.72622,-33.87262],[18.72769,-33.87435],[18.72822,-33.87483]]]}},{"type":"Feature","properties":{"id":"199020032","name":"Kraaifontein AH","commuteMinutes":15.72,"nearestJobCenter":"Bellville","distanceKm":null,"nearestTransitKm":3.205998282965181,"spatialBurdenScore":0.23303993131860723},"geometry":{"type":"Polygon","coordinates":[[[18.746,-33.85999],[18.74579,-33.86028],[18.74572,-33.87395],[18.75066,-33.88125],[18.75291,-33.88452],[18.752,-33.89027],[18.75138,-33.89354],[18.74594,-33.88744],[18.74591,-33.88731],[18.7416,-33.89041],[18.73707,-33.89349],[18.7356,-33.89104],[18.7299,-33.8839],[18.72655,-33.87947],[18.72605,-33.87901],[18.72787,-33.8757],[18.72822,-33.87483],[18.73214,-33.8677],[18.73158,-33.86686],[18.73179,-33.86658],[18.73309,-33.86595],[18.73269,-33.86526],[18.73369,-33.86485],[18.73624,-33.86019],[18.73641,-33.86025],[18.73866,-33.86108],[18.74202,-33.85986],[18.74276,-33.85856],[18.746,-33.85999]]]}},{"type":"Feature","properties":{"id":"199021001","name":"Kleinbron Estate","commuteMinutes":11.42,"nearestJobCenter":"Bellville","distanceKm":null,"nearestTransitKm":2.0131112955092334,"spatialBurdenScore":0.15665778515370266},"geometry":{"type":"Polygon","coordinates":[[[18.69616,-33.84723],[18.69576,-33.84954],[18.69345,-33.84948],[18.68965,-33.84968],[18.68666,-33.84963],[18.68624,-33.84725],[18.68663,-33.84478],[18.69195,-33.84653],[18.69616,-33.84723]]]}},{"type":"Feature","properties":{"id":"199021002","name":"Kleinbron","commuteMinutes":10.56,"nearestJobCenter":"Bellville","distanceKm":null,"nearestTransitKm":1.674761978739294,"spatialBurdenScore":0.13739047914957175},"geometry":{"type":"Polygon","coordinates":[[[18.69576,-33.84954],[18.6946,-33.85323],[18.69452,-33.85481],[18.69132,-33.85547],[18.69133,-33.85513],[18.68606,-33.85417],[18.68636,-33.85282],[18.68725,-33.85117],[18.6868,-33.85047],[18.68666,-33.84963],[18.68965,-33.84968],[18.69345,-33.84948],[18.69576,-33.84954]]]}},{"type":"Feature","properties":{"id":"199021003","name":"Cape Gate","commuteMinutes":10.21,"nearestJobCenter":"Bellville","distanceKm":null,"nearestTransitKm":1.3281657330361345,"spatialBurdenScore":0.12119329598811207},"geometry":{"type":"Polygon","coordinates":[[[18.69807,-33.84757],[18.69853,-33.85534],[18.69849,-33.85611],[18.69578,-33.85788],[18.69465,-33.85547],[18.69452,-33.85481],[18.6946,-33.85323],[18.69576,-33.84954],[18.69616,-33.84723],[18.69807,-33.84757]]]}},{"type":"Feature","properties":{"id":"199021004","name":"De Tuin","commuteMinutes":10.87,"nearestJobCenter":"Bellville","distanceKm":null,"nearestTransitKm":1.3491549403552698,"spatialBurdenScore":0.12643286428087747},"geometry":{"type":"Polygon","coordinates":[[[18.69343,-33.8594],[18.69279,-33.8586],[18.69049,-33.85886],[18.68834,-33.8588],[18.68709,-33.85864],[18.68661,-33.85822],[18.69089,-33.85568],[18.69132,-33.85547],[18.69452,-33.85481],[18.69465,-33.85547],[18.69578,-33.85788],[18.69343,-33.8594]]]}},{"type":"Feature","properties":{"id":"199021005","name":"Vredenkloof Heights","commuteMinutes":9.86,"nearestJobCenter":"Bellville","distanceKm":null,"nearestTransitKm":1.7006640469158758,"spatialBurdenScore":0.13375989520996834},"geometry":{"type":"Polygon","coordinates":[[[18.68328,-33.85859],[18.68282,-33.85368],[18.68296,-33.85358],[18.68606,-33.85417],[18.69133,-33.85513],[18.69132,-33.85547],[18.69089,-33.85568],[18.68661,-33.85822],[18.68492,-33.85867],[18.68328,-33.85859]]]}},{"type":"Feature","properties":{"id":"199021006","name":"Brackenfell North","commuteMinutes":11.66,"nearestJobCenter":"Bellville","distanceKm":null,"nearestTransitKm":2.09903908247307,"spatialBurdenScore":0.16169489663225614},"geometry":{"type":"MultiPolygon","coordinates":[[[[18.68328,-33.85859],[18.68492,-33.85867],[18.68661,-33.85822],[18.68709,-33.85864],[18.68834,-33.8588],[18.68831,-33.86007],[18.69077,-33.86018],[18.69078,-33.85997],[18.6924,-33.86008],[18.68654,-33.8639],[18.68303,-33.86616],[18.68303,-33.86595],[18.68328,-33.85859]]],[[[18.68328,-33.85859],[18.6783,-33.85834],[18.67312,-33.85794],[18.67088,-33.85771],[18.67228,-33.86349],[18.67055,-33.86368],[18.67135,-33.86719],[18.67169,-33.86805],[18.67235,-33.86884],[18.67359,-33.86921],[18.67382,-33.86973],[18.67372,-33.86978],[18.67282,-33.87027],[18.67186,-33.87125],[18.6664,-33.87359],[18.66665,-33.87302],[18.66858,-33.87124],[18.66857,-33.87094],[18.66648,-33.87097],[18.6666,-33.86965],[18.66672,-33.86829],[18.66683,-33.86704],[18.66667,-33.86104],[18.66653,-33.85789],[18.66664,-33.85675],[18.66754,-33.85531],[18.66768,-33.85464],[18.66749,-33.84928],[18.67392,-33.84965],[18.6868,-33.85047],[18.68725,-33.85117],[18.68636,-33.85282],[18.68606,-33.85417],[18.68296,-33.85358],[18.68282,-33.85368],[18.68328,-33.85859]]]]}},{"type":"Feature","properties":{"id":"199021007","name":"Marlborough Park","commuteMinutes":10.73,"nearestJobCenter":"Bellville","distanceKm":null,"nearestTransitKm":1.2307468517843705,"spatialBurdenScore":0.12076320740470817},"geometry":{"type":"Polygon","coordinates":[[[18.69343,-33.8594],[18.6924,-33.86008],[18.69078,-33.85997],[18.69077,-33.86018],[18.68831,-33.86007],[18.68834,-33.8588],[18.69049,-33.85886],[18.69279,-33.8586],[18.69343,-33.8594]]]}},{"type":"Feature","properties":{"id":"199021008","name":"St Kilda","commuteMinutes":10.65,"nearestJobCenter":"Bellville","distanceKm":null,"nearestTransitKm":1.1100660844102812,"spatialBurdenScore":0.11540264337641125},"geometry":{"type":"Polygon","coordinates":[[[18.6913,-33.86292],[18.69047,-33.86411],[18.68672,-33.86398],[18.68654,-33.8639],[18.6924,-33.86008],[18.69343,-33.8594],[18.69298,-33.86038],[18.6913,-33.86292]]]}},{"type":"Feature","properties":{"id":"199021009","name":"Morgenster Hoogte","commuteMinutes":9.35,"nearestJobCenter":"Bellville","distanceKm":null,"nearestTransitKm":0.7211451357965379,"spatialBurdenScore":0.09117913876519484},"geometry":{"type":"Polygon","coordinates":[[[18.6953,-33.86683],[18.69391,-33.86574],[18.69328,-33.86481],[18.69186,-33.86326],[18.6913,-33.86292],[18.69298,-33.86038],[18.69343,-33.8594],[18.69578,-33.85788],[18.69785,-33.8619],[18.6991,-33.86309],[18.69896,-33.86316],[18.6953,-33.86683]]]}},{"type":"Feature","properties":{"id":"199021010","name":"Okavango Park","commuteMinutes":9.69,"nearestJobCenter":"Bellville","distanceKm":null,"nearestTransitKm":0.44329295016797915,"spatialBurdenScore":0.08233171800671915},"geometry":{"type":"Polygon","coordinates":[[[18.69848,-33.85628],[18.6987,-33.85935],[18.70441,-33.85958],[18.70814,-33.85972],[18.70364,-33.86345],[18.7023,-33.86519],[18.6991,-33.86309],[18.69785,-33.8619],[18.69578,-33.85788],[18.69849,-33.85611],[18.69848,-33.85628]]]}},{"type":"Feature","properties":{"id":"199021011","name":"Brackenfell Industrial","commuteMinutes":10.96,"nearestJobCenter":"Bellville","distanceKm":null,"nearestTransitKm":0.359724907636242,"spatialBurdenScore":0.08745566297211635},"geometry":{"type":"Polygon","coordinates":[[[18.71766,-33.86011],[18.7161,-33.86096],[18.70973,-33.86509],[18.70454,-33.86842],[18.69891,-33.8719],[18.69758,-33.87283],[18.69519,-33.8743],[18.69714,-33.87169],[18.7023,-33.86519],[18.70364,-33.86345],[18.70814,-33.85972],[18.71219,-33.85983],[18.7174,-33.86005],[18.71766,-33.86011]]]}},{"type":"Feature","properties":{"id":"199021012","name":"Morgenster","commuteMinutes":9.82,"nearestJobCenter":"Bellville","distanceKm":null,"nearestTransitKm":0.31297890022145486,"spatialBurdenScore":0.07798582267552487},"geometry":{"type":"Polygon","coordinates":[[[18.693,-33.87562],[18.69083,-33.87049],[18.69265,-33.86926],[18.6953,-33.86683],[18.69896,-33.86316],[18.6991,-33.86309],[18.7023,-33.86519],[18.69714,-33.87169],[18.69519,-33.8743],[18.693,-33.87562]]]}},{"type":"Feature","properties":{"id":"199021013","name":"Arauna","commuteMinutes":9.8,"nearestJobCenter":"Bellville","distanceKm":null,"nearestTransitKm":0.7983795902814002,"spatialBurdenScore":0.09726851694458935},"geometry":{"type":"Polygon","coordinates":[[[18.6953,-33.86683],[18.69265,-33.86926],[18.69083,-33.87049],[18.68904,-33.87174],[18.68849,-33.87237],[18.68813,-33.87358],[18.6876,-33.87457],[18.68621,-33.87567],[18.68355,-33.87694],[18.68254,-33.8774],[18.68273,-33.87459],[18.68279,-33.87267],[18.68303,-33.86616],[18.68654,-33.8639],[18.68672,-33.86398],[18.69047,-33.86411],[18.6913,-33.86292],[18.69186,-33.86326],[18.69328,-33.86481],[18.69391,-33.86574],[18.6953,-33.86683]]]}},{"type":"Feature","properties":{"id":"199021014","name":"Edenpark","commuteMinutes":9.51,"nearestJobCenter":"Bellville","distanceKm":null,"nearestTransitKm":1.51333596976799,"spatialBurdenScore":0.1239334387907196},"geometry":{"type":"Polygon","coordinates":[[[18.68279,-33.87267],[18.68067,-33.87274],[18.67446,-33.872],[18.67424,-33.87206],[18.67372,-33.86978],[18.67382,-33.86973],[18.67819,-33.86839],[18.67992,-33.86775],[18.68303,-33.86595],[18.68303,-33.86616],[18.68279,-33.87267]]]}},{"type":"Feature","properties":{"id":"199021015","name":"Vredekloof","commuteMinutes":11.7,"nearestJobCenter":"Bellville","distanceKm":null,"nearestTransitKm":2.0016853669550865,"spatialBurdenScore":0.15806741467820346},"geometry":{"type":"Polygon","coordinates":[[[18.67819,-33.86839],[18.67794,-33.86822],[18.67548,-33.86753],[18.67303,-33.86682],[18.67228,-33.86349],[18.67088,-33.85771],[18.67312,-33.85794],[18.6783,-33.85834],[18.68328,-33.85859],[18.68303,-33.86595],[18.67992,-33.86775],[18.67819,-33.86839]]]}},{"type":"Feature","properties":{"id":"199021016","name":"Vredekloof Rand","commuteMinutes":12.71,"nearestJobCenter":"Bellville","distanceKm":null,"nearestTransitKm":2.1408606699324557,"spatialBurdenScore":0.17036776013063154},"geometry":{"type":"Polygon","coordinates":[[[18.67303,-33.86682],[18.67338,-33.86836],[18.67359,-33.86921],[18.67235,-33.86884],[18.67169,-33.86805],[18.67135,-33.86719],[18.67055,-33.86368],[18.67228,-33.86349],[18.67303,-33.86682]]]}},{"type":"Feature","properties":{"id":"199021017","name":"Chamonix","commuteMinutes":12.16,"nearestJobCenter":"Bellville","distanceKm":null,"nearestTransitKm":2.0074054323565425,"spatialBurdenScore":0.16136288396092838},"geometry":{"type":"Polygon","coordinates":[[[18.67548,-33.86753],[18.67462,-33.86812],[18.67338,-33.86836],[18.67303,-33.86682],[18.67548,-33.86753]]]}},{"type":"Feature","properties":{"id":"199021018","name":"Vredekloof Glen","commuteMinutes":11.75,"nearestJobCenter":"Bellville","distanceKm":null,"nearestTransitKm":1.804795459089376,"spatialBurdenScore":0.1505251516969084},"geometry":{"type":"Polygon","coordinates":[[[18.67819,-33.86839],[18.67382,-33.86973],[18.67359,-33.86921],[18.67338,-33.86836],[18.67462,-33.86812],[18.67548,-33.86753],[18.67794,-33.86822],[18.67819,-33.86839]]]}},{"type":"Feature","properties":{"id":"199021019","name":"St Michaels","commuteMinutes":8.98,"nearestJobCenter":"Bellville","distanceKm":null,"nearestTransitKm":0.5292444360395332,"spatialBurdenScore":0.08103644410824799},"geometry":{"type":"Polygon","coordinates":[[[18.6876,-33.87457],[18.68813,-33.87358],[18.68849,-33.87237],[18.68904,-33.87174],[18.69083,-33.87049],[18.693,-33.87562],[18.68957,-33.87772],[18.6876,-33.87457]]]}},{"type":"Feature","properties":{"id":"199021020","name":"Brackenfell South B","commuteMinutes":10.31,"nearestJobCenter":"Bellville","distanceKm":null,"nearestTransitKm":0.18407997594311146,"spatialBurdenScore":0.0760965323710578},"geometry":{"type":"Polygon","coordinates":[[[18.71945,-33.8757],[18.71952,-33.87889],[18.71467,-33.88162],[18.71213,-33.88298],[18.70849,-33.87841],[18.70837,-33.87832],[18.70407,-33.87843],[18.70071,-33.87852],[18.69542,-33.87926],[18.69057,-33.88029],[18.68768,-33.88233],[18.68588,-33.88366],[18.68479,-33.88402],[18.68703,-33.88743],[18.6859,-33.88798],[18.68652,-33.88894],[18.68651,-33.88975],[18.68487,-33.89157],[18.68314,-33.89128],[18.68051,-33.88753],[18.68018,-33.88721],[18.67628,-33.89013],[18.67517,-33.88638],[18.67798,-33.88501],[18.68145,-33.88282],[18.68574,-33.88015],[18.68355,-33.87694],[18.68621,-33.87567],[18.6876,-33.87457],[18.68957,-33.87772],[18.693,-33.87562],[18.69519,-33.8743],[18.69758,-33.87283],[18.69891,-33.8719],[18.70454,-33.86842],[18.70669,-33.87075],[18.706,-33.87127],[18.71058,-33.87604],[18.71945,-33.8757]]]}},{"type":"Feature","properties":{"id":"199021021","name":"Springbokpark","commuteMinutes":7.6,"nearestJobCenter":"Bellville","distanceKm":null,"nearestTransitKm":0.5035768080977568,"spatialBurdenScore":0.07080973899057694},"geometry":{"type":"Polygon","coordinates":[[[18.68145,-33.88282],[18.68002,-33.87798],[18.68254,-33.8774],[18.68355,-33.87694],[18.68574,-33.88015],[18.68145,-33.88282]]]}},{"type":"Feature","properties":{"id":"199021022","name":"Bracken Heights","commuteMinutes":9.24,"nearestJobCenter":"Bellville","distanceKm":null,"nearestTransitKm":1.1015079127605132,"spatialBurdenScore":0.10566031651042053},"geometry":{"type":"Polygon","coordinates":[[[18.68279,-33.87267],[18.68273,-33.87459],[18.68254,-33.8774],[18.68002,-33.87798],[18.6776,-33.87843],[18.67555,-33.87873],[18.67496,-33.87573],[18.67416,-33.8722],[18.67424,-33.87206],[18.67446,-33.872],[18.68067,-33.87274],[18.68279,-33.87267]]]}},{"type":"Feature","properties":{"id":"199021023","name":"Hoogstede","commuteMinutes":8.97,"nearestJobCenter":"Bellville","distanceKm":null,"nearestTransitKm":1.6047002840027385,"spatialBurdenScore":0.12398801136010953},"geometry":{"type":"Polygon","coordinates":[[[18.67424,-33.87206],[18.67416,-33.8722],[18.67496,-33.87573],[18.67555,-33.87873],[18.67299,-33.87915],[18.67187,-33.87593],[18.67117,-33.87411],[18.67105,-33.87337],[18.67119,-33.87252],[18.67186,-33.87125],[18.67282,-33.87027],[18.67372,-33.86978],[18.67424,-33.87206]]]}},{"type":"Feature","properties":{"id":"199021024","name":"Ferndale","commuteMinutes":7.2,"nearestJobCenter":"Bellville","distanceKm":null,"nearestTransitKm":0.5997952420485057,"spatialBurdenScore":0.07199180968194023},"geometry":{"type":"Polygon","coordinates":[[[18.67517,-33.88638],[18.67343,-33.88046],[18.67299,-33.87915],[18.67555,-33.87873],[18.6776,-33.87843],[18.68002,-33.87798],[18.68145,-33.88282],[18.67798,-33.88501],[18.67517,-33.88638]]]}},{"type":"Feature","properties":{"id":"199021025","name":"Ruwari","commuteMinutes":12.15,"nearestJobCenter":"Bellville","distanceKm":null,"nearestTransitKm":1.355169121034225,"spatialBurdenScore":0.135206764841369},"geometry":{"type":"Polygon","coordinates":[[[18.70878,-33.88487],[18.70428,-33.87956],[18.70407,-33.87843],[18.70837,-33.87832],[18.70849,-33.87841],[18.71213,-33.88298],[18.70878,-33.88487]]]}},{"type":"Feature","properties":{"id":"199021026","name":"Protea Village","commuteMinutes":13.85,"nearestJobCenter":"Bellville","distanceKm":null,"nearestTransitKm":2.250107973791057,"spatialBurdenScore":0.18233765228497562},"geometry":{"type":"Polygon","coordinates":[[[18.71213,-33.88298],[18.71467,-33.88162],[18.71952,-33.87889],[18.71981,-33.88036],[18.71959,-33.88054],[18.72102,-33.88403],[18.71717,-33.88621],[18.71463,-33.88609],[18.71213,-33.88298]]]}},{"type":"Feature","properties":{"id":"199021027","name":"Brackenfell South","commuteMinutes":11.1,"nearestJobCenter":"Bellville","distanceKm":null,"nearestTransitKm":2.0813385110672913,"spatialBurdenScore":0.15725354044269166},"geometry":{"type":"Polygon","coordinates":[[[18.7356,-33.89104],[18.72344,-33.89544],[18.71889,-33.89747],[18.71725,-33.89847],[18.71665,-33.90007],[18.71657,-33.90188],[18.71545,-33.90129],[18.71419,-33.90104],[18.71312,-33.90108],[18.70697,-33.90186],[18.70555,-33.90226],[18.70195,-33.90353],[18.70108,-33.90377],[18.68895,-33.90608],[18.68568,-33.90685],[18.68376,-33.90721],[18.68142,-33.90768],[18.67966,-33.90795],[18.67731,-33.90802],[18.67427,-33.9078],[18.67236,-33.90747],[18.67634,-33.9007],[18.67689,-33.89949],[18.67739,-33.89775],[18.67757,-33.89654],[18.6775,-33.89441],[18.67722,-33.89309],[18.67628,-33.89013],[18.68018,-33.88721],[18.68051,-33.88753],[18.68314,-33.89128],[18.68487,-33.89157],[18.68651,-33.88975],[18.68652,-33.88894],[18.6859,-33.88798],[18.68703,-33.88743],[18.68929,-33.89078],[18.68944,-33.89069],[18.69013,-33.89171],[18.69565,-33.89827],[18.69604,-33.89998],[18.69656,-33.9023],[18.69866,-33.90208],[18.70144,-33.90069],[18.70558,-33.89933],[18.70525,-33.89826],[18.70739,-33.89889],[18.70797,-33.89791],[18.70821,-33.89799],[18.70919,-33.8958],[18.70741,-33.89191],[18.70554,-33.8867],[18.70878,-33.88487],[18.71213,-33.88298],[18.71463,-33.88609],[18.71717,-33.88621],[18.72102,-33.88403],[18.71959,-33.88054],[18.71981,-33.88036],[18.72263,-33.87882],[18.72482,-33.87747],[18.72605,-33.87901],[18.72655,-33.87947],[18.7299,-33.8839],[18.7356,-33.89104]]]}},{"type":"Feature","properties":{"id":"199021028","name":"Klaradyn Retirement Village","commuteMinutes":11.2,"nearestJobCenter":"Bellville","distanceKm":null,"nearestTransitKm":0.40635794087380106,"spatialBurdenScore":0.0909209843016187},"geometry":{"type":"Polygon","coordinates":[[[18.68944,-33.89069],[18.68929,-33.89078],[18.68703,-33.88743],[18.68479,-33.88402],[18.68588,-33.88366],[18.68768,-33.88233],[18.69295,-33.88865],[18.68944,-33.89069]]]}},{"type":"Feature","properties":{"id":"199021029","name":"Protea Hoogte","commuteMinutes":11.04,"nearestJobCenter":"Bellville","distanceKm":null,"nearestTransitKm":1.6387845735626607,"spatialBurdenScore":0.13915138294250645},"geometry":{"type":"Polygon","coordinates":[[[18.69604,-33.89998],[18.69972,-33.89929],[18.69924,-33.89722],[18.70007,-33.89721],[18.69295,-33.88865],[18.68768,-33.88233],[18.69057,-33.88029],[18.69542,-33.87926],[18.70071,-33.87852],[18.70407,-33.87843],[18.70428,-33.87956],[18.70878,-33.88487],[18.70554,-33.8867],[18.70741,-33.89191],[18.70919,-33.8958],[18.70821,-33.89799],[18.70797,-33.89791],[18.70739,-33.89889],[18.70525,-33.89826],[18.70558,-33.89933],[18.70144,-33.90069],[18.69866,-33.90208],[18.69656,-33.9023],[18.69604,-33.89998]]]}},{"type":"Feature","properties":{"id":"199021030","name":"De Oude Spruit","commuteMinutes":10.3,"nearestJobCenter":"Bellville","distanceKm":null,"nearestTransitKm":1.5444841776750249,"spatialBurdenScore":0.13044603377366765},"geometry":{"type":"Polygon","coordinates":[[[18.69924,-33.89722],[18.69543,-33.89728],[18.69565,-33.89827],[18.69013,-33.89171],[18.68944,-33.89069],[18.69295,-33.88865],[18.70007,-33.89721],[18.69924,-33.89722]]]}},{"type":"Feature","properties":{"id":"199021031","name":"Kaapsig","commuteMinutes":10.92,"nearestJobCenter":"Bellville","distanceKm":null,"nearestTransitKm":1.9607301157090498,"spatialBurdenScore":0.151229204628362},"geometry":{"type":"Polygon","coordinates":[[[18.69604,-33.89998],[18.69565,-33.89827],[18.69543,-33.89728],[18.69924,-33.89722],[18.69972,-33.89929],[18.69604,-33.89998]]]}},{"type":"Feature","properties":{"id":"199022001","name":"Soneike","commuteMinutes":7.65,"nearestJobCenter":"Bellville","distanceKm":null,"nearestTransitKm":1.130609165537615,"spatialBurdenScore":0.0962243666215046},"geometry":{"type":"Polygon","coordinates":[[[18.68624,-33.91209],[18.68563,-33.91228],[18.68277,-33.91595],[18.68385,-33.91783],[18.67758,-33.9222],[18.67694,-33.92279],[18.67571,-33.92091],[18.67601,-33.92016],[18.67585,-33.91892],[18.67698,-33.91877],[18.67671,-33.91765],[18.67765,-33.91771],[18.67796,-33.91351],[18.67423,-33.91445],[18.67375,-33.91425],[18.67233,-33.91297],[18.67208,-33.9124],[18.67144,-33.91287],[18.67051,-33.91208],[18.6698,-33.91184],[18.67236,-33.90747],[18.67427,-33.9078],[18.67731,-33.90802],[18.67966,-33.90795],[18.68142,-33.90768],[18.68376,-33.90721],[18.68561,-33.91036],[18.68624,-33.91209]]]}},{"type":"Feature","properties":{"id":"199022002","name":"Kuils River SP","commuteMinutes":10.96,"nearestJobCenter":"Bellville","distanceKm":null,"nearestTransitKm":3.1695393896980395,"spatialBurdenScore":0.19984824225458825},"geometry":{"type":"Polygon","coordinates":[[[18.71296,-33.92179],[18.71313,-33.92365],[18.71305,-33.9253],[18.71319,-33.92641],[18.70855,-33.92604],[18.70836,-33.92753],[18.70821,-33.93254],[18.70858,-33.93266],[18.70895,-33.93563],[18.70819,-33.93564],[18.70536,-33.93572],[18.70441,-33.93365],[18.70364,-33.93337],[18.70261,-33.93403],[18.70066,-33.92735],[18.70705,-33.92884],[18.70764,-33.92454],[18.69968,-33.91975],[18.69874,-33.91915],[18.69847,-33.91343],[18.69835,-33.91231],[18.69731,-33.91296],[18.69565,-33.91337],[18.69539,-33.91318],[18.69463,-33.91341],[18.69468,-33.91373],[18.69313,-33.91409],[18.69232,-33.91474],[18.69089,-33.91489],[18.68736,-33.9154],[18.68624,-33.91209],[18.68561,-33.91036],[18.68376,-33.90721],[18.68568,-33.90685],[18.68895,-33.90608],[18.70108,-33.90377],[18.70195,-33.90353],[18.70555,-33.90226],[18.70697,-33.90186],[18.71312,-33.90108],[18.71419,-33.90104],[18.71545,-33.90129],[18.71657,-33.90188],[18.71657,-33.90197],[18.71931,-33.90346],[18.71716,-33.90559],[18.7153,-33.90362],[18.71514,-33.9042],[18.70833,-33.92269],[18.71081,-33.92117],[18.71296,-33.92179]]]}},{"type":"Feature","properties":{"id":"199022003","name":"Brandwag","commuteMinutes":8.36,"nearestJobCenter":"Bellville","distanceKm":null,"nearestTransitKm":1.7103746076604722,"spatialBurdenScore":0.12414831763975222},"geometry":{"type":"Polygon","coordinates":[[[18.68736,-33.9154],[18.68761,-33.91614],[18.68559,-33.91656],[18.68385,-33.91783],[18.68277,-33.91595],[18.68563,-33.91228],[18.68624,-33.91209],[18.68736,-33.9154]]]}},{"type":"Feature","properties":{"id":"199022004","name":"Amandelrug","commuteMinutes":9.57,"nearestJobCenter":"Bellville","distanceKm":null,"nearestTransitKm":1.924887466257817,"spatialBurdenScore":0.14079549865031268},"geometry":{"type":"Polygon","coordinates":[[[18.69503,-33.9261],[18.69064,-33.92513],[18.68981,-33.92276],[18.68761,-33.91614],[18.68736,-33.9154],[18.69089,-33.91489],[18.69232,-33.91474],[18.69254,-33.91594],[18.69385,-33.92103],[18.69421,-33.92107],[18.69384,-33.92318],[18.69434,-33.92331],[18.69503,-33.9261]]]}},{"type":"Feature","properties":{"id":"199022005","name":"Rouxville","commuteMinutes":10.28,"nearestJobCenter":"Bellville","distanceKm":null,"nearestTransitKm":2.3695754004592042,"spatialBurdenScore":0.1633163493517015},"geometry":{"type":"Polygon","coordinates":[[[18.69874,-33.91915],[18.69887,-33.92332],[18.69905,-33.92697],[18.69622,-33.92629],[18.69589,-33.92632],[18.69575,-33.92629],[18.69503,-33.9261],[18.69434,-33.92331],[18.69384,-33.92318],[18.69421,-33.92107],[18.69385,-33.92103],[18.69254,-33.91594],[18.69232,-33.91474],[18.69313,-33.91409],[18.69468,-33.91373],[18.69463,-33.91341],[18.69539,-33.91318],[18.69565,-33.91337],[18.69731,-33.91296],[18.69835,-33.91231],[18.69847,-33.91343],[18.69874,-33.91915]]]}},{"type":"Feature","properties":{"id":"199022006","name":"Elim","commuteMinutes":9.12,"nearestJobCenter":"Bellville","distanceKm":null,"nearestTransitKm":1.2541066832128163,"spatialBurdenScore":0.11096426732851264},"geometry":{"type":"Polygon","coordinates":[[[18.69503,-33.9261],[18.69575,-33.92629],[18.69561,-33.92648],[18.6929,-33.9278],[18.69294,-33.92786],[18.68992,-33.92927],[18.68964,-33.92889],[18.68899,-33.92947],[18.68871,-33.92921],[18.68774,-33.92987],[18.68732,-33.92989],[18.68643,-33.92898],[18.68563,-33.92764],[18.68591,-33.92747],[18.6823,-33.9249],[18.68161,-33.92461],[18.67872,-33.92555],[18.67694,-33.92279],[18.67758,-33.9222],[18.68385,-33.91783],[18.68559,-33.91656],[18.68761,-33.91614],[18.68981,-33.92276],[18.69064,-33.92513],[18.69503,-33.9261]]]}},{"type":"Feature","properties":{"id":"199022007","name":"Brantwood","commuteMinutes":7.35,"nearestJobCenter":"Bellville","distanceKm":null,"nearestTransitKm":0.31194845098409685,"spatialBurdenScore":0.06147793803936387},"geometry":{"type":"Polygon","coordinates":[[[18.67275,-33.92737],[18.66977,-33.92349],[18.67062,-33.92314],[18.67123,-33.92244],[18.6735,-33.91796],[18.67431,-33.91877],[18.67571,-33.92091],[18.67694,-33.92279],[18.67584,-33.92396],[18.67578,-33.92564],[18.67587,-33.92713],[18.67445,-33.92712],[18.67275,-33.92737]]]}},{"type":"Feature","properties":{"id":"199022008","name":"Sonnekuil","commuteMinutes":6.84,"nearestJobCenter":"Bellville","distanceKm":null,"nearestTransitKm":0.9445678686994646,"spatialBurdenScore":0.08338271474797859},"geometry":{"type":"Polygon","coordinates":[[[18.67571,-33.92091],[18.67431,-33.91877],[18.6735,-33.91796],[18.67081,-33.91589],[18.6731,-33.91473],[18.67375,-33.91425],[18.67423,-33.91445],[18.67796,-33.91351],[18.67765,-33.91771],[18.67671,-33.91765],[18.67698,-33.91877],[18.67585,-33.91892],[18.67601,-33.92016],[18.67571,-33.92091]]]}},{"type":"Feature","properties":{"id":"199022009","name":"Drosdy Park","commuteMinutes":6.24,"nearestJobCenter":"Bellville","distanceKm":null,"nearestTransitKm":0.7734748231569534,"spatialBurdenScore":0.07253899292627813},"geometry":{"type":"Polygon","coordinates":[[[18.67375,-33.91425],[18.6731,-33.91473],[18.67081,-33.91589],[18.66847,-33.91414],[18.66855,-33.914],[18.6698,-33.91184],[18.67051,-33.91208],[18.67144,-33.91287],[18.67208,-33.9124],[18.67233,-33.91297],[18.67375,-33.91425]]]}},{"type":"Feature","properties":{"id":"199022010","name":"Marinda Heights","commuteMinutes":11.16,"nearestJobCenter":"Bellville","distanceKm":null,"nearestTransitKm":0.08850000667934844,"spatialBurdenScore":0.07794000026717393},"geometry":{"type":"Polygon","coordinates":[[[18.66583,-33.91862],[18.66464,-33.9207],[18.66394,-33.92222],[18.66328,-33.92485],[18.66277,-33.92734],[18.6622,-33.92704],[18.66127,-33.92759],[18.66098,-33.92246],[18.66068,-33.91706],[18.66046,-33.91613],[18.65975,-33.91519],[18.66047,-33.91493],[18.66235,-33.91588],[18.66294,-33.9148],[18.66474,-33.91112],[18.66855,-33.914],[18.66847,-33.91414],[18.66583,-33.91862]]]}},{"type":"Feature","properties":{"id":"199022011","name":"Mabille Park","commuteMinutes":6.4,"nearestJobCenter":"Bellville","distanceKm":null,"nearestTransitKm":0.209582557228304,"spatialBurdenScore":0.05104996895579882},"geometry":{"type":"Polygon","coordinates":[[[18.66977,-33.92349],[18.66819,-33.92143],[18.66583,-33.91862],[18.66847,-33.91414],[18.67081,-33.91589],[18.6735,-33.91796],[18.67123,-33.92244],[18.67062,-33.92314],[18.66977,-33.92349]]]}},{"type":"Feature","properties":{"id":"199022012","name":"Voelvlei","commuteMinutes":7.65,"nearestJobCenter":"Bellville","distanceKm":null,"nearestTransitKm":0.20976493758303488,"spatialBurdenScore":0.0593905975033214},"geometry":{"type":"Polygon","coordinates":[[[18.66328,-33.92485],[18.66394,-33.92222],[18.66464,-33.9207],[18.66583,-33.91862],[18.66819,-33.92143],[18.66977,-33.92349],[18.66844,-33.92505],[18.66741,-33.92515],[18.66737,-33.92492],[18.66328,-33.92485]]]}},{"type":"Feature","properties":{"id":"199022013","name":"Sarepta","commuteMinutes":8.52,"nearestJobCenter":"Bellville","distanceKm":null,"nearestTransitKm":0.6425377992639087,"spatialBurdenScore":0.08250151197055636},"geometry":{"type":"Polygon","coordinates":[[[18.66977,-33.92349],[18.67275,-33.92737],[18.67359,-33.92846],[18.67149,-33.92888],[18.67197,-33.93133],[18.67444,-33.93202],[18.67477,-33.93225],[18.6761,-33.9317],[18.6762,-33.93183],[18.67584,-33.93295],[18.67632,-33.93458],[18.6757,-33.93459],[18.67247,-33.93396],[18.67199,-33.935],[18.67235,-33.93737],[18.67242,-33.93921],[18.67324,-33.94098],[18.67326,-33.94237],[18.6662,-33.94123],[18.66617,-33.9414],[18.66011,-33.94055],[18.66019,-33.94014],[18.66277,-33.92734],[18.66328,-33.92485],[18.66737,-33.92492],[18.66741,-33.92515],[18.66844,-33.92505],[18.66977,-33.92349]]]}},{"type":"Feature","properties":{"id":"199029011","name":"Freedom Park Airport","commuteMinutes":8.53,"nearestJobCenter":"Bellville","distanceKm":null,"nearestTransitKm":0.9956775846093252,"spatialBurdenScore":0.09669377005103966},"geometry":{"type":"Polygon","coordinates":[[[18.60509,-33.95015],[18.60459,-33.95214],[18.60359,-33.95196],[18.59979,-33.95342],[18.59865,-33.9522],[18.59803,-33.95088],[18.59626,-33.95162],[18.59543,-33.95146],[18.5938,-33.95182],[18.5934,-33.95141],[18.59636,-33.94918],[18.59817,-33.94799],[18.60509,-33.95015]]]}},{"type":"Feature","properties":{"id":"199029012","name":"Matroosfontein SP","commuteMinutes":11.43,"nearestJobCenter":"Bellville","distanceKm":null,"nearestTransitKm":2.238419646096151,"spatialBurdenScore":0.16573678584384605},"geometry":{"type":"MultiPolygon","coordinates":[[[[18.6303,-33.97499],[18.62837,-33.9719],[18.62649,-33.96871],[18.62592,-33.96763],[18.62556,-33.96653],[18.62534,-33.96466],[18.62568,-33.96194],[18.62592,-33.95919],[18.62647,-33.95429],[18.6265,-33.95229],[18.62998,-33.95257],[18.63252,-33.95277],[18.63246,-33.95335],[18.63339,-33.95341],[18.63407,-33.96025],[18.63395,-33.96033],[18.63436,-33.96416],[18.63317,-33.96428],[18.63136,-33.97197],[18.63352,-33.97577],[18.63256,-33.97614],[18.63136,-33.97419],[18.63071,-33.97446],[18.6303,-33.97499]]],[[[18.57791,-33.93693],[18.57801,-33.93735],[18.57795,-33.94291],[18.57315,-33.94287],[18.57156,-33.94295],[18.56782,-33.94328],[18.5664,-33.94319],[18.56647,-33.93691],[18.57274,-33.93698],[18.57723,-33.93701],[18.57791,-33.93693]]]]}},{"type":"Feature","properties":{"id":"199030001","name":"Belhar 23","commuteMinutes":7.26,"nearestJobCenter":"Bellville","distanceKm":null,"nearestTransitKm":0.4451264428432004,"spatialBurdenScore":0.06620505771372802},"geometry":{"type":"Polygon","coordinates":[[[18.63935,-33.94256],[18.6389,-33.94252],[18.63924,-33.94149],[18.6376,-33.94067],[18.63615,-33.94009],[18.63766,-33.93758],[18.63779,-33.93695],[18.63767,-33.93589],[18.6475,-33.93462],[18.64777,-33.93581],[18.64786,-33.93866],[18.64785,-33.94102],[18.64746,-33.94159],[18.64068,-33.94255],[18.63935,-33.94256]]]}},{"type":"Feature","properties":{"id":"199030002","name":"Belhar 8","commuteMinutes":5.93,"nearestJobCenter":"Bellville","distanceKm":null,"nearestTransitKm":0.3806971848701154,"spatialBurdenScore":0.054761220728137945},"geometry":{"type":"Polygon","coordinates":[[[18.6389,-33.94252],[18.63525,-33.94219],[18.63261,-33.94194],[18.63173,-33.94194],[18.62641,-33.9426],[18.62652,-33.94225],[18.62565,-33.9374],[18.63324,-33.93643],[18.63767,-33.93589],[18.63779,-33.93695],[18.63766,-33.93758],[18.63615,-33.94009],[18.6376,-33.94067],[18.63924,-33.94149],[18.6389,-33.94252]]]}},{"type":"Feature","properties":{"id":"199030003","name":"Belhar 17","commuteMinutes":7.37,"nearestJobCenter":"Bellville","distanceKm":null,"nearestTransitKm":0.3516993144967295,"spatialBurdenScore":0.0632013059132025},"geometry":{"type":"Polygon","coordinates":[[[18.62641,-33.9426],[18.62398,-33.94292],[18.62313,-33.94315],[18.6226,-33.94197],[18.622,-33.9403],[18.62118,-33.94039],[18.62074,-33.93804],[18.62565,-33.9374],[18.62652,-33.94225],[18.62641,-33.9426]]]}},{"type":"Feature","properties":{"id":"199030004","name":"Erica Township","commuteMinutes":7.59,"nearestJobCenter":"Bellville","distanceKm":null,"nearestTransitKm":0.28670023973671865,"spatialBurdenScore":0.062068009589468745},"geometry":{"type":"Polygon","coordinates":[[[18.62074,-33.93804],[18.62118,-33.94039],[18.622,-33.9403],[18.6226,-33.94197],[18.62103,-33.94238],[18.61817,-33.94292],[18.61381,-33.94338],[18.61212,-33.94342],[18.61122,-33.94332],[18.61035,-33.94298],[18.60924,-33.9429],[18.60928,-33.94182],[18.60894,-33.94133],[18.61052,-33.93993],[18.61158,-33.93918],[18.62074,-33.93804]]]}},{"type":"Feature","properties":{"id":"199030005","name":"Belhar 1","commuteMinutes":7.17,"nearestJobCenter":"Bellville","distanceKm":null,"nearestTransitKm":0.5934132951599301,"spatialBurdenScore":0.0715365318063972},"geometry":{"type":"Polygon","coordinates":[[[18.6226,-33.94197],[18.62313,-33.94315],[18.62122,-33.94349],[18.61871,-33.94419],[18.61343,-33.94528],[18.61228,-33.94619],[18.61112,-33.94584],[18.60907,-33.94623],[18.60898,-33.94838],[18.60668,-33.94824],[18.6058,-33.9479],[18.60468,-33.94694],[18.60435,-33.94607],[18.60425,-33.94496],[18.60424,-33.94489],[18.60561,-33.94427],[18.60712,-33.94314],[18.60894,-33.94133],[18.60928,-33.94182],[18.60924,-33.9429],[18.61035,-33.94298],[18.61122,-33.94332],[18.61212,-33.94342],[18.61381,-33.94338],[18.61817,-33.94292],[18.62103,-33.94238],[18.6226,-33.94197]]]}},{"type":"Feature","properties":{"id":"199030006","name":"Belhar 4","commuteMinutes":8.32,"nearestJobCenter":"Bellville","distanceKm":null,"nearestTransitKm":0.8482758016074291,"spatialBurdenScore":0.08939769873096384},"geometry":{"type":"Polygon","coordinates":[[[18.61563,-33.94866],[18.61187,-33.94851],[18.61208,-33.94672],[18.61228,-33.94619],[18.61343,-33.94528],[18.61871,-33.94419],[18.62122,-33.94349],[18.62313,-33.94315],[18.62437,-33.94631],[18.62451,-33.94823],[18.62436,-33.94837],[18.61915,-33.94878],[18.61563,-33.94866]]]}},{"type":"Feature","properties":{"id":"199030007","name":"Belhar 2","commuteMinutes":7.48,"nearestJobCenter":"Bellville","distanceKm":null,"nearestTransitKm":0.8377149630087333,"spatialBurdenScore":0.083375265187016},"geometry":{"type":"Polygon","coordinates":[[[18.61228,-33.94619],[18.61208,-33.94672],[18.61187,-33.94851],[18.61563,-33.94866],[18.61549,-33.95143],[18.60861,-33.95088],[18.60682,-33.9506],[18.60509,-33.95015],[18.59817,-33.94799],[18.59936,-33.9471],[18.60106,-33.94618],[18.60425,-33.94496],[18.60435,-33.94607],[18.60468,-33.94694],[18.6058,-33.9479],[18.60668,-33.94824],[18.60898,-33.94838],[18.60907,-33.94623],[18.61112,-33.94584],[18.61228,-33.94619]]]}},{"type":"Feature","properties":{"id":"199030008","name":"Belhar 3","commuteMinutes":8.24,"nearestJobCenter":"Bellville","distanceKm":null,"nearestTransitKm":1.2381746932905404,"spatialBurdenScore":0.10446032106495495},"geometry":{"type":"Polygon","coordinates":[[[18.62748,-33.94923],[18.62693,-33.94992],[18.62658,-33.95089],[18.6265,-33.95229],[18.61549,-33.95143],[18.61563,-33.94866],[18.61915,-33.94878],[18.62436,-33.94837],[18.62451,-33.94823],[18.62437,-33.94631],[18.62313,-33.94315],[18.62398,-33.94292],[18.62641,-33.9426],[18.62639,-33.9452],[18.62652,-33.94731],[18.62604,-33.94843],[18.6266,-33.94917],[18.62748,-33.94923]]]}},{"type":"Feature","properties":{"id":"199030009","name":"Belhar 6","commuteMinutes":6.61,"nearestJobCenter":"Bellville","distanceKm":null,"nearestTransitKm":0.9434771630911807,"spatialBurdenScore":0.0818057531903139},"geometry":{"type":"Polygon","coordinates":[[[18.62748,-33.94923],[18.6266,-33.94917],[18.62604,-33.94843],[18.62652,-33.94731],[18.62639,-33.9452],[18.62641,-33.9426],[18.63173,-33.94194],[18.63261,-33.94194],[18.63525,-33.94219],[18.63484,-33.94331],[18.63432,-33.94424],[18.63369,-33.94492],[18.62779,-33.94895],[18.62748,-33.94923]]]}},{"type":"Feature","properties":{"id":"199051065","name":"Olive Grove","commuteMinutes":28.58,"nearestJobCenter":"Cape Town International Airport","distanceKm":null,"nearestTransitKm":0.8705191854662877,"spatialBurdenScore":0.2253541007519848},"geometry":{"type":"Polygon","coordinates":[[[18.86904,-34.09398],[18.86392,-34.09634],[18.86139,-34.09437],[18.86235,-34.09358],[18.86439,-34.09292],[18.86525,-34.09208],[18.86904,-34.09398]]]}},{"type":"Feature","properties":{"id":"199051066","name":"Longdown Estate","commuteMinutes":26.77,"nearestJobCenter":"Cape Town International Airport","distanceKm":null,"nearestTransitKm":0.329492095605566,"spatialBurdenScore":0.1916463504908893},"geometry":{"type":"Polygon","coordinates":[[[18.86139,-34.09437],[18.86093,-34.09476],[18.85958,-34.09458],[18.85719,-34.09472],[18.85663,-34.09475],[18.85672,-34.09442],[18.85609,-34.09387],[18.85505,-34.09352],[18.85452,-34.09307],[18.85372,-34.09377],[18.85255,-34.09335],[18.85205,-34.0928],[18.85161,-34.09306],[18.85039,-34.09141],[18.85356,-34.09028],[18.85471,-34.0905],[18.855,-34.08998],[18.85443,-34.08911],[18.8565,-34.08869],[18.85762,-34.09139],[18.86139,-34.09437]]]}},{"type":"Feature","properties":{"id":"199051067","name":"Canwick","commuteMinutes":27.26,"nearestJobCenter":"Cape Town International Airport","distanceKm":null,"nearestTransitKm":0.08792756209892881,"spatialBurdenScore":0.1852504358172905},"geometry":{"type":"Polygon","coordinates":[[[18.85663,-34.09475],[18.8547,-34.09484],[18.85431,-34.09486],[18.85256,-34.09496],[18.85128,-34.09481],[18.84977,-34.09428],[18.84987,-34.09409],[18.85161,-34.09306],[18.85205,-34.0928],[18.85255,-34.09335],[18.85372,-34.09377],[18.85452,-34.09307],[18.85505,-34.09352],[18.85609,-34.09387],[18.85672,-34.09442],[18.85663,-34.09475]]]}},{"type":"Feature","properties":{"id":"199051068","name":"Heritage Park","commuteMinutes":27.66,"nearestJobCenter":"Cape Town International Airport","distanceKm":null,"nearestTransitKm":0.8719948183892038,"spatialBurdenScore":0.21927979273556816},"geometry":{"type":"Polygon","coordinates":[[[18.86725,-34.10072],[18.86988,-34.10612],[18.8705,-34.10708],[18.87142,-34.10813],[18.87095,-34.10851],[18.86944,-34.1102],[18.87019,-34.11056],[18.87146,-34.11168],[18.86958,-34.11341],[18.86951,-34.11337],[18.86085,-34.10815],[18.85754,-34.10607],[18.85453,-34.10344],[18.85659,-34.10146],[18.85391,-34.09895],[18.8559,-34.09818],[18.85645,-34.0976],[18.85668,-34.09688],[18.85642,-34.09573],[18.85579,-34.09506],[18.8547,-34.09484],[18.85663,-34.09475],[18.85719,-34.09472],[18.85835,-34.09543],[18.85868,-34.0963],[18.85774,-34.09658],[18.85851,-34.09848],[18.86,-34.09954],[18.85903,-34.10045],[18.86074,-34.10169],[18.8626,-34.09995],[18.86483,-34.10151],[18.86725,-34.10072]]]}},{"type":"Feature","properties":{"id":"199051069","name":"The Vines","commuteMinutes":29.12,"nearestJobCenter":"Cape Town International Airport","distanceKm":null,"nearestTransitKm":0.251193404667078,"spatialBurdenScore":0.20418106952001644},"geometry":{"type":"Polygon","coordinates":[[[18.86093,-34.09476],[18.85917,-34.09623],[18.85868,-34.0963],[18.85835,-34.09543],[18.85719,-34.09472],[18.85958,-34.09458],[18.86093,-34.09476]]]}},{"type":"Feature","properties":{"id":"199051070","name":"Heritage Mews","commuteMinutes":29.58,"nearestJobCenter":"Cape Town International Airport","distanceKm":null,"nearestTransitKm":0.5374341987772886,"spatialBurdenScore":0.21869736795109154},"geometry":{"type":"Polygon","coordinates":[[[18.86392,-34.09634],[18.86831,-34.09979],[18.86846,-34.0999],[18.86725,-34.10072],[18.86483,-34.10151],[18.8626,-34.09995],[18.86074,-34.10169],[18.85903,-34.10045],[18.86,-34.09954],[18.85851,-34.09848],[18.85774,-34.09658],[18.85868,-34.0963],[18.85917,-34.09623],[18.86093,-34.09476],[18.86139,-34.09437],[18.86392,-34.09634]]]}},{"type":"Feature","properties":{"id":"199051071","name":"Helderberg","commuteMinutes":29.88,"nearestJobCenter":"Cape Town International Airport","distanceKm":null,"nearestTransitKm":1.675409644518515,"spatialBurdenScore":0.2662163857807406},"geometry":{"type":"Polygon","coordinates":[[[18.87366,-34.10994],[18.87219,-34.1089],[18.87142,-34.10813],[18.8705,-34.10708],[18.86988,-34.10612],[18.86725,-34.10072],[18.86846,-34.0999],[18.86831,-34.09979],[18.87428,-34.09668],[18.87633,-34.09886],[18.88138,-34.10192],[18.87366,-34.10994]]]}},{"type":"Feature","properties":{"id":"199051072","name":"Chrisnissen Village","commuteMinutes":28.87,"nearestJobCenter":"Cape Town International Airport","distanceKm":null,"nearestTransitKm":1.9025881215529488,"spatialBurdenScore":0.2685701915287846},"geometry":{"type":"Polygon","coordinates":[[[18.87366,-34.10994],[18.87295,-34.11055],[18.87207,-34.11103],[18.87146,-34.11168],[18.87019,-34.11056],[18.86944,-34.1102],[18.87095,-34.10851],[18.87142,-34.10813],[18.87219,-34.1089],[18.87366,-34.10994]]]}},{"type":"Feature","properties":{"id":"199051073","name":"Somerset West Business Park","commuteMinutes":27.96,"nearestJobCenter":"Cape Town International Airport","distanceKm":null,"nearestTransitKm":0.1949497974631319,"spatialBurdenScore":0.1941979918985253},"geometry":{"type":"Polygon","coordinates":[[[18.85453,-34.10344],[18.8512,-34.10027],[18.85264,-34.09941],[18.85391,-34.09895],[18.85659,-34.10146],[18.85453,-34.10344]]]}},{"type":"Feature","properties":{"id":"199051074","name":"Sir Lowry's Pass","commuteMinutes":33.41,"nearestJobCenter":"Cape Town International Airport","distanceKm":null,"nearestTransitKm":5.726231847231777,"spatialBurdenScore":0.4517826072226044},"geometry":{"type":"Polygon","coordinates":[[[18.91904,-34.12899],[18.91856,-34.12787],[18.91555,-34.12652],[18.91217,-34.12414],[18.91125,-34.12341],[18.91022,-34.12413],[18.9092,-34.12427],[18.90766,-34.12372],[18.90641,-34.12349],[18.90545,-34.12429],[18.9054,-34.12517],[18.90089,-34.1251],[18.90013,-34.12503],[18.90027,-34.12412],[18.90089,-34.12317],[18.90035,-34.12136],[18.89999,-34.11867],[18.90095,-34.11859],[18.90183,-34.11787],[18.90189,-34.11634],[18.90301,-34.11637],[18.90532,-34.11612],[18.90678,-34.11608],[18.90814,-34.1163],[18.90747,-34.1144],[18.90933,-34.11414],[18.91462,-34.11844],[18.91431,-34.11857],[18.91667,-34.11977],[18.9199,-34.12024],[18.92137,-34.11995],[18.92256,-34.12015],[18.92363,-34.12094],[18.92545,-34.12303],[18.92355,-34.12521],[18.92319,-34.12582],[18.92276,-34.12831],[18.92253,-34.12878],[18.92159,-34.12933],[18.92071,-34.12936],[18.91904,-34.12899]]]}},{"type":"Feature","properties":{"id":"199051075","name":"Firlands SH","commuteMinutes":34.95,"nearestJobCenter":"Cape Town International Airport","distanceKm":null,"nearestTransitKm":5.4901446628332815,"spatialBurdenScore":0.4526057865133313},"geometry":{"type":"Polygon","coordinates":[[[18.9055,-34.12955],[18.90572,-34.13022],[18.91251,-34.13572],[18.91833,-34.1402],[18.92237,-34.14306],[18.92153,-34.14378],[18.91929,-34.14507],[18.91402,-34.14729],[18.90988,-34.14785],[18.90155,-34.15299],[18.89915,-34.15109],[18.90413,-34.14781],[18.90311,-34.14663],[18.90384,-34.14514],[18.90386,-34.1443],[18.90318,-34.14376],[18.90142,-34.14154],[18.89766,-34.14616],[18.89157,-34.15014],[18.8907,-34.14604],[18.88956,-34.14266],[18.88386,-34.13309],[18.88018,-34.12699],[18.87665,-34.1238],[18.87932,-34.12306],[18.8842,-34.12215],[18.88586,-34.12288],[18.89371,-34.12559],[18.9055,-34.12955]]]}},{"type":"Feature","properties":{"id":"199064001","name":"Misty Cliffs","commuteMinutes":37.23,"nearestJobCenter":"Claremont","distanceKm":null,"nearestTransitKm":5.76383211114229,"spatialBurdenScore":0.47875328444569154},"geometry":{"type":"Polygon","coordinates":[[[18.36352,-34.18325],[18.36527,-34.18414],[18.36659,-34.18538],[18.36495,-34.18641],[18.36402,-34.18656],[18.36312,-34.18564],[18.36276,-34.18486],[18.36128,-34.18349],[18.35956,-34.18279],[18.3602,-34.18214],[18.36081,-34.18248],[18.3613,-34.18214],[18.36229,-34.18284],[18.36352,-34.18325]]]}},{"type":"Feature","properties":{"id":"199064002","name":"Scarborough SP","commuteMinutes":40.97,"nearestJobCenter":"Claremont","distanceKm":null,"nearestTransitKm":4.345000516311866,"spatialBurdenScore":0.4469333539858079},"geometry":{"type":"Polygon","coordinates":[[[18.37145,-34.20157],[18.37177,-34.19967],[18.3709,-34.19907],[18.37039,-34.19765],[18.3697,-34.19665],[18.37002,-34.19585],[18.3689,-34.1951],[18.36875,-34.19459],[18.36889,-34.19364],[18.36815,-34.19299],[18.36735,-34.19199],[18.36696,-34.19099],[18.36647,-34.19047],[18.36634,-34.18981],[18.36549,-34.18842],[18.36434,-34.18713],[18.36402,-34.18656],[18.36495,-34.18641],[18.36659,-34.18538],[18.36527,-34.18414],[18.36352,-34.18325],[18.36749,-34.18435],[18.37426,-34.18616],[18.38022,-34.18814],[18.38333,-34.19035],[18.39632,-34.19944],[18.4007,-34.20501],[18.40134,-34.2062],[18.40059,-34.20627],[18.39922,-34.20526],[18.39854,-34.20499],[18.39613,-34.20528],[18.39462,-34.20508],[18.39344,-34.20463],[18.39222,-34.20467],[18.39148,-34.2045],[18.39002,-34.20381],[18.38896,-34.2037],[18.38699,-34.20324],[18.38494,-34.20245],[18.3827,-34.20173],[18.3822,-34.20187],[18.37929,-34.20331],[18.37235,-34.20168],[18.37145,-34.20157]]]}},{"type":"Feature","properties":{"id":"199065001","name":"Castle Rock SP","commuteMinutes":39.28,"nearestJobCenter":"Claremont","distanceKm":null,"nearestTransitKm":6.9957323578798025,"spatialBurdenScore":0.5416959609818588},"geometry":{"type":"Polygon","coordinates":[[[18.47563,-34.24708],[18.4752,-34.24704],[18.47438,-34.24792],[18.47395,-34.24708],[18.4738,-34.24557],[18.47339,-34.2447],[18.47281,-34.24448],[18.47324,-34.24302],[18.47322,-34.23984],[18.47373,-34.23876],[18.47332,-34.23731],[18.47278,-34.23714],[18.47209,-34.23619],[18.47458,-34.23527],[18.47389,-34.23406],[18.47321,-34.23215],[18.47225,-34.23106],[18.4709,-34.23042],[18.47016,-34.22965],[18.46999,-34.22918],[18.46927,-34.22877],[18.46973,-34.22794],[18.46941,-34.22736],[18.47006,-34.22718],[18.47142,-34.22858],[18.47191,-34.22977],[18.47239,-34.23023],[18.47324,-34.2303],[18.47427,-34.23005],[18.47507,-34.23015],[18.47599,-34.23085],[18.47557,-34.23115],[18.47635,-34.23223],[18.47712,-34.2324],[18.47732,-34.23131],[18.47777,-34.23183],[18.47759,-34.23288],[18.4767,-34.23351],[18.4763,-34.23298],[18.47497,-34.23301],[18.47457,-34.234],[18.47524,-34.2352],[18.47482,-34.23591],[18.4754,-34.23666],[18.47552,-34.23814],[18.47672,-34.23906],[18.47769,-34.23896],[18.47807,-34.23964],[18.47619,-34.23988],[18.47609,-34.24068],[18.4754,-34.24076],[18.4748,-34.24181],[18.47475,-34.24276],[18.47512,-34.24399],[18.4748,-34.24514],[18.47504,-34.24571],[18.47579,-34.24662],[18.47563,-34.24708]]]}},{"type":"Feature","properties":{"id":"199066001","name":"Smitswinkelbaai SP","commuteMinutes":42.98,"nearestJobCenter":"Claremont","distanceKm":null,"nearestTransitKm":9.353986626551674,"spatialBurdenScore":0.6606927983954003},"geometry":{"type":"Polygon","coordinates":[[[18.46708,-34.26669],[18.4645,-34.26564],[18.46485,-34.26454],[18.46563,-34.26307],[18.46631,-34.26303],[18.46708,-34.26333],[18.4676,-34.26304],[18.46832,-34.26315],[18.46776,-34.26448],[18.46733,-34.26451],[18.46658,-34.26578],[18.46708,-34.26669]]]}},{"type":"Feature","properties":{"id":"199022014","name":"De Kuilen","commuteMinutes":7.59,"nearestJobCenter":"Bellville","distanceKm":null,"nearestTransitKm":0.2781724587019232,"spatialBurdenScore":0.06172689834807693},"geometry":{"type":"Polygon","coordinates":[[[18.67872,-33.92555],[18.68168,-33.93003],[18.68289,-33.93193],[18.67834,-33.93386],[18.67791,-33.93329],[18.6775,-33.93351],[18.6762,-33.93183],[18.6761,-33.9317],[18.67359,-33.92846],[18.67275,-33.92737],[18.67445,-33.92712],[18.67587,-33.92713],[18.67578,-33.92564],[18.67584,-33.92396],[18.67694,-33.92279],[18.67872,-33.92555]]]}},{"type":"Feature","properties":{"id":"199022015","name":"Bosonia","commuteMinutes":7.81,"nearestJobCenter":"Bellville","distanceKm":null,"nearestTransitKm":0.7851158094669461,"spatialBurdenScore":0.0834712990453445},"geometry":{"type":"Polygon","coordinates":[[[18.68563,-33.92764],[18.68247,-33.92963],[18.68168,-33.93003],[18.67872,-33.92555],[18.68161,-33.92461],[18.6823,-33.9249],[18.68591,-33.92747],[18.68563,-33.92764]]]}},{"type":"Feature","properties":{"id":"199022016","name":"Klipdam","commuteMinutes":8.54,"nearestJobCenter":"Bellville","distanceKm":null,"nearestTransitKm":0.8110389946306853,"spatialBurdenScore":0.08937489311856074},"geometry":{"type":"Polygon","coordinates":[[[18.69005,-33.93266],[18.68943,-33.93287],[18.68665,-33.93338],[18.68617,-33.93334],[18.6863,-33.93391],[18.68471,-33.93375],[18.68417,-33.93393],[18.68289,-33.93193],[18.68168,-33.93003],[18.68247,-33.92963],[18.68563,-33.92764],[18.68643,-33.92898],[18.68732,-33.92989],[18.68867,-33.93051],[18.68802,-33.9321],[18.69005,-33.93266]]]}},{"type":"Feature","properties":{"id":"199022017","name":"Mikro Park","commuteMinutes":9.76,"nearestJobCenter":"Bellville","distanceKm":null,"nearestTransitKm":1.359524229997916,"spatialBurdenScore":0.1194476358665833},"geometry":{"type":"Polygon","coordinates":[[[18.6945,-33.93391],[18.69259,-33.93338],[18.69005,-33.93266],[18.68802,-33.9321],[18.68867,-33.93051],[18.68732,-33.92989],[18.68774,-33.92987],[18.68871,-33.92921],[18.68899,-33.92947],[18.68965,-33.93007],[18.69165,-33.93137],[18.69313,-33.93138],[18.69313,-33.93061],[18.69506,-33.92955],[18.69479,-33.92906],[18.69693,-33.92868],[18.69744,-33.93016],[18.69744,-33.93094],[18.69687,-33.93269],[18.69491,-33.93223],[18.6945,-33.93391]]]}},{"type":"Feature","properties":{"id":"199022018","name":"Amandelsig","commuteMinutes":9.58,"nearestJobCenter":"Bellville","distanceKm":null,"nearestTransitKm":1.4534056936299438,"spatialBurdenScore":0.1220028944118644},"geometry":{"type":"Polygon","coordinates":[[[18.69589,-33.92632],[18.69705,-33.92863],[18.69693,-33.92868],[18.69479,-33.92906],[18.69506,-33.92955],[18.69313,-33.93061],[18.69313,-33.93138],[18.69165,-33.93137],[18.68965,-33.93007],[18.68899,-33.92947],[18.68964,-33.92889],[18.68992,-33.92927],[18.69294,-33.92786],[18.6929,-33.9278],[18.69561,-33.92648],[18.69575,-33.92629],[18.69589,-33.92632]]]}},{"type":"Feature","properties":{"id":"199022019","name":"Loucharmante","commuteMinutes":11.57,"nearestJobCenter":"Bellville","distanceKm":null,"nearestTransitKm":1.81593458298982,"spatialBurdenScore":0.14977071665292613},"geometry":{"type":"Polygon","coordinates":[[[18.69905,-33.92697],[18.70066,-33.92735],[18.70261,-33.93403],[18.70364,-33.93337],[18.70441,-33.93365],[18.70536,-33.93572],[18.70181,-33.93576],[18.70025,-33.93553],[18.69892,-33.93515],[18.6945,-33.93391],[18.69491,-33.93223],[18.69687,-33.93269],[18.69744,-33.93094],[18.69744,-33.93016],[18.69693,-33.92868],[18.69705,-33.92863],[18.69589,-33.92632],[18.69622,-33.92629],[18.69905,-33.92697]]]}},{"type":"Feature","properties":{"id":"199022020","name":"Hazendal","commuteMinutes":10.85,"nearestJobCenter":"Bellville","distanceKm":null,"nearestTransitKm":2.398751685895431,"spatialBurdenScore":0.16828340076915058},"geometry":{"type":"Polygon","coordinates":[[[18.70066,-33.92735],[18.69905,-33.92697],[18.69887,-33.92332],[18.69874,-33.91915],[18.69968,-33.91975],[18.70764,-33.92454],[18.70705,-33.92884],[18.70066,-33.92735]]]}},{"type":"Feature","properties":{"id":"199022021","name":"Kuils River Estate","commuteMinutes":14.2,"nearestJobCenter":"Bellville","distanceKm":null,"nearestTransitKm":2.83584016171132,"spatialBurdenScore":0.20810027313511947},"geometry":{"type":"Polygon","coordinates":[[[18.71319,-33.92641],[18.71352,-33.93003],[18.71401,-33.93086],[18.70858,-33.93266],[18.70821,-33.93254],[18.70836,-33.92753],[18.70855,-33.92604],[18.71319,-33.92641]]]}},{"type":"Feature","properties":{"id":"199022022","name":"Zevenwacht","commuteMinutes":13.09,"nearestJobCenter":"Bellville","distanceKm":null,"nearestTransitKm":2.631190583283979,"spatialBurdenScore":0.19251428999802583},"geometry":{"type":"Polygon","coordinates":[[[18.71357,-33.93595],[18.71219,-33.93615],[18.70993,-33.93562],[18.70911,-33.93563],[18.70895,-33.93563],[18.70858,-33.93266],[18.71401,-33.93086],[18.71361,-33.93277],[18.71371,-33.935],[18.71357,-33.93595]]]}},{"type":"Feature","properties":{"id":"199022023","name":"Zevendal","commuteMinutes":13.03,"nearestJobCenter":"Bellville","distanceKm":null,"nearestTransitKm":2.5190292723379883,"spatialBurdenScore":0.1876278375601862},"geometry":{"type":"Polygon","coordinates":[[[18.71357,-33.93595],[18.7141,-33.93637],[18.71447,-33.93629],[18.71727,-33.94038],[18.71308,-33.94073],[18.71244,-33.94018],[18.71198,-33.93979],[18.70954,-33.93645],[18.70911,-33.93563],[18.70993,-33.93562],[18.71219,-33.93615],[18.71357,-33.93595]]]}},{"type":"Feature","properties":{"id":"199022024","name":"Zevenzicht","commuteMinutes":12.79,"nearestJobCenter":"Bellville","distanceKm":null,"nearestTransitKm":2.254632102545846,"spatialBurdenScore":0.1754519507685005},"geometry":{"type":"Polygon","coordinates":[[[18.71244,-33.94018],[18.70808,-33.94081],[18.70819,-33.93564],[18.70895,-33.93563],[18.70911,-33.93563],[18.70954,-33.93645],[18.71198,-33.93979],[18.71244,-33.94018]]]}},{"type":"Feature","properties":{"id":"199022025","name":"Eikenbosch","commuteMinutes":11.47,"nearestJobCenter":"Bellville","distanceKm":null,"nearestTransitKm":1.6171298963571041,"spatialBurdenScore":0.14115186252095083},"geometry":{"type":"Polygon","coordinates":[[[18.70536,-33.93572],[18.70819,-33.93564],[18.70808,-33.94081],[18.70619,-33.94142],[18.70131,-33.93834],[18.6982,-33.93695],[18.69678,-33.93634],[18.69892,-33.93515],[18.70025,-33.93553],[18.70181,-33.93576],[18.70536,-33.93572]]]}},{"type":"Feature","properties":{"id":"199022026","name":"St Dumas","commuteMinutes":9.73,"nearestJobCenter":"Bellville","distanceKm":null,"nearestTransitKm":0.9650101300445917,"spatialBurdenScore":0.10346707186845033},"geometry":{"type":"Polygon","coordinates":[[[18.69079,-33.94421],[18.69065,-33.94398],[18.68689,-33.93809],[18.68752,-33.93779],[18.68937,-33.93791],[18.69222,-33.93862],[18.69235,-33.93548],[18.69232,-33.93447],[18.69259,-33.93338],[18.6945,-33.93391],[18.69892,-33.93515],[18.69678,-33.93634],[18.6982,-33.93695],[18.69784,-33.9394],[18.69698,-33.94107],[18.69632,-33.94182],[18.69502,-33.94275],[18.69356,-33.94335],[18.69187,-33.94373],[18.69079,-33.94421]]]}},{"type":"Feature","properties":{"id":"199022027","name":"Silver Oaks","commuteMinutes":9.04,"nearestJobCenter":"Bellville","distanceKm":null,"nearestTransitKm":0.8210505602216721,"spatialBurdenScore":0.09310868907553355},"geometry":{"type":"Polygon","coordinates":[[[18.69005,-33.93266],[18.69259,-33.93338],[18.69232,-33.93447],[18.69235,-33.93548],[18.69222,-33.93862],[18.68937,-33.93791],[18.68752,-33.93779],[18.68689,-33.93809],[18.68417,-33.93393],[18.68471,-33.93375],[18.6863,-33.93391],[18.68617,-33.93334],[18.68665,-33.93338],[18.68943,-33.93287],[18.69005,-33.93266]]]}},{"type":"Feature","properties":{"id":"199022028","name":"Jagtershof","commuteMinutes":12.5,"nearestJobCenter":"Bellville","distanceKm":null,"nearestTransitKm":1.0777976686736845,"spatialBurdenScore":0.1264452400802807},"geometry":{"type":"Polygon","coordinates":[[[18.70269,-33.9493],[18.70149,-33.94935],[18.69998,-33.94961],[18.698,-33.95029],[18.69558,-33.9516],[18.69247,-33.94686],[18.69079,-33.94421],[18.69187,-33.94373],[18.69356,-33.94335],[18.69502,-33.94275],[18.69632,-33.94182],[18.69698,-33.94107],[18.69784,-33.9394],[18.6982,-33.93695],[18.70131,-33.93834],[18.70619,-33.94142],[18.70498,-33.94241],[18.70531,-33.94645],[18.70115,-33.94868],[18.70267,-33.94908],[18.70269,-33.9493]]]}},{"type":"Feature","properties":{"id":"199022029","name":"Kuils River SH","commuteMinutes":12.97,"nearestJobCenter":"Bellville","distanceKm":null,"nearestTransitKm":2.0676470464139336,"spatialBurdenScore":0.169172548523224},"geometry":{"type":"Polygon","coordinates":[[[18.73773,-33.9893],[18.72489,-33.99437],[18.72471,-33.99447],[18.72465,-33.99438],[18.72508,-33.99269],[18.72507,-33.99172],[18.72465,-33.99068],[18.72378,-33.9897],[18.7229,-33.989],[18.7205,-33.98711],[18.71937,-33.98604],[18.71811,-33.98462],[18.71591,-33.98165],[18.71204,-33.9764],[18.71071,-33.97433],[18.70745,-33.96934],[18.70354,-33.96334],[18.70215,-33.96121],[18.70279,-33.96099],[18.70247,-33.96049],[18.70607,-33.95974],[18.70674,-33.95969],[18.70677,-33.95552],[18.70517,-33.95564],[18.7045,-33.9548],[18.70577,-33.95413],[18.70633,-33.95272],[18.70668,-33.95259],[18.70553,-33.95094],[18.70373,-33.95044],[18.70391,-33.94936],[18.70269,-33.9493],[18.70267,-33.94908],[18.70115,-33.94868],[18.70531,-33.94645],[18.70498,-33.94241],[18.70619,-33.94142],[18.70808,-33.94081],[18.71244,-33.94018],[18.71308,-33.94073],[18.71727,-33.94038],[18.71447,-33.93629],[18.7141,-33.93637],[18.71357,-33.93595],[18.71371,-33.935],[18.71361,-33.93277],[18.71401,-33.93086],[18.71352,-33.93003],[18.71319,-33.92641],[18.71305,-33.9253],[18.71313,-33.92365],[18.71296,-33.92179],[18.71987,-33.92374],[18.72137,-33.92442],[18.72478,-33.92582],[18.72737,-33.92471],[18.73327,-33.92965],[18.73958,-33.93275],[18.74396,-33.93221],[18.74354,-33.93427],[18.74234,-33.9365],[18.73981,-33.93596],[18.74018,-33.93735],[18.73984,-33.9384],[18.73692,-33.94055],[18.73751,-33.94209],[18.73785,-33.94221],[18.73081,-33.96277],[18.73179,-33.96453],[18.73276,-33.96458],[18.7335,-33.96592],[18.72917,-33.96748],[18.72988,-33.96903],[18.73328,-33.9738],[18.73707,-33.97905],[18.74066,-33.98414],[18.74542,-33.98736],[18.73773,-33.9893]]]}},{"type":"Feature","properties":{"id":"199023001","name":"Kuils River","commuteMinutes":8.58,"nearestJobCenter":"Bellville","distanceKm":null,"nearestTransitKm":0.115430986894644,"spatialBurdenScore":0.06181723947578576},"geometry":{"type":"Polygon","coordinates":[[[18.6761,-33.9317],[18.67477,-33.93225],[18.67444,-33.93202],[18.67197,-33.93133],[18.67149,-33.92888],[18.67359,-33.92846],[18.6761,-33.9317]]]}},{"type":"Feature","properties":{"id":"199024001","name":"N1 City","commuteMinutes":9.49,"nearestJobCenter":"Century City","distanceKm":null,"nearestTransitKm":0.2821468355788587,"spatialBurdenScore":0.07455254008982101},"geometry":{"type":"Polygon","coordinates":[[[18.5547,-33.8958],[18.55356,-33.89118],[18.55338,-33.89043],[18.55581,-33.88998],[18.56429,-33.88855],[18.56462,-33.88938],[18.56645,-33.89381],[18.56108,-33.89473],[18.5547,-33.8958]]]}},{"type":"Feature","properties":{"id":"199024002","name":"Acacia Park","commuteMinutes":10.78,"nearestJobCenter":"Montague Gardens","distanceKm":null,"nearestTransitKm":0.24515091730741653,"spatialBurdenScore":0.08167270335896332},"geometry":{"type":"Polygon","coordinates":[[[18.55338,-33.89043],[18.55356,-33.89118],[18.54683,-33.89182],[18.54478,-33.89206],[18.53737,-33.89327],[18.53317,-33.89396],[18.53316,-33.89582],[18.53331,-33.89723],[18.53338,-33.89933],[18.52933,-33.90028],[18.52925,-33.90116],[18.52676,-33.90254],[18.52363,-33.90121],[18.52232,-33.90145],[18.52208,-33.90138],[18.51221,-33.90321],[18.50794,-33.90399],[18.50582,-33.90429],[18.50987,-33.90057],[18.52142,-33.88991],[18.5233,-33.88817],[18.52509,-33.88688],[18.52729,-33.88587],[18.5294,-33.88534],[18.53118,-33.88518],[18.53307,-33.88525],[18.53497,-33.88559],[18.53606,-33.88592],[18.53804,-33.8869],[18.54084,-33.88835],[18.54453,-33.89016],[18.54641,-33.8907],[18.54855,-33.89102],[18.55018,-33.89096],[18.55338,-33.89043]]]}},{"type":"Feature","properties":{"id":"199024003","name":"Tygerdal","commuteMinutes":8.51,"nearestJobCenter":"Montague Gardens","distanceKm":null,"nearestTransitKm":0.423004931906544,"spatialBurdenScore":0.07365353060959509},"geometry":{"type":"Polygon","coordinates":[[[18.53868,-33.89853],[18.53737,-33.89327],[18.54478,-33.89206],[18.54683,-33.89182],[18.55356,-33.89118],[18.5547,-33.8958],[18.55301,-33.89609],[18.54506,-33.89744],[18.53868,-33.89853]]]}},{"type":"Feature","properties":{"id":"199024004","name":"Glenwood","commuteMinutes":8.56,"nearestJobCenter":"Montague Gardens","distanceKm":null,"nearestTransitKm":0.26207997726454096,"spatialBurdenScore":0.0675498657572483},"geometry":{"type":"Polygon","coordinates":[[[18.53338,-33.89933],[18.53331,-33.89723],[18.53316,-33.89582],[18.53317,-33.89396],[18.53737,-33.89327],[18.53868,-33.89853],[18.53338,-33.89933]]]}},{"type":"Feature","properties":{"id":"199024005","name":"Townsend Estate","commuteMinutes":7.12,"nearestJobCenter":"Epping Industria","distanceKm":null,"nearestTransitKm":0.9754740697879336,"spatialBurdenScore":0.08648562945818401},"geometry":{"type":"Polygon","coordinates":[[[18.54912,-33.914],[18.54426,-33.91558],[18.54119,-33.91686],[18.54052,-33.91501],[18.54019,-33.91369],[18.5394,-33.91029],[18.53906,-33.90952],[18.53824,-33.90831],[18.53421,-33.90294],[18.53385,-33.90227],[18.53342,-33.90068],[18.53338,-33.89933],[18.53868,-33.89853],[18.54506,-33.89744],[18.54555,-33.89945],[18.53917,-33.90055],[18.54027,-33.90501],[18.54666,-33.90391],[18.54912,-33.914]]]}},{"type":"Feature","properties":{"id":"199024006","name":"Goodwood Estate","commuteMinutes":8.12,"nearestJobCenter":"Epping Industria","distanceKm":null,"nearestTransitKm":0.9264940184834077,"spatialBurdenScore":0.09119309407266965},"geometry":{"type":"Polygon","coordinates":[[[18.55738,-33.91149],[18.5499,-33.91376],[18.54912,-33.914],[18.54666,-33.90391],[18.54027,-33.90501],[18.53917,-33.90055],[18.54555,-33.89945],[18.54506,-33.89744],[18.55301,-33.89609],[18.55355,-33.89808],[18.55676,-33.91097],[18.55726,-33.91089],[18.55738,-33.91149]]]}},{"type":"Feature","properties":{"id":"199024007","name":"Vasco Estate","commuteMinutes":8.77,"nearestJobCenter":"Epping Industria","distanceKm":null,"nearestTransitKm":0.8293020431126686,"spatialBurdenScore":0.09163874839117342},"geometry":{"type":"Polygon","coordinates":[[[18.56513,-33.91045],[18.56192,-33.91062],[18.55959,-33.91096],[18.55738,-33.91149],[18.55726,-33.91089],[18.55676,-33.91097],[18.55355,-33.89808],[18.55301,-33.89609],[18.5547,-33.8958],[18.56108,-33.89473],[18.56256,-33.90055],[18.56288,-33.90201],[18.56402,-33.90655],[18.5648,-33.90642],[18.56557,-33.90948],[18.56507,-33.90957],[18.56513,-33.91045]]]}},{"type":"Feature","properties":{"id":"199024008","name":"Richmond Estate","commuteMinutes":8.46,"nearestJobCenter":"Epping Industria","distanceKm":null,"nearestTransitKm":0.8068257690641629,"spatialBurdenScore":0.08867303076256652},"geometry":{"type":"Polygon","coordinates":[[[18.57196,-33.90838],[18.56726,-33.90921],[18.56755,-33.91045],[18.56513,-33.91045],[18.56507,-33.90957],[18.56557,-33.90948],[18.5648,-33.90642],[18.56402,-33.90655],[18.56288,-33.90201],[18.56256,-33.90055],[18.56108,-33.89473],[18.56645,-33.89381],[18.56825,-33.8978],[18.56961,-33.90082],[18.57041,-33.90275],[18.57093,-33.90402],[18.57196,-33.90838]]]}},{"type":"Feature","properties":{"id":"199024009","name":"Richmond","commuteMinutes":7.67,"nearestJobCenter":"Bellville","distanceKm":null,"nearestTransitKm":0.5173985899594559,"spatialBurdenScore":0.07182927693171157},"geometry":{"type":"Polygon","coordinates":[[[18.57656,-33.90757],[18.57196,-33.90838],[18.57093,-33.90402],[18.57143,-33.9045],[18.57565,-33.9066],[18.57656,-33.90757]]]}},{"type":"Feature","properties":{"id":"199024010","name":"Wingfield","commuteMinutes":9.23,"nearestJobCenter":"Epping Industria","distanceKm":null,"nearestTransitKm":1.185198821296728,"spatialBurdenScore":0.10894128618520246},"geometry":{"type":"Polygon","coordinates":[[[18.54019,-33.91369],[18.53757,-33.91418],[18.52418,-33.91647],[18.52316,-33.91669],[18.52303,-33.9141],[18.52244,-33.90322],[18.52232,-33.90145],[18.52363,-33.90121],[18.52676,-33.90254],[18.52925,-33.90116],[18.52933,-33.90028],[18.53338,-33.89933],[18.53342,-33.90068],[18.53385,-33.90227],[18.53421,-33.90294],[18.53824,-33.90831],[18.53906,-33.90952],[18.5394,-33.91029],[18.54019,-33.91369]]]}},{"type":"Feature","properties":{"id":"199024011","name":"Ruyterwacht","commuteMinutes":4.8,"nearestJobCenter":"Epping Industria","distanceKm":null,"nearestTransitKm":0.7687911625217666,"spatialBurdenScore":0.06275164650087066},"geometry":{"type":"Polygon","coordinates":[[[18.56305,-33.92339],[18.56281,-33.9234],[18.55519,-33.92256],[18.55439,-33.9244],[18.55447,-33.92698],[18.55082,-33.92687],[18.55044,-33.92254],[18.54985,-33.91538],[18.55002,-33.91534],[18.5499,-33.91376],[18.55738,-33.91149],[18.55959,-33.91096],[18.56074,-33.91481],[18.56066,-33.91483],[18.56155,-33.91766],[18.56304,-33.92253],[18.56305,-33.92339]]]}},{"type":"Feature","properties":{"id":"199024012","name":"WP Showgrounds","commuteMinutes":5.35,"nearestJobCenter":"Epping Industria","distanceKm":null,"nearestTransitKm":0.32847153259203504,"spatialBurdenScore":0.04880552797034806},"geometry":{"type":"Polygon","coordinates":[[[18.55044,-33.92254],[18.54395,-33.92301],[18.54315,-33.92315],[18.54241,-33.92001],[18.54179,-33.91872],[18.54119,-33.91686],[18.54426,-33.91558],[18.54912,-33.914],[18.5499,-33.91376],[18.55002,-33.91534],[18.54985,-33.91538],[18.55044,-33.92254]]]}},{"type":"Feature","properties":{"id":"199024013","name":"Thornton","commuteMinutes":6.11,"nearestJobCenter":"Epping Industria","distanceKm":null,"nearestTransitKm":0.5654999199015273,"spatialBurdenScore":0.06335333012939443},"geometry":{"type":"Polygon","coordinates":[[[18.54315,-33.92315],[18.54334,-33.92391],[18.54365,-33.92668],[18.54221,-33.92676],[18.53856,-33.92739],[18.53038,-33.92887],[18.52819,-33.92914],[18.5278,-33.92842],[18.5258,-33.92321],[18.52182,-33.92797],[18.5211,-33.9285],[18.52074,-33.92781],[18.51828,-33.92471],[18.51757,-33.92409],[18.51743,-33.92357],[18.51846,-33.92346],[18.52819,-33.92023],[18.52804,-33.91947],[18.5351,-33.91856],[18.53831,-33.91784],[18.54119,-33.91686],[18.54179,-33.91872],[18.54241,-33.92001],[18.54315,-33.92315]]]}},{"type":"Feature","properties":{"id":"199024014","name":"WP Park","commuteMinutes":4.77,"nearestJobCenter":"Epping Industria","distanceKm":null,"nearestTransitKm":1.0017130365271858,"spatialBurdenScore":0.07186852146108744},"geometry":{"type":"Polygon","coordinates":[[[18.55082,-33.92687],[18.54576,-33.9267],[18.54365,-33.92668],[18.54334,-33.92391],[18.54315,-33.92315],[18.54395,-33.92301],[18.55044,-33.92254],[18.55082,-33.92687]]]}},{"type":"Feature","properties":{"id":"199024015","name":"Epping Garden Village","commuteMinutes":4.44,"nearestJobCenter":"Epping Industria","distanceKm":null,"nearestTransitKm":1.5276174284281911,"spatialBurdenScore":0.09070469713712766},"geometry":{"type":"Polygon","coordinates":[[[18.56305,-33.92339],[18.56427,-33.92531],[18.56151,-33.9267],[18.56017,-33.92701],[18.55657,-33.92705],[18.55447,-33.92698],[18.55439,-33.9244],[18.55519,-33.92256],[18.56281,-33.9234],[18.56305,-33.92339]]]}},{"type":"Feature","properties":{"id":"199024016","name":"Viking Park","commuteMinutes":6.08,"nearestJobCenter":"Epping Industria","distanceKm":null,"nearestTransitKm":0.3964300340584785,"spatialBurdenScore":0.056390534695672484},"geometry":{"type":"Polygon","coordinates":[[[18.52171,-33.93013],[18.5211,-33.9285],[18.52182,-33.92797],[18.5258,-33.92321],[18.5278,-33.92842],[18.52819,-33.92914],[18.52398,-33.92988],[18.52171,-33.93013]]]}},{"type":"Feature","properties":{"id":"199025001","name":"Elsies River Industrial","commuteMinutes":7.26,"nearestJobCenter":"Epping Industria","distanceKm":null,"nearestTransitKm":0.2727392346094293,"spatialBurdenScore":0.05930956938437717},"geometry":{"type":"Polygon","coordinates":[[[18.57765,-33.91067],[18.57847,-33.91269],[18.57947,-33.91446],[18.57272,-33.9171],[18.57092,-33.9178],[18.57018,-33.91786],[18.56557,-33.91684],[18.56717,-33.91216],[18.56758,-33.91122],[18.56755,-33.91045],[18.56726,-33.90921],[18.57196,-33.90838],[18.57656,-33.90757],[18.57765,-33.91067]]]}},{"type":"Feature","properties":{"id":"199025002","name":"Riverton","commuteMinutes":6.98,"nearestJobCenter":"Epping Industria","distanceKm":null,"nearestTransitKm":0.24462659494247838,"spatialBurdenScore":0.05631839713103247},"geometry":{"type":"Polygon","coordinates":[[[18.56755,-33.91045],[18.56758,-33.91122],[18.56717,-33.91216],[18.56557,-33.91684],[18.56155,-33.91766],[18.56066,-33.91483],[18.56074,-33.91481],[18.55959,-33.91096],[18.56192,-33.91062],[18.56513,-33.91045],[18.56755,-33.91045]]]}},{"type":"Feature","properties":{"id":"199025003","name":"Avon","commuteMinutes":6.32,"nearestJobCenter":"Epping Industria","distanceKm":null,"nearestTransitKm":1.1334369491171423,"spatialBurdenScore":0.08747081129801904},"geometry":{"type":"Polygon","coordinates":[[[18.57272,-33.9171],[18.57567,-33.92237],[18.56829,-33.92296],[18.56703,-33.92342],[18.56635,-33.92255],[18.56608,-33.92163],[18.56557,-33.91684],[18.57018,-33.91786],[18.57092,-33.9178],[18.57272,-33.9171]]]}},{"type":"Feature","properties":{"id":"199025004","name":"Leonsdale","commuteMinutes":6.84,"nearestJobCenter":"Epping Industria","distanceKm":null,"nearestTransitKm":1.006146573469566,"spatialBurdenScore":0.08584586293878263},"geometry":{"type":"Polygon","coordinates":[[[18.57567,-33.92237],[18.57272,-33.9171],[18.57947,-33.91446],[18.58302,-33.92075],[18.58361,-33.92164],[18.58258,-33.9218],[18.57567,-33.92237]]]}},{"type":"Feature","properties":{"id":"199025005","name":"Avonwood SP","commuteMinutes":7.16,"nearestJobCenter":"Epping Industria","distanceKm":null,"nearestTransitKm":1.6126101687842693,"spatialBurdenScore":0.11223774008470411},"geometry":{"type":"Polygon","coordinates":[[[18.58542,-33.92807],[18.58318,-33.92809],[18.5802,-33.92872],[18.57968,-33.92891],[18.57879,-33.92572],[18.57853,-33.92542],[18.57651,-33.92382],[18.57567,-33.92237],[18.58258,-33.9218],[18.58361,-33.92164],[18.58542,-33.92807]]]}},{"type":"Feature","properties":{"id":"199025006","name":"Norwood","commuteMinutes":6.49,"nearestJobCenter":"Epping Industria","distanceKm":null,"nearestTransitKm":1.600550270359038,"spatialBurdenScore":0.10728867748102819},"geometry":{"type":"Polygon","coordinates":[[[18.57727,-33.93093],[18.57119,-33.92612],[18.56896,-33.92427],[18.56788,-33.924],[18.56703,-33.92342],[18.56829,-33.92296],[18.57567,-33.92237],[18.57651,-33.92382],[18.57853,-33.92542],[18.57879,-33.92572],[18.57968,-33.92891],[18.57918,-33.92924],[18.57727,-33.93093]]]}},{"type":"Feature","properties":{"id":"199025007","name":"Valhalla","commuteMinutes":5.78,"nearestJobCenter":"Epping Industria","distanceKm":null,"nearestTransitKm":1.3083533187527614,"spatialBurdenScore":0.09086746608344379},"geometry":{"type":"Polygon","coordinates":[[[18.56557,-33.91684],[18.56608,-33.92163],[18.56635,-33.92255],[18.56703,-33.92342],[18.56427,-33.92531],[18.56305,-33.92339],[18.56304,-33.92253],[18.56155,-33.91766],[18.56557,-33.91684]]]}},{"type":"Feature","properties":{"id":"199025008","name":"Salberau","commuteMinutes":6.18,"nearestJobCenter":"Epping Industria","distanceKm":null,"nearestTransitKm":1.708947332844401,"spatialBurdenScore":0.10955789331377605},"geometry":{"type":"Polygon","coordinates":[[[18.57541,-33.93182],[18.57005,-33.93154],[18.56653,-33.93151],[18.56655,-33.92953],[18.56614,-33.92792],[18.56427,-33.92531],[18.56703,-33.92342],[18.56788,-33.924],[18.56896,-33.92427],[18.57119,-33.92612],[18.57727,-33.93093],[18.57669,-33.93141],[18.57541,-33.93182]]]}},{"type":"Feature","properties":{"id":"199025009","name":"Balvenie SP","commuteMinutes":7.74,"nearestJobCenter":"Epping Industria","distanceKm":null,"nearestTransitKm":1.3013257970519039,"spatialBurdenScore":0.10365303188207615},"geometry":{"type":"Polygon","coordinates":[[[18.587,-33.93571],[18.58373,-33.93614],[18.58338,-33.93556],[18.57727,-33.93093],[18.57918,-33.92924],[18.57968,-33.92891],[18.5802,-33.92872],[18.58318,-33.92809],[18.58542,-33.92807],[18.58723,-33.93568],[18.587,-33.93571]]]}},{"type":"Feature","properties":{"id":"199025010","name":"Elsies Rivier SP","commuteMinutes":7.45,"nearestJobCenter":"Epping Industria","distanceKm":null,"nearestTransitKm":0.9722796454715693,"spatialBurdenScore":0.08855785248552944},"geometry":{"type":"Polygon","coordinates":[[[18.57791,-33.93693],[18.57625,-33.93471],[18.57617,-33.93444],[18.57482,-33.93254],[18.57558,-33.93214],[18.57541,-33.93182],[18.57669,-33.93141],[18.57727,-33.93093],[18.58338,-33.93556],[18.58373,-33.93614],[18.57791,-33.93693]]]}},{"type":"Feature","properties":{"id":"199025011","name":"Epping Forest SP","commuteMinutes":7.13,"nearestJobCenter":"Epping Industria","distanceKm":null,"nearestTransitKm":0.954471081883502,"spatialBurdenScore":0.08571217660867342},"geometry":{"type":"Polygon","coordinates":[[[18.57541,-33.93182],[18.57558,-33.93214],[18.57482,-33.93254],[18.57617,-33.93444],[18.57625,-33.93471],[18.57791,-33.93693],[18.57723,-33.93701],[18.57274,-33.93698],[18.57247,-33.93628],[18.57011,-33.93299],[18.57005,-33.93154],[18.57541,-33.93182]]]}},{"type":"Feature","properties":{"id":"199025012","name":"The Range SP","commuteMinutes":7.33,"nearestJobCenter":"Epping Industria","distanceKm":null,"nearestTransitKm":0.9540720183717425,"spatialBurdenScore":0.08702954740153637},"geometry":{"type":"Polygon","coordinates":[[[18.57274,-33.93698],[18.56647,-33.93691],[18.56653,-33.93151],[18.57005,-33.93154],[18.57011,-33.93299],[18.57247,-33.93628],[18.57274,-33.93698]]]}},{"type":"Feature","properties":{"id":"199026001","name":"Epping Industria SP","commuteMinutes":3.52,"nearestJobCenter":"Epping Industria","distanceKm":null,"nearestTransitKm":0.9848120013034434,"spatialBurdenScore":0.06285914671880441},"geometry":{"type":"Polygon","coordinates":[[[18.56653,-33.93151],[18.56647,-33.93691],[18.5664,-33.94319],[18.56383,-33.94305],[18.56135,-33.94324],[18.55917,-33.94272],[18.55831,-33.94266],[18.55443,-33.9423],[18.54276,-33.94155],[18.53858,-33.94107],[18.53452,-33.94036],[18.53212,-33.93976],[18.53118,-33.93969],[18.52795,-33.93866],[18.52714,-33.93815],[18.525,-33.9379],[18.5219,-33.93848],[18.52226,-33.93766],[18.52249,-33.93644],[18.5224,-33.93334],[18.52208,-33.93139],[18.52171,-33.93013],[18.52398,-33.92988],[18.52819,-33.92914],[18.53038,-33.92887],[18.53856,-33.92739],[18.54221,-33.92676],[18.54365,-33.92668],[18.54576,-33.9267],[18.55082,-33.92687],[18.55447,-33.92698],[18.55657,-33.92705],[18.56017,-33.92701],[18.56151,-33.9267],[18.56427,-33.92531],[18.56614,-33.92792],[18.56655,-33.92953],[18.56653,-33.93151]]]}},{"type":"Feature","properties":{"id":"199027001","name":"Langa SP","commuteMinutes":4.63,"nearestJobCenter":"Epping Industria","distanceKm":null,"nearestTransitKm":0.6203709348815861,"spatialBurdenScore":0.055681504061930114},"geometry":{"type":"Polygon","coordinates":[[[18.54095,-33.95532],[18.53791,-33.95427],[18.52771,-33.95087],[18.52554,-33.95038],[18.52171,-33.95024],[18.51881,-33.95016],[18.51881,-33.94783],[18.51668,-33.94775],[18.5169,-33.94269],[18.52017,-33.94041],[18.52134,-33.93932],[18.5219,-33.93848],[18.525,-33.9379],[18.52714,-33.93815],[18.52795,-33.93866],[18.53118,-33.93969],[18.53212,-33.93976],[18.53452,-33.94036],[18.53858,-33.94107],[18.54276,-33.94155],[18.5427,-33.94521],[18.54261,-33.94721],[18.54117,-33.95407],[18.54095,-33.95532]]]}},{"type":"Feature","properties":{"id":"199028001","name":"Bonteheuwel","commuteMinutes":4.45,"nearestJobCenter":"Epping Industria","distanceKm":null,"nearestTransitKm":0.7585189970337467,"spatialBurdenScore":0.06000742654801653},"geometry":{"type":"Polygon","coordinates":[[[18.56264,-33.9619],[18.55201,-33.95871],[18.54888,-33.95775],[18.54786,-33.95749],[18.54095,-33.95532],[18.54117,-33.95407],[18.54261,-33.94721],[18.5427,-33.94521],[18.54276,-33.94155],[18.55443,-33.9423],[18.55831,-33.94266],[18.55959,-33.94297],[18.56057,-33.94345],[18.56139,-33.94408],[18.56188,-33.94483],[18.56258,-33.9465],[18.56382,-33.94997],[18.56386,-33.95075],[18.56352,-33.95434],[18.56321,-33.95655],[18.56304,-33.95785],[18.56264,-33.9619]]]}},{"type":"Feature","properties":{"id":"199028002","name":"Bridgetown","commuteMinutes":6.57,"nearestJobCenter":"Epping Industria","distanceKm":null,"nearestTransitKm":0.7774797223257102,"spatialBurdenScore":0.0748991888930284},"geometry":{"type":"Polygon","coordinates":[[[18.54095,-33.95532],[18.54068,-33.95736],[18.54053,-33.96003],[18.54041,-33.96182],[18.54011,-33.96326],[18.53838,-33.96872],[18.5344,-33.96836],[18.53341,-33.96821],[18.53116,-33.9677],[18.53167,-33.96603],[18.5315,-33.96582],[18.53198,-33.9647],[18.53337,-33.96511],[18.53363,-33.9657],[18.53441,-33.96569],[18.53389,-33.96362],[18.53393,-33.96309],[18.53039,-33.96225],[18.52699,-33.96112],[18.52372,-33.95968],[18.52386,-33.95937],[18.52359,-33.95773],[18.52321,-33.9573],[18.52277,-33.95608],[18.52146,-33.95382],[18.52125,-33.95264],[18.51952,-33.95172],[18.51988,-33.95143],[18.52129,-33.95165],[18.52171,-33.95133],[18.52171,-33.95024],[18.52554,-33.95038],[18.52771,-33.95087],[18.53791,-33.95427],[18.54095,-33.95532]]]}},{"type":"Feature","properties":{"id":"199028003","name":"Kewtown","commuteMinutes":10.25,"nearestJobCenter":"Epping Industria","distanceKm":null,"nearestTransitKm":0.4233053905925696,"spatialBurdenScore":0.08526554895703611},"geometry":{"type":"Polygon","coordinates":[[[18.52372,-33.95968],[18.52279,-33.95931],[18.52177,-33.95943],[18.51195,-33.96108],[18.51166,-33.96233],[18.51058,-33.96203],[18.5079,-33.96128],[18.50867,-33.95926],[18.50866,-33.95851],[18.50836,-33.95662],[18.50835,-33.95536],[18.50869,-33.94922],[18.50874,-33.9476],[18.50905,-33.94646],[18.50996,-33.94563],[18.51093,-33.94536],[18.51279,-33.94518],[18.51409,-33.94464],[18.5169,-33.94269],[18.51668,-33.94775],[18.51881,-33.94783],[18.51881,-33.95016],[18.52171,-33.95024],[18.52171,-33.95133],[18.52129,-33.95165],[18.51988,-33.95143],[18.51952,-33.95172],[18.52125,-33.95264],[18.52146,-33.95382],[18.52277,-33.95608],[18.52321,-33.9573],[18.52359,-33.95773],[18.52386,-33.95937],[18.52372,-33.95968]]]}},{"type":"Feature","properties":{"id":"199028004","name":"Hazendal","commuteMinutes":8.2,"nearestJobCenter":"Epping Industria","distanceKm":null,"nearestTransitKm":0.25489829815706166,"spatialBurdenScore":0.06486259859294913},"geometry":{"type":"Polygon","coordinates":[[[18.5079,-33.96128],[18.50497,-33.96041],[18.50388,-33.96027],[18.5018,-33.96027],[18.50192,-33.9594],[18.5028,-33.95538],[18.50279,-33.95399],[18.50226,-33.95268],[18.50104,-33.95145],[18.50211,-33.951],[18.50213,-33.95044],[18.50175,-33.94956],[18.50218,-33.94952],[18.50874,-33.9476],[18.50869,-33.94922],[18.50835,-33.95536],[18.50836,-33.95662],[18.50866,-33.95851],[18.50867,-33.95926],[18.5079,-33.96128]]]}},{"type":"Feature","properties":{"id":"199028005","name":"Sybrandpark","commuteMinutes":8.28,"nearestJobCenter":"Claremont","distanceKm":null,"nearestTransitKm":0.44062376515287915,"spatialBurdenScore":0.07282495060611517},"geometry":{"type":"Polygon","coordinates":[[[18.5018,-33.96027],[18.49686,-33.96027],[18.49655,-33.96062],[18.49518,-33.96079],[18.49452,-33.95813],[18.49372,-33.95636],[18.49482,-33.957],[18.49541,-33.9577],[18.49646,-33.95744],[18.49746,-33.95788],[18.49765,-33.95739],[18.49734,-33.95498],[18.49892,-33.95387],[18.499,-33.9525],[18.50104,-33.95145],[18.50226,-33.95268],[18.50279,-33.95399],[18.5028,-33.95538],[18.50192,-33.9594],[18.5018,-33.96027]]]}},{"type":"Feature","properties":{"id":"199028006","name":"Athlone SP","commuteMinutes":8,"nearestJobCenter":"Claremont","distanceKm":null,"nearestTransitKm":0.028399664265387346,"spatialBurdenScore":0.05446931990394883},"geometry":{"type":"Polygon","coordinates":[[[18.5079,-33.96128],[18.51058,-33.96203],[18.51051,-33.96232],[18.51091,-33.96801],[18.50716,-33.9682],[18.50714,-33.96973],[18.50743,-33.9739],[18.50492,-33.97369],[18.50147,-33.97327],[18.50156,-33.96852],[18.49497,-33.96842],[18.49577,-33.96545],[18.49584,-33.96345],[18.49518,-33.96079],[18.49655,-33.96062],[18.49686,-33.96027],[18.5018,-33.96027],[18.50388,-33.96027],[18.50497,-33.96041],[18.5079,-33.96128]]]}},{"type":"Feature","properties":{"id":"199028007","name":"Gleemoor","commuteMinutes":9.33,"nearestJobCenter":"Epping Industria","distanceKm":null,"nearestTransitKm":1.029964090473485,"spatialBurdenScore":0.1033985636189394},"geometry":{"type":"Polygon","coordinates":[[[18.51467,-33.96844],[18.51328,-33.9685],[18.51316,-33.9679],[18.51091,-33.96801],[18.51051,-33.96232],[18.51058,-33.96203],[18.51166,-33.96233],[18.51438,-33.9631],[18.51431,-33.9636],[18.51467,-33.96844]]]}},{"type":"Feature","properties":{"id":"199028008","name":"Silvertown","commuteMinutes":8.45,"nearestJobCenter":"Epping Industria","distanceKm":null,"nearestTransitKm":1.4422656483117435,"spatialBurdenScore":0.11402395926580307},"geometry":{"type":"Polygon","coordinates":[[[18.52372,-33.95968],[18.52699,-33.96112],[18.53039,-33.96225],[18.53393,-33.96309],[18.53389,-33.96362],[18.53441,-33.96569],[18.53363,-33.9657],[18.53337,-33.96511],[18.53198,-33.9647],[18.5315,-33.96582],[18.53167,-33.96603],[18.53116,-33.9677],[18.52615,-33.96643],[18.52475,-33.96601],[18.51438,-33.9631],[18.51166,-33.96233],[18.51195,-33.96108],[18.52177,-33.95943],[18.52279,-33.95931],[18.52372,-33.95968]]]}},{"type":"Feature","properties":{"id":"199028009","name":"Belgravia","commuteMinutes":9.26,"nearestJobCenter":"Epping Industria","distanceKm":null,"nearestTransitKm":1.6574714665358965,"spatialBurdenScore":0.12803219199476917},"geometry":{"type":"Polygon","coordinates":[[[18.52293,-33.97493],[18.52009,-33.97419],[18.52029,-33.97322],[18.51504,-33.97348],[18.51503,-33.97335],[18.51467,-33.96844],[18.51431,-33.9636],[18.51438,-33.9631],[18.52475,-33.96601],[18.52615,-33.96643],[18.52422,-33.97156],[18.5237,-33.97268],[18.52293,-33.97493]]]}},{"type":"Feature","properties":{"id":"199028010","name":"Sunnyside","commuteMinutes":9,"nearestJobCenter":"Claremont","distanceKm":null,"nearestTransitKm":1.0821605635798044,"spatialBurdenScore":0.10328642254319217},"geometry":{"type":"Polygon","coordinates":[[[18.51467,-33.96844],[18.51503,-33.97335],[18.51132,-33.9737],[18.51091,-33.96801],[18.51316,-33.9679],[18.51328,-33.9685],[18.51467,-33.96844]]]}},{"type":"Feature","properties":{"id":"199028011","name":"Zwartdam","commuteMinutes":8.7,"nearestJobCenter":"Claremont","distanceKm":null,"nearestTransitKm":0.6292071352146499,"spatialBurdenScore":0.08316828540858599},"geometry":{"type":"Polygon","coordinates":[[[18.50743,-33.9739],[18.50714,-33.96973],[18.50716,-33.9682],[18.51091,-33.96801],[18.51132,-33.9737],[18.5086,-33.97385],[18.50743,-33.9739]]]}},{"type":"Feature","properties":{"id":"199028012","name":"Rustdale","commuteMinutes":8.98,"nearestJobCenter":"Claremont","distanceKm":null,"nearestTransitKm":1.1325566779933731,"spatialBurdenScore":0.10516893378640159},"geometry":{"type":"Polygon","coordinates":[[[18.51504,-33.97348],[18.51516,-33.97514],[18.51534,-33.97749],[18.51539,-33.9782],[18.51549,-33.97975],[18.51179,-33.97993],[18.51158,-33.97732],[18.51141,-33.97498],[18.51132,-33.9737],[18.51503,-33.97335],[18.51504,-33.97348]]]}},{"type":"Feature","properties":{"id":"199028013","name":"Lochiel","commuteMinutes":9.07,"nearestJobCenter":"Claremont","distanceKm":null,"nearestTransitKm":1.5348003090867508,"spatialBurdenScore":0.1218586790301367},"geometry":{"type":"Polygon","coordinates":[[[18.52009,-33.97419],[18.51996,-33.97489],[18.51516,-33.97514],[18.51504,-33.97348],[18.52029,-33.97322],[18.52009,-33.97419]]]}},{"type":"Feature","properties":{"id":"199028014","name":"Forbes","commuteMinutes":9.31,"nearestJobCenter":"Claremont","distanceKm":null,"nearestTransitKm":1.4454343609639466,"spatialBurdenScore":0.11988404110522453},"geometry":{"type":"Polygon","coordinates":[[[18.51963,-33.97642],[18.51723,-33.97653],[18.51731,-33.97755],[18.51534,-33.97749],[18.51516,-33.97514],[18.51996,-33.97489],[18.51963,-33.97642]]]}},{"type":"Feature","properties":{"id":"199028015","name":"Lincoln","commuteMinutes":9.09,"nearestJobCenter":"Claremont","distanceKm":null,"nearestTransitKm":1.450688247640093,"spatialBurdenScore":0.11862752990560371},"geometry":{"type":"Polygon","coordinates":[[[18.51926,-33.97802],[18.51539,-33.9782],[18.51534,-33.97749],[18.51731,-33.97755],[18.51723,-33.97653],[18.51963,-33.97642],[18.51926,-33.97802]]]}},{"type":"Feature","properties":{"id":"199028016","name":"Penlyn Estate","commuteMinutes":9.37,"nearestJobCenter":"Claremont","distanceKm":null,"nearestTransitKm":1.6529499937611922,"spatialBurdenScore":0.12858466641711436},"geometry":{"type":"Polygon","coordinates":[[[18.52561,-33.9809],[18.52578,-33.98096],[18.52219,-33.98842],[18.52202,-33.98915],[18.51967,-33.98843],[18.52013,-33.98381],[18.52024,-33.98114],[18.52038,-33.97965],[18.51936,-33.97929],[18.51956,-33.97888],[18.5191,-33.97872],[18.51926,-33.97802],[18.51963,-33.97642],[18.51996,-33.97489],[18.52009,-33.97419],[18.52293,-33.97493],[18.52121,-33.97943],[18.52561,-33.9809]]]}},{"type":"Feature","properties":{"id":"199028017","name":"Rylands","commuteMinutes":7.62,"nearestJobCenter":"Epping Industria","distanceKm":null,"nearestTransitKm":2.050912428203651,"spatialBurdenScore":0.13283649712814605},"geometry":{"type":"Polygon","coordinates":[[[18.52561,-33.9809],[18.52121,-33.97943],[18.52293,-33.97493],[18.5237,-33.97268],[18.52422,-33.97156],[18.52615,-33.96643],[18.53116,-33.9677],[18.53341,-33.96821],[18.53327,-33.96875],[18.53099,-33.97453],[18.5283,-33.97388],[18.52561,-33.9809]]]}},{"type":"Feature","properties":{"id":"199028018","name":"Gatesville","commuteMinutes":7.65,"nearestJobCenter":"Epping Industria","distanceKm":null,"nearestTransitKm":2.2414730848889564,"spatialBurdenScore":0.14065892339555824},"geometry":{"type":"Polygon","coordinates":[[[18.53794,-33.97831],[18.53136,-33.97843],[18.53115,-33.97984],[18.53034,-33.97982],[18.52976,-33.98109],[18.53102,-33.9813],[18.53108,-33.98245],[18.5313,-33.98272],[18.53013,-33.98241],[18.52578,-33.98096],[18.52561,-33.9809],[18.5283,-33.97388],[18.53099,-33.97453],[18.53327,-33.96875],[18.53341,-33.96821],[18.5344,-33.96836],[18.53838,-33.96872],[18.53816,-33.97059],[18.53788,-33.97667],[18.53794,-33.97831]]]}},{"type":"Feature","properties":{"id":"199028019","name":"Vanguard","commuteMinutes":5.95,"nearestJobCenter":"Epping Industria","distanceKm":null,"nearestTransitKm":1.0063698470190487,"spatialBurdenScore":0.07992146054742862},"geometry":{"type":"Polygon","coordinates":[[[18.54729,-33.96605],[18.54532,-33.96974],[18.542,-33.96932],[18.54028,-33.96894],[18.53838,-33.96872],[18.54011,-33.96326],[18.54041,-33.96182],[18.54053,-33.96003],[18.54236,-33.96036],[18.54386,-33.9604],[18.54379,-33.96258],[18.54696,-33.96598],[18.54729,-33.96605]]]}},{"type":"Feature","properties":{"id":"199028020","name":"Welcome","commuteMinutes":5.27,"nearestJobCenter":"Epping Industria","distanceKm":null,"nearestTransitKm":0.37218115246023475,"spatialBurdenScore":0.05002057943174272},"geometry":{"type":"Polygon","coordinates":[[[18.54729,-33.96605],[18.54696,-33.96598],[18.54379,-33.96258],[18.54386,-33.9604],[18.54236,-33.96036],[18.54053,-33.96003],[18.54068,-33.95736],[18.54095,-33.95532],[18.54786,-33.95749],[18.54771,-33.95806],[18.54752,-33.96221],[18.54729,-33.96605]]]}},{"type":"Feature","properties":{"id":"199028021","name":"Heideveld","commuteMinutes":7.17,"nearestJobCenter":"Epping Industria","distanceKm":null,"nearestTransitKm":0.6897816425093001,"spatialBurdenScore":0.075391265700372},"geometry":{"type":"Polygon","coordinates":[[[18.56148,-33.97352],[18.55622,-33.97147],[18.5542,-33.97093],[18.55101,-33.97043],[18.54532,-33.96974],[18.54729,-33.96605],[18.54752,-33.96221],[18.54771,-33.95806],[18.54786,-33.95749],[18.54888,-33.95775],[18.55201,-33.95871],[18.56264,-33.9619],[18.56241,-33.96426],[18.56185,-33.97028],[18.56148,-33.97352]]]}},{"type":"Feature","properties":{"id":"199028022","name":"Surrey","commuteMinutes":7.35,"nearestJobCenter":"Epping Industria","distanceKm":null,"nearestTransitKm":1.633003517817309,"spatialBurdenScore":0.11432014071269236},"geometry":{"type":"Polygon","coordinates":[[[18.54793,-33.98062],[18.54235,-33.97946],[18.54245,-33.9814],[18.53807,-33.9816],[18.53794,-33.97831],[18.53788,-33.97667],[18.53816,-33.97059],[18.53838,-33.96872],[18.54028,-33.96894],[18.542,-33.96932],[18.54532,-33.96974],[18.55101,-33.97043],[18.54793,-33.98062]]]}},{"type":"Feature","properties":{"id":"199028023","name":"Hatton","commuteMinutes":8.05,"nearestJobCenter":"Epping Industria","distanceKm":null,"nearestTransitKm":2.4811440968149396,"spatialBurdenScore":0.15291243053926426},"geometry":{"type":"Polygon","coordinates":[[[18.53807,-33.9816],[18.5336,-33.98179],[18.53227,-33.98216],[18.5313,-33.98272],[18.53108,-33.98245],[18.53102,-33.9813],[18.53115,-33.97984],[18.53136,-33.97843],[18.53794,-33.97831],[18.53807,-33.9816]]]}},{"type":"Feature","properties":{"id":"199028024","name":"Gatesville Informal","commuteMinutes":8.49,"nearestJobCenter":"Epping Industria","distanceKm":null,"nearestTransitKm":2.562892249671526,"spatialBurdenScore":0.15911568998686104},"geometry":{"type":"Polygon","coordinates":[[[18.53115,-33.97984],[18.53102,-33.9813],[18.52976,-33.98109],[18.53034,-33.97982],[18.53115,-33.97984]]]}},{"type":"Feature","properties":{"id":"199028025","name":"Belthorn Estate","commuteMinutes":7.76,"nearestJobCenter":"Claremont","distanceKm":null,"nearestTransitKm":1.0866787505547542,"spatialBurdenScore":0.0952004833555235},"geometry":{"type":"Polygon","coordinates":[[[18.51926,-33.97802],[18.5191,-33.97872],[18.51956,-33.97888],[18.51936,-33.97929],[18.52038,-33.97965],[18.52024,-33.98114],[18.52013,-33.98381],[18.51967,-33.98843],[18.51836,-33.98816],[18.5169,-33.98816],[18.51214,-33.98913],[18.51173,-33.98772],[18.51125,-33.98685],[18.50884,-33.98506],[18.50819,-33.98384],[18.50786,-33.98391],[18.50691,-33.98134],[18.508,-33.98138],[18.51189,-33.9812],[18.51179,-33.97993],[18.51549,-33.97975],[18.51539,-33.9782],[18.51926,-33.97802]]]}},{"type":"Feature","properties":{"id":"199028026","name":"Primrose Park","commuteMinutes":9.29,"nearestJobCenter":"Epping Industria","distanceKm":null,"nearestTransitKm":1.4460571250318845,"spatialBurdenScore":0.11977561833460872},"geometry":{"type":"Polygon","coordinates":[[[18.53838,-33.98869],[18.53836,-33.98822],[18.53807,-33.9816],[18.54245,-33.9814],[18.54235,-33.97946],[18.54793,-33.98062],[18.549,-33.98088],[18.54836,-33.9835],[18.54809,-33.98492],[18.54257,-33.98532],[18.54272,-33.98855],[18.53838,-33.98869]]]}},{"type":"Feature","properties":{"id":"199028027","name":"Newfields","commuteMinutes":9.76,"nearestJobCenter":"Epping Industria","distanceKm":null,"nearestTransitKm":2.4975762431154402,"spatialBurdenScore":0.16496971639128427},"geometry":{"type":"Polygon","coordinates":[[[18.52794,-33.98878],[18.52633,-33.98762],[18.52819,-33.98509],[18.52948,-33.98383],[18.5313,-33.98272],[18.53227,-33.98216],[18.5336,-33.98179],[18.53807,-33.9816],[18.53836,-33.98822],[18.53446,-33.98849],[18.53444,-33.9884],[18.53123,-33.9885],[18.52836,-33.98867],[18.52794,-33.98878]]]}},{"type":"Feature","properties":{"id":"199028028","name":"Mountview","commuteMinutes":9.05,"nearestJobCenter":"Claremont","distanceKm":null,"nearestTransitKm":2.081082326400739,"spatialBurdenScore":0.14357662638936292},"geometry":{"type":"Polygon","coordinates":[[[18.52527,-33.99231],[18.52304,-33.99121],[18.52208,-33.99008],[18.52202,-33.98915],[18.52219,-33.98842],[18.52578,-33.98096],[18.53013,-33.98241],[18.5313,-33.98272],[18.52948,-33.98383],[18.52819,-33.98509],[18.52633,-33.98762],[18.52794,-33.98878],[18.52764,-33.989],[18.52527,-33.99231]]]}},{"type":"Feature","properties":{"id":"199028029","name":"Hanover Park","commuteMinutes":9.65,"nearestJobCenter":"Claremont","distanceKm":null,"nearestTransitKm":2.4021694007591985,"spatialBurdenScore":0.16042010936370127},"geometry":{"type":"Polygon","coordinates":[[[18.53836,-33.98822],[18.53838,-33.98869],[18.53855,-33.99285],[18.53872,-33.99432],[18.53932,-33.99592],[18.54041,-33.99745],[18.54158,-33.99846],[18.54335,-33.99951],[18.53969,-33.99974],[18.53793,-33.99994],[18.52737,-34.00097],[18.52146,-34.0019],[18.52119,-34.00068],[18.52021,-33.99898],[18.51922,-33.99809],[18.51849,-33.99765],[18.51952,-33.99761],[18.51941,-33.99674],[18.52053,-33.99668],[18.52098,-33.99364],[18.52429,-33.99341],[18.52459,-33.99332],[18.52527,-33.99231],[18.52764,-33.989],[18.52794,-33.98878],[18.52836,-33.98867],[18.53123,-33.9885],[18.53444,-33.9884],[18.53446,-33.98849],[18.53836,-33.98822]]]}},{"type":"Feature","properties":{"id":"199028030","name":"Sand Industria","commuteMinutes":11.28,"nearestJobCenter":"Epping Industria","distanceKm":null,"nearestTransitKm":1.3442135057297127,"spatialBurdenScore":0.1289685402291885},"geometry":{"type":"Polygon","coordinates":[[[18.54943,-34.00023],[18.54644,-33.99955],[18.54475,-33.99942],[18.54335,-33.99951],[18.54158,-33.99846],[18.54041,-33.99745],[18.53932,-33.99592],[18.53872,-33.99432],[18.53855,-33.99285],[18.53838,-33.98869],[18.54272,-33.98855],[18.54257,-33.98532],[18.54809,-33.98492],[18.54869,-33.98489],[18.54952,-33.99916],[18.54943,-34.00023]]]}},{"type":"Feature","properties":{"id":"199028031","name":"Manenberg","commuteMinutes":10.03,"nearestJobCenter":"Epping Industria","distanceKm":null,"nearestTransitKm":0.5464355983161285,"spatialBurdenScore":0.0887240905993118},"geometry":{"type":"Polygon","coordinates":[[[18.55907,-33.99509],[18.55841,-34.00097],[18.55843,-34.00214],[18.55826,-34.00211],[18.55145,-34.00068],[18.54943,-34.00023],[18.54952,-33.99916],[18.54869,-33.98489],[18.54809,-33.98492],[18.54836,-33.9835],[18.549,-33.98088],[18.54793,-33.98062],[18.55101,-33.97043],[18.5542,-33.97093],[18.55622,-33.97147],[18.56148,-33.97352],[18.56079,-33.98088],[18.55993,-33.99145],[18.55944,-33.99139],[18.55907,-33.99509]]]}},{"type":"Feature","properties":{"id":"199029001","name":"Clarkes","commuteMinutes":8.8,"nearestJobCenter":"Epping Industria","distanceKm":null,"nearestTransitKm":0.24295108277423738,"spatialBurdenScore":0.06838470997763615},"geometry":{"type":"Polygon","coordinates":[[[18.58366,-33.94337],[18.58029,-33.94296],[18.57795,-33.94291],[18.57801,-33.93735],[18.57791,-33.93693],[18.58373,-33.93614],[18.58432,-33.94273],[18.58377,-33.94294],[18.58366,-33.94337]]]}},{"type":"Feature","properties":{"id":"199029002","name":"Adriaanse","commuteMinutes":9.27,"nearestJobCenter":"Bellville","distanceKm":null,"nearestTransitKm":0.3022528508071697,"spatialBurdenScore":0.07389011403228678},"geometry":{"type":"Polygon","coordinates":[[[18.59314,-33.943],[18.5899,-33.94377],[18.58822,-33.94394],[18.58629,-33.94377],[18.58366,-33.94337],[18.58377,-33.94294],[18.58432,-33.94273],[18.58373,-33.93614],[18.587,-33.93571],[18.58741,-33.93739],[18.588,-33.93841],[18.58895,-33.93941],[18.59166,-33.94128],[18.59234,-33.94189],[18.59314,-33.943]]]}},{"type":"Feature","properties":{"id":"199029003","name":"Kalksteenfontein","commuteMinutes":6.93,"nearestJobCenter":"Epping Industria","distanceKm":null,"nearestTransitKm":0.028963640585636424,"spatialBurdenScore":0.04735854562342545},"geometry":{"type":"Polygon","coordinates":[[[18.5664,-33.94319],[18.56637,-33.94903],[18.56633,-33.95676],[18.56321,-33.95655],[18.56352,-33.95434],[18.56386,-33.95075],[18.56382,-33.94997],[18.56258,-33.9465],[18.56188,-33.94483],[18.56139,-33.94408],[18.56057,-33.94345],[18.55959,-33.94297],[18.55831,-33.94266],[18.55917,-33.94272],[18.56135,-33.94324],[18.56383,-33.94305],[18.5664,-33.94319]]]}},{"type":"Feature","properties":{"id":"199029004","name":"Valhalla Park","commuteMinutes":8.03,"nearestJobCenter":"Epping Industria","distanceKm":null,"nearestTransitKm":0.9980513374035234,"spatialBurdenScore":0.09345538682947427},"geometry":{"type":"Polygon","coordinates":[[[18.57914,-33.95763],[18.56993,-33.95698],[18.56633,-33.95676],[18.56637,-33.94903],[18.57288,-33.94913],[18.57307,-33.95032],[18.57631,-33.95198],[18.5769,-33.95213],[18.5796,-33.95231],[18.57933,-33.95335],[18.57835,-33.95466],[18.57954,-33.95529],[18.57916,-33.95593],[18.57945,-33.95607],[18.57914,-33.95763]]]}},{"type":"Feature","properties":{"id":"199029005","name":"Nooitgedacht","commuteMinutes":8.52,"nearestJobCenter":"Cape Town International Airport","distanceKm":null,"nearestTransitKm":1.3106223391375962,"spatialBurdenScore":0.10922489356550386},"geometry":{"type":"Polygon","coordinates":[[[18.5889,-33.95472],[18.58777,-33.95552],[18.58653,-33.95621],[18.58393,-33.95733],[18.58276,-33.95766],[18.58139,-33.95775],[18.57914,-33.95763],[18.57945,-33.95607],[18.57916,-33.95593],[18.57954,-33.95529],[18.57835,-33.95466],[18.57933,-33.95335],[18.57996,-33.95352],[18.58524,-33.95388],[18.58616,-33.9537],[18.58662,-33.95419],[18.58727,-33.95377],[18.58796,-33.9543],[18.58865,-33.95384],[18.5889,-33.95472]]]}},{"type":"Feature","properties":{"id":"199029006","name":"Montana","commuteMinutes":9.15,"nearestJobCenter":"Epping Industria","distanceKm":null,"nearestTransitKm":0.5685819504109234,"spatialBurdenScore":0.08374327801643694},"geometry":{"type":"Polygon","coordinates":[[[18.58276,-33.95766],[18.58275,-33.95801],[18.58199,-33.95814],[18.57962,-33.95936],[18.57566,-33.96158],[18.57074,-33.96429],[18.57009,-33.96452],[18.56878,-33.9639],[18.56887,-33.96231],[18.56867,-33.96139],[18.56637,-33.95778],[18.56633,-33.95676],[18.56993,-33.95698],[18.57914,-33.95763],[18.58139,-33.95775],[18.58276,-33.95766]]]}},{"type":"Feature","properties":{"id":"199029007","name":"Montevideo","commuteMinutes":8.79,"nearestJobCenter":"Epping Industria","distanceKm":null,"nearestTransitKm":0.10718468800705894,"spatialBurdenScore":0.06288738752028235},"geometry":{"type":"MultiPolygon","coordinates":[[[[18.57677,-33.96768],[18.57362,-33.96748],[18.57267,-33.96645],[18.5713,-33.9653],[18.57009,-33.96452],[18.57074,-33.96429],[18.57566,-33.96158],[18.57588,-33.96195],[18.57681,-33.96726],[18.57677,-33.96768]]],[[[18.56878,-33.9639],[18.56669,-33.96312],[18.56264,-33.9619],[18.56304,-33.95785],[18.56321,-33.95655],[18.56633,-33.95676],[18.56637,-33.95778],[18.56867,-33.96139],[18.56887,-33.96231],[18.56878,-33.9639]]]]}},{"type":"Feature","properties":{"id":"199029008","name":"King David Country Club","commuteMinutes":10.76,"nearestJobCenter":"Cape Town International Airport","distanceKm":null,"nearestTransitKm":0.7180648092392679,"spatialBurdenScore":0.10045592570290404},"geometry":{"type":"Polygon","coordinates":[[[18.58275,-33.95801],[18.58271,-33.96005],[18.58662,-33.96039],[18.58662,-33.96061],[18.5877,-33.96109],[18.58855,-33.96202],[18.58891,-33.96573],[18.58061,-33.967],[18.58031,-33.96794],[18.57677,-33.96768],[18.57681,-33.96726],[18.57588,-33.96195],[18.57566,-33.96158],[18.57962,-33.95936],[18.58199,-33.95814],[18.58275,-33.95801]]]}},{"type":"Feature","properties":{"id":"199029009","name":"Boquinar Industrial Area","commuteMinutes":13.35,"nearestJobCenter":"Cape Town International Airport","distanceKm":null,"nearestTransitKm":0.14063377156118137,"spatialBurdenScore":0.09462535086244724},"geometry":{"type":"Polygon","coordinates":[[[18.58751,-33.9821],[18.58677,-33.98158],[18.58492,-33.98022],[18.58411,-33.97933],[18.57908,-33.97376],[18.57778,-33.97219],[18.57362,-33.96748],[18.57677,-33.96768],[18.58031,-33.96794],[18.58061,-33.967],[18.58891,-33.96573],[18.58855,-33.96202],[18.5877,-33.96109],[18.58662,-33.96061],[18.58662,-33.96039],[18.58271,-33.96005],[18.58275,-33.95801],[18.58276,-33.95766],[18.58393,-33.95733],[18.58653,-33.95621],[18.58777,-33.95552],[18.58837,-33.95601],[18.58897,-33.95692],[18.59128,-33.96074],[18.5916,-33.96161],[18.5917,-33.9626],[18.59143,-33.96399],[18.59051,-33.966],[18.59013,-33.9671],[18.5899,-33.96849],[18.5899,-33.96948],[18.59012,-33.97132],[18.59006,-33.97326],[18.58943,-33.97565],[18.58787,-33.98076],[18.58751,-33.9821]]]}},{"type":"Feature","properties":{"id":"199029010","name":"Cape Town International Airport","commuteMinutes":18.79,"nearestJobCenter":"Cape Town International Airport","distanceKm":null,"nearestTransitKm":0.9218286416690822,"spatialBurdenScore":0.16213981233342992},"geometry":{"type":"Polygon","coordinates":[[[18.61549,-33.95143],[18.6265,-33.95229],[18.62647,-33.95429],[18.62592,-33.95919],[18.62568,-33.96194],[18.62534,-33.96466],[18.62556,-33.96653],[18.62592,-33.96763],[18.62649,-33.96871],[18.62837,-33.9719],[18.6303,-33.97499],[18.63063,-33.97556],[18.62952,-33.98034],[18.62805,-33.98653],[18.62789,-33.9866],[18.62728,-33.98684],[18.62608,-33.98782],[18.62527,-33.98928],[18.62521,-33.9908],[18.62582,-33.99377],[18.62549,-33.99606],[18.62496,-33.99746],[18.62447,-33.9981],[18.61591,-33.9947],[18.60994,-33.99236],[18.59321,-33.98576],[18.59164,-33.98495],[18.58751,-33.9821],[18.58787,-33.98076],[18.58943,-33.97565],[18.59006,-33.97326],[18.59012,-33.97132],[18.5899,-33.96948],[18.5899,-33.96849],[18.59013,-33.9671],[18.59051,-33.966],[18.59143,-33.96399],[18.5917,-33.9626],[18.5916,-33.96161],[18.59128,-33.96074],[18.58897,-33.95692],[18.58837,-33.95601],[18.58777,-33.95552],[18.5889,-33.95472],[18.5934,-33.95141],[18.5938,-33.95182],[18.59543,-33.95146],[18.59626,-33.95162],[18.59803,-33.95088],[18.59865,-33.9522],[18.59979,-33.95342],[18.60359,-33.95196],[18.60459,-33.95214],[18.60509,-33.95015],[18.60682,-33.9506],[18.60861,-33.95088],[18.61549,-33.95143]]]}},{"type":"Feature","properties":{"id":"199030010","name":"Belhar 7","commuteMinutes":6.59,"nearestJobCenter":"Bellville","distanceKm":null,"nearestTransitKm":1.1736813648105613,"spatialBurdenScore":0.09088058792575579},"geometry":{"type":"Polygon","coordinates":[[[18.62998,-33.95257],[18.6265,-33.95229],[18.62658,-33.95089],[18.62693,-33.94992],[18.62748,-33.94923],[18.62779,-33.94895],[18.63369,-33.94492],[18.63432,-33.94424],[18.63484,-33.94331],[18.63525,-33.94219],[18.6389,-33.94252],[18.63834,-33.94341],[18.63214,-33.95025],[18.62998,-33.95257]]]}},{"type":"Feature","properties":{"id":"199030011","name":"Belhar 14","commuteMinutes":6.98,"nearestJobCenter":"Bellville","distanceKm":null,"nearestTransitKm":1.1347430139280403,"spatialBurdenScore":0.09192305389045496},"geometry":{"type":"Polygon","coordinates":[[[18.63918,-33.94432],[18.63832,-33.94428],[18.63808,-33.94696],[18.63943,-33.94706],[18.63939,-33.94762],[18.6361,-33.94745],[18.63591,-33.94961],[18.63588,-33.95006],[18.63291,-33.94991],[18.63214,-33.95025],[18.63834,-33.94341],[18.6389,-33.94252],[18.63935,-33.94256],[18.63918,-33.94432]]]}},{"type":"Feature","properties":{"id":"199030012","name":"Belhar 10","commuteMinutes":6.9,"nearestJobCenter":"Bellville","distanceKm":null,"nearestTransitKm":0.9230215385820254,"spatialBurdenScore":0.08292086154328102},"geometry":{"type":"Polygon","coordinates":[[[18.64766,-33.94459],[18.64585,-33.94462],[18.6452,-33.94437],[18.64285,-33.94441],[18.64042,-33.94476],[18.64018,-33.94438],[18.63918,-33.94432],[18.63935,-33.94256],[18.64068,-33.94255],[18.64746,-33.94159],[18.64765,-33.94188],[18.64766,-33.94459]]]}},{"type":"Feature","properties":{"id":"199030013","name":"Belhar 21","commuteMinutes":8.21,"nearestJobCenter":"Bellville","distanceKm":null,"nearestTransitKm":1.0241608277118992,"spatialBurdenScore":0.0956997664418093},"geometry":{"type":"Polygon","coordinates":[[[18.65564,-33.94619],[18.65338,-33.94604],[18.65134,-33.94488],[18.64767,-33.94488],[18.64766,-33.94459],[18.64765,-33.94188],[18.64746,-33.94159],[18.64785,-33.94102],[18.64836,-33.94122],[18.65122,-33.94076],[18.65514,-33.94022],[18.65553,-33.94193],[18.65736,-33.94388],[18.65707,-33.94514],[18.65564,-33.94619]]]}},{"type":"Feature","properties":{"id":"199030014","name":"Belhar N.T.","commuteMinutes":8.65,"nearestJobCenter":"Bellville","distanceKm":null,"nearestTransitKm":1.2279565527765712,"spatialBurdenScore":0.10678492877772952},"geometry":{"type":"Polygon","coordinates":[[[18.65814,-33.95013],[18.65581,-33.94978],[18.6555,-33.94945],[18.65507,-33.94972],[18.65432,-33.94893],[18.6558,-33.94712],[18.65564,-33.94619],[18.65707,-33.94514],[18.65736,-33.94388],[18.65553,-33.94193],[18.65514,-33.94022],[18.65679,-33.93984],[18.66019,-33.94014],[18.66011,-33.94055],[18.65914,-33.9453],[18.65814,-33.95013]]]}},{"type":"Feature","properties":{"id":"199030015","name":"Belhar 20","commuteMinutes":8.19,"nearestJobCenter":"Bellville","distanceKm":null,"nearestTransitKm":1.3889968707309999,"spatialBurdenScore":0.11015987482924},"geometry":{"type":"Polygon","coordinates":[[[18.65432,-33.94893],[18.65211,-33.94872],[18.64954,-33.94733],[18.64771,-33.94722],[18.64767,-33.94488],[18.65134,-33.94488],[18.65338,-33.94604],[18.65564,-33.94619],[18.6558,-33.94712],[18.65432,-33.94893]]]}},{"type":"Feature","properties":{"id":"199030016","name":"Belhar 19","commuteMinutes":8.95,"nearestJobCenter":"Bellville","distanceKm":null,"nearestTransitKm":1.748771471033572,"spatialBurdenScore":0.12961752550800953},"geometry":{"type":"Polygon","coordinates":[[[18.64749,-33.95085],[18.64767,-33.94873],[18.64771,-33.94722],[18.64954,-33.94733],[18.65211,-33.94872],[18.65432,-33.94893],[18.65507,-33.94972],[18.65528,-33.95005],[18.65497,-33.95142],[18.65387,-33.95219],[18.65144,-33.95211],[18.6492,-33.95095],[18.64749,-33.95085]]]}},{"type":"Feature","properties":{"id":"199030017","name":"Belhar 16","commuteMinutes":8.26,"nearestJobCenter":"Bellville","distanceKm":null,"nearestTransitKm":1.4569128145180896,"spatialBurdenScore":0.11334317924739025},"geometry":{"type":"Polygon","coordinates":[[[18.64766,-33.94459],[18.64767,-33.94488],[18.64771,-33.94722],[18.64767,-33.94873],[18.64749,-33.95085],[18.64713,-33.95392],[18.63899,-33.95328],[18.63903,-33.95253],[18.64217,-33.9527],[18.64232,-33.95254],[18.64252,-33.94997],[18.64273,-33.94722],[18.64613,-33.94716],[18.64612,-33.94572],[18.64522,-33.94553],[18.6452,-33.94437],[18.64585,-33.94462],[18.64766,-33.94459]]]}},{"type":"Feature","properties":{"id":"199030018","name":"Belhar 15","commuteMinutes":8.06,"nearestJobCenter":"Bellville","distanceKm":null,"nearestTransitKm":1.1270107639586067,"spatialBurdenScore":0.09881376389167759},"geometry":{"type":"Polygon","coordinates":[[[18.64273,-33.94722],[18.64132,-33.94715],[18.64138,-33.94618],[18.6409,-33.94625],[18.64042,-33.94476],[18.64285,-33.94441],[18.64274,-33.94456],[18.64273,-33.94722]]]}},{"type":"Feature","properties":{"id":"199030019","name":"Belhar 9","commuteMinutes":7.51,"nearestJobCenter":"Bellville","distanceKm":null,"nearestTransitKm":1.0898756174830058,"spatialBurdenScore":0.0936616913659869},"geometry":{"type":"Polygon","coordinates":[[[18.64042,-33.94476],[18.6409,-33.94625],[18.64138,-33.94618],[18.64132,-33.94715],[18.63943,-33.94706],[18.63808,-33.94696],[18.63832,-33.94428],[18.63918,-33.94432],[18.64018,-33.94438],[18.64042,-33.94476]]]}},{"type":"Feature","properties":{"id":"199030020","name":"Belhar 12","commuteMinutes":7.28,"nearestJobCenter":"Bellville","distanceKm":null,"nearestTransitKm":1.436823123174824,"spatialBurdenScore":0.1060062582603263},"geometry":{"type":"Polygon","coordinates":[[[18.64273,-33.94722],[18.64252,-33.94997],[18.63591,-33.94961],[18.6361,-33.94745],[18.63939,-33.94762],[18.63943,-33.94706],[18.64132,-33.94715],[18.64273,-33.94722]]]}},{"type":"Feature","properties":{"id":"199030021","name":"Belhar 11","commuteMinutes":7.32,"nearestJobCenter":"Bellville","distanceKm":null,"nearestTransitKm":1.1637297905839528,"spatialBurdenScore":0.09534919162335811},"geometry":{"type":"Polygon","coordinates":[[[18.64273,-33.94722],[18.64274,-33.94456],[18.64285,-33.94441],[18.6452,-33.94437],[18.64522,-33.94553],[18.64612,-33.94572],[18.64613,-33.94716],[18.64273,-33.94722]]]}},{"type":"Feature","properties":{"id":"199030022","name":"Belhar 13","commuteMinutes":7.24,"nearestJobCenter":"Bellville","distanceKm":null,"nearestTransitKm":1.7053802478103703,"spatialBurdenScore":0.11648187657908148},"geometry":{"type":"Polygon","coordinates":[[[18.64252,-33.94997],[18.64232,-33.95254],[18.64217,-33.9527],[18.63903,-33.95253],[18.63899,-33.95328],[18.63252,-33.95277],[18.62998,-33.95257],[18.63214,-33.95025],[18.63291,-33.94991],[18.63588,-33.95006],[18.63591,-33.94961],[18.64252,-33.94997]]]}},{"type":"Feature","properties":{"id":"199030023","name":"Belhar 18","commuteMinutes":8.98,"nearestJobCenter":"Bellville","distanceKm":null,"nearestTransitKm":2.012395696188611,"spatialBurdenScore":0.14036249451421112},"geometry":{"type":"Polygon","coordinates":[[[18.6572,-33.95471],[18.64727,-33.95393],[18.64713,-33.95392],[18.64749,-33.95085],[18.6492,-33.95095],[18.65144,-33.95211],[18.65387,-33.95219],[18.65497,-33.95142],[18.65528,-33.95005],[18.65507,-33.94972],[18.6555,-33.94945],[18.65581,-33.94978],[18.65814,-33.95013],[18.6572,-33.95471]]]}},{"type":"Feature","properties":{"id":"199031001","name":"Kalkfontein SP","commuteMinutes":10.4,"nearestJobCenter":"Bellville","distanceKm":null,"nearestTransitKm":1.445195620700903,"spatialBurdenScore":0.12714115816136945},"geometry":{"type":"Polygon","coordinates":[[[18.67326,-33.94237],[18.67202,-33.94429],[18.67166,-33.94568],[18.67012,-33.94556],[18.66667,-33.94579],[18.6666,-33.94775],[18.66588,-33.94751],[18.66465,-33.94689],[18.66447,-33.94659],[18.66268,-33.94564],[18.66244,-33.94577],[18.661,-33.94553],[18.65993,-33.94524],[18.65914,-33.9453],[18.66011,-33.94055],[18.66617,-33.9414],[18.6662,-33.94123],[18.67326,-33.94237]]]}},{"type":"Feature","properties":{"id":"199032001","name":"Danarand","commuteMinutes":9.59,"nearestJobCenter":"Bellville","distanceKm":null,"nearestTransitKm":0.1297030661246142,"spatialBurdenScore":0.0691214559783179},"geometry":{"type":"Polygon","coordinates":[[[18.6775,-33.93351],[18.68058,-33.93749],[18.67683,-33.93763],[18.67681,-33.93582],[18.67632,-33.93458],[18.67584,-33.93295],[18.6762,-33.93183],[18.6775,-33.93351]]]}},{"type":"Feature","properties":{"id":"199032002","name":"Oakdene","commuteMinutes":9.5,"nearestJobCenter":"Bellville","distanceKm":null,"nearestTransitKm":0.528720320927546,"spatialBurdenScore":0.08448214617043516},"geometry":{"type":"Polygon","coordinates":[[[18.67632,-33.93458],[18.67681,-33.93582],[18.67683,-33.93763],[18.67683,-33.94281],[18.67326,-33.94237],[18.67324,-33.94098],[18.67242,-33.93921],[18.67235,-33.93737],[18.67199,-33.935],[18.67247,-33.93396],[18.6757,-33.93459],[18.67632,-33.93458]]]}},{"type":"Feature","properties":{"id":"199032003","name":"Bellville Teachers' Training College","commuteMinutes":11.38,"nearestJobCenter":"Bellville","distanceKm":null,"nearestTransitKm":0.3429167705308621,"spatialBurdenScore":0.08958333748790115},"geometry":{"type":"Polygon","coordinates":[[[18.68313,-33.94078],[18.67878,-33.94316],[18.67683,-33.94281],[18.67683,-33.93763],[18.68058,-33.93749],[18.68313,-33.94078]]]}},{"type":"Feature","properties":{"id":"199032004","name":"Silveroaks Industrial","commuteMinutes":9.93,"nearestJobCenter":"Bellville","distanceKm":null,"nearestTransitKm":0.2551319564906707,"spatialBurdenScore":0.07640527825962683},"geometry":{"type":"Polygon","coordinates":[[[18.68417,-33.93393],[18.68689,-33.93809],[18.69065,-33.94398],[18.68712,-33.94593],[18.68313,-33.94078],[18.68058,-33.93749],[18.6775,-33.93351],[18.67791,-33.93329],[18.67834,-33.93386],[18.68289,-33.93193],[18.68417,-33.93393]]]}},{"type":"Feature","properties":{"id":"199032005","name":"Highbury","commuteMinutes":11.65,"nearestJobCenter":"Bellville","distanceKm":null,"nearestTransitKm":0.7434658218086236,"spatialBurdenScore":0.10740529953901161},"geometry":{"type":"Polygon","coordinates":[[[18.68712,-33.94593],[18.68917,-33.94861],[18.68754,-33.95316],[18.6865,-33.95619],[18.68476,-33.95651],[18.68185,-33.95662],[18.678,-33.95632],[18.68043,-33.95274],[18.67378,-33.94957],[18.67654,-33.94604],[18.67684,-33.945],[18.67683,-33.94281],[18.67878,-33.94316],[18.68313,-33.94078],[18.68712,-33.94593]]]}},{"type":"Feature","properties":{"id":"199032006","name":"Gersham","commuteMinutes":11.08,"nearestJobCenter":"Bellville","distanceKm":null,"nearestTransitKm":1.108169735693302,"spatialBurdenScore":0.11819345609439874},"geometry":{"type":"Polygon","coordinates":[[[18.67683,-33.94281],[18.67684,-33.945],[18.67654,-33.94604],[18.67378,-33.94957],[18.67274,-33.9509],[18.67136,-33.95024],[18.67016,-33.95087],[18.66934,-33.95054],[18.67148,-33.9481],[18.6717,-33.94705],[18.67166,-33.94568],[18.67202,-33.94429],[18.67326,-33.94237],[18.67683,-33.94281]]]}},{"type":"Feature","properties":{"id":"199032007","name":"Kalkfontein","commuteMinutes":11.3,"nearestJobCenter":"Bellville","distanceKm":null,"nearestTransitKm":1.814455689253609,"spatialBurdenScore":0.14791156090347768},"geometry":{"type":"Polygon","coordinates":[[[18.661,-33.94553],[18.66015,-33.94665],[18.66018,-33.94768],[18.66496,-33.94908],[18.66515,-33.94836],[18.66588,-33.94751],[18.6666,-33.94775],[18.66667,-33.94579],[18.67012,-33.94556],[18.67166,-33.94568],[18.6717,-33.94705],[18.67148,-33.9481],[18.66934,-33.95054],[18.66787,-33.95175],[18.66592,-33.95285],[18.66408,-33.95355],[18.66361,-33.95418],[18.6633,-33.95517],[18.6572,-33.95471],[18.65814,-33.95013],[18.65914,-33.9453],[18.65993,-33.94524],[18.661,-33.94553]]]}},{"type":"Feature","properties":{"id":"199032008","name":"Kuils River","commuteMinutes":12.2,"nearestJobCenter":"Bellville","distanceKm":null,"nearestTransitKm":1.5661957043920436,"spatialBurdenScore":0.14398116150901508},"geometry":{"type":"Polygon","coordinates":[[[18.678,-33.95632],[18.67188,-33.95582],[18.66841,-33.95558],[18.6633,-33.95517],[18.66361,-33.95418],[18.66408,-33.95355],[18.66592,-33.95285],[18.66787,-33.95175],[18.66934,-33.95054],[18.67016,-33.95087],[18.67136,-33.95024],[18.67274,-33.9509],[18.67378,-33.94957],[18.68043,-33.95274],[18.678,-33.95632]]]}},{"type":"Feature","properties":{"id":"199032009","name":"Wembley Park","commuteMinutes":11.64,"nearestJobCenter":"Bellville","distanceKm":null,"nearestTransitKm":1.9660553548949897,"spatialBurdenScore":0.1562422141957996},"geometry":{"type":"Polygon","coordinates":[[[18.67268,-33.95874],[18.66832,-33.95865],[18.66841,-33.95558],[18.67188,-33.95582],[18.67235,-33.95705],[18.67268,-33.95874]]]}},{"type":"Feature","properties":{"id":"199032010","name":"Hagley SP1","commuteMinutes":13.38,"nearestJobCenter":"Bellville","distanceKm":null,"nearestTransitKm":1.463219748604489,"spatialBurdenScore":0.14772878994417957},"geometry":{"type":"Polygon","coordinates":[[[18.6865,-33.95619],[18.68416,-33.96299],[18.684,-33.9629],[18.67688,-33.96116],[18.67636,-33.96105],[18.67668,-33.96006],[18.67303,-33.96068],[18.67268,-33.95874],[18.67235,-33.95705],[18.67188,-33.95582],[18.678,-33.95632],[18.68185,-33.95662],[18.68476,-33.95651],[18.6865,-33.95619]]]}},{"type":"Feature","properties":{"id":"199032011","name":"Wimbledon Estate","commuteMinutes":14.84,"nearestJobCenter":"Bellville","distanceKm":null,"nearestTransitKm":0.9066485061048126,"spatialBurdenScore":0.13519927357752584},"geometry":{"type":"Polygon","coordinates":[[[18.68854,-33.97061],[18.68741,-33.97058],[18.68734,-33.97078],[18.6827,-33.96994],[18.68166,-33.96989],[18.68253,-33.96749],[18.68416,-33.96299],[18.6865,-33.95619],[18.68754,-33.95316],[18.68917,-33.94861],[18.68712,-33.94593],[18.69065,-33.94398],[18.69079,-33.94421],[18.69247,-33.94686],[18.69558,-33.9516],[18.69682,-33.95352],[18.69306,-33.95563],[18.69257,-33.95671],[18.6908,-33.96172],[18.68854,-33.97061]]]}},{"type":"Feature","properties":{"id":"199032012","name":"Rustdal","commuteMinutes":12.7,"nearestJobCenter":"Bellville","distanceKm":null,"nearestTransitKm":0.6595775029722691,"spatialBurdenScore":0.11104976678555742},"geometry":{"type":"Polygon","coordinates":[[[18.70354,-33.96334],[18.70132,-33.96432],[18.69619,-33.95765],[18.69908,-33.957],[18.69682,-33.95352],[18.69558,-33.9516],[18.698,-33.95029],[18.69998,-33.94961],[18.70149,-33.94935],[18.70269,-33.9493],[18.70391,-33.94936],[18.70373,-33.95044],[18.70553,-33.95094],[18.70668,-33.95259],[18.70633,-33.95272],[18.70577,-33.95413],[18.7045,-33.9548],[18.70517,-33.95564],[18.70677,-33.95552],[18.70674,-33.95969],[18.70607,-33.95974],[18.70247,-33.96049],[18.70279,-33.96099],[18.70215,-33.96121],[18.70354,-33.96334]]]}},{"type":"Feature","properties":{"id":"199032013","name":"Blackheath SP","commuteMinutes":13.42,"nearestJobCenter":"Bellville","distanceKm":null,"nearestTransitKm":1.0667515783311365,"spatialBurdenScore":0.13213672979991214},"geometry":{"type":"MultiPolygon","coordinates":[[[[18.70354,-33.96334],[18.70745,-33.96934],[18.70209,-33.97218],[18.69766,-33.97458],[18.69373,-33.97639],[18.69319,-33.97656],[18.69175,-33.97665],[18.68724,-33.97599],[18.68723,-33.97591],[18.68854,-33.97061],[18.6908,-33.96172],[18.69257,-33.95671],[18.69306,-33.95563],[18.69682,-33.95352],[18.69908,-33.957],[18.69619,-33.95765],[18.70132,-33.96432],[18.70354,-33.96334]]],[[[18.66588,-33.94751],[18.66515,-33.94836],[18.66496,-33.94908],[18.66018,-33.94768],[18.66015,-33.94665],[18.661,-33.94553],[18.66244,-33.94577],[18.66268,-33.94564],[18.66447,-33.94659],[18.66465,-33.94689],[18.66588,-33.94751]]]]}},{"type":"Feature","properties":{"id":"199032014","name":"Happy Valley","commuteMinutes":15.03,"nearestJobCenter":"Bellville","distanceKm":null,"nearestTransitKm":1.8804396329092197,"spatialBurdenScore":0.17541758531636878},"geometry":{"type":"Polygon","coordinates":[[[18.68854,-33.97061],[18.68723,-33.97591],[18.68655,-33.97582],[18.68327,-33.97531],[18.68202,-33.97534],[18.68165,-33.97235],[18.68122,-33.97103],[18.68166,-33.96989],[18.6827,-33.96994],[18.68734,-33.97078],[18.68741,-33.97058],[18.68854,-33.97061]]]}},{"type":"Feature","properties":{"id":"199032015","name":"Hagley SP","commuteMinutes":13.17,"nearestJobCenter":"Bellville","distanceKm":null,"nearestTransitKm":2.4034524855977546,"spatialBurdenScore":0.1839380994239102},"geometry":{"type":"Polygon","coordinates":[[[18.66822,-33.96198],[18.66603,-33.96189],[18.66619,-33.96019],[18.66772,-33.96024],[18.66774,-33.95896],[18.66831,-33.95894],[18.66822,-33.96198]]]}},{"type":"Feature","properties":{"id":"199032016","name":"Camelot","commuteMinutes":11.43,"nearestJobCenter":"Bellville","distanceKm":null,"nearestTransitKm":2.057001229596599,"spatialBurdenScore":0.158480049183864},"geometry":{"type":"Polygon","coordinates":[[[18.67268,-33.95874],[18.67303,-33.96068],[18.67668,-33.96006],[18.67636,-33.96105],[18.67688,-33.96116],[18.67534,-33.96526],[18.67539,-33.96575],[18.67444,-33.96602],[18.67355,-33.96283],[18.673,-33.96272],[18.66817,-33.96355],[18.66822,-33.96198],[18.66831,-33.95894],[18.66832,-33.95865],[18.67268,-33.95874]]]}},{"type":"Feature","properties":{"id":"199032017","name":"Sunbird Park","commuteMinutes":12.73,"nearestJobCenter":"Bellville","distanceKm":null,"nearestTransitKm":1.751833224197409,"spatialBurdenScore":0.15493999563456304},"geometry":{"type":"Polygon","coordinates":[[[18.68253,-33.96749],[18.67539,-33.96575],[18.67534,-33.96526],[18.67688,-33.96116],[18.684,-33.9629],[18.68416,-33.96299],[18.68253,-33.96749]]]}},{"type":"Feature","properties":{"id":"199032018","name":"Vogelvlei","commuteMinutes":11.68,"nearestJobCenter":"Bellville","distanceKm":null,"nearestTransitKm":3.228999266159952,"spatialBurdenScore":0.20702663731306475},"geometry":{"type":"Polygon","coordinates":[[[18.66449,-33.97363],[18.66189,-33.97365],[18.66203,-33.97284],[18.66195,-33.97174],[18.66061,-33.97056],[18.65962,-33.96994],[18.65752,-33.96908],[18.65572,-33.96849],[18.65452,-33.96795],[18.65452,-33.96794],[18.6572,-33.95471],[18.6633,-33.95517],[18.66211,-33.95683],[18.66171,-33.95774],[18.66166,-33.95836],[18.66097,-33.95871],[18.66109,-33.95959],[18.66064,-33.96117],[18.66072,-33.96217],[18.6613,-33.963],[18.66146,-33.96362],[18.66083,-33.96392],[18.66062,-33.96468],[18.66111,-33.96496],[18.66122,-33.96544],[18.66038,-33.96635],[18.66077,-33.96673],[18.66067,-33.96717],[18.66135,-33.96885],[18.66213,-33.96905],[18.66247,-33.96942],[18.66313,-33.96922],[18.6632,-33.96977],[18.66405,-33.97125],[18.66403,-33.97245],[18.66449,-33.97363]]]}},{"type":"Feature","properties":{"id":"199032019","name":"Hagley SP2","commuteMinutes":12.25,"nearestJobCenter":"Bellville","distanceKm":null,"nearestTransitKm":3.041778406325424,"spatialBurdenScore":0.20333780291968362},"geometry":{"type":"Polygon","coordinates":[[[18.66841,-33.95558],[18.66832,-33.95865],[18.66831,-33.95894],[18.66774,-33.95896],[18.66772,-33.96024],[18.66619,-33.96019],[18.66603,-33.96189],[18.66822,-33.96198],[18.66817,-33.96355],[18.673,-33.96272],[18.67355,-33.96283],[18.67444,-33.96602],[18.67515,-33.96846],[18.67437,-33.96843],[18.66944,-33.96852],[18.66884,-33.97293],[18.66794,-33.9801],[18.66572,-33.98031],[18.66535,-33.97941],[18.66551,-33.97784],[18.66524,-33.97668],[18.66468,-33.97595],[18.66425,-33.97505],[18.66464,-33.97455],[18.66449,-33.97363],[18.66403,-33.97245],[18.66405,-33.97125],[18.6632,-33.96977],[18.66313,-33.96922],[18.66247,-33.96942],[18.66213,-33.96905],[18.66135,-33.96885],[18.66067,-33.96717],[18.66077,-33.96673],[18.66038,-33.96635],[18.66122,-33.96544],[18.66111,-33.96496],[18.66062,-33.96468],[18.66083,-33.96392],[18.66146,-33.96362],[18.6613,-33.963],[18.66072,-33.96217],[18.66064,-33.96117],[18.66109,-33.95959],[18.66097,-33.95871],[18.66166,-33.95836],[18.66171,-33.95774],[18.66211,-33.95683],[18.6633,-33.95517],[18.66841,-33.95558]]]}},{"type":"Feature","properties":{"id":"199033001","name":"The Hague","commuteMinutes":10.16,"nearestJobCenter":"Bellville","distanceKm":null,"nearestTransitKm":2.655824419000963,"spatialBurdenScore":0.17396631009337188},"geometry":{"type":"Polygon","coordinates":[[[18.64609,-33.96519],[18.64393,-33.96463],[18.64084,-33.96356],[18.63987,-33.96356],[18.63436,-33.96416],[18.63395,-33.96033],[18.63407,-33.96025],[18.63339,-33.95341],[18.63246,-33.95335],[18.63252,-33.95277],[18.63899,-33.95328],[18.64713,-33.95392],[18.64727,-33.95393],[18.64675,-33.95688],[18.64671,-33.9578],[18.64696,-33.96163],[18.64677,-33.96353],[18.64609,-33.96519]]]}},{"type":"Feature","properties":{"id":"199033002","name":"Roosendal","commuteMinutes":10.61,"nearestJobCenter":"Bellville","distanceKm":null,"nearestTransitKm":2.9302146461879452,"spatialBurdenScore":0.18794191918085112},"geometry":{"type":"Polygon","coordinates":[[[18.65452,-33.96794],[18.65197,-33.96687],[18.64609,-33.96519],[18.64677,-33.96353],[18.64696,-33.96163],[18.64671,-33.9578],[18.64675,-33.95688],[18.64727,-33.95393],[18.6572,-33.95471],[18.65452,-33.96794]]]}},{"type":"Feature","properties":{"id":"199033003","name":"Voorbrug","commuteMinutes":11.35,"nearestJobCenter":"Bellville","distanceKm":null,"nearestTransitKm":3.3465616767558757,"spatialBurdenScore":0.20952913373690174},"geometry":{"type":"Polygon","coordinates":[[[18.65239,-33.97842],[18.64993,-33.97794],[18.64302,-33.97685],[18.64248,-33.97417],[18.64229,-33.97273],[18.64254,-33.97128],[18.64288,-33.97056],[18.64541,-33.96623],[18.64609,-33.96519],[18.65197,-33.96687],[18.65452,-33.96794],[18.65452,-33.96795],[18.65239,-33.97842]]]}},{"type":"Feature","properties":{"id":"199033004","name":"Delft SP","commuteMinutes":10.64,"nearestJobCenter":"Bellville","distanceKm":null,"nearestTransitKm":2.496143057136056,"spatialBurdenScore":0.1707790556187756},"geometry":{"type":"Polygon","coordinates":[[[18.64302,-33.97685],[18.64365,-33.97943],[18.64387,-33.98015],[18.64389,-33.98128],[18.64313,-33.98112],[18.64271,-33.98234],[18.64223,-33.98305],[18.63969,-33.98512],[18.63907,-33.98541],[18.63828,-33.98675],[18.63744,-33.98668],[18.63263,-33.98718],[18.62774,-33.98723],[18.62789,-33.9866],[18.62805,-33.98653],[18.62952,-33.98034],[18.63063,-33.97556],[18.6303,-33.97499],[18.63071,-33.97446],[18.63136,-33.97419],[18.63256,-33.97614],[18.63352,-33.97577],[18.63136,-33.97197],[18.63317,-33.96428],[18.63436,-33.96416],[18.63987,-33.96356],[18.64084,-33.96356],[18.64393,-33.96463],[18.64609,-33.96519],[18.64541,-33.96623],[18.64288,-33.97056],[18.64254,-33.97128],[18.64229,-33.97273],[18.64248,-33.97417],[18.64302,-33.97685]]]}},{"type":"Feature","properties":{"id":"199033005","name":"Eindhoven","commuteMinutes":11.97,"nearestJobCenter":"Bellville","distanceKm":null,"nearestTransitKm":2.322395062828585,"spatialBurdenScore":0.17269580251314343},"geometry":{"type":"Polygon","coordinates":[[[18.65239,-33.97842],[18.65184,-33.98114],[18.65156,-33.98206],[18.65082,-33.98351],[18.65009,-33.98449],[18.64759,-33.98697],[18.64694,-33.98761],[18.64599,-33.98689],[18.64601,-33.98449],[18.64447,-33.97929],[18.64365,-33.97943],[18.64302,-33.97685],[18.64993,-33.97794],[18.65239,-33.97842]]]}},{"type":"Feature","properties":{"id":"199033006","name":"Delft South","commuteMinutes":11.58,"nearestJobCenter":"Bellville","distanceKm":null,"nearestTransitKm":1.44501477575403,"spatialBurdenScore":0.1350005910301612},"geometry":{"type":"Polygon","coordinates":[[[18.64694,-33.98761],[18.63904,-33.99544],[18.63547,-33.99893],[18.63276,-34.00137],[18.62447,-33.9981],[18.62496,-33.99746],[18.62549,-33.99606],[18.62582,-33.99377],[18.62521,-33.9908],[18.62527,-33.98928],[18.62608,-33.98782],[18.62728,-33.98684],[18.62789,-33.9866],[18.62774,-33.98723],[18.63263,-33.98718],[18.63744,-33.98668],[18.63828,-33.98675],[18.63907,-33.98541],[18.63969,-33.98512],[18.64223,-33.98305],[18.64271,-33.98234],[18.64313,-33.98112],[18.64389,-33.98128],[18.64387,-33.98015],[18.64365,-33.97943],[18.64447,-33.97929],[18.64601,-33.98449],[18.64599,-33.98689],[18.64694,-33.98761]]]}},{"type":"Feature","properties":{"id":"199034001","name":"New Rest","commuteMinutes":9.68,"nearestJobCenter":"Epping Industria","distanceKm":null,"nearestTransitKm":0.22518599568124775,"spatialBurdenScore":0.07354077316058324},"geometry":{"type":"Polygon","coordinates":[[[18.56803,-33.96685],[18.56618,-33.966],[18.56579,-33.96623],[18.56466,-33.96531],[18.56241,-33.96426],[18.56264,-33.9619],[18.56669,-33.96312],[18.56878,-33.9639],[18.56856,-33.96554],[18.56803,-33.96685]]]}},{"type":"Feature","properties":{"id":"199034002","name":"Kanana","commuteMinutes":9.63,"nearestJobCenter":"Epping Industria","distanceKm":null,"nearestTransitKm":0.13616220513561764,"spatialBurdenScore":0.06964648820542471},"geometry":{"type":"Polygon","coordinates":[[[18.57267,-33.96645],[18.57362,-33.96748],[18.57778,-33.97219],[18.57731,-33.97253],[18.57757,-33.97291],[18.57599,-33.97435],[18.57574,-33.97413],[18.57213,-33.97007],[18.57178,-33.97028],[18.57008,-33.9684],[18.5692,-33.96763],[18.56803,-33.96685],[18.56856,-33.96554],[18.56878,-33.9639],[18.57009,-33.96452],[18.5713,-33.9653],[18.57085,-33.96605],[18.56981,-33.96614],[18.56996,-33.96704],[18.57095,-33.96768],[18.57151,-33.96761],[18.57267,-33.96645]]]}},{"type":"Feature","properties":{"id":"199034003","name":"Barcelona","commuteMinutes":10.86,"nearestJobCenter":"Epping Industria","distanceKm":null,"nearestTransitKm":0.20520905335787706,"spatialBurdenScore":0.08060836213431508},"geometry":{"type":"MultiPolygon","coordinates":[[[[18.58411,-33.97933],[18.5826,-33.97999],[18.58271,-33.98116],[18.58231,-33.98175],[18.57557,-33.97904],[18.5755,-33.97683],[18.57499,-33.97664],[18.5753,-33.97562],[18.57599,-33.97435],[18.57757,-33.97291],[18.57731,-33.97253],[18.57778,-33.97219],[18.57908,-33.97376],[18.58411,-33.97933]]],[[[18.57267,-33.96645],[18.57151,-33.96761],[18.57095,-33.96768],[18.56996,-33.96704],[18.56981,-33.96614],[18.57085,-33.96605],[18.5713,-33.9653],[18.57267,-33.96645]]]]}},{"type":"Feature","properties":{"id":"199034004","name":"Europe","commuteMinutes":7.14,"nearestJobCenter":"Cape Town International Airport","distanceKm":null,"nearestTransitKm":0.11303457171536423,"spatialBurdenScore":0.05212138286861456},"geometry":{"type":"Polygon","coordinates":[[[18.58677,-33.98158],[18.58559,-33.98306],[18.58497,-33.98281],[18.58231,-33.98175],[18.58271,-33.98116],[18.5826,-33.97999],[18.58411,-33.97933],[18.58492,-33.98022],[18.58677,-33.98158]]]}},{"type":"Feature","properties":{"id":"199034005","name":"Vukuzenzele","commuteMinutes":6.48,"nearestJobCenter":"Cape Town International Airport","distanceKm":null,"nearestTransitKm":0.1071664236702861,"spatialBurdenScore":0.047486656946811444},"geometry":{"type":"Polygon","coordinates":[[[18.58751,-33.9821],[18.5869,-33.98358],[18.58559,-33.98306],[18.58677,-33.98158],[18.58751,-33.9821]]]}},{"type":"Feature","properties":{"id":"199034006","name":"Lusaka","commuteMinutes":6.61,"nearestJobCenter":"Cape Town International Airport","distanceKm":null,"nearestTransitKm":0.03787870452709727,"spatialBurdenScore":0.04558181484775056},"geometry":{"type":"Polygon","coordinates":[[[18.59321,-33.98576],[18.59171,-33.98599],[18.59129,-33.98532],[18.5869,-33.98358],[18.58751,-33.9821],[18.59164,-33.98495],[18.59321,-33.98576]]]}},{"type":"Feature","properties":{"id":"199034007","name":"Crossroads","commuteMinutes":8.33,"nearestJobCenter":"Cape Town International Airport","distanceKm":null,"nearestTransitKm":0.5092828271117297,"spatialBurdenScore":0.07590464641780252},"geometry":{"type":"MultiPolygon","coordinates":[[[[18.59142,-33.98842],[18.59235,-33.98868],[18.59304,-33.98906],[18.59282,-33.99096],[18.5938,-33.99109],[18.59334,-33.98895],[18.59306,-33.98854],[18.59344,-33.98821],[18.59451,-33.98906],[18.59566,-33.98957],[18.59699,-33.99041],[18.5981,-33.99077],[18.60472,-33.99398],[18.60652,-33.99543],[18.60647,-33.99428],[18.61078,-33.99492],[18.61151,-33.99739],[18.60885,-33.9971],[18.60762,-33.99706],[18.6,-33.99793],[18.59772,-33.99842],[18.5966,-33.99887],[18.59452,-33.99942],[18.59255,-33.9998],[18.5926,-33.99883],[18.59201,-33.99729],[18.59135,-33.99183],[18.59123,-33.99006],[18.59142,-33.98842]]],[[[18.59142,-33.98842],[18.591,-33.98835],[18.58352,-33.98541],[18.58497,-33.98281],[18.58559,-33.98306],[18.5869,-33.98358],[18.59129,-33.98532],[18.59171,-33.98599],[18.59142,-33.98842]]]]}},{"type":"Feature","properties":{"id":"199034008","name":"Gugulethu SP","commuteMinutes":8.98,"nearestJobCenter":"Cape Town International Airport","distanceKm":null,"nearestTransitKm":0.7816919821805122,"spatialBurdenScore":0.09113434595388714},"geometry":{"type":"Polygon","coordinates":[[[18.56803,-33.96685],[18.5692,-33.96763],[18.57008,-33.9684],[18.57178,-33.97028],[18.57213,-33.97007],[18.57574,-33.97413],[18.57599,-33.97435],[18.5753,-33.97562],[18.57499,-33.97664],[18.5755,-33.97683],[18.57557,-33.97904],[18.58231,-33.98175],[18.58497,-33.98281],[18.58352,-33.98541],[18.57729,-33.98296],[18.57511,-33.98623],[18.57374,-33.98832],[18.57315,-33.9892],[18.57279,-33.99011],[18.57353,-33.99911],[18.57372,-34.001],[18.57261,-34.00111],[18.57272,-34.00223],[18.56688,-34.00268],[18.56486,-34.0027],[18.56482,-34.00232],[18.56391,-34.00226],[18.56387,-34.00068],[18.56388,-33.99997],[18.56529,-33.99635],[18.56416,-33.99595],[18.56247,-33.9949],[18.56112,-33.99387],[18.56024,-33.99385],[18.55998,-33.99484],[18.55907,-33.99509],[18.55944,-33.99139],[18.55993,-33.99145],[18.56079,-33.98088],[18.56148,-33.97352],[18.56185,-33.97028],[18.56241,-33.96426],[18.56466,-33.96531],[18.56579,-33.96623],[18.56618,-33.966],[18.56803,-33.96685]]]}},{"type":"Feature","properties":{"id":"199034009","name":"Zondi","commuteMinutes":11.38,"nearestJobCenter":"Cape Town International Airport","distanceKm":null,"nearestTransitKm":0.2823232033015432,"spatialBurdenScore":0.0871595947987284},"geometry":{"type":"Polygon","coordinates":[[[18.56387,-34.00068],[18.56367,-34.0008],[18.56107,-34.00085],[18.56056,-34.00026],[18.56115,-33.99928],[18.56168,-33.99626],[18.56189,-33.99565],[18.56247,-33.9949],[18.56416,-33.99595],[18.56529,-33.99635],[18.56388,-33.99997],[18.56387,-34.00068]]]}},{"type":"Feature","properties":{"id":"199034010","name":"Phola Park","commuteMinutes":12.18,"nearestJobCenter":"Cape Town International Airport","distanceKm":null,"nearestTransitKm":0.10151535814785485,"spatialBurdenScore":0.08526061432591418},"geometry":{"type":"Polygon","coordinates":[[[18.56247,-33.9949],[18.56189,-33.99565],[18.56168,-33.99626],[18.56115,-33.99928],[18.56056,-34.00026],[18.56107,-34.00085],[18.56367,-34.0008],[18.56387,-34.00068],[18.56391,-34.00226],[18.56482,-34.00232],[18.56486,-34.0027],[18.56272,-34.00273],[18.56055,-34.00255],[18.55843,-34.00214],[18.55841,-34.00097],[18.55907,-33.99509],[18.55998,-33.99484],[18.56024,-33.99385],[18.56112,-33.99387],[18.56247,-33.9949]]]}},{"type":"Feature","properties":{"id":"199034011","name":"Gqobasi Informal","commuteMinutes":7.72,"nearestJobCenter":"Cape Town International Airport","distanceKm":null,"nearestTransitKm":0.41198523033857976,"spatialBurdenScore":0.06794607588020984},"geometry":{"type":"Polygon","coordinates":[[[18.59306,-33.98854],[18.59334,-33.98895],[18.5938,-33.99109],[18.59282,-33.99096],[18.59304,-33.98906],[18.59235,-33.98868],[18.59306,-33.98854]]]}},{"type":"Feature","properties":{"id":"199034012","name":"Klipfontein Glebe","commuteMinutes":11.12,"nearestJobCenter":"Cape Town International Airport","distanceKm":null,"nearestTransitKm":0.16319811036122894,"spatialBurdenScore":0.08066125774778249},"geometry":{"type":"Polygon","coordinates":[[[18.62287,-34.00025],[18.621,-33.99888],[18.61958,-33.99828],[18.61151,-33.99739],[18.61078,-33.99492],[18.60994,-33.99236],[18.61591,-33.9947],[18.62447,-33.9981],[18.62436,-33.99826],[18.62691,-33.99994],[18.6258,-34.00134],[18.62509,-34.00087],[18.62445,-34.00149],[18.62287,-34.00025]]]}},{"type":"Feature","properties":{"id":"199035001","name":"KTC Informal","commuteMinutes":8.42,"nearestJobCenter":"Cape Town International Airport","distanceKm":null,"nearestTransitKm":1.1360909713523524,"spatialBurdenScore":0.10157697218742742},"geometry":{"type":"Polygon","coordinates":[[[18.57374,-33.98832],[18.57511,-33.98623],[18.57912,-33.98758],[18.579,-33.9886],[18.57824,-33.99003],[18.57374,-33.98832]]]}},{"type":"Feature","properties":{"id":"199035002","name":"Nyanga SP","commuteMinutes":7.92,"nearestJobCenter":"Cape Town International Airport","distanceKm":null,"nearestTransitKm":0.9384421774874799,"spatialBurdenScore":0.09033768709949919},"geometry":{"type":"Polygon","coordinates":[[[18.59123,-33.99006],[18.58999,-33.98994],[18.58975,-33.99172],[18.58868,-33.99173],[18.58165,-33.99233],[18.58121,-33.99225],[18.57315,-33.9892],[18.57374,-33.98832],[18.57824,-33.99003],[18.579,-33.9886],[18.57912,-33.98758],[18.57511,-33.98623],[18.57729,-33.98296],[18.58352,-33.98541],[18.591,-33.98835],[18.59142,-33.98842],[18.59123,-33.99006]]]}},{"type":"Feature","properties":{"id":"199035003","name":"Boys Town","commuteMinutes":8.49,"nearestJobCenter":"Cape Town International Airport","distanceKm":null,"nearestTransitKm":0.21230891054899842,"spatialBurdenScore":0.06509235642195993},"geometry":{"type":"Polygon","coordinates":[[[18.60994,-33.99236],[18.61078,-33.99492],[18.60647,-33.99428],[18.60652,-33.99543],[18.60472,-33.99398],[18.5981,-33.99077],[18.59699,-33.99041],[18.59566,-33.98957],[18.59451,-33.98906],[18.59344,-33.98821],[18.59306,-33.98854],[18.59235,-33.98868],[18.59142,-33.98842],[18.59171,-33.98599],[18.59321,-33.98576],[18.60994,-33.99236]]]}},{"type":"Feature","properties":{"id":"199035004","name":"Black City","commuteMinutes":7.69,"nearestJobCenter":"Cape Town International Airport","distanceKm":null,"nearestTransitKm":0.5785121357463696,"spatialBurdenScore":0.07440715209652146},"geometry":{"type":"Polygon","coordinates":[[[18.59123,-33.99006],[18.59135,-33.99183],[18.58975,-33.99172],[18.58999,-33.98994],[18.59123,-33.99006]]]}},{"type":"Feature","properties":{"id":"199035005","name":"New Crossroads","commuteMinutes":8.48,"nearestJobCenter":"Cape Town International Airport","distanceKm":null,"nearestTransitKm":1.5165216244001853,"spatialBurdenScore":0.11719419830934075},"geometry":{"type":"Polygon","coordinates":[[[18.58975,-33.99172],[18.59135,-33.99183],[18.59201,-33.99729],[18.5926,-33.99883],[18.59255,-33.9998],[18.58945,-34.00045],[18.58692,-34.00098],[18.58536,-34.00119],[18.57845,-34.00176],[18.57531,-34.00199],[18.57272,-34.00223],[18.57261,-34.00111],[18.57372,-34.001],[18.57353,-33.99911],[18.57279,-33.99011],[18.57315,-33.9892],[18.58121,-33.99225],[18.58165,-33.99233],[18.58868,-33.99173],[18.58975,-33.99172]]]}},{"type":"Feature","properties":{"id":"199036001","name":"Amy Biehl Informal","commuteMinutes":10.12,"nearestJobCenter":"Cape Town International Airport","distanceKm":null,"nearestTransitKm":1.1397449300082494,"spatialBurdenScore":0.11305646386699664},"geometry":{"type":"Polygon","coordinates":[[[18.58812,-34.00263],[18.58892,-34.00231],[18.5891,-34.00269],[18.58798,-34.00354],[18.5866,-34.00267],[18.5872,-34.00201],[18.58812,-34.00263]]]}},{"type":"Feature","properties":{"id":"199036002","name":"Browns Farms","commuteMinutes":11.33,"nearestJobCenter":"Cape Town International Airport","distanceKm":null,"nearestTransitKm":0.9146895092195346,"spatialBurdenScore":0.11212091370211472},"geometry":{"type":"Polygon","coordinates":[[[18.58945,-34.00045],[18.58968,-34.00251],[18.59267,-34.00225],[18.59283,-34.00368],[18.59332,-34.00791],[18.59391,-34.01279],[18.58755,-34.01317],[18.57625,-34.014],[18.57387,-34.01404],[18.57257,-34.01383],[18.56945,-34.01282],[18.56906,-34.01241],[18.56732,-34.01123],[18.56609,-34.00992],[18.56549,-34.00902],[18.5641,-34.00471],[18.56358,-34.00383],[18.56266,-34.00414],[18.56264,-34.00466],[18.56029,-34.005],[18.55899,-34.0053],[18.55826,-34.00211],[18.55843,-34.00214],[18.56055,-34.00255],[18.56272,-34.00273],[18.56486,-34.0027],[18.56688,-34.00268],[18.57272,-34.00223],[18.57531,-34.00199],[18.57573,-34.00462],[18.5787,-34.00442],[18.57845,-34.00176],[18.58536,-34.00119],[18.58692,-34.00098],[18.58945,-34.00045]],[[18.58812,-34.00263],[18.5872,-34.00201],[18.5866,-34.00267],[18.58798,-34.00354],[18.5891,-34.00269],[18.58892,-34.00231],[18.58812,-34.00263]],[[18.57209,-34.0057],[18.57179,-34.00439],[18.56944,-34.0046],[18.5707,-34.01044],[18.57402,-34.01018],[18.5737,-34.00788],[18.57344,-34.00489],[18.5727,-34.00496],[18.5728,-34.00584],[18.57209,-34.0057]],[[18.57582,-34.00627],[18.57589,-34.00643],[18.57737,-34.00627],[18.57601,-34.00519],[18.57543,-34.00538],[18.57582,-34.00627]]]}},{"type":"Feature","properties":{"id":"199036003","name":"Landsdowne Road Informal","commuteMinutes":11.34,"nearestJobCenter":"Cape Town International Airport","distanceKm":null,"nearestTransitKm":1.1393367008052597,"spatialBurdenScore":0.1211734680322104},"geometry":{"type":"Polygon","coordinates":[[[18.57531,-34.00199],[18.57845,-34.00176],[18.5787,-34.00442],[18.57573,-34.00462],[18.57531,-34.00199]]]}},{"type":"Feature","properties":{"id":"199036004","name":"Phola Park","commuteMinutes":10.31,"nearestJobCenter":"Cape Town International Airport","distanceKm":null,"nearestTransitKm":0.7987608933608892,"spatialBurdenScore":0.10068376906776891},"geometry":{"type":"Polygon","coordinates":[[[18.59718,-34.00776],[18.59475,-34.00779],[18.59332,-34.00791],[18.59283,-34.00368],[18.59547,-34.00355],[18.59635,-34.0036],[18.59639,-34.00401],[18.59792,-34.00394],[18.59802,-34.00468],[18.59864,-34.00591],[18.59928,-34.00658],[18.59937,-34.00741],[18.59858,-34.00766],[18.59718,-34.00776]]]}},{"type":"Feature","properties":{"id":"199036005","name":"Philippi East","commuteMinutes":12.8,"nearestJobCenter":"Cape Town International Airport","distanceKm":null,"nearestTransitKm":0.5602695856801091,"spatialBurdenScore":0.10774411676053769},"geometry":{"type":"Polygon","coordinates":[[[18.63276,-34.00137],[18.62903,-34.00499],[18.61926,-34.01445],[18.61832,-34.01516],[18.61688,-34.01596],[18.61546,-34.01651],[18.61386,-34.01691],[18.60732,-34.0181],[18.60264,-34.01893],[18.60086,-34.01619],[18.59962,-34.01479],[18.5978,-34.01356],[18.5963,-34.01303],[18.59496,-34.01276],[18.59391,-34.01279],[18.59332,-34.00791],[18.59475,-34.00779],[18.59718,-34.00776],[18.59788,-34.00801],[18.59794,-34.00903],[18.5999,-34.00889],[18.60025,-34.01169],[18.60224,-34.0115],[18.60218,-34.01103],[18.60414,-34.01089],[18.60455,-34.01417],[18.60448,-34.01441],[18.60569,-34.01423],[18.60576,-34.01457],[18.60687,-34.01443],[18.60607,-34.00737],[18.60572,-34.00518],[18.61015,-34.00483],[18.61034,-34.00671],[18.61829,-34.00606],[18.61993,-34.00556],[18.62086,-34.00471],[18.62119,-34.00408],[18.62163,-34.00242],[18.6221,-34.00129],[18.62287,-34.00025],[18.62445,-34.00149],[18.62509,-34.00087],[18.6258,-34.00134],[18.62691,-33.99994],[18.62436,-33.99826],[18.62447,-33.9981],[18.63276,-34.00137]]]}},{"type":"Feature","properties":{"id":"199036006","name":"Heinz Park","commuteMinutes":11.82,"nearestJobCenter":"Cape Town International Airport","distanceKm":null,"nearestTransitKm":0.2701480371207185,"spatialBurdenScore":0.08960592148482874},"geometry":{"type":"Polygon","coordinates":[[[18.59481,-34.02036],[18.59452,-34.01825],[18.59393,-34.01297],[18.59391,-34.01279],[18.59496,-34.01276],[18.5963,-34.01303],[18.5978,-34.01356],[18.59962,-34.01479],[18.60086,-34.01619],[18.60264,-34.01893],[18.59481,-34.02036]]]}},{"type":"Feature","properties":{"id":"199036007","name":"Kosovo Informal","commuteMinutes":12.73,"nearestJobCenter":"Cape Town International Airport","distanceKm":null,"nearestTransitKm":0.45115396472486835,"spatialBurdenScore":0.10291282525566141},"geometry":{"type":"Polygon","coordinates":[[[18.5856,-34.02206],[18.58513,-34.01932],[18.58506,-34.01834],[18.58524,-34.01704],[18.58507,-34.01484],[18.58769,-34.01465],[18.58755,-34.01317],[18.59391,-34.01279],[18.59393,-34.01297],[18.59039,-34.01449],[18.58836,-34.01658],[18.58868,-34.01963],[18.58938,-34.02074],[18.58952,-34.02134],[18.5856,-34.02206]]]}},{"type":"Feature","properties":{"id":"199036008","name":"Weltevreden Valley North","commuteMinutes":13.03,"nearestJobCenter":"Epping Industria","distanceKm":null,"nearestTransitKm":0.3414899078975173,"spatialBurdenScore":0.10052626298256735},"geometry":{"type":"MultiPolygon","coordinates":[[[[18.58952,-34.02134],[18.58938,-34.02074],[18.58868,-34.01963],[18.58836,-34.01658],[18.59039,-34.01449],[18.59393,-34.01297],[18.59452,-34.01825],[18.59481,-34.02036],[18.58952,-34.02134]]],[[[18.58755,-34.01317],[18.58769,-34.01465],[18.58507,-34.01484],[18.58524,-34.01704],[18.58506,-34.01834],[18.58513,-34.01932],[18.5856,-34.02206],[18.57419,-34.02413],[18.56527,-34.01242],[18.56387,-34.01095],[18.56548,-34.0109],[18.56521,-34.01017],[18.56609,-34.00992],[18.56732,-34.01123],[18.56906,-34.01241],[18.56945,-34.01282],[18.57257,-34.01383],[18.57387,-34.01404],[18.57625,-34.014],[18.58755,-34.01317]]]]}},{"type":"Feature","properties":{"id":"199036009","name":"Sweet Home","commuteMinutes":12.5,"nearestJobCenter":"Epping Industria","distanceKm":null,"nearestTransitKm":0.16372417779489287,"spatialBurdenScore":0.08988230044512904},"geometry":{"type":"Polygon","coordinates":[[[18.56387,-34.01095],[18.56275,-34.01014],[18.55973,-34.00844],[18.55899,-34.0053],[18.56029,-34.005],[18.56264,-34.00466],[18.56266,-34.00414],[18.56358,-34.00383],[18.5641,-34.00471],[18.56549,-34.00902],[18.56609,-34.00992],[18.56521,-34.01017],[18.56548,-34.0109],[18.56387,-34.01095]]]}},{"type":"Feature","properties":{"id":"199036010","name":"Philippi SP","commuteMinutes":15.55,"nearestJobCenter":"Epping Industria","distanceKm":null,"nearestTransitKm":0.9783265053754043,"spatialBurdenScore":0.14279972688168285},"geometry":{"type":"MultiPolygon","coordinates":[[[[18.57419,-34.02413],[18.57777,-34.02877],[18.58064,-34.03259],[18.5819,-34.03468],[18.58278,-34.03648],[18.58344,-34.03831],[18.58522,-34.04361],[18.58701,-34.04918],[18.58728,-34.05065],[18.58731,-34.05272],[18.58768,-34.05345],[18.59047,-34.05606],[18.59321,-34.05859],[18.58209,-34.06185],[18.57211,-34.06481],[18.57229,-34.06535],[18.56614,-34.06717],[18.56242,-34.06805],[18.56216,-34.0675],[18.55328,-34.06937],[18.54944,-34.07023],[18.54247,-34.07165],[18.53869,-34.07243],[18.53407,-34.06801],[18.53242,-34.06633],[18.5317,-34.06518],[18.5314,-34.06426],[18.52946,-34.05455],[18.52897,-34.05236],[18.52806,-34.04769],[18.52705,-34.04279],[18.52685,-34.04166],[18.52699,-34.04007],[18.52622,-34.0364],[18.52959,-34.03593],[18.52948,-34.03524],[18.53747,-34.03406],[18.53675,-34.03047],[18.53725,-34.03042],[18.53626,-34.03001],[18.53673,-34.02897],[18.53474,-34.02823],[18.53601,-34.02694],[18.53258,-34.02571],[18.52473,-34.0242],[18.52354,-34.0243],[18.52287,-34.02124],[18.52226,-34.01864],[18.52209,-34.01675],[18.52301,-34.01028],[18.52299,-34.0089],[18.52146,-34.0019],[18.52737,-34.00097],[18.53793,-33.99994],[18.53969,-33.99974],[18.54335,-33.99951],[18.54475,-33.99942],[18.54644,-33.99955],[18.54943,-34.00023],[18.55145,-34.00068],[18.55826,-34.00211],[18.55899,-34.0053],[18.55973,-34.00844],[18.56275,-34.01014],[18.56387,-34.01095],[18.56527,-34.01242],[18.57419,-34.02413]]],[[[18.59718,-34.00776],[18.59858,-34.00766],[18.59937,-34.00741],[18.59928,-34.00658],[18.59864,-34.00591],[18.59802,-34.00468],[18.59792,-34.00394],[18.59639,-34.00401],[18.59635,-34.0036],[18.59547,-34.00355],[18.59283,-34.00368],[18.59267,-34.00225],[18.58968,-34.00251],[18.58945,-34.00045],[18.59255,-33.9998],[18.59452,-33.99942],[18.5966,-33.99887],[18.59772,-33.99842],[18.6,-33.99793],[18.60762,-33.99706],[18.60885,-33.9971],[18.61151,-33.99739],[18.61958,-33.99828],[18.621,-33.99888],[18.62287,-34.00025],[18.6221,-34.00129],[18.62163,-34.00242],[18.62119,-34.00408],[18.62086,-34.00471],[18.61993,-34.00556],[18.61829,-34.00606],[18.61034,-34.00671],[18.61015,-34.00483],[18.60572,-34.00518],[18.60607,-34.00737],[18.60687,-34.01443],[18.60576,-34.01457],[18.60569,-34.01423],[18.60448,-34.01441],[18.60455,-34.01417],[18.60414,-34.01089],[18.60218,-34.01103],[18.60224,-34.0115],[18.60025,-34.01169],[18.5999,-34.00889],[18.59794,-34.00903],[18.59788,-34.00801],[18.59718,-34.00776]]]]}},{"type":"Feature","properties":{"id":"199036011","name":"Knole Park","commuteMinutes":13.89,"nearestJobCenter":"Claremont","distanceKm":null,"nearestTransitKm":3.7705502063711758,"spatialBurdenScore":0.24342200825484706},"geometry":{"type":"Polygon","coordinates":[[[18.52622,-34.0364],[18.52535,-34.03216],[18.52354,-34.0243],[18.52473,-34.0242],[18.53258,-34.02571],[18.53601,-34.02694],[18.53474,-34.02823],[18.53673,-34.02897],[18.53626,-34.03001],[18.53725,-34.03042],[18.53675,-34.03047],[18.53747,-34.03406],[18.52948,-34.03524],[18.52959,-34.03593],[18.52622,-34.0364]]]}},{"type":"Feature","properties":{"id":"199036012","name":"Link Road School Site Informal","commuteMinutes":11.17,"nearestJobCenter":"Cape Town International Airport","distanceKm":null,"nearestTransitKm":0.8663267386909508,"spatialBurdenScore":0.10911973621430471},"geometry":{"type":"Polygon","coordinates":[[[18.57582,-34.00627],[18.57543,-34.00538],[18.57601,-34.00519],[18.57737,-34.00627],[18.57589,-34.00643],[18.57582,-34.00627]]]}},{"type":"Feature","properties":{"id":"199036013","name":"Monwood Informal","commuteMinutes":11.9,"nearestJobCenter":"Cape Town International Airport","distanceKm":null,"nearestTransitKm":0.6010414711675037,"spatialBurdenScore":0.10337499218003347},"geometry":{"type":"Polygon","coordinates":[[[18.57209,-34.0057],[18.5728,-34.00584],[18.5727,-34.00496],[18.57344,-34.00489],[18.5737,-34.00788],[18.57402,-34.01018],[18.5707,-34.01044],[18.56944,-34.0046],[18.57179,-34.00439],[18.57209,-34.0057]]]}},{"type":"Feature","properties":{"id":"199037001","name":"Lagoon Beach","commuteMinutes":9.07,"nearestJobCenter":"Century City","distanceKm":null,"nearestTransitKm":0.1348356111527035,"spatialBurdenScore":0.06586009111277481},"geometry":{"type":"Polygon","coordinates":[[[18.47852,-33.89988],[18.47834,-33.9001],[18.47769,-33.89976],[18.47897,-33.89777],[18.47927,-33.89714],[18.47953,-33.89589],[18.48065,-33.89339],[18.48142,-33.89193],[18.48255,-33.89013],[18.48451,-33.89038],[18.48529,-33.89061],[18.48588,-33.89078],[18.48404,-33.89298],[18.48182,-33.8958],[18.47852,-33.89988]]]}},{"type":"Feature","properties":{"id":"199037002","name":"Rugby","commuteMinutes":8.8,"nearestJobCenter":"Century City","distanceKm":null,"nearestTransitKm":0.5101364292452263,"spatialBurdenScore":0.07907212383647572},"geometry":{"type":"Polygon","coordinates":[[[18.49306,-33.89206],[18.49326,-33.89218],[18.49636,-33.89286],[18.49584,-33.89451],[18.49527,-33.89437],[18.48908,-33.90278],[18.48779,-33.9031],[18.48669,-33.90279],[18.4857,-33.90273],[18.48126,-33.90124],[18.48101,-33.90061],[18.48381,-33.89546],[18.48483,-33.89338],[18.48404,-33.89298],[18.48588,-33.89078],[18.48723,-33.8911],[18.49082,-33.89211],[18.49137,-33.8922],[18.49306,-33.89206]]]}},{"type":"Feature","properties":{"id":"199037003","name":"Metro Industrial Township","commuteMinutes":9.2,"nearestJobCenter":"Cape Town CBD","distanceKm":null,"nearestTransitKm":0.05746881204036665,"spatialBurdenScore":0.06363208581494799},"geometry":{"type":"Polygon","coordinates":[[[18.48101,-33.90061],[18.4802,-33.90054],[18.47852,-33.89988],[18.48182,-33.8958],[18.48404,-33.89298],[18.48483,-33.89338],[18.48381,-33.89546],[18.48101,-33.90061]]]}},{"type":"Feature","properties":{"id":"199037004","name":"Paarden Eiland","commuteMinutes":7.16,"nearestJobCenter":"Cape Town CBD","distanceKm":null,"nearestTransitKm":0.11937439757549474,"spatialBurdenScore":0.05250830923635313},"geometry":{"type":"Polygon","coordinates":[[[18.47852,-33.89988],[18.4802,-33.90054],[18.48101,-33.90061],[18.48126,-33.90124],[18.48057,-33.90234],[18.48013,-33.90228],[18.47958,-33.90331],[18.48003,-33.90349],[18.47862,-33.90616],[18.47625,-33.90891],[18.47616,-33.90959],[18.47521,-33.91019],[18.47723,-33.91345],[18.478,-33.91524],[18.47842,-33.9177],[18.46767,-33.92014],[18.46625,-33.92044],[18.46423,-33.92073],[18.46053,-33.92109],[18.4618,-33.92039],[18.46511,-33.91884],[18.46574,-33.91865],[18.46255,-33.91665],[18.46237,-33.91644],[18.46441,-33.91518],[18.46766,-33.91263],[18.46934,-33.91093],[18.47159,-33.90949],[18.47279,-33.90836],[18.47104,-33.90772],[18.47211,-33.90733],[18.47329,-33.90584],[18.4742,-33.9049],[18.47547,-33.903],[18.4762,-33.90224],[18.47692,-33.90089],[18.47769,-33.89976],[18.47834,-33.9001],[18.47852,-33.89988]]]}},{"type":"Feature","properties":{"id":"199037005","name":"Brooklyn","commuteMinutes":7.12,"nearestJobCenter":"Century City","distanceKm":null,"nearestTransitKm":0.7193389908208773,"spatialBurdenScore":0.07624022629950176},"geometry":{"type":"Polygon","coordinates":[[[18.48908,-33.90278],[18.48912,-33.90294],[18.48611,-33.90923],[18.49061,-33.91076],[18.49013,-33.91177],[18.48916,-33.91153],[18.48848,-33.91261],[18.48871,-33.91614],[18.48626,-33.91672],[18.4839,-33.91701],[18.48184,-33.91662],[18.4808,-33.91674],[18.48012,-33.91702],[18.47842,-33.9177],[18.478,-33.91524],[18.47723,-33.91345],[18.47521,-33.91019],[18.47616,-33.90959],[18.47625,-33.90891],[18.47862,-33.90616],[18.48003,-33.90349],[18.47958,-33.90331],[18.48013,-33.90228],[18.48057,-33.90234],[18.48126,-33.90124],[18.4857,-33.90273],[18.48669,-33.90279],[18.48779,-33.9031],[18.48908,-33.90278]]]}},{"type":"Feature","properties":{"id":"199037006","name":"Ysterplaat Airbase","commuteMinutes":11.64,"nearestJobCenter":"Century City","distanceKm":null,"nearestTransitKm":0.5755884043063323,"spatialBurdenScore":0.10062353617225328},"geometry":{"type":"Polygon","coordinates":[[[18.50216,-33.89574],[18.50618,-33.89853],[18.50937,-33.90052],[18.50987,-33.90057],[18.50582,-33.90429],[18.49987,-33.90979],[18.4972,-33.91203],[18.49559,-33.91315],[18.49292,-33.91459],[18.49061,-33.91554],[18.48871,-33.91614],[18.48848,-33.91261],[18.48916,-33.91153],[18.49013,-33.91177],[18.49061,-33.91076],[18.48611,-33.90923],[18.48912,-33.90294],[18.48908,-33.90278],[18.49527,-33.89437],[18.49584,-33.89451],[18.49636,-33.89286],[18.49656,-33.89217],[18.50202,-33.89604],[18.50216,-33.89574]]]}},{"type":"Feature","properties":{"id":"199037007","name":"Kensington","commuteMinutes":11.1,"nearestJobCenter":"Epping Industria","distanceKm":null,"nearestTransitKm":0.3311059426380896,"spatialBurdenScore":0.08724423770552359},"geometry":{"type":"Polygon","coordinates":[[[18.51521,-33.91543],[18.51128,-33.91611],[18.51134,-33.91638],[18.5098,-33.91662],[18.50974,-33.91638],[18.5082,-33.91664],[18.50779,-33.91496],[18.50498,-33.91542],[18.50561,-33.91796],[18.50027,-33.91884],[18.49805,-33.91774],[18.49753,-33.91564],[18.49632,-33.91584],[18.49713,-33.9142],[18.49559,-33.91315],[18.4972,-33.91203],[18.49987,-33.90979],[18.50582,-33.90429],[18.50794,-33.90399],[18.51221,-33.90321],[18.51521,-33.91543]]]}},{"type":"Feature","properties":{"id":"199037008","name":"Windermere","commuteMinutes":10.12,"nearestJobCenter":"Epping Industria","distanceKm":null,"nearestTransitKm":0.9443414534711814,"spatialBurdenScore":0.10524032480551392},"geometry":{"type":"Polygon","coordinates":[[[18.51521,-33.91543],[18.51221,-33.90321],[18.52208,-33.90138],[18.52232,-33.90145],[18.52244,-33.90322],[18.52303,-33.9141],[18.51521,-33.91543]]]}},{"type":"Feature","properties":{"id":"199037009","name":"Maitland","commuteMinutes":9,"nearestJobCenter":"Century City","distanceKm":null,"nearestTransitKm":0.25510904465836864,"spatialBurdenScore":0.07020436178633474},"geometry":{"type":"Polygon","coordinates":[[[18.51521,-33.91543],[18.52303,-33.9141],[18.52316,-33.91669],[18.52418,-33.91647],[18.53757,-33.91418],[18.54019,-33.91369],[18.54052,-33.91501],[18.54119,-33.91686],[18.53831,-33.91784],[18.5351,-33.91856],[18.52804,-33.91947],[18.52193,-33.92025],[18.51233,-33.92152],[18.50646,-33.92227],[18.50337,-33.92261],[18.49577,-33.92361],[18.49443,-33.92376],[18.4889,-33.92479],[18.48613,-33.92515],[18.48575,-33.92541],[18.48609,-33.927],[18.48172,-33.9276],[18.4815,-33.92628],[18.47989,-33.9265],[18.47928,-33.92591],[18.47749,-33.92653],[18.47707,-33.92562],[18.47686,-33.92462],[18.47735,-33.92302],[18.47818,-33.92169],[18.4789,-33.92086],[18.48017,-33.92012],[18.48057,-33.9197],[18.48084,-33.9183],[18.48075,-33.91785],[18.48012,-33.91702],[18.4808,-33.91674],[18.48184,-33.91662],[18.4839,-33.91701],[18.48626,-33.91672],[18.48871,-33.91614],[18.49061,-33.91554],[18.49292,-33.91459],[18.49559,-33.91315],[18.49713,-33.9142],[18.49632,-33.91584],[18.49753,-33.91564],[18.49805,-33.91774],[18.50027,-33.91884],[18.50561,-33.91796],[18.50498,-33.91542],[18.50779,-33.91496],[18.5082,-33.91664],[18.50974,-33.91638],[18.5098,-33.91662],[18.51134,-33.91638],[18.51128,-33.91611],[18.51521,-33.91543]]]}},{"type":"Feature","properties":{"id":"199037010","name":"Salt River","commuteMinutes":9.91,"nearestJobCenter":"Cape Town CBD","distanceKm":null,"nearestTransitKm":0.03317162425558524,"spatialBurdenScore":0.06739353163689007},"geometry":{"type":"Polygon","coordinates":[[[18.47749,-33.92653],[18.47689,-33.92679],[18.47691,-33.9272],[18.47644,-33.92791],[18.47479,-33.9294],[18.47367,-33.92984],[18.47262,-33.93054],[18.47112,-33.93088],[18.46933,-33.93066],[18.46623,-33.92991],[18.46227,-33.93544],[18.4619,-33.93601],[18.46263,-33.93669],[18.45786,-33.94084],[18.4577,-33.94024],[18.45743,-33.93946],[18.45646,-33.93858],[18.45347,-33.93713],[18.45358,-33.93647],[18.45473,-33.93281],[18.45516,-33.93298],[18.45599,-33.93167],[18.45557,-33.93112],[18.45975,-33.92828],[18.46026,-33.92804],[18.46025,-33.92755],[18.45941,-33.92742],[18.45952,-33.92666],[18.46006,-33.92619],[18.46022,-33.92508],[18.45926,-33.92495],[18.45954,-33.92315],[18.45981,-33.92278],[18.45963,-33.92118],[18.46053,-33.92109],[18.46423,-33.92073],[18.46625,-33.92044],[18.46767,-33.92014],[18.47842,-33.9177],[18.48012,-33.91702],[18.48075,-33.91785],[18.48084,-33.9183],[18.48057,-33.9197],[18.48017,-33.92012],[18.4789,-33.92086],[18.47818,-33.92169],[18.47735,-33.92302],[18.47686,-33.92462],[18.47707,-33.92562],[18.47749,-33.92653]]]}},{"type":"Feature","properties":{"id":"199037011","name":"Woodstock","commuteMinutes":5.79,"nearestJobCenter":"Cape Town CBD","distanceKm":null,"nearestTransitKm":0.0003285472247490377,"spatialBurdenScore":0.03861314188898996},"geometry":{"type":"Polygon","coordinates":[[[18.46053,-33.92109],[18.45963,-33.92118],[18.45981,-33.92278],[18.45954,-33.92315],[18.45926,-33.92495],[18.46022,-33.92508],[18.46006,-33.92619],[18.45952,-33.92666],[18.45941,-33.92742],[18.46025,-33.92755],[18.46026,-33.92804],[18.45975,-33.92828],[18.45557,-33.93112],[18.45599,-33.93167],[18.45516,-33.93298],[18.45473,-33.93281],[18.45358,-33.93647],[18.45347,-33.93713],[18.45137,-33.93641],[18.45061,-33.93602],[18.44915,-33.93495],[18.44731,-33.93362],[18.44603,-33.93298],[18.4442,-33.93251],[18.44041,-33.93206],[18.44059,-33.9316],[18.4408,-33.92779],[18.4393,-33.9277],[18.43924,-33.92859],[18.43519,-33.92836],[18.43422,-33.92816],[18.43361,-33.92742],[18.43333,-33.92679],[18.4331,-33.92457],[18.43326,-33.92386],[18.43396,-33.92297],[18.4357,-33.92157],[18.43606,-33.92099],[18.4359,-33.9198],[18.43528,-33.91913],[18.43642,-33.92001],[18.43804,-33.9209],[18.4391,-33.92122],[18.44161,-33.92143],[18.44603,-33.92138],[18.44766,-33.92165],[18.44894,-33.92163],[18.44887,-33.9211],[18.45159,-33.92067],[18.45192,-33.92094],[18.45537,-33.92031],[18.45853,-33.91835],[18.45911,-33.91863],[18.46255,-33.91665],[18.46574,-33.91865],[18.46511,-33.91884],[18.4618,-33.92039],[18.46053,-33.92109]]]}},{"type":"Feature","properties":{"id":"199037012","name":"Foreshore","commuteMinutes":4.84,"nearestJobCenter":"Cape Town CBD","distanceKm":null,"nearestTransitKm":1.0036124899938108,"spatialBurdenScore":0.07241116626641911},"geometry":{"type":"Polygon","coordinates":[[[18.47104,-33.90772],[18.47279,-33.90836],[18.47159,-33.90949],[18.46934,-33.91093],[18.46766,-33.91263],[18.46441,-33.91518],[18.46237,-33.91644],[18.46255,-33.91665],[18.45911,-33.91863],[18.45853,-33.91835],[18.45537,-33.92031],[18.45192,-33.92094],[18.45159,-33.92067],[18.44887,-33.9211],[18.44894,-33.92163],[18.44766,-33.92165],[18.44603,-33.92138],[18.44161,-33.92143],[18.4391,-33.92122],[18.43804,-33.9209],[18.43642,-33.92001],[18.43528,-33.91913],[18.43192,-33.91726],[18.42761,-33.91456],[18.4258,-33.91399],[18.42586,-33.91365],[18.42604,-33.91284],[18.42362,-33.91192],[18.42302,-33.91115],[18.42309,-33.91008],[18.42411,-33.90927],[18.42362,-33.90851],[18.42382,-33.90816],[18.42865,-33.90454],[18.42739,-33.90339],[18.42764,-33.90314],[18.42861,-33.90315],[18.4291,-33.90342],[18.43061,-33.9037],[18.43203,-33.90448],[18.43314,-33.90554],[18.4341,-33.90538],[18.43226,-33.90593],[18.43309,-33.90659],[18.43332,-33.90729],[18.43254,-33.9075],[18.4305,-33.90571],[18.42547,-33.90973],[18.43168,-33.91421],[18.43583,-33.91734],[18.44027,-33.92054],[18.44151,-33.91935],[18.44184,-33.91878],[18.43888,-33.91663],[18.43852,-33.91615],[18.43916,-33.91558],[18.43988,-33.91614],[18.43933,-33.91664],[18.44212,-33.91867],[18.44272,-33.91863],[18.44127,-33.91989],[18.44225,-33.92055],[18.44576,-33.92028],[18.44583,-33.92013],[18.44346,-33.91836],[18.44452,-33.91739],[18.43997,-33.91408],[18.44007,-33.91396],[18.44457,-33.91729],[18.44622,-33.91593],[18.44614,-33.91541],[18.44273,-33.91288],[18.44288,-33.91359],[18.44172,-33.91277],[18.44235,-33.91297],[18.44264,-33.91274],[18.44175,-33.91209],[18.44087,-33.91184],[18.43987,-33.91214],[18.43964,-33.91251],[18.43518,-33.90926],[18.43504,-33.90853],[18.43611,-33.90919],[18.43689,-33.90885],[18.43675,-33.9072],[18.43696,-33.90806],[18.43888,-33.90929],[18.44609,-33.9146],[18.44811,-33.91603],[18.44805,-33.91665],[18.44898,-33.91748],[18.44786,-33.91673],[18.44712,-33.91742],[18.45005,-33.91959],[18.45086,-33.91885],[18.44935,-33.91778],[18.44946,-33.91765],[18.45097,-33.91878],[18.45148,-33.91834],[18.44977,-33.91706],[18.4499,-33.9169],[18.45147,-33.91809],[18.45232,-33.91763],[18.45492,-33.91551],[18.45326,-33.91412],[18.45314,-33.91419],[18.45071,-33.91211],[18.45074,-33.912],[18.44528,-33.90743],[18.44449,-33.90672],[18.44583,-33.90563],[18.44543,-33.90541],[18.44031,-33.90449],[18.43883,-33.90571],[18.43867,-33.90556],[18.44013,-33.90436],[18.43874,-33.90311],[18.43888,-33.903],[18.44043,-33.9043],[18.44567,-33.90527],[18.44784,-33.90718],[18.44812,-33.90717],[18.45007,-33.9089],[18.45302,-33.91138],[18.4542,-33.91218],[18.45543,-33.91245],[18.46065,-33.91226],[18.46389,-33.91226],[18.46581,-33.91206],[18.46719,-33.91147],[18.46806,-33.9109],[18.46874,-33.9102],[18.46882,-33.90978],[18.47104,-33.90772]]]}},{"type":"Feature","properties":{"id":"199037013","name":"V & A Waterfront","commuteMinutes":5.28,"nearestJobCenter":"Cape Town CBD","distanceKm":null,"nearestTransitKm":0.15879843124847084,"spatialBurdenScore":0.04155193724993884},"geometry":{"type":"Polygon","coordinates":[[[18.43445,-33.89781],[18.42879,-33.89936],[18.42868,-33.8997],[18.42785,-33.89992],[18.42761,-33.90153],[18.42723,-33.90177],[18.42616,-33.90155],[18.42705,-33.9026],[18.42635,-33.9029],[18.42505,-33.90167],[18.42309,-33.90293],[18.42445,-33.90406],[18.42417,-33.90427],[18.42282,-33.90308],[18.42146,-33.90417],[18.42269,-33.90537],[18.4224,-33.90559],[18.42107,-33.90423],[18.42039,-33.90487],[18.42078,-33.90544],[18.42189,-33.90584],[18.42125,-33.90644],[18.42102,-33.90625],[18.41958,-33.90674],[18.42005,-33.9075],[18.41927,-33.90774],[18.4173,-33.90862],[18.41826,-33.90972],[18.42057,-33.90973],[18.42059,-33.90926],[18.41972,-33.90797],[18.42022,-33.90776],[18.42116,-33.9091],[18.42185,-33.90878],[18.42087,-33.90753],[18.42119,-33.90679],[18.42237,-33.90622],[18.4231,-33.90698],[18.42479,-33.90569],[18.42495,-33.90581],[18.4232,-33.9072],[18.42382,-33.90816],[18.42362,-33.90851],[18.42411,-33.90927],[18.42309,-33.91008],[18.42302,-33.91115],[18.42362,-33.91192],[18.42604,-33.91284],[18.42586,-33.91365],[18.42353,-33.91386],[18.42163,-33.91448],[18.42049,-33.91266],[18.42131,-33.91246],[18.42113,-33.9116],[18.42008,-33.91187],[18.41966,-33.91115],[18.41867,-33.91086],[18.41735,-33.91124],[18.4168,-33.91123],[18.416,-33.91085],[18.4133,-33.90853],[18.41374,-33.90813],[18.41634,-33.90644],[18.41809,-33.9052],[18.41708,-33.90415],[18.41565,-33.903],[18.41359,-33.9017],[18.41408,-33.90149],[18.41455,-33.90181],[18.4145,-33.90125],[18.41536,-33.90061],[18.41656,-33.9015],[18.41892,-33.90215],[18.42039,-33.90152],[18.42054,-33.90102],[18.42344,-33.90061],[18.4242,-33.90079],[18.42475,-33.90039],[18.42484,-33.89992],[18.42608,-33.89976],[18.4305,-33.89854],[18.43062,-33.89864],[18.43438,-33.89759],[18.43445,-33.89781]]]}},{"type":"Feature","properties":{"id":"199037014","name":"Mouille Point","commuteMinutes":7.18,"nearestJobCenter":"Cape Town CBD","distanceKm":null,"nearestTransitKm":0.09192712458707636,"spatialBurdenScore":0.051543751650149724},"geometry":{"type":"Polygon","coordinates":[[[18.41536,-33.90061],[18.4145,-33.90125],[18.41455,-33.90181],[18.41408,-33.90149],[18.41359,-33.9017],[18.41221,-33.90084],[18.41144,-33.89987],[18.41084,-33.90006],[18.4056,-33.9006],[18.40239,-33.90147],[18.40023,-33.90213],[18.3989,-33.90593],[18.39834,-33.90585],[18.39787,-33.9058],[18.39735,-33.90517],[18.39794,-33.9036],[18.39812,-33.9009],[18.399,-33.90027],[18.40052,-33.90067],[18.4026,-33.90009],[18.40308,-33.89951],[18.40664,-33.89946],[18.40752,-33.89912],[18.40928,-33.89907],[18.41069,-33.89876],[18.41228,-33.89882],[18.41274,-33.89904],[18.41484,-33.89902],[18.41532,-33.89917],[18.41471,-33.89966],[18.41536,-33.90061]]]}},{"type":"Feature","properties":{"id":"199037015","name":"Green Point","commuteMinutes":4.58,"nearestJobCenter":"Cape Town CBD","distanceKm":null,"nearestTransitKm":0.0035525833908421505,"spatialBurdenScore":0.030675436668967014},"geometry":{"type":"Polygon","coordinates":[[[18.4168,-33.91123],[18.4169,-33.91228],[18.41672,-33.91256],[18.41806,-33.915],[18.41559,-33.91591],[18.41404,-33.91352],[18.4134,-33.91276],[18.41143,-33.91385],[18.40852,-33.91309],[18.40486,-33.91199],[18.40368,-33.91169],[18.40242,-33.91189],[18.40091,-33.91233],[18.39963,-33.91324],[18.39848,-33.9105],[18.40144,-33.91031],[18.4024,-33.91034],[18.40215,-33.90787],[18.39854,-33.90809],[18.39851,-33.90731],[18.39896,-33.90665],[18.39862,-33.90656],[18.39834,-33.90585],[18.3989,-33.90593],[18.40023,-33.90213],[18.40239,-33.90147],[18.4056,-33.9006],[18.41084,-33.90006],[18.41144,-33.89987],[18.41221,-33.90084],[18.41359,-33.9017],[18.41565,-33.903],[18.41708,-33.90415],[18.41809,-33.9052],[18.41634,-33.90644],[18.41374,-33.90813],[18.4133,-33.90853],[18.416,-33.91085],[18.4168,-33.91123]]]}},{"type":"Feature","properties":{"id":"199037016","name":"Three Anchor Bay","commuteMinutes":5.96,"nearestJobCenter":"Cape Town CBD","distanceKm":null,"nearestTransitKm":0.03097577916817882,"spatialBurdenScore":0.04097236450006049},"geometry":{"type":"Polygon","coordinates":[[[18.39834,-33.90585],[18.39862,-33.90656],[18.39896,-33.90665],[18.39851,-33.90731],[18.39854,-33.90809],[18.40215,-33.90787],[18.4024,-33.91034],[18.40144,-33.91031],[18.39848,-33.9105],[18.39672,-33.91152],[18.3962,-33.91122],[18.39495,-33.90974],[18.39481,-33.90985],[18.39329,-33.90878],[18.39349,-33.90872],[18.39432,-33.90723],[18.39554,-33.90642],[18.39647,-33.90625],[18.39764,-33.90638],[18.39787,-33.9058],[18.39834,-33.90585]]]}},{"type":"Feature","properties":{"id":"199037017","name":"Sea Point","commuteMinutes":7.62,"nearestJobCenter":"Cape Town CBD","distanceKm":null,"nearestTransitKm":0.061382582338791,"spatialBurdenScore":0.05325530329355164},"geometry":{"type":"Polygon","coordinates":[[[18.39329,-33.90878],[18.39481,-33.90985],[18.39495,-33.90974],[18.3962,-33.91122],[18.39672,-33.91152],[18.39848,-33.9105],[18.39963,-33.91324],[18.39831,-33.9138],[18.39759,-33.91342],[18.39595,-33.91482],[18.3954,-33.91627],[18.39639,-33.91682],[18.39296,-33.92103],[18.39317,-33.92121],[18.39289,-33.9242],[18.39152,-33.92353],[18.39164,-33.92334],[18.39008,-33.92257],[18.39161,-33.92037],[18.39013,-33.91954],[18.3889,-33.92126],[18.38638,-33.92003],[18.38272,-33.92521],[18.38203,-33.92597],[18.38155,-33.92617],[18.37941,-33.92414],[18.37642,-33.92417],[18.37682,-33.92337],[18.37623,-33.92277],[18.37647,-33.92217],[18.37617,-33.92178],[18.37707,-33.92129],[18.37748,-33.92181],[18.3787,-33.92106],[18.37926,-33.92053],[18.37986,-33.92058],[18.38078,-33.91999],[18.38205,-33.91888],[18.38286,-33.91878],[18.38391,-33.91834],[18.38489,-33.91769],[18.38525,-33.91775],[18.3859,-33.91633],[18.38591,-33.91497],[18.38738,-33.91356],[18.38801,-33.91253],[18.38834,-33.91127],[18.38931,-33.91035],[18.39097,-33.90908],[18.39227,-33.90855],[18.39329,-33.90878]]]}},{"type":"Feature","properties":{"id":"199037018","name":"Fresnaye","commuteMinutes":8.65,"nearestJobCenter":"Cape Town CBD","distanceKm":null,"nearestTransitKm":0.36755301388722295,"spatialBurdenScore":0.07236878722215559},"geometry":{"type":"Polygon","coordinates":[[[18.39289,-33.9242],[18.39284,-33.92467],[18.38954,-33.92842],[18.38754,-33.92876],[18.38582,-33.92943],[18.38523,-33.92934],[18.38451,-33.92988],[18.38323,-33.93044],[18.38241,-33.93064],[18.3819,-33.92857],[18.38117,-33.92673],[18.38203,-33.92597],[18.38272,-33.92521],[18.38638,-33.92003],[18.3889,-33.92126],[18.39013,-33.91954],[18.39161,-33.92037],[18.39008,-33.92257],[18.39164,-33.92334],[18.39152,-33.92353],[18.39289,-33.9242]]]}},{"type":"Feature","properties":{"id":"199037019","name":"Bantry Bay","commuteMinutes":9.46,"nearestJobCenter":"Cape Town CBD","distanceKm":null,"nearestTransitKm":0.06097471226909791,"spatialBurdenScore":0.06550565515743059},"geometry":{"type":"Polygon","coordinates":[[[18.38203,-33.92597],[18.38117,-33.92673],[18.3819,-33.92857],[18.38241,-33.93064],[18.38162,-33.93173],[18.38093,-33.93177],[18.37695,-33.93035],[18.37584,-33.92997],[18.37476,-33.93008],[18.37443,-33.92919],[18.37438,-33.92827],[18.37463,-33.92774],[18.37622,-33.92759],[18.37796,-33.92649],[18.37766,-33.92562],[18.37635,-33.92439],[18.37642,-33.92417],[18.37941,-33.92414],[18.38155,-33.92617],[18.38203,-33.92597]]]}},{"type":"Feature","properties":{"id":"199037020","name":"Signal Hill Nature Reserve","commuteMinutes":6.78,"nearestJobCenter":"Cape Town CBD","distanceKm":null,"nearestTransitKm":0.9397365064067599,"spatialBurdenScore":0.0827894602562704},"geometry":{"type":"Polygon","coordinates":[[[18.41404,-33.91352],[18.41222,-33.91469],[18.40938,-33.91451],[18.40622,-33.91713],[18.40428,-33.91828],[18.40755,-33.92353],[18.40604,-33.92402],[18.40457,-33.92265],[18.40308,-33.92443],[18.40241,-33.92404],[18.40235,-33.9247],[18.40196,-33.92516],[18.40006,-33.92563],[18.39974,-33.926],[18.39963,-33.92715],[18.39835,-33.92788],[18.39787,-33.9284],[18.397,-33.93007],[18.3972,-33.93127],[18.39789,-33.93244],[18.39791,-33.93291],[18.39748,-33.93388],[18.39811,-33.93531],[18.3983,-33.93754],[18.39817,-33.93868],[18.39784,-33.93897],[18.39659,-33.93938],[18.3965,-33.94048],[18.39504,-33.94196],[18.39389,-33.94231],[18.39319,-33.94298],[18.393,-33.94419],[18.39242,-33.94511],[18.39217,-33.94653],[18.39185,-33.94696],[18.38995,-33.94573],[18.38953,-33.94607],[18.38871,-33.94571],[18.38453,-33.94529],[18.38188,-33.94538],[18.38054,-33.94569],[18.38044,-33.94536],[18.37961,-33.94557],[18.3797,-33.94515],[18.38052,-33.94379],[18.37928,-33.9434],[18.37911,-33.9409],[18.37811,-33.9406],[18.3776,-33.94168],[18.37682,-33.94208],[18.37677,-33.9432],[18.37756,-33.94414],[18.37771,-33.94521],[18.37828,-33.94589],[18.37731,-33.94534],[18.37633,-33.94432],[18.37581,-33.94352],[18.37547,-33.94206],[18.37557,-33.94174],[18.37681,-33.94114],[18.377,-33.94038],[18.37747,-33.93993],[18.37844,-33.94017],[18.37967,-33.93703],[18.38144,-33.93716],[18.38065,-33.93315],[18.37974,-33.93249],[18.37878,-33.93225],[18.37758,-33.93165],[18.377,-33.93081],[18.37695,-33.93035],[18.38093,-33.93177],[18.38162,-33.93173],[18.38241,-33.93064],[18.38323,-33.93044],[18.38451,-33.92988],[18.38523,-33.92934],[18.38582,-33.92943],[18.38754,-33.92876],[18.38954,-33.92842],[18.39284,-33.92467],[18.39289,-33.9242],[18.39317,-33.92121],[18.39296,-33.92103],[18.39639,-33.91682],[18.3954,-33.91627],[18.39595,-33.91482],[18.39759,-33.91342],[18.39831,-33.9138],[18.39963,-33.91324],[18.40091,-33.91233],[18.40242,-33.91189],[18.40368,-33.91169],[18.40486,-33.91199],[18.40852,-33.91309],[18.41143,-33.91385],[18.4134,-33.91276],[18.41404,-33.91352]]]}},{"type":"Feature","properties":{"id":"199037021","name":"Schotschekloof","commuteMinutes":2.29,"nearestJobCenter":"Cape Town CBD","distanceKm":null,"nearestTransitKm":0.4731641328541722,"spatialBurdenScore":0.03419323198083356},"geometry":{"type":"Polygon","coordinates":[[[18.41559,-33.91591],[18.41633,-33.91691],[18.41761,-33.91788],[18.41712,-33.91836],[18.41773,-33.91884],[18.41507,-33.92127],[18.41547,-33.92157],[18.41254,-33.92419],[18.41132,-33.92539],[18.41179,-33.92573],[18.41107,-33.92638],[18.40963,-33.92529],[18.40977,-33.92496],[18.40934,-33.92395],[18.40798,-33.92337],[18.40755,-33.92353],[18.40428,-33.91828],[18.40622,-33.91713],[18.40938,-33.91451],[18.41222,-33.91469],[18.41404,-33.91352],[18.41559,-33.91591]]]}},{"type":"Feature","properties":{"id":"199037022","name":"De Waterkant","commuteMinutes":2.97,"nearestJobCenter":"Cape Town CBD","distanceKm":null,"nearestTransitKm":0.1095768746726753,"spatialBurdenScore":0.024183074986907013},"geometry":{"type":"Polygon","coordinates":[[[18.42163,-33.91448],[18.42221,-33.91561],[18.42108,-33.91693],[18.41894,-33.91888],[18.41761,-33.91788],[18.41633,-33.91691],[18.41559,-33.91591],[18.41806,-33.915],[18.41672,-33.91256],[18.4169,-33.91228],[18.4168,-33.91123],[18.41735,-33.91124],[18.41867,-33.91086],[18.41966,-33.91115],[18.42008,-33.91187],[18.42113,-33.9116],[18.42131,-33.91246],[18.42049,-33.91266],[18.42163,-33.91448]]]}},{"type":"Feature","properties":{"id":"199037023","name":"Cape Town CBD","commuteMinutes":1.14,"nearestJobCenter":"Cape Town CBD","distanceKm":null,"nearestTransitKm":0.00031865124837709296,"spatialBurdenScore":0.007612746049935083},"geometry":{"type":"Polygon","coordinates":[[[18.42586,-33.91365],[18.4258,-33.91399],[18.42761,-33.91456],[18.43192,-33.91726],[18.43528,-33.91913],[18.4359,-33.9198],[18.43606,-33.92099],[18.4357,-33.92157],[18.43396,-33.92297],[18.43326,-33.92386],[18.4331,-33.92457],[18.43333,-33.92679],[18.43361,-33.92742],[18.42796,-33.9271],[18.42693,-33.92719],[18.42533,-33.92604],[18.42161,-33.9293],[18.4223,-33.92973],[18.4213,-33.93106],[18.42048,-33.93081],[18.42008,-33.93167],[18.41844,-33.93116],[18.41873,-33.93057],[18.4175,-33.92975],[18.41441,-33.93268],[18.41278,-33.93024],[18.41285,-33.9298],[18.41385,-33.92773],[18.41381,-33.92721],[18.41179,-33.92573],[18.41132,-33.92539],[18.41254,-33.92419],[18.41547,-33.92157],[18.41507,-33.92127],[18.41773,-33.91884],[18.41712,-33.91836],[18.41761,-33.91788],[18.41894,-33.91888],[18.42108,-33.91693],[18.42221,-33.91561],[18.42163,-33.91448],[18.42353,-33.91386],[18.42586,-33.91365]]]}},{"type":"Feature","properties":{"id":"199037024","name":"Zonnebloem","commuteMinutes":1.86,"nearestJobCenter":"Cape Town CBD","distanceKm":null,"nearestTransitKm":0.06383939739254042,"spatialBurdenScore":0.014953575895701617},"geometry":{"type":"Polygon","coordinates":[[[18.43361,-33.92742],[18.43422,-33.92816],[18.43519,-33.92836],[18.43924,-33.92859],[18.4393,-33.9277],[18.4408,-33.92779],[18.44059,-33.9316],[18.44041,-33.93206],[18.43976,-33.9319],[18.43941,-33.93323],[18.44202,-33.93711],[18.44267,-33.93836],[18.44182,-33.93873],[18.44104,-33.93874],[18.43947,-33.93805],[18.43751,-33.93786],[18.43606,-33.93717],[18.43498,-33.93705],[18.43459,-33.93678],[18.43408,-33.93593],[18.43352,-33.93554],[18.43221,-33.93519],[18.42965,-33.93423],[18.42596,-33.93352],[18.42353,-33.93078],[18.4223,-33.92973],[18.42161,-33.9293],[18.42533,-33.92604],[18.42693,-33.92719],[18.42796,-33.9271],[18.43361,-33.92742]]]}},{"type":"Feature","properties":{"id":"199037025","name":"Gardens","commuteMinutes":3.94,"nearestJobCenter":"Cape Town CBD","distanceKm":null,"nearestTransitKm":0.04937051142621435,"spatialBurdenScore":0.02824148712371524},"geometry":{"type":"Polygon","coordinates":[[[18.4223,-33.92973],[18.42353,-33.93078],[18.42596,-33.93352],[18.42466,-33.93412],[18.4237,-33.93428],[18.42233,-33.93436],[18.42073,-33.93427],[18.41913,-33.93402],[18.41829,-33.9339],[18.4154,-33.93381],[18.41358,-33.93395],[18.41176,-33.93378],[18.41117,-33.93456],[18.41173,-33.93491],[18.41042,-33.93738],[18.4078,-33.94339],[18.4073,-33.94429],[18.40556,-33.94393],[18.40563,-33.94369],[18.4042,-33.94354],[18.40243,-33.94228],[18.40116,-33.94208],[18.40102,-33.94128],[18.39972,-33.94144],[18.39768,-33.94225],[18.39641,-33.94232],[18.39504,-33.94196],[18.3965,-33.94048],[18.39659,-33.93938],[18.39784,-33.93897],[18.39817,-33.93868],[18.3983,-33.93754],[18.39985,-33.93678],[18.40129,-33.93568],[18.40054,-33.93481],[18.40265,-33.93415],[18.40406,-33.93287],[18.40437,-33.93315],[18.4051,-33.93253],[18.40477,-33.93222],[18.40569,-33.93138],[18.40557,-33.93125],[18.40663,-33.93029],[18.40683,-33.9304],[18.40793,-33.92963],[18.4081,-33.92915],[18.41006,-33.92719],[18.41107,-33.92638],[18.41179,-33.92573],[18.41381,-33.92721],[18.41385,-33.92773],[18.41285,-33.9298],[18.41278,-33.93024],[18.41441,-33.93268],[18.4175,-33.92975],[18.41873,-33.93057],[18.41844,-33.93116],[18.42008,-33.93167],[18.42048,-33.93081],[18.4213,-33.93106],[18.4223,-33.92973]]]}},{"type":"Feature","properties":{"id":"199037026","name":"Tamboerskloof","commuteMinutes":4.46,"nearestJobCenter":"Cape Town CBD","distanceKm":null,"nearestTransitKm":0.3618363094834865,"spatialBurdenScore":0.044206785712672794},"geometry":{"type":"Polygon","coordinates":[[[18.40755,-33.92353],[18.40798,-33.92337],[18.40934,-33.92395],[18.40977,-33.92496],[18.40963,-33.92529],[18.41107,-33.92638],[18.41006,-33.92719],[18.4081,-33.92915],[18.40793,-33.92963],[18.40683,-33.9304],[18.40663,-33.93029],[18.40557,-33.93125],[18.40569,-33.93138],[18.40477,-33.93222],[18.4051,-33.93253],[18.40437,-33.93315],[18.40406,-33.93287],[18.40265,-33.93415],[18.40054,-33.93481],[18.40129,-33.93568],[18.39985,-33.93678],[18.3983,-33.93754],[18.39811,-33.93531],[18.39748,-33.93388],[18.39791,-33.93291],[18.39789,-33.93244],[18.3972,-33.93127],[18.397,-33.93007],[18.39787,-33.9284],[18.39835,-33.92788],[18.39963,-33.92715],[18.39974,-33.926],[18.40006,-33.92563],[18.40196,-33.92516],[18.40235,-33.9247],[18.40241,-33.92404],[18.40308,-33.92443],[18.40457,-33.92265],[18.40604,-33.92402],[18.40755,-33.92353]]]}},{"type":"Feature","properties":{"id":"199037027","name":"Table Bay Harbour","commuteMinutes":7.23,"nearestJobCenter":"Cape Town CBD","distanceKm":null,"nearestTransitKm":0.8111342260620846,"spatialBurdenScore":0.08064536904248339},"geometry":{"type":"Polygon","coordinates":[[[18.43445,-33.89781],[18.43888,-33.903],[18.43874,-33.90311],[18.44013,-33.90436],[18.43867,-33.90556],[18.43883,-33.90571],[18.44031,-33.90449],[18.44543,-33.90541],[18.44583,-33.90563],[18.44449,-33.90672],[18.44528,-33.90743],[18.45074,-33.912],[18.45071,-33.91211],[18.45314,-33.91419],[18.45326,-33.91412],[18.45492,-33.91551],[18.45232,-33.91763],[18.45147,-33.91809],[18.4499,-33.9169],[18.44977,-33.91706],[18.45148,-33.91834],[18.45097,-33.91878],[18.44946,-33.91765],[18.44935,-33.91778],[18.45086,-33.91885],[18.45005,-33.91959],[18.44712,-33.91742],[18.44786,-33.91673],[18.44898,-33.91748],[18.44805,-33.91665],[18.44811,-33.91603],[18.44609,-33.9146],[18.43888,-33.90929],[18.43696,-33.90806],[18.43675,-33.9072],[18.43689,-33.90885],[18.43611,-33.90919],[18.43504,-33.90853],[18.43518,-33.90926],[18.43964,-33.91251],[18.43987,-33.91214],[18.44087,-33.91184],[18.44175,-33.91209],[18.44264,-33.91274],[18.44235,-33.91297],[18.44172,-33.91277],[18.44288,-33.91359],[18.44273,-33.91288],[18.44614,-33.91541],[18.44622,-33.91593],[18.44457,-33.91729],[18.44007,-33.91396],[18.43997,-33.91408],[18.44452,-33.91739],[18.44346,-33.91836],[18.44583,-33.92013],[18.44576,-33.92028],[18.44225,-33.92055],[18.44127,-33.91989],[18.44272,-33.91863],[18.44212,-33.91867],[18.43933,-33.91664],[18.43988,-33.91614],[18.43916,-33.91558],[18.43852,-33.91615],[18.43888,-33.91663],[18.44184,-33.91878],[18.44151,-33.91935],[18.44027,-33.92054],[18.43583,-33.91734],[18.43168,-33.91421],[18.42547,-33.90973],[18.4305,-33.90571],[18.43254,-33.9075],[18.43332,-33.90729],[18.43309,-33.90659],[18.43226,-33.90593],[18.4341,-33.90538],[18.43314,-33.90554],[18.43203,-33.90448],[18.43061,-33.9037],[18.4291,-33.90342],[18.42861,-33.90315],[18.42764,-33.90314],[18.42739,-33.90339],[18.42865,-33.90454],[18.42382,-33.90816],[18.4232,-33.9072],[18.42495,-33.90581],[18.42479,-33.90569],[18.4231,-33.90698],[18.42237,-33.90622],[18.42119,-33.90679],[18.42087,-33.90753],[18.42185,-33.90878],[18.42116,-33.9091],[18.42022,-33.90776],[18.41972,-33.90797],[18.42059,-33.90926],[18.42057,-33.90973],[18.41826,-33.90972],[18.4173,-33.90862],[18.41927,-33.90774],[18.42005,-33.9075],[18.41958,-33.90674],[18.42102,-33.90625],[18.42125,-33.90644],[18.42189,-33.90584],[18.42078,-33.90544],[18.42039,-33.90487],[18.42107,-33.90423],[18.4224,-33.90559],[18.42269,-33.90537],[18.42146,-33.90417],[18.42282,-33.90308],[18.42417,-33.90427],[18.42445,-33.90406],[18.42309,-33.90293],[18.42505,-33.90167],[18.42635,-33.9029],[18.42705,-33.9026],[18.42616,-33.90155],[18.42723,-33.90177],[18.42761,-33.90153],[18.42785,-33.89992],[18.42868,-33.8997],[18.42879,-33.89936],[18.43445,-33.89781]]]}},{"type":"Feature","properties":{"id":"199037028","name":"Ndabeni","commuteMinutes":9.81,"nearestJobCenter":"Century City","distanceKm":null,"nearestTransitKm":0.5262063667350273,"spatialBurdenScore":0.08644825466940109},"geometry":{"type":"Polygon","coordinates":[[[18.4906,-33.93944],[18.48934,-33.93661],[18.48766,-33.93275],[18.48623,-33.93013],[18.48559,-33.92876],[18.48305,-33.93002],[18.48265,-33.92947],[18.48195,-33.92981],[18.48258,-33.9306],[18.48145,-33.93108],[18.48139,-33.93161],[18.48017,-33.93235],[18.48006,-33.93087],[18.47749,-33.92653],[18.47928,-33.92591],[18.47989,-33.9265],[18.4815,-33.92628],[18.48172,-33.9276],[18.48609,-33.927],[18.48575,-33.92541],[18.48613,-33.92515],[18.4889,-33.92479],[18.49443,-33.92376],[18.49577,-33.92361],[18.50337,-33.92261],[18.50646,-33.92227],[18.50785,-33.92943],[18.50351,-33.92999],[18.50303,-33.92972],[18.50147,-33.93138],[18.50096,-33.93156],[18.49231,-33.93327],[18.49105,-33.93541],[18.49061,-33.93731],[18.4906,-33.93944]]]}},{"type":"Feature","properties":{"id":"199037029","name":"Maitland Garden Village","commuteMinutes":8.55,"nearestJobCenter":"Claremont","distanceKm":null,"nearestTransitKm":0.20813039356658036,"spatialBurdenScore":0.06532521574266321},"geometry":{"type":"Polygon","coordinates":[[[18.48934,-33.93661],[18.48367,-33.93875],[18.48339,-33.93814],[18.48064,-33.93385],[18.48017,-33.93235],[18.48139,-33.93161],[18.48145,-33.93108],[18.48258,-33.9306],[18.48195,-33.92981],[18.48265,-33.92947],[18.48305,-33.93002],[18.48559,-33.92876],[18.48623,-33.93013],[18.48766,-33.93275],[18.48934,-33.93661]]]}},{"type":"Feature","properties":{"id":"199037030","name":"Observatory","commuteMinutes":6.92,"nearestJobCenter":"Cape Town CBD","distanceKm":null,"nearestTransitKm":0.08353318567287543,"spatialBurdenScore":0.04947466076024834},"geometry":{"type":"Polygon","coordinates":[[[18.48017,-33.93235],[18.48064,-33.93385],[18.48339,-33.93814],[18.48367,-33.93875],[18.48382,-33.93946],[18.48366,-33.94034],[18.4832,-33.94142],[18.48311,-33.94277],[18.48346,-33.94363],[18.47457,-33.94427],[18.47228,-33.94477],[18.4675,-33.94646],[18.4666,-33.94635],[18.46607,-33.94592],[18.46568,-33.94519],[18.46527,-33.94448],[18.46438,-33.94373],[18.46291,-33.94328],[18.45989,-33.94341],[18.45874,-33.94299],[18.45827,-33.94243],[18.45786,-33.94084],[18.46263,-33.93669],[18.4619,-33.93601],[18.46227,-33.93544],[18.46623,-33.92991],[18.46933,-33.93066],[18.47112,-33.93088],[18.47262,-33.93054],[18.47367,-33.92984],[18.47479,-33.9294],[18.47644,-33.92791],[18.47691,-33.9272],[18.47689,-33.92679],[18.47749,-33.92653],[18.48006,-33.93087],[18.48017,-33.93235]]]}},{"type":"Feature","properties":{"id":"199037031","name":"Oude Molen Village","commuteMinutes":8.3,"nearestJobCenter":"Epping Industria","distanceKm":null,"nearestTransitKm":0.1899125109732075,"spatialBurdenScore":0.06292983377226163},"geometry":{"type":"Polygon","coordinates":[[[18.4906,-33.93944],[18.491,-33.94292],[18.49134,-33.9443],[18.49172,-33.94494],[18.49042,-33.94579],[18.48843,-33.94636],[18.48763,-33.94497],[18.48696,-33.94418],[18.48571,-33.94359],[18.48346,-33.94363],[18.48311,-33.94277],[18.4832,-33.94142],[18.48366,-33.94034],[18.48382,-33.93946],[18.48367,-33.93875],[18.48934,-33.93661],[18.4906,-33.93944]]]}},{"type":"Feature","properties":{"id":"199037032","name":"Pinelands","commuteMinutes":10.29,"nearestJobCenter":"Epping Industria","distanceKm":null,"nearestTransitKm":0.9871384587008832,"spatialBurdenScore":0.10808553834803533},"geometry":{"type":"Polygon","coordinates":[[[18.5211,-33.9285],[18.52171,-33.93013],[18.52208,-33.93139],[18.5224,-33.93334],[18.52249,-33.93644],[18.52226,-33.93766],[18.5219,-33.93848],[18.52134,-33.93932],[18.52017,-33.94041],[18.5169,-33.94269],[18.51409,-33.94464],[18.51279,-33.94518],[18.51093,-33.94536],[18.50996,-33.94563],[18.50905,-33.94646],[18.50874,-33.9476],[18.50218,-33.94952],[18.50175,-33.94956],[18.50191,-33.94851],[18.50164,-33.94826],[18.49865,-33.94463],[18.49609,-33.9446],[18.49447,-33.94471],[18.49291,-33.94611],[18.49231,-33.9457],[18.49172,-33.94494],[18.49134,-33.9443],[18.491,-33.94292],[18.4906,-33.93944],[18.49061,-33.93731],[18.49105,-33.93541],[18.49231,-33.93327],[18.50096,-33.93156],[18.50147,-33.93138],[18.50303,-33.92972],[18.50351,-33.92999],[18.50785,-33.92943],[18.50646,-33.92227],[18.51233,-33.92152],[18.52193,-33.92025],[18.52804,-33.91947],[18.52819,-33.92023],[18.51846,-33.92346],[18.51743,-33.92357],[18.51757,-33.92409],[18.51828,-33.92471],[18.52074,-33.92781],[18.5211,-33.9285]]]}},{"type":"Feature","properties":{"id":"199037033","name":"Mowbray","commuteMinutes":6.62,"nearestJobCenter":"Claremont","distanceKm":null,"nearestTransitKm":0.5486562409100222,"spatialBurdenScore":0.06607958296973422},"geometry":{"type":"Polygon","coordinates":[[[18.49172,-33.94494],[18.49231,-33.9457],[18.49291,-33.94611],[18.49447,-33.94471],[18.49609,-33.9446],[18.49865,-33.94463],[18.50164,-33.94826],[18.50191,-33.94851],[18.50175,-33.94956],[18.50213,-33.95044],[18.50211,-33.951],[18.50104,-33.95145],[18.499,-33.9525],[18.49892,-33.95387],[18.49734,-33.95498],[18.49765,-33.95739],[18.49746,-33.95788],[18.49646,-33.95744],[18.49541,-33.9577],[18.49482,-33.957],[18.49372,-33.95636],[18.49302,-33.95602],[18.48919,-33.95373],[18.48634,-33.95214],[18.48415,-33.95099],[18.48342,-33.95164],[18.48077,-33.95104],[18.47988,-33.95099],[18.47783,-33.95023],[18.47758,-33.95058],[18.47647,-33.95027],[18.47494,-33.95019],[18.47488,-33.95047],[18.47323,-33.95033],[18.47324,-33.95086],[18.47195,-33.9509],[18.47197,-33.95136],[18.46932,-33.95151],[18.46945,-33.95],[18.46785,-33.95125],[18.46636,-33.95179],[18.4661,-33.95168],[18.46688,-33.94999],[18.46701,-33.94941],[18.46654,-33.94736],[18.46568,-33.94519],[18.46607,-33.94592],[18.4666,-33.94635],[18.4675,-33.94646],[18.47228,-33.94477],[18.47457,-33.94427],[18.48346,-33.94363],[18.48571,-33.94359],[18.48696,-33.94418],[18.48763,-33.94497],[18.48843,-33.94636],[18.49042,-33.94579],[18.49172,-33.94494]]]}},{"type":"Feature","properties":{"id":"199037034","name":"Rosebank","commuteMinutes":5.6,"nearestJobCenter":"Claremont","distanceKm":null,"nearestTransitKm":0.040244941732136524,"spatialBurdenScore":0.03894313100261879},"geometry":{"type":"Polygon","coordinates":[[[18.48342,-33.95164],[18.48095,-33.95393],[18.48015,-33.95577],[18.4791,-33.95851],[18.47912,-33.95954],[18.47827,-33.9597],[18.47622,-33.95964],[18.47244,-33.96102],[18.47282,-33.95754],[18.47116,-33.95722],[18.47153,-33.9559],[18.4695,-33.95562],[18.46773,-33.95523],[18.46627,-33.95518],[18.46459,-33.95433],[18.46522,-33.95332],[18.4661,-33.95168],[18.46636,-33.95179],[18.46785,-33.95125],[18.46945,-33.95],[18.46932,-33.95151],[18.47197,-33.95136],[18.47195,-33.9509],[18.47324,-33.95086],[18.47323,-33.95033],[18.47488,-33.95047],[18.47494,-33.95019],[18.47647,-33.95027],[18.47758,-33.95058],[18.47783,-33.95023],[18.47988,-33.95099],[18.48077,-33.95104],[18.48342,-33.95164]]]}},{"type":"Feature","properties":{"id":"199037035","name":"University of Cape Town","commuteMinutes":8.05,"nearestJobCenter":"Claremont","distanceKm":null,"nearestTransitKm":1.0201649181497066,"spatialBurdenScore":0.09447326339265494},"geometry":{"type":"Polygon","coordinates":[[[18.46522,-33.95332],[18.46459,-33.95433],[18.46391,-33.95573],[18.46381,-33.95714],[18.46354,-33.95848],[18.46316,-33.95951],[18.46227,-33.96025],[18.46082,-33.9608],[18.46047,-33.96122],[18.46001,-33.96237],[18.46011,-33.96109],[18.45966,-33.96061],[18.45606,-33.95895],[18.4561,-33.95877],[18.45865,-33.95501],[18.45894,-33.95427],[18.4604,-33.95461],[18.46062,-33.95362],[18.46132,-33.95323],[18.46218,-33.95333],[18.46327,-33.95369],[18.46342,-33.95293],[18.46387,-33.95276],[18.46432,-33.95343],[18.46522,-33.95332]]]}},{"type":"Feature","properties":{"id":"199037036","name":"Rondebosch","commuteMinutes":3.5,"nearestJobCenter":"Claremont","distanceKm":null,"nearestTransitKm":0.41486273766791065,"spatialBurdenScore":0.03992784284004976},"geometry":{"type":"Polygon","coordinates":[[[18.49518,-33.96079],[18.49584,-33.96345],[18.49577,-33.96545],[18.49497,-33.96842],[18.49304,-33.97567],[18.49251,-33.97697],[18.4914,-33.979],[18.49034,-33.97884],[18.4904,-33.9782],[18.4874,-33.97533],[18.48365,-33.97742],[18.48263,-33.97811],[18.47629,-33.9736],[18.47294,-33.97239],[18.47358,-33.9701],[18.47237,-33.9713],[18.47012,-33.97005],[18.4683,-33.96931],[18.46741,-33.96928],[18.4661,-33.96893],[18.46509,-33.97132],[18.46495,-33.97142],[18.45879,-33.96921],[18.45596,-33.96727],[18.45712,-33.96635],[18.45885,-33.96504],[18.45937,-33.96444],[18.46001,-33.96237],[18.46047,-33.96122],[18.46082,-33.9608],[18.46227,-33.96025],[18.46316,-33.95951],[18.46354,-33.95848],[18.46381,-33.95714],[18.46391,-33.95573],[18.46459,-33.95433],[18.46627,-33.95518],[18.46773,-33.95523],[18.4695,-33.95562],[18.47153,-33.9559],[18.47116,-33.95722],[18.47282,-33.95754],[18.47244,-33.96102],[18.47622,-33.95964],[18.47827,-33.9597],[18.47912,-33.95954],[18.4791,-33.95851],[18.48015,-33.95577],[18.48095,-33.95393],[18.48342,-33.95164],[18.48415,-33.95099],[18.48634,-33.95214],[18.48919,-33.95373],[18.49302,-33.95602],[18.49372,-33.95636],[18.49452,-33.95813],[18.49518,-33.96079]]]}},{"type":"Feature","properties":{"id":"199037037","name":"Table Mountain Nature Reserve","commuteMinutes":19.92,"nearestJobCenter":"Cape Town CBD","distanceKm":null,"nearestTransitKm":1.5801470307013459,"spatialBurdenScore":0.19600588122805385},"geometry":{"type":"MultiPolygon","coordinates":[[[[18.46568,-33.94519],[18.46654,-33.94736],[18.46701,-33.94941],[18.46688,-33.94999],[18.4661,-33.95168],[18.46522,-33.95332],[18.46432,-33.95343],[18.46387,-33.95276],[18.46342,-33.95293],[18.46327,-33.95369],[18.46218,-33.95333],[18.46132,-33.95323],[18.46062,-33.95362],[18.4604,-33.95461],[18.45894,-33.95427],[18.45865,-33.95501],[18.4561,-33.95877],[18.45606,-33.95895],[18.45966,-33.96061],[18.46011,-33.96109],[18.46001,-33.96237],[18.45937,-33.96444],[18.45885,-33.96504],[18.45712,-33.96635],[18.45502,-33.96492],[18.4521,-33.96399],[18.45096,-33.96425],[18.44245,-33.95948],[18.44271,-33.959],[18.44997,-33.95068],[18.45116,-33.95015],[18.45116,-33.94595],[18.45522,-33.93997],[18.45683,-33.93999],[18.4577,-33.94024],[18.45786,-33.94084],[18.45827,-33.94243],[18.45874,-33.94299],[18.45989,-33.94341],[18.46291,-33.94328],[18.46438,-33.94373],[18.46527,-33.94448],[18.46568,-33.94519]]],[[[18.44267,-33.93836],[18.44475,-33.93818],[18.44595,-33.93853],[18.44467,-33.94619],[18.44029,-33.94612],[18.44043,-33.95467],[18.42551,-33.96686],[18.42534,-33.96687],[18.41594,-33.97407],[18.41373,-33.97849],[18.4116,-33.98028],[18.41042,-33.98226],[18.41688,-33.98577],[18.41452,-33.9891],[18.4149,-33.99168],[18.41008,-33.99565],[18.40788,-33.99437],[18.40751,-33.99373],[18.40431,-33.99649],[18.40428,-33.99991],[18.40291,-34.00803],[18.40666,-34.00971],[18.40632,-34.00981],[18.40571,-34.012],[18.40516,-34.01186],[18.40143,-34.00904],[18.39884,-34.00863],[18.39449,-34.01185],[18.39237,-34.01013],[18.38871,-34.01012],[18.38864,-34.00931],[18.38627,-34.00727],[18.3859,-34.00772],[18.37558,-34.00111],[18.37785,-33.99865],[18.3843,-34.00288],[18.38606,-33.98808],[18.3894,-33.98321],[18.38592,-33.98167],[18.38886,-33.97679],[18.39223,-33.97404],[18.38459,-33.97065],[18.38099,-33.96909],[18.38225,-33.96833],[18.38261,-33.96698],[18.38257,-33.96591],[18.38331,-33.96496],[18.38355,-33.96396],[18.3843,-33.96292],[18.38524,-33.96273],[18.38568,-33.9615],[18.3864,-33.96064],[18.38621,-33.96029],[18.38685,-33.96033],[18.38776,-33.95997],[18.38792,-33.95892],[18.38862,-33.95883],[18.38879,-33.95803],[18.3884,-33.9569],[18.38849,-33.95533],[18.38881,-33.95397],[18.38962,-33.95307],[18.3901,-33.95173],[18.38853,-33.95074],[18.38982,-33.9489],[18.39104,-33.94792],[18.39185,-33.94696],[18.39217,-33.94653],[18.39242,-33.94511],[18.393,-33.94419],[18.39319,-33.94298],[18.39389,-33.94231],[18.39504,-33.94196],[18.39641,-33.94232],[18.39768,-33.94225],[18.39972,-33.94144],[18.40102,-33.94128],[18.40116,-33.94208],[18.40243,-33.94228],[18.4042,-33.94354],[18.40563,-33.94369],[18.40556,-33.94393],[18.4073,-33.94429],[18.40704,-33.94488],[18.40892,-33.94557],[18.40964,-33.94603],[18.41043,-33.94604],[18.41195,-33.9464],[18.41244,-33.94682],[18.41543,-33.94698],[18.41641,-33.9472],[18.41719,-33.94765],[18.41704,-33.94551],[18.41682,-33.94455],[18.41674,-33.94318],[18.41738,-33.94325],[18.41912,-33.9428],[18.41953,-33.94395],[18.41971,-33.94556],[18.41873,-33.94609],[18.41894,-33.94641],[18.41851,-33.94688],[18.41924,-33.94835],[18.42017,-33.94844],[18.42082,-33.94796],[18.42119,-33.94715],[18.42253,-33.94616],[18.42339,-33.94535],[18.42347,-33.94484],[18.42427,-33.94396],[18.42432,-33.9436],[18.42568,-33.94277],[18.42653,-33.94259],[18.42856,-33.94143],[18.43124,-33.94097],[18.43174,-33.94063],[18.43235,-33.93921],[18.43369,-33.93884],[18.43286,-33.93825],[18.43333,-33.93755],[18.43459,-33.93678],[18.43498,-33.93705],[18.43606,-33.93717],[18.43751,-33.93786],[18.43947,-33.93805],[18.44104,-33.93874],[18.44182,-33.93873],[18.44267,-33.93836]]]]}},{"type":"Feature","properties":{"id":"199037038","name":"Walmer Estate","commuteMinutes":2.93,"nearestJobCenter":"Cape Town CBD","distanceKm":null,"nearestTransitKm":0.02722377306870432,"spatialBurdenScore":0.020622284256081508},"geometry":{"type":"Polygon","coordinates":[[[18.44854,-33.93995],[18.44759,-33.9391],[18.44595,-33.93853],[18.44475,-33.93818],[18.44267,-33.93836],[18.44202,-33.93711],[18.43941,-33.93323],[18.43976,-33.9319],[18.44041,-33.93206],[18.4442,-33.93251],[18.44603,-33.93298],[18.44731,-33.93362],[18.44915,-33.93495],[18.44874,-33.93797],[18.44854,-33.93995]]]}},{"type":"Feature","properties":{"id":"199037039","name":"University Estate","commuteMinutes":4.12,"nearestJobCenter":"Cape Town CBD","distanceKm":null,"nearestTransitKm":0.15969337322475724,"spatialBurdenScore":0.03385440159565696},"geometry":{"type":"Polygon","coordinates":[[[18.4577,-33.94024],[18.45683,-33.93999],[18.45522,-33.93997],[18.45218,-33.94028],[18.45094,-33.94019],[18.44938,-33.9404],[18.44854,-33.93995],[18.44874,-33.93797],[18.44915,-33.93495],[18.45061,-33.93602],[18.45137,-33.93641],[18.45347,-33.93713],[18.45646,-33.93858],[18.45743,-33.93946],[18.4577,-33.94024]]]}},{"type":"Feature","properties":{"id":"199037040","name":"Cecilia State Forest","commuteMinutes":7.16,"nearestJobCenter":"Claremont","distanceKm":null,"nearestTransitKm":3.6816993383067826,"spatialBurdenScore":0.19500130686560463},"geometry":{"type":"Polygon","coordinates":[[[18.45522,-33.93997],[18.45116,-33.94595],[18.45116,-33.95015],[18.44997,-33.95068],[18.44271,-33.959],[18.44245,-33.95948],[18.43945,-33.96485],[18.43539,-33.96731],[18.43524,-33.96996],[18.43775,-33.97087],[18.43743,-33.97112],[18.4344,-33.97428],[18.43082,-33.97743],[18.42313,-33.98571],[18.42587,-33.98728],[18.42192,-33.98822],[18.42213,-33.9915],[18.4303,-33.9932],[18.42845,-33.99666],[18.42713,-33.99897],[18.42649,-34.00053],[18.42488,-34.00238],[18.42419,-34.00304],[18.42018,-34.0062],[18.41959,-34.00656],[18.41786,-34.00704],[18.41739,-34.00754],[18.41477,-34.00592],[18.4137,-34.00692],[18.41271,-34.00728],[18.4102,-34.00771],[18.40666,-34.00971],[18.40291,-34.00803],[18.40428,-33.99991],[18.40431,-33.99649],[18.40751,-33.99373],[18.40788,-33.99437],[18.41008,-33.99565],[18.4149,-33.99168],[18.41452,-33.9891],[18.41688,-33.98577],[18.41042,-33.98226],[18.4116,-33.98028],[18.41373,-33.97849],[18.41594,-33.97407],[18.42534,-33.96687],[18.42551,-33.96686],[18.44043,-33.95467],[18.44029,-33.94612],[18.44467,-33.94619],[18.44595,-33.93853],[18.44759,-33.9391],[18.44854,-33.93995],[18.44938,-33.9404],[18.45094,-33.94019],[18.45218,-33.94028],[18.45522,-33.93997]]]}},{"type":"Feature","properties":{"id":"199037041","name":"Newlands Forest","commuteMinutes":6.14,"nearestJobCenter":"Claremont","distanceKm":null,"nearestTransitKm":1.9157983375698875,"spatialBurdenScore":0.11756526683612883},"geometry":{"type":"Polygon","coordinates":[[[18.45712,-33.96635],[18.45596,-33.96727],[18.45338,-33.96944],[18.45026,-33.97158],[18.44836,-33.97317],[18.44778,-33.9727],[18.44706,-33.97337],[18.44144,-33.97921],[18.43889,-33.97756],[18.43633,-33.97563],[18.4344,-33.97428],[18.43743,-33.97112],[18.43775,-33.97087],[18.43524,-33.96996],[18.43539,-33.96731],[18.43945,-33.96485],[18.44245,-33.95948],[18.45096,-33.96425],[18.4521,-33.96399],[18.45502,-33.96492],[18.45712,-33.96635]]]}},{"type":"Feature","properties":{"id":"199037042","name":"Newlands","commuteMinutes":2.13,"nearestJobCenter":"Claremont","distanceKm":null,"nearestTransitKm":0.8819102893604361,"spatialBurdenScore":0.04947641157441744},"geometry":{"type":"Polygon","coordinates":[[[18.47294,-33.97239],[18.47208,-33.97426],[18.47095,-33.97646],[18.46896,-33.97905],[18.4681,-33.98047],[18.46731,-33.98233],[18.46694,-33.98053],[18.46707,-33.97652],[18.46451,-33.97707],[18.46327,-33.97796],[18.46065,-33.98005],[18.45941,-33.98042],[18.4586,-33.97987],[18.45812,-33.97987],[18.45642,-33.98125],[18.45571,-33.98143],[18.45475,-33.9813],[18.45335,-33.98078],[18.45314,-33.98075],[18.45053,-33.98239],[18.44897,-33.98285],[18.44793,-33.98346],[18.44712,-33.98349],[18.44515,-33.98465],[18.44391,-33.98578],[18.44209,-33.98642],[18.44054,-33.98584],[18.44041,-33.98676],[18.43755,-33.9868],[18.43651,-33.98652],[18.43748,-33.98529],[18.43811,-33.98481],[18.4375,-33.98457],[18.43479,-33.98169],[18.43654,-33.98001],[18.43889,-33.97756],[18.44144,-33.97921],[18.44706,-33.97337],[18.44778,-33.9727],[18.44836,-33.97317],[18.45026,-33.97158],[18.45338,-33.96944],[18.45596,-33.96727],[18.45879,-33.96921],[18.46495,-33.97142],[18.46509,-33.97132],[18.4661,-33.96893],[18.46741,-33.96928],[18.4683,-33.96931],[18.47012,-33.97005],[18.47237,-33.9713],[18.47358,-33.9701],[18.47294,-33.97239]]]}},{"type":"Feature","properties":{"id":"199037043","name":"Claremont","commuteMinutes":1.48,"nearestJobCenter":"Claremont","distanceKm":null,"nearestTransitKm":0.12726956081827603,"spatialBurdenScore":0.01495744909939771},"geometry":{"type":"Polygon","coordinates":[[[18.4914,-33.979],[18.49094,-33.98043],[18.49063,-33.98474],[18.49046,-33.98859],[18.48871,-33.98863],[18.48747,-33.98842],[18.48708,-33.98894],[18.48452,-33.99085],[18.48027,-33.99099],[18.47882,-33.99094],[18.47888,-33.9892],[18.47713,-33.98919],[18.4771,-33.99009],[18.47214,-33.99],[18.47189,-33.98946],[18.46858,-33.99196],[18.46709,-33.99024],[18.46678,-33.99002],[18.46141,-33.99043],[18.46099,-33.99115],[18.46068,-33.99263],[18.45922,-33.99397],[18.45706,-33.9941],[18.4567,-33.99382],[18.45553,-33.99352],[18.4551,-33.99262],[18.4542,-33.99166],[18.45155,-33.98672],[18.45151,-33.98614],[18.45185,-33.98553],[18.45251,-33.98491],[18.45279,-33.98416],[18.4524,-33.98257],[18.45246,-33.98208],[18.45321,-33.98124],[18.45335,-33.98078],[18.45475,-33.9813],[18.45571,-33.98143],[18.45642,-33.98125],[18.45812,-33.97987],[18.4586,-33.97987],[18.45941,-33.98042],[18.46065,-33.98005],[18.46327,-33.97796],[18.46451,-33.97707],[18.46707,-33.97652],[18.46694,-33.98053],[18.46731,-33.98233],[18.4681,-33.98047],[18.46896,-33.97905],[18.47095,-33.97646],[18.47208,-33.97426],[18.47294,-33.97239],[18.47629,-33.9736],[18.48263,-33.97811],[18.48365,-33.97742],[18.4874,-33.97533],[18.4904,-33.9782],[18.49034,-33.97884],[18.4914,-33.979]]]}},{"type":"Feature","properties":{"id":"199037044","name":"Rondebosch East","commuteMinutes":6.07,"nearestJobCenter":"Claremont","distanceKm":null,"nearestTransitKm":0.5545273944969364,"spatialBurdenScore":0.06264776244654413},"geometry":{"type":"Polygon","coordinates":[[[18.50155,-33.98106],[18.49316,-33.98059],[18.49094,-33.98043],[18.4914,-33.979],[18.49251,-33.97697],[18.49304,-33.97567],[18.49497,-33.96842],[18.50156,-33.96852],[18.50147,-33.97327],[18.5013,-33.9802],[18.50155,-33.98106]]]}},{"type":"Feature","properties":{"id":"199037045","name":"Crawford","commuteMinutes":8.1,"nearestJobCenter":"Claremont","distanceKm":null,"nearestTransitKm":0.37094691129712903,"spatialBurdenScore":0.06883787645188516},"geometry":{"type":"Polygon","coordinates":[[[18.508,-33.98138],[18.50691,-33.98134],[18.50786,-33.98391],[18.50819,-33.98384],[18.50884,-33.98506],[18.50832,-33.98521],[18.50819,-33.98484],[18.50339,-33.98608],[18.50155,-33.98106],[18.5013,-33.9802],[18.50147,-33.97327],[18.50492,-33.97369],[18.50743,-33.9739],[18.50783,-33.97751],[18.508,-33.98138]]]}},{"type":"Feature","properties":{"id":"199037046","name":"Glen View","commuteMinutes":8.37,"nearestJobCenter":"Claremont","distanceKm":null,"nearestTransitKm":0.6988366118740688,"spatialBurdenScore":0.08375346447496274},"geometry":{"type":"Polygon","coordinates":[[[18.51141,-33.97498],[18.51158,-33.97732],[18.50783,-33.97751],[18.50743,-33.9739],[18.5086,-33.97385],[18.50871,-33.97513],[18.51141,-33.97498]]]}},{"type":"Feature","properties":{"id":"199037047","name":"Glen Valley","commuteMinutes":8.05,"nearestJobCenter":"Claremont","distanceKm":null,"nearestTransitKm":0.7495557465042404,"spatialBurdenScore":0.08364889652683628},"geometry":{"type":"Polygon","coordinates":[[[18.51141,-33.97498],[18.50871,-33.97513],[18.5086,-33.97385],[18.51132,-33.9737],[18.51141,-33.97498]]]}},{"type":"Feature","properties":{"id":"199037048","name":"Devil's Peak Estate","commuteMinutes":2.86,"nearestJobCenter":"Cape Town CBD","distanceKm":null,"nearestTransitKm":0.03534391591119218,"spatialBurdenScore":0.020480423303114354},"geometry":{"type":"Polygon","coordinates":[[[18.43459,-33.93678],[18.43333,-33.93755],[18.43286,-33.93825],[18.43369,-33.93884],[18.43235,-33.93921],[18.43174,-33.94063],[18.43124,-33.94097],[18.42856,-33.94143],[18.42757,-33.94083],[18.42906,-33.94012],[18.42906,-33.93967],[18.42842,-33.93928],[18.42968,-33.93762],[18.42935,-33.93706],[18.42826,-33.93678],[18.42764,-33.93521],[18.42684,-33.93621],[18.42436,-33.93485],[18.42413,-33.93538],[18.42353,-33.93518],[18.4237,-33.93428],[18.42466,-33.93412],[18.42596,-33.93352],[18.42965,-33.93423],[18.43221,-33.93519],[18.43352,-33.93554],[18.43408,-33.93593],[18.43459,-33.93678]]]}},{"type":"Feature","properties":{"id":"199037049","name":"Devil`s Peak Estate","commuteMinutes":3.04,"nearestJobCenter":"Cape Town CBD","distanceKm":null,"nearestTransitKm":0.025812269259079545,"spatialBurdenScore":0.02129915743702985},"geometry":{"type":"Polygon","coordinates":[[[18.42842,-33.93928],[18.42532,-33.93605],[18.42413,-33.93538],[18.42436,-33.93485],[18.42684,-33.93621],[18.42764,-33.93521],[18.42826,-33.93678],[18.42935,-33.93706],[18.42968,-33.93762],[18.42842,-33.93928]]]}},{"type":"Feature","properties":{"id":"199037050","name":"Vredehoek","commuteMinutes":4.2,"nearestJobCenter":"Cape Town CBD","distanceKm":null,"nearestTransitKm":0.034941135856802745,"spatialBurdenScore":0.02939764543427211},"geometry":{"type":"Polygon","coordinates":[[[18.4237,-33.93428],[18.42353,-33.93518],[18.42413,-33.93538],[18.42532,-33.93605],[18.42842,-33.93928],[18.42906,-33.93967],[18.42906,-33.94012],[18.42757,-33.94083],[18.42856,-33.94143],[18.42653,-33.94259],[18.42568,-33.94277],[18.42432,-33.9436],[18.42427,-33.94396],[18.42347,-33.94484],[18.42339,-33.94535],[18.42253,-33.94616],[18.42119,-33.94715],[18.42082,-33.94796],[18.42017,-33.94844],[18.41924,-33.94835],[18.41851,-33.94688],[18.41894,-33.94641],[18.41873,-33.94609],[18.41971,-33.94556],[18.41953,-33.94395],[18.41912,-33.9428],[18.41738,-33.94325],[18.41796,-33.9411],[18.41808,-33.94022],[18.41863,-33.93918],[18.41881,-33.93826],[18.41861,-33.9368],[18.41913,-33.93402],[18.42073,-33.93427],[18.42233,-33.93436],[18.4237,-33.93428]]]}},{"type":"Feature","properties":{"id":"199037051","name":"Oranjezicht","commuteMinutes":3.26,"nearestJobCenter":"Cape Town CBD","distanceKm":null,"nearestTransitKm":0.07879275221759632,"spatialBurdenScore":0.024885043422037186},"geometry":{"type":"Polygon","coordinates":[[[18.41913,-33.93402],[18.41861,-33.9368],[18.41881,-33.93826],[18.41863,-33.93918],[18.41808,-33.94022],[18.41796,-33.9411],[18.41738,-33.94325],[18.41674,-33.94318],[18.41682,-33.94455],[18.41704,-33.94551],[18.41719,-33.94765],[18.41641,-33.9472],[18.41543,-33.94698],[18.41244,-33.94682],[18.41195,-33.9464],[18.41043,-33.94604],[18.40964,-33.94603],[18.40892,-33.94557],[18.40704,-33.94488],[18.4073,-33.94429],[18.4078,-33.94339],[18.41042,-33.93738],[18.41173,-33.93491],[18.41117,-33.93456],[18.41176,-33.93378],[18.41358,-33.93395],[18.4154,-33.93381],[18.41829,-33.9339],[18.41913,-33.93402]]]}},{"type":"Feature","properties":{"id":"199037052","name":"Clifton","commuteMinutes":12.46,"nearestJobCenter":"Cape Town CBD","distanceKm":null,"nearestTransitKm":0.18596737111992576,"spatialBurdenScore":0.0905053615114637},"geometry":{"type":"Polygon","coordinates":[[[18.37695,-33.93035],[18.377,-33.93081],[18.37758,-33.93165],[18.37878,-33.93225],[18.37974,-33.93249],[18.38065,-33.93315],[18.38144,-33.93716],[18.37967,-33.93703],[18.37844,-33.94017],[18.37747,-33.93993],[18.377,-33.94038],[18.37681,-33.94114],[18.37557,-33.94174],[18.37547,-33.94206],[18.37581,-33.94352],[18.37633,-33.94432],[18.37731,-33.94534],[18.37657,-33.94625],[18.37565,-33.94616],[18.37425,-33.94538],[18.3724,-33.94531],[18.37212,-33.94464],[18.37085,-33.94378],[18.3704,-33.94323],[18.37029,-33.94176],[18.36992,-33.94095],[18.37072,-33.94096],[18.37194,-33.94065],[18.37395,-33.9408],[18.37498,-33.94018],[18.3762,-33.93906],[18.3768,-33.93802],[18.37713,-33.93683],[18.37723,-33.93498],[18.37687,-33.93468],[18.37713,-33.93357],[18.37633,-33.93282],[18.37543,-33.93235],[18.37502,-33.9316],[18.37532,-33.93127],[18.37476,-33.93008],[18.37584,-33.92997],[18.37695,-33.93035]]]}},{"type":"Feature","properties":{"id":"199037053","name":"Camps Bay","commuteMinutes":11.18,"nearestJobCenter":"Cape Town CBD","distanceKm":null,"nearestTransitKm":0.18851694518951317,"spatialBurdenScore":0.08207401114091385},"geometry":{"type":"Polygon","coordinates":[[[18.39185,-33.94696],[18.39104,-33.94792],[18.38982,-33.9489],[18.38853,-33.95074],[18.38743,-33.9516],[18.38732,-33.95221],[18.38648,-33.95325],[18.38615,-33.95398],[18.38617,-33.95455],[18.38564,-33.95526],[18.38457,-33.95781],[18.38301,-33.95861],[18.38192,-33.95903],[18.38104,-33.96001],[18.38067,-33.96101],[18.37975,-33.96204],[18.37975,-33.96273],[18.37908,-33.96329],[18.3782,-33.96283],[18.37807,-33.96174],[18.37857,-33.95955],[18.37819,-33.9576],[18.37739,-33.95647],[18.37772,-33.95566],[18.3776,-33.95456],[18.3768,-33.95381],[18.3766,-33.95449],[18.37415,-33.95459],[18.374,-33.95359],[18.37338,-33.95307],[18.37363,-33.95174],[18.37398,-33.95172],[18.37522,-33.95279],[18.3756,-33.95277],[18.37668,-33.95182],[18.37733,-33.94982],[18.37745,-33.94899],[18.37722,-33.94766],[18.37743,-33.94744],[18.37717,-33.94648],[18.37657,-33.94625],[18.37731,-33.94534],[18.37828,-33.94589],[18.37771,-33.94521],[18.37756,-33.94414],[18.37677,-33.9432],[18.37682,-33.94208],[18.3776,-33.94168],[18.37811,-33.9406],[18.37911,-33.9409],[18.37928,-33.9434],[18.38052,-33.94379],[18.3797,-33.94515],[18.37961,-33.94557],[18.38044,-33.94536],[18.38054,-33.94569],[18.38188,-33.94538],[18.38453,-33.94529],[18.38871,-33.94571],[18.38953,-33.94607],[18.38995,-33.94573],[18.39185,-33.94696]]]}},{"type":"Feature","properties":{"id":"199037054","name":"Bakoven","commuteMinutes":10.41,"nearestJobCenter":"Cape Town CBD","distanceKm":null,"nearestTransitKm":0.14301146596891282,"spatialBurdenScore":0.07512045863875652},"geometry":{"type":"Polygon","coordinates":[[[18.38099,-33.96909],[18.37348,-33.96584],[18.3728,-33.96558],[18.37204,-33.96483],[18.37288,-33.96398],[18.37189,-33.96355],[18.37162,-33.9629],[18.37238,-33.9619],[18.3718,-33.96127],[18.37227,-33.96048],[18.37227,-33.95925],[18.3727,-33.95929],[18.37338,-33.95875],[18.37432,-33.9592],[18.37542,-33.95924],[18.37618,-33.95899],[18.37693,-33.95814],[18.37647,-33.9571],[18.37568,-33.95704],[18.37473,-33.95615],[18.37415,-33.95459],[18.3766,-33.95449],[18.3768,-33.95381],[18.3776,-33.95456],[18.37772,-33.95566],[18.37739,-33.95647],[18.37819,-33.9576],[18.37857,-33.95955],[18.37807,-33.96174],[18.3782,-33.96283],[18.37908,-33.96329],[18.37975,-33.96273],[18.37975,-33.96204],[18.38067,-33.96101],[18.38104,-33.96001],[18.38192,-33.95903],[18.38301,-33.95861],[18.38457,-33.95781],[18.38564,-33.95526],[18.38617,-33.95455],[18.38615,-33.95398],[18.38648,-33.95325],[18.38732,-33.95221],[18.38743,-33.9516],[18.38853,-33.95074],[18.3901,-33.95173],[18.38962,-33.95307],[18.38881,-33.95397],[18.38849,-33.95533],[18.3884,-33.9569],[18.38879,-33.95803],[18.38862,-33.95883],[18.38792,-33.95892],[18.38776,-33.95997],[18.38685,-33.96033],[18.38621,-33.96029],[18.3864,-33.96064],[18.38568,-33.9615],[18.38524,-33.96273],[18.3843,-33.96292],[18.38355,-33.96396],[18.38331,-33.96496],[18.38257,-33.96591],[18.38261,-33.96698],[18.38225,-33.96833],[18.38099,-33.96909]]]}},{"type":"Feature","properties":{"id":"199037055","name":"Oudekraal Nature Reserve","commuteMinutes":13.35,"nearestJobCenter":"Cape Town CBD","distanceKm":null,"nearestTransitKm":0.12299615810986961,"spatialBurdenScore":0.09391984632439476},"geometry":{"type":"Polygon","coordinates":[[[18.38099,-33.96909],[18.38459,-33.97065],[18.39223,-33.97404],[18.38886,-33.97679],[18.38592,-33.98167],[18.3894,-33.98321],[18.38606,-33.98808],[18.3843,-34.00288],[18.37785,-33.99865],[18.37558,-34.00111],[18.37428,-34.00249],[18.37315,-34.00409],[18.36409,-34.00041],[18.36087,-33.99904],[18.35416,-34.00262],[18.34949,-34.00148],[18.34449,-34.00241],[18.34344,-34.00261],[18.34233,-34.00355],[18.34175,-34.00279],[18.34125,-34.00131],[18.34167,-34.00023],[18.34152,-33.99941],[18.34257,-33.99844],[18.34404,-33.99764],[18.344,-33.99515],[18.34332,-33.99416],[18.3433,-33.99278],[18.34375,-33.99107],[18.34467,-33.99063],[18.34535,-33.98983],[18.34622,-33.9896],[18.34698,-33.98877],[18.34758,-33.98878],[18.34793,-33.98838],[18.34733,-33.98808],[18.34717,-33.9875],[18.34817,-33.9873],[18.34842,-33.98662],[18.34935,-33.98655],[18.35012,-33.98589],[18.35168,-33.98655],[18.35116,-33.98742],[18.35228,-33.98705],[18.35335,-33.98695],[18.35376,-33.98595],[18.35368,-33.98565],[18.35456,-33.98522],[18.35443,-33.98434],[18.35513,-33.98425],[18.35649,-33.98462],[18.35708,-33.98424],[18.35719,-33.98369],[18.35814,-33.98302],[18.35891,-33.9819],[18.35879,-33.98159],[18.35934,-33.98122],[18.35968,-33.98059],[18.36036,-33.98099],[18.36034,-33.98177],[18.36098,-33.98189],[18.36146,-33.9815],[18.36341,-33.98054],[18.36339,-33.97991],[18.36292,-33.97901],[18.36357,-33.97864],[18.36387,-33.97907],[18.36496,-33.97886],[18.36647,-33.97762],[18.36834,-33.97546],[18.36962,-33.97421],[18.37042,-33.97408],[18.37087,-33.97349],[18.37109,-33.97214],[18.37067,-33.97084],[18.3708,-33.97014],[18.37029,-33.96881],[18.37135,-33.96773],[18.37125,-33.9673],[18.37197,-33.96731],[18.37292,-33.96673],[18.3728,-33.96558],[18.37348,-33.96584],[18.38099,-33.96909]]]}},{"type":"Feature","properties":{"id":"199037056","name":"Frere Estate","commuteMinutes":8.87,"nearestJobCenter":"Claremont","distanceKm":null,"nearestTransitKm":0.7562588945895032,"spatialBurdenScore":0.08938368911691347},"geometry":{"type":"Polygon","coordinates":[[[18.508,-33.98138],[18.50783,-33.97751],[18.51158,-33.97732],[18.51179,-33.97993],[18.51189,-33.9812],[18.508,-33.98138]]]}},{"type":"Feature","properties":{"id":"199037057","name":"Kirstenbosch National Botanical Gardens","commuteMinutes":7.2,"nearestJobCenter":"Claremont","distanceKm":null,"nearestTransitKm":3.22769793457398,"spatialBurdenScore":0.17710791738295922},"geometry":{"type":"Polygon","coordinates":[[[18.43889,-33.97756],[18.43654,-33.98001],[18.43479,-33.98169],[18.4375,-33.98457],[18.43811,-33.98481],[18.43748,-33.98529],[18.43651,-33.98652],[18.43448,-33.99006],[18.43428,-33.99071],[18.43263,-33.99351],[18.43198,-33.99284],[18.431,-33.99263],[18.4303,-33.9932],[18.42213,-33.9915],[18.42192,-33.98822],[18.42587,-33.98728],[18.42313,-33.98571],[18.43082,-33.97743],[18.4344,-33.97428],[18.43633,-33.97563],[18.43889,-33.97756]]]}},{"type":"Feature","properties":{"id":"199037058","name":"Bishopscourt","commuteMinutes":5.03,"nearestJobCenter":"Claremont","distanceKm":null,"nearestTransitKm":2.076226759513467,"spatialBurdenScore":0.11658240371387202},"geometry":{"type":"Polygon","coordinates":[[[18.45553,-33.99352],[18.45518,-33.99455],[18.45308,-33.99644],[18.4506,-33.99847],[18.45001,-33.99937],[18.44998,-34.00016],[18.44926,-34.00039],[18.44863,-34.00009],[18.4478,-33.99897],[18.44729,-33.99739],[18.44632,-33.9962],[18.4456,-33.99578],[18.44421,-33.9954],[18.44295,-33.99522],[18.44217,-33.9957],[18.43782,-33.9964],[18.43696,-33.9964],[18.43647,-33.9963],[18.43295,-33.99383],[18.43263,-33.99351],[18.43428,-33.99071],[18.43448,-33.99006],[18.43651,-33.98652],[18.43755,-33.9868],[18.44041,-33.98676],[18.44054,-33.98584],[18.44209,-33.98642],[18.44391,-33.98578],[18.44515,-33.98465],[18.44712,-33.98349],[18.44793,-33.98346],[18.44897,-33.98285],[18.45053,-33.98239],[18.45314,-33.98075],[18.45335,-33.98078],[18.45321,-33.98124],[18.45246,-33.98208],[18.4524,-33.98257],[18.45279,-33.98416],[18.45251,-33.98491],[18.45185,-33.98553],[18.45151,-33.98614],[18.45155,-33.98672],[18.4542,-33.99166],[18.4551,-33.99262],[18.45553,-33.99352]]]}},{"type":"Feature","properties":{"id":"199037059","name":"Constantia Heights","commuteMinutes":9.16,"nearestJobCenter":"Claremont","distanceKm":null,"nearestTransitKm":3.443412163184756,"spatialBurdenScore":0.1988031531940569},"geometry":{"type":"Polygon","coordinates":[[[18.43696,-33.9964],[18.437,-33.99685],[18.43818,-33.99808],[18.4429,-34.00551],[18.44081,-34.00992],[18.44125,-34.01014],[18.44302,-34.0116],[18.44194,-34.0116],[18.4373,-34.01111],[18.43583,-34.01104],[18.43514,-34.01077],[18.43253,-34.01073],[18.43166,-34.00817],[18.43075,-34.00674],[18.42946,-34.00604],[18.42772,-34.0045],[18.42645,-34.00363],[18.42488,-34.00238],[18.42649,-34.00053],[18.42713,-33.99897],[18.42845,-33.99666],[18.4303,-33.9932],[18.431,-33.99263],[18.43198,-33.99284],[18.43263,-33.99351],[18.43295,-33.99383],[18.43647,-33.9963],[18.43696,-33.9964]]]}},{"type":"Feature","properties":{"id":"199037060","name":"Alphen","commuteMinutes":7.74,"nearestJobCenter":"Claremont","distanceKm":null,"nearestTransitKm":2.0645051002970227,"spatialBurdenScore":0.1341802040118809},"geometry":{"type":"Polygon","coordinates":[[[18.44998,-34.00016],[18.45001,-34.00249],[18.45014,-34.00388],[18.45083,-34.00581],[18.45184,-34.00753],[18.45307,-34.01129],[18.45364,-34.01377],[18.45551,-34.01378],[18.45545,-34.01468],[18.45519,-34.01519],[18.45179,-34.01826],[18.44705,-34.02101],[18.447,-34.02158],[18.44615,-34.0215],[18.44652,-34.01973],[18.44429,-34.02028],[18.44403,-34.01963],[18.44682,-34.01729],[18.44491,-34.01666],[18.44369,-34.01644],[18.44372,-34.01562],[18.4436,-34.01337],[18.44302,-34.0116],[18.44125,-34.01014],[18.44081,-34.00992],[18.4429,-34.00551],[18.43818,-33.99808],[18.437,-33.99685],[18.43696,-33.9964],[18.43782,-33.9964],[18.44217,-33.9957],[18.44295,-33.99522],[18.44421,-33.9954],[18.4456,-33.99578],[18.44632,-33.9962],[18.44729,-33.99739],[18.4478,-33.99897],[18.44863,-34.00009],[18.44926,-34.00039],[18.44998,-34.00016]]]}},{"type":"Feature","properties":{"id":"199037061","name":"Wynberg","commuteMinutes":4.16,"nearestJobCenter":"Claremont","distanceKm":null,"nearestTransitKm":0.5531366484413967,"spatialBurdenScore":0.0498587992709892},"geometry":{"type":"Polygon","coordinates":[[[18.45922,-33.99397],[18.45803,-33.99518],[18.4592,-33.99545],[18.46016,-33.9959],[18.46168,-33.99601],[18.46283,-33.99639],[18.46443,-33.9977],[18.4666,-34.00102],[18.4671,-34.00074],[18.46824,-33.99959],[18.46906,-34.00232],[18.47169,-34.00238],[18.47314,-34.00257],[18.47549,-34.00267],[18.47626,-34.00256],[18.48011,-34.0026],[18.48807,-34.00222],[18.48683,-34.00335],[18.48561,-34.0043],[18.48477,-34.00514],[18.48382,-34.00702],[18.48365,-34.0085],[18.48409,-34.0132],[18.48098,-34.01383],[18.48123,-34.01447],[18.48105,-34.01443],[18.47143,-34.01558],[18.4711,-34.01483],[18.46859,-34.01512],[18.46876,-34.01424],[18.4672,-34.01465],[18.46643,-34.01462],[18.46263,-34.01413],[18.45775,-34.01374],[18.45551,-34.01378],[18.45364,-34.01377],[18.45307,-34.01129],[18.45184,-34.00753],[18.45083,-34.00581],[18.45014,-34.00388],[18.45001,-34.00249],[18.44998,-34.00016],[18.45001,-33.99937],[18.4506,-33.99847],[18.45308,-33.99644],[18.45518,-33.99455],[18.45553,-33.99352],[18.4567,-33.99382],[18.45706,-33.9941],[18.45922,-33.99397]]]}},{"type":"Feature","properties":{"id":"199037062","name":"Romp Vlei","commuteMinutes":5.82,"nearestJobCenter":"Claremont","distanceKm":null,"nearestTransitKm":0.8208026313318019,"spatialBurdenScore":0.07163210525327207},"geometry":{"type":"Polygon","coordinates":[[[18.50407,-33.98955],[18.50397,-33.99017],[18.5026,-33.9981],[18.4949,-33.99942],[18.4954,-34.0018],[18.48807,-34.00222],[18.49019,-34.00029],[18.491,-33.99874],[18.49121,-33.99763],[18.49118,-33.99675],[18.49048,-33.99075],[18.49046,-33.98859],[18.49237,-33.98857],[18.49316,-33.98875],[18.49461,-33.98941],[18.49588,-33.98966],[18.50088,-33.98946],[18.50407,-33.98955]]]}},{"type":"Feature","properties":{"id":"199037063","name":"Lansdowne","commuteMinutes":5.69,"nearestJobCenter":"Claremont","distanceKm":null,"nearestTransitKm":0.19621383948001295,"spatialBurdenScore":0.04578188691253385},"geometry":{"type":"Polygon","coordinates":[[[18.50884,-33.98506],[18.51125,-33.98685],[18.51173,-33.98772],[18.51214,-33.98913],[18.50896,-33.98978],[18.50839,-33.98981],[18.50407,-33.98955],[18.50088,-33.98946],[18.49588,-33.98966],[18.49461,-33.98941],[18.49316,-33.98875],[18.49237,-33.98857],[18.49046,-33.98859],[18.49063,-33.98474],[18.49094,-33.98043],[18.49316,-33.98059],[18.50155,-33.98106],[18.50339,-33.98608],[18.50819,-33.98484],[18.50832,-33.98521],[18.50884,-33.98506]]]}},{"type":"Feature","properties":{"id":"199037064","name":"Nerissa Estate","commuteMinutes":7.23,"nearestJobCenter":"Claremont","distanceKm":null,"nearestTransitKm":0.5215082153312182,"spatialBurdenScore":0.06906032861324873},"geometry":{"type":"Polygon","coordinates":[[[18.51334,-33.99336],[18.51095,-33.99379],[18.50852,-33.99422],[18.50838,-33.99436],[18.50806,-33.99406],[18.50427,-33.99032],[18.50397,-33.99017],[18.50407,-33.98955],[18.50839,-33.98981],[18.50896,-33.98978],[18.51214,-33.98913],[18.51259,-33.99205],[18.51334,-33.99336]]]}},{"type":"Feature","properties":{"id":"199037065","name":"Pinati","commuteMinutes":8.01,"nearestJobCenter":"Claremont","distanceKm":null,"nearestTransitKm":1.2791072201838787,"spatialBurdenScore":0.10456428880735516},"geometry":{"type":"Polygon","coordinates":[[[18.51849,-33.99765],[18.51705,-33.99681],[18.51623,-33.99618],[18.51334,-33.99336],[18.51259,-33.99205],[18.51214,-33.98913],[18.5169,-33.98816],[18.51836,-33.98816],[18.51967,-33.98843],[18.52202,-33.98915],[18.52208,-33.99008],[18.52304,-33.99121],[18.52527,-33.99231],[18.52459,-33.99332],[18.52429,-33.99341],[18.52098,-33.99364],[18.52053,-33.99668],[18.51941,-33.99674],[18.51952,-33.99761],[18.51849,-33.99765]]]}},{"type":"Feature","properties":{"id":"199037066","name":"Eden Klein","commuteMinutes":8.73,"nearestJobCenter":"Claremont","distanceKm":null,"nearestTransitKm":1.0230834895206984,"spatialBurdenScore":0.09912333958082795},"geometry":{"type":"Polygon","coordinates":[[[18.51849,-33.99765],[18.51459,-33.99786],[18.51446,-33.99727],[18.51095,-33.99379],[18.51334,-33.99336],[18.51623,-33.99618],[18.51705,-33.99681],[18.51849,-33.99765]]]}},{"type":"Feature","properties":{"id":"199037067","name":"Turf Hall","commuteMinutes":8.1,"nearestJobCenter":"Claremont","distanceKm":null,"nearestTransitKm":0.8076830275316014,"spatialBurdenScore":0.08630732110126405},"geometry":{"type":"Polygon","coordinates":[[[18.51459,-33.99786],[18.51202,-33.99792],[18.50838,-33.99436],[18.50852,-33.99422],[18.51095,-33.99379],[18.51446,-33.99727],[18.51459,-33.99786]]]}},{"type":"Feature","properties":{"id":"199037068","name":"Buckingham","commuteMinutes":7.97,"nearestJobCenter":"Claremont","distanceKm":null,"nearestTransitKm":0.5711947911647366,"spatialBurdenScore":0.07598112497992279},"geometry":{"type":"Polygon","coordinates":[[[18.50838,-33.99436],[18.51202,-33.99792],[18.51134,-33.99801],[18.50729,-33.99816],[18.50746,-33.99728],[18.50806,-33.99406],[18.50838,-33.99436]]]}},{"type":"Feature","properties":{"id":"199037069","name":"Romp Vallei","commuteMinutes":7.13,"nearestJobCenter":"Claremont","distanceKm":null,"nearestTransitKm":0.22756512806764947,"spatialBurdenScore":0.05663593845603931},"geometry":{"type":"Polygon","coordinates":[[[18.5026,-33.9981],[18.50397,-33.99017],[18.50427,-33.99032],[18.50806,-33.99406],[18.50746,-33.99728],[18.5026,-33.9981]]]}},{"type":"Feature","properties":{"id":"199037070","name":"Sunlands","commuteMinutes":8.18,"nearestJobCenter":"Claremont","distanceKm":null,"nearestTransitKm":0.09230674880296107,"spatialBurdenScore":0.058225603285451774},"geometry":{"type":"Polygon","coordinates":[[[18.50729,-33.99816],[18.50714,-33.99935],[18.50445,-34.00012],[18.50453,-34.00037],[18.50177,-34.00081],[18.4954,-34.0018],[18.4949,-33.99942],[18.5026,-33.9981],[18.50746,-33.99728],[18.50729,-33.99816]]]}},{"type":"Feature","properties":{"id":"199037071","name":"Yorkshire Estate","commuteMinutes":8.57,"nearestJobCenter":"Claremont","distanceKm":null,"nearestTransitKm":1.066774385143527,"spatialBurdenScore":0.09980430873907441},"geometry":{"type":"Polygon","coordinates":[[[18.52146,-34.0019],[18.51747,-34.00245],[18.51653,-34.00268],[18.51555,-34.00269],[18.51473,-34.0028],[18.5083,-34.00125],[18.50706,-34.00086],[18.50714,-33.99935],[18.50729,-33.99816],[18.51134,-33.99801],[18.51202,-33.99792],[18.51459,-33.99786],[18.51849,-33.99765],[18.51922,-33.99809],[18.52021,-33.99898],[18.52119,-34.00068],[18.52146,-34.0019]]]}},{"type":"Feature","properties":{"id":"199037072","name":"Wetton","commuteMinutes":9.26,"nearestJobCenter":"Claremont","distanceKm":null,"nearestTransitKm":1.1461446137200737,"spatialBurdenScore":0.10757911788213628},"geometry":{"type":"Polygon","coordinates":[[[18.51555,-34.00269],[18.51616,-34.00511],[18.51836,-34.01318],[18.51768,-34.01333],[18.5139,-34.01367],[18.51164,-34.00947],[18.51151,-34.00952],[18.50698,-34.00106],[18.50706,-34.00086],[18.5083,-34.00125],[18.51473,-34.0028],[18.51555,-34.00269]]]}},{"type":"Feature","properties":{"id":"199037073","name":"Turf Hall Estate","commuteMinutes":10.13,"nearestJobCenter":"Claremont","distanceKm":null,"nearestTransitKm":1.8280150166442375,"spatialBurdenScore":0.14065393399910284},"geometry":{"type":"Polygon","coordinates":[[[18.52209,-34.01675],[18.51936,-34.01693],[18.51836,-34.01318],[18.51616,-34.00511],[18.51555,-34.00269],[18.51653,-34.00268],[18.51747,-34.00245],[18.52146,-34.0019],[18.52299,-34.0089],[18.52301,-34.01028],[18.52209,-34.01675]]]}},{"type":"Feature","properties":{"id":"199037074","name":"Ottery","commuteMinutes":11,"nearestJobCenter":"Claremont","distanceKm":null,"nearestTransitKm":0.9679408411285566,"spatialBurdenScore":0.11205096697847561},"geometry":{"type":"Polygon","coordinates":[[[18.50714,-33.99935],[18.50706,-34.00086],[18.50698,-34.00106],[18.51151,-34.00952],[18.51164,-34.00947],[18.5139,-34.01367],[18.51768,-34.01333],[18.51836,-34.01318],[18.51936,-34.01693],[18.5182,-34.01701],[18.51411,-34.01771],[18.51272,-34.01781],[18.51151,-34.01743],[18.50623,-34.01482],[18.50517,-34.01438],[18.49957,-34.01292],[18.49624,-34.01214],[18.49595,-34.01209],[18.49831,-34.00755],[18.50177,-34.00081],[18.50453,-34.00037],[18.50445,-34.00012],[18.50714,-33.99935]]]}},{"type":"Feature","properties":{"id":"199037075","name":"Youngsfield","commuteMinutes":10.2,"nearestJobCenter":"Claremont","distanceKm":null,"nearestTransitKm":0.615000833214008,"spatialBurdenScore":0.09260003332856032},"geometry":{"type":"Polygon","coordinates":[[[18.49595,-34.01209],[18.4944,-34.01202],[18.49228,-34.01221],[18.48966,-34.01258],[18.48409,-34.0132],[18.48365,-34.0085],[18.48382,-34.00702],[18.48477,-34.00514],[18.48561,-34.0043],[18.48683,-34.00335],[18.48807,-34.00222],[18.4954,-34.0018],[18.50177,-34.00081],[18.49831,-34.00755],[18.49595,-34.01209]]]}},{"type":"Feature","properties":{"id":"199037076","name":"Kenilworth","commuteMinutes":3.01,"nearestJobCenter":"Claremont","distanceKm":null,"nearestTransitKm":0.10222653260028683,"spatialBurdenScore":0.02415572797067814},"geometry":{"type":"Polygon","coordinates":[[[18.49046,-33.98859],[18.49048,-33.99075],[18.49118,-33.99675],[18.49121,-33.99763],[18.491,-33.99874],[18.49019,-34.00029],[18.48807,-34.00222],[18.48011,-34.0026],[18.47626,-34.00256],[18.47549,-34.00267],[18.47314,-34.00257],[18.47169,-34.00238],[18.46906,-34.00232],[18.46824,-33.99959],[18.4671,-34.00074],[18.4666,-34.00102],[18.46443,-33.9977],[18.46283,-33.99639],[18.46168,-33.99601],[18.46016,-33.9959],[18.4592,-33.99545],[18.45803,-33.99518],[18.45922,-33.99397],[18.46068,-33.99263],[18.46099,-33.99115],[18.46141,-33.99043],[18.46678,-33.99002],[18.46709,-33.99024],[18.46858,-33.99196],[18.47189,-33.98946],[18.47214,-33.99],[18.4771,-33.99009],[18.47713,-33.98919],[18.47888,-33.9892],[18.47882,-33.99094],[18.48027,-33.99099],[18.48452,-33.99085],[18.48708,-33.98894],[18.48747,-33.98842],[18.48871,-33.98863],[18.49046,-33.98859]]]}},{"type":"Feature","properties":{"id":"199037077","name":"Bel Ombre","commuteMinutes":11.69,"nearestJobCenter":"Claremont","distanceKm":null,"nearestTransitKm":3.9343745973441897,"spatialBurdenScore":0.2353083172271009},"geometry":{"type":"Polygon","coordinates":[[[18.44302,-34.0116],[18.4436,-34.01337],[18.44372,-34.01562],[18.44119,-34.01514],[18.44078,-34.01473],[18.43981,-34.01524],[18.43836,-34.01573],[18.43051,-34.01703],[18.43013,-34.01703],[18.42676,-34.01631],[18.42211,-34.01489],[18.42105,-34.01408],[18.42041,-34.01318],[18.42018,-34.01242],[18.41941,-34.01256],[18.41913,-34.01227],[18.41881,-34.01118],[18.41787,-34.00975],[18.41668,-34.00812],[18.41739,-34.00754],[18.41786,-34.00704],[18.41959,-34.00656],[18.42018,-34.0062],[18.42419,-34.00304],[18.42488,-34.00238],[18.42645,-34.00363],[18.42772,-34.0045],[18.42946,-34.00604],[18.43075,-34.00674],[18.43166,-34.00817],[18.43253,-34.01073],[18.43514,-34.01077],[18.43583,-34.01104],[18.4373,-34.01111],[18.44194,-34.0116],[18.44302,-34.0116]]]}},{"type":"Feature","properties":{"id":"199037078","name":"Witteboomen","commuteMinutes":10.74,"nearestJobCenter":"Claremont","distanceKm":null,"nearestTransitKm":4.942935890486522,"spatialBurdenScore":0.26931743561946087},"geometry":{"type":"Polygon","coordinates":[[[18.41739,-34.00754],[18.41668,-34.00812],[18.41787,-34.00975],[18.41881,-34.01118],[18.41913,-34.01227],[18.41941,-34.01256],[18.42018,-34.01242],[18.42041,-34.01318],[18.42105,-34.01408],[18.42211,-34.01489],[18.42676,-34.01631],[18.42198,-34.01944],[18.42258,-34.02016],[18.42305,-34.02155],[18.42409,-34.02182],[18.42367,-34.02222],[18.42188,-34.02298],[18.42088,-34.02297],[18.4175,-34.02365],[18.41748,-34.02357],[18.41521,-34.02404],[18.41501,-34.02426],[18.41425,-34.02385],[18.41314,-34.02365],[18.41238,-34.02331],[18.41278,-34.02222],[18.41372,-34.02201],[18.41445,-34.01959],[18.41518,-34.01944],[18.41512,-34.01839],[18.41453,-34.01818],[18.41522,-34.01697],[18.41376,-34.01665],[18.41263,-34.01602],[18.41453,-34.01363],[18.41366,-34.01214],[18.41366,-34.01142],[18.4102,-34.00771],[18.41271,-34.00728],[18.4137,-34.00692],[18.41477,-34.00592],[18.41739,-34.00754]]]}},{"type":"Feature","properties":{"id":"199037079","name":"Glen Alpine","commuteMinutes":12.41,"nearestJobCenter":"Claremont","distanceKm":null,"nearestTransitKm":5.092569102564541,"spatialBurdenScore":0.286436097435915},"geometry":{"type":"Polygon","coordinates":[[[18.41263,-34.01602],[18.41166,-34.01702],[18.411,-34.01714],[18.40853,-34.01807],[18.40799,-34.01841],[18.40402,-34.02001],[18.40306,-34.01977],[18.40467,-34.0163],[18.40541,-34.01368],[18.40568,-34.0137],[18.4059,-34.01202],[18.40571,-34.012],[18.40632,-34.00981],[18.40666,-34.00971],[18.4102,-34.00771],[18.41366,-34.01142],[18.41366,-34.01214],[18.41453,-34.01363],[18.41263,-34.01602]]]}},{"type":"Feature","properties":{"id":"199037080","name":"Eagles Nest","commuteMinutes":12.87,"nearestJobCenter":"Claremont","distanceKm":null,"nearestTransitKm":5.250201381160701,"spatialBurdenScore":0.29580805524642806},"geometry":{"type":"Polygon","coordinates":[[[18.41263,-34.01602],[18.41376,-34.01665],[18.41522,-34.01697],[18.41453,-34.01818],[18.41512,-34.01839],[18.41518,-34.01944],[18.41445,-34.01959],[18.41372,-34.02201],[18.41278,-34.02222],[18.41238,-34.02331],[18.41213,-34.02338],[18.41066,-34.02288],[18.40632,-34.0223],[18.40402,-34.02001],[18.40799,-34.01841],[18.40853,-34.01807],[18.411,-34.01714],[18.41166,-34.01702],[18.41263,-34.01602]]]}},{"type":"Feature","properties":{"id":"199037081","name":"Constantia","commuteMinutes":15.46,"nearestJobCenter":"Claremont","distanceKm":null,"nearestTransitKm":4.40135410622182,"spatialBurdenScore":0.2791208309155395},"geometry":{"type":"Polygon","coordinates":[[[18.42974,-34.0234],[18.43149,-34.02472],[18.43209,-34.02696],[18.43081,-34.02698],[18.43141,-34.02805],[18.42941,-34.02937],[18.42862,-34.02835],[18.42436,-34.03112],[18.42414,-34.0312],[18.42271,-34.03206],[18.41991,-34.03389],[18.41933,-34.03349],[18.41896,-34.0336],[18.41659,-34.03637],[18.41569,-34.03712],[18.41616,-34.0381],[18.41711,-34.03763],[18.41892,-34.03788],[18.41893,-34.03804],[18.41732,-34.03896],[18.41804,-34.03957],[18.41832,-34.0401],[18.42233,-34.03894],[18.4242,-34.04087],[18.42576,-34.0407],[18.42711,-34.04224],[18.42726,-34.0422],[18.42928,-34.04432],[18.42585,-34.04709],[18.42477,-34.04794],[18.42106,-34.04955],[18.41434,-34.04976],[18.41301,-34.04976],[18.40305,-34.05021],[18.40567,-34.04739],[18.39996,-34.03396],[18.40336,-34.02571],[18.40821,-34.02922],[18.40907,-34.02833],[18.40968,-34.02702],[18.4088,-34.02605],[18.40722,-34.02602],[18.40632,-34.0223],[18.41066,-34.02288],[18.41213,-34.02338],[18.41238,-34.02331],[18.41314,-34.02365],[18.41425,-34.02385],[18.41501,-34.02426],[18.41521,-34.02404],[18.41748,-34.02357],[18.4175,-34.02365],[18.42088,-34.02297],[18.42188,-34.02298],[18.42367,-34.02222],[18.42409,-34.02182],[18.42974,-34.0234]]]}},{"type":"Feature","properties":{"id":"199037082","name":"Silverhurst","commuteMinutes":8.24,"nearestJobCenter":"Claremont","distanceKm":null,"nearestTransitKm":2.8712062514284162,"spatialBurdenScore":0.16978158339047},"geometry":{"type":"Polygon","coordinates":[[[18.44372,-34.01562],[18.44369,-34.01644],[18.43989,-34.01643],[18.43924,-34.0197],[18.443,-34.01883],[18.44403,-34.01963],[18.44429,-34.02028],[18.44652,-34.01973],[18.44615,-34.0215],[18.44552,-34.02371],[18.4464,-34.0241],[18.44591,-34.02482],[18.4464,-34.02505],[18.44693,-34.02629],[18.44461,-34.0268],[18.44376,-34.02692],[18.44379,-34.02631],[18.44121,-34.02337],[18.44304,-34.02292],[18.4421,-34.02078],[18.43949,-34.02139],[18.43868,-34.02159],[18.43831,-34.02087],[18.43864,-34.02035],[18.43689,-34.0185],[18.43272,-34.02132],[18.42974,-34.0234],[18.42409,-34.02182],[18.42305,-34.02155],[18.42258,-34.02016],[18.42198,-34.01944],[18.42676,-34.01631],[18.43013,-34.01703],[18.43051,-34.01703],[18.43836,-34.01573],[18.43981,-34.01524],[18.44078,-34.01473],[18.44119,-34.01514],[18.44372,-34.01562]]]}},{"type":"Feature","properties":{"id":"199037083","name":"Rust-En-Vrede","commuteMinutes":8.42,"nearestJobCenter":"Claremont","distanceKm":null,"nearestTransitKm":2.4416726659937837,"spatialBurdenScore":0.1538002399730847},"geometry":{"type":"Polygon","coordinates":[[[18.44369,-34.01644],[18.44491,-34.01666],[18.44682,-34.01729],[18.44403,-34.01963],[18.443,-34.01883],[18.43924,-34.0197],[18.43989,-34.01643],[18.44369,-34.01644]]]}},{"type":"Feature","properties":{"id":"199037084","name":"Royal Cape","commuteMinutes":8.08,"nearestJobCenter":"Claremont","distanceKm":null,"nearestTransitKm":0.49770095069327075,"spatialBurdenScore":0.0737747046943975},"geometry":{"type":"Polygon","coordinates":[[[18.49595,-34.01209],[18.48873,-34.02599],[18.48675,-34.02189],[18.48588,-34.01988],[18.48506,-34.01767],[18.48457,-34.01597],[18.48404,-34.01597],[18.48196,-34.01495],[18.48123,-34.01447],[18.48098,-34.01383],[18.48409,-34.0132],[18.48966,-34.01258],[18.49228,-34.01221],[18.4944,-34.01202],[18.49595,-34.01209]]]}},{"type":"Feature","properties":{"id":"199037085","name":"Fairways","commuteMinutes":10.31,"nearestJobCenter":"Claremont","distanceKm":null,"nearestTransitKm":0.201407317068646,"spatialBurdenScore":0.07678962601607918},"geometry":{"type":"Polygon","coordinates":[[[18.48986,-34.02906],[18.48951,-34.02766],[18.48873,-34.02599],[18.49595,-34.01209],[18.49624,-34.01214],[18.49627,-34.01322],[18.49595,-34.01352],[18.49497,-34.01544],[18.49477,-34.01629],[18.4968,-34.02504],[18.49573,-34.02585],[18.49115,-34.02846],[18.48986,-34.02906]]]}},{"type":"Feature","properties":{"id":"199037086","name":"Ferness","commuteMinutes":10.59,"nearestJobCenter":"Claremont","distanceKm":null,"nearestTransitKm":0.8050252951191368,"spatialBurdenScore":0.10280101180476547},"geometry":{"type":"Polygon","coordinates":[[[18.50519,-34.02393],[18.50543,-34.02504],[18.50257,-34.02523],[18.50235,-34.0251],[18.4968,-34.02504],[18.49477,-34.01629],[18.49497,-34.01544],[18.49595,-34.01352],[18.49627,-34.01322],[18.49624,-34.01214],[18.49957,-34.01292],[18.50517,-34.01438],[18.50512,-34.01462],[18.5079,-34.01987],[18.50399,-34.02134],[18.50519,-34.02393]]]}},{"type":"Feature","properties":{"id":"199037087","name":"Ottery East","commuteMinutes":10.77,"nearestJobCenter":"Claremont","distanceKm":null,"nearestTransitKm":1.8345371171620266,"spatialBurdenScore":0.14518148468648107},"geometry":{"type":"Polygon","coordinates":[[[18.51936,-34.01693],[18.52209,-34.01675],[18.52226,-34.01864],[18.52287,-34.02124],[18.52259,-34.02158],[18.52007,-34.02203],[18.51895,-34.02192],[18.51878,-34.0228],[18.51915,-34.02274],[18.51955,-34.02457],[18.51959,-34.02475],[18.51775,-34.02452],[18.51326,-34.0246],[18.50543,-34.02504],[18.50519,-34.02393],[18.50926,-34.02242],[18.5079,-34.01987],[18.50512,-34.01462],[18.50517,-34.01438],[18.50623,-34.01482],[18.51151,-34.01743],[18.51272,-34.01781],[18.51411,-34.01771],[18.5182,-34.01701],[18.51936,-34.01693]]]}},{"type":"Feature","properties":{"id":"199037088","name":"Otyhouse Estate","commuteMinutes":11.45,"nearestJobCenter":"Claremont","distanceKm":null,"nearestTransitKm":1.331206869835353,"spatialBurdenScore":0.12958160812674746},"geometry":{"type":"Polygon","coordinates":[[[18.50519,-34.02393],[18.50399,-34.02134],[18.5079,-34.01987],[18.50926,-34.02242],[18.50519,-34.02393]]]}},{"type":"Feature","properties":{"id":"199037089","name":"Barbarossa","commuteMinutes":8.92,"nearestJobCenter":"Claremont","distanceKm":null,"nearestTransitKm":1.3030955080448863,"spatialBurdenScore":0.11159048698846212},"geometry":{"type":"Polygon","coordinates":[[[18.46022,-34.01998],[18.45604,-34.0216],[18.45437,-34.02171],[18.45051,-34.02175],[18.447,-34.02158],[18.44705,-34.02101],[18.45179,-34.01826],[18.45519,-34.01519],[18.45545,-34.01468],[18.45608,-34.01505],[18.457,-34.01644],[18.45963,-34.0158],[18.4599,-34.0166],[18.46086,-34.01638],[18.46188,-34.0193],[18.46022,-34.01998]]]}},{"type":"Feature","properties":{"id":"199037090","name":"Plumstead","commuteMinutes":7.6,"nearestJobCenter":"Claremont","distanceKm":null,"nearestTransitKm":0.07144453103618295,"spatialBurdenScore":0.05352444790811398},"geometry":{"type":"Polygon","coordinates":[[[18.48123,-34.01447],[18.48196,-34.01495],[18.48404,-34.01597],[18.48457,-34.01597],[18.48506,-34.01767],[18.48588,-34.01988],[18.48675,-34.02189],[18.48873,-34.02599],[18.48809,-34.0272],[18.48757,-34.02742],[18.48234,-34.02881],[18.48203,-34.02899],[18.47957,-34.02799],[18.47832,-34.02734],[18.47921,-34.02884],[18.47767,-34.03164],[18.47627,-34.03188],[18.47786,-34.03448],[18.47309,-34.03645],[18.46877,-34.03818],[18.46765,-34.03875],[18.46673,-34.03972],[18.46635,-34.04109],[18.46635,-34.03848],[18.46654,-34.03713],[18.46762,-34.03352],[18.46867,-34.03096],[18.46887,-34.02904],[18.46586,-34.02902],[18.4657,-34.03005],[18.46422,-34.03003],[18.46017,-34.02941],[18.45998,-34.02746],[18.46306,-34.02413],[18.46022,-34.01998],[18.46188,-34.0193],[18.46086,-34.01638],[18.4599,-34.0166],[18.45963,-34.0158],[18.457,-34.01644],[18.45608,-34.01505],[18.45545,-34.01468],[18.45551,-34.01378],[18.45775,-34.01374],[18.46263,-34.01413],[18.46643,-34.01462],[18.4672,-34.01465],[18.46876,-34.01424],[18.46859,-34.01512],[18.4711,-34.01483],[18.47143,-34.01558],[18.48105,-34.01443],[18.48123,-34.01447]]]}},{"type":"Feature","properties":{"id":"199037091","name":"Deurdrif","commuteMinutes":9.09,"nearestJobCenter":"Claremont","distanceKm":null,"nearestTransitKm":1.4926400928963532,"spatialBurdenScore":0.12030560371585412},"geometry":{"type":"Polygon","coordinates":[[[18.45998,-34.02746],[18.45519,-34.026],[18.45464,-34.02662],[18.45241,-34.0287],[18.45049,-34.02746],[18.4493,-34.02863],[18.44722,-34.02775],[18.44461,-34.0268],[18.44693,-34.02629],[18.4464,-34.02505],[18.44591,-34.02482],[18.4464,-34.0241],[18.44552,-34.02371],[18.44615,-34.0215],[18.447,-34.02158],[18.45051,-34.02175],[18.45437,-34.02171],[18.45604,-34.0216],[18.46022,-34.01998],[18.46306,-34.02413],[18.45998,-34.02746]]]}},{"type":"Feature","properties":{"id":"199037092","name":"The Vines","commuteMinutes":9.5,"nearestJobCenter":"Claremont","distanceKm":null,"nearestTransitKm":1.137419403060205,"spatialBurdenScore":0.10883010945574154},"geometry":{"type":"Polygon","coordinates":[[[18.46017,-34.02941],[18.46073,-34.03412],[18.45922,-34.03396],[18.45812,-34.03364],[18.45439,-34.032],[18.4493,-34.02863],[18.45049,-34.02746],[18.45241,-34.0287],[18.45464,-34.02662],[18.45519,-34.026],[18.45998,-34.02746],[18.46017,-34.02941]]]}},{"type":"Feature","properties":{"id":"199037093","name":"Diep River","commuteMinutes":8.01,"nearestJobCenter":"Claremont","distanceKm":null,"nearestTransitKm":0.2924737821545764,"spatialBurdenScore":0.06509895128618305},"geometry":{"type":"Polygon","coordinates":[[[18.46635,-34.03848],[18.46453,-34.03821],[18.46431,-34.03961],[18.46366,-34.04255],[18.46143,-34.04236],[18.46075,-34.03628],[18.46073,-34.03412],[18.46017,-34.02941],[18.46422,-34.03003],[18.4657,-34.03005],[18.46586,-34.02902],[18.46887,-34.02904],[18.46867,-34.03096],[18.46762,-34.03352],[18.46654,-34.03713],[18.46635,-34.03848]]]}},{"type":"Feature","properties":{"id":"199037094","name":"Meadowridge","commuteMinutes":11.23,"nearestJobCenter":"Claremont","distanceKm":null,"nearestTransitKm":1.1837948380662826,"spatialBurdenScore":0.12221846018931798},"geometry":{"type":"Polygon","coordinates":[[[18.46073,-34.03412],[18.46075,-34.03628],[18.46143,-34.04236],[18.45556,-34.04149],[18.45575,-34.04042],[18.45546,-34.04006],[18.45396,-34.03986],[18.45324,-34.03994],[18.45025,-34.04085],[18.45001,-34.04019],[18.44513,-34.03157],[18.44722,-34.02775],[18.4493,-34.02863],[18.45439,-34.032],[18.45812,-34.03364],[18.45922,-34.03396],[18.46073,-34.03412]]]}},{"type":"Feature","properties":{"id":"199037095","name":"Belle Constantia","commuteMinutes":11.85,"nearestJobCenter":"Claremont","distanceKm":null,"nearestTransitKm":2.3024441589615994,"spatialBurdenScore":0.17109776635846397},"geometry":{"type":"Polygon","coordinates":[[[18.44722,-34.02775],[18.44513,-34.03157],[18.44427,-34.0333],[18.44391,-34.03441],[18.44371,-34.03579],[18.44365,-34.04261],[18.44377,-34.04372],[18.44531,-34.04957],[18.44421,-34.04972],[18.44405,-34.04825],[18.44357,-34.04817],[18.4413,-34.04848],[18.44085,-34.04692],[18.44172,-34.04648],[18.44262,-34.04543],[18.44316,-34.0439],[18.4406,-34.04411],[18.44048,-34.04387],[18.43947,-34.04356],[18.43958,-34.04335],[18.43847,-34.04265],[18.4361,-34.0426],[18.43611,-34.04241],[18.43614,-34.04154],[18.43684,-34.04042],[18.43633,-34.03994],[18.43762,-34.03781],[18.43555,-34.0346],[18.43468,-34.03317],[18.43703,-34.03226],[18.43933,-34.03035],[18.44042,-34.02994],[18.4404,-34.02956],[18.44104,-34.02869],[18.44155,-34.02835],[18.44352,-34.0272],[18.44376,-34.02692],[18.44461,-34.0268],[18.44722,-34.02775]]]}},{"type":"Feature","properties":{"id":"199037096","name":"Graylands","commuteMinutes":8.72,"nearestJobCenter":"Claremont","distanceKm":null,"nearestTransitKm":2.6395588033502895,"spatialBurdenScore":0.1637156854673449},"geometry":{"type":"Polygon","coordinates":[[[18.44121,-34.02337],[18.44379,-34.02631],[18.44376,-34.02692],[18.44352,-34.0272],[18.44155,-34.02835],[18.43965,-34.02854],[18.43932,-34.02702],[18.438,-34.0223],[18.43783,-34.02186],[18.43868,-34.02159],[18.43949,-34.02139],[18.44121,-34.02337]]]}},{"type":"Feature","properties":{"id":"199037097","name":"Constantia Village","commuteMinutes":8.7,"nearestJobCenter":"Claremont","distanceKm":null,"nearestTransitKm":2.6317697752685807,"spatialBurdenScore":0.16327079101074324},"geometry":{"type":"Polygon","coordinates":[[[18.44121,-34.02337],[18.43949,-34.02139],[18.4421,-34.02078],[18.44304,-34.02292],[18.44121,-34.02337]]]}},{"type":"Feature","properties":{"id":"199037098","name":"Constantia Vale","commuteMinutes":9.8,"nearestJobCenter":"Claremont","distanceKm":null,"nearestTransitKm":3.1472068825636197,"spatialBurdenScore":0.19122160863587812},"geometry":{"type":"Polygon","coordinates":[[[18.43868,-34.02159],[18.43783,-34.02186],[18.43732,-34.02218],[18.43604,-34.02388],[18.43391,-34.02492],[18.4322,-34.02496],[18.43149,-34.02472],[18.42974,-34.0234],[18.43272,-34.02132],[18.43689,-34.0185],[18.43864,-34.02035],[18.43831,-34.02087],[18.43868,-34.02159]]]}},{"type":"Feature","properties":{"id":"199037099","name":"Sillery","commuteMinutes":9.64,"nearestJobCenter":"Claremont","distanceKm":null,"nearestTransitKm":2.9787659974386638,"spatialBurdenScore":0.18341730656421323},"geometry":{"type":"Polygon","coordinates":[[[18.44155,-34.02835],[18.44104,-34.02869],[18.4404,-34.02956],[18.44042,-34.02994],[18.43933,-34.03035],[18.43703,-34.03226],[18.43468,-34.03317],[18.4334,-34.03122],[18.43141,-34.02805],[18.43081,-34.02698],[18.43209,-34.02696],[18.43149,-34.02472],[18.4322,-34.02496],[18.43391,-34.02492],[18.43604,-34.02388],[18.43732,-34.02218],[18.43783,-34.02186],[18.438,-34.0223],[18.43932,-34.02702],[18.43965,-34.02854],[18.44155,-34.02835]]]}},{"type":"Feature","properties":{"id":"199037100","name":"Huis-In-Bos","commuteMinutes":10.33,"nearestJobCenter":"Claremont","distanceKm":null,"nearestTransitKm":3.320792483073939,"spatialBurdenScore":0.2016983659896242},"geometry":{"type":"Polygon","coordinates":[[[18.43468,-34.03317],[18.43555,-34.0346],[18.43449,-34.03574],[18.43344,-34.03805],[18.43275,-34.03739],[18.42947,-34.03466],[18.42925,-34.03427],[18.42624,-34.0349],[18.42448,-34.03166],[18.42414,-34.0312],[18.42436,-34.03112],[18.42862,-34.02835],[18.42941,-34.02937],[18.43141,-34.02805],[18.4334,-34.03122],[18.43468,-34.03317]]]}},{"type":"Feature","properties":{"id":"199037101","name":"Hope of Constantia","commuteMinutes":15.58,"nearestJobCenter":"Claremont","distanceKm":null,"nearestTransitKm":4.288173342572108,"spatialBurdenScore":0.27539360036955096},"geometry":{"type":"Polygon","coordinates":[[[18.42624,-34.0349],[18.42324,-34.03723],[18.4218,-34.03827],[18.42233,-34.03894],[18.41832,-34.0401],[18.41804,-34.03957],[18.41732,-34.03896],[18.41893,-34.03804],[18.41892,-34.03788],[18.41711,-34.03763],[18.41616,-34.0381],[18.41569,-34.03712],[18.41659,-34.03637],[18.41896,-34.0336],[18.41933,-34.03349],[18.41991,-34.03389],[18.42271,-34.03206],[18.42414,-34.0312],[18.42448,-34.03166],[18.42624,-34.0349]]]}},{"type":"Feature","properties":{"id":"199037102","name":"Nova Constantia","commuteMinutes":12,"nearestJobCenter":"Claremont","distanceKm":null,"nearestTransitKm":3.5103690425273992,"spatialBurdenScore":0.22041476170109597},"geometry":{"type":"Polygon","coordinates":[[[18.43344,-34.03805],[18.43156,-34.04161],[18.43073,-34.04301],[18.42928,-34.04432],[18.42726,-34.0422],[18.42711,-34.04224],[18.42576,-34.0407],[18.4242,-34.04087],[18.42233,-34.03894],[18.4218,-34.03827],[18.42324,-34.03723],[18.42624,-34.0349],[18.42925,-34.03427],[18.42947,-34.03466],[18.43275,-34.03739],[18.43344,-34.03805]]]}},{"type":"Feature","properties":{"id":"199037103","name":"Airlie","commuteMinutes":10.98,"nearestJobCenter":"Claremont","distanceKm":null,"nearestTransitKm":2.8048320099742976,"spatialBurdenScore":0.1853932803989719},"geometry":{"type":"Polygon","coordinates":[[[18.43611,-34.04241],[18.4331,-34.04234],[18.43156,-34.04161],[18.43344,-34.03805],[18.43449,-34.03574],[18.43555,-34.0346],[18.43762,-34.03781],[18.43633,-34.03994],[18.43684,-34.04042],[18.43614,-34.04154],[18.43611,-34.04241]]]}},{"type":"Feature","properties":{"id":"199037104","name":"Fir Grove","commuteMinutes":12.61,"nearestJobCenter":"Claremont","distanceKm":null,"nearestTransitKm":2.7299706685396425,"spatialBurdenScore":0.1932654934082524},"geometry":{"type":"Polygon","coordinates":[[[18.44085,-34.04692],[18.43996,-34.04711],[18.43313,-34.04734],[18.42677,-34.04755],[18.42585,-34.04709],[18.42928,-34.04432],[18.43073,-34.04301],[18.43156,-34.04161],[18.4331,-34.04234],[18.43611,-34.04241],[18.4361,-34.0426],[18.43847,-34.04265],[18.43958,-34.04335],[18.43947,-34.04356],[18.44048,-34.04387],[18.4406,-34.04411],[18.44316,-34.0439],[18.44262,-34.04543],[18.44172,-34.04648],[18.44085,-34.04692]]]}},{"type":"Feature","properties":{"id":"199037105","name":"Sweet Valley","commuteMinutes":13.68,"nearestJobCenter":"Claremont","distanceKm":null,"nearestTransitKm":2.1517910525726878,"spatialBurdenScore":0.17727164210290752},"geometry":{"type":"Polygon","coordinates":[[[18.44531,-34.04957],[18.44547,-34.05015],[18.44604,-34.05231],[18.44353,-34.05356],[18.44285,-34.05286],[18.43755,-34.05336],[18.43676,-34.05352],[18.43697,-34.05182],[18.43752,-34.05061],[18.43709,-34.04989],[18.43336,-34.04771],[18.43313,-34.04734],[18.43996,-34.04711],[18.44085,-34.04692],[18.4413,-34.04848],[18.44357,-34.04817],[18.44405,-34.04825],[18.44421,-34.04972],[18.44531,-34.04957]]]}},{"type":"Feature","properties":{"id":"199037106","name":"Bergvliet","commuteMinutes":11.01,"nearestJobCenter":"Claremont","distanceKm":null,"nearestTransitKm":1.3426108640496186,"spatialBurdenScore":0.12710443456198475},"geometry":{"type":"Polygon","coordinates":[[[18.46143,-34.04236],[18.46366,-34.04255],[18.46248,-34.0478],[18.4619,-34.05081],[18.46089,-34.05581],[18.45941,-34.05552],[18.45504,-34.05154],[18.45397,-34.05232],[18.45193,-34.05354],[18.4507,-34.0522],[18.45002,-34.05253],[18.45021,-34.05115],[18.44956,-34.05091],[18.44714,-34.05113],[18.44609,-34.05004],[18.44547,-34.05015],[18.44531,-34.04957],[18.44377,-34.04372],[18.44365,-34.04261],[18.44371,-34.03579],[18.44391,-34.03441],[18.44427,-34.0333],[18.44513,-34.03157],[18.45001,-34.04019],[18.45025,-34.04085],[18.45324,-34.03994],[18.45396,-34.03986],[18.45546,-34.04006],[18.45575,-34.04042],[18.45556,-34.04149],[18.46143,-34.04236]]]}},{"type":"Feature","properties":{"id":"199037107","name":"Heathfield","commuteMinutes":11.09,"nearestJobCenter":"Claremont","distanceKm":null,"nearestTransitKm":0.2886085560677047,"spatialBurdenScore":0.08547767557604151},"geometry":{"type":"Polygon","coordinates":[[[18.4619,-34.05081],[18.46248,-34.0478],[18.46366,-34.04255],[18.46431,-34.03961],[18.46453,-34.03821],[18.46635,-34.03848],[18.46635,-34.04109],[18.4664,-34.04294],[18.4681,-34.04334],[18.46932,-34.04406],[18.47039,-34.04436],[18.47088,-34.0448],[18.47135,-34.04586],[18.47118,-34.04674],[18.47141,-34.04727],[18.47254,-34.04848],[18.47388,-34.05057],[18.47516,-34.05141],[18.47528,-34.05201],[18.46759,-34.05407],[18.46349,-34.05367],[18.46419,-34.0512],[18.4619,-34.05081]]]}},{"type":"Feature","properties":{"id":"199037108","name":"Elfindale","commuteMinutes":10.7,"nearestJobCenter":"Claremont","distanceKm":null,"nearestTransitKm":0.7037662861778157,"spatialBurdenScore":0.09948398478044596},"geometry":{"type":"Polygon","coordinates":[[[18.48341,-34.04508],[18.48208,-34.04503],[18.4811,-34.04558],[18.48021,-34.0465],[18.47963,-34.04749],[18.47918,-34.04766],[18.47833,-34.05058],[18.4784,-34.05117],[18.47528,-34.05201],[18.47516,-34.05141],[18.47388,-34.05057],[18.47254,-34.04848],[18.47141,-34.04727],[18.47118,-34.04674],[18.47135,-34.04586],[18.47088,-34.0448],[18.47039,-34.04436],[18.46932,-34.04406],[18.4681,-34.04334],[18.4664,-34.04294],[18.46635,-34.04109],[18.46673,-34.03972],[18.46765,-34.03875],[18.46877,-34.03818],[18.47309,-34.03645],[18.47532,-34.03736],[18.47665,-34.03748],[18.47946,-34.03713],[18.48274,-34.04257],[18.48336,-34.0435],[18.48341,-34.04508]]]}},{"type":"Feature","properties":{"id":"199037109","name":"Southfield","commuteMinutes":10.35,"nearestJobCenter":"Claremont","distanceKm":null,"nearestTransitKm":0.2099731430654899,"spatialBurdenScore":0.07739892572261958},"geometry":{"type":"Polygon","coordinates":[[[18.48986,-34.02906],[18.49026,-34.03217],[18.49095,-34.03528],[18.49095,-34.03684],[18.49064,-34.03876],[18.49034,-34.03988],[18.48715,-34.04591],[18.48414,-34.0451],[18.48341,-34.04508],[18.48336,-34.0435],[18.48274,-34.04257],[18.47946,-34.03713],[18.47665,-34.03748],[18.47532,-34.03736],[18.47309,-34.03645],[18.47786,-34.03448],[18.47627,-34.03188],[18.47767,-34.03164],[18.47921,-34.02884],[18.47832,-34.02734],[18.47957,-34.02799],[18.48203,-34.02899],[18.48234,-34.02881],[18.48757,-34.02742],[18.48809,-34.0272],[18.48873,-34.02599],[18.48951,-34.02766],[18.48986,-34.02906]]]}},{"type":"Feature","properties":{"id":"199037110","name":"Retreat","commuteMinutes":13.63,"nearestJobCenter":"Claremont","distanceKm":null,"nearestTransitKm":0.9066254750147741,"spatialBurdenScore":0.12713168566725763},"geometry":{"type":"Polygon","coordinates":[[[18.48814,-34.05442],[18.48577,-34.05593],[18.4842,-34.0563],[18.47745,-34.05727],[18.47815,-34.05952],[18.47895,-34.06134],[18.47927,-34.0612],[18.4796,-34.06247],[18.4793,-34.06447],[18.48452,-34.06698],[18.48124,-34.07173],[18.48059,-34.07133],[18.47801,-34.07012],[18.46882,-34.07046],[18.46878,-34.06943],[18.4635,-34.06959],[18.46378,-34.07566],[18.46333,-34.07933],[18.46327,-34.0799],[18.45782,-34.08027],[18.45764,-34.081],[18.45589,-34.08125],[18.45629,-34.07916],[18.45843,-34.068],[18.45879,-34.06595],[18.45924,-34.06395],[18.46089,-34.05581],[18.4619,-34.05081],[18.46419,-34.0512],[18.46349,-34.05367],[18.46759,-34.05407],[18.47528,-34.05201],[18.4784,-34.05117],[18.47833,-34.05058],[18.47918,-34.04766],[18.47963,-34.04749],[18.48021,-34.0465],[18.4811,-34.04558],[18.48208,-34.04503],[18.48341,-34.04508],[18.48414,-34.0451],[18.48715,-34.04591],[18.48678,-34.04692],[18.48679,-34.04768],[18.48741,-34.05011],[18.48814,-34.05442]]]}},{"type":"Feature","properties":{"id":"199037111","name":"Dreyersdal","commuteMinutes":13.13,"nearestJobCenter":"Claremont","distanceKm":null,"nearestTransitKm":0.9855226392379538,"spatialBurdenScore":0.12695423890285149},"geometry":{"type":"Polygon","coordinates":[[[18.46089,-34.05581],[18.45924,-34.06395],[18.45879,-34.06595],[18.45796,-34.06589],[18.44871,-34.06435],[18.44864,-34.06228],[18.44785,-34.05912],[18.44604,-34.05231],[18.44547,-34.05015],[18.44609,-34.05004],[18.44714,-34.05113],[18.44956,-34.05091],[18.45021,-34.05115],[18.45002,-34.05253],[18.4507,-34.0522],[18.45193,-34.05354],[18.45397,-34.05232],[18.45504,-34.05154],[18.45941,-34.05552],[18.46089,-34.05581]]]}},{"type":"Feature","properties":{"id":"199037112","name":"Dennendal","commuteMinutes":12.9,"nearestJobCenter":"Claremont","distanceKm":null,"nearestTransitKm":2.2199565258463765,"spatialBurdenScore":0.1747982610338551},"geometry":{"type":"Polygon","coordinates":[[[18.44785,-34.05912],[18.44728,-34.05903],[18.44235,-34.05955],[18.44143,-34.05969],[18.44081,-34.05937],[18.43629,-34.05945],[18.43523,-34.05983],[18.43375,-34.06],[18.43319,-34.05978],[18.43261,-34.05913],[18.43593,-34.05747],[18.43586,-34.05737],[18.44353,-34.05356],[18.44604,-34.05231],[18.44785,-34.05912]]]}},{"type":"Feature","properties":{"id":"199037113","name":"Forest Glade","commuteMinutes":14.12,"nearestJobCenter":"Claremont","distanceKm":null,"nearestTransitKm":2.8646000932482365,"spatialBurdenScore":0.2087173370632628},"geometry":{"type":"Polygon","coordinates":[[[18.4333,-34.06188],[18.42735,-34.06088],[18.43101,-34.05935],[18.4324,-34.05894],[18.43261,-34.05913],[18.43319,-34.05978],[18.43353,-34.06074],[18.4333,-34.06188]]]}},{"type":"Feature","properties":{"id":"199037114","name":"Tokai","commuteMinutes":12.25,"nearestJobCenter":"Claremont","distanceKm":null,"nearestTransitKm":2.1141824973618633,"spatialBurdenScore":0.1662339665611412},"geometry":{"type":"Polygon","coordinates":[[[18.44785,-34.05912],[18.44864,-34.06228],[18.44871,-34.06435],[18.44859,-34.06531],[18.44734,-34.06495],[18.43193,-34.06735],[18.43179,-34.06732],[18.43329,-34.06234],[18.4333,-34.06188],[18.43353,-34.06074],[18.43319,-34.05978],[18.43375,-34.06],[18.43523,-34.05983],[18.43629,-34.05945],[18.44081,-34.05937],[18.44143,-34.05969],[18.44235,-34.05955],[18.44728,-34.05903],[18.44785,-34.05912]]]}},{"type":"Feature","properties":{"id":"199037115","name":"Pollsmoor","commuteMinutes":14.64,"nearestJobCenter":"Claremont","distanceKm":null,"nearestTransitKm":2.366477957844441,"spatialBurdenScore":0.19225911831377765},"geometry":{"type":"Polygon","coordinates":[[[18.44618,-34.07578],[18.43996,-34.0739],[18.44023,-34.07321],[18.4388,-34.07325],[18.43877,-34.07295],[18.43501,-34.07299],[18.43289,-34.07273],[18.4326,-34.07201],[18.43138,-34.07096],[18.43145,-34.06853],[18.43179,-34.06732],[18.43193,-34.06735],[18.44734,-34.06495],[18.44859,-34.06531],[18.44742,-34.07044],[18.44661,-34.07423],[18.44618,-34.07578]]]}},{"type":"Feature","properties":{"id":"199037116","name":"Kirstenhof","commuteMinutes":12.79,"nearestJobCenter":"Claremont","distanceKm":null,"nearestTransitKm":1.0325024200067536,"spatialBurdenScore":0.1265667634669368},"geometry":{"type":"Polygon","coordinates":[[[18.45629,-34.07916],[18.44787,-34.07915],[18.44513,-34.07912],[18.44618,-34.07578],[18.44661,-34.07423],[18.44742,-34.07044],[18.44859,-34.06531],[18.44871,-34.06435],[18.45796,-34.06589],[18.45879,-34.06595],[18.45843,-34.068],[18.45629,-34.07916]]]}},{"type":"Feature","properties":{"id":"199037117","name":"Westlake","commuteMinutes":14.8,"nearestJobCenter":"Claremont","distanceKm":null,"nearestTransitKm":2.56143097112464,"spatialBurdenScore":0.20112390551165227},"geometry":{"type":"Polygon","coordinates":[[[18.44618,-34.07578],[18.44513,-34.07912],[18.44335,-34.07917],[18.44231,-34.07942],[18.44157,-34.07993],[18.43982,-34.08183],[18.43903,-34.08243],[18.43835,-34.08266],[18.4369,-34.08272],[18.43596,-34.08248],[18.4332,-34.08101],[18.4309,-34.07984],[18.43008,-34.0789],[18.4295,-34.07746],[18.42919,-34.07628],[18.42952,-34.0752],[18.4307,-34.07365],[18.43132,-34.07246],[18.43138,-34.07096],[18.4326,-34.07201],[18.43289,-34.07273],[18.43501,-34.07299],[18.43877,-34.07295],[18.4388,-34.07325],[18.44023,-34.07321],[18.43996,-34.0739],[18.44618,-34.07578]]]}},{"type":"Feature","properties":{"id":"199037118","name":"Steenberg","commuteMinutes":12.95,"nearestJobCenter":"Claremont","distanceKm":null,"nearestTransitKm":0.9730082977800704,"spatialBurdenScore":0.12525366524453613},"geometry":{"type":"MultiPolygon","coordinates":[[[[18.48124,-34.07173],[18.47984,-34.07383],[18.47938,-34.0751],[18.47637,-34.07523],[18.47086,-34.07539],[18.46378,-34.07566],[18.4635,-34.06959],[18.46878,-34.06943],[18.46882,-34.07046],[18.47801,-34.07012],[18.48059,-34.07133],[18.48124,-34.07173]]],[[[18.41125,-34.08077],[18.41186,-34.06717],[18.42735,-34.06088],[18.4333,-34.06188],[18.43329,-34.06234],[18.43179,-34.06732],[18.43145,-34.06853],[18.43138,-34.07096],[18.43132,-34.07246],[18.4307,-34.07365],[18.42952,-34.0752],[18.42919,-34.07628],[18.4295,-34.07746],[18.42532,-34.08285],[18.42187,-34.08717],[18.41125,-34.08077]]]]}},{"type":"Feature","properties":{"id":"199037119","name":"Lavender Hill","commuteMinutes":14.28,"nearestJobCenter":"Claremont","distanceKm":null,"nearestTransitKm":2.241940853375095,"spatialBurdenScore":0.1848776341350038},"geometry":{"type":"Polygon","coordinates":[[[18.49532,-34.08011],[18.49402,-34.08034],[18.49404,-34.08074],[18.49211,-34.08098],[18.4915,-34.08059],[18.49111,-34.08093],[18.49025,-34.08079],[18.49014,-34.07862],[18.48933,-34.07866],[18.48928,-34.07816],[18.48851,-34.07619],[18.48842,-34.07482],[18.48057,-34.0751],[18.47938,-34.0751],[18.47984,-34.07383],[18.48124,-34.07173],[18.48452,-34.06698],[18.48629,-34.06444],[18.4872,-34.0634],[18.48845,-34.0616],[18.48884,-34.06049],[18.48926,-34.06051],[18.48949,-34.06299],[18.49316,-34.06837],[18.49264,-34.06869],[18.49472,-34.07223],[18.49574,-34.07444],[18.49634,-34.07617],[18.49652,-34.07838],[18.49532,-34.08011]]]}},{"type":"Feature","properties":{"id":"199037120","name":"Cafda Village","commuteMinutes":13.13,"nearestJobCenter":"Claremont","distanceKm":null,"nearestTransitKm":1.8208807757559333,"spatialBurdenScore":0.16036856436357066},"geometry":{"type":"Polygon","coordinates":[[[18.48452,-34.06698],[18.4793,-34.06447],[18.4796,-34.06247],[18.47927,-34.0612],[18.47895,-34.06134],[18.47815,-34.05952],[18.47745,-34.05727],[18.4842,-34.0563],[18.48577,-34.05593],[18.48814,-34.05442],[18.48885,-34.06021],[18.48884,-34.06049],[18.48845,-34.0616],[18.4872,-34.0634],[18.48629,-34.06444],[18.48452,-34.06698]]]}},{"type":"Feature","properties":{"id":"199037121","name":"Edward","commuteMinutes":12.06,"nearestJobCenter":"Claremont","distanceKm":null,"nearestTransitKm":2.5957973653175768,"spatialBurdenScore":0.1842318946127031},"geometry":{"type":"Polygon","coordinates":[[[18.52354,-34.0243],[18.52303,-34.02394],[18.51955,-34.02457],[18.51915,-34.02274],[18.51878,-34.0228],[18.51895,-34.02192],[18.52007,-34.02203],[18.52259,-34.02158],[18.52287,-34.02124],[18.52354,-34.0243]]]}},{"type":"Feature","properties":{"id":"199037122","name":"Porter Reform Estate","commuteMinutes":12.72,"nearestJobCenter":"Claremont","distanceKm":null,"nearestTransitKm":3.593939832420958,"spatialBurdenScore":0.22855759329683834},"geometry":{"type":"Polygon","coordinates":[[[18.43313,-34.04734],[18.43336,-34.04771],[18.43709,-34.04989],[18.43752,-34.05061],[18.43697,-34.05182],[18.43479,-34.05133],[18.43278,-34.05018],[18.42975,-34.05059],[18.42902,-34.05097],[18.42762,-34.05344],[18.42609,-34.05278],[18.42674,-34.05155],[18.42265,-34.04966],[18.42153,-34.05101],[18.41999,-34.05443],[18.4205,-34.0571],[18.42189,-34.05783],[18.42082,-34.05983],[18.4198,-34.06073],[18.41853,-34.06153],[18.41738,-34.06206],[18.41613,-34.06204],[18.4148,-34.0612],[18.41402,-34.06053],[18.41319,-34.06055],[18.41374,-34.05942],[18.41262,-34.05932],[18.41291,-34.0568],[18.41301,-34.04976],[18.41434,-34.04976],[18.42106,-34.04955],[18.42477,-34.04794],[18.42585,-34.04709],[18.42677,-34.04755],[18.43313,-34.04734]]]}},{"type":"Feature","properties":{"id":"199037123","name":"Coniston Park","commuteMinutes":15.35,"nearestJobCenter":"Claremont","distanceKm":null,"nearestTransitKm":0.9779504121555527,"spatialBurdenScore":0.14145134981955543},"geometry":{"type":"Polygon","coordinates":[[[18.47915,-34.0794],[18.47497,-34.07923],[18.47226,-34.07917],[18.47227,-34.0777],[18.47201,-34.07704],[18.4711,-34.07657],[18.47071,-34.07599],[18.47086,-34.07539],[18.47637,-34.07523],[18.47938,-34.0751],[18.47906,-34.07723],[18.47915,-34.0794]]]}},{"type":"Feature","properties":{"id":"199037124","name":"Seawinds","commuteMinutes":15.41,"nearestJobCenter":"Claremont","distanceKm":null,"nearestTransitKm":1.9242509274524378,"spatialBurdenScore":0.17970337043143086},"geometry":{"type":"Polygon","coordinates":[[[18.4842,-34.08025],[18.47915,-34.0794],[18.47906,-34.07723],[18.47938,-34.0751],[18.48057,-34.0751],[18.48842,-34.07482],[18.48851,-34.07619],[18.48928,-34.07816],[18.48933,-34.07866],[18.48781,-34.079],[18.48622,-34.07904],[18.48632,-34.08045],[18.4842,-34.08025]]]}},{"type":"Feature","properties":{"id":"199037125","name":"Sheraton Park","commuteMinutes":16.22,"nearestJobCenter":"Claremont","distanceKm":null,"nearestTransitKm":0.45131716261185234,"spatialBurdenScore":0.12618601983780742},"geometry":{"type":"Polygon","coordinates":[[[18.47226,-34.07917],[18.47053,-34.07915],[18.47052,-34.07929],[18.46405,-34.07925],[18.46333,-34.07933],[18.46378,-34.07566],[18.47086,-34.07539],[18.47071,-34.07599],[18.4711,-34.07657],[18.47201,-34.07704],[18.47227,-34.0777],[18.47226,-34.07917]]]}},{"type":"Feature","properties":{"id":"199037126","name":"Silver Mine","commuteMinutes":18.52,"nearestJobCenter":"Claremont","distanceKm":null,"nearestTransitKm":2.6385314717430965,"spatialBurdenScore":0.22900792553639054},"geometry":{"type":"Polygon","coordinates":[[[18.41125,-34.08077],[18.42187,-34.08717],[18.42532,-34.08285],[18.4295,-34.07746],[18.43008,-34.0789],[18.4309,-34.07984],[18.4332,-34.08101],[18.4298,-34.08238],[18.42798,-34.08309],[18.42674,-34.08324],[18.43725,-34.08891],[18.44764,-34.1],[18.45152,-34.09969],[18.45267,-34.10016],[18.46099,-34.09691],[18.46268,-34.09869],[18.46457,-34.09751],[18.4652,-34.09933],[18.46531,-34.10009],[18.46343,-34.10029],[18.4635,-34.10093],[18.46267,-34.10185],[18.46251,-34.10296],[18.46136,-34.10454],[18.45814,-34.10546],[18.46371,-34.10878],[18.46548,-34.10789],[18.46526,-34.11032],[18.46417,-34.11181],[18.46329,-34.11259],[18.46266,-34.11355],[18.46034,-34.11525],[18.45915,-34.11582],[18.45826,-34.1159],[18.4577,-34.11622],[18.45503,-34.11717],[18.45466,-34.11766],[18.45375,-34.11969],[18.45294,-34.1206],[18.45114,-34.12193],[18.45053,-34.1233],[18.44954,-34.12376],[18.44751,-34.12526],[18.44558,-34.1262],[18.44577,-34.12544],[18.44635,-34.12145],[18.42374,-34.1087],[18.41406,-34.11662],[18.41299,-34.1175],[18.40312,-34.11357],[18.40015,-34.11238],[18.40002,-34.11223],[18.39847,-34.11161],[18.39846,-34.11071],[18.39846,-34.11016],[18.39975,-34.10916],[18.40276,-34.10681],[18.40295,-34.1056],[18.40525,-34.09051],[18.40442,-34.09005],[18.39323,-34.0825],[18.3858,-34.0779],[18.38015,-34.07283],[18.38305,-34.06357],[18.38927,-34.06535],[18.39236,-34.06783],[18.39556,-34.06804],[18.40227,-34.07156],[18.41125,-34.08077]]]}},{"type":"Feature","properties":{"id":"199038001","name":"Llandudno","commuteMinutes":18.22,"nearestJobCenter":"Cape Town CBD","distanceKm":null,"nearestTransitKm":0.8627983900186148,"spatialBurdenScore":0.15597860226741125},"geometry":{"type":"Polygon","coordinates":[[[18.34997,-34.01333],[18.34893,-34.01352],[18.34789,-34.01409],[18.34795,-34.01532],[18.34776,-34.01946],[18.34744,-34.02048],[18.35108,-34.02265],[18.35103,-34.02288],[18.34983,-34.02371],[18.34894,-34.02407],[18.3475,-34.02442],[18.34679,-34.02498],[18.3452,-34.02561],[18.34442,-34.02624],[18.34019,-34.02504],[18.33214,-34.02255],[18.33161,-34.02245],[18.33104,-34.02171],[18.33151,-34.02118],[18.33129,-34.02003],[18.33056,-34.01995],[18.33058,-34.01965],[18.33136,-34.01945],[18.33133,-34.01901],[18.33239,-34.01846],[18.33293,-34.01846],[18.33259,-34.01738],[18.33296,-34.01665],[18.33383,-34.01673],[18.33436,-34.01608],[18.33366,-34.01515],[18.33393,-34.0143],[18.33499,-34.01398],[18.33493,-34.01332],[18.33394,-34.0133],[18.33354,-34.01162],[18.33424,-34.01052],[18.33488,-34.01062],[18.33539,-34.00989],[18.33642,-34.00999],[18.33674,-34.00972],[18.33671,-34.00904],[18.33844,-34.00959],[18.33949,-34.00959],[18.34019,-34.00894],[18.34089,-34.0074],[18.34075,-34.00569],[18.34007,-34.00576],[18.33877,-34.00496],[18.33862,-34.00409],[18.34047,-34.00451],[18.3416,-34.00492],[18.34164,-34.00426],[18.34209,-34.00417],[18.34233,-34.00355],[18.34344,-34.00261],[18.34449,-34.00241],[18.34562,-34.00298],[18.34612,-34.00426],[18.3474,-34.00509],[18.34749,-34.00672],[18.34836,-34.00815],[18.34838,-34.00909],[18.35007,-34.01209],[18.34997,-34.01333]]]}},{"type":"Feature","properties":{"id":"199038002","name":"Helgarda Estate","commuteMinutes":18.96,"nearestJobCenter":"Claremont","distanceKm":null,"nearestTransitKm":0.3208842820588075,"spatialBurdenScore":0.13923537128235228},"geometry":{"type":"Polygon","coordinates":[[[18.34871,-34.02945],[18.34854,-34.02974],[18.34813,-34.03184],[18.34805,-34.03293],[18.34692,-34.03323],[18.34509,-34.02938],[18.34468,-34.02939],[18.3441,-34.02821],[18.34291,-34.02737],[18.34442,-34.02624],[18.3452,-34.02561],[18.34679,-34.02498],[18.3475,-34.02442],[18.34894,-34.02407],[18.34983,-34.02371],[18.35103,-34.02288],[18.35108,-34.02265],[18.34744,-34.02048],[18.34776,-34.01946],[18.34795,-34.01532],[18.34789,-34.01409],[18.34893,-34.01352],[18.34997,-34.01333],[18.35006,-34.0141],[18.35051,-34.01506],[18.35088,-34.01633],[18.35138,-34.02095],[18.3511,-34.02356],[18.35062,-34.02511],[18.34953,-34.02811],[18.34871,-34.02945]]]}},{"type":"Feature","properties":{"id":"199038003","name":"Hout Bay SP","commuteMinutes":20.68,"nearestJobCenter":"Claremont","distanceKm":null,"nearestTransitKm":0.5375323844822402,"spatialBurdenScore":0.15936796204595627},"geometry":{"type":"Polygon","coordinates":[[[18.37558,-34.00111],[18.3859,-34.00772],[18.38627,-34.00727],[18.38864,-34.00931],[18.38871,-34.01012],[18.39237,-34.01013],[18.39449,-34.01185],[18.39884,-34.00863],[18.40143,-34.00904],[18.40516,-34.01186],[18.40571,-34.012],[18.4059,-34.01202],[18.40568,-34.0137],[18.40541,-34.01368],[18.40467,-34.0163],[18.40306,-34.01977],[18.39928,-34.01996],[18.39872,-34.01568],[18.39406,-34.0214],[18.38363,-34.02483],[18.38363,-34.02487],[18.38083,-34.02188],[18.37949,-34.02291],[18.376,-34.02415],[18.37529,-34.02413],[18.37446,-34.0225],[18.37323,-34.0197],[18.37232,-34.01993],[18.36965,-34.02099],[18.36516,-34.02233],[18.36274,-34.02375],[18.36117,-34.02483],[18.36021,-34.02526],[18.35847,-34.02631],[18.35791,-34.02689],[18.35703,-34.02857],[18.35649,-34.03005],[18.35642,-34.03192],[18.35642,-34.03493],[18.35692,-34.03619],[18.35844,-34.03888],[18.3593,-34.04071],[18.35944,-34.04265],[18.35935,-34.04301],[18.35743,-34.04363],[18.35791,-34.04465],[18.35748,-34.0448],[18.35765,-34.04539],[18.35708,-34.04645],[18.35475,-34.04605],[18.35323,-34.04601],[18.35105,-34.04635],[18.34863,-34.04745],[18.34967,-34.04945],[18.35035,-34.05143],[18.34932,-34.05208],[18.3482,-34.05419],[18.3483,-34.05504],[18.3481,-34.05569],[18.3473,-34.05664],[18.34708,-34.05754],[18.34625,-34.05797],[18.34565,-34.05867],[18.34309,-34.06082],[18.34247,-34.06115],[18.34032,-34.06182],[18.33957,-34.06174],[18.33782,-34.06092],[18.33736,-34.06125],[18.33667,-34.0613],[18.33591,-34.06094],[18.33591,-34.06057],[18.335,-34.06034],[18.33358,-34.05914],[18.33206,-34.05884],[18.33108,-34.05791],[18.33048,-34.05764],[18.32988,-34.05784],[18.32936,-34.05852],[18.3288,-34.05851],[18.32818,-34.05767],[18.3291,-34.05731],[18.32925,-34.05634],[18.32786,-34.05546],[18.32718,-34.05567],[18.3269,-34.05527],[18.3256,-34.05496],[18.32446,-34.05386],[18.32443,-34.05298],[18.32367,-34.05259],[18.32396,-34.05185],[18.32331,-34.05118],[18.32344,-34.05016],[18.32262,-34.04946],[18.32305,-34.04955],[18.32312,-34.04886],[18.32258,-34.04875],[18.32188,-34.04791],[18.32112,-34.04771],[18.32125,-34.04708],[18.32065,-34.04693],[18.31997,-34.04611],[18.31918,-34.0457],[18.31792,-34.04535],[18.31672,-34.04525],[18.31504,-34.04481],[18.31437,-34.0445],[18.31096,-34.0437],[18.30986,-34.04315],[18.30962,-34.04262],[18.30834,-34.04132],[18.30789,-34.04112],[18.30753,-34.04042],[18.30681,-34.03985],[18.30671,-34.03917],[18.30789,-34.03757],[18.30862,-34.03724],[18.30986,-34.03745],[18.31024,-34.03699],[18.31167,-34.03694],[18.31286,-34.0366],[18.31326,-34.03605],[18.31384,-34.03449],[18.31464,-34.03385],[18.31449,-34.03312],[18.31499,-34.03241],[18.31624,-34.03141],[18.31634,-34.03059],[18.3169,-34.03016],[18.31594,-34.02977],[18.3151,-34.02922],[18.31304,-34.02886],[18.31137,-34.02887],[18.31059,-34.02846],[18.31034,-34.02779],[18.31129,-34.02718],[18.31216,-34.02713],[18.31237,-34.02679],[18.31417,-34.02793],[18.3162,-34.02711],[18.31702,-34.02743],[18.31814,-34.02753],[18.31869,-34.02728],[18.32022,-34.02696],[18.3208,-34.02708],[18.32218,-34.02698],[18.32631,-34.02558],[18.32753,-34.02526],[18.3285,-34.02526],[18.33006,-34.02451],[18.33161,-34.02245],[18.33214,-34.02255],[18.34019,-34.02504],[18.33953,-34.02528],[18.33975,-34.02617],[18.34199,-34.02726],[18.3417,-34.02751],[18.34304,-34.02865],[18.34324,-34.02963],[18.34286,-34.03138],[18.34388,-34.0324],[18.34479,-34.03397],[18.34692,-34.03323],[18.34805,-34.03293],[18.34816,-34.0341],[18.35148,-34.03371],[18.35161,-34.03356],[18.35137,-34.03224],[18.35353,-34.03245],[18.35333,-34.03018],[18.35077,-34.03051],[18.35015,-34.03041],[18.34871,-34.02945],[18.34953,-34.02811],[18.35062,-34.02511],[18.3511,-34.02356],[18.35138,-34.02095],[18.35088,-34.01633],[18.35051,-34.01506],[18.35006,-34.0141],[18.34997,-34.01333],[18.35007,-34.01209],[18.34838,-34.00909],[18.34836,-34.00815],[18.34749,-34.00672],[18.3474,-34.00509],[18.34612,-34.00426],[18.34562,-34.00298],[18.34449,-34.00241],[18.34949,-34.00148],[18.35416,-34.00262],[18.36087,-33.99904],[18.36409,-34.00041],[18.37315,-34.00409],[18.37428,-34.00249],[18.37558,-34.00111]]]}},{"type":"Feature","properties":{"id":"199038004","name":"Tierboskloof","commuteMinutes":16.17,"nearestJobCenter":"Claremont","distanceKm":null,"nearestTransitKm":1.3710893115771776,"spatialBurdenScore":0.16264357246308714},"geometry":{"type":"Polygon","coordinates":[[[18.37529,-34.02413],[18.37594,-34.02545],[18.37318,-34.02643],[18.37266,-34.02536],[18.37044,-34.02626],[18.36688,-34.02792],[18.36274,-34.02375],[18.36516,-34.02233],[18.36965,-34.02099],[18.37232,-34.01993],[18.37323,-34.0197],[18.37446,-34.0225],[18.37529,-34.02413]]]}},{"type":"Feature","properties":{"id":"199038005","name":"Mount Rhodes","commuteMinutes":19.77,"nearestJobCenter":"Claremont","distanceKm":null,"nearestTransitKm":0.7717742983182738,"spatialBurdenScore":0.16267097193273092},"geometry":{"type":"Polygon","coordinates":[[[18.38363,-34.02487],[18.38248,-34.0391],[18.37987,-34.03987],[18.3632,-34.05413],[18.36252,-34.05442],[18.36289,-34.05413],[18.36217,-34.05333],[18.36257,-34.05296],[18.36361,-34.0525],[18.36315,-34.05102],[18.36273,-34.05053],[18.36255,-34.04937],[18.3634,-34.04842],[18.36381,-34.04848],[18.36445,-34.04747],[18.36552,-34.04687],[18.36781,-34.04604],[18.36901,-34.04589],[18.36917,-34.04517],[18.36993,-34.04412],[18.37208,-34.04224],[18.37215,-34.04183],[18.37321,-34.04201],[18.37395,-34.0419],[18.37426,-34.04125],[18.37399,-34.04061],[18.37312,-34.04039],[18.37269,-34.03997],[18.37166,-34.04],[18.37168,-34.03903],[18.36795,-34.03958],[18.36705,-34.03817],[18.366,-34.03716],[18.36423,-34.03719],[18.3631,-34.03456],[18.36351,-34.03454],[18.36287,-34.0329],[18.36234,-34.03289],[18.36207,-34.03227],[18.36485,-34.03021],[18.36609,-34.02912],[18.36608,-34.02848],[18.36688,-34.02792],[18.37044,-34.02626],[18.37266,-34.02536],[18.37318,-34.02643],[18.37594,-34.02545],[18.37529,-34.02413],[18.376,-34.02415],[18.37949,-34.02291],[18.38083,-34.02188],[18.38363,-34.02487]]]}},{"type":"Feature","properties":{"id":"199038006","name":"Penzance Estate","commuteMinutes":17.59,"nearestJobCenter":"Claremont","distanceKm":null,"nearestTransitKm":0.34732058618452266,"spatialBurdenScore":0.13115949011404757},"geometry":{"type":"Polygon","coordinates":[[[18.3631,-34.03456],[18.3621,-34.03474],[18.35692,-34.03619],[18.35642,-34.03493],[18.35642,-34.03192],[18.36203,-34.03216],[18.36207,-34.03227],[18.36234,-34.03289],[18.36287,-34.0329],[18.36351,-34.03454],[18.3631,-34.03456]]]}},{"type":"Feature","properties":{"id":"199038007","name":"Berg-En-Dal","commuteMinutes":18.27,"nearestJobCenter":"Claremont","distanceKm":null,"nearestTransitKm":0.22057941112137658,"spatialBurdenScore":0.13062317644485505},"geometry":{"type":"Polygon","coordinates":[[[18.3631,-34.03456],[18.36423,-34.03719],[18.35844,-34.03888],[18.35692,-34.03619],[18.3621,-34.03474],[18.3631,-34.03456]]]}},{"type":"Feature","properties":{"id":"199038008","name":"Scott Estate","commuteMinutes":18.9,"nearestJobCenter":"Claremont","distanceKm":null,"nearestTransitKm":0.31740343582823954,"spatialBurdenScore":0.13869613743312958},"geometry":{"type":"Polygon","coordinates":[[[18.36257,-34.05296],[18.36242,-34.05166],[18.36161,-34.05083],[18.36154,-34.04976],[18.36169,-34.04906],[18.36066,-34.04906],[18.36073,-34.04795],[18.35991,-34.04743],[18.35708,-34.04645],[18.35765,-34.04539],[18.35748,-34.0448],[18.35791,-34.04465],[18.35743,-34.04363],[18.35935,-34.04301],[18.35944,-34.04265],[18.3593,-34.04071],[18.35844,-34.03888],[18.36423,-34.03719],[18.366,-34.03716],[18.36705,-34.03817],[18.36795,-34.03958],[18.37168,-34.03903],[18.37166,-34.04],[18.37269,-34.03997],[18.37312,-34.04039],[18.37399,-34.04061],[18.37426,-34.04125],[18.37395,-34.0419],[18.37321,-34.04201],[18.37215,-34.04183],[18.37208,-34.04224],[18.36993,-34.04412],[18.36917,-34.04517],[18.36901,-34.04589],[18.36781,-34.04604],[18.36552,-34.04687],[18.36445,-34.04747],[18.36381,-34.04848],[18.3634,-34.04842],[18.36255,-34.04937],[18.36273,-34.05053],[18.36315,-34.05102],[18.36361,-34.0525],[18.36257,-34.05296]]]}},{"type":"Feature","properties":{"id":"199038009","name":"Kronenzicht","commuteMinutes":17.95,"nearestJobCenter":"Claremont","distanceKm":null,"nearestTransitKm":0.48813673642120964,"spatialBurdenScore":0.13919213612351503},"geometry":{"type":"Polygon","coordinates":[[[18.34442,-34.02624],[18.34291,-34.02737],[18.3441,-34.02821],[18.34468,-34.02939],[18.34509,-34.02938],[18.34692,-34.03323],[18.34479,-34.03397],[18.34388,-34.0324],[18.34286,-34.03138],[18.34324,-34.02963],[18.34304,-34.02865],[18.3417,-34.02751],[18.34199,-34.02726],[18.33975,-34.02617],[18.33953,-34.02528],[18.34019,-34.02504],[18.34442,-34.02624]]]}},{"type":"Feature","properties":{"id":"199038010","name":"Beach Estate","commuteMinutes":17.83,"nearestJobCenter":"Claremont","distanceKm":null,"nearestTransitKm":0.12271816780504054,"spatialBurdenScore":0.12377539337886827},"geometry":{"type":"Polygon","coordinates":[[[18.34805,-34.03293],[18.34813,-34.03184],[18.34854,-34.02974],[18.34871,-34.02945],[18.35015,-34.03041],[18.35077,-34.03051],[18.35333,-34.03018],[18.35353,-34.03245],[18.35137,-34.03224],[18.35161,-34.03356],[18.35148,-34.03371],[18.34816,-34.0341],[18.34805,-34.03293]]]}},{"type":"Feature","properties":{"id":"199038011","name":"Hout Bay Forest Reserve","commuteMinutes":25.8,"nearestJobCenter":"Claremont","distanceKm":null,"nearestTransitKm":2.994706579033586,"spatialBurdenScore":0.29178826316134343},"geometry":{"type":"Polygon","coordinates":[[[18.40306,-34.01977],[18.40402,-34.02001],[18.40632,-34.0223],[18.40722,-34.02602],[18.4088,-34.02605],[18.40968,-34.02702],[18.40907,-34.02833],[18.40821,-34.02922],[18.40336,-34.02571],[18.39996,-34.03396],[18.40567,-34.04739],[18.40305,-34.05021],[18.41301,-34.04976],[18.41291,-34.0568],[18.41262,-34.05932],[18.41374,-34.05942],[18.41319,-34.06055],[18.41402,-34.06053],[18.4148,-34.0612],[18.41613,-34.06204],[18.41738,-34.06206],[18.41853,-34.06153],[18.4198,-34.06073],[18.42082,-34.05983],[18.42189,-34.05783],[18.4205,-34.0571],[18.41999,-34.05443],[18.42153,-34.05101],[18.42265,-34.04966],[18.42674,-34.05155],[18.42609,-34.05278],[18.42762,-34.05344],[18.42902,-34.05097],[18.42975,-34.05059],[18.43278,-34.05018],[18.43479,-34.05133],[18.43697,-34.05182],[18.43676,-34.05352],[18.43755,-34.05336],[18.44285,-34.05286],[18.44353,-34.05356],[18.43586,-34.05737],[18.43593,-34.05747],[18.43261,-34.05913],[18.4324,-34.05894],[18.43101,-34.05935],[18.42735,-34.06088],[18.41186,-34.06717],[18.41125,-34.08077],[18.40227,-34.07156],[18.39556,-34.06804],[18.39236,-34.06783],[18.38927,-34.06535],[18.38305,-34.06357],[18.38015,-34.07283],[18.3858,-34.0779],[18.37542,-34.07951],[18.35959,-34.08852],[18.35741,-34.09592],[18.35698,-34.09746],[18.35558,-34.0975],[18.35463,-34.09735],[18.35248,-34.09673],[18.35228,-34.09475],[18.35087,-34.09328],[18.35022,-34.09297],[18.35025,-34.0926],[18.34967,-34.09162],[18.34958,-34.0905],[18.35005,-34.09055],[18.35012,-34.08997],[18.35098,-34.08977],[18.3516,-34.0888],[18.35223,-34.08872],[18.35305,-34.08824],[18.35336,-34.08834],[18.35423,-34.08792],[18.3545,-34.08744],[18.35431,-34.08677],[18.35331,-34.08637],[18.35286,-34.08561],[18.35386,-34.08471],[18.35361,-34.08424],[18.35456,-34.08369],[18.35498,-34.08314],[18.35506,-34.08241],[18.35473,-34.08129],[18.35545,-34.08053],[18.35556,-34.07986],[18.35524,-34.07928],[18.35474,-34.07916],[18.35519,-34.07838],[18.35438,-34.07636],[18.3549,-34.07578],[18.3555,-34.07608],[18.35781,-34.07498],[18.35846,-34.07491],[18.35913,-34.07438],[18.36041,-34.07408],[18.36098,-34.07365],[18.36172,-34.07386],[18.36232,-34.07373],[18.36246,-34.07321],[18.36296,-34.07308],[18.36357,-34.07251],[18.36374,-34.07143],[18.36469,-34.07052],[18.36482,-34.06945],[18.36541,-34.0679],[18.36664,-34.06705],[18.36692,-34.0663],[18.36701,-34.06535],[18.3681,-34.06434],[18.36827,-34.06335],[18.36809,-34.06267],[18.36764,-34.06219],[18.36679,-34.06205],[18.36654,-34.06036],[18.36486,-34.05974],[18.36441,-34.05919],[18.36452,-34.05847],[18.36406,-34.05841],[18.36374,-34.05674],[18.36319,-34.05669],[18.36306,-34.05619],[18.36202,-34.05524],[18.36252,-34.05442],[18.3632,-34.05413],[18.37987,-34.03987],[18.38248,-34.0391],[18.38363,-34.02487],[18.38363,-34.02483],[18.39406,-34.0214],[18.39872,-34.01568],[18.39928,-34.01996],[18.40306,-34.01977]]]}},{"type":"Feature","properties":{"id":"199039001","name":"Imizamo Yethu SP","commuteMinutes":16.73,"nearestJobCenter":"Claremont","distanceKm":null,"nearestTransitKm":0.45615219979269866,"spatialBurdenScore":0.12977942132504128},"geometry":{"type":"Polygon","coordinates":[[[18.36207,-34.03227],[18.36203,-34.03216],[18.35642,-34.03192],[18.35649,-34.03005],[18.35703,-34.02857],[18.35791,-34.02689],[18.35847,-34.02631],[18.36021,-34.02526],[18.36117,-34.02483],[18.36274,-34.02375],[18.36688,-34.02792],[18.36608,-34.02848],[18.36609,-34.02912],[18.36485,-34.03021],[18.36207,-34.03227]]]}},{"type":"Feature","properties":{"id":"199040001","name":"Bishop Lavis SP","commuteMinutes":8.94,"nearestJobCenter":"Epping Industria","distanceKm":null,"nearestTransitKm":0.5784505486399151,"spatialBurdenScore":0.0827380219455966},"geometry":{"type":"Polygon","coordinates":[[[18.58366,-33.94337],[18.58629,-33.94377],[18.58822,-33.94394],[18.5899,-33.94377],[18.59314,-33.943],[18.59487,-33.94599],[18.59539,-33.94659],[18.59696,-33.94761],[18.59817,-33.94799],[18.59636,-33.94918],[18.5934,-33.95141],[18.5889,-33.95472],[18.58865,-33.95384],[18.58796,-33.9543],[18.58727,-33.95377],[18.58662,-33.95419],[18.58616,-33.9537],[18.58524,-33.95388],[18.57996,-33.95352],[18.57933,-33.95335],[18.5796,-33.95231],[18.5769,-33.95213],[18.57631,-33.95198],[18.57307,-33.95032],[18.57288,-33.94913],[18.56637,-33.94903],[18.5664,-33.94319],[18.56782,-33.94328],[18.57156,-33.94295],[18.57315,-33.94287],[18.57795,-33.94291],[18.58029,-33.94296],[18.58366,-33.94337]]]}},{"type":"Feature","properties":{"id":"199041001","name":"Highgate","commuteMinutes":13.32,"nearestJobCenter":"Bellville","distanceKm":null,"nearestTransitKm":2.7751910100469703,"spatialBurdenScore":0.19980764040187882},"geometry":{"type":"Polygon","coordinates":[[[18.67515,-33.96846],[18.67604,-33.97166],[18.67673,-33.97584],[18.6718,-33.9762],[18.67049,-33.98047],[18.67039,-33.98044],[18.66894,-33.98015],[18.66794,-33.9801],[18.66884,-33.97293],[18.66944,-33.96852],[18.67437,-33.96843],[18.67515,-33.96846]]]}},{"type":"Feature","properties":{"id":"199041002","name":"Silversands","commuteMinutes":14.99,"nearestJobCenter":"Bellville","distanceKm":null,"nearestTransitKm":2.269558940994144,"spatialBurdenScore":0.1907156909730991},"geometry":{"type":"Polygon","coordinates":[[[18.68655,-33.97582],[18.68673,-33.97703],[18.68564,-33.97713],[18.68094,-33.97699],[18.68075,-33.97715],[18.68047,-33.97914],[18.68064,-33.98039],[18.67695,-33.9803],[18.67692,-33.98328],[18.67225,-33.98118],[18.67049,-33.98047],[18.6718,-33.9762],[18.67673,-33.97584],[18.67604,-33.97166],[18.67515,-33.96846],[18.67444,-33.96602],[18.67539,-33.96575],[18.68253,-33.96749],[18.68166,-33.96989],[18.68122,-33.97103],[18.68165,-33.97235],[18.68202,-33.97534],[18.68327,-33.97531],[18.68655,-33.97582]]]}},{"type":"Feature","properties":{"id":"199041003","name":"Sunset Glen","commuteMinutes":15.48,"nearestJobCenter":"Bellville","distanceKm":null,"nearestTransitKm":2.2669418939578887,"spatialBurdenScore":0.19387767575831555},"geometry":{"type":"Polygon","coordinates":[[[18.68673,-33.97703],[18.68703,-33.97905],[18.68748,-33.98032],[18.69021,-33.98326],[18.6909,-33.98455],[18.69093,-33.98657],[18.69078,-33.98724],[18.68273,-33.9851],[18.68328,-33.98356],[18.68085,-33.98269],[18.68093,-33.98237],[18.68064,-33.98039],[18.68047,-33.97914],[18.68075,-33.97715],[18.68094,-33.97699],[18.68564,-33.97713],[18.68673,-33.97703]]]}},{"type":"Feature","properties":{"id":"199041004","name":"Hindle Park","commuteMinutes":14.28,"nearestJobCenter":"Bellville","distanceKm":null,"nearestTransitKm":2.8050407727325415,"spatialBurdenScore":0.20740163090930167},"geometry":{"type":"Polygon","coordinates":[[[18.68064,-33.98039],[18.68093,-33.98237],[18.68085,-33.98269],[18.68003,-33.98438],[18.6781,-33.98381],[18.67692,-33.98328],[18.67695,-33.9803],[18.68064,-33.98039]]]}},{"type":"Feature","properties":{"id":"199041005","name":"Delro","commuteMinutes":14.09,"nearestJobCenter":"Bellville","distanceKm":null,"nearestTransitKm":2.7185183071269368,"spatialBurdenScore":0.2026740656184108},"geometry":{"type":"Polygon","coordinates":[[[18.68273,-33.9851],[18.68003,-33.98438],[18.68085,-33.98269],[18.68328,-33.98356],[18.68273,-33.9851]]]}},{"type":"Feature","properties":{"id":"199041006","name":"Fountain Village","commuteMinutes":16.06,"nearestJobCenter":"Bellville","distanceKm":null,"nearestTransitKm":2.9112372813726237,"spatialBurdenScore":0.22351615792157162},"geometry":{"type":"Polygon","coordinates":[[[18.68822,-33.99779],[18.68637,-33.99732],[18.68532,-33.99622],[18.68496,-33.99414],[18.68453,-33.99332],[18.68264,-33.99133],[18.68173,-33.99042],[18.68064,-33.98967],[18.67938,-33.9883],[18.6792,-33.98794],[18.67814,-33.98447],[18.6781,-33.98381],[18.68003,-33.98438],[18.68273,-33.9851],[18.69078,-33.98724],[18.69047,-33.98812],[18.68822,-33.99779]]]}},{"type":"Feature","properties":{"id":"199041007","name":"The Connifers","commuteMinutes":15.95,"nearestJobCenter":"Bellville","distanceKm":null,"nearestTransitKm":1.8422374476053893,"spatialBurdenScore":0.18002283123754892},"geometry":{"type":"Polygon","coordinates":[[[18.68655,-33.97582],[18.68723,-33.97591],[18.68724,-33.97599],[18.69175,-33.97665],[18.69319,-33.97656],[18.69323,-33.97689],[18.69472,-33.98059],[18.69519,-33.98148],[18.69591,-33.98204],[18.70045,-33.98651],[18.70079,-33.98731],[18.69859,-33.99461],[18.69689,-33.99372],[18.69616,-33.99314],[18.6955,-33.99219],[18.69408,-33.98934],[18.69359,-33.98871],[18.69227,-33.98776],[18.69078,-33.98724],[18.69093,-33.98657],[18.6909,-33.98455],[18.69021,-33.98326],[18.68748,-33.98032],[18.68703,-33.97905],[18.68673,-33.97703],[18.68655,-33.97582]]]}},{"type":"Feature","properties":{"id":"199041008","name":"Austinville","commuteMinutes":15.21,"nearestJobCenter":"Bellville","distanceKm":null,"nearestTransitKm":1.0764360694240058,"spatialBurdenScore":0.14445744277696024},"geometry":{"type":"Polygon","coordinates":[[[18.69519,-33.98148],[18.69472,-33.98059],[18.69323,-33.97689],[18.69319,-33.97656],[18.69373,-33.97639],[18.69766,-33.97458],[18.70084,-33.97874],[18.69843,-33.97976],[18.69519,-33.98148]]]}},{"type":"Feature","properties":{"id":"199041009","name":"Gaylee","commuteMinutes":14.31,"nearestJobCenter":"Bellville","distanceKm":null,"nearestTransitKm":0.5347042998595293,"spatialBurdenScore":0.11678817199438117},"geometry":{"type":"Polygon","coordinates":[[[18.70304,-33.97779],[18.70084,-33.97874],[18.69766,-33.97458],[18.70209,-33.97218],[18.70745,-33.96934],[18.71071,-33.97433],[18.70783,-33.97553],[18.70813,-33.97595],[18.70712,-33.97612],[18.70304,-33.97779]]]}},{"type":"Feature","properties":{"id":"199041010","name":"Dennemere","commuteMinutes":16.38,"nearestJobCenter":"Bellville","distanceKm":null,"nearestTransitKm":0.36868012057399663,"spatialBurdenScore":0.12394720482295986},"geometry":{"type":"Polygon","coordinates":[[[18.71139,-33.98409],[18.71,-33.98436],[18.70801,-33.9853],[18.706,-33.98694],[18.70206,-33.98114],[18.70304,-33.97779],[18.70712,-33.97612],[18.70813,-33.97595],[18.70783,-33.97553],[18.71071,-33.97433],[18.71204,-33.9764],[18.71591,-33.98165],[18.71347,-33.98283],[18.71403,-33.98337],[18.71379,-33.98384],[18.71148,-33.98381],[18.71139,-33.98409]]]}},{"type":"Feature","properties":{"id":"199041011","name":"Greenfield","commuteMinutes":16.32,"nearestJobCenter":"Bellville","distanceKm":null,"nearestTransitKm":1.1996676582148307,"spatialBurdenScore":0.15678670632859323},"geometry":{"type":"Polygon","coordinates":[[[18.70045,-33.98651],[18.69591,-33.98204],[18.69519,-33.98148],[18.69843,-33.97976],[18.70084,-33.97874],[18.70304,-33.97779],[18.70206,-33.98114],[18.70045,-33.98651]]]}},{"type":"Feature","properties":{"id":"199041012","name":"Wesbank","commuteMinutes":18.73,"nearestJobCenter":"Bellville","distanceKm":null,"nearestTransitKm":1.172984358380852,"spatialBurdenScore":0.17178604100190073},"geometry":{"type":"Polygon","coordinates":[[[18.71139,-33.98409],[18.71207,-33.98652],[18.7099,-33.98701],[18.70791,-33.98868],[18.70749,-33.99033],[18.70759,-33.9907],[18.70956,-33.99339],[18.70931,-33.99351],[18.70826,-33.99403],[18.70359,-33.9951],[18.703,-33.99552],[18.70266,-33.99652],[18.70177,-33.99624],[18.69971,-33.99518],[18.69859,-33.99461],[18.70079,-33.98731],[18.70045,-33.98651],[18.70206,-33.98114],[18.706,-33.98694],[18.70801,-33.9853],[18.71,-33.98436],[18.71139,-33.98409]]]}},{"type":"Feature","properties":{"id":"199041013","name":"Kleinvlei","commuteMinutes":17.36,"nearestJobCenter":"Bellville","distanceKm":null,"nearestTransitKm":0.4045579941819355,"spatialBurdenScore":0.13191565310061074},"geometry":{"type":"Polygon","coordinates":[[[18.71591,-33.98165],[18.71811,-33.98462],[18.71937,-33.98604],[18.7205,-33.98711],[18.7229,-33.989],[18.72163,-33.98988],[18.72144,-33.98964],[18.72078,-33.99009],[18.71977,-33.98907],[18.71858,-33.98895],[18.71819,-33.98911],[18.71549,-33.98964],[18.71405,-33.99002],[18.71157,-33.99232],[18.70956,-33.99339],[18.70759,-33.9907],[18.70749,-33.99033],[18.70791,-33.98868],[18.7099,-33.98701],[18.71207,-33.98652],[18.71139,-33.98409],[18.71148,-33.98381],[18.71379,-33.98384],[18.71403,-33.98337],[18.71347,-33.98283],[18.71591,-33.98165]]]}},{"type":"Feature","properties":{"id":"199041014","name":"Palm Park","commuteMinutes":18.33,"nearestJobCenter":"Bellville","distanceKm":null,"nearestTransitKm":0.1320918535929436,"spatialBurdenScore":0.12748367414371772},"geometry":{"type":"Polygon","coordinates":[[[18.7229,-33.989],[18.72378,-33.9897],[18.72465,-33.99068],[18.72507,-33.99172],[18.72508,-33.99269],[18.72465,-33.99438],[18.72429,-33.99395],[18.72429,-33.99472],[18.72369,-33.99472],[18.72349,-33.9954],[18.72238,-33.997],[18.72185,-33.99691],[18.71608,-33.99634],[18.71684,-33.99451],[18.71549,-33.98964],[18.71819,-33.98911],[18.71858,-33.98895],[18.71977,-33.98907],[18.72078,-33.99009],[18.72144,-33.98964],[18.72163,-33.98988],[18.7229,-33.989]]]}},{"type":"Feature","properties":{"id":"199041015","name":"Park Village","commuteMinutes":18.61,"nearestJobCenter":"Bellville","distanceKm":null,"nearestTransitKm":0.8402150645932903,"spatialBurdenScore":0.15767526925039826},"geometry":{"type":"Polygon","coordinates":[[[18.71532,-33.99793],[18.71522,-33.99814],[18.71092,-33.99725],[18.71081,-33.9969],[18.71017,-33.9948],[18.70931,-33.99351],[18.70956,-33.99339],[18.71157,-33.99232],[18.71405,-33.99002],[18.71549,-33.98964],[18.71684,-33.99451],[18.71608,-33.99634],[18.71532,-33.99793]]]}},{"type":"Feature","properties":{"id":"199041016","name":"Hill View","commuteMinutes":18.58,"nearestJobCenter":"Bellville","distanceKm":null,"nearestTransitKm":1.445913348410551,"spatialBurdenScore":0.1817032006030887},"geometry":{"type":"Polygon","coordinates":[[[18.71081,-33.9969],[18.70843,-33.99644],[18.70408,-33.9964],[18.70382,-33.99654],[18.70266,-33.99652],[18.703,-33.99552],[18.70359,-33.9951],[18.70826,-33.99403],[18.70931,-33.99351],[18.71017,-33.9948],[18.71081,-33.9969]]]}},{"type":"Feature","properties":{"id":"199041017","name":"Pine Place","commuteMinutes":18.9,"nearestJobCenter":"Cape Town International Airport","distanceKm":null,"nearestTransitKm":1.4163579710845198,"spatialBurdenScore":0.1826543188433808},"geometry":{"type":"Polygon","coordinates":[[[18.71081,-33.9969],[18.71092,-33.99725],[18.71259,-34.00267],[18.71107,-34.00251],[18.71033,-34.00188],[18.70844,-33.99833],[18.70843,-33.99644],[18.71081,-33.9969]]]}},{"type":"Feature","properties":{"id":"199041018","name":"Forest Glade","commuteMinutes":19.03,"nearestJobCenter":"Cape Town International Airport","distanceKm":null,"nearestTransitKm":1.0267205770526568,"spatialBurdenScore":0.16793548974877295},"geometry":{"type":"Polygon","coordinates":[[[18.71532,-33.99793],[18.7184,-33.99856],[18.71947,-33.99916],[18.72042,-33.99992],[18.72152,-34.00193],[18.7206,-34.00249],[18.7141,-34.00544],[18.71292,-34.00363],[18.71259,-34.00267],[18.71092,-33.99725],[18.71522,-33.99814],[18.71532,-33.99793]]]}},{"type":"Feature","properties":{"id":"199041019","name":"Perm Gardens","commuteMinutes":18.85,"nearestJobCenter":"Bellville","distanceKm":null,"nearestTransitKm":0.6528806023940094,"spatialBurdenScore":0.15178189076242704},"geometry":{"type":"Polygon","coordinates":[[[18.72042,-33.99992],[18.71947,-33.99916],[18.7184,-33.99856],[18.71532,-33.99793],[18.71608,-33.99634],[18.72185,-33.99691],[18.72238,-33.997],[18.72042,-33.99992]]]}},{"type":"Feature","properties":{"id":"199041020","name":"Rosedale","commuteMinutes":19.07,"nearestJobCenter":"Bellville","distanceKm":null,"nearestTransitKm":0.30505193193597807,"spatialBurdenScore":0.13933541061077248},"geometry":{"type":"Polygon","coordinates":[[[18.72152,-34.00193],[18.72042,-33.99992],[18.72238,-33.997],[18.72349,-33.9954],[18.72369,-33.99472],[18.72429,-33.99472],[18.72429,-33.99395],[18.72465,-33.99438],[18.72481,-33.99551],[18.7273,-33.99936],[18.72152,-34.00193]]]}},{"type":"Feature","properties":{"id":"199041021","name":"Diepwater","commuteMinutes":13.1,"nearestJobCenter":"Bellville","distanceKm":null,"nearestTransitKm":3.616644317773941,"spatialBurdenScore":0.23199910604429097},"geometry":{"type":"Polygon","coordinates":[[[18.66449,-33.97363],[18.66464,-33.97455],[18.66425,-33.97505],[18.66468,-33.97595],[18.66524,-33.97668],[18.66551,-33.97784],[18.66535,-33.97941],[18.66572,-33.98031],[18.66373,-33.98063],[18.66188,-33.98063],[18.65754,-33.97939],[18.65239,-33.97842],[18.65452,-33.96795],[18.65572,-33.96849],[18.65752,-33.96908],[18.65962,-33.96994],[18.66061,-33.97056],[18.66195,-33.97174],[18.66203,-33.97284],[18.66189,-33.97365],[18.66449,-33.97363]]]}},{"type":"Feature","properties":{"id":"199041022","name":"Blue Downs SP1","commuteMinutes":12.75,"nearestJobCenter":"Bellville","distanceKm":null,"nearestTransitKm":3.239769896789525,"spatialBurdenScore":0.214590795871581},"geometry":{"type":"Polygon","coordinates":[[[18.67039,-33.98044],[18.6699,-33.98192],[18.6692,-33.98358],[18.66787,-33.98585],[18.66394,-33.98618],[18.66404,-33.98448],[18.66457,-33.98337],[18.66444,-33.98259],[18.66484,-33.98192],[18.66553,-33.98137],[18.66572,-33.98031],[18.66794,-33.9801],[18.66894,-33.98015],[18.67039,-33.98044]]]}},{"type":"Feature","properties":{"id":"199041023","name":"Brentwood Park","commuteMinutes":11.62,"nearestJobCenter":"Bellville","distanceKm":null,"nearestTransitKm":2.860127876930456,"spatialBurdenScore":0.19187178174388492},"geometry":{"type":"Polygon","coordinates":[[[18.66572,-33.98031],[18.66553,-33.98137],[18.66484,-33.98192],[18.66444,-33.98259],[18.66457,-33.98337],[18.66404,-33.98448],[18.66394,-33.98618],[18.64864,-33.98701],[18.64759,-33.98697],[18.65009,-33.98449],[18.65082,-33.98351],[18.65156,-33.98206],[18.65184,-33.98114],[18.65239,-33.97842],[18.65754,-33.97939],[18.66188,-33.98063],[18.66373,-33.98063],[18.66572,-33.98031]]]}},{"type":"Feature","properties":{"id":"199041024","name":"Fairdale","commuteMinutes":14.59,"nearestJobCenter":"Bellville","distanceKm":null,"nearestTransitKm":2.9546400896799456,"spatialBurdenScore":0.2154522702538645},"geometry":{"type":"MultiPolygon","coordinates":[[[[18.68532,-33.99622],[18.68253,-33.99681],[18.68078,-33.99372],[18.68006,-33.99401],[18.68024,-33.99431],[18.67944,-33.99461],[18.67977,-33.99521],[18.67933,-33.9954],[18.67838,-33.99375],[18.67963,-33.99324],[18.67977,-33.99351],[18.68129,-33.99293],[18.68081,-33.99204],[18.68264,-33.99133],[18.68453,-33.99332],[18.68496,-33.99414],[18.68532,-33.99622]]],[[[18.66787,-33.98585],[18.6692,-33.98358],[18.6699,-33.98192],[18.67039,-33.98044],[18.67049,-33.98047],[18.67225,-33.98118],[18.67692,-33.98328],[18.6781,-33.98381],[18.67814,-33.98447],[18.67585,-33.98486],[18.67665,-33.98811],[18.67422,-33.98854],[18.6707,-33.98651],[18.66932,-33.9858],[18.66787,-33.98585]]]]}},{"type":"Feature","properties":{"id":"199041025","name":"Malibu Village","commuteMinutes":16.65,"nearestJobCenter":"Bellville","distanceKm":null,"nearestTransitKm":2.551117206444853,"spatialBurdenScore":0.2130446882577941},"geometry":{"type":"Polygon","coordinates":[[[18.69198,-34.00844],[18.69127,-34.00593],[18.68935,-34.00181],[18.68819,-33.99904],[18.68822,-33.99779],[18.69047,-33.98812],[18.69078,-33.98724],[18.69227,-33.98776],[18.69359,-33.98871],[18.69408,-33.98934],[18.6955,-33.99219],[18.69616,-33.99314],[18.69689,-33.99372],[18.69859,-33.99461],[18.69971,-33.99518],[18.69847,-33.99682],[18.6975,-33.9993],[18.69603,-34.0022],[18.69512,-34.00387],[18.69365,-34.00603],[18.69226,-34.00764],[18.69241,-34.00838],[18.69198,-34.00844]]]}},{"type":"Feature","properties":{"id":"199041026","name":"Tuscany Glen","commuteMinutes":17.81,"nearestJobCenter":"Bellville","distanceKm":null,"nearestTransitKm":2.0287572989676805,"spatialBurdenScore":0.19988362529204054},"geometry":{"type":"Polygon","coordinates":[[[18.70382,-33.99654],[18.70429,-33.99824],[18.70542,-34.00147],[18.70169,-34.00213],[18.70053,-34.00247],[18.69793,-34.00296],[18.69603,-34.0022],[18.6975,-33.9993],[18.69847,-33.99682],[18.69971,-33.99518],[18.70177,-33.99624],[18.70266,-33.99652],[18.70382,-33.99654]]]}},{"type":"Feature","properties":{"id":"199041027","name":"Forest Heights","commuteMinutes":18.1,"nearestJobCenter":"Cape Town International Airport","distanceKm":null,"nearestTransitKm":1.8276118550998657,"spatialBurdenScore":0.1937711408706613},"geometry":{"type":"Polygon","coordinates":[[[18.71259,-34.00267],[18.71292,-34.00363],[18.7141,-34.00544],[18.71075,-34.00695],[18.70931,-34.0076],[18.70866,-34.00804],[18.70707,-34.00563],[18.7062,-34.00586],[18.70542,-34.00147],[18.70429,-33.99824],[18.70382,-33.99654],[18.70408,-33.9964],[18.70843,-33.99644],[18.70844,-33.99833],[18.71033,-34.00188],[18.71107,-34.00251],[18.71259,-34.00267]]]}},{"type":"Feature","properties":{"id":"199041028","name":"Hillcrest Heights","commuteMinutes":17.28,"nearestJobCenter":"Cape Town International Airport","distanceKm":null,"nearestTransitKm":2.3290607508893064,"spatialBurdenScore":0.20836243003557225},"geometry":{"type":"Polygon","coordinates":[[[18.70866,-34.00804],[18.70069,-34.01165],[18.69946,-34.0122],[18.698,-34.01239],[18.69286,-34.01192],[18.69198,-34.00844],[18.69241,-34.00838],[18.69226,-34.00764],[18.69365,-34.00603],[18.69512,-34.00387],[18.69603,-34.0022],[18.69793,-34.00296],[18.70053,-34.00247],[18.70169,-34.00213],[18.70542,-34.00147],[18.7062,-34.00586],[18.70707,-34.00563],[18.70866,-34.00804]]]}},{"type":"Feature","properties":{"id":"199041029","name":"Forest Village","commuteMinutes":17.08,"nearestJobCenter":"Cape Town International Airport","distanceKm":null,"nearestTransitKm":2.231512765452582,"spatialBurdenScore":0.20312717728476995},"geometry":{"type":"Polygon","coordinates":[[[18.70605,-34.01824],[18.70466,-34.01789],[18.70439,-34.01732],[18.70069,-34.01165],[18.70866,-34.00804],[18.70931,-34.0076],[18.71075,-34.00695],[18.71295,-34.0103],[18.7135,-34.01115],[18.70897,-34.01315],[18.7086,-34.01344],[18.70605,-34.01824]]]}},{"type":"Feature","properties":{"id":"199041030","name":"Electric City","commuteMinutes":17.74,"nearestJobCenter":"Cape Town International Airport","distanceKm":null,"nearestTransitKm":2.089896200929395,"spatialBurdenScore":0.20186251470384245},"geometry":{"type":"Polygon","coordinates":[[[18.71951,-34.02034],[18.71972,-34.02067],[18.7179,-34.02152],[18.71755,-34.02225],[18.71114,-34.01997],[18.70605,-34.01824],[18.7086,-34.01344],[18.70897,-34.01315],[18.7135,-34.01115],[18.71951,-34.02034]]]}},{"type":"Feature","properties":{"id":"199041031","name":"Blue Downs SP2","commuteMinutes":18.01,"nearestJobCenter":"Cape Town International Airport","distanceKm":null,"nearestTransitKm":2.0529732228365853,"spatialBurdenScore":0.2021855955801301},"geometry":{"type":"Polygon","coordinates":[[[18.70605,-34.01824],[18.71114,-34.01997],[18.71755,-34.02225],[18.7179,-34.02152],[18.71972,-34.02067],[18.71951,-34.02034],[18.72236,-34.01909],[18.72302,-34.01941],[18.72501,-34.01871],[18.72528,-34.01871],[18.72588,-34.01901],[18.72783,-34.02201],[18.7308,-34.02666],[18.73518,-34.02665],[18.73121,-34.02954],[18.7295,-34.03083],[18.72752,-34.03289],[18.72667,-34.03411],[18.72359,-34.0395],[18.69461,-34.02811],[18.68986,-34.02623],[18.69123,-34.02329],[18.69162,-34.0218],[18.69287,-34.01301],[18.69286,-34.01192],[18.698,-34.01239],[18.69946,-34.0122],[18.70069,-34.01165],[18.70439,-34.01732],[18.70466,-34.01789],[18.70605,-34.01824]]]}},{"type":"Feature","properties":{"id":"199042001","name":"Mfuleni SP","commuteMinutes":15.84,"nearestJobCenter":"Cape Town International Airport","distanceKm":null,"nearestTransitKm":1.416132629518864,"spatialBurdenScore":0.16224530518075456},"geometry":{"type":"Polygon","coordinates":[[[18.68264,-33.99133],[18.68081,-33.99204],[18.68129,-33.99293],[18.67977,-33.99351],[18.67963,-33.99324],[18.67838,-33.99375],[18.67933,-33.9954],[18.67977,-33.99521],[18.67944,-33.99461],[18.68024,-33.99431],[18.68006,-33.99401],[18.68078,-33.99372],[18.68253,-33.99681],[18.68532,-33.99622],[18.68637,-33.99732],[18.68822,-33.99779],[18.68819,-33.99904],[18.68935,-34.00181],[18.69127,-34.00593],[18.69198,-34.00844],[18.69286,-34.01192],[18.69287,-34.01301],[18.69162,-34.0218],[18.69123,-34.02329],[18.68986,-34.02623],[18.67955,-34.02214],[18.66989,-34.01766],[18.66543,-34.01559],[18.65597,-34.01119],[18.65352,-34.01001],[18.6468,-34.00691],[18.63861,-34.00364],[18.63276,-34.00137],[18.63547,-33.99893],[18.63904,-33.99544],[18.64694,-33.98761],[18.64759,-33.98697],[18.64864,-33.98701],[18.66394,-33.98618],[18.66787,-33.98585],[18.66932,-33.9858],[18.6707,-33.98651],[18.67422,-33.98854],[18.67665,-33.98811],[18.67585,-33.98486],[18.67814,-33.98447],[18.6792,-33.98794],[18.67938,-33.9883],[18.68064,-33.98967],[18.68173,-33.99042],[18.68264,-33.99133]]]}},{"type":"Feature","properties":{"id":"199043001","name":"Ikwezi Park","commuteMinutes":13.61,"nearestJobCenter":"Cape Town International Airport","distanceKm":null,"nearestTransitKm":0.37588682532316936,"spatialBurdenScore":0.1057688063462601},"geometry":{"type":"Polygon","coordinates":[[[18.66543,-34.01559],[18.6642,-34.01651],[18.66256,-34.01593],[18.65983,-34.01595],[18.65975,-34.01642],[18.65641,-34.01666],[18.65608,-34.01653],[18.65571,-34.01701],[18.65534,-34.01735],[18.65341,-34.01692],[18.65243,-34.01681],[18.65044,-34.01682],[18.63845,-34.01783],[18.63809,-34.01462],[18.63789,-34.01293],[18.63768,-34.01124],[18.63539,-34.01145],[18.63404,-34.01143],[18.63381,-34.00954],[18.63321,-34.00941],[18.63118,-34.00969],[18.63117,-34.00844],[18.6322,-34.00707],[18.6307,-34.00625],[18.62903,-34.00499],[18.63276,-34.00137],[18.63861,-34.00364],[18.6468,-34.00691],[18.65352,-34.01001],[18.65597,-34.01119],[18.66543,-34.01559]]]}},{"type":"Feature","properties":{"id":"199043002","name":"Washington Square","commuteMinutes":13.91,"nearestJobCenter":"Cape Town International Airport","distanceKm":null,"nearestTransitKm":0.7540112223375811,"spatialBurdenScore":0.12289378222683658},"geometry":{"type":"Polygon","coordinates":[[[18.63789,-34.01293],[18.63161,-34.01345],[18.63118,-34.00969],[18.63321,-34.00941],[18.63381,-34.00954],[18.63404,-34.01143],[18.63539,-34.01145],[18.63768,-34.01124],[18.63789,-34.01293]]]}},{"type":"Feature","properties":{"id":"199043003","name":"Tembani","commuteMinutes":14.57,"nearestJobCenter":"Cape Town International Airport","distanceKm":null,"nearestTransitKm":0.3615625329978654,"spatialBurdenScore":0.11159583465324796},"geometry":{"type":"Polygon","coordinates":[[[18.63182,-34.01515],[18.63161,-34.01345],[18.63789,-34.01293],[18.63809,-34.01462],[18.63505,-34.01487],[18.63538,-34.01576],[18.63409,-34.01618],[18.63365,-34.01498],[18.63182,-34.01515]]]}},{"type":"Feature","properties":{"id":"199043004","name":"Bongweni","commuteMinutes":14.99,"nearestJobCenter":"Cape Town International Airport","distanceKm":null,"nearestTransitKm":0.2733592155133721,"spatialBurdenScore":0.11086770195386822},"geometry":{"type":"Polygon","coordinates":[[[18.63845,-34.01783],[18.63228,-34.01833],[18.63182,-34.01515],[18.63365,-34.01498],[18.63409,-34.01618],[18.63538,-34.01576],[18.63505,-34.01487],[18.63809,-34.01462],[18.63845,-34.01783]]]}},{"type":"Feature","properties":{"id":"199043005","name":"Bongani TR Section","commuteMinutes":18.08,"nearestJobCenter":"Cape Town International Airport","distanceKm":null,"nearestTransitKm":0.2983160904128707,"spatialBurdenScore":0.13246597694984813},"geometry":{"type":"Polygon","coordinates":[[[18.65621,-34.05437],[18.65517,-34.0553],[18.65521,-34.05577],[18.65621,-34.05661],[18.65635,-34.05698],[18.65715,-34.05736],[18.65751,-34.05786],[18.65719,-34.0582],[18.65978,-34.05989],[18.6584,-34.06031],[18.65711,-34.061],[18.65504,-34.06298],[18.65322,-34.06137],[18.65248,-34.0606],[18.64954,-34.05709],[18.64845,-34.05572],[18.64409,-34.04966],[18.64298,-34.04842],[18.64142,-34.04713],[18.63656,-34.04324],[18.63563,-34.04211],[18.63512,-34.04123],[18.63473,-34.03994],[18.63383,-34.0323],[18.63302,-34.02552],[18.63228,-34.01833],[18.63845,-34.01783],[18.65044,-34.01682],[18.65243,-34.01681],[18.65341,-34.01692],[18.65534,-34.01735],[18.65506,-34.01753],[18.65289,-34.01863],[18.65191,-34.01953],[18.65155,-34.02087],[18.65183,-34.02291],[18.65227,-34.02686],[18.65279,-34.03121],[18.6539,-34.04069],[18.65417,-34.04181],[18.65565,-34.0451],[18.65595,-34.04625],[18.65541,-34.04855],[18.65152,-34.04855],[18.65067,-34.04909],[18.65274,-34.05132],[18.65411,-34.05049],[18.65516,-34.05049],[18.65528,-34.05186],[18.65581,-34.05361],[18.65621,-34.05437]]]}},{"type":"Feature","properties":{"id":"199043006","name":"RR Section","commuteMinutes":14.56,"nearestJobCenter":"Cape Town International Airport","distanceKm":null,"nearestTransitKm":0.02651379716238169,"spatialBurdenScore":0.09812721855316194},"geometry":{"type":"Polygon","coordinates":[[[18.66057,-34.02012],[18.6599,-34.01979],[18.6586,-34.01869],[18.65688,-34.01797],[18.65506,-34.01753],[18.65534,-34.01735],[18.65571,-34.01701],[18.65639,-34.01731],[18.65825,-34.01757],[18.6603,-34.01768],[18.66102,-34.01824],[18.661,-34.01895],[18.66152,-34.01904],[18.66147,-34.01986],[18.66057,-34.02012]]]}},{"type":"Feature","properties":{"id":"199043007","name":"Victoria Merge","commuteMinutes":12.97,"nearestJobCenter":"Cape Town International Airport","distanceKm":null,"nearestTransitKm":0.3879680599075176,"spatialBurdenScore":0.10198538906296736},"geometry":{"type":"Polygon","coordinates":[[[18.66057,-34.02012],[18.66104,-34.02114],[18.66249,-34.02518],[18.65927,-34.02602],[18.65939,-34.02635],[18.65801,-34.02669],[18.65692,-34.0268],[18.65676,-34.0265],[18.65227,-34.02686],[18.65183,-34.02291],[18.65155,-34.02087],[18.65191,-34.01953],[18.65289,-34.01863],[18.65506,-34.01753],[18.65688,-34.01797],[18.6586,-34.01869],[18.6599,-34.01979],[18.66057,-34.02012]]]}},{"type":"Feature","properties":{"id":"199043008","name":"Village V3 North","commuteMinutes":13.73,"nearestJobCenter":"Cape Town International Airport","distanceKm":null,"nearestTransitKm":0.33838791613030533,"spatialBurdenScore":0.10506884997854554},"geometry":{"type":"Polygon","coordinates":[[[18.66989,-34.01766],[18.66892,-34.01855],[18.66919,-34.01871],[18.66864,-34.01936],[18.66941,-34.01971],[18.67023,-34.02039],[18.6744,-34.02646],[18.6754,-34.02852],[18.67242,-34.02951],[18.67114,-34.02959],[18.66694,-34.02894],[18.66613,-34.02893],[18.66403,-34.02942],[18.66249,-34.02518],[18.66104,-34.02114],[18.66057,-34.02012],[18.66147,-34.01986],[18.66152,-34.01904],[18.661,-34.01895],[18.66102,-34.01824],[18.6603,-34.01768],[18.65825,-34.01757],[18.65639,-34.01731],[18.65571,-34.01701],[18.65608,-34.01653],[18.65641,-34.01666],[18.65975,-34.01642],[18.65983,-34.01595],[18.66256,-34.01593],[18.6642,-34.01651],[18.66543,-34.01559],[18.66989,-34.01766]]]}},{"type":"Feature","properties":{"id":"199043009","name":"Trevor Vilakazi","commuteMinutes":14.83,"nearestJobCenter":"Cape Town International Airport","distanceKm":null,"nearestTransitKm":0.4915290864201982,"spatialBurdenScore":0.11852783012347459},"geometry":{"type":"Polygon","coordinates":[[[18.67885,-34.02735],[18.6754,-34.02852],[18.6744,-34.02646],[18.67458,-34.02635],[18.67236,-34.02297],[18.67332,-34.02254],[18.67725,-34.0244],[18.67764,-34.02417],[18.6781,-34.02499],[18.6783,-34.02611],[18.67885,-34.02735]]]}},{"type":"Feature","properties":{"id":"199043010","name":"Solomon Mahlangu","commuteMinutes":15.53,"nearestJobCenter":"Cape Town International Airport","distanceKm":null,"nearestTransitKm":0.7969115237909553,"spatialBurdenScore":0.13540979428497155},"geometry":{"type":"Polygon","coordinates":[[[18.67729,-34.03275],[18.6765,-34.03067],[18.6754,-34.02852],[18.67885,-34.02735],[18.67915,-34.02771],[18.67932,-34.02893],[18.68063,-34.03104],[18.6803,-34.03183],[18.67867,-34.03242],[18.67846,-34.03228],[18.67729,-34.03275]]]}},{"type":"Feature","properties":{"id":"199043011","name":"Khayelitsha SP","commuteMinutes":14.01,"nearestJobCenter":"Cape Town International Airport","distanceKm":null,"nearestTransitKm":0.0022009929066288867,"spatialBurdenScore":0.09348803971626515},"geometry":{"type":"Polygon","coordinates":[[[18.68986,-34.02623],[18.69461,-34.02811],[18.72359,-34.0395],[18.71851,-34.04847],[18.71684,-34.04786],[18.71422,-34.04728],[18.71445,-34.04667],[18.71345,-34.04451],[18.71332,-34.0437],[18.71326,-34.03926],[18.71269,-34.03829],[18.71161,-34.03721],[18.71104,-34.03702],[18.70412,-34.03707],[18.70338,-34.03691],[18.70286,-34.0372],[18.70171,-34.03727],[18.70135,-34.03748],[18.69974,-34.0369],[18.69873,-34.03712],[18.69804,-34.03781],[18.69831,-34.03823],[18.69784,-34.03863],[18.69678,-34.03848],[18.69569,-34.03878],[18.6942,-34.04003],[18.69345,-34.04045],[18.69278,-34.04123],[18.69288,-34.04271],[18.6938,-34.0435],[18.69503,-34.04499],[18.6941,-34.04543],[18.69137,-34.04413],[18.69068,-34.04347],[18.68981,-34.04299],[18.68828,-34.04182],[18.68669,-34.04015],[18.68371,-34.03792],[18.683,-34.03781],[18.68193,-34.03693],[18.68122,-34.03709],[18.67985,-34.03782],[18.67983,-34.03779],[18.67884,-34.03649],[18.67817,-34.03529],[18.67729,-34.03275],[18.67846,-34.03228],[18.67867,-34.03242],[18.6803,-34.03183],[18.68063,-34.03104],[18.67932,-34.02893],[18.67915,-34.02771],[18.67885,-34.02735],[18.6783,-34.02611],[18.6781,-34.02499],[18.67764,-34.02417],[18.67725,-34.0244],[18.67332,-34.02254],[18.67236,-34.02297],[18.67458,-34.02635],[18.6744,-34.02646],[18.67023,-34.02039],[18.66941,-34.01971],[18.66864,-34.01936],[18.66919,-34.01871],[18.66892,-34.01855],[18.66989,-34.01766],[18.67955,-34.02214],[18.68986,-34.02623]]]}},{"type":"Feature","properties":{"id":"199043012","name":"Village V2 North","commuteMinutes":15.87,"nearestJobCenter":"Cape Town International Airport","distanceKm":null,"nearestTransitKm":0.7022144070480115,"spatialBurdenScore":0.13388857628192047},"geometry":{"type":"Polygon","coordinates":[[[18.67729,-34.03275],[18.67817,-34.03529],[18.67884,-34.03649],[18.67983,-34.03779],[18.67775,-34.03869],[18.67544,-34.03917],[18.67152,-34.03991],[18.67069,-34.04006],[18.6682,-34.0409],[18.66403,-34.02942],[18.66613,-34.02893],[18.66694,-34.02894],[18.67114,-34.02959],[18.67242,-34.02951],[18.6754,-34.02852],[18.6765,-34.03067],[18.67729,-34.03275]]]}},{"type":"Feature","properties":{"id":"199043013","name":"Village V4 North","commuteMinutes":14.14,"nearestJobCenter":"Cape Town International Airport","distanceKm":null,"nearestTransitKm":0.4748059133230949,"spatialBurdenScore":0.11325890319959046},"geometry":{"type":"Polygon","coordinates":[[[18.66403,-34.02942],[18.6628,-34.02961],[18.66089,-34.02923],[18.65873,-34.02937],[18.65533,-34.0302],[18.65382,-34.03106],[18.65279,-34.03121],[18.65227,-34.02686],[18.65676,-34.0265],[18.65692,-34.0268],[18.65801,-34.02669],[18.65939,-34.02635],[18.65927,-34.02602],[18.66249,-34.02518],[18.66403,-34.02942]]]}},{"type":"Feature","properties":{"id":"199043014","name":"Village V1 North","commuteMinutes":15.1,"nearestJobCenter":"Cape Town International Airport","distanceKm":null,"nearestTransitKm":0.5264253844008747,"spatialBurdenScore":0.12172368204270166},"geometry":{"type":"Polygon","coordinates":[[[18.66403,-34.02942],[18.6682,-34.0409],[18.66822,-34.04096],[18.66515,-34.04192],[18.66178,-34.04308],[18.65565,-34.0451],[18.65417,-34.04181],[18.6539,-34.04069],[18.65279,-34.03121],[18.65382,-34.03106],[18.65533,-34.0302],[18.65873,-34.02937],[18.66089,-34.02923],[18.6628,-34.02961],[18.66403,-34.02942]]]}},{"type":"Feature","properties":{"id":"199043015","name":"Ekuphumleni","commuteMinutes":16.53,"nearestJobCenter":"Cape Town International Airport","distanceKm":null,"nearestTransitKm":0.39466681065774095,"spatialBurdenScore":0.12598667242630965},"geometry":{"type":"Polygon","coordinates":[[[18.67661,-34.04129],[18.68055,-34.04572],[18.6744,-34.04955],[18.67162,-34.05053],[18.67125,-34.04928],[18.66822,-34.04096],[18.6682,-34.0409],[18.67069,-34.04006],[18.67152,-34.03991],[18.67251,-34.04288],[18.67424,-34.04253],[18.67558,-34.04194],[18.67661,-34.04129]]]}},{"type":"Feature","properties":{"id":"199043016","name":"Graceland","commuteMinutes":16.59,"nearestJobCenter":"Cape Town International Airport","distanceKm":null,"nearestTransitKm":0.5451681216230159,"spatialBurdenScore":0.1324067248649206},"geometry":{"type":"Polygon","coordinates":[[[18.67152,-34.03991],[18.67544,-34.03917],[18.67571,-34.04022],[18.67661,-34.04129],[18.67558,-34.04194],[18.67424,-34.04253],[18.67251,-34.04288],[18.67152,-34.03991]]]}},{"type":"Feature","properties":{"id":"199043017","name":"Griffiths Mxenge","commuteMinutes":16.32,"nearestJobCenter":"Cape Town International Airport","distanceKm":null,"nearestTransitKm":0.1963623544296079,"spatialBurdenScore":0.11665449417718432},"geometry":{"type":"Polygon","coordinates":[[[18.68055,-34.04572],[18.67661,-34.04129],[18.67571,-34.04022],[18.67544,-34.03917],[18.67775,-34.03869],[18.67983,-34.03779],[18.67985,-34.03782],[18.68066,-34.03893],[18.68277,-34.04036],[18.68388,-34.04221],[18.68507,-34.04335],[18.68432,-34.04419],[18.68372,-34.04454],[18.68184,-34.045],[18.68055,-34.04572]]]}},{"type":"Feature","properties":{"id":"199043018","name":"Silver Town","commuteMinutes":16.27,"nearestJobCenter":"Cape Town International Airport","distanceKm":null,"nearestTransitKm":0.21982732838926508,"spatialBurdenScore":0.11725975980223725},"geometry":{"type":"Polygon","coordinates":[[[18.6941,-34.04543],[18.69372,-34.04572],[18.69222,-34.04501],[18.69027,-34.04448],[18.68682,-34.04411],[18.68507,-34.04335],[18.68388,-34.04221],[18.68277,-34.04036],[18.68066,-34.03893],[18.67985,-34.03782],[18.68122,-34.03709],[18.68193,-34.03693],[18.683,-34.03781],[18.68371,-34.03792],[18.68669,-34.04015],[18.68828,-34.04182],[18.68981,-34.04299],[18.69068,-34.04347],[18.69137,-34.04413],[18.6941,-34.04543]]]}},{"type":"Feature","properties":{"id":"199043019","name":"Khayelitsha T3-V5","commuteMinutes":18.77,"nearestJobCenter":"Cape Town International Airport","distanceKm":null,"nearestTransitKm":0.6770530254624264,"spatialBurdenScore":0.15221545435183037},"geometry":{"type":"Polygon","coordinates":[[[18.71422,-34.04728],[18.70971,-34.04632],[18.7068,-34.04608],[18.70497,-34.04616],[18.69869,-34.04684],[18.69705,-34.0469],[18.69528,-34.04644],[18.69372,-34.04572],[18.6941,-34.04543],[18.69503,-34.04499],[18.6938,-34.0435],[18.69288,-34.04271],[18.69278,-34.04123],[18.69345,-34.04045],[18.6942,-34.04003],[18.69569,-34.03878],[18.69678,-34.03848],[18.69784,-34.03863],[18.69831,-34.03823],[18.69804,-34.03781],[18.69873,-34.03712],[18.69974,-34.0369],[18.70135,-34.03748],[18.70171,-34.03727],[18.70286,-34.0372],[18.70338,-34.03691],[18.70412,-34.03707],[18.71104,-34.03702],[18.71161,-34.03721],[18.71269,-34.03829],[18.71326,-34.03926],[18.71332,-34.0437],[18.71345,-34.04451],[18.71445,-34.04667],[18.71422,-34.04728]]]}},{"type":"Feature","properties":{"id":"199043020","name":"Mandela Park","commuteMinutes":17.33,"nearestJobCenter":"Cape Town International Airport","distanceKm":null,"nearestTransitKm":0.5714487984327575,"spatialBurdenScore":0.13839128527064362},"geometry":{"type":"Polygon","coordinates":[[[18.68422,-34.0547],[18.68032,-34.0547],[18.67917,-34.05526],[18.67705,-34.0551],[18.67553,-34.05467],[18.67463,-34.05426],[18.67344,-34.05347],[18.67246,-34.0525],[18.67183,-34.05156],[18.67142,-34.0506],[18.67162,-34.05053],[18.6744,-34.04955],[18.68055,-34.04572],[18.68184,-34.045],[18.68372,-34.04454],[18.68432,-34.04419],[18.68507,-34.04335],[18.68682,-34.04411],[18.69027,-34.04448],[18.69222,-34.04501],[18.69372,-34.04572],[18.69528,-34.04644],[18.69461,-34.04745],[18.69215,-34.05257],[18.69189,-34.05448],[18.68636,-34.0545],[18.68422,-34.0547]]]}},{"type":"Feature","properties":{"id":"199043021","name":"Village V1 South","commuteMinutes":16.61,"nearestJobCenter":"Cape Town International Airport","distanceKm":null,"nearestTransitKm":0.7234271817958142,"spatialBurdenScore":0.1396704206051659},"geometry":{"type":"Polygon","coordinates":[[[18.67162,-34.05053],[18.67142,-34.0506],[18.66699,-34.05214],[18.66547,-34.05309],[18.66367,-34.05544],[18.66222,-34.05684],[18.66121,-34.05855],[18.65943,-34.05767],[18.65815,-34.05671],[18.65677,-34.05522],[18.65621,-34.05437],[18.65581,-34.05361],[18.65528,-34.05186],[18.65516,-34.05049],[18.65411,-34.05049],[18.65274,-34.05132],[18.65067,-34.04909],[18.65152,-34.04855],[18.65541,-34.04855],[18.65595,-34.04625],[18.65565,-34.0451],[18.66178,-34.04308],[18.66515,-34.04192],[18.66822,-34.04096],[18.67125,-34.04928],[18.67162,-34.05053]]]}},{"type":"Feature","properties":{"id":"199043022","name":"Monwabisi","commuteMinutes":16.45,"nearestJobCenter":"Cape Town International Airport","distanceKm":null,"nearestTransitKm":1.3369500462228443,"spatialBurdenScore":0.1631446685155804},"geometry":{"type":"Polygon","coordinates":[[[18.65978,-34.05989],[18.65719,-34.0582],[18.65751,-34.05786],[18.65715,-34.05736],[18.65635,-34.05698],[18.65621,-34.05661],[18.65521,-34.05577],[18.65517,-34.0553],[18.65621,-34.05437],[18.65677,-34.05522],[18.65815,-34.05671],[18.65943,-34.05767],[18.66121,-34.05855],[18.66055,-34.05946],[18.65978,-34.05989]]]}},{"type":"Feature","properties":{"id":"199043023","name":"Harare/Holimisa","commuteMinutes":18.97,"nearestJobCenter":"Cape Town International Airport","distanceKm":null,"nearestTransitKm":0.3258632367649712,"spatialBurdenScore":0.1395011961372655},"geometry":{"type":"Polygon","coordinates":[[[18.68422,-34.0547],[18.68397,-34.05599],[18.68396,-34.05823],[18.68365,-34.059],[18.6827,-34.06004],[18.68241,-34.06087],[18.68248,-34.06339],[18.6821,-34.06432],[18.68136,-34.06511],[18.6783,-34.06321],[18.67715,-34.06266],[18.67575,-34.06223],[18.66283,-34.0591],[18.66121,-34.05855],[18.66222,-34.05684],[18.66367,-34.05544],[18.66547,-34.05309],[18.66699,-34.05214],[18.67142,-34.0506],[18.67183,-34.05156],[18.67246,-34.0525],[18.67344,-34.05347],[18.67463,-34.05426],[18.67553,-34.05467],[18.67705,-34.0551],[18.67917,-34.05526],[18.68032,-34.0547],[18.68422,-34.0547]]]}},{"type":"Feature","properties":{"id":"199043024","name":"Town 3","commuteMinutes":19.64,"nearestJobCenter":"Cape Town International Airport","distanceKm":null,"nearestTransitKm":0.3566865202883736,"spatialBurdenScore":0.14520079414486828},"geometry":{"type":"Polygon","coordinates":[[[18.6959,-34.05516],[18.6962,-34.05612],[18.69716,-34.05701],[18.69775,-34.05731],[18.69685,-34.05822],[18.69276,-34.06116],[18.69234,-34.06171],[18.69227,-34.06252],[18.69307,-34.06481],[18.68616,-34.06646],[18.68542,-34.06658],[18.68377,-34.06641],[18.68305,-34.06614],[18.68136,-34.06511],[18.6821,-34.06432],[18.68248,-34.06339],[18.68241,-34.06087],[18.6827,-34.06004],[18.68365,-34.059],[18.68396,-34.05823],[18.68397,-34.05599],[18.68422,-34.0547],[18.68636,-34.0545],[18.69189,-34.05448],[18.69201,-34.05571],[18.69465,-34.05524],[18.6959,-34.05516]]]}},{"type":"Feature","properties":{"id":"199043025","name":"Khayelitsha T3-V4","commuteMinutes":18.42,"nearestJobCenter":"Cape Town International Airport","distanceKm":null,"nearestTransitKm":0.32744077721982534,"spatialBurdenScore":0.13589763108879302},"geometry":{"type":"Polygon","coordinates":[[[18.69869,-34.04684],[18.69899,-34.04846],[18.69846,-34.05488],[18.69843,-34.05513],[18.6959,-34.05516],[18.69465,-34.05524],[18.69201,-34.05571],[18.69189,-34.05448],[18.69215,-34.05257],[18.69461,-34.04745],[18.69528,-34.04644],[18.69705,-34.0469],[18.69869,-34.04684]]]}},{"type":"Feature","properties":{"id":"199043026","name":"Khayelitsha T3-V3","commuteMinutes":18.11,"nearestJobCenter":"Cape Town International Airport","distanceKm":null,"nearestTransitKm":0.3454802951880556,"spatialBurdenScore":0.13455254514085555},"geometry":{"type":"Polygon","coordinates":[[[18.7131,-34.05688],[18.7126,-34.05659],[18.71301,-34.05621],[18.71313,-34.05524],[18.71272,-34.05542],[18.71172,-34.05507],[18.71161,-34.05435],[18.70891,-34.05437],[18.70877,-34.05474],[18.69846,-34.05488],[18.69899,-34.04846],[18.69869,-34.04684],[18.70497,-34.04616],[18.7068,-34.04608],[18.70971,-34.04632],[18.71422,-34.04728],[18.71684,-34.04786],[18.71851,-34.04847],[18.71498,-34.05464],[18.714,-34.05594],[18.7131,-34.05688]]]}},{"type":"Feature","properties":{"id":"199043027","name":"Khayelitsha T3-V2","commuteMinutes":19.4,"nearestJobCenter":"Cape Town International Airport","distanceKm":null,"nearestTransitKm":0.37719482290787826,"spatialBurdenScore":0.14442112624964842},"geometry":{"type":"Polygon","coordinates":[[[18.7131,-34.05688],[18.71229,-34.05762],[18.70197,-34.06594],[18.70056,-34.06475],[18.69882,-34.064],[18.6968,-34.06396],[18.69307,-34.06481],[18.69227,-34.06252],[18.69234,-34.06171],[18.69276,-34.06116],[18.69685,-34.05822],[18.69775,-34.05731],[18.69716,-34.05701],[18.6962,-34.05612],[18.6959,-34.05516],[18.69843,-34.05513],[18.69846,-34.05488],[18.70877,-34.05474],[18.70891,-34.05437],[18.71161,-34.05435],[18.71172,-34.05507],[18.71272,-34.05542],[18.71313,-34.05524],[18.71301,-34.05621],[18.7126,-34.05659],[18.7131,-34.05688]]]}},{"type":"Feature","properties":{"id":"199043028","name":"Khayelitsha T2-V2b","commuteMinutes":19.58,"nearestJobCenter":"Cape Town International Airport","distanceKm":null,"nearestTransitKm":1.3312494492675697,"spatialBurdenScore":0.1837833113040361},"geometry":{"type":"Polygon","coordinates":[[[18.69307,-34.06481],[18.6968,-34.06396],[18.69882,-34.064],[18.70056,-34.06475],[18.70197,-34.06594],[18.70018,-34.06737],[18.69905,-34.06817],[18.69528,-34.07129],[18.69404,-34.07194],[18.6929,-34.07218],[18.69295,-34.07248],[18.69114,-34.07255],[18.6901,-34.07276],[18.6897,-34.07315],[18.68964,-34.0738],[18.68995,-34.07418],[18.68852,-34.07425],[18.68757,-34.07468],[18.6864,-34.0748],[18.68506,-34.07466],[18.68426,-34.07481],[18.68391,-34.07436],[18.68192,-34.0744],[18.67679,-34.07378],[18.67396,-34.0739],[18.6715,-34.07348],[18.66956,-34.07345],[18.66966,-34.07245],[18.66894,-34.07145],[18.66647,-34.06988],[18.66511,-34.06932],[18.66196,-34.06821],[18.66,-34.06712],[18.6573,-34.06491],[18.65504,-34.06298],[18.65711,-34.061],[18.6584,-34.06031],[18.65978,-34.05989],[18.66055,-34.05946],[18.66121,-34.05855],[18.66283,-34.0591],[18.67575,-34.06223],[18.67715,-34.06266],[18.6783,-34.06321],[18.68136,-34.06511],[18.68305,-34.06614],[18.68377,-34.06641],[18.68542,-34.06658],[18.68616,-34.06646],[18.69307,-34.06481]]]}},{"type":"Feature","properties":{"id":"199044001","name":"Mandalay","commuteMinutes":15.1,"nearestJobCenter":"Cape Town International Airport","distanceKm":null,"nearestTransitKm":0.3411275163066948,"spatialBurdenScore":0.11431176731893446},"geometry":{"type":"Polygon","coordinates":[[[18.63302,-34.02552],[18.62983,-34.02579],[18.6294,-34.02191],[18.6293,-34.02185],[18.61976,-34.02263],[18.61773,-34.0197],[18.60764,-34.02052],[18.60732,-34.0181],[18.61386,-34.01691],[18.61546,-34.01651],[18.61688,-34.01596],[18.61832,-34.01516],[18.61926,-34.01445],[18.62903,-34.00499],[18.6307,-34.00625],[18.6322,-34.00707],[18.63117,-34.00844],[18.63118,-34.00969],[18.63161,-34.01345],[18.63182,-34.01515],[18.63228,-34.01833],[18.63302,-34.02552]]]}},{"type":"Feature","properties":{"id":"199044002","name":"Lentegeur","commuteMinutes":15.58,"nearestJobCenter":"Cape Town International Airport","distanceKm":null,"nearestTransitKm":0.1954451010069554,"spatialBurdenScore":0.11168447070694487},"geometry":{"type":"Polygon","coordinates":[[[18.63302,-34.02552],[18.63383,-34.0323],[18.63037,-34.03261],[18.62908,-34.0328],[18.62766,-34.03317],[18.61734,-34.03664],[18.61318,-34.03804],[18.60426,-34.04098],[18.60233,-34.03683],[18.59844,-34.02855],[18.60198,-34.02803],[18.60805,-34.0275],[18.60751,-34.02655],[18.60264,-34.01893],[18.60732,-34.0181],[18.60764,-34.02052],[18.61773,-34.0197],[18.61976,-34.02263],[18.6293,-34.02185],[18.6294,-34.02191],[18.62983,-34.02579],[18.63302,-34.02552]]]}},{"type":"Feature","properties":{"id":"199044003","name":"Woodlands","commuteMinutes":14.31,"nearestJobCenter":"Cape Town International Airport","distanceKm":null,"nearestTransitKm":1.1613175033065672,"spatialBurdenScore":0.1418527001322627},"geometry":{"type":"Polygon","coordinates":[[[18.58959,-34.04269],[18.58886,-34.04283],[18.58763,-34.03953],[18.5876,-34.03924],[18.5901,-34.0379],[18.58854,-34.03716],[18.58891,-34.03591],[18.59407,-34.03542],[18.59063,-34.03029],[18.59395,-34.02904],[18.59484,-34.02885],[18.59821,-34.02849],[18.59829,-34.02823],[18.59592,-34.02328],[18.59512,-34.02142],[18.59481,-34.02036],[18.60264,-34.01893],[18.60751,-34.02655],[18.60805,-34.0275],[18.60198,-34.02803],[18.59844,-34.02855],[18.60233,-34.03683],[18.60426,-34.04098],[18.5985,-34.04291],[18.59649,-34.04323],[18.59462,-34.0431],[18.59189,-34.0426],[18.58959,-34.04269]]]}},{"type":"Feature","properties":{"id":"199044004","name":"Colorado","commuteMinutes":14.54,"nearestJobCenter":"Cape Town International Airport","distanceKm":null,"nearestTransitKm":1.1082119632305054,"spatialBurdenScore":0.14126181186255354},"geometry":{"type":"Polygon","coordinates":[[[18.59063,-34.03029],[18.58944,-34.03065],[18.58858,-34.02805],[18.59117,-34.02704],[18.59163,-34.02658],[18.5942,-34.02343],[18.59512,-34.02142],[18.59592,-34.02328],[18.59829,-34.02823],[18.59821,-34.02849],[18.59484,-34.02885],[18.59395,-34.02904],[18.59063,-34.03029]]]}},{"type":"Feature","properties":{"id":"199044005","name":"Weltevreden Valley","commuteMinutes":15.77,"nearestJobCenter":"Epping Industria","distanceKm":null,"nearestTransitKm":1.9906518352019933,"spatialBurdenScore":0.18475940674141306},"geometry":{"type":"MultiPolygon","coordinates":[[[[18.59321,-34.05859],[18.59047,-34.05606],[18.59215,-34.05499],[18.59354,-34.05437],[18.59589,-34.05359],[18.59677,-34.05529],[18.59823,-34.05675],[18.59647,-34.0576],[18.59321,-34.05859]]],[[[18.59063,-34.03029],[18.59407,-34.03542],[18.58891,-34.03591],[18.58854,-34.03716],[18.5901,-34.0379],[18.5876,-34.03924],[18.58763,-34.03953],[18.58886,-34.04283],[18.58522,-34.04361],[18.58344,-34.03831],[18.58278,-34.03648],[18.5819,-34.03468],[18.58064,-34.03259],[18.57777,-34.02877],[18.57419,-34.02413],[18.5856,-34.02206],[18.58952,-34.02134],[18.59481,-34.02036],[18.59512,-34.02142],[18.5942,-34.02343],[18.59163,-34.02658],[18.59117,-34.02704],[18.58858,-34.02805],[18.58944,-34.03065],[18.59063,-34.03029]]]]}},{"type":"Feature","properties":{"id":"199044006","name":"Westgate","commuteMinutes":16.62,"nearestJobCenter":"Epping Industria","distanceKm":null,"nearestTransitKm":2.516075879642104,"spatialBurdenScore":0.21144303518568416},"geometry":{"type":"Polygon","coordinates":[[[18.59589,-34.05359],[18.59354,-34.05437],[18.59215,-34.05499],[18.59047,-34.05606],[18.58768,-34.05345],[18.58731,-34.05272],[18.58728,-34.05065],[18.58701,-34.04918],[18.58522,-34.04361],[18.58886,-34.04283],[18.58959,-34.04269],[18.59122,-34.04753],[18.59194,-34.04932],[18.59358,-34.0488],[18.59589,-34.05359]]]}},{"type":"Feature","properties":{"id":"199044007","name":"Westridge","commuteMinutes":17.25,"nearestJobCenter":"Cape Town International Airport","distanceKm":null,"nearestTransitKm":1.6552768472048303,"spatialBurdenScore":0.1812110738881932},"geometry":{"type":"Polygon","coordinates":[[[18.61031,-34.05677],[18.60128,-34.05983],[18.60048,-34.06046],[18.59904,-34.05751],[18.59823,-34.05675],[18.59677,-34.05529],[18.59589,-34.05359],[18.59358,-34.0488],[18.59194,-34.04932],[18.59122,-34.04753],[18.58959,-34.04269],[18.59189,-34.0426],[18.59462,-34.0431],[18.59649,-34.04323],[18.5985,-34.04291],[18.60426,-34.04098],[18.60592,-34.04436],[18.60652,-34.04571],[18.6067,-34.04661],[18.60684,-34.04861],[18.60724,-34.04984],[18.61031,-34.05677]]]}},{"type":"Feature","properties":{"id":"199044008","name":"Portland","commuteMinutes":17.55,"nearestJobCenter":"Cape Town International Airport","distanceKm":null,"nearestTransitKm":0.533629609537174,"spatialBurdenScore":0.13834518438148696},"geometry":{"type":"Polygon","coordinates":[[[18.61031,-34.05677],[18.60724,-34.04984],[18.60684,-34.04861],[18.6067,-34.04661],[18.60652,-34.04571],[18.60592,-34.04436],[18.60426,-34.04098],[18.61318,-34.03804],[18.61687,-34.04571],[18.62019,-34.05255],[18.62244,-34.05715],[18.62288,-34.05876],[18.61269,-34.06217],[18.61031,-34.05677]]]}},{"type":"Feature","properties":{"id":"199044009","name":"Mitchells Plain Town Centre","commuteMinutes":17.87,"nearestJobCenter":"Cape Town International Airport","distanceKm":null,"nearestTransitKm":0.04769032771282702,"spatialBurdenScore":0.12104094644184642},"geometry":{"type":"Polygon","coordinates":[[[18.62019,-34.05255],[18.61687,-34.04571],[18.61318,-34.03804],[18.61734,-34.03664],[18.61996,-34.04206],[18.62105,-34.04418],[18.62205,-34.04546],[18.62499,-34.04805],[18.62406,-34.04877],[18.62424,-34.05012],[18.62483,-34.05141],[18.621,-34.0527],[18.62019,-34.05255]]]}},{"type":"Feature","properties":{"id":"199044010","name":"Beacon Valley","commuteMinutes":17.7,"nearestJobCenter":"Cape Town International Airport","distanceKm":null,"nearestTransitKm":0.7175844440203308,"spatialBurdenScore":0.14670337776081321},"geometry":{"type":"Polygon","coordinates":[[[18.62499,-34.04805],[18.62205,-34.04546],[18.62105,-34.04418],[18.61996,-34.04206],[18.61734,-34.03664],[18.62766,-34.03317],[18.62908,-34.0328],[18.63037,-34.03261],[18.63383,-34.0323],[18.63473,-34.03994],[18.63512,-34.04123],[18.63563,-34.04211],[18.63471,-34.04261],[18.63025,-34.04621],[18.62946,-34.04652],[18.62606,-34.04724],[18.62499,-34.04805]]]}},{"type":"Feature","properties":{"id":"199044011","name":"Eastridge","commuteMinutes":18.3,"nearestJobCenter":"Cape Town International Airport","distanceKm":null,"nearestTransitKm":0.08121370616399022,"spatialBurdenScore":0.1252485482465596},"geometry":{"type":"Polygon","coordinates":[[[18.62288,-34.05876],[18.62244,-34.05715],[18.62019,-34.05255],[18.621,-34.0527],[18.62483,-34.05141],[18.62424,-34.05012],[18.62406,-34.04877],[18.62499,-34.04805],[18.62606,-34.04724],[18.62946,-34.04652],[18.63025,-34.04621],[18.63471,-34.04261],[18.63563,-34.04211],[18.63656,-34.04324],[18.64142,-34.04713],[18.63042,-34.05596],[18.62908,-34.05667],[18.62288,-34.05876]]]}},{"type":"Feature","properties":{"id":"199044012","name":"Tafelsig","commuteMinutes":19.68,"nearestJobCenter":"Cape Town International Airport","distanceKm":null,"nearestTransitKm":0.05085759122042884,"spatialBurdenScore":0.13323430364881717},"geometry":{"type":"Polygon","coordinates":[[[18.6573,-34.06491],[18.65659,-34.06544],[18.65569,-34.06557],[18.65403,-34.06514],[18.65053,-34.06526],[18.641,-34.06567],[18.64055,-34.06406],[18.63769,-34.06442],[18.63805,-34.06586],[18.6357,-34.06642],[18.6345,-34.0669],[18.63311,-34.06762],[18.62912,-34.07001],[18.62777,-34.07055],[18.62795,-34.07157],[18.62612,-34.07159],[18.62412,-34.0715],[18.62331,-34.07143],[18.6232,-34.07106],[18.62198,-34.07053],[18.62075,-34.06945],[18.62035,-34.06866],[18.62072,-34.0671],[18.62275,-34.06047],[18.62288,-34.05876],[18.62908,-34.05667],[18.63042,-34.05596],[18.64142,-34.04713],[18.64298,-34.04842],[18.64409,-34.04966],[18.64845,-34.05572],[18.64954,-34.05709],[18.65248,-34.0606],[18.65322,-34.06137],[18.65504,-34.06298],[18.6573,-34.06491]]]}},{"type":"Feature","properties":{"id":"199044013","name":"Rocklands","commuteMinutes":19.38,"nearestJobCenter":"Epping Industria","distanceKm":null,"nearestTransitKm":1.4265547963376617,"spatialBurdenScore":0.18626219185350645},"geometry":{"type":"Polygon","coordinates":[[[18.61031,-34.05677],[18.61269,-34.06217],[18.62288,-34.05876],[18.62275,-34.06047],[18.62072,-34.0671],[18.62035,-34.06866],[18.62075,-34.06945],[18.62198,-34.07053],[18.6232,-34.07106],[18.62331,-34.07143],[18.61789,-34.07084],[18.61665,-34.07077],[18.61399,-34.07089],[18.61277,-34.07109],[18.60741,-34.06908],[18.60687,-34.06977],[18.60299,-34.07017],[18.60287,-34.06941],[18.5999,-34.06844],[18.59861,-34.06689],[18.59815,-34.06704],[18.59765,-34.06633],[18.59567,-34.0648],[18.5947,-34.06363],[18.594,-34.06316],[18.59208,-34.06156],[18.59537,-34.06057],[18.59321,-34.05859],[18.59647,-34.0576],[18.59823,-34.05675],[18.59904,-34.05751],[18.60048,-34.06046],[18.60128,-34.05983],[18.61031,-34.05677]]]}},{"type":"Feature","properties":{"id":"199044014","name":"Strandfontein","commuteMinutes":22.36,"nearestJobCenter":"Claremont","distanceKm":null,"nearestTransitKm":3.4921286996928407,"spatialBurdenScore":0.28875181465438027},"geometry":{"type":"Polygon","coordinates":[[[18.57625,-34.07174],[18.57776,-34.07475],[18.57798,-34.0759],[18.57909,-34.0758],[18.58685,-34.07567],[18.58991,-34.07536],[18.59298,-34.07471],[18.59293,-34.07302],[18.58967,-34.06975],[18.58756,-34.06778],[18.58503,-34.06586],[18.58031,-34.06695],[18.58106,-34.06855],[18.58135,-34.07065],[18.57935,-34.07087],[18.57795,-34.07119],[18.57625,-34.07174],[18.57485,-34.06874],[18.57229,-34.06535],[18.57211,-34.06481],[18.58209,-34.06185],[18.59321,-34.05859],[18.59537,-34.06057],[18.59208,-34.06156],[18.594,-34.06316],[18.5947,-34.06363],[18.59567,-34.0648],[18.59765,-34.06633],[18.59815,-34.06704],[18.59861,-34.06689],[18.5999,-34.06844],[18.60287,-34.06941],[18.60299,-34.07017],[18.60687,-34.06977],[18.60741,-34.06908],[18.61277,-34.07109],[18.61399,-34.07089],[18.61665,-34.07077],[18.61789,-34.07084],[18.62331,-34.07143],[18.62412,-34.0715],[18.62419,-34.07455],[18.6219,-34.0752],[18.62143,-34.07558],[18.6202,-34.0757],[18.61943,-34.07548],[18.61588,-34.07543],[18.61535,-34.0753],[18.61253,-34.07566],[18.61049,-34.07603],[18.60739,-34.07643],[18.60376,-34.07713],[18.60063,-34.07744],[18.59939,-34.07774],[18.59356,-34.07881],[18.59183,-34.07918],[18.5903,-34.07938],[18.5868,-34.08029],[18.5828,-34.08123],[18.58245,-34.08121],[18.58005,-34.08187],[18.57674,-34.08256],[18.57456,-34.08311],[18.57263,-34.08349],[18.56696,-34.08502],[18.56575,-34.08546],[18.56443,-34.08562],[18.5629,-34.08614],[18.56243,-34.08612],[18.56133,-34.08661],[18.5592,-34.08694],[18.55749,-34.08757],[18.55649,-34.0877],[18.5565,-34.08817],[18.55602,-34.08894],[18.55504,-34.08939],[18.55386,-34.08965],[18.55345,-34.0893],[18.55229,-34.0888],[18.55017,-34.08875],[18.549,-34.08896],[18.54565,-34.08008],[18.54596,-34.07993],[18.54433,-34.07818],[18.54199,-34.07566],[18.53869,-34.07243],[18.54247,-34.07165],[18.54417,-34.07331],[18.5463,-34.07285],[18.54712,-34.07323],[18.54697,-34.07368],[18.54698,-34.07633],[18.54601,-34.07637],[18.5461,-34.07754],[18.54579,-34.07756],[18.54616,-34.07895],[18.5467,-34.07945],[18.54774,-34.07878],[18.54935,-34.07828],[18.55961,-34.07727],[18.56117,-34.07692],[18.57625,-34.07174]]]}},{"type":"Feature","properties":{"id":"199044015","name":"San Remo","commuteMinutes":21.08,"nearestJobCenter":"Epping Industria","distanceKm":null,"nearestTransitKm":3.2119889954413385,"spatialBurdenScore":0.26901289315098686},"geometry":{"type":"Polygon","coordinates":[[[18.58135,-34.07065],[18.58106,-34.06855],[18.58031,-34.06695],[18.58503,-34.06586],[18.58756,-34.06778],[18.58967,-34.06975],[18.58865,-34.06993],[18.58135,-34.07065]]]}},{"type":"Feature","properties":{"id":"199044016","name":"Bay View","commuteMinutes":21.43,"nearestJobCenter":"Epping Industria","distanceKm":null,"nearestTransitKm":3.2596671595840316,"spatialBurdenScore":0.27325335305002796},"geometry":{"type":"Polygon","coordinates":[[[18.57625,-34.07174],[18.57795,-34.07119],[18.57935,-34.07087],[18.58135,-34.07065],[18.58865,-34.06993],[18.58967,-34.06975],[18.59293,-34.07302],[18.59298,-34.07471],[18.58991,-34.07536],[18.58685,-34.07567],[18.57909,-34.0758],[18.57798,-34.0759],[18.57776,-34.07475],[18.57625,-34.07174]]]}},{"type":"Feature","properties":{"id":"199044017","name":"Strandfontein Village","commuteMinutes":20.44,"nearestJobCenter":"Claremont","distanceKm":null,"nearestTransitKm":6.039360411644595,"spatialBurdenScore":0.37784108313245046},"geometry":{"type":"Polygon","coordinates":[[[18.57625,-34.07174],[18.56117,-34.07692],[18.55961,-34.07727],[18.54935,-34.07828],[18.54774,-34.07878],[18.5467,-34.07945],[18.54616,-34.07895],[18.54579,-34.07756],[18.5461,-34.07754],[18.54601,-34.07637],[18.54698,-34.07633],[18.54697,-34.07368],[18.54712,-34.07323],[18.54755,-34.07333],[18.54833,-34.07257],[18.54884,-34.07236],[18.55245,-34.0716],[18.55387,-34.07136],[18.55328,-34.06937],[18.56216,-34.0675],[18.56242,-34.06805],[18.56614,-34.06717],[18.57229,-34.06535],[18.57485,-34.06874],[18.57625,-34.07174]]]}},{"type":"Feature","properties":{"id":"199044018","name":"Wavecrest","commuteMinutes":20.59,"nearestJobCenter":"Claremont","distanceKm":null,"nearestTransitKm":6.467683071661718,"spatialBurdenScore":0.3959739895331354},"geometry":{"type":"Polygon","coordinates":[[[18.54712,-34.07323],[18.5463,-34.07285],[18.54417,-34.07331],[18.54247,-34.07165],[18.54944,-34.07023],[18.55328,-34.06937],[18.55387,-34.07136],[18.55245,-34.0716],[18.54884,-34.07236],[18.54833,-34.07257],[18.54755,-34.07333],[18.54712,-34.07323]]]}},{"type":"Feature","properties":{"id":"199044019","name":"Wolfgat Nature Reserve","commuteMinutes":20.84,"nearestJobCenter":"Cape Town International Airport","distanceKm":null,"nearestTransitKm":1.4057618835134473,"spatialBurdenScore":0.19516380867387123},"geometry":{"type":"Polygon","coordinates":[[[18.6573,-34.06491],[18.66,-34.06712],[18.66196,-34.06821],[18.66511,-34.06932],[18.66647,-34.06988],[18.66894,-34.07145],[18.66966,-34.07245],[18.66956,-34.07345],[18.6636,-34.073],[18.66109,-34.07306],[18.65909,-34.073],[18.65644,-34.0732],[18.65627,-34.07305],[18.65472,-34.0731],[18.65359,-34.07326],[18.65261,-34.07305],[18.64961,-34.07308],[18.6456,-34.07295],[18.64303,-34.07326],[18.64015,-34.07326],[18.63952,-34.07341],[18.63547,-34.07341],[18.63369,-34.0735],[18.63337,-34.07338],[18.63141,-34.07368],[18.63024,-34.07363],[18.62961,-34.07383],[18.62821,-34.0739],[18.62671,-34.0742],[18.62633,-34.07441],[18.62419,-34.07455],[18.62412,-34.0715],[18.62612,-34.07159],[18.62795,-34.07157],[18.62777,-34.07055],[18.62912,-34.07001],[18.63311,-34.06762],[18.6345,-34.0669],[18.6357,-34.06642],[18.63805,-34.06586],[18.63769,-34.06442],[18.64055,-34.06406],[18.641,-34.06567],[18.65053,-34.06526],[18.65403,-34.06514],[18.65569,-34.06557],[18.65659,-34.06544],[18.6573,-34.06491]]]}},{"type":"Feature","properties":{"id":"199045001","name":"Lotus River","commuteMinutes":12.71,"nearestJobCenter":"Claremont","distanceKm":null,"nearestTransitKm":2.7369426972800754,"spatialBurdenScore":0.19421104122453636},"geometry":{"type":"Polygon","coordinates":[[[18.52354,-34.0243],[18.52535,-34.03216],[18.52622,-34.0364],[18.52699,-34.04007],[18.52685,-34.04166],[18.52705,-34.04279],[18.52391,-34.04315],[18.52406,-34.04388],[18.52124,-34.04428],[18.52084,-34.04369],[18.51776,-34.0441],[18.51748,-34.04492],[18.51837,-34.04683],[18.51855,-34.04758],[18.51467,-34.04812],[18.51373,-34.04864],[18.51161,-34.04637],[18.50196,-34.03612],[18.50068,-34.03407],[18.49573,-34.02585],[18.4968,-34.02504],[18.50235,-34.0251],[18.50257,-34.02523],[18.50543,-34.02504],[18.51326,-34.0246],[18.51775,-34.02452],[18.51959,-34.02475],[18.51955,-34.02457],[18.52303,-34.02394],[18.52354,-34.0243]]]}},{"type":"Feature","properties":{"id":"199045002","name":"Parkwood","commuteMinutes":12.93,"nearestJobCenter":"Claremont","distanceKm":null,"nearestTransitKm":0.8905226988680633,"spatialBurdenScore":0.12182090795472253},"geometry":{"type":"Polygon","coordinates":[[[18.50196,-34.03612],[18.50109,-34.03645],[18.49233,-34.04237],[18.48715,-34.04591],[18.49034,-34.03988],[18.49064,-34.03876],[18.49095,-34.03684],[18.49095,-34.03528],[18.49026,-34.03217],[18.48986,-34.02906],[18.49115,-34.02846],[18.49573,-34.02585],[18.50068,-34.03407],[18.50196,-34.03612]]]}},{"type":"Feature","properties":{"id":"199045003","name":"Grassy Park SP","commuteMinutes":11.38,"nearestJobCenter":"Claremont","distanceKm":null,"nearestTransitKm":2.1448684275538823,"spatialBurdenScore":0.16166140376882196},"geometry":{"type":"Polygon","coordinates":[[[18.49301,-34.0586],[18.48926,-34.06051],[18.48884,-34.06049],[18.48885,-34.06021],[18.48814,-34.05442],[18.48741,-34.05011],[18.48679,-34.04768],[18.48678,-34.04692],[18.48715,-34.04591],[18.49233,-34.04237],[18.50109,-34.03645],[18.50196,-34.03612],[18.51161,-34.04637],[18.50091,-34.05335],[18.50139,-34.05391],[18.49746,-34.05648],[18.497,-34.05601],[18.4934,-34.0584],[18.49301,-34.0586]]]}},{"type":"Feature","properties":{"id":"199045004","name":"Zeekoei Vlei","commuteMinutes":16.18,"nearestJobCenter":"Claremont","distanceKm":null,"nearestTransitKm":3.4617841308386796,"spatialBurdenScore":0.24633803190021386},"geometry":{"type":"Polygon","coordinates":[[[18.50357,-34.07872],[18.50323,-34.07895],[18.50066,-34.07952],[18.49895,-34.0792],[18.49877,-34.07951],[18.49532,-34.08011],[18.49652,-34.07838],[18.49634,-34.07617],[18.49574,-34.07444],[18.49472,-34.07223],[18.49264,-34.06869],[18.49316,-34.06837],[18.48949,-34.06299],[18.48926,-34.06051],[18.49301,-34.0586],[18.49458,-34.06046],[18.49513,-34.06037],[18.49587,-34.06089],[18.49629,-34.06091],[18.4964,-34.06012],[18.49683,-34.05992],[18.49874,-34.0596],[18.5,-34.05894],[18.50093,-34.05886],[18.50239,-34.05971],[18.50272,-34.06048],[18.50369,-34.0618],[18.50466,-34.06166],[18.50503,-34.06265],[18.50551,-34.06323],[18.50726,-34.06442],[18.50893,-34.06404],[18.51111,-34.063],[18.51207,-34.06168],[18.5128,-34.06186],[18.51336,-34.06318],[18.51336,-34.06368],[18.51293,-34.06414],[18.50997,-34.06589],[18.50825,-34.067],[18.50718,-34.06733],[18.5062,-34.06806],[18.50415,-34.06933],[18.50399,-34.06991],[18.50454,-34.07187],[18.50519,-34.07255],[18.50522,-34.07354],[18.50375,-34.07701],[18.50357,-34.07872]]]}},{"type":"Feature","properties":{"id":"199045005","name":"Pelikan Park","commuteMinutes":26.64,"nearestJobCenter":"Claremont","distanceKm":null,"nearestTransitKm":4.812251761579271,"spatialBurdenScore":0.3700900704631708},"geometry":{"type":"Polygon","coordinates":[[[18.52705,-34.04279],[18.52806,-34.04769],[18.52897,-34.05236],[18.52946,-34.05455],[18.5314,-34.06426],[18.5317,-34.06518],[18.53242,-34.06633],[18.53407,-34.06801],[18.53869,-34.07243],[18.54199,-34.07566],[18.54433,-34.07818],[18.53843,-34.08115],[18.53494,-34.08235],[18.53875,-34.0904],[18.53708,-34.09075],[18.53598,-34.0908],[18.53,-34.09209],[18.52747,-34.09257],[18.52522,-34.09318],[18.52327,-34.09362],[18.52181,-34.09383],[18.51998,-34.09428],[18.51904,-34.09438],[18.51681,-34.09488],[18.51513,-34.09545],[18.5128,-34.0959],[18.51098,-34.09638],[18.51053,-34.09638],[18.50755,-34.09712],[18.5048,-34.09763],[18.50416,-34.09725],[18.50467,-34.09701],[18.50299,-34.09391],[18.50322,-34.09304],[18.50305,-34.09205],[18.50325,-34.0912],[18.50378,-34.09019],[18.50381,-34.08934],[18.50463,-34.08861],[18.50477,-34.08742],[18.50485,-34.0846],[18.50502,-34.08392],[18.50508,-34.08169],[18.50485,-34.08096],[18.50378,-34.07955],[18.50357,-34.07872],[18.50375,-34.07701],[18.50522,-34.07354],[18.50519,-34.07255],[18.50454,-34.07187],[18.50399,-34.06991],[18.50415,-34.06933],[18.5062,-34.06806],[18.50718,-34.06733],[18.50825,-34.067],[18.50997,-34.06589],[18.51293,-34.06414],[18.51336,-34.06368],[18.51336,-34.06318],[18.5128,-34.06186],[18.51207,-34.06168],[18.51111,-34.063],[18.50893,-34.06404],[18.50726,-34.06442],[18.50551,-34.06323],[18.50503,-34.06265],[18.50466,-34.06166],[18.50369,-34.0618],[18.50272,-34.06048],[18.50239,-34.05971],[18.50093,-34.05886],[18.5,-34.05894],[18.49874,-34.0596],[18.49683,-34.05992],[18.4964,-34.06012],[18.49629,-34.06091],[18.49587,-34.06089],[18.49513,-34.06037],[18.49458,-34.06046],[18.49301,-34.0586],[18.4934,-34.0584],[18.497,-34.05601],[18.49746,-34.05648],[18.50139,-34.05391],[18.50091,-34.05335],[18.51161,-34.04637],[18.51373,-34.04864],[18.51467,-34.04812],[18.51855,-34.04758],[18.51837,-34.04683],[18.51748,-34.04492],[18.51776,-34.0441],[18.52084,-34.04369],[18.52124,-34.04428],[18.52406,-34.04388],[18.52391,-34.04315],[18.52705,-34.04279]]]}},{"type":"Feature","properties":{"id":"199045006","name":"Pelikan Heights","commuteMinutes":21.25,"nearestJobCenter":"Claremont","distanceKm":null,"nearestTransitKm":7.048870273632083,"spatialBurdenScore":0.42362147761195},"geometry":{"type":"Polygon","coordinates":[[[18.53875,-34.0904],[18.53494,-34.08235],[18.53843,-34.08115],[18.54433,-34.07818],[18.54596,-34.07993],[18.54565,-34.08008],[18.549,-34.08896],[18.54754,-34.08924],[18.54496,-34.08949],[18.54258,-34.08994],[18.54203,-34.08994],[18.53961,-34.09037],[18.53875,-34.0904]]]}},{"type":"Feature","properties":{"id":"199046001","name":"Vrygrond Informal","commuteMinutes":16.69,"nearestJobCenter":"Claremont","distanceKm":null,"nearestTransitKm":2.3782621510310156,"spatialBurdenScore":0.20639715270790732},"geometry":{"type":"Polygon","coordinates":[[[18.49211,-34.08098],[18.49205,-34.08199],[18.49028,-34.08164],[18.49007,-34.08225],[18.48952,-34.08235],[18.48932,-34.08149],[18.48682,-34.08108],[18.48423,-34.08081],[18.4842,-34.08025],[18.48632,-34.08045],[18.48622,-34.07904],[18.48781,-34.079],[18.48933,-34.07866],[18.49014,-34.07862],[18.49025,-34.08079],[18.49111,-34.08093],[18.4915,-34.08059],[18.49211,-34.08098]]]}},{"type":"Feature","properties":{"id":"199046002","name":"Vrygrond","commuteMinutes":16.85,"nearestJobCenter":"Claremont","distanceKm":null,"nearestTransitKm":2.2407266172618114,"spatialBurdenScore":0.2019623980238058},"geometry":{"type":"Polygon","coordinates":[[[18.49205,-34.08199],[18.49221,-34.08685],[18.48947,-34.08697],[18.48313,-34.08716],[18.48268,-34.08757],[18.48192,-34.08716],[18.47953,-34.08723],[18.47915,-34.0794],[18.4842,-34.08025],[18.48423,-34.08081],[18.48682,-34.08108],[18.48932,-34.08149],[18.48952,-34.08235],[18.49007,-34.08225],[18.49028,-34.08164],[18.49205,-34.08199]]]}},{"type":"Feature","properties":{"id":"199046003","name":"Marina Da Gama","commuteMinutes":17.16,"nearestJobCenter":"Claremont","distanceKm":null,"nearestTransitKm":0.4703025400326276,"spatialBurdenScore":0.13321210160130512},"geometry":{"type":"Polygon","coordinates":[[[18.47915,-34.0794],[18.47953,-34.08723],[18.47979,-34.0924],[18.47994,-34.09609],[18.47361,-34.09633],[18.47373,-34.0953],[18.47289,-34.09511],[18.47101,-34.09552],[18.47114,-34.09638],[18.47057,-34.09643],[18.4686,-34.09587],[18.46771,-34.09605],[18.46764,-34.09565],[18.46482,-34.09735],[18.46389,-34.09585],[18.4631,-34.09495],[18.46178,-34.09403],[18.46101,-34.09371],[18.4595,-34.0934],[18.45878,-34.09308],[18.46049,-34.09209],[18.46191,-34.09107],[18.46308,-34.09039],[18.46253,-34.089],[18.4624,-34.08733],[18.46327,-34.0799],[18.46333,-34.07933],[18.46405,-34.07925],[18.47052,-34.07929],[18.47053,-34.07915],[18.47226,-34.07917],[18.47497,-34.07923],[18.47915,-34.0794]]]}},{"type":"Feature","properties":{"id":"199046004","name":"Lakeside","commuteMinutes":15.29,"nearestJobCenter":"Claremont","distanceKm":null,"nearestTransitKm":0.7412688513201884,"spatialBurdenScore":0.13158408738614086},"geometry":{"type":"Polygon","coordinates":[[[18.45878,-34.09308],[18.45834,-34.09264],[18.45744,-34.09124],[18.45663,-34.09066],[18.45579,-34.09038],[18.45368,-34.09],[18.45094,-34.08864],[18.45007,-34.088],[18.44975,-34.08723],[18.45013,-34.08626],[18.45064,-34.0859],[18.45311,-34.08508],[18.4556,-34.08355],[18.45556,-34.08313],[18.45589,-34.08125],[18.45764,-34.081],[18.45782,-34.08027],[18.46327,-34.0799],[18.4624,-34.08733],[18.46253,-34.089],[18.46308,-34.09039],[18.46191,-34.09107],[18.46049,-34.09209],[18.45878,-34.09308]]]}},{"type":"Feature","properties":{"id":"199046005","name":"Stonehurst Mountains Estate","commuteMinutes":15.94,"nearestJobCenter":"Claremont","distanceKm":null,"nearestTransitKm":2.33410404330672,"spatialBurdenScore":0.19963082839893548},"geometry":{"type":"Polygon","coordinates":[[[18.43835,-34.08266],[18.43978,-34.08339],[18.44113,-34.08333],[18.44452,-34.08368],[18.44662,-34.0843],[18.44714,-34.08564],[18.44795,-34.08721],[18.44127,-34.0876],[18.44114,-34.08695],[18.43994,-34.08666],[18.43865,-34.08608],[18.43716,-34.08512],[18.43554,-34.08508],[18.4342,-34.08371],[18.43281,-34.08341],[18.43157,-34.08289],[18.43019,-34.08265],[18.4298,-34.08238],[18.4332,-34.08101],[18.43596,-34.08248],[18.4369,-34.08272],[18.43835,-34.08266]]]}},{"type":"Feature","properties":{"id":"199046006","name":"Capricorn","commuteMinutes":19.02,"nearestJobCenter":"Claremont","distanceKm":null,"nearestTransitKm":1.686291675092411,"spatialBurdenScore":0.19425166700369645},"geometry":{"type":"Polygon","coordinates":[[[18.48947,-34.08697],[18.48958,-34.08822],[18.48813,-34.08911],[18.48942,-34.09079],[18.49144,-34.09069],[18.49153,-34.09187],[18.49272,-34.09318],[18.49237,-34.09343],[18.49443,-34.09566],[18.49359,-34.09588],[18.49216,-34.09678],[18.49132,-34.0983],[18.49077,-34.09873],[18.48815,-34.09963],[18.48431,-34.10103],[18.48375,-34.09985],[18.48373,-34.09911],[18.48541,-34.09892],[18.4865,-34.09812],[18.48639,-34.09559],[18.48531,-34.0956],[18.48523,-34.09414],[18.48491,-34.09397],[18.48482,-34.09222],[18.47979,-34.0924],[18.47953,-34.08723],[18.48192,-34.08716],[18.48268,-34.08757],[18.48313,-34.08716],[18.48947,-34.08697]]]}},{"type":"Feature","properties":{"id":"199046007","name":"Muizenberg SP","commuteMinutes":17.5,"nearestJobCenter":"Claremont","distanceKm":null,"nearestTransitKm":0.9691425398099348,"spatialBurdenScore":0.15543236825906406},"geometry":{"type":"Polygon","coordinates":[[[18.5048,-34.09763],[18.50192,-34.09833],[18.49924,-34.0992],[18.49532,-34.1002],[18.49453,-34.10056],[18.49264,-34.10106],[18.49161,-34.1016],[18.49114,-34.1016],[18.48866,-34.1024],[18.48706,-34.10303],[18.48463,-34.10368],[18.48333,-34.10423],[18.4816,-34.10463],[18.47917,-34.10546],[18.47829,-34.10563],[18.47609,-34.10634],[18.4744,-34.10714],[18.47364,-34.10728],[18.46919,-34.10917],[18.46783,-34.11079],[18.46688,-34.11157],[18.46653,-34.11261],[18.46664,-34.11346],[18.46523,-34.1141],[18.46494,-34.1146],[18.46423,-34.11492],[18.46276,-34.11592],[18.46116,-34.11715],[18.46023,-34.11807],[18.45978,-34.11825],[18.4581,-34.11646],[18.4577,-34.11622],[18.45826,-34.1159],[18.45915,-34.11582],[18.46034,-34.11525],[18.46266,-34.11355],[18.46329,-34.11259],[18.46417,-34.11181],[18.46526,-34.11032],[18.46548,-34.10789],[18.46371,-34.10878],[18.45814,-34.10546],[18.46136,-34.10454],[18.46251,-34.10296],[18.46267,-34.10185],[18.4635,-34.10093],[18.46343,-34.10029],[18.46531,-34.10009],[18.4652,-34.09933],[18.46457,-34.09751],[18.46482,-34.09735],[18.46764,-34.09565],[18.46771,-34.09605],[18.4686,-34.09587],[18.47057,-34.09643],[18.47114,-34.09638],[18.47101,-34.09552],[18.47289,-34.09511],[18.47373,-34.0953],[18.47361,-34.09633],[18.47994,-34.09609],[18.48025,-34.10242],[18.48094,-34.10224],[18.48431,-34.10103],[18.48815,-34.09963],[18.49077,-34.09873],[18.49132,-34.0983],[18.49216,-34.09678],[18.49359,-34.09588],[18.49443,-34.09566],[18.49237,-34.09343],[18.49272,-34.09318],[18.49153,-34.09187],[18.49144,-34.09069],[18.48942,-34.09079],[18.48813,-34.08911],[18.48958,-34.08822],[18.48947,-34.08697],[18.49221,-34.08685],[18.49205,-34.08199],[18.49211,-34.08098],[18.49404,-34.08074],[18.49402,-34.08034],[18.49532,-34.08011],[18.49877,-34.07951],[18.49895,-34.0792],[18.50066,-34.07952],[18.50323,-34.07895],[18.50357,-34.07872],[18.50378,-34.07955],[18.50485,-34.08096],[18.50508,-34.08169],[18.50502,-34.08392],[18.50485,-34.0846],[18.50477,-34.08742],[18.50463,-34.08861],[18.50381,-34.08934],[18.50378,-34.09019],[18.50325,-34.0912],[18.50305,-34.09205],[18.50322,-34.09304],[18.50299,-34.09391],[18.50467,-34.09701],[18.50416,-34.09725],[18.5048,-34.09763]]]}},{"type":"Feature","properties":{"id":"199046008","name":"Costa Da Gama","commuteMinutes":18.36,"nearestJobCenter":"Claremont","distanceKm":null,"nearestTransitKm":1.47666923583172,"spatialBurdenScore":0.18146676943326878},"geometry":{"type":"Polygon","coordinates":[[[18.48431,-34.10103],[18.48094,-34.10224],[18.48025,-34.10242],[18.47994,-34.09609],[18.47979,-34.0924],[18.48482,-34.09222],[18.48491,-34.09397],[18.48523,-34.09414],[18.48531,-34.0956],[18.48639,-34.09559],[18.4865,-34.09812],[18.48541,-34.09892],[18.48373,-34.09911],[18.48375,-34.09985],[18.48431,-34.10103]]]}},{"type":"Feature","properties":{"id":"199046009","name":"Saint James","commuteMinutes":19.34,"nearestJobCenter":"Claremont","distanceKm":null,"nearestTransitKm":0.09312619523812242,"spatialBurdenScore":0.13265838114285822},"geometry":{"type":"Polygon","coordinates":[[[18.45978,-34.11825],[18.45941,-34.11851],[18.45966,-34.11917],[18.4592,-34.11947],[18.45861,-34.12042],[18.45766,-34.12072],[18.45708,-34.1206],[18.45522,-34.12217],[18.45375,-34.12292],[18.45277,-34.12441],[18.45233,-34.1247],[18.45237,-34.12541],[18.45103,-34.12565],[18.44972,-34.12443],[18.44954,-34.12376],[18.45053,-34.1233],[18.45114,-34.12193],[18.45294,-34.1206],[18.45375,-34.11969],[18.45466,-34.11766],[18.45503,-34.11717],[18.4577,-34.11622],[18.4581,-34.11646],[18.45978,-34.11825]]]}},{"type":"Feature","properties":{"id":"199047001","name":"Westlake SP","commuteMinutes":15.3,"nearestJobCenter":"Claremont","distanceKm":null,"nearestTransitKm":1.4634269018852128,"spatialBurdenScore":0.1605370760754085},"geometry":{"type":"Polygon","coordinates":[[[18.45629,-34.07916],[18.45589,-34.08125],[18.45556,-34.08313],[18.4556,-34.08355],[18.45311,-34.08508],[18.45064,-34.0859],[18.44982,-34.08522],[18.44662,-34.0843],[18.44452,-34.08368],[18.44113,-34.08333],[18.43978,-34.08339],[18.43835,-34.08266],[18.43903,-34.08243],[18.43982,-34.08183],[18.44157,-34.07993],[18.44231,-34.07942],[18.44335,-34.07917],[18.44513,-34.07912],[18.44787,-34.07915],[18.45629,-34.07916]]]}},{"type":"Feature","properties":{"id":"199048001","name":"Muizenberg Mountains SP","commuteMinutes":15.12,"nearestJobCenter":"Claremont","distanceKm":null,"nearestTransitKm":1.1537562937636903,"spatialBurdenScore":0.1469502517505476},"geometry":{"type":"Polygon","coordinates":[[[18.44662,-34.0843],[18.44982,-34.08522],[18.45064,-34.0859],[18.45013,-34.08626],[18.44975,-34.08723],[18.45007,-34.088],[18.45094,-34.08864],[18.45368,-34.09],[18.45579,-34.09038],[18.45663,-34.09066],[18.45744,-34.09124],[18.45834,-34.09264],[18.45878,-34.09308],[18.4595,-34.0934],[18.46101,-34.09371],[18.46178,-34.09403],[18.4631,-34.09495],[18.46389,-34.09585],[18.46482,-34.09735],[18.46457,-34.09751],[18.46268,-34.09869],[18.46099,-34.09691],[18.45267,-34.10016],[18.45152,-34.09969],[18.44764,-34.1],[18.43725,-34.08891],[18.42674,-34.08324],[18.42798,-34.08309],[18.4298,-34.08238],[18.43019,-34.08265],[18.43157,-34.08289],[18.43281,-34.08341],[18.4342,-34.08371],[18.43554,-34.08508],[18.43716,-34.08512],[18.43865,-34.08608],[18.43994,-34.08666],[18.44114,-34.08695],[18.44127,-34.0876],[18.44795,-34.08721],[18.44714,-34.08564],[18.44662,-34.0843]]]}},{"type":"Feature","properties":{"id":"199049001","name":"Penhill","commuteMinutes":17,"nearestJobCenter":"Bellville","distanceKm":null,"nearestTransitKm":0.4700390227740404,"spatialBurdenScore":0.13213489424429495},"geometry":{"type":"Polygon","coordinates":[[[18.72471,-33.99447],[18.72489,-33.99437],[18.73773,-33.9893],[18.74145,-33.99323],[18.7292,-33.99835],[18.7285,-33.99877],[18.72723,-33.99759],[18.72557,-33.99567],[18.72471,-33.99447]]]}},{"type":"Feature","properties":{"id":"199049002","name":"Eerste Rivier SP","commuteMinutes":19.79,"nearestJobCenter":"Bellville","distanceKm":null,"nearestTransitKm":0.054003648537670444,"spatialBurdenScore":0.13409347927484014},"geometry":{"type":"Polygon","coordinates":[[[18.74587,-34.00639],[18.74421,-34.00619],[18.74208,-34.00578],[18.74023,-34.00528],[18.74,-34.00565],[18.74009,-34.00771],[18.73945,-34.00757],[18.73923,-34.01598],[18.74206,-34.02129],[18.74222,-34.02155],[18.74187,-34.02181],[18.73869,-34.0168],[18.73611,-34.01285],[18.73309,-34.00822],[18.73173,-34.00614],[18.72956,-34.00282],[18.7273,-33.99936],[18.72481,-33.99551],[18.72465,-33.99438],[18.72471,-33.99447],[18.72557,-33.99567],[18.72723,-33.99759],[18.7285,-33.99877],[18.7292,-33.99835],[18.74145,-33.99323],[18.74637,-33.99844],[18.75177,-34.00532],[18.75089,-34.0057],[18.74803,-34.0063],[18.74587,-34.00639]]]}},{"type":"Feature","properties":{"id":"199049003","name":"Russel`s Rest","commuteMinutes":17.63,"nearestJobCenter":"Bellville","distanceKm":null,"nearestTransitKm":0.48965916707237134,"spatialBurdenScore":0.13711970001622817},"geometry":{"type":"Polygon","coordinates":[[[18.72379,-34.00541],[18.72377,-34.00537],[18.72152,-34.00193],[18.7273,-33.99936],[18.72956,-34.00282],[18.72379,-34.00541]]]}},{"type":"Feature","properties":{"id":"199049004","name":"Clairwood","commuteMinutes":18.11,"nearestJobCenter":"Bellville","distanceKm":null,"nearestTransitKm":0.6584394804884187,"spatialBurdenScore":0.14707091255287008},"geometry":{"type":"Polygon","coordinates":[[[18.72603,-34.00871],[18.72599,-34.00873],[18.72379,-34.00541],[18.72956,-34.00282],[18.73173,-34.00614],[18.72603,-34.00871]]]}},{"type":"Feature","properties":{"id":"199049005","name":"Devon Park","commuteMinutes":18.42,"nearestJobCenter":"Bellville","distanceKm":null,"nearestTransitKm":0.6264052482334326,"spatialBurdenScore":0.14785620992933732},"geometry":{"type":"Polygon","coordinates":[[[18.72603,-34.00871],[18.73173,-34.00614],[18.73309,-34.00822],[18.73026,-34.00951],[18.72734,-34.01082],[18.72603,-34.00871]]]}},{"type":"Feature","properties":{"id":"199049006","name":"The Wines","commuteMinutes":18.71,"nearestJobCenter":"Bellville","distanceKm":null,"nearestTransitKm":0.38037000318609543,"spatialBurdenScore":0.13994813346077714},"geometry":{"type":"Polygon","coordinates":[[[18.73611,-34.01285],[18.73333,-34.01411],[18.73026,-34.00951],[18.73309,-34.00822],[18.73611,-34.01285]]]}},{"type":"Feature","properties":{"id":"199049007","name":"Devon Park Village","commuteMinutes":18.95,"nearestJobCenter":"Bellville","distanceKm":null,"nearestTransitKm":0.753530797364716,"spatialBurdenScore":0.15647456522792197},"geometry":{"type":"Polygon","coordinates":[[[18.73026,-34.00951],[18.73333,-34.01411],[18.73049,-34.0154],[18.72939,-34.01372],[18.72621,-34.01517],[18.7249,-34.0163],[18.72416,-34.01516],[18.72328,-34.01555],[18.72159,-34.01269],[18.72061,-34.01116],[18.72599,-34.00873],[18.72603,-34.00871],[18.72734,-34.01082],[18.73026,-34.00951]]]}},{"type":"Feature","properties":{"id":"199049008","name":"Sillwood Heights","commuteMinutes":18.44,"nearestJobCenter":"Cape Town International Airport","distanceKm":null,"nearestTransitKm":1.5570093700053789,"spatialBurdenScore":0.18521370813354848},"geometry":{"type":"Polygon","coordinates":[[[18.72379,-34.00541],[18.72599,-34.00873],[18.72061,-34.01116],[18.72159,-34.01269],[18.72328,-34.01555],[18.72416,-34.01516],[18.7249,-34.0163],[18.72463,-34.01644],[18.72542,-34.01769],[18.72485,-34.01796],[18.72528,-34.01871],[18.72501,-34.01871],[18.72302,-34.01941],[18.72236,-34.01909],[18.71951,-34.02034],[18.7135,-34.01115],[18.71295,-34.0103],[18.71571,-34.00906],[18.71626,-34.00906],[18.71851,-34.00803],[18.7184,-34.00783],[18.72377,-34.00537],[18.72379,-34.00541]]]}},{"type":"Feature","properties":{"id":"199049009","name":"Heather Park","commuteMinutes":18.28,"nearestJobCenter":"Cape Town International Airport","distanceKm":null,"nearestTransitKm":1.4214751087093118,"spatialBurdenScore":0.17872567101503917},"geometry":{"type":"Polygon","coordinates":[[[18.71295,-34.0103],[18.71075,-34.00695],[18.7141,-34.00544],[18.7206,-34.00249],[18.72152,-34.00193],[18.72377,-34.00537],[18.7184,-34.00783],[18.71851,-34.00803],[18.71626,-34.00906],[18.71571,-34.00906],[18.71295,-34.0103]]]}},{"type":"Feature","properties":{"id":"199049010","name":"De Wijnlanden","commuteMinutes":22.12,"nearestJobCenter":"Cape Town International Airport","distanceKm":null,"nearestTransitKm":0.5310323908721121,"spatialBurdenScore":0.16870796230155116},"geometry":{"type":"Polygon","coordinates":[[[18.74587,-34.00639],[18.74634,-34.0079],[18.7466,-34.00785],[18.74739,-34.0104],[18.74195,-34.0135],[18.74239,-34.0145],[18.74479,-34.01929],[18.74206,-34.02129],[18.73923,-34.01598],[18.73945,-34.00757],[18.74009,-34.00771],[18.74,-34.00565],[18.74023,-34.00528],[18.74208,-34.00578],[18.74421,-34.00619],[18.74587,-34.00639]]]}},{"type":"Feature","properties":{"id":"199049011","name":"Beverly Park","commuteMinutes":19.52,"nearestJobCenter":"Bellville","distanceKm":null,"nearestTransitKm":0.429204960801622,"spatialBurdenScore":0.1473015317653982},"geometry":{"type":"Polygon","coordinates":[[[18.735,-34.02132],[18.73344,-34.01993],[18.73257,-34.01878],[18.73037,-34.01545],[18.73049,-34.0154],[18.73333,-34.01411],[18.73611,-34.01285],[18.73869,-34.0168],[18.73676,-34.01761],[18.7364,-34.0179],[18.73726,-34.0199],[18.7372,-34.02005],[18.73538,-34.0209],[18.735,-34.02132]]]}},{"type":"Feature","properties":{"id":"199049012","name":"High Places","commuteMinutes":19.46,"nearestJobCenter":"Cape Town International Airport","distanceKm":null,"nearestTransitKm":0.9964897650955081,"spatialBurdenScore":0.16959292393715367},"geometry":{"type":"Polygon","coordinates":[[[18.72783,-34.02201],[18.72588,-34.01901],[18.72528,-34.01871],[18.72485,-34.01796],[18.72542,-34.01769],[18.72463,-34.01644],[18.7249,-34.0163],[18.72621,-34.01517],[18.72939,-34.01372],[18.73049,-34.0154],[18.73037,-34.01545],[18.73257,-34.01878],[18.73344,-34.01993],[18.733,-34.02025],[18.73038,-34.02143],[18.72924,-34.0213],[18.72783,-34.02201]]]}},{"type":"Feature","properties":{"id":"199049013","name":"Houghton","commuteMinutes":18.65,"nearestJobCenter":"Cape Town International Airport","distanceKm":null,"nearestTransitKm":0.6997309795669161,"spatialBurdenScore":0.15232257251600995},"geometry":{"type":"Polygon","coordinates":[[[18.73952,-34.02352],[18.73518,-34.02665],[18.7308,-34.02666],[18.72783,-34.02201],[18.72924,-34.0213],[18.73038,-34.02143],[18.733,-34.02025],[18.73344,-34.01993],[18.735,-34.02132],[18.73611,-34.02208],[18.73808,-34.02302],[18.73952,-34.02352]]]}},{"type":"Feature","properties":{"id":"199049014","name":"Stratford Green","commuteMinutes":19.69,"nearestJobCenter":"Cape Town International Airport","distanceKm":null,"nearestTransitKm":0.3601955077541362,"spatialBurdenScore":0.1456744869768321},"geometry":{"type":"Polygon","coordinates":[[[18.74187,-34.02181],[18.73952,-34.02352],[18.73808,-34.02302],[18.73611,-34.02208],[18.735,-34.02132],[18.73538,-34.0209],[18.7372,-34.02005],[18.73726,-34.0199],[18.7364,-34.0179],[18.73676,-34.01761],[18.73869,-34.0168],[18.74187,-34.02181]]]}},{"type":"Feature","properties":{"id":"199050001","name":"Croydon","commuteMinutes":20.34,"nearestJobCenter":"Cape Town International Airport","distanceKm":null,"nearestTransitKm":0.018635715902520084,"spatialBurdenScore":0.1363454286361008},"geometry":{"type":"Polygon","coordinates":[[[18.76625,-34.04371],[18.7658,-34.04405],[18.76134,-34.04215],[18.75932,-34.04111],[18.75802,-34.04031],[18.7578,-34.04105],[18.75229,-34.0429],[18.74997,-34.04377],[18.7496,-34.04119],[18.74951,-34.03765],[18.74965,-34.03648],[18.7459,-34.03509],[18.74632,-34.03427],[18.74723,-34.03349],[18.74712,-34.0331],[18.74723,-34.03161],[18.74778,-34.03089],[18.74715,-34.03078],[18.7469,-34.03028],[18.74593,-34.03021],[18.74434,-34.02787],[18.74323,-34.0261],[18.74459,-34.02572],[18.74481,-34.02537],[18.74443,-34.02482],[18.74628,-34.02565],[18.74843,-34.02637],[18.74948,-34.027],[18.74977,-34.02745],[18.75102,-34.02821],[18.75179,-34.02961],[18.75207,-34.02968],[18.75478,-34.03465],[18.75724,-34.03377],[18.75901,-34.03334],[18.7602,-34.03508],[18.76368,-34.03868],[18.76767,-34.04043],[18.76724,-34.04076],[18.76717,-34.04198],[18.76648,-34.04251],[18.76701,-34.0432],[18.76625,-34.04371]]]}},{"type":"Feature","properties":{"id":"199050002","name":"Macassar SP","commuteMinutes":20.61,"nearestJobCenter":"Cape Town International Airport","distanceKm":null,"nearestTransitKm":2.635759979763844,"spatialBurdenScore":0.24283039919055377},"geometry":{"type":"Polygon","coordinates":[[[18.76625,-34.04371],[18.773,-34.04666],[18.77374,-34.04695],[18.782,-34.04969],[18.78267,-34.04951],[18.78251,-34.04986],[18.78465,-34.05064],[18.78662,-34.05166],[18.7855,-34.05284],[18.78127,-34.05953],[18.77982,-34.06174],[18.77873,-34.06265],[18.77582,-34.06377],[18.7773,-34.0664],[18.77743,-34.06694],[18.77788,-34.06723],[18.77638,-34.06798],[18.77451,-34.07008],[18.77409,-34.07097],[18.77224,-34.0727],[18.77053,-34.07292],[18.77058,-34.07312],[18.76872,-34.07347],[18.76965,-34.07376],[18.76979,-34.0748],[18.76929,-34.0757],[18.76961,-34.07766],[18.77,-34.07857],[18.76978,-34.07914],[18.76869,-34.07974],[18.76701,-34.08171],[18.76704,-34.08194],[18.76264,-34.08109],[18.75763,-34.07956],[18.75371,-34.07859],[18.75178,-34.07819],[18.75011,-34.07821],[18.74808,-34.07771],[18.74617,-34.07741],[18.74405,-34.07691],[18.74075,-34.07623],[18.73727,-34.07571],[18.73497,-34.07551],[18.73427,-34.07535],[18.73239,-34.07523],[18.73124,-34.07496],[18.72913,-34.07483],[18.72606,-34.07481],[18.7242,-34.07463],[18.72302,-34.07436],[18.72013,-34.07406],[18.71597,-34.07341],[18.71409,-34.07321],[18.71062,-34.07333],[18.71002,-34.07315],[18.70733,-34.07286],[18.70303,-34.07288],[18.6984,-34.07256],[18.69721,-34.07261],[18.6954,-34.07225],[18.6951,-34.0725],[18.69357,-34.07275],[18.69295,-34.07248],[18.6929,-34.07218],[18.69404,-34.07194],[18.69528,-34.07129],[18.69905,-34.06817],[18.70018,-34.06737],[18.70197,-34.06594],[18.71229,-34.05762],[18.7131,-34.05688],[18.714,-34.05594],[18.71498,-34.05464],[18.71851,-34.04847],[18.72359,-34.0395],[18.72667,-34.03411],[18.72752,-34.03289],[18.7295,-34.03083],[18.73121,-34.02954],[18.73518,-34.02665],[18.73952,-34.02352],[18.74187,-34.02181],[18.74222,-34.02155],[18.74443,-34.02482],[18.74481,-34.02537],[18.74459,-34.02572],[18.74323,-34.0261],[18.74434,-34.02787],[18.74593,-34.03021],[18.7469,-34.03028],[18.74715,-34.03078],[18.74778,-34.03089],[18.74723,-34.03161],[18.74712,-34.0331],[18.74723,-34.03349],[18.74632,-34.03427],[18.7459,-34.03509],[18.74965,-34.03648],[18.74951,-34.03765],[18.7496,-34.04119],[18.74997,-34.04377],[18.75229,-34.0429],[18.7578,-34.04105],[18.75802,-34.04031],[18.75932,-34.04111],[18.76134,-34.04215],[18.7658,-34.04405],[18.76625,-34.04371]]]}},{"type":"Feature","properties":{"id":"199051001","name":"Bel` Aire","commuteMinutes":28.01,"nearestJobCenter":"Cape Town International Airport","distanceKm":null,"nearestTransitKm":3.026574396367265,"spatialBurdenScore":0.3077963091880239},"geometry":{"type":"Polygon","coordinates":[[[18.8358,-34.04664],[18.83583,-34.04672],[18.82971,-34.04866],[18.82671,-34.04813],[18.82564,-34.0464],[18.82455,-34.04276],[18.82814,-34.04243],[18.82813,-34.04232],[18.83077,-34.04209],[18.83302,-34.04294],[18.8358,-34.04664]]]}},{"type":"Feature","properties":{"id":"199051002","name":"Zandberg","commuteMinutes":26.35,"nearestJobCenter":"Cape Town International Airport","distanceKm":null,"nearestTransitKm":2.5405700177160053,"spatialBurdenScore":0.2772894673753069},"geometry":{"type":"Polygon","coordinates":[[[18.82455,-34.04276],[18.82564,-34.0464],[18.82464,-34.04765],[18.82366,-34.0491],[18.82231,-34.04844],[18.82131,-34.04822],[18.81977,-34.04834],[18.82146,-34.04596],[18.82193,-34.04518],[18.8239,-34.04467],[18.8231,-34.04334],[18.82384,-34.04206],[18.82432,-34.04198],[18.82455,-34.04276]]]}},{"type":"Feature","properties":{"id":"199051003","name":"Helderberg Village","commuteMinutes":25.25,"nearestJobCenter":"Cape Town International Airport","distanceKm":null,"nearestTransitKm":2.2746931216059036,"spatialBurdenScore":0.25932105819756945},"geometry":{"type":"Polygon","coordinates":[[[18.81876,-34.04979],[18.81774,-34.05121],[18.81646,-34.04951],[18.81605,-34.04971],[18.80914,-34.04825],[18.80976,-34.04772],[18.81325,-34.04545],[18.81317,-34.04534],[18.81895,-34.03971],[18.82384,-34.04206],[18.8231,-34.04334],[18.8239,-34.04467],[18.82193,-34.04518],[18.82146,-34.04596],[18.81977,-34.04834],[18.81876,-34.04979]]]}},{"type":"Feature","properties":{"id":"199051004","name":"Illaire","commuteMinutes":25.46,"nearestJobCenter":"Cape Town International Airport","distanceKm":null,"nearestTransitKm":2.153753140881105,"spatialBurdenScore":0.25588345896857756},"geometry":{"type":"Polygon","coordinates":[[[18.82366,-34.0491],[18.82321,-34.0497],[18.82331,-34.05008],[18.82299,-34.04993],[18.8219,-34.0514],[18.82116,-34.05113],[18.81876,-34.04979],[18.81977,-34.04834],[18.82131,-34.04822],[18.82231,-34.04844],[18.82366,-34.0491]]]}},{"type":"Feature","properties":{"id":"199051005","name":"Jonkershoogte","commuteMinutes":26.36,"nearestJobCenter":"Cape Town International Airport","distanceKm":null,"nearestTransitKm":2.354256162398328,"spatialBurdenScore":0.26990357982926644},"geometry":{"type":"Polygon","coordinates":[[[18.82671,-34.04813],[18.82789,-34.0502],[18.82857,-34.0518],[18.82783,-34.0522],[18.82668,-34.05197],[18.8261,-34.05231],[18.82529,-34.05223],[18.82537,-34.05184],[18.82356,-34.05042],[18.82331,-34.05008],[18.82321,-34.0497],[18.82366,-34.0491],[18.82464,-34.04765],[18.82564,-34.0464],[18.82671,-34.04813]]]}},{"type":"Feature","properties":{"id":"199051006","name":"Helderberg Estate","commuteMinutes":29.35,"nearestJobCenter":"Cape Town International Airport","distanceKm":null,"nearestTransitKm":3.2058567041679944,"spatialBurdenScore":0.32390093483338644},"geometry":{"type":"Polygon","coordinates":[[[18.85556,-34.04603],[18.8506,-34.05158],[18.84524,-34.05434],[18.84375,-34.05521],[18.84017,-34.05703],[18.83966,-34.05661],[18.8374,-34.05532],[18.83486,-34.0542],[18.83169,-34.053],[18.82892,-34.05306],[18.82857,-34.0518],[18.82789,-34.0502],[18.82671,-34.04813],[18.82971,-34.04866],[18.83583,-34.04672],[18.8358,-34.04664],[18.84184,-34.04711],[18.85206,-34.04263],[18.85945,-34.03936],[18.86018,-34.04003],[18.8611,-34.04043],[18.85556,-34.04603]]]}},{"type":"Feature","properties":{"id":"199051007","name":"Spanish Farm Ext 1","commuteMinutes":29.79,"nearestJobCenter":"Cape Town International Airport","distanceKm":null,"nearestTransitKm":3.7258069999645413,"spatialBurdenScore":0.3476322799985817},"geometry":{"type":"Polygon","coordinates":[[[18.86312,-34.05926],[18.86004,-34.05924],[18.86,-34.05969],[18.85798,-34.05933],[18.85586,-34.05896],[18.85591,-34.05875],[18.85414,-34.05831],[18.85452,-34.05721],[18.85639,-34.05698],[18.85606,-34.05366],[18.85579,-34.04851],[18.85556,-34.04603],[18.8611,-34.04043],[18.86492,-34.04209],[18.86571,-34.04897],[18.86574,-34.05001],[18.86661,-34.05742],[18.86447,-34.05759],[18.86443,-34.05825],[18.86312,-34.0582],[18.86312,-34.05926]]]}},{"type":"Feature","properties":{"id":"199051008","name":"Spanish Farm","commuteMinutes":27.99,"nearestJobCenter":"Cape Town International Airport","distanceKm":null,"nearestTransitKm":3.416515023916731,"spatialBurdenScore":0.3232606009566692},"geometry":{"type":"Polygon","coordinates":[[[18.85452,-34.05721],[18.85384,-34.05734],[18.85266,-34.05723],[18.84929,-34.05703],[18.84585,-34.05499],[18.84524,-34.05434],[18.8506,-34.05158],[18.85556,-34.04603],[18.85579,-34.04851],[18.85606,-34.05366],[18.85639,-34.05698],[18.85452,-34.05721]]]}},{"type":"Feature","properties":{"id":"199051009","name":"La Concorde","commuteMinutes":26.91,"nearestJobCenter":"Cape Town International Airport","distanceKm":null,"nearestTransitKm":2.8009298365297712,"spatialBurdenScore":0.29143719346119085},"geometry":{"type":"Polygon","coordinates":[[[18.85266,-34.05723],[18.85218,-34.05847],[18.85144,-34.05831],[18.85094,-34.05857],[18.8499,-34.05795],[18.84819,-34.0578],[18.8471,-34.05808],[18.84674,-34.05844],[18.84846,-34.05947],[18.84951,-34.06033],[18.84769,-34.06179],[18.84614,-34.06272],[18.84443,-34.06281],[18.84396,-34.0619],[18.8423,-34.05853],[18.84135,-34.05799],[18.84391,-34.05622],[18.84375,-34.05521],[18.84524,-34.05434],[18.84585,-34.05499],[18.84929,-34.05703],[18.85266,-34.05723]]]}},{"type":"Feature","properties":{"id":"199051010","name":"Helena Heights","commuteMinutes":26.01,"nearestJobCenter":"Cape Town International Airport","distanceKm":null,"nearestTransitKm":2.1511702159824937,"spatialBurdenScore":0.2594468086392998},"geometry":{"type":"Polygon","coordinates":[[[18.84375,-34.05521],[18.84391,-34.05622],[18.84135,-34.05799],[18.83622,-34.06155],[18.83334,-34.06354],[18.83239,-34.06413],[18.83126,-34.0632],[18.83017,-34.0625],[18.82867,-34.0619],[18.82928,-34.0605],[18.82954,-34.05956],[18.82978,-34.05737],[18.82955,-34.05561],[18.82886,-34.05307],[18.82892,-34.05306],[18.83169,-34.053],[18.83486,-34.0542],[18.8374,-34.05532],[18.83966,-34.05661],[18.84017,-34.05703],[18.84375,-34.05521]]]}},{"type":"Feature","properties":{"id":"199051011","name":"Braeview","commuteMinutes":25.72,"nearestJobCenter":"Cape Town International Airport","distanceKm":null,"nearestTransitKm":2.093339182838266,"spatialBurdenScore":0.2552002339801973},"geometry":{"type":"Polygon","coordinates":[[[18.82331,-34.05008],[18.82356,-34.05042],[18.82537,-34.05184],[18.82529,-34.05223],[18.8261,-34.05231],[18.82668,-34.05197],[18.82783,-34.0522],[18.82857,-34.0518],[18.82892,-34.05306],[18.82886,-34.05307],[18.82783,-34.0534],[18.82473,-34.05512],[18.82414,-34.05476],[18.82439,-34.05404],[18.82341,-34.05304],[18.82328,-34.0526],[18.8219,-34.0514],[18.82299,-34.04993],[18.82331,-34.05008]]]}},{"type":"Feature","properties":{"id":"199051012","name":"Fraai Gelegen","commuteMinutes":25.37,"nearestJobCenter":"Cape Town International Airport","distanceKm":null,"nearestTransitKm":1.9299392228099608,"spatialBurdenScore":0.24633090224573176},"geometry":{"type":"Polygon","coordinates":[[[18.8219,-34.0514],[18.82328,-34.0526],[18.82341,-34.05304],[18.82439,-34.05404],[18.82414,-34.05476],[18.82008,-34.0525],[18.81777,-34.05126],[18.81774,-34.05121],[18.81876,-34.04979],[18.82116,-34.05113],[18.8219,-34.0514]]]}},{"type":"Feature","properties":{"id":"199051013","name":"La Montagne","commuteMinutes":26.28,"nearestJobCenter":"Cape Town International Airport","distanceKm":null,"nearestTransitKm":1.6127035615432008,"spatialBurdenScore":0.23970814246172806},"geometry":{"type":"Polygon","coordinates":[[[18.81774,-34.05121],[18.81777,-34.05126],[18.81517,-34.05128],[18.8152,-34.05122],[18.80519,-34.05121],[18.80914,-34.04825],[18.81605,-34.04971],[18.81646,-34.04951],[18.81774,-34.05121]]]}},{"type":"Feature","properties":{"id":"199051014","name":"Steyn`s Nest","commuteMinutes":24.6,"nearestJobCenter":"Cape Town International Airport","distanceKm":null,"nearestTransitKm":1.5459455360421868,"spatialBurdenScore":0.2258378214416875},"geometry":{"type":"Polygon","coordinates":[[[18.82008,-34.0525],[18.81973,-34.0529],[18.81968,-34.05408],[18.82005,-34.05476],[18.81993,-34.05519],[18.8155,-34.05404],[18.81548,-34.05411],[18.81408,-34.05375],[18.81517,-34.05128],[18.81777,-34.05126],[18.82008,-34.0525]]]}},{"type":"Feature","properties":{"id":"199051015","name":"Lynn`s View","commuteMinutes":24.86,"nearestJobCenter":"Cape Town International Airport","distanceKm":null,"nearestTransitKm":1.6924932858580837,"spatialBurdenScore":0.23343306476765668},"geometry":{"type":"Polygon","coordinates":[[[18.82414,-34.05476],[18.82473,-34.05512],[18.82388,-34.05542],[18.8233,-34.0555],[18.82126,-34.05546],[18.81993,-34.05519],[18.82005,-34.05476],[18.81968,-34.05408],[18.81973,-34.0529],[18.82008,-34.0525],[18.82414,-34.05476]]]}},{"type":"Feature","properties":{"id":"199051016","name":"Steenbras View","commuteMinutes":26.06,"nearestJobCenter":"Cape Town International Airport","distanceKm":null,"nearestTransitKm":1.9465910045027002,"spatialBurdenScore":0.25159697351344135},"geometry":{"type":"Polygon","coordinates":[[[18.82978,-34.05737],[18.82797,-34.05721],[18.8243,-34.05733],[18.82388,-34.05542],[18.82473,-34.05512],[18.82783,-34.0534],[18.82886,-34.05307],[18.82955,-34.05561],[18.82978,-34.05737]]]}},{"type":"Feature","properties":{"id":"199051017","name":"Heldervue","commuteMinutes":25.26,"nearestJobCenter":"Cape Town International Airport","distanceKm":null,"nearestTransitKm":1.0473817648770332,"spatialBurdenScore":0.21029527059508132},"geometry":{"type":"Polygon","coordinates":[[[18.82388,-34.05542],[18.8243,-34.05733],[18.82797,-34.05721],[18.82978,-34.05737],[18.82954,-34.05956],[18.82928,-34.0605],[18.82867,-34.0619],[18.82539,-34.06942],[18.8213,-34.0679],[18.81697,-34.06587],[18.81444,-34.06479],[18.81322,-34.06439],[18.80968,-34.06289],[18.81381,-34.05835],[18.81296,-34.05629],[18.81447,-34.0568],[18.81548,-34.05411],[18.8155,-34.05404],[18.81993,-34.05519],[18.82126,-34.05546],[18.8233,-34.0555],[18.82388,-34.05542]]]}},{"type":"Feature","properties":{"id":"199051018","name":"Die Wingerd","commuteMinutes":24.5,"nearestJobCenter":"Cape Town International Airport","distanceKm":null,"nearestTransitKm":1.173415727921575,"spatialBurdenScore":0.2102699624501963},"geometry":{"type":"Polygon","coordinates":[[[18.83334,-34.06354],[18.83502,-34.06723],[18.83443,-34.06781],[18.83108,-34.07151],[18.82735,-34.07022],[18.82539,-34.06942],[18.82867,-34.0619],[18.83017,-34.0625],[18.83126,-34.0632],[18.83239,-34.06413],[18.83334,-34.06354]]]}},{"type":"Feature","properties":{"id":"199051019","name":"Greenway Rise","commuteMinutes":26.14,"nearestJobCenter":"Cape Town International Airport","distanceKm":null,"nearestTransitKm":1.384450940612225,"spatialBurdenScore":0.22964470429115566},"geometry":{"type":"Polygon","coordinates":[[[18.8392,-34.06518],[18.83984,-34.06692],[18.8412,-34.0699],[18.84173,-34.07072],[18.84244,-34.07069],[18.84365,-34.07184],[18.84529,-34.07383],[18.84559,-34.07403],[18.84513,-34.0747],[18.84416,-34.07591],[18.84294,-34.07556],[18.83979,-34.07455],[18.84036,-34.07376],[18.83929,-34.0725],[18.83743,-34.07101],[18.83679,-34.07038],[18.83572,-34.06882],[18.83502,-34.06723],[18.83334,-34.06354],[18.83622,-34.06155],[18.8376,-34.06449],[18.83823,-34.06555],[18.8392,-34.06518]]]}},{"type":"Feature","properties":{"id":"199051020","name":"Monte Sereno","commuteMinutes":26.29,"nearestJobCenter":"Cape Town International Airport","distanceKm":null,"nearestTransitKm":2.0283881634216194,"spatialBurdenScore":0.2564021932035314},"geometry":{"type":"Polygon","coordinates":[[[18.8392,-34.06518],[18.83823,-34.06555],[18.8376,-34.06449],[18.83622,-34.06155],[18.84135,-34.05799],[18.8423,-34.05853],[18.84396,-34.0619],[18.84212,-34.06396],[18.8422,-34.06458],[18.84149,-34.06466],[18.84103,-34.06564],[18.83957,-34.06514],[18.8392,-34.06518]]]}},{"type":"Feature","properties":{"id":"199051021","name":"Briza","commuteMinutes":26.7,"nearestJobCenter":"Cape Town International Airport","distanceKm":null,"nearestTransitKm":1.7517404837137802,"spatialBurdenScore":0.24806961934855115},"geometry":{"type":"Polygon","coordinates":[[[18.8467,-34.06687],[18.84855,-34.07059],[18.84834,-34.07093],[18.84638,-34.07289],[18.84559,-34.07403],[18.84529,-34.07383],[18.84365,-34.07184],[18.84244,-34.07069],[18.84173,-34.07072],[18.8412,-34.0699],[18.83984,-34.06692],[18.8392,-34.06518],[18.83957,-34.06514],[18.84103,-34.06564],[18.84149,-34.06466],[18.8422,-34.06458],[18.84212,-34.06396],[18.84396,-34.0619],[18.84443,-34.06281],[18.84575,-34.06504],[18.8467,-34.06687]]]}},{"type":"Feature","properties":{"id":"199051022","name":"Montclair","commuteMinutes":27.76,"nearestJobCenter":"Cape Town International Airport","distanceKm":null,"nearestTransitKm":2.337907613156996,"spatialBurdenScore":0.2785829711929465},"geometry":{"type":"Polygon","coordinates":[[[18.85149,-34.06205],[18.85156,-34.06331],[18.85174,-34.06413],[18.85002,-34.0645],[18.84716,-34.0667],[18.8467,-34.06687],[18.84575,-34.06504],[18.84443,-34.06281],[18.84614,-34.06272],[18.84769,-34.06179],[18.84951,-34.06033],[18.85149,-34.06205]]]}},{"type":"Feature","properties":{"id":"199051023","name":"Fairview Heights","commuteMinutes":27.93,"nearestJobCenter":"Cape Town International Airport","distanceKm":null,"nearestTransitKm":2.8939906089634295,"spatialBurdenScore":0.3019596243585372},"geometry":{"type":"Polygon","coordinates":[[[18.85218,-34.05847],[18.85133,-34.05975],[18.85149,-34.06205],[18.84951,-34.06033],[18.84846,-34.05947],[18.84674,-34.05844],[18.8471,-34.05808],[18.84819,-34.0578],[18.8499,-34.05795],[18.85094,-34.05857],[18.85144,-34.05831],[18.85218,-34.05847]]]}},{"type":"Feature","properties":{"id":"199051024","name":"La Sandra","commuteMinutes":28.53,"nearestJobCenter":"Cape Town International Airport","distanceKm":null,"nearestTransitKm":2.882706247243582,"spatialBurdenScore":0.3055082498897433},"geometry":{"type":"Polygon","coordinates":[[[18.85798,-34.05933],[18.8578,-34.06106],[18.85741,-34.06188],[18.85724,-34.06293],[18.85737,-34.06334],[18.85463,-34.06299],[18.85156,-34.06331],[18.85149,-34.06205],[18.85133,-34.05975],[18.85218,-34.05847],[18.85266,-34.05723],[18.85384,-34.05734],[18.85452,-34.05721],[18.85414,-34.05831],[18.85591,-34.05875],[18.85586,-34.05896],[18.85798,-34.05933]]]}},{"type":"Feature","properties":{"id":"199051025","name":"Helderrand","commuteMinutes":29.06,"nearestJobCenter":"Cape Town International Airport","distanceKm":null,"nearestTransitKm":2.773140900559489,"spatialBurdenScore":0.3046589693557129},"geometry":{"type":"Polygon","coordinates":[[[18.863,-34.06223],[18.86268,-34.07032],[18.85872,-34.06821],[18.85909,-34.06644],[18.85799,-34.06627],[18.8568,-34.06516],[18.85745,-34.06392],[18.85737,-34.06334],[18.85724,-34.06293],[18.85741,-34.06188],[18.8578,-34.06106],[18.85798,-34.05933],[18.86,-34.05969],[18.86004,-34.05924],[18.86312,-34.05926],[18.863,-34.06223]]]}},{"type":"Feature","properties":{"id":"199051026","name":"Shady Glen","commuteMinutes":30.7,"nearestJobCenter":"Cape Town International Airport","distanceKm":null,"nearestTransitKm":3.341194607717729,"spatialBurdenScore":0.3383144509753758},"geometry":{"type":"Polygon","coordinates":[[[18.86694,-34.062],[18.86426,-34.06226],[18.863,-34.06223],[18.86312,-34.05926],[18.86312,-34.0582],[18.86443,-34.05825],[18.86447,-34.05759],[18.86661,-34.05742],[18.86712,-34.06198],[18.86694,-34.062]]]}},{"type":"Feature","properties":{"id":"199051027","name":"Golden Hill","commuteMinutes":30.14,"nearestJobCenter":"Cape Town International Airport","distanceKm":null,"nearestTransitKm":2.9776390295004465,"spatialBurdenScore":0.3200388945133512},"geometry":{"type":"Polygon","coordinates":[[[18.86802,-34.07114],[18.86268,-34.07032],[18.863,-34.06223],[18.86426,-34.06226],[18.86694,-34.062],[18.86802,-34.07114]]]}},{"type":"Feature","properties":{"id":"199051028","name":"Parel Vallei","commuteMinutes":28.01,"nearestJobCenter":"Cape Town International Airport","distanceKm":null,"nearestTransitKm":2.1066179878588254,"spatialBurdenScore":0.27099805284768635},"geometry":{"type":"Polygon","coordinates":[[[18.85593,-34.07614],[18.85581,-34.07589],[18.85304,-34.07403],[18.85235,-34.07358],[18.8506,-34.07276],[18.84929,-34.07202],[18.84855,-34.07059],[18.84971,-34.06907],[18.85049,-34.06829],[18.85147,-34.06707],[18.85214,-34.06586],[18.85174,-34.06413],[18.85156,-34.06331],[18.85463,-34.06299],[18.85737,-34.06334],[18.85745,-34.06392],[18.8568,-34.06516],[18.85799,-34.06627],[18.85909,-34.06644],[18.85872,-34.06821],[18.86268,-34.07032],[18.86264,-34.07042],[18.85919,-34.07337],[18.85641,-34.07567],[18.85593,-34.07614]]]}},{"type":"Feature","properties":{"id":"199051029","name":"Pearl Marina","commuteMinutes":27.77,"nearestJobCenter":"Cape Town International Airport","distanceKm":null,"nearestTransitKm":2.080355815410397,"spatialBurdenScore":0.2683475659497492},"geometry":{"type":"Polygon","coordinates":[[[18.84855,-34.07059],[18.8467,-34.06687],[18.84716,-34.0667],[18.85002,-34.0645],[18.85174,-34.06413],[18.85214,-34.06586],[18.85147,-34.06707],[18.85049,-34.06829],[18.84971,-34.06907],[18.84855,-34.07059]]]}},{"type":"Feature","properties":{"id":"199051030","name":"Dorhill","commuteMinutes":26.26,"nearestJobCenter":"Cape Town International Airport","distanceKm":null,"nearestTransitKm":1.353146556214762,"spatialBurdenScore":0.22919252891525715},"geometry":{"type":"Polygon","coordinates":[[[18.84891,-34.0746],[18.84744,-34.07381],[18.84615,-34.07446],[18.84513,-34.0747],[18.84559,-34.07403],[18.84638,-34.07289],[18.84834,-34.07093],[18.84855,-34.07059],[18.84929,-34.07202],[18.8506,-34.07276],[18.84891,-34.0746]]]}},{"type":"Feature","properties":{"id":"199051031","name":"Bergalo","commuteMinutes":26.63,"nearestJobCenter":"Cape Town International Airport","distanceKm":null,"nearestTransitKm":1.1010715081409452,"spatialBurdenScore":0.22157619365897113},"geometry":{"type":"Polygon","coordinates":[[[18.84891,-34.0746],[18.84948,-34.0749],[18.84793,-34.0763],[18.84821,-34.07654],[18.84675,-34.07786],[18.8465,-34.07765],[18.84466,-34.07612],[18.84416,-34.07591],[18.84513,-34.0747],[18.84615,-34.07446],[18.84744,-34.07381],[18.84891,-34.0746]]]}},{"type":"Feature","properties":{"id":"199051032","name":"Stuart`s Hill","commuteMinutes":26.91,"nearestJobCenter":"Cape Town International Airport","distanceKm":null,"nearestTransitKm":1.129557055801747,"spatialBurdenScore":0.22458228223206986},"geometry":{"type":"Polygon","coordinates":[[[18.85304,-34.07403],[18.85206,-34.07492],[18.85095,-34.07624],[18.85102,-34.07773],[18.85037,-34.07825],[18.84997,-34.07849],[18.84777,-34.07926],[18.84746,-34.07863],[18.84675,-34.07786],[18.84821,-34.07654],[18.84793,-34.0763],[18.84948,-34.0749],[18.84891,-34.0746],[18.8506,-34.07276],[18.85235,-34.07358],[18.85304,-34.07403]]]}},{"type":"Feature","properties":{"id":"199051033","name":"Jacques Hill","commuteMinutes":27.18,"nearestJobCenter":"Cape Town International Airport","distanceKm":null,"nearestTransitKm":1.252816233863111,"spatialBurdenScore":0.23131264935452445},"geometry":{"type":"Polygon","coordinates":[[[18.85593,-34.07614],[18.8563,-34.07696],[18.85376,-34.07699],[18.85175,-34.07728],[18.85102,-34.07773],[18.85095,-34.07624],[18.85206,-34.07492],[18.85304,-34.07403],[18.85581,-34.07589],[18.85593,-34.07614]]]}},{"type":"Feature","properties":{"id":"199051034","name":"Golden Acre","commuteMinutes":27.96,"nearestJobCenter":"Cape Town International Airport","distanceKm":null,"nearestTransitKm":1.9874515139544568,"spatialBurdenScore":0.2658980605581783},"geometry":{"type":"Polygon","coordinates":[[[18.86268,-34.07032],[18.86802,-34.07114],[18.86818,-34.07114],[18.86858,-34.07455],[18.86906,-34.07858],[18.86741,-34.07855],[18.86538,-34.07804],[18.86404,-34.07798],[18.86136,-34.07736],[18.85909,-34.07695],[18.85654,-34.07698],[18.8563,-34.07696],[18.85593,-34.07614],[18.85641,-34.07567],[18.85919,-34.07337],[18.86264,-34.07042],[18.86268,-34.07032]]]}},{"type":"Feature","properties":{"id":"199051035","name":"Natures Valley A","commuteMinutes":30.02,"nearestJobCenter":"Cape Town International Airport","distanceKm":null,"nearestTransitKm":3.0606006400732397,"spatialBurdenScore":0.3225573589362629},"geometry":{"type":"Polygon","coordinates":[[[18.87953,-34.06961],[18.8782,-34.07299],[18.87699,-34.07206],[18.87579,-34.07304],[18.87503,-34.0731],[18.87386,-34.07397],[18.87413,-34.07418],[18.87343,-34.07475],[18.87283,-34.07434],[18.86963,-34.07461],[18.86858,-34.07455],[18.86818,-34.07114],[18.87311,-34.07079],[18.87386,-34.06576],[18.87953,-34.06961]]]}},{"type":"Feature","properties":{"id":"199051036","name":"Land En Zeezicht","commuteMinutes":29.71,"nearestJobCenter":"Cape Town International Airport","distanceKm":null,"nearestTransitKm":2.8266732740471507,"spatialBurdenScore":0.3111335976285527},"geometry":{"type":"Polygon","coordinates":[[[18.8782,-34.07299],[18.87758,-34.07387],[18.87638,-34.07513],[18.87308,-34.07795],[18.87295,-34.07853],[18.86906,-34.07858],[18.86858,-34.07455],[18.86963,-34.07461],[18.87283,-34.07434],[18.87343,-34.07475],[18.87413,-34.07418],[18.87386,-34.07397],[18.87503,-34.0731],[18.87579,-34.07304],[18.87699,-34.07206],[18.8782,-34.07299]]]}},{"type":"Feature","properties":{"id":"199051037","name":"Morningside","commuteMinutes":29.78,"nearestJobCenter":"Cape Town International Airport","distanceKm":null,"nearestTransitKm":2.921933585333549,"spatialBurdenScore":0.3154106767466753},"geometry":{"type":"Polygon","coordinates":[[[18.8786,-34.08085],[18.87788,-34.07944],[18.8768,-34.07776],[18.87529,-34.07824],[18.87295,-34.07853],[18.87308,-34.07795],[18.87638,-34.07513],[18.87758,-34.07387],[18.8782,-34.07299],[18.87953,-34.06961],[18.87957,-34.06956],[18.88011,-34.07088],[18.88262,-34.0757],[18.88337,-34.07719],[18.87925,-34.07857],[18.8802,-34.08051],[18.87957,-34.08083],[18.8786,-34.08085]]]}},{"type":"Feature","properties":{"id":"199051038","name":"Erinvale Golf Estate","commuteMinutes":33.45,"nearestJobCenter":"Cape Town International Airport","distanceKm":null,"nearestTransitKm":4.2194424265247985,"spatialBurdenScore":0.39177769706099197},"geometry":{"type":"Polygon","coordinates":[[[18.88262,-34.0757],[18.88011,-34.07088],[18.87957,-34.06956],[18.87887,-34.06643],[18.87688,-34.05663],[18.87652,-34.05472],[18.87845,-34.05256],[18.88268,-34.05225],[18.88391,-34.05816],[18.88549,-34.06615],[18.88856,-34.07183],[18.88852,-34.07213],[18.88921,-34.07345],[18.88802,-34.07382],[18.88262,-34.0757]]]}},{"type":"Feature","properties":{"id":"199051039","name":"Firgrove","commuteMinutes":20.61,"nearestJobCenter":"Cape Town International Airport","distanceKm":null,"nearestTransitKm":0.24717711754928123,"spatialBurdenScore":0.14728708470197124},"geometry":{"type":"Polygon","coordinates":[[[18.78127,-34.05953],[18.7855,-34.05284],[18.78662,-34.05166],[18.78973,-34.05368],[18.7907,-34.05438],[18.79752,-34.05874],[18.79755,-34.05895],[18.79663,-34.06035],[18.79481,-34.05936],[18.79251,-34.05865],[18.79056,-34.05846],[18.78971,-34.05849],[18.78378,-34.05929],[18.78127,-34.05953]]]}},{"type":"Feature","properties":{"id":"199051040","name":"Firgrove Rural","commuteMinutes":27.91,"nearestJobCenter":"Cape Town International Airport","distanceKm":null,"nearestTransitKm":1.386036897922537,"spatialBurdenScore":0.24150814258356815},"geometry":{"type":"Polygon","coordinates":[[[18.80968,-34.06289],[18.81322,-34.06439],[18.81444,-34.06479],[18.81697,-34.06587],[18.8213,-34.0679],[18.82539,-34.06942],[18.82457,-34.07127],[18.82259,-34.07449],[18.82787,-34.07781],[18.83269,-34.08082],[18.83544,-34.08209],[18.8384,-34.08313],[18.843,-34.08479],[18.84264,-34.08497],[18.83865,-34.08584],[18.83651,-34.08643],[18.8343,-34.08683],[18.8276,-34.08832],[18.82544,-34.08881],[18.82941,-34.09511],[18.82987,-34.0963],[18.82868,-34.09621],[18.82758,-34.09647],[18.82721,-34.0969],[18.82714,-34.09786],[18.82653,-34.09815],[18.82569,-34.09879],[18.82432,-34.09929],[18.82393,-34.09924],[18.82301,-34.10007],[18.82221,-34.10032],[18.82134,-34.10028],[18.81961,-34.10052],[18.81861,-34.10001],[18.81792,-34.1007],[18.81735,-34.10081],[18.81665,-34.10095],[18.81549,-34.10087],[18.81414,-34.10097],[18.81319,-34.10065],[18.81129,-34.10093],[18.81036,-34.10033],[18.80991,-34.09963],[18.80849,-34.0989],[18.80686,-34.0983],[18.80353,-34.09628],[18.80192,-34.09543],[18.80045,-34.09482],[18.79932,-34.0942],[18.7979,-34.09323],[18.7967,-34.09287],[18.7941,-34.09252],[18.79297,-34.09195],[18.79101,-34.09077],[18.79027,-34.0906],[18.78817,-34.08962],[18.78716,-34.08887],[18.78521,-34.0882],[18.78368,-34.08749],[18.78261,-34.08686],[18.77983,-34.08592],[18.77771,-34.08504],[18.77628,-34.08462],[18.77303,-34.08344],[18.77185,-34.08294],[18.76825,-34.08224],[18.76704,-34.08194],[18.76701,-34.08171],[18.76869,-34.07974],[18.76978,-34.07914],[18.77,-34.07857],[18.76961,-34.07766],[18.76929,-34.0757],[18.76979,-34.0748],[18.76965,-34.07376],[18.76872,-34.07347],[18.77058,-34.07312],[18.77053,-34.07292],[18.77224,-34.0727],[18.77409,-34.07097],[18.77451,-34.07008],[18.77638,-34.06798],[18.77788,-34.06723],[18.77743,-34.06694],[18.7773,-34.0664],[18.77582,-34.06377],[18.77873,-34.06265],[18.77982,-34.06174],[18.78127,-34.05953],[18.78378,-34.05929],[18.78971,-34.05849],[18.79056,-34.05846],[18.79251,-34.05865],[18.79481,-34.05936],[18.79663,-34.06035],[18.79755,-34.05895],[18.79752,-34.05874],[18.7907,-34.05438],[18.78973,-34.05368],[18.79021,-34.05288],[18.79181,-34.05298],[18.79227,-34.05338],[18.79283,-34.05306],[18.79343,-34.0531],[18.79427,-34.0536],[18.79492,-34.05375],[18.79758,-34.05339],[18.80604,-34.05401],[18.80922,-34.06339],[18.80968,-34.06289]]]}},{"type":"Feature","properties":{"id":"199051041","name":"Somerset Ridge","commuteMinutes":25.52,"nearestJobCenter":"Cape Town International Airport","distanceKm":null,"nearestTransitKm":0.33873949660072794,"spatialBurdenScore":0.18368291319736246},"geometry":{"type":"Polygon","coordinates":[[[18.82787,-34.07781],[18.82259,-34.07449],[18.82457,-34.07127],[18.82539,-34.06942],[18.82735,-34.07022],[18.83108,-34.07151],[18.83289,-34.07213],[18.82811,-34.07745],[18.82787,-34.07781]]]}},{"type":"Feature","properties":{"id":"199051042","name":"The Links","commuteMinutes":25.96,"nearestJobCenter":"Cape Town International Airport","distanceKm":null,"nearestTransitKm":1.0757218165507765,"spatialBurdenScore":0.21609553932869774},"geometry":{"type":"Polygon","coordinates":[[[18.83979,-34.07455],[18.83289,-34.07213],[18.83108,-34.07151],[18.83443,-34.06781],[18.83502,-34.06723],[18.83572,-34.06882],[18.83679,-34.07038],[18.83743,-34.07101],[18.83929,-34.0725],[18.84036,-34.07376],[18.83979,-34.07455]]]}},{"type":"Feature","properties":{"id":"199051043","name":"Westridge","commuteMinutes":26.24,"nearestJobCenter":"Cape Town International Airport","distanceKm":null,"nearestTransitKm":0.46840818306231746,"spatialBurdenScore":0.193669660655826},"geometry":{"type":"Polygon","coordinates":[[[18.84294,-34.07556],[18.84218,-34.0769],[18.83895,-34.07633],[18.83857,-34.07744],[18.83744,-34.07714],[18.83544,-34.08209],[18.83269,-34.08082],[18.82787,-34.07781],[18.82811,-34.07745],[18.83289,-34.07213],[18.83979,-34.07455],[18.84294,-34.07556]]]}},{"type":"Feature","properties":{"id":"199051044","name":"Somerset West Country Club","commuteMinutes":27.53,"nearestJobCenter":"Cape Town International Airport","distanceKm":null,"nearestTransitKm":0.553664237027737,"spatialBurdenScore":0.20567990281444282},"geometry":{"type":"Polygon","coordinates":[[[18.84416,-34.07591],[18.84466,-34.07612],[18.8465,-34.07765],[18.83925,-34.08262],[18.8384,-34.08313],[18.83544,-34.08209],[18.83744,-34.07714],[18.83857,-34.07744],[18.83895,-34.07633],[18.84218,-34.0769],[18.84294,-34.07556],[18.84416,-34.07591]]]}},{"type":"Feature","properties":{"id":"199051045","name":"Andas Estate","commuteMinutes":25.31,"nearestJobCenter":"Cape Town International Airport","distanceKm":null,"nearestTransitKm":0.3534861063160356,"spatialBurdenScore":0.18287277758597476},"geometry":{"type":"Polygon","coordinates":[[[18.8496,-34.08971],[18.84868,-34.08987],[18.84831,-34.08943],[18.8469,-34.08946],[18.84634,-34.08807],[18.8452,-34.08646],[18.84426,-34.08538],[18.843,-34.08479],[18.8384,-34.08313],[18.83925,-34.08262],[18.8465,-34.07765],[18.84675,-34.07786],[18.84746,-34.07863],[18.84777,-34.07926],[18.84844,-34.08042],[18.85147,-34.08421],[18.85314,-34.0864],[18.85354,-34.08665],[18.8551,-34.08701],[18.85573,-34.0874],[18.85506,-34.08812],[18.85393,-34.0877],[18.85277,-34.08825],[18.85197,-34.08833],[18.85126,-34.08965],[18.85082,-34.08982],[18.8496,-34.08971]]]}},{"type":"Feature","properties":{"id":"199051046","name":"Lionviham","commuteMinutes":26.43,"nearestJobCenter":"Cape Town International Airport","distanceKm":null,"nearestTransitKm":0.8856906238533243,"spatialBurdenScore":0.21162762495413298},"geometry":{"type":"Polygon","coordinates":[[[18.8568,-34.08305],[18.85576,-34.08312],[18.85422,-34.08357],[18.85393,-34.08296],[18.85147,-34.08421],[18.84844,-34.08042],[18.84777,-34.07926],[18.84997,-34.07849],[18.85037,-34.07825],[18.85282,-34.07883],[18.85489,-34.07884],[18.8548,-34.07926],[18.85527,-34.07999],[18.85499,-34.08013],[18.8568,-34.08305]]]}},{"type":"Feature","properties":{"id":"199051047","name":"Bene","commuteMinutes":27.43,"nearestJobCenter":"Cape Town International Airport","distanceKm":null,"nearestTransitKm":1.1990476125833633,"spatialBurdenScore":0.2308285711700012},"geometry":{"type":"Polygon","coordinates":[[[18.85654,-34.07698],[18.85489,-34.07884],[18.85282,-34.07883],[18.85037,-34.07825],[18.85102,-34.07773],[18.85175,-34.07728],[18.85376,-34.07699],[18.8563,-34.07696],[18.85654,-34.07698]]]}},{"type":"Feature","properties":{"id":"199051048","name":"Roundhay","commuteMinutes":27.51,"nearestJobCenter":"Cape Town International Airport","distanceKm":null,"nearestTransitKm":1.6262344486834954,"spatialBurdenScore":0.24844937794733984},"geometry":{"type":"Polygon","coordinates":[[[18.86906,-34.07858],[18.86921,-34.0799],[18.86524,-34.08164],[18.86345,-34.08241],[18.86016,-34.08289],[18.85878,-34.08362],[18.8568,-34.08305],[18.85499,-34.08013],[18.85527,-34.07999],[18.8548,-34.07926],[18.85489,-34.07884],[18.85654,-34.07698],[18.85909,-34.07695],[18.86136,-34.07736],[18.86404,-34.07798],[18.86538,-34.07804],[18.86741,-34.07855],[18.86906,-34.07858]]]}},{"type":"Feature","properties":{"id":"199051049","name":"Radloff Park","commuteMinutes":29.77,"nearestJobCenter":"Cape Town International Airport","distanceKm":null,"nearestTransitKm":2.1447630797638864,"spatialBurdenScore":0.28425718985722215},"geometry":{"type":"Polygon","coordinates":[[[18.8786,-34.08085],[18.87723,-34.08136],[18.87582,-34.08135],[18.87559,-34.08102],[18.87498,-34.08113],[18.87413,-34.08182],[18.87349,-34.08159],[18.87177,-34.08169],[18.87156,-34.08267],[18.87112,-34.08299],[18.87006,-34.08313],[18.86886,-34.08302],[18.86854,-34.08338],[18.86886,-34.08416],[18.86815,-34.08474],[18.86718,-34.08449],[18.86669,-34.08387],[18.86524,-34.08164],[18.86921,-34.0799],[18.86906,-34.07858],[18.87295,-34.07853],[18.87529,-34.07824],[18.8768,-34.07776],[18.87788,-34.07944],[18.8786,-34.08085]]]}},{"type":"Feature","properties":{"id":"199051050","name":"Kalamunda","commuteMinutes":27.7,"nearestJobCenter":"Cape Town International Airport","distanceKm":null,"nearestTransitKm":1.1667278477055987,"spatialBurdenScore":0.2313357805748906},"geometry":{"type":"Polygon","coordinates":[[[18.85573,-34.0874],[18.8551,-34.08701],[18.85573,-34.08563],[18.857,-34.08463],[18.85878,-34.08362],[18.86016,-34.08289],[18.86345,-34.08241],[18.86524,-34.08164],[18.86669,-34.08387],[18.86718,-34.08449],[18.86674,-34.08495],[18.8657,-34.08528],[18.86408,-34.08545],[18.86398,-34.0857],[18.86262,-34.08575],[18.862,-34.08628],[18.86033,-34.08586],[18.85953,-34.08583],[18.85902,-34.0863],[18.85825,-34.08658],[18.85727,-34.08727],[18.85653,-34.08696],[18.85573,-34.0874]]]}},{"type":"Feature","properties":{"id":"199051051","name":"Martinville","commuteMinutes":26.4,"nearestJobCenter":"Cape Town International Airport","distanceKm":null,"nearestTransitKm":0.8560187438917326,"spatialBurdenScore":0.2102407497556693},"geometry":{"type":"Polygon","coordinates":[[[18.8568,-34.08305],[18.85878,-34.08362],[18.857,-34.08463],[18.85573,-34.08563],[18.8551,-34.08701],[18.85354,-34.08665],[18.85314,-34.0864],[18.85147,-34.08421],[18.85393,-34.08296],[18.85422,-34.08357],[18.85576,-34.08312],[18.8568,-34.08305]]]}},{"type":"Feature","properties":{"id":"199051052","name":"Carey Parks","commuteMinutes":24.75,"nearestJobCenter":"Cape Town International Airport","distanceKm":null,"nearestTransitKm":0.11988049944246404,"spatialBurdenScore":0.16979521997769856},"geometry":{"type":"Polygon","coordinates":[[[18.8452,-34.08646],[18.84096,-34.08877],[18.83865,-34.08584],[18.84264,-34.08497],[18.843,-34.08479],[18.84426,-34.08538],[18.8452,-34.08646]]]}},{"type":"Feature","properties":{"id":"199051053","name":"Garden Village","commuteMinutes":24.44,"nearestJobCenter":"Cape Town International Airport","distanceKm":null,"nearestTransitKm":0.39933620586958574,"spatialBurdenScore":0.17890678156811674},"geometry":{"type":"Polygon","coordinates":[[[18.84096,-34.08877],[18.83978,-34.08954],[18.83651,-34.08643],[18.83865,-34.08584],[18.84096,-34.08877]]]}},{"type":"Feature","properties":{"id":"199051054","name":"Helderzicht","commuteMinutes":24.12,"nearestJobCenter":"Cape Town International Airport","distanceKm":null,"nearestTransitKm":0.773804143526609,"spatialBurdenScore":0.19175216574106435},"geometry":{"type":"Polygon","coordinates":[[[18.83651,-34.08643],[18.83978,-34.08954],[18.83663,-34.09184],[18.83569,-34.0909],[18.83522,-34.09067],[18.83299,-34.09052],[18.83285,-34.09016],[18.83293,-34.08877],[18.83384,-34.0887],[18.83362,-34.08796],[18.8344,-34.08764],[18.8343,-34.08683],[18.83651,-34.08643]]]}},{"type":"Feature","properties":{"id":"199051055","name":"Paardevlei","commuteMinutes":24.01,"nearestJobCenter":"Cape Town International Airport","distanceKm":null,"nearestTransitKm":0.7945240948447925,"spatialBurdenScore":0.19184763046045836},"geometry":{"type":"Polygon","coordinates":[[[18.83299,-34.09052],[18.83143,-34.09006],[18.82978,-34.08931],[18.82822,-34.08879],[18.8276,-34.08832],[18.8343,-34.08683],[18.8344,-34.08764],[18.83362,-34.08796],[18.83384,-34.0887],[18.83293,-34.08877],[18.83285,-34.09016],[18.83299,-34.09052]]]}},{"type":"Feature","properties":{"id":"199051056","name":"Victoria Park","commuteMinutes":25.55,"nearestJobCenter":"Cape Town International Airport","distanceKm":null,"nearestTransitKm":1.0761249766972236,"spatialBurdenScore":0.21337833240122228},"geometry":{"type":"Polygon","coordinates":[[[18.83299,-34.09052],[18.83522,-34.09067],[18.83569,-34.0909],[18.83663,-34.09184],[18.83527,-34.09285],[18.83362,-34.09383],[18.8313,-34.09468],[18.82941,-34.09511],[18.82544,-34.08881],[18.8276,-34.08832],[18.82822,-34.08879],[18.82978,-34.08931],[18.83143,-34.09006],[18.83299,-34.09052]]]}},{"type":"Feature","properties":{"id":"199051057","name":"Somerset West SP","commuteMinutes":24.76,"nearestJobCenter":"Cape Town International Airport","distanceKm":null,"nearestTransitKm":0.8489970709181212,"spatialBurdenScore":0.19902654950339152},"geometry":{"type":"Polygon","coordinates":[[[18.8469,-34.08946],[18.84635,-34.0894],[18.84499,-34.08999],[18.84356,-34.08956],[18.84248,-34.08997],[18.84174,-34.09059],[18.84112,-34.09083],[18.84001,-34.09138],[18.83912,-34.09128],[18.83792,-34.09247],[18.83785,-34.09297],[18.83726,-34.09324],[18.83738,-34.09387],[18.83685,-34.09472],[18.83589,-34.09469],[18.83525,-34.09512],[18.83428,-34.09527],[18.83268,-34.09481],[18.83225,-34.09493],[18.83144,-34.09522],[18.82987,-34.0963],[18.82941,-34.09511],[18.8313,-34.09468],[18.83362,-34.09383],[18.83527,-34.09285],[18.83663,-34.09184],[18.83978,-34.08954],[18.84096,-34.08877],[18.8452,-34.08646],[18.84634,-34.08807],[18.8469,-34.08946]]]}},{"type":"Feature","properties":{"id":"199051058","name":"Haumannshof","commuteMinutes":24.54,"nearestJobCenter":"Cape Town International Airport","distanceKm":null,"nearestTransitKm":0.2625436489637229,"spatialBurdenScore":0.1741017459585489},"geometry":{"type":"Polygon","coordinates":[[[18.8469,-34.08946],[18.84739,-34.09093],[18.84612,-34.09138],[18.8434,-34.09211],[18.84295,-34.09255],[18.84112,-34.09083],[18.84174,-34.09059],[18.84248,-34.08997],[18.84356,-34.08956],[18.84499,-34.08999],[18.84635,-34.0894],[18.8469,-34.08946]]]}},{"type":"Feature","properties":{"id":"199051059","name":"Bridgebank","commuteMinutes":26.92,"nearestJobCenter":"Cape Town International Airport","distanceKm":null,"nearestTransitKm":0.12606997409707418,"spatialBurdenScore":0.18450946563054962},"geometry":{"type":"Polygon","coordinates":[[[18.8496,-34.08971],[18.84959,-34.09024],[18.85039,-34.09141],[18.85161,-34.09306],[18.84987,-34.09409],[18.84977,-34.09428],[18.84887,-34.09381],[18.84799,-34.09278],[18.84739,-34.09093],[18.8469,-34.08946],[18.84831,-34.08943],[18.84868,-34.08987],[18.8496,-34.08971]]]}},{"type":"Feature","properties":{"id":"199051060","name":"Bridgewater","commuteMinutes":26.11,"nearestJobCenter":"Cape Town International Airport","distanceKm":null,"nearestTransitKm":0.5820030318355697,"spatialBurdenScore":0.19734678794008945},"geometry":{"type":"Polygon","coordinates":[[[18.8565,-34.08869],[18.85443,-34.08911],[18.855,-34.08998],[18.85471,-34.0905],[18.85356,-34.09028],[18.85039,-34.09141],[18.84959,-34.09024],[18.8496,-34.08971],[18.85082,-34.08982],[18.85126,-34.08965],[18.85197,-34.08833],[18.85277,-34.08825],[18.85393,-34.0877],[18.85506,-34.08812],[18.85573,-34.0874],[18.8565,-34.08869]]]}},{"type":"Feature","properties":{"id":"199051061","name":"Cherrywood Gardens","commuteMinutes":27.58,"nearestJobCenter":"Cape Town International Airport","distanceKm":null,"nearestTransitKm":1.0701115613977448,"spatialBurdenScore":0.22667112912257645},"geometry":{"type":"Polygon","coordinates":[[[18.87006,-34.08313],[18.87195,-34.08553],[18.87111,-34.08604],[18.87052,-34.08678],[18.86863,-34.08866],[18.86651,-34.0902],[18.86525,-34.09208],[18.86439,-34.09292],[18.86235,-34.09358],[18.86139,-34.09437],[18.85762,-34.09139],[18.8565,-34.08869],[18.85573,-34.0874],[18.85653,-34.08696],[18.85727,-34.08727],[18.85825,-34.08658],[18.85902,-34.0863],[18.85953,-34.08583],[18.86033,-34.08586],[18.862,-34.08628],[18.86262,-34.08575],[18.86398,-34.0857],[18.86408,-34.08545],[18.8657,-34.08528],[18.86674,-34.08495],[18.86718,-34.08449],[18.86815,-34.08474],[18.86886,-34.08416],[18.86854,-34.08338],[18.86886,-34.08302],[18.87006,-34.08313]]]}},{"type":"Feature","properties":{"id":"199051062","name":"Rome Glen","commuteMinutes":28.89,"nearestJobCenter":"Cape Town International Airport","distanceKm":null,"nearestTransitKm":1.3234403186012766,"spatialBurdenScore":0.24553761274405106},"geometry":{"type":"Polygon","coordinates":[[[18.86904,-34.09398],[18.86525,-34.09208],[18.86651,-34.0902],[18.86863,-34.08866],[18.87052,-34.08678],[18.87111,-34.08604],[18.87195,-34.08553],[18.87691,-34.08967],[18.87206,-34.09269],[18.86955,-34.09424],[18.86904,-34.09398]]]}},{"type":"Feature","properties":{"id":"199051063","name":"Boskloof Eco Estate","commuteMinutes":31.01,"nearestJobCenter":"Cape Town International Airport","distanceKm":null,"nearestTransitKm":1.787451974686377,"spatialBurdenScore":0.2782314123207884},"geometry":{"type":"Polygon","coordinates":[[[18.88166,-34.09525],[18.87633,-34.09886],[18.87428,-34.09668],[18.8742,-34.09618],[18.87206,-34.09269],[18.87691,-34.08967],[18.88115,-34.09315],[18.88166,-34.09525]]]}},{"type":"Feature","properties":{"id":"199051064","name":"Dennegeur","commuteMinutes":29.87,"nearestJobCenter":"Cape Town International Airport","distanceKm":null,"nearestTransitKm":1.1478629383620376,"spatialBurdenScore":0.24504785086781483},"geometry":{"type":"Polygon","coordinates":[[[18.87428,-34.09668],[18.86831,-34.09979],[18.86392,-34.09634],[18.86904,-34.09398],[18.86955,-34.09424],[18.87206,-34.09269],[18.8742,-34.09618],[18.87428,-34.09668]]]}},{"type":"Feature","properties":{"id":"199052001","name":"Helderberg Nature Reserve SP","commuteMinutes":38.78,"nearestJobCenter":"Cape Town International Airport","distanceKm":null,"nearestTransitKm":4.699132303643331,"spatialBurdenScore":0.4464986254790666},"geometry":{"type":"Polygon","coordinates":[[[18.87833,-34.03395],[18.87338,-34.04058],[18.87401,-34.04196],[18.87563,-34.05048],[18.87652,-34.05472],[18.87688,-34.05663],[18.87887,-34.06643],[18.87957,-34.06956],[18.87953,-34.06961],[18.87386,-34.06576],[18.87311,-34.07079],[18.86818,-34.07114],[18.86802,-34.07114],[18.86694,-34.062],[18.86712,-34.06198],[18.86661,-34.05742],[18.86574,-34.05001],[18.86571,-34.04897],[18.86492,-34.04209],[18.8611,-34.04043],[18.86018,-34.04003],[18.85945,-34.03936],[18.86191,-34.03827],[18.86132,-34.03807],[18.86047,-34.03721],[18.86041,-34.03645],[18.86088,-34.03659],[18.86062,-34.03602],[18.86102,-34.03571],[18.86162,-34.03589],[18.86147,-34.03548],[18.86253,-34.03521],[18.86196,-34.03366],[18.85923,-34.03365],[18.85526,-34.03093],[18.86632,-34.03205],[18.86919,-34.03052],[18.87219,-34.03404],[18.87833,-34.03395]]]}},{"type":"Feature","properties":{"id":"199053001","name":"City of Cape Town NU","commuteMinutes":37.16,"nearestJobCenter":"Cape Town International Airport","distanceKm":null,"nearestTransitKm":3.6626980547425902,"spatialBurdenScore":0.3942412555230369},"geometry":{"type":"Polygon","coordinates":[[[18.97013,-34.02163],[18.97009,-34.02231],[18.96988,-34.03959],[18.96969,-34.04932],[18.97012,-34.04975],[18.97264,-34.05091],[18.97278,-34.05115],[18.971,-34.0566],[18.97193,-34.05719],[18.97038,-34.05746],[18.97164,-34.05834],[18.97016,-34.05876],[18.96921,-34.06079],[18.96921,-34.06191],[18.96771,-34.06217],[18.96607,-34.0655],[18.96607,-34.06605],[18.96743,-34.06785],[18.96522,-34.06728],[18.96479,-34.06788],[18.96462,-34.07007],[18.96512,-34.07085],[18.96453,-34.07183],[18.96431,-34.07299],[18.9635,-34.07354],[18.96331,-34.07575],[18.96491,-34.07797],[18.96674,-34.07947],[18.96662,-34.08142],[18.96888,-34.08223],[18.96898,-34.08442],[18.96869,-34.08527],[18.96848,-34.08875],[18.96281,-34.10162],[18.9547,-34.11966],[18.9444,-34.13541],[18.93987,-34.13907],[18.92971,-34.14745],[18.92986,-34.14914],[18.94397,-34.14193],[18.94616,-34.13841],[18.96168,-34.13961],[18.9652,-34.14],[18.96605,-34.14072],[18.96389,-34.15246],[18.96382,-34.15294],[18.98027,-34.15499],[18.96248,-34.17772],[18.95426,-34.17363],[18.95443,-34.18381],[18.94185,-34.18889],[18.9344,-34.19665],[18.93105,-34.19589],[18.93062,-34.19714],[18.92978,-34.19764],[18.92913,-34.20153],[18.93027,-34.20148],[18.93071,-34.20353],[18.92842,-34.2049],[18.92822,-34.20673],[18.92303,-34.20996],[18.92025,-34.21219],[18.9139,-34.21087],[18.91078,-34.21326],[18.90837,-34.21704],[18.89944,-34.21686],[18.89857,-34.22078],[18.89969,-34.2235],[18.90041,-34.22574],[18.90045,-34.22747],[18.89293,-34.23428],[18.89183,-34.23405],[18.88818,-34.23245],[18.87534,-34.2294],[18.88023,-34.24818],[18.86768,-34.25738],[18.86543,-34.26411],[18.85018,-34.27033],[18.84589,-34.26962],[18.84531,-34.26939],[18.84651,-34.26828],[18.84795,-34.26776],[18.85078,-34.26562],[18.85101,-34.26473],[18.85149,-34.26417],[18.85178,-34.26338],[18.85228,-34.2629],[18.85181,-34.26084],[18.85229,-34.26007],[18.85288,-34.25967],[18.85359,-34.25807],[18.85422,-34.25717],[18.85409,-34.2563],[18.85454,-34.25566],[18.85494,-34.25457],[18.85542,-34.25262],[18.85496,-34.25169],[18.85507,-34.25126],[18.85346,-34.24981],[18.85254,-34.24963],[18.85318,-34.24881],[18.85329,-34.24783],[18.85437,-34.24683],[18.85357,-34.24576],[18.85213,-34.24583],[18.85204,-34.2451],[18.85156,-34.24438],[18.85168,-34.24395],[18.85248,-34.2433],[18.85268,-34.24193],[18.85253,-34.241],[18.85273,-34.24063],[18.85193,-34.23942],[18.85199,-34.23885],[18.85086,-34.23722],[18.85033,-34.23677],[18.84941,-34.23558],[18.8456,-34.23145],[18.84506,-34.23115],[18.84291,-34.22902],[18.8415,-34.22787],[18.84045,-34.22642],[18.83863,-34.22494],[18.8386,-34.22456],[18.83744,-34.22414],[18.83674,-34.22414],[18.83577,-34.22353],[18.83555,-34.22279],[18.83449,-34.22228],[18.83435,-34.22198],[18.83287,-34.22091],[18.83285,-34.22054],[18.8337,-34.21999],[18.83299,-34.21953],[18.83212,-34.21928],[18.83126,-34.21863],[18.83039,-34.2174],[18.82956,-34.2168],[18.83029,-34.21636],[18.83071,-34.21578],[18.83202,-34.21518],[18.83245,-34.21471],[18.83216,-34.21413],[18.83204,-34.21235],[18.83284,-34.21238],[18.83335,-34.2116],[18.8327,-34.21138],[18.83201,-34.21053],[18.83169,-34.2105],[18.83102,-34.20953],[18.83124,-34.2093],[18.83144,-34.20792],[18.83096,-34.208],[18.83011,-34.20754],[18.83017,-34.2069],[18.82952,-34.20505],[18.82889,-34.20537],[18.82787,-34.20487],[18.82752,-34.20422],[18.82792,-34.20379],[18.82626,-34.20289],[18.82531,-34.20151],[18.82464,-34.20156],[18.82409,-34.20127],[18.82378,-34.20052],[18.82326,-34.20041],[18.82256,-34.19951],[18.82211,-34.19927],[18.82201,-34.19841],[18.82055,-34.19661],[18.82025,-34.19641],[18.81828,-34.19396],[18.81855,-34.19373],[18.81778,-34.19035],[18.81825,-34.18916],[18.81845,-34.18818],[18.81933,-34.1868],[18.81956,-34.1854],[18.82083,-34.18383],[18.8212,-34.18293],[18.82221,-34.1828],[18.82246,-34.18188],[18.82309,-34.18153],[18.82418,-34.18032],[18.82579,-34.17994],[18.82676,-34.17914],[18.82841,-34.17835],[18.82874,-34.17727],[18.83022,-34.17642],[18.83056,-34.17609],[18.83255,-34.17514],[18.8334,-34.17507],[18.8337,-34.17447],[18.83505,-34.17359],[18.83652,-34.17279],[18.83794,-34.17411],[18.84344,-34.17249],[18.84455,-34.1721],[18.84507,-34.17274],[18.84635,-34.17217],[18.84947,-34.17101],[18.85074,-34.17134],[18.85116,-34.17099],[18.85126,-34.17013],[18.8516,-34.16992],[18.85685,-34.16829],[18.8597,-34.16764],[18.86154,-34.16674],[18.86413,-34.16562],[18.86475,-34.16546],[18.86689,-34.1655],[18.87006,-34.16431],[18.87112,-34.16353],[18.87227,-34.16314],[18.87352,-34.16303],[18.87591,-34.16204],[18.87694,-34.16135],[18.87968,-34.16046],[18.88331,-34.15911],[18.88498,-34.15855],[18.89058,-34.15632],[18.89281,-34.15549],[18.89157,-34.15014],[18.89766,-34.14616],[18.90142,-34.14154],[18.90318,-34.14376],[18.90386,-34.1443],[18.90384,-34.14514],[18.90311,-34.14663],[18.90413,-34.14781],[18.89915,-34.15109],[18.90155,-34.15299],[18.90988,-34.14785],[18.91402,-34.14729],[18.91929,-34.14507],[18.92153,-34.14378],[18.92237,-34.14306],[18.91833,-34.1402],[18.91251,-34.13572],[18.90572,-34.13022],[18.9055,-34.12955],[18.90567,-34.12884],[18.9071,-34.12767],[18.90934,-34.1299],[18.91038,-34.13064],[18.9113,-34.13086],[18.91584,-34.12953],[18.91904,-34.12899],[18.92071,-34.12936],[18.92159,-34.12933],[18.92253,-34.12878],[18.92276,-34.12831],[18.92319,-34.12582],[18.92355,-34.12521],[18.92545,-34.12303],[18.92363,-34.12094],[18.92256,-34.12015],[18.92137,-34.11995],[18.9199,-34.12024],[18.91667,-34.11977],[18.91431,-34.11857],[18.91462,-34.11844],[18.90933,-34.11414],[18.90747,-34.1144],[18.90814,-34.1163],[18.90678,-34.11608],[18.90532,-34.11612],[18.90301,-34.11637],[18.90121,-34.10731],[18.90052,-34.10236],[18.89869,-34.10221],[18.89879,-34.09924],[18.90342,-34.09832],[18.89178,-34.09576],[18.88166,-34.09525],[18.88115,-34.09315],[18.87691,-34.08967],[18.87195,-34.08553],[18.87006,-34.08313],[18.87112,-34.08299],[18.87156,-34.08267],[18.87177,-34.08169],[18.87349,-34.08159],[18.87413,-34.08182],[18.87498,-34.08113],[18.87559,-34.08102],[18.87582,-34.08135],[18.87723,-34.08136],[18.8786,-34.08085],[18.87957,-34.08083],[18.8802,-34.08051],[18.87925,-34.07857],[18.88337,-34.07719],[18.88262,-34.0757],[18.88802,-34.07382],[18.88921,-34.07345],[18.88852,-34.07213],[18.88856,-34.07183],[18.88549,-34.06615],[18.88391,-34.05816],[18.88268,-34.05225],[18.87845,-34.05256],[18.87652,-34.05472],[18.87563,-34.05048],[18.87401,-34.04196],[18.87338,-34.04058],[18.87833,-34.03395],[18.87824,-34.03273],[18.87851,-34.03223],[18.87919,-34.03212],[18.88101,-34.03251],[18.88301,-34.03366],[18.88479,-34.03419],[18.88567,-34.03381],[18.88578,-34.0329],[18.88514,-34.03071],[18.88518,-34.03032],[18.88732,-34.03028],[18.88811,-34.03042],[18.8884,-34.0298],[18.8895,-34.02874],[18.89013,-34.02771],[18.89171,-34.02653],[18.89257,-34.02553],[18.89716,-34.02642],[18.89899,-34.02566],[18.89955,-34.02435],[18.90597,-34.02171],[18.90698,-34.02179],[18.90805,-34.02156],[18.9098,-34.02077],[18.91028,-34.01952],[18.91093,-34.01874],[18.91299,-34.01791],[18.915,-34.01729],[18.91734,-34.01624],[18.91957,-34.0154],[18.92185,-34.01418],[18.92273,-34.01386],[18.92302,-34.01327],[18.92267,-34.01278],[18.91963,-34.0126],[18.91837,-34.01222],[18.9176,-34.01128],[18.91778,-34.00918],[18.91874,-34.00692],[18.91968,-34.0054],[18.92165,-34.00328],[18.92252,-34.00254],[18.92355,-34.00192],[18.92636,-34.00075],[18.9274,-33.99994],[18.92822,-34.00052],[18.93019,-34.00158],[18.93055,-34.00204],[18.93157,-34.00257],[18.93258,-34.00249],[18.93379,-34.00279],[18.93599,-34.00301],[18.93632,-34.00293],[18.93802,-34.00341],[18.93985,-34.00327],[18.94371,-34.00372],[18.94383,-34.00432],[18.94438,-34.00508],[18.9451,-34.00551],[18.94733,-34.00614],[18.94797,-34.00656],[18.94946,-34.00705],[18.95201,-34.00826],[18.9539,-34.00926],[18.9553,-34.01011],[18.9569,-34.01165],[18.95731,-34.01189],[18.95825,-34.013],[18.9621,-34.01621],[18.963,-34.01663],[18.9656,-34.01856],[18.96811,-34.01959],[18.96949,-34.0199],[18.96994,-34.02145],[18.97013,-34.02163]]]}},{"type":"Feature","properties":{"id":"199054001","name":"Hottentots Holland Nature Reserve SP","commuteMinutes":75.43,"nearestJobCenter":"Cape Town International Airport","distanceKm":null,"nearestTransitKm":9.948902671496915,"spatialBurdenScore":0.9008227735265433},"geometry":{"type":"Polygon","coordinates":[[[18.94616,-34.13841],[18.94397,-34.14193],[18.92986,-34.14914],[18.92971,-34.14745],[18.93987,-34.13907],[18.9444,-34.13541],[18.9547,-34.11966],[18.96281,-34.10162],[18.96848,-34.08875],[18.96869,-34.08527],[18.96898,-34.08442],[18.96888,-34.08223],[18.96662,-34.08142],[18.96674,-34.07947],[18.96491,-34.07797],[18.96331,-34.07575],[18.9635,-34.07354],[18.96431,-34.07299],[18.96453,-34.07183],[18.96512,-34.07085],[18.96462,-34.07007],[18.96479,-34.06788],[18.96522,-34.06728],[18.96743,-34.06785],[18.96607,-34.06605],[18.96607,-34.0655],[18.96771,-34.06217],[18.96921,-34.06191],[18.96921,-34.06079],[18.97016,-34.05876],[18.97164,-34.05834],[18.97038,-34.05746],[18.97193,-34.05719],[18.971,-34.0566],[18.97278,-34.05115],[18.97264,-34.05091],[18.97012,-34.04975],[18.96969,-34.04932],[18.96988,-34.03959],[18.97009,-34.02231],[18.97013,-34.02163],[18.98461,-34.0359],[19.00467,-34.07481],[18.96684,-34.10237],[18.95682,-34.11933],[18.9439,-34.13824],[18.94616,-34.13841]]]}},{"type":"Feature","properties":{"id":"199055001","name":"Goedehoop Estate","commuteMinutes":27.16,"nearestJobCenter":"Claremont","distanceKm":null,"nearestTransitKm":4.538470522161425,"spatialBurdenScore":0.36260548755312366},"geometry":{"type":"Polygon","coordinates":[[[18.37852,-34.09795],[18.37768,-34.09762],[18.37402,-34.0966],[18.37296,-34.09656],[18.37361,-34.09521],[18.37202,-34.09462],[18.37286,-34.09216],[18.37095,-34.09101],[18.36819,-34.09136],[18.36892,-34.0898],[18.36939,-34.08847],[18.37123,-34.08768],[18.37306,-34.08569],[18.37355,-34.08552],[18.37453,-34.08587],[18.37619,-34.08549],[18.37801,-34.0861],[18.37839,-34.08523],[18.37961,-34.08494],[18.38151,-34.08528],[18.38165,-34.08589],[18.38265,-34.08656],[18.38236,-34.08748],[18.38391,-34.08792],[18.38381,-34.08884],[18.38422,-34.08959],[18.38377,-34.08999],[18.38413,-34.09069],[18.38081,-34.09568],[18.37993,-34.09532],[18.37952,-34.09661],[18.37896,-34.0969],[18.37852,-34.09795]]]}},{"type":"Feature","properties":{"id":"199055002","name":"Noordhoek SP1","commuteMinutes":25.03,"nearestJobCenter":"Claremont","distanceKm":null,"nearestTransitKm":5.18851968752222,"spatialBurdenScore":0.3744074541675555},"geometry":{"type":"Polygon","coordinates":[[[18.40295,-34.1056],[18.40045,-34.10474],[18.39928,-34.10417],[18.39857,-34.10411],[18.39884,-34.10376],[18.39754,-34.10291],[18.39712,-34.10357],[18.39564,-34.10289],[18.39399,-34.10139],[18.39346,-34.10046],[18.39198,-34.09972],[18.39093,-34.0986],[18.39072,-34.09759],[18.38896,-34.0965],[18.38557,-34.09905],[18.38322,-34.09919],[18.38292,-34.09942],[18.38178,-34.099],[18.38065,-34.09886],[18.37989,-34.0991],[18.3804,-34.10025],[18.38113,-34.10434],[18.38113,-34.1053],[18.3806,-34.10929],[18.38075,-34.11022],[18.3818,-34.11258],[18.3776,-34.11549],[18.36919,-34.12194],[18.36645,-34.12054],[18.3688,-34.11141],[18.36003,-34.1073],[18.36101,-34.10169],[18.36511,-34.10259],[18.36507,-34.10322],[18.37058,-34.10495],[18.37085,-34.10375],[18.37128,-34.1039],[18.3752,-34.10602],[18.37852,-34.09795],[18.37896,-34.0969],[18.37952,-34.09661],[18.37993,-34.09532],[18.38081,-34.09568],[18.38413,-34.09069],[18.38377,-34.08999],[18.38422,-34.08959],[18.38381,-34.08884],[18.38391,-34.08792],[18.38236,-34.08748],[18.38265,-34.08656],[18.38165,-34.08589],[18.38151,-34.08528],[18.37961,-34.08494],[18.37839,-34.08523],[18.37801,-34.0861],[18.37619,-34.08549],[18.37453,-34.08587],[18.37355,-34.08552],[18.37306,-34.08569],[18.37123,-34.08768],[18.36939,-34.08847],[18.36892,-34.0898],[18.36819,-34.09136],[18.37095,-34.09101],[18.37286,-34.09216],[18.37202,-34.09462],[18.37361,-34.09521],[18.37296,-34.09656],[18.37068,-34.09711],[18.36968,-34.097],[18.36854,-34.09652],[18.36763,-34.09655],[18.36583,-34.09623],[18.36491,-34.09642],[18.36343,-34.09623],[18.36245,-34.09589],[18.36093,-34.09599],[18.36032,-34.09586],[18.35988,-34.09516],[18.35819,-34.09577],[18.35741,-34.09592],[18.35959,-34.08852],[18.37542,-34.07951],[18.3858,-34.0779],[18.39323,-34.0825],[18.40442,-34.09005],[18.40525,-34.09051],[18.40295,-34.1056]]]}},{"type":"Feature","properties":{"id":"199055003","name":"Noordhaven","commuteMinutes":24.05,"nearestJobCenter":"Claremont","distanceKm":null,"nearestTransitKm":5.809080852176658,"spatialBurdenScore":0.3926965674203997},"geometry":{"type":"Polygon","coordinates":[[[18.39093,-34.0986],[18.38848,-34.09997],[18.38932,-34.10123],[18.38832,-34.10157],[18.38663,-34.10267],[18.38395,-34.10013],[18.38292,-34.09942],[18.38322,-34.09919],[18.38557,-34.09905],[18.38896,-34.0965],[18.39072,-34.09759],[18.39093,-34.0986]]]}},{"type":"Feature","properties":{"id":"199055004","name":"Belvedere","commuteMinutes":24.48,"nearestJobCenter":"Claremont","distanceKm":null,"nearestTransitKm":5.417769033752028,"spatialBurdenScore":0.37991076135008117},"geometry":{"type":"Polygon","coordinates":[[[18.39399,-34.10139],[18.39075,-34.10333],[18.38932,-34.10123],[18.38848,-34.09997],[18.39093,-34.0986],[18.39198,-34.09972],[18.39346,-34.10046],[18.39399,-34.10139]]]}},{"type":"Feature","properties":{"id":"199055005","name":"San Michel","commuteMinutes":23.24,"nearestJobCenter":"Claremont","distanceKm":null,"nearestTransitKm":5.100370107715329,"spatialBurdenScore":0.35894813764194644},"geometry":{"type":"Polygon","coordinates":[[[18.39399,-34.10139],[18.39564,-34.10289],[18.39712,-34.10357],[18.39754,-34.10291],[18.39884,-34.10376],[18.39857,-34.10411],[18.39791,-34.10444],[18.39734,-34.10543],[18.39776,-34.10568],[18.39654,-34.10786],[18.39275,-34.10634],[18.39175,-34.10587],[18.38776,-34.10361],[18.38663,-34.10267],[18.38832,-34.10157],[18.38932,-34.10123],[18.39075,-34.10333],[18.39399,-34.10139]]]}},{"type":"Feature","properties":{"id":"199055006","name":"Noordhoek Manor","commuteMinutes":21.72,"nearestJobCenter":"Claremont","distanceKm":null,"nearestTransitKm":4.534100989801051,"spatialBurdenScore":0.32616403959204204},"geometry":{"type":"Polygon","coordinates":[[[18.39975,-34.10916],[18.39654,-34.10786],[18.39776,-34.10568],[18.39734,-34.10543],[18.39791,-34.10444],[18.39857,-34.10411],[18.39928,-34.10417],[18.40045,-34.10474],[18.40295,-34.1056],[18.40276,-34.10681],[18.39975,-34.10916]]]}},{"type":"Feature","properties":{"id":"199055007","name":"Silver Mine Village","commuteMinutes":21.71,"nearestJobCenter":"Claremont","distanceKm":null,"nearestTransitKm":4.617784195474538,"spatialBurdenScore":0.32944470115231483},"geometry":{"type":"Polygon","coordinates":[[[18.39654,-34.10786],[18.39975,-34.10916],[18.39846,-34.11016],[18.39846,-34.11071],[18.39805,-34.11069],[18.39426,-34.10918],[18.3935,-34.10905],[18.39309,-34.10839],[18.39179,-34.10842],[18.39179,-34.10773],[18.39232,-34.10721],[18.39275,-34.10634],[18.39654,-34.10786]]]}},{"type":"Feature","properties":{"id":"199055008","name":"Crofters Valley","commuteMinutes":22.27,"nearestJobCenter":"Claremont","distanceKm":null,"nearestTransitKm":4.978052208843853,"spatialBurdenScore":0.3475887550204208},"geometry":{"type":"Polygon","coordinates":[[[18.39846,-34.11071],[18.39847,-34.11161],[18.40002,-34.11223],[18.39927,-34.11287],[18.39807,-34.11298],[18.39554,-34.11229],[18.39371,-34.11231],[18.3909,-34.11195],[18.38887,-34.11119],[18.3877,-34.11128],[18.38707,-34.11172],[18.38676,-34.11249],[18.38732,-34.11354],[18.38898,-34.1144],[18.38994,-34.11536],[18.39139,-34.11644],[18.39217,-34.1177],[18.39234,-34.11844],[18.38956,-34.11729],[18.38573,-34.11581],[18.38375,-34.1148],[18.38263,-34.11389],[18.3818,-34.11258],[18.38075,-34.11022],[18.3806,-34.10929],[18.38113,-34.1053],[18.38113,-34.10434],[18.3804,-34.10025],[18.37989,-34.0991],[18.38065,-34.09886],[18.38178,-34.099],[18.38292,-34.09942],[18.38395,-34.10013],[18.38663,-34.10267],[18.38776,-34.10361],[18.39175,-34.10587],[18.39275,-34.10634],[18.39232,-34.10721],[18.39179,-34.10773],[18.39179,-34.10842],[18.39309,-34.10839],[18.3935,-34.10905],[18.39426,-34.10918],[18.39805,-34.11069],[18.39846,-34.11071]]]}},{"type":"Feature","properties":{"id":"199055009","name":"Noordhoek SP2","commuteMinutes":24.62,"nearestJobCenter":"Claremont","distanceKm":null,"nearestTransitKm":4.406093925826942,"spatialBurdenScore":0.340377090366411},"geometry":{"type":"Polygon","coordinates":[[[18.40002,-34.11223],[18.40015,-34.11238],[18.40312,-34.11357],[18.40279,-34.11637],[18.40158,-34.11903],[18.402,-34.12214],[18.39896,-34.12083],[18.39636,-34.11952],[18.39559,-34.11978],[18.39234,-34.11844],[18.39217,-34.1177],[18.39139,-34.11644],[18.38994,-34.11536],[18.38898,-34.1144],[18.38732,-34.11354],[18.38676,-34.11249],[18.38707,-34.11172],[18.3877,-34.11128],[18.38887,-34.11119],[18.3909,-34.11195],[18.39371,-34.11231],[18.39554,-34.11229],[18.39807,-34.11298],[18.39927,-34.11287],[18.40002,-34.11223]]]}},{"type":"Feature","properties":{"id":"199055010","name":"Sunnydale","commuteMinutes":27.84,"nearestJobCenter":"Claremont","distanceKm":null,"nearestTransitKm":4.92037087405022,"spatialBurdenScore":0.3824148349620088},"geometry":{"type":"Polygon","coordinates":[[[18.38573,-34.11581],[18.38956,-34.11729],[18.39234,-34.11844],[18.39227,-34.1197],[18.39187,-34.12116],[18.39186,-34.12244],[18.39204,-34.12314],[18.39352,-34.12678],[18.39387,-34.12744],[18.39509,-34.12912],[18.39367,-34.12993],[18.39216,-34.13026],[18.3896,-34.13003],[18.38774,-34.13061],[18.38746,-34.12854],[18.38625,-34.1284],[18.38624,-34.12814],[18.38378,-34.1275],[18.38338,-34.1266],[18.38224,-34.12345],[18.3814,-34.12397],[18.38071,-34.12484],[18.38046,-34.12412],[18.37892,-34.12477],[18.37931,-34.12582],[18.37692,-34.12706],[18.37145,-34.12858],[18.37123,-34.12866],[18.37115,-34.12754],[18.37157,-34.12753],[18.3718,-34.12503],[18.37343,-34.12503],[18.37682,-34.1246],[18.37811,-34.12387],[18.38094,-34.12149],[18.38244,-34.11979],[18.38573,-34.11581]]]}},{"type":"Feature","properties":{"id":"199055011","name":"The Lakes","commuteMinutes":28.02,"nearestJobCenter":"Claremont","distanceKm":null,"nearestTransitKm":5.290529839491444,"spatialBurdenScore":0.3984211935796578},"geometry":{"type":"Polygon","coordinates":[[[18.3718,-34.12503],[18.37199,-34.12322],[18.36919,-34.12194],[18.3776,-34.11549],[18.3818,-34.11258],[18.38263,-34.11389],[18.38375,-34.1148],[18.38573,-34.11581],[18.38244,-34.11979],[18.38094,-34.12149],[18.37811,-34.12387],[18.37682,-34.1246],[18.37343,-34.12503],[18.3718,-34.12503]]]}},{"type":"Feature","properties":{"id":"199055012","name":"Chapmans Peak","commuteMinutes":27.71,"nearestJobCenter":"Claremont","distanceKm":null,"nearestTransitKm":4.818237175994317,"spatialBurdenScore":0.37746282037310597},"geometry":{"type":"Polygon","coordinates":[[[18.37296,-34.09656],[18.37402,-34.0966],[18.37768,-34.09762],[18.37852,-34.09795],[18.3752,-34.10602],[18.37128,-34.1039],[18.37085,-34.10375],[18.37058,-34.10495],[18.36507,-34.10322],[18.36511,-34.10259],[18.36101,-34.10169],[18.35944,-34.1013],[18.35892,-34.10142],[18.35813,-34.10109],[18.35653,-34.10109],[18.35303,-34.10094],[18.353,-34.0999],[18.35235,-34.09733],[18.35248,-34.09673],[18.35463,-34.09735],[18.35558,-34.0975],[18.35698,-34.09746],[18.35741,-34.09592],[18.35819,-34.09577],[18.35988,-34.09516],[18.36032,-34.09586],[18.36093,-34.09599],[18.36245,-34.09589],[18.36343,-34.09623],[18.36491,-34.09642],[18.36583,-34.09623],[18.36763,-34.09655],[18.36854,-34.09652],[18.36968,-34.097],[18.37068,-34.09711],[18.37296,-34.09656]]]}},{"type":"Feature","properties":{"id":"199055013","name":"Masiphumelele School Site Informal","commuteMinutes":28.43,"nearestJobCenter":"Claremont","distanceKm":null,"nearestTransitKm":5.460900382135769,"spatialBurdenScore":0.4079693486187641},"geometry":{"type":"Polygon","coordinates":[[[18.37427,-34.1289],[18.37412,-34.1302],[18.37245,-34.13021],[18.37259,-34.12903],[18.37342,-34.12911],[18.37427,-34.1289]]]}},{"type":"Feature","properties":{"id":"199055014","name":"Masiphumelele","commuteMinutes":28.36,"nearestJobCenter":"Claremont","distanceKm":null,"nearestTransitKm":5.292620586633188,"spatialBurdenScore":0.4007714901319942},"geometry":{"type":"Polygon","coordinates":[[[18.37951,-34.13351],[18.37863,-34.13106],[18.37804,-34.13118],[18.37113,-34.13124],[18.37114,-34.13107],[18.37145,-34.12858],[18.37692,-34.12706],[18.37931,-34.12582],[18.38178,-34.13284],[18.37951,-34.13351]],[[18.37427,-34.1289],[18.37342,-34.12911],[18.37259,-34.12903],[18.37245,-34.13021],[18.37412,-34.1302],[18.37427,-34.1289]]]}},{"type":"Feature","properties":{"id":"199055015","name":"Capri","commuteMinutes":25.88,"nearestJobCenter":"Claremont","distanceKm":null,"nearestTransitKm":4.292868099922438,"spatialBurdenScore":0.3442480573302309},"geometry":{"type":"Polygon","coordinates":[[[18.38378,-34.1275],[18.38463,-34.12999],[18.38447,-34.13206],[18.38507,-34.13189],[18.38774,-34.13061],[18.3896,-34.13003],[18.39216,-34.13026],[18.39367,-34.12993],[18.39509,-34.12912],[18.39588,-34.13038],[18.39605,-34.13143],[18.39585,-34.13237],[18.39532,-34.13338],[18.39426,-34.13538],[18.39401,-34.13654],[18.39405,-34.13765],[18.39451,-34.13902],[18.39521,-34.14004],[18.3959,-34.14066],[18.39828,-34.14228],[18.39972,-34.14361],[18.38803,-34.15177],[18.37898,-34.1486],[18.37738,-34.14785],[18.37765,-34.14749],[18.36968,-34.14363],[18.37035,-34.13805],[18.37056,-34.13571],[18.37058,-34.13551],[18.37414,-34.13469],[18.37642,-34.13435],[18.37951,-34.13351],[18.38178,-34.13284],[18.37931,-34.12582],[18.37892,-34.12477],[18.38046,-34.12412],[18.38071,-34.12484],[18.3814,-34.12397],[18.38224,-34.12345],[18.38338,-34.1266],[18.38378,-34.1275]]]}},{"type":"Feature","properties":{"id":"199055016","name":"Faerie Knowe","commuteMinutes":26.52,"nearestJobCenter":"Claremont","distanceKm":null,"nearestTransitKm":4.363043901265611,"spatialBurdenScore":0.35132175605062443},"geometry":{"type":"Polygon","coordinates":[[[18.38774,-34.13061],[18.38507,-34.13189],[18.38447,-34.13206],[18.38463,-34.12999],[18.38378,-34.1275],[18.38624,-34.12814],[18.38625,-34.1284],[18.38746,-34.12854],[18.38774,-34.13061]]]}},{"type":"Feature","properties":{"id":"199056001","name":"Clovelly","commuteMinutes":23.55,"nearestJobCenter":"Claremont","distanceKm":null,"nearestTransitKm":0.7785578774112374,"spatialBurdenScore":0.1881423150964495},"geometry":{"type":"Polygon","coordinates":[[[18.44495,-34.13285],[18.44466,-34.13268],[18.44336,-34.13266],[18.44099,-34.13231],[18.44018,-34.13204],[18.43849,-34.13325],[18.43714,-34.13188],[18.43526,-34.13104],[18.43415,-34.13078],[18.43318,-34.13014],[18.43276,-34.12934],[18.43072,-34.12852],[18.42949,-34.1279],[18.42811,-34.12689],[18.42552,-34.12608],[18.42503,-34.12548],[18.42309,-34.1243],[18.42059,-34.12266],[18.4208,-34.12192],[18.42009,-34.1211],[18.41952,-34.12083],[18.41907,-34.11999],[18.41704,-34.11868],[18.41696,-34.11806],[18.41406,-34.11662],[18.42374,-34.1087],[18.44635,-34.12145],[18.44577,-34.12544],[18.44558,-34.1262],[18.44542,-34.12778],[18.4448,-34.13203],[18.44495,-34.13285]]]}},{"type":"Feature","properties":{"id":"199056002","name":"Kalk Bay","commuteMinutes":21.18,"nearestJobCenter":"Claremont","distanceKm":null,"nearestTransitKm":0.02861807101489842,"spatialBurdenScore":0.14234472284059593},"geometry":{"type":"Polygon","coordinates":[[[18.4508,-34.12805],[18.45067,-34.12819],[18.4495,-34.12697],[18.44828,-34.12837],[18.44825,-34.12878],[18.44894,-34.12895],[18.44939,-34.12944],[18.45119,-34.12825],[18.4513,-34.12838],[18.44934,-34.12961],[18.44935,-34.13038],[18.44867,-34.13128],[18.44815,-34.13138],[18.44802,-34.13193],[18.44759,-34.13211],[18.44739,-34.13269],[18.44495,-34.13285],[18.4448,-34.13203],[18.44542,-34.12778],[18.44558,-34.1262],[18.44751,-34.12526],[18.44954,-34.12376],[18.44972,-34.12443],[18.45103,-34.12565],[18.45037,-34.12653],[18.44965,-34.127],[18.4508,-34.12805]]]}},{"type":"Feature","properties":{"id":"199056003","name":"Kalk Bay Habour","commuteMinutes":21.7,"nearestJobCenter":"Claremont","distanceKm":null,"nearestTransitKm":0.12852245821699346,"spatialBurdenScore":0.1498075649953464},"geometry":{"type":"Polygon","coordinates":[[[18.4508,-34.12805],[18.45119,-34.12825],[18.44939,-34.12944],[18.44894,-34.12895],[18.44825,-34.12878],[18.44828,-34.12837],[18.4495,-34.12697],[18.45067,-34.12819],[18.4508,-34.12805]]]}},{"type":"Feature","properties":{"id":"199056004","name":"Sun Valley","commuteMinutes":26.15,"nearestJobCenter":"Claremont","distanceKm":null,"nearestTransitKm":3.4750506832442563,"spatialBurdenScore":0.31333536066310363},"geometry":{"type":"Polygon","coordinates":[[[18.39234,-34.11844],[18.39559,-34.11978],[18.39636,-34.11952],[18.39896,-34.12083],[18.402,-34.12214],[18.4019,-34.12256],[18.40231,-34.12738],[18.40186,-34.13241],[18.40209,-34.13325],[18.40267,-34.13388],[18.40181,-34.13482],[18.40143,-34.13484],[18.40029,-34.13358],[18.39766,-34.13537],[18.39643,-34.1357],[18.3955,-34.13343],[18.39532,-34.13338],[18.39585,-34.13237],[18.39605,-34.13143],[18.39588,-34.13038],[18.39509,-34.12912],[18.39387,-34.12744],[18.39352,-34.12678],[18.39204,-34.12314],[18.39186,-34.12244],[18.39187,-34.12116],[18.39227,-34.1197],[18.39234,-34.11844]]]}},{"type":"Feature","properties":{"id":"199056005","name":"Fish Hoek SP","commuteMinutes":25.01,"nearestJobCenter":"Claremont","distanceKm":null,"nearestTransitKm":0.6192423036728358,"spatialBurdenScore":0.19150302548024678},"geometry":{"type":"Polygon","coordinates":[[[18.41406,-34.11662],[18.41696,-34.11806],[18.41704,-34.11868],[18.41907,-34.11999],[18.41952,-34.12083],[18.42009,-34.1211],[18.4208,-34.12192],[18.42059,-34.12266],[18.42309,-34.1243],[18.42503,-34.12548],[18.42552,-34.12608],[18.42811,-34.12689],[18.42949,-34.1279],[18.43072,-34.12852],[18.43276,-34.12934],[18.43318,-34.13014],[18.43415,-34.13078],[18.43526,-34.13104],[18.43714,-34.13188],[18.43849,-34.13325],[18.43578,-34.13547],[18.4342,-34.13729],[18.4332,-34.13871],[18.43283,-34.13962],[18.4326,-34.14092],[18.43261,-34.14174],[18.43353,-34.14199],[18.43683,-34.14354],[18.43751,-34.1443],[18.43811,-34.14592],[18.43886,-34.14677],[18.43948,-34.14808],[18.43988,-34.14998],[18.43943,-34.15115],[18.43933,-34.15188],[18.43834,-34.15286],[18.43694,-34.1545],[18.43678,-34.1555],[18.43643,-34.15543],[18.43594,-34.15613],[18.43556,-34.15586],[18.43369,-34.15448],[18.43051,-34.15203],[18.42692,-34.14935],[18.42529,-34.14856],[18.42364,-34.14888],[18.42313,-34.14635],[18.42142,-34.14574],[18.41169,-34.13917],[18.40837,-34.13699],[18.40209,-34.13325],[18.40186,-34.13241],[18.40231,-34.12738],[18.4019,-34.12256],[18.402,-34.12214],[18.40158,-34.11903],[18.40279,-34.11637],[18.40312,-34.11357],[18.41299,-34.1175],[18.41406,-34.11662]],[[18.41407,-34.12529],[18.41371,-34.12599],[18.41228,-34.12549],[18.41029,-34.12931],[18.41049,-34.12955],[18.4145,-34.12898],[18.41477,-34.12917],[18.41794,-34.1287],[18.41776,-34.12762],[18.4181,-34.1268],[18.41407,-34.12529]]]}},{"type":"Feature","properties":{"id":"199056006","name":"Silverglade","commuteMinutes":28.2,"nearestJobCenter":"Claremont","distanceKm":null,"nearestTransitKm":1.812923861529341,"spatialBurdenScore":0.2605169544611736},"geometry":{"type":"Polygon","coordinates":[[[18.41407,-34.12529],[18.4181,-34.1268],[18.41776,-34.12762],[18.41794,-34.1287],[18.41477,-34.12917],[18.4145,-34.12898],[18.41049,-34.12955],[18.41029,-34.12931],[18.41228,-34.12549],[18.41371,-34.12599],[18.41407,-34.12529]]]}},{"type":"Feature","properties":{"id":"199057001","name":"Simon's Town SP2","commuteMinutes":27.92,"nearestJobCenter":"Claremont","distanceKm":null,"nearestTransitKm":0.6071498267782514,"spatialBurdenScore":0.2104193264044634},"geometry":{"type":"Polygon","coordinates":[[[18.43246,-34.15899],[18.43151,-34.16035],[18.42992,-34.15995],[18.42921,-34.15961],[18.42731,-34.15812],[18.42562,-34.15709],[18.42575,-34.15658],[18.42525,-34.15632],[18.42486,-34.15662],[18.42395,-34.15618],[18.42142,-34.15557],[18.4183,-34.15521],[18.41695,-34.15485],[18.41438,-34.1538],[18.42142,-34.14574],[18.42313,-34.14635],[18.42364,-34.14888],[18.42489,-34.15297],[18.42541,-34.15499],[18.42742,-34.15574],[18.42836,-34.15624],[18.43182,-34.15845],[18.43246,-34.15899]]]}},{"type":"Feature","properties":{"id":"199057002","name":"Glencairn Heights","commuteMinutes":27.71,"nearestJobCenter":"Claremont","distanceKm":null,"nearestTransitKm":0.21951086786527194,"spatialBurdenScore":0.1935137680479442},"geometry":{"type":"Polygon","coordinates":[[[18.43556,-34.15586],[18.43594,-34.15613],[18.43578,-34.15716],[18.4355,-34.15724],[18.43543,-34.15798],[18.43338,-34.15809],[18.43246,-34.15899],[18.43182,-34.15845],[18.42836,-34.15624],[18.42742,-34.15574],[18.42541,-34.15499],[18.42489,-34.15297],[18.42364,-34.14888],[18.42529,-34.14856],[18.42692,-34.14935],[18.43051,-34.15203],[18.43369,-34.15448],[18.43166,-34.15574],[18.43164,-34.15591],[18.43384,-34.15729],[18.43556,-34.15586]]]}},{"type":"Feature","properties":{"id":"199057003","name":"Glen Ridge","commuteMinutes":28.38,"nearestJobCenter":"Claremont","distanceKm":null,"nearestTransitKm":0.2567671502641425,"spatialBurdenScore":0.19947068601056567},"geometry":{"type":"Polygon","coordinates":[[[18.43556,-34.15586],[18.43384,-34.15729],[18.43164,-34.15591],[18.43166,-34.15574],[18.43369,-34.15448],[18.43556,-34.15586]]]}},{"type":"Feature","properties":{"id":"199057004","name":"Welcome Glen","commuteMinutes":30.69,"nearestJobCenter":"Claremont","distanceKm":null,"nearestTransitKm":2.4364451178274535,"spatialBurdenScore":0.3020578047130982},"geometry":{"type":"Polygon","coordinates":[[[18.41206,-34.15306],[18.41119,-34.15282],[18.41005,-34.15564],[18.40546,-34.15735],[18.40314,-34.15678],[18.40238,-34.15596],[18.39913,-34.1555],[18.39968,-34.15521],[18.40048,-34.15434],[18.40103,-34.15408],[18.40634,-34.1529],[18.40692,-34.15256],[18.40756,-34.15163],[18.40738,-34.15132],[18.4081,-34.14957],[18.41033,-34.14951],[18.41097,-34.15044],[18.41129,-34.15141],[18.41206,-34.15306]]]}},{"type":"Feature","properties":{"id":"199057005","name":"Da Gama Park","commuteMinutes":32.83,"nearestJobCenter":"Claremont","distanceKm":null,"nearestTransitKm":2.6344436639805986,"spatialBurdenScore":0.3242444132258906},"geometry":{"type":"Polygon","coordinates":[[[18.4011,-34.16638],[18.39986,-34.16565],[18.40013,-34.16182],[18.40034,-34.16111],[18.39574,-34.15807],[18.3954,-34.15771],[18.39601,-34.15723],[18.39714,-34.15562],[18.39913,-34.1555],[18.40238,-34.15596],[18.40314,-34.15678],[18.40546,-34.15735],[18.40484,-34.15908],[18.40645,-34.15973],[18.40719,-34.15943],[18.41122,-34.16366],[18.41235,-34.16535],[18.4056,-34.16923],[18.40152,-34.16654],[18.4011,-34.16638]]]}},{"type":"Feature","properties":{"id":"199057006","name":"Simon's Town SP1","commuteMinutes":33.77,"nearestJobCenter":"Claremont","distanceKm":null,"nearestTransitKm":0.6016994503643939,"spatialBurdenScore":0.24920131134790907},"geometry":{"type":"Polygon","coordinates":[[[18.42595,-34.16487],[18.42474,-34.16587],[18.42407,-34.16704],[18.42502,-34.16835],[18.42438,-34.16849],[18.42379,-34.16894],[18.42479,-34.16959],[18.42587,-34.17072],[18.42541,-34.17167],[18.42736,-34.17362],[18.42789,-34.17263],[18.4289,-34.17222],[18.42825,-34.17337],[18.42787,-34.17548],[18.42642,-34.17722],[18.42585,-34.1787],[18.42539,-34.18061],[18.42527,-34.18188],[18.42534,-34.18383],[18.42568,-34.18576],[18.42657,-34.18759],[18.42666,-34.18837],[18.42706,-34.18894],[18.42797,-34.18959],[18.42764,-34.1898],[18.42834,-34.19098],[18.42819,-34.19112],[18.42904,-34.19178],[18.42941,-34.1915],[18.42923,-34.1919],[18.42966,-34.19215],[18.43005,-34.19185],[18.43108,-34.19168],[18.43243,-34.19211],[18.43285,-34.19201],[18.43249,-34.19267],[18.43324,-34.19278],[18.43356,-34.19211],[18.43445,-34.19211],[18.43491,-34.19084],[18.43386,-34.18847],[18.43359,-34.18816],[18.43393,-34.18806],[18.43626,-34.18659],[18.43647,-34.18635],[18.43654,-34.18658],[18.43405,-34.18815],[18.43396,-34.18831],[18.43509,-34.19082],[18.43683,-34.19127],[18.43804,-34.19065],[18.43704,-34.1893],[18.43671,-34.18936],[18.43811,-34.18848],[18.43861,-34.18873],[18.43807,-34.18913],[18.43993,-34.19123],[18.44095,-34.1907],[18.44143,-34.19124],[18.44283,-34.19057],[18.44265,-34.18957],[18.442,-34.18783],[18.44068,-34.18749],[18.43956,-34.18819],[18.43939,-34.18798],[18.44048,-34.1873],[18.43781,-34.18578],[18.43732,-34.18593],[18.43786,-34.18561],[18.44053,-34.18716],[18.44217,-34.18753],[18.44366,-34.19127],[18.44429,-34.19142],[18.44411,-34.19181],[18.44482,-34.19224],[18.44581,-34.19239],[18.44607,-34.19331],[18.44684,-34.19399],[18.44809,-34.19389],[18.44845,-34.19412],[18.44855,-34.19492],[18.4506,-34.1951],[18.4512,-34.196],[18.4507,-34.19585],[18.45062,-34.19645],[18.45107,-34.19637],[18.45164,-34.19699],[18.45019,-34.19774],[18.44987,-34.19772],[18.45206,-34.19977],[18.45341,-34.1988],[18.45452,-34.19993],[18.45549,-34.2005],[18.45578,-34.20127],[18.45645,-34.20112],[18.4564,-34.20137],[18.45728,-34.20152],[18.45766,-34.20302],[18.45687,-34.20327],[18.45685,-34.20371],[18.45472,-34.20514],[18.45432,-34.20454],[18.45344,-34.20418],[18.45128,-34.2057],[18.45051,-34.20625],[18.45099,-34.20762],[18.45081,-34.20887],[18.44677,-34.21063],[18.44273,-34.20843],[18.44079,-34.20648],[18.43588,-34.20244],[18.43378,-34.20125],[18.42395,-34.1971],[18.41751,-34.19239],[18.41808,-34.19027],[18.41866,-34.18971],[18.41818,-34.18896],[18.41605,-34.18672],[18.41343,-34.18844],[18.41124,-34.19293],[18.40771,-34.19157],[18.40408,-34.19009],[18.39593,-34.18655],[18.39021,-34.18411],[18.39252,-34.17946],[18.38274,-34.16532],[18.38332,-34.1648],[18.39967,-34.16663],[18.4011,-34.16638],[18.40152,-34.16654],[18.4056,-34.16923],[18.41235,-34.16535],[18.41122,-34.16366],[18.40719,-34.15943],[18.40645,-34.15973],[18.40484,-34.15908],[18.40546,-34.15735],[18.41005,-34.15564],[18.41119,-34.15282],[18.41206,-34.15306],[18.41271,-34.15326],[18.41258,-34.15374],[18.41299,-34.15411],[18.41331,-34.15516],[18.41569,-34.15631],[18.41744,-34.15682],[18.42071,-34.15701],[18.42349,-34.15763],[18.42384,-34.157],[18.42643,-34.15847],[18.42835,-34.15997],[18.4295,-34.16136],[18.42595,-34.16487]],[[18.4178,-34.16486],[18.4181,-34.16503],[18.41811,-34.16385],[18.4152,-34.16245],[18.41462,-34.16332],[18.4178,-34.16486]],[[18.42222,-34.18381],[18.42128,-34.18341],[18.42063,-34.18352],[18.42013,-34.18406],[18.42111,-34.18487],[18.4216,-34.18501],[18.42258,-34.18596],[18.42299,-34.18695],[18.42407,-34.18653],[18.4237,-34.18562],[18.42341,-34.18388],[18.42369,-34.18329],[18.4233,-34.18288],[18.42379,-34.18253],[18.42388,-34.1814],[18.42372,-34.18071],[18.4226,-34.18057],[18.42271,-34.18149],[18.4225,-34.18322],[18.42222,-34.18381]],[[18.41532,-34.18213],[18.41503,-34.18199],[18.41439,-34.18297],[18.41497,-34.18308],[18.41556,-34.18224],[18.41532,-34.18213]],[[18.42467,-34.19384],[18.42374,-34.19414],[18.42307,-34.19302],[18.42215,-34.19372],[18.42317,-34.19459],[18.42402,-34.19459],[18.42486,-34.19435],[18.4257,-34.19408],[18.42683,-34.19402],[18.42672,-34.19373],[18.42749,-34.19345],[18.4267,-34.19253],[18.42446,-34.19331],[18.42467,-34.19384]],[[18.43692,-34.19634],[18.44076,-34.19704],[18.44085,-34.19615],[18.43968,-34.19583],[18.43858,-34.19578],[18.4386,-34.19533],[18.43741,-34.19511],[18.43563,-34.19486],[18.43363,-34.19506],[18.43293,-34.1953],[18.43236,-34.19512],[18.43149,-34.19532],[18.43084,-34.19512],[18.42992,-34.1945],[18.42923,-34.19447],[18.42766,-34.19594],[18.43092,-34.19676],[18.43102,-34.19654],[18.43367,-34.19646],[18.43444,-34.19615],[18.43686,-34.19656],[18.43692,-34.19634]],[[18.45366,-34.20283],[18.45425,-34.20307],[18.45454,-34.20373],[18.45587,-34.20304],[18.45567,-34.2027],[18.4547,-34.20209],[18.45379,-34.20254],[18.45366,-34.20283]]]}},{"type":"Feature","properties":{"id":"199057007","name":"Glencairn","commuteMinutes":29.12,"nearestJobCenter":"Claremont","distanceKm":null,"nearestTransitKm":0.3125722282998758,"spatialBurdenScore":0.20663622246532837},"geometry":{"type":"Polygon","coordinates":[[[18.43151,-34.16035],[18.43103,-34.16128],[18.43136,-34.16174],[18.43245,-34.16242],[18.43275,-34.16312],[18.4323,-34.16341],[18.43238,-34.16492],[18.43316,-34.16607],[18.43206,-34.16664],[18.43168,-34.16765],[18.43206,-34.16794],[18.43201,-34.16857],[18.43083,-34.16914],[18.43045,-34.16832],[18.42912,-34.16786],[18.42825,-34.16924],[18.4272,-34.16866],[18.42824,-34.1671],[18.4279,-34.16658],[18.42595,-34.16487],[18.4295,-34.16136],[18.42835,-34.15997],[18.42643,-34.15847],[18.42384,-34.157],[18.42349,-34.15763],[18.42071,-34.15701],[18.41744,-34.15682],[18.41569,-34.15631],[18.41331,-34.15516],[18.41299,-34.15411],[18.41258,-34.15374],[18.41271,-34.15326],[18.41438,-34.1538],[18.41695,-34.15485],[18.4183,-34.15521],[18.42142,-34.15557],[18.42395,-34.15618],[18.42486,-34.15662],[18.42525,-34.15632],[18.42575,-34.15658],[18.42562,-34.15709],[18.42731,-34.15812],[18.42921,-34.15961],[18.42992,-34.15995],[18.43151,-34.16035]]]}},{"type":"Feature","properties":{"id":"199057008","name":"Glen Marine","commuteMinutes":30.86,"nearestJobCenter":"Claremont","distanceKm":null,"nearestTransitKm":0.3522412952916569,"spatialBurdenScore":0.21982298514499962},"geometry":{"type":"Polygon","coordinates":[[[18.42825,-34.16924],[18.42741,-34.16931],[18.42606,-34.16892],[18.42581,-34.16847],[18.42502,-34.16835],[18.42407,-34.16704],[18.42474,-34.16587],[18.42595,-34.16487],[18.4279,-34.16658],[18.42824,-34.1671],[18.4272,-34.16866],[18.42825,-34.16924]]]}},{"type":"Feature","properties":{"id":"199057009","name":"Dido Valley","commuteMinutes":29.09,"nearestJobCenter":"Claremont","distanceKm":null,"nearestTransitKm":0.1678517634828923,"spatialBurdenScore":0.20064740387264904},"geometry":{"type":"Polygon","coordinates":[[[18.4289,-34.17222],[18.42789,-34.17263],[18.42736,-34.17362],[18.42541,-34.17167],[18.42587,-34.17072],[18.42479,-34.16959],[18.42379,-34.16894],[18.42438,-34.16849],[18.42502,-34.16835],[18.42581,-34.16847],[18.42606,-34.16892],[18.42741,-34.16931],[18.42825,-34.16924],[18.42912,-34.16786],[18.43045,-34.16832],[18.43083,-34.16914],[18.4305,-34.16995],[18.4289,-34.17222]]]}},{"type":"Feature","properties":{"id":"199057010","name":"Woodlands","commuteMinutes":31.71,"nearestJobCenter":"Claremont","distanceKm":null,"nearestTransitKm":1.364048335304764,"spatialBurdenScore":0.26596193341219054},"geometry":{"type":"Polygon","coordinates":[[[18.4178,-34.16486],[18.41462,-34.16332],[18.4152,-34.16245],[18.41811,-34.16385],[18.4181,-34.16503],[18.4178,-34.16486]]]}},{"type":"Feature","properties":{"id":"199057011","name":"Bay View Village","commuteMinutes":30.94,"nearestJobCenter":"Claremont","distanceKm":null,"nearestTransitKm":0.2107018080169087,"spatialBurdenScore":0.21469473898734304},"geometry":{"type":"Polygon","coordinates":[[[18.4233,-34.18288],[18.42222,-34.18381],[18.4225,-34.18322],[18.42271,-34.18149],[18.4226,-34.18057],[18.42372,-34.18071],[18.42388,-34.1814],[18.42379,-34.18253],[18.4233,-34.18288]]]}},{"type":"Feature","properties":{"id":"199057012","name":"Bayview Heights","commuteMinutes":30.6,"nearestJobCenter":"Claremont","distanceKm":null,"nearestTransitKm":0.26372232884948626,"spatialBurdenScore":0.21454889315397946},"geometry":{"type":"Polygon","coordinates":[[[18.42222,-34.18381],[18.4233,-34.18288],[18.42369,-34.18329],[18.42341,-34.18388],[18.4237,-34.18562],[18.42407,-34.18653],[18.42299,-34.18695],[18.42258,-34.18596],[18.4216,-34.18501],[18.42111,-34.18487],[18.42013,-34.18406],[18.42063,-34.18352],[18.42128,-34.18341],[18.42222,-34.18381]]]}},{"type":"Feature","properties":{"id":"199057013","name":"Pine Haven","commuteMinutes":35.88,"nearestJobCenter":"Claremont","distanceKm":null,"nearestTransitKm":0.9505378942206856,"spatialBurdenScore":0.2772215157688274},"geometry":{"type":"Polygon","coordinates":[[[18.41532,-34.18213],[18.41556,-34.18224],[18.41497,-34.18308],[18.41439,-34.18297],[18.41503,-34.18199],[18.41532,-34.18213]]]}},{"type":"Feature","properties":{"id":"199057014","name":"Simon's Town Habour SP2","commuteMinutes":33.4,"nearestJobCenter":"Claremont","distanceKm":null,"nearestTransitKm":1.0249854302895123,"spatialBurdenScore":0.26366608387824714},"geometry":{"type":"MultiPolygon","coordinates":[[[[18.43359,-34.18816],[18.43386,-34.18847],[18.43491,-34.19084],[18.43445,-34.19211],[18.43356,-34.19211],[18.43324,-34.19278],[18.43249,-34.19267],[18.43285,-34.19201],[18.43243,-34.19211],[18.43108,-34.19168],[18.43005,-34.19185],[18.42966,-34.19215],[18.42923,-34.1919],[18.42941,-34.1915],[18.43359,-34.18816]]],[[[18.43647,-34.18635],[18.43732,-34.18593],[18.43781,-34.18578],[18.44048,-34.1873],[18.43939,-34.18798],[18.43956,-34.18819],[18.44068,-34.18749],[18.442,-34.18783],[18.44265,-34.18957],[18.44283,-34.19057],[18.44143,-34.19124],[18.44095,-34.1907],[18.43993,-34.19123],[18.43807,-34.18913],[18.43861,-34.18873],[18.43811,-34.18848],[18.43671,-34.18936],[18.43704,-34.1893],[18.43804,-34.19065],[18.43683,-34.19127],[18.43509,-34.19082],[18.43396,-34.18831],[18.43405,-34.18815],[18.43654,-34.18658],[18.43647,-34.18635]]]]}},{"type":"Feature","properties":{"id":"199057015","name":"Mount Pleasant","commuteMinutes":32.16,"nearestJobCenter":"Claremont","distanceKm":null,"nearestTransitKm":0.643444695550176,"spatialBurdenScore":0.240137787822007},"geometry":{"type":"Polygon","coordinates":[[[18.42486,-34.19435],[18.42467,-34.19384],[18.42446,-34.19331],[18.4267,-34.19253],[18.42749,-34.19345],[18.42672,-34.19373],[18.42683,-34.19402],[18.4257,-34.19408],[18.42486,-34.19435]]]}},{"type":"Feature","properties":{"id":"199057016","name":"Admirals Kloof","commuteMinutes":32.48,"nearestJobCenter":"Claremont","distanceKm":null,"nearestTransitKm":0.7466786115613496,"spatialBurdenScore":0.24640047779578733},"geometry":{"type":"Polygon","coordinates":[[[18.42467,-34.19384],[18.42486,-34.19435],[18.42402,-34.19459],[18.42317,-34.19459],[18.42215,-34.19372],[18.42307,-34.19302],[18.42374,-34.19414],[18.42467,-34.19384]]]}},{"type":"Feature","properties":{"id":"199057017","name":"Simon's Kloof","commuteMinutes":32.64,"nearestJobCenter":"Claremont","distanceKm":null,"nearestTransitKm":1.0546515331306625,"spatialBurdenScore":0.2597860613252265},"geometry":{"type":"Polygon","coordinates":[[[18.43741,-34.19511],[18.43692,-34.19634],[18.43686,-34.19656],[18.43444,-34.19615],[18.43367,-34.19646],[18.43102,-34.19654],[18.43092,-34.19676],[18.42766,-34.19594],[18.42923,-34.19447],[18.42992,-34.1945],[18.43084,-34.19512],[18.43149,-34.19532],[18.43236,-34.19512],[18.43293,-34.1953],[18.43363,-34.19506],[18.43563,-34.19486],[18.43741,-34.19511]]]}},{"type":"Feature","properties":{"id":"199057018","name":"Harbour Heights","commuteMinutes":34.37,"nearestJobCenter":"Claremont","distanceKm":null,"nearestTransitKm":1.5692180442689687,"spatialBurdenScore":0.29190205510409206},"geometry":{"type":"Polygon","coordinates":[[[18.43692,-34.19634],[18.43741,-34.19511],[18.4386,-34.19533],[18.43858,-34.19578],[18.43968,-34.19583],[18.44085,-34.19615],[18.44076,-34.19704],[18.43692,-34.19634]]]}},{"type":"Feature","properties":{"id":"199057019","name":"Boulders","commuteMinutes":34.87,"nearestJobCenter":"Claremont","distanceKm":null,"nearestTransitKm":2.679667929019125,"spatialBurdenScore":0.33965338382743165},"geometry":{"type":"Polygon","coordinates":[[[18.45433,-34.19819],[18.45341,-34.1988],[18.45206,-34.19977],[18.44987,-34.19772],[18.45019,-34.19774],[18.45164,-34.19699],[18.45135,-34.19735],[18.45215,-34.19799],[18.45297,-34.19707],[18.45408,-34.19779],[18.45433,-34.19819]]]}},{"type":"Feature","properties":{"id":"199057020","name":"Bellvue","commuteMinutes":35.13,"nearestJobCenter":"Claremont","distanceKm":null,"nearestTransitKm":3.0197187890760335,"spatialBurdenScore":0.3549887515630414},"geometry":{"type":"Polygon","coordinates":[[[18.45341,-34.1988],[18.45433,-34.19819],[18.45485,-34.19898],[18.45625,-34.19972],[18.45645,-34.20112],[18.45578,-34.20127],[18.45549,-34.2005],[18.45452,-34.19993],[18.45341,-34.1988]]]}},{"type":"Feature","properties":{"id":"199057021","name":"Red Hill Informal","commuteMinutes":39.36,"nearestJobCenter":"Claremont","distanceKm":null,"nearestTransitKm":2.1713875790930715,"spatialBurdenScore":0.3492555031637229},"geometry":{"type":"Polygon","coordinates":[[[18.40648,-34.20305],[18.40653,-34.20183],[18.40639,-34.19972],[18.40697,-34.19598],[18.40723,-34.19551],[18.40823,-34.19534],[18.40849,-34.19706],[18.40961,-34.19855],[18.41054,-34.19951],[18.41073,-34.20016],[18.41102,-34.20226],[18.41248,-34.20511],[18.41186,-34.2057],[18.41062,-34.20497],[18.40934,-34.20474],[18.40832,-34.20418],[18.40711,-34.20378],[18.40648,-34.20305]]]}},{"type":"Feature","properties":{"id":"199057022","name":"Winford","commuteMinutes":34.85,"nearestJobCenter":"Claremont","distanceKm":null,"nearestTransitKm":3.1631664141143316,"spatialBurdenScore":0.3588599898979066},"geometry":{"type":"Polygon","coordinates":[[[18.45366,-34.20283],[18.45379,-34.20254],[18.4547,-34.20209],[18.45567,-34.2027],[18.45587,-34.20304],[18.45454,-34.20373],[18.45425,-34.20307],[18.45366,-34.20283]]]}},{"type":"Feature","properties":{"id":"199057023","name":"Froggy Farm","commuteMinutes":35.93,"nearestJobCenter":"Claremont","distanceKm":null,"nearestTransitKm":3.438526596801651,"spatialBurdenScore":0.37707439720539937},"geometry":{"type":"Polygon","coordinates":[[[18.45847,-34.20629],[18.45797,-34.20643],[18.45516,-34.20806],[18.45426,-34.20799],[18.45347,-34.20746],[18.45275,-34.2064],[18.45168,-34.20605],[18.45128,-34.2057],[18.45344,-34.20418],[18.45432,-34.20454],[18.45472,-34.20514],[18.45685,-34.20371],[18.45717,-34.20401],[18.45846,-34.20401],[18.45828,-34.20445],[18.4588,-34.20486],[18.4584,-34.205],[18.45847,-34.20629]]]}},{"type":"Feature","properties":{"id":"199057024","name":"Murdock Valley","commuteMinutes":37.03,"nearestJobCenter":"Claremont","distanceKm":null,"nearestTransitKm":4.39881187911859,"spatialBurdenScore":0.42281914183141023},"geometry":{"type":"Polygon","coordinates":[[[18.46557,-34.22099],[18.46443,-34.22106],[18.46159,-34.22191],[18.46078,-34.22148],[18.45928,-34.22125],[18.4596,-34.21987],[18.46034,-34.21816],[18.46079,-34.21644],[18.46134,-34.21635],[18.46023,-34.21515],[18.46124,-34.21476],[18.45972,-34.2128],[18.45938,-34.21102],[18.45856,-34.21049],[18.45743,-34.21061],[18.45677,-34.20951],[18.45585,-34.20842],[18.45516,-34.20806],[18.45797,-34.20643],[18.45847,-34.20629],[18.45951,-34.20765],[18.46118,-34.20808],[18.46178,-34.20933],[18.46226,-34.20971],[18.46261,-34.21114],[18.46286,-34.21143],[18.46298,-34.21271],[18.46326,-34.21286],[18.46369,-34.21393],[18.46384,-34.21514],[18.46479,-34.21591],[18.46544,-34.21577],[18.46519,-34.21742],[18.46554,-34.21789],[18.46541,-34.21874],[18.46591,-34.22014],[18.46557,-34.22099]]]}},{"type":"Feature","properties":{"id":"199058001","name":"Cape Peninsula National Park SP","commuteMinutes":57.91,"nearestJobCenter":"Claremont","distanceKm":null,"nearestTransitKm":8.826199428580875,"spatialBurdenScore":0.7391146438099017},"geometry":{"type":"Polygon","coordinates":[[[18.40209,-34.13325],[18.40837,-34.13699],[18.41169,-34.13917],[18.42142,-34.14574],[18.41438,-34.1538],[18.41271,-34.15326],[18.41206,-34.15306],[18.41129,-34.15141],[18.41097,-34.15044],[18.41033,-34.14951],[18.4081,-34.14957],[18.40738,-34.15132],[18.40756,-34.15163],[18.40692,-34.15256],[18.40634,-34.1529],[18.40103,-34.15408],[18.40048,-34.15434],[18.39968,-34.15521],[18.39913,-34.1555],[18.39714,-34.15562],[18.39601,-34.15723],[18.3954,-34.15771],[18.39574,-34.15807],[18.40034,-34.16111],[18.40013,-34.16182],[18.39986,-34.16565],[18.4011,-34.16638],[18.39967,-34.16663],[18.38332,-34.1648],[18.38274,-34.16532],[18.39252,-34.17946],[18.39021,-34.18411],[18.39593,-34.18655],[18.40408,-34.19009],[18.40771,-34.19157],[18.41124,-34.19293],[18.41343,-34.18844],[18.41605,-34.18672],[18.41818,-34.18896],[18.41866,-34.18971],[18.41808,-34.19027],[18.41751,-34.19239],[18.42395,-34.1971],[18.43378,-34.20125],[18.43588,-34.20244],[18.44079,-34.20648],[18.44273,-34.20843],[18.44677,-34.21063],[18.45081,-34.20887],[18.45099,-34.20762],[18.45051,-34.20625],[18.45128,-34.2057],[18.45168,-34.20605],[18.45275,-34.2064],[18.45347,-34.20746],[18.45426,-34.20799],[18.45516,-34.20806],[18.45585,-34.20842],[18.45677,-34.20951],[18.45743,-34.21061],[18.45856,-34.21049],[18.45938,-34.21102],[18.45972,-34.2128],[18.46124,-34.21476],[18.46023,-34.21515],[18.46134,-34.21635],[18.46079,-34.21644],[18.46034,-34.21816],[18.4596,-34.21987],[18.45928,-34.22125],[18.46078,-34.22148],[18.46159,-34.22191],[18.46443,-34.22106],[18.46557,-34.22099],[18.46559,-34.22229],[18.46688,-34.22347],[18.46711,-34.22465],[18.46746,-34.22522],[18.46866,-34.22582],[18.46939,-34.22637],[18.47006,-34.22718],[18.46941,-34.22736],[18.46973,-34.22794],[18.46927,-34.22877],[18.46999,-34.22918],[18.47016,-34.22965],[18.4709,-34.23042],[18.47225,-34.23106],[18.47321,-34.23215],[18.47389,-34.23406],[18.47458,-34.23527],[18.47209,-34.23619],[18.47278,-34.23714],[18.47332,-34.23731],[18.47373,-34.23876],[18.47322,-34.23984],[18.47324,-34.24302],[18.47281,-34.24448],[18.47339,-34.2447],[18.4738,-34.24557],[18.47395,-34.24708],[18.47438,-34.24792],[18.4752,-34.24704],[18.47563,-34.24708],[18.47654,-34.24812],[18.4766,-34.24927],[18.476,-34.25047],[18.4762,-34.25164],[18.47649,-34.2519],[18.47652,-34.25305],[18.47612,-34.25352],[18.47617,-34.25403],[18.47747,-34.2545],[18.47729,-34.25492],[18.47669,-34.25478],[18.47614,-34.25662],[18.47427,-34.25746],[18.47334,-34.25876],[18.47264,-34.25925],[18.47244,-34.25978],[18.47167,-34.26016],[18.47096,-34.26015],[18.47001,-34.2608],[18.46842,-34.26278],[18.46832,-34.26315],[18.4676,-34.26304],[18.46708,-34.26333],[18.46631,-34.26303],[18.46563,-34.26307],[18.46485,-34.26454],[18.4645,-34.26564],[18.46708,-34.26669],[18.46656,-34.26701],[18.46669,-34.26846],[18.46723,-34.26919],[18.46723,-34.26976],[18.46814,-34.27129],[18.46899,-34.27201],[18.46947,-34.27209],[18.47069,-34.27281],[18.47142,-34.27377],[18.47269,-34.2747],[18.4747,-34.27567],[18.47454,-34.27725],[18.47487,-34.27809],[18.47475,-34.27863],[18.47359,-34.27968],[18.47362,-34.27998],[18.47262,-34.28232],[18.47179,-34.2827],[18.47182,-34.2838],[18.47149,-34.28435],[18.47044,-34.28521],[18.47011,-34.28605],[18.47011,-34.28698],[18.46954,-34.28775],[18.46891,-34.28745],[18.46889,-34.28818],[18.46859,-34.2885],[18.46854,-34.28958],[18.46771,-34.29014],[18.46816,-34.29069],[18.46799,-34.29104],[18.46708,-34.29121],[18.46619,-34.29271],[18.46674,-34.29334],[18.46686,-34.29388],[18.46643,-34.29433],[18.46714,-34.29637],[18.46723,-34.29782],[18.46663,-34.29839],[18.46576,-34.30027],[18.46549,-34.3006],[18.46574,-34.30135],[18.46369,-34.30277],[18.46396,-34.30425],[18.46331,-34.3052],[18.46346,-34.30558],[18.46283,-34.30628],[18.46268,-34.3073],[18.46296,-34.30815],[18.46186,-34.30942],[18.46171,-34.30998],[18.46053,-34.3105],[18.46065,-34.31155],[18.46181,-34.31353],[18.46218,-34.3133],[18.46298,-34.31351],[18.46498,-34.31555],[18.46368,-34.31603],[18.46353,-34.31643],[18.46274,-34.31698],[18.46158,-34.31679],[18.4609,-34.31781],[18.46085,-34.31929],[18.4614,-34.31981],[18.461,-34.32068],[18.46123,-34.32141],[18.46226,-34.32209],[18.46319,-34.32222],[18.46486,-34.32314],[18.46669,-34.32642],[18.46758,-34.32822],[18.46773,-34.32919],[18.46773,-34.33055],[18.46753,-34.33092],[18.46738,-34.33222],[18.46783,-34.3326],[18.47006,-34.33595],[18.46964,-34.3363],[18.46961,-34.33685],[18.47002,-34.33795],[18.46992,-34.33836],[18.47164,-34.3396],[18.47167,-34.34028],[18.47312,-34.34071],[18.47412,-34.34121],[18.47475,-34.34113],[18.47555,-34.34151],[18.4763,-34.34273],[18.47695,-34.34324],[18.47719,-34.34383],[18.47855,-34.34459],[18.4805,-34.34608],[18.48115,-34.34634],[18.48165,-34.34694],[18.48217,-34.34689],[18.4826,-34.34759],[18.48468,-34.34812],[18.48615,-34.34772],[18.48746,-34.34761],[18.48776,-34.34826],[18.48886,-34.34929],[18.48863,-34.34996],[18.48973,-34.35014],[18.49059,-34.35094],[18.49116,-34.35109],[18.49116,-34.35161],[18.49191,-34.35191],[18.49238,-34.35266],[18.49331,-34.35269],[18.49463,-34.35332],[18.49661,-34.35487],[18.49699,-34.3555],[18.49692,-34.35604],[18.49804,-34.357],[18.49806,-34.35735],[18.49681,-34.35784],[18.49602,-34.35719],[18.49511,-34.3571],[18.49421,-34.35642],[18.49175,-34.35514],[18.4893,-34.35495],[18.48795,-34.35502],[18.48738,-34.3548],[18.4869,-34.3551],[18.48481,-34.35517],[18.4839,-34.35464],[18.48272,-34.35484],[18.4805,-34.3554],[18.4797,-34.35592],[18.47982,-34.35662],[18.4787,-34.35695],[18.4775,-34.3569],[18.4771,-34.3574],[18.4762,-34.3576],[18.47577,-34.3583],[18.47465,-34.35794],[18.47339,-34.3583],[18.47257,-34.35822],[18.47196,-34.35847],[18.47177,-34.35757],[18.47239,-34.3571],[18.47216,-34.35654],[18.47262,-34.35604],[18.47291,-34.35495],[18.47247,-34.35429],[18.47161,-34.3535],[18.47029,-34.35202],[18.46929,-34.35192],[18.46949,-34.35134],[18.46816,-34.35061],[18.46761,-34.35062],[18.46709,-34.35016],[18.46663,-34.34882],[18.46609,-34.34776],[18.46563,-34.34761],[18.46458,-34.34777],[18.46379,-34.34691],[18.46304,-34.34669],[18.46196,-34.34691],[18.46188,-34.34571],[18.46105,-34.34553],[18.46051,-34.34486],[18.45918,-34.34441],[18.45893,-34.34293],[18.45923,-34.34249],[18.45933,-34.34161],[18.4589,-34.34096],[18.45675,-34.33896],[18.4567,-34.33855],[18.45595,-34.33846],[18.45457,-34.33793],[18.45435,-34.33753],[18.45293,-34.3369],[18.45237,-34.337],[18.45005,-34.33618],[18.44857,-34.33622],[18.44839,-34.33662],[18.44732,-34.3363],[18.44662,-34.33688],[18.44514,-34.3368],[18.44361,-34.33738],[18.44231,-34.33672],[18.44191,-34.33615],[18.44076,-34.33593],[18.44024,-34.3354],[18.43951,-34.33563],[18.43838,-34.33517],[18.43726,-34.3341],[18.43546,-34.33338],[18.43453,-34.3328],[18.43383,-34.33277],[18.43325,-34.33313],[18.43246,-34.33303],[18.43245,-34.33238],[18.4315,-34.33205],[18.43048,-34.33124],[18.42997,-34.33109],[18.42865,-34.33145],[18.42762,-34.33088],[18.4266,-34.32955],[18.42475,-34.32872],[18.4232,-34.32744],[18.42117,-34.32675],[18.4209,-34.32511],[18.42147,-34.32494],[18.42134,-34.32394],[18.42047,-34.32354],[18.41999,-34.32296],[18.41891,-34.32271],[18.41641,-34.32192],[18.41504,-34.32122],[18.41517,-34.32064],[18.41497,-34.31903],[18.41521,-34.31893],[18.41556,-34.31789],[18.41454,-34.31659],[18.41413,-34.31666],[18.41238,-34.31624],[18.41198,-34.31561],[18.40908,-34.31445],[18.40696,-34.31283],[18.40618,-34.31165],[18.40417,-34.31045],[18.40187,-34.3097],[18.40128,-34.3094],[18.40048,-34.30794],[18.40151,-34.30762],[18.404,-34.30657],[18.40453,-34.30538],[18.40475,-34.30452],[18.40451,-34.30329],[18.40347,-34.30119],[18.40377,-34.30069],[18.40332,-34.29995],[18.40225,-34.29892],[18.4018,-34.29879],[18.4018,-34.29826],[18.40084,-34.29673],[18.40074,-34.29546],[18.40027,-34.29441],[18.39982,-34.29404],[18.39908,-34.29289],[18.39818,-34.2928],[18.3981,-34.29129],[18.39669,-34.28958],[18.3971,-34.28856],[18.3963,-34.28806],[18.39517,-34.2869],[18.39382,-34.28598],[18.39266,-34.2857],[18.39185,-34.2846],[18.39228,-34.28383],[18.39145,-34.28292],[18.39031,-34.2823],[18.39005,-34.28179],[18.39038,-34.28125],[18.38982,-34.28053],[18.39044,-34.28017],[18.38946,-34.2786],[18.38899,-34.27734],[18.38919,-34.27682],[18.38851,-34.27657],[18.38813,-34.27614],[18.38671,-34.27589],[18.38716,-34.27614],[18.38624,-34.27675],[18.38553,-34.27567],[18.38399,-34.27589],[18.38291,-34.27572],[18.38168,-34.2744],[18.37965,-34.27332],[18.37925,-34.27241],[18.37951,-34.27177],[18.37915,-34.27137],[18.3793,-34.27076],[18.3798,-34.27029],[18.3806,-34.27042],[18.38136,-34.26969],[18.38115,-34.26904],[18.38261,-34.26807],[18.38306,-34.26801],[18.38348,-34.26739],[18.38363,-34.26534],[18.38323,-34.26496],[18.38228,-34.26463],[18.38205,-34.26413],[18.38086,-34.26334],[18.37993,-34.26163],[18.3802,-34.26065],[18.37968,-34.25913],[18.38065,-34.2581],[18.382,-34.25806],[18.38253,-34.25758],[18.38183,-34.25682],[18.38208,-34.2565],[18.38193,-34.25587],[18.3803,-34.2544],[18.37815,-34.25335],[18.37768,-34.25285],[18.3777,-34.25203],[18.37801,-34.25177],[18.38035,-34.25208],[18.38073,-34.25125],[18.38023,-34.25124],[18.3799,-34.24959],[18.38045,-34.24879],[18.37961,-34.24715],[18.37903,-34.24549],[18.37788,-34.24391],[18.37695,-34.24334],[18.37613,-34.24312],[18.37565,-34.24247],[18.37592,-34.24199],[18.37562,-34.24079],[18.37562,-34.23944],[18.37617,-34.23861],[18.37662,-34.23736],[18.37663,-34.23588],[18.37717,-34.23441],[18.3773,-34.23246],[18.37755,-34.23166],[18.3778,-34.23],[18.37776,-34.22915],[18.37715,-34.22663],[18.37628,-34.22434],[18.37575,-34.22377],[18.37508,-34.22249],[18.37517,-34.2211],[18.37432,-34.22025],[18.37412,-34.21919],[18.37355,-34.21851],[18.37348,-34.21782],[18.37265,-34.21726],[18.37202,-34.21652],[18.37197,-34.21596],[18.37242,-34.21564],[18.3725,-34.21509],[18.37172,-34.21398],[18.37172,-34.21248],[18.37067,-34.21201],[18.36987,-34.20968],[18.3698,-34.20826],[18.37014,-34.20673],[18.36964,-34.20551],[18.3688,-34.20465],[18.36829,-34.20332],[18.36909,-34.20258],[18.37095,-34.20247],[18.37145,-34.20157],[18.37235,-34.20168],[18.37929,-34.20331],[18.3822,-34.20187],[18.3827,-34.20173],[18.38494,-34.20245],[18.38699,-34.20324],[18.38896,-34.2037],[18.39002,-34.20381],[18.39148,-34.2045],[18.39222,-34.20467],[18.39344,-34.20463],[18.39462,-34.20508],[18.39613,-34.20528],[18.39854,-34.20499],[18.39922,-34.20526],[18.40059,-34.20627],[18.40134,-34.2062],[18.4007,-34.20501],[18.39632,-34.19944],[18.38333,-34.19035],[18.38022,-34.18814],[18.37426,-34.18616],[18.36749,-34.18435],[18.36352,-34.18325],[18.36229,-34.18284],[18.3613,-34.18214],[18.36081,-34.18248],[18.3602,-34.18214],[18.35956,-34.18279],[18.35889,-34.18236],[18.35818,-34.1814],[18.35823,-34.18093],[18.35758,-34.1804],[18.35631,-34.1799],[18.35566,-34.17895],[18.35448,-34.17826],[18.35203,-34.17723],[18.34978,-34.17695],[18.34768,-34.17678],[18.34583,-34.177],[18.34544,-34.17796],[18.34439,-34.17831],[18.3438,-34.17889],[18.34382,-34.17951],[18.34316,-34.17981],[18.34234,-34.17929],[18.34194,-34.17929],[18.34041,-34.17862],[18.33912,-34.17839],[18.33816,-34.17802],[18.33696,-34.17618],[18.33698,-34.17514],[18.33622,-34.17383],[18.33577,-34.17367],[18.33548,-34.17239],[18.33418,-34.17156],[18.33331,-34.17028],[18.33281,-34.17005],[18.33256,-34.1692],[18.33176,-34.168],[18.33168,-34.16761],[18.33236,-34.16705],[18.33238,-34.16662],[18.33168,-34.16549],[18.33099,-34.16529],[18.32993,-34.16374],[18.3293,-34.16364],[18.32918,-34.16257],[18.3283,-34.16172],[18.32793,-34.16058],[18.32795,-34.15986],[18.32681,-34.15809],[18.3248,-34.15708],[18.32432,-34.15759],[18.32395,-34.15746],[18.3224,-34.15619],[18.32183,-34.15436],[18.32077,-34.15288],[18.32023,-34.15258],[18.31975,-34.15158],[18.32018,-34.1513],[18.32032,-34.15072],[18.3195,-34.15],[18.3187,-34.14975],[18.31805,-34.14715],[18.31772,-34.1466],[18.318,-34.14487],[18.31863,-34.1445],[18.32295,-34.14791],[18.33686,-34.14401],[18.33763,-34.14233],[18.33759,-34.14242],[18.34616,-34.14339],[18.34589,-34.1449],[18.34596,-34.14579],[18.34768,-34.14987],[18.34771,-34.15158],[18.34688,-34.15319],[18.35074,-34.15621],[18.35127,-34.15578],[18.35418,-34.15808],[18.35642,-34.1572],[18.35899,-34.15593],[18.35914,-34.15005],[18.36204,-34.15243],[18.36516,-34.14604],[18.37056,-34.13571],[18.37035,-34.13805],[18.36968,-34.14363],[18.37765,-34.14749],[18.37738,-34.14785],[18.37898,-34.1486],[18.38803,-34.15177],[18.39972,-34.14361],[18.39828,-34.14228],[18.3959,-34.14066],[18.39521,-34.14004],[18.39451,-34.13902],[18.39405,-34.13765],[18.39401,-34.13654],[18.39426,-34.13538],[18.39532,-34.13338],[18.3955,-34.13343],[18.39643,-34.1357],[18.39766,-34.13537],[18.40029,-34.13358],[18.40143,-34.13484],[18.40181,-34.13482],[18.40267,-34.13388],[18.40209,-34.13325]],[[18.40648,-34.20305],[18.40711,-34.20378],[18.40832,-34.20418],[18.40934,-34.20474],[18.41062,-34.20497],[18.41186,-34.2057],[18.41248,-34.20511],[18.41102,-34.20226],[18.41073,-34.20016],[18.41054,-34.19951],[18.40961,-34.19855],[18.40849,-34.19706],[18.40823,-34.19534],[18.40723,-34.19551],[18.40697,-34.19598],[18.40639,-34.19972],[18.40653,-34.20183],[18.40648,-34.20305]]]}},{"type":"Feature","properties":{"id":"199059001","name":"Kommetjie Estates","commuteMinutes":28.82,"nearestJobCenter":"Claremont","distanceKm":null,"nearestTransitKm":7.27053333395692,"spatialBurdenScore":0.48295466669161013},"geometry":{"type":"Polygon","coordinates":[[[18.36101,-34.10169],[18.36003,-34.1073],[18.3688,-34.11141],[18.36645,-34.12054],[18.36919,-34.12194],[18.37199,-34.12322],[18.3718,-34.12503],[18.37157,-34.12753],[18.37115,-34.12754],[18.37123,-34.12866],[18.37145,-34.12858],[18.37114,-34.13107],[18.37029,-34.13122],[18.36835,-34.13121],[18.36378,-34.13089],[18.36367,-34.1353],[18.36256,-34.13504],[18.36237,-34.13549],[18.36167,-34.13598],[18.35968,-34.13665],[18.35864,-34.13686],[18.35597,-34.13679],[18.35433,-34.13708],[18.35365,-34.13733],[18.35385,-34.13776],[18.35216,-34.13805],[18.35213,-34.13767],[18.35012,-34.13693],[18.34931,-34.13576],[18.34841,-34.13517],[18.34831,-34.13472],[18.34752,-34.13482],[18.34654,-34.13454],[18.3456,-34.13391],[18.34528,-34.13346],[18.34474,-34.13116],[18.34516,-34.13039],[18.34445,-34.12939],[18.34402,-34.12724],[18.34487,-34.12683],[18.346,-34.12563],[18.3476,-34.12367],[18.34837,-34.12252],[18.3487,-34.1217],[18.34943,-34.12053],[18.34957,-34.11977],[18.35048,-34.11875],[18.35092,-34.11759],[18.35097,-34.11582],[18.35116,-34.11464],[18.3519,-34.11324],[18.35226,-34.11102],[18.35216,-34.11004],[18.35263,-34.10919],[18.35293,-34.10749],[18.35316,-34.10686],[18.3531,-34.10446],[18.35321,-34.10298],[18.35303,-34.10094],[18.35653,-34.10109],[18.35813,-34.10109],[18.35892,-34.10142],[18.35944,-34.1013],[18.36101,-34.10169]]]}},{"type":"Feature","properties":{"id":"199059002","name":"Klein Slangkop","commuteMinutes":33.68,"nearestJobCenter":"Claremont","distanceKm":null,"nearestTransitKm":8.282537857908506,"spatialBurdenScore":0.5558348476496736},"geometry":{"type":"Polygon","coordinates":[[[18.34402,-34.12724],[18.34445,-34.12939],[18.34516,-34.13039],[18.34474,-34.13116],[18.34528,-34.13346],[18.3456,-34.13391],[18.34506,-34.13396],[18.34472,-34.13442],[18.344,-34.13404],[18.34274,-34.13387],[18.34186,-34.13458],[18.34041,-34.13438],[18.33631,-34.13437],[18.33623,-34.13193],[18.33495,-34.13163],[18.33572,-34.13088],[18.33641,-34.12948],[18.33722,-34.12916],[18.33757,-34.12878],[18.33833,-34.12681],[18.33908,-34.12666],[18.34133,-34.12678],[18.3424,-34.12743],[18.34352,-34.12746],[18.34402,-34.12724]]]}},{"type":"Feature","properties":{"id":"199059003","name":"Kommetjie SP","commuteMinutes":32.93,"nearestJobCenter":"Claremont","distanceKm":null,"nearestTransitKm":9.123624779843727,"spatialBurdenScore":0.5844783245270824},"geometry":{"type":"Polygon","coordinates":[[[18.33495,-34.13163],[18.33623,-34.13193],[18.33631,-34.13437],[18.34041,-34.13438],[18.34186,-34.13458],[18.34274,-34.13387],[18.344,-34.13404],[18.34472,-34.13442],[18.34506,-34.13396],[18.3456,-34.13391],[18.34654,-34.13454],[18.34752,-34.13482],[18.34831,-34.13472],[18.34841,-34.13517],[18.34931,-34.13576],[18.35012,-34.13693],[18.35213,-34.13767],[18.35216,-34.13805],[18.35093,-34.13825],[18.33763,-34.14233],[18.33686,-34.14401],[18.32295,-34.14791],[18.31863,-34.1445],[18.31973,-34.14407],[18.32105,-34.14319],[18.32223,-34.14287],[18.32227,-34.14255],[18.32322,-34.14165],[18.32223,-34.14152],[18.32212,-34.14239],[18.32155,-34.14239],[18.32088,-34.14167],[18.3204,-34.14217],[18.31928,-34.1419],[18.31899,-34.14095],[18.31938,-34.1409],[18.32023,-34.13981],[18.32133,-34.14027],[18.32216,-34.13956],[18.32186,-34.13902],[18.32245,-34.13797],[18.32425,-34.13682],[18.3252,-34.13656],[18.328,-34.13661],[18.33009,-34.13617],[18.33216,-34.13504],[18.33344,-34.13399],[18.33433,-34.13303],[18.33495,-34.13163]]]}},{"type":"Feature","properties":{"id":"199059004","name":"Imhofs Gift","commuteMinutes":28.43,"nearestJobCenter":"Claremont","distanceKm":null,"nearestTransitKm":6.491462895333517,"spatialBurdenScore":0.44919184914667404},"geometry":{"type":"Polygon","coordinates":[[[18.37114,-34.13107],[18.37113,-34.13124],[18.37804,-34.13118],[18.37863,-34.13106],[18.37951,-34.13351],[18.37642,-34.13435],[18.37414,-34.13469],[18.37058,-34.13551],[18.37056,-34.13571],[18.36516,-34.14604],[18.36204,-34.15243],[18.36009,-34.14672],[18.35931,-34.14507],[18.35862,-34.14305],[18.35458,-34.14166],[18.35184,-34.14317],[18.35078,-34.14348],[18.34946,-34.14366],[18.34616,-34.14339],[18.33759,-34.14242],[18.33763,-34.14233],[18.35093,-34.13825],[18.35216,-34.13805],[18.35385,-34.13776],[18.35365,-34.13733],[18.35433,-34.13708],[18.35597,-34.13679],[18.35864,-34.13686],[18.35968,-34.13665],[18.36167,-34.13598],[18.36237,-34.13549],[18.36256,-34.13504],[18.36367,-34.1353],[18.36378,-34.13089],[18.36835,-34.13121],[18.37029,-34.13122],[18.37114,-34.13107]]]}},{"type":"Feature","properties":{"id":"199059005","name":"Ocean View","commuteMinutes":30.46,"nearestJobCenter":"Claremont","distanceKm":null,"nearestTransitKm":6.98570491124051,"spatialBurdenScore":0.4824948631162871},"geometry":{"type":"Polygon","coordinates":[[[18.36204,-34.15243],[18.35914,-34.15005],[18.35899,-34.15593],[18.35642,-34.1572],[18.35418,-34.15808],[18.35127,-34.15578],[18.35074,-34.15621],[18.34688,-34.15319],[18.34771,-34.15158],[18.34768,-34.14987],[18.34596,-34.14579],[18.34589,-34.1449],[18.34616,-34.14339],[18.34946,-34.14366],[18.35078,-34.14348],[18.35184,-34.14317],[18.35458,-34.14166],[18.35862,-34.14305],[18.35931,-34.14507],[18.36009,-34.14672],[18.36204,-34.15243]]]}},{"type":"Feature","properties":{"id":"199060001","name":"Helderberg Rural","commuteMinutes":34.7,"nearestJobCenter":"Cape Town International Airport","distanceKm":null,"nearestTransitKm":4.627281782630835,"spatialBurdenScore":0.41642460463856673},"geometry":{"type":"Polygon","coordinates":[[[18.90301,-34.11637],[18.90189,-34.11634],[18.90183,-34.11787],[18.90095,-34.11859],[18.89999,-34.11867],[18.90035,-34.12136],[18.90089,-34.12317],[18.90027,-34.12412],[18.90013,-34.12503],[18.90089,-34.1251],[18.9054,-34.12517],[18.90545,-34.12429],[18.90641,-34.12349],[18.90766,-34.12372],[18.9092,-34.12427],[18.91022,-34.12413],[18.91125,-34.12341],[18.91217,-34.12414],[18.91555,-34.12652],[18.91856,-34.12787],[18.91904,-34.12899],[18.91584,-34.12953],[18.9113,-34.13086],[18.91038,-34.13064],[18.90934,-34.1299],[18.9071,-34.12767],[18.90567,-34.12884],[18.9055,-34.12955],[18.89371,-34.12559],[18.88586,-34.12288],[18.8842,-34.12215],[18.88271,-34.12135],[18.87628,-34.11748],[18.86958,-34.11341],[18.87146,-34.11168],[18.87207,-34.11103],[18.87295,-34.11055],[18.87366,-34.10994],[18.88138,-34.10192],[18.87633,-34.09886],[18.88166,-34.09525],[18.89178,-34.09576],[18.90342,-34.09832],[18.89879,-34.09924],[18.89869,-34.10221],[18.90052,-34.10236],[18.90121,-34.10731],[18.90301,-34.11637]]]}},{"type":"Feature","properties":{"id":"199061001","name":"Nomzamo SP","commuteMinutes":28.46,"nearestJobCenter":"Cape Town International Airport","distanceKm":null,"nearestTransitKm":1.5151445621496542,"spatialBurdenScore":0.2503391158193195},"geometry":{"type":"Polygon","coordinates":[[[18.86951,-34.11337],[18.86767,-34.11451],[18.86749,-34.11495],[18.86635,-34.11557],[18.86616,-34.11537],[18.86006,-34.11878],[18.85829,-34.12012],[18.85784,-34.12028],[18.85518,-34.12182],[18.85471,-34.12208],[18.85381,-34.12097],[18.85526,-34.12015],[18.85485,-34.11919],[18.85376,-34.11738],[18.85084,-34.11372],[18.84445,-34.1057],[18.84538,-34.10495],[18.8512,-34.10027],[18.85453,-34.10344],[18.85754,-34.10607],[18.86085,-34.10815],[18.86951,-34.11337]]]}},{"type":"Feature","properties":{"id":"199061002","name":"Lwandle","commuteMinutes":29.52,"nearestJobCenter":"Cape Town International Airport","distanceKm":null,"nearestTransitKm":2.307316103711512,"spatialBurdenScore":0.2890926441484605},"geometry":{"type":"Polygon","coordinates":[[[18.87628,-34.11748],[18.8717,-34.12041],[18.8675,-34.12291],[18.86123,-34.12647],[18.85827,-34.12315],[18.85683,-34.12205],[18.85518,-34.12182],[18.85784,-34.12028],[18.85829,-34.12012],[18.86006,-34.11878],[18.86616,-34.11537],[18.86635,-34.11557],[18.86749,-34.11495],[18.86767,-34.11451],[18.86951,-34.11337],[18.86958,-34.11341],[18.87628,-34.11748]]]}},{"type":"Feature","properties":{"id":"199062001","name":"Van Der Stel","commuteMinutes":25.25,"nearestJobCenter":"Cape Town International Airport","distanceKm":null,"nearestTransitKm":0.07431517756179254,"spatialBurdenScore":0.17130594043580505},"geometry":{"type":"Polygon","coordinates":[[[18.85431,-34.09486],[18.85191,-34.09671],[18.85139,-34.09739],[18.85156,-34.09825],[18.84944,-34.09861],[18.84508,-34.09459],[18.84295,-34.09255],[18.8434,-34.09211],[18.84612,-34.09138],[18.84739,-34.09093],[18.84799,-34.09278],[18.84887,-34.09381],[18.84977,-34.09428],[18.85128,-34.09481],[18.85256,-34.09496],[18.85431,-34.09486]]]}},{"type":"Feature","properties":{"id":"199062002","name":"Gants Plaza","commuteMinutes":25.34,"nearestJobCenter":"Cape Town International Airport","distanceKm":null,"nearestTransitKm":0.6534630120408873,"spatialBurdenScore":0.19507185381496883},"geometry":{"type":"Polygon","coordinates":[[[18.84295,-34.09255],[18.84508,-34.09459],[18.84944,-34.09861],[18.84924,-34.09878],[18.84861,-34.10034],[18.84786,-34.10017],[18.84697,-34.10031],[18.84521,-34.10161],[18.84403,-34.10268],[18.84275,-34.10164],[18.84327,-34.10121],[18.84163,-34.09963],[18.84151,-34.09972],[18.83967,-34.09601],[18.8387,-34.09484],[18.83785,-34.09297],[18.83792,-34.09247],[18.83912,-34.09128],[18.84001,-34.09138],[18.84112,-34.09083],[18.84295,-34.09255]]]}},{"type":"Feature","properties":{"id":"199062003","name":"Somerset Park","commuteMinutes":26.16,"nearestJobCenter":"Cape Town International Airport","distanceKm":null,"nearestTransitKm":0.1502732569792492,"spatialBurdenScore":0.18041093027916996},"geometry":{"type":"Polygon","coordinates":[[[18.8512,-34.10027],[18.84944,-34.09861],[18.85156,-34.09825],[18.85139,-34.09739],[18.85191,-34.09671],[18.85431,-34.09486],[18.8547,-34.09484],[18.85579,-34.09506],[18.85642,-34.09573],[18.85668,-34.09688],[18.85645,-34.0976],[18.8559,-34.09818],[18.85391,-34.09895],[18.85264,-34.09941],[18.8512,-34.10027]]]}},{"type":"Feature","properties":{"id":"199062004","name":"Longlands","commuteMinutes":26.53,"nearestJobCenter":"Cape Town International Airport","distanceKm":null,"nearestTransitKm":0.13456000208442317,"spatialBurdenScore":0.1822490667500436},"geometry":{"type":"Polygon","coordinates":[[[18.8512,-34.10027],[18.84538,-34.10495],[18.84333,-34.10334],[18.84403,-34.10268],[18.84521,-34.10161],[18.84697,-34.10031],[18.84786,-34.10017],[18.84861,-34.10034],[18.84924,-34.09878],[18.84944,-34.09861],[18.8512,-34.10027]]]}},{"type":"Feature","properties":{"id":"199062005","name":"Strandvale","commuteMinutes":26.61,"nearestJobCenter":"Cape Town International Airport","distanceKm":null,"nearestTransitKm":1.0422886277364944,"spatialBurdenScore":0.21909154510945975},"geometry":{"type":"Polygon","coordinates":[[[18.84403,-34.10268],[18.84333,-34.10334],[18.84251,-34.10268],[18.83982,-34.10062],[18.83718,-34.09861],[18.83547,-34.09731],[18.83439,-34.09648],[18.83408,-34.09603],[18.83322,-34.09565],[18.83225,-34.09493],[18.83268,-34.09481],[18.83428,-34.09527],[18.83525,-34.09512],[18.83589,-34.09469],[18.83685,-34.09472],[18.83738,-34.09387],[18.83726,-34.09324],[18.83785,-34.09297],[18.8387,-34.09484],[18.83967,-34.09601],[18.84151,-34.09972],[18.84163,-34.09963],[18.84327,-34.10121],[18.84275,-34.10164],[18.84403,-34.10268]]]}},{"type":"Feature","properties":{"id":"199062006","name":"Goede Hoop","commuteMinutes":26.56,"nearestJobCenter":"Cape Town International Airport","distanceKm":null,"nearestTransitKm":1.5791533785974188,"spatialBurdenScore":0.2402328018105634},"geometry":{"type":"Polygon","coordinates":[[[18.83547,-34.09731],[18.83087,-34.10147],[18.82653,-34.09815],[18.82714,-34.09786],[18.82721,-34.0969],[18.82758,-34.09647],[18.82868,-34.09621],[18.82987,-34.0963],[18.83144,-34.09522],[18.83225,-34.09493],[18.83322,-34.09565],[18.83408,-34.09603],[18.83439,-34.09648],[18.83547,-34.09731]]]}},{"type":"Feature","properties":{"id":"199062007","name":"Langewacht","commuteMinutes":26.58,"nearestJobCenter":"Cape Town International Airport","distanceKm":null,"nearestTransitKm":1.1402008320234838,"spatialBurdenScore":0.22280803328093934},"geometry":{"type":"Polygon","coordinates":[[[18.83718,-34.09861],[18.83261,-34.10277],[18.83087,-34.10147],[18.83547,-34.09731],[18.83718,-34.09861]]]}},{"type":"Feature","properties":{"id":"199062008","name":"The Palms","commuteMinutes":26.82,"nearestJobCenter":"Cape Town International Airport","distanceKm":null,"nearestTransitKm":0.8077489241659368,"spatialBurdenScore":0.21110995696663745},"geometry":{"type":"Polygon","coordinates":[[[18.83982,-34.10062],[18.83526,-34.10474],[18.83261,-34.10277],[18.83718,-34.09861],[18.83982,-34.10062]]]}},{"type":"Feature","properties":{"id":"199062009","name":"Strand SP","commuteMinutes":28.6,"nearestJobCenter":"Cape Town International Airport","distanceKm":null,"nearestTransitKm":0.28128348625626365,"spatialBurdenScore":0.2019180061169172},"geometry":{"type":"MultiPolygon","coordinates":[[[[18.83576,-34.12176],[18.83751,-34.12417],[18.83815,-34.12505],[18.83627,-34.12612],[18.83412,-34.12659],[18.8337,-34.12616],[18.83243,-34.12535],[18.83138,-34.12495],[18.82995,-34.12293],[18.83001,-34.12265],[18.83149,-34.12276],[18.83201,-34.12205],[18.83277,-34.12244],[18.83361,-34.12246],[18.83471,-34.12221],[18.83576,-34.12176]]],[[[18.83576,-34.12176],[18.83352,-34.11876],[18.83239,-34.11706],[18.83167,-34.11667],[18.83068,-34.11646],[18.83014,-34.11674],[18.82731,-34.11758],[18.82745,-34.11776],[18.82687,-34.11847],[18.82518,-34.11785],[18.8239,-34.11667],[18.82289,-34.11597],[18.8215,-34.11424],[18.82114,-34.11331],[18.8212,-34.11247],[18.8205,-34.11064],[18.81827,-34.10854],[18.81681,-34.10624],[18.81527,-34.10508],[18.81382,-34.10379],[18.81321,-34.10275],[18.81129,-34.10093],[18.81319,-34.10065],[18.81414,-34.10097],[18.81549,-34.10087],[18.81665,-34.10095],[18.81735,-34.10081],[18.81883,-34.10276],[18.82068,-34.10505],[18.82588,-34.11136],[18.8262,-34.11186],[18.82687,-34.11155],[18.83149,-34.1074],[18.82221,-34.10032],[18.82301,-34.10007],[18.82393,-34.09924],[18.82432,-34.09929],[18.82569,-34.09879],[18.82653,-34.09815],[18.83087,-34.10147],[18.83261,-34.10277],[18.83526,-34.10474],[18.83982,-34.10062],[18.84251,-34.10268],[18.84065,-34.10428],[18.83764,-34.10702],[18.83841,-34.10778],[18.83492,-34.11095],[18.83258,-34.11376],[18.8332,-34.11434],[18.8341,-34.11362],[18.83558,-34.1128],[18.83934,-34.10981],[18.84185,-34.11286],[18.84267,-34.11271],[18.84304,-34.11418],[18.84525,-34.11662],[18.84432,-34.11713],[18.84199,-34.11761],[18.84129,-34.11799],[18.84021,-34.11936],[18.83576,-34.12176]]]]}},{"type":"Feature","properties":{"id":"199062010","name":"Winston Estate","commuteMinutes":26.88,"nearestJobCenter":"Cape Town International Airport","distanceKm":null,"nearestTransitKm":0.29434981170677255,"spatialBurdenScore":0.19097399246827088},"geometry":{"type":"Polygon","coordinates":[[[18.84333,-34.10334],[18.83841,-34.10778],[18.83764,-34.10702],[18.84065,-34.10428],[18.84251,-34.10268],[18.84333,-34.10334]]]}},{"type":"Feature","properties":{"id":"199062011","name":"Rome","commuteMinutes":27.62,"nearestJobCenter":"Cape Town International Airport","distanceKm":null,"nearestTransitKm":0.09901353154626039,"spatialBurdenScore":0.18809387459518373},"geometry":{"type":"Polygon","coordinates":[[[18.83841,-34.10778],[18.84333,-34.10334],[18.84538,-34.10495],[18.84445,-34.1057],[18.83934,-34.10981],[18.83558,-34.1128],[18.8341,-34.11362],[18.8332,-34.11434],[18.83258,-34.11376],[18.83492,-34.11095],[18.83841,-34.10778]]]}},{"type":"Feature","properties":{"id":"199062012","name":"Die Bos","commuteMinutes":28.84,"nearestJobCenter":"Cape Town International Airport","distanceKm":null,"nearestTransitKm":0.5979787402878913,"spatialBurdenScore":0.21618581627818229},"geometry":{"type":"Polygon","coordinates":[[[18.85084,-34.11372],[18.85036,-34.11554],[18.84842,-34.11521],[18.84739,-34.11542],[18.84525,-34.11662],[18.84304,-34.11418],[18.84267,-34.11271],[18.84185,-34.11286],[18.83934,-34.10981],[18.84445,-34.1057],[18.85084,-34.11372]]]}},{"type":"Feature","properties":{"id":"199062013","name":"Guldenland","commuteMinutes":30.56,"nearestJobCenter":"Cape Town International Airport","distanceKm":null,"nearestTransitKm":1.5189537841706013,"spatialBurdenScore":0.2644914847001574},"geometry":{"type":"Polygon","coordinates":[[[18.85471,-34.12208],[18.85477,-34.12226],[18.85127,-34.12417],[18.85072,-34.1233],[18.84525,-34.11662],[18.84739,-34.11542],[18.84842,-34.11521],[18.85036,-34.11554],[18.85084,-34.11372],[18.85376,-34.11738],[18.85485,-34.11919],[18.85526,-34.12015],[18.85381,-34.12097],[18.85471,-34.12208]]]}},{"type":"Feature","properties":{"id":"199062014","name":"Onverwacht","commuteMinutes":30.53,"nearestJobCenter":"Cape Town International Airport","distanceKm":null,"nearestTransitKm":1.1972206098301539,"spatialBurdenScore":0.25142215772653953},"geometry":{"type":"Polygon","coordinates":[[[18.85127,-34.12417],[18.84678,-34.12667],[18.84251,-34.12144],[18.83751,-34.12417],[18.83576,-34.12176],[18.84021,-34.11936],[18.84129,-34.11799],[18.84199,-34.11761],[18.84432,-34.11713],[18.84525,-34.11662],[18.85072,-34.1233],[18.85127,-34.12417]]]}},{"type":"Feature","properties":{"id":"199062015","name":"Van Ryneveld","commuteMinutes":29.5,"nearestJobCenter":"Cape Town International Airport","distanceKm":null,"nearestTransitKm":0.3401991990863191,"spatialBurdenScore":0.21027463463011942},"geometry":{"type":"Polygon","coordinates":[[[18.83576,-34.12176],[18.83471,-34.12221],[18.83361,-34.12246],[18.83277,-34.12244],[18.83201,-34.12205],[18.83149,-34.12276],[18.83001,-34.12265],[18.8299,-34.1218],[18.82935,-34.1205],[18.8284,-34.11962],[18.8274,-34.11908],[18.8275,-34.11881],[18.82687,-34.11847],[18.82745,-34.11776],[18.82731,-34.11758],[18.83014,-34.11674],[18.83068,-34.11646],[18.83167,-34.11667],[18.83239,-34.11706],[18.83352,-34.11876],[18.83576,-34.12176]]]}},{"type":"Feature","properties":{"id":"199062016","name":"Lochnerhof","commuteMinutes":27.32,"nearestJobCenter":"Cape Town International Airport","distanceKm":null,"nearestTransitKm":1.3857861348536529,"spatialBurdenScore":0.23756477872747947},"geometry":{"type":"Polygon","coordinates":[[[18.82221,-34.10032],[18.83149,-34.1074],[18.82687,-34.11155],[18.8262,-34.11186],[18.82588,-34.11136],[18.82068,-34.10505],[18.81883,-34.10276],[18.81735,-34.10081],[18.81792,-34.1007],[18.81861,-34.10001],[18.81961,-34.10052],[18.82134,-34.10028],[18.82221,-34.10032]]]}},{"type":"Feature","properties":{"id":"199062017","name":"Weltevreden","commuteMinutes":31.19,"nearestJobCenter":"Cape Town International Airport","distanceKm":null,"nearestTransitKm":1.4891091639244074,"spatialBurdenScore":0.26749769989030964},"geometry":{"type":"Polygon","coordinates":[[[18.84196,-34.12932],[18.83964,-34.1271],[18.83815,-34.12505],[18.83751,-34.12417],[18.84251,-34.12144],[18.84678,-34.12667],[18.84196,-34.12932]]]}},{"type":"Feature","properties":{"id":"199062018","name":"Rusthof","commuteMinutes":31.4,"nearestJobCenter":"Cape Town International Airport","distanceKm":null,"nearestTransitKm":2.26821601313081,"spatialBurdenScore":0.3000619738585657},"geometry":{"type":"Polygon","coordinates":[[[18.86123,-34.12647],[18.85749,-34.12858],[18.85504,-34.12557],[18.85267,-34.12693],[18.8551,-34.12993],[18.85442,-34.13032],[18.84638,-34.13486],[18.84196,-34.12932],[18.84678,-34.12667],[18.85127,-34.12417],[18.85477,-34.12226],[18.85471,-34.12208],[18.85518,-34.12182],[18.85683,-34.12205],[18.85827,-34.12315],[18.86123,-34.12647]]]}},{"type":"Feature","properties":{"id":"199062019","name":"Broadlands","commuteMinutes":32.05,"nearestJobCenter":"Cape Town International Airport","distanceKm":null,"nearestTransitKm":3.26875209200241,"spatialBurdenScore":0.34441675034676306},"geometry":{"type":"Polygon","coordinates":[[[18.88386,-34.13309],[18.87813,-34.13542],[18.87716,-34.13368],[18.87452,-34.12928],[18.87073,-34.12554],[18.8676,-34.12691],[18.86873,-34.12842],[18.86469,-34.1307],[18.86812,-34.13481],[18.86433,-34.13696],[18.86254,-34.13478],[18.86179,-34.13406],[18.85919,-34.13086],[18.85743,-34.12861],[18.85749,-34.12858],[18.86123,-34.12647],[18.8675,-34.12291],[18.8717,-34.12041],[18.87628,-34.11748],[18.88271,-34.12135],[18.8842,-34.12215],[18.87932,-34.12306],[18.87665,-34.1238],[18.88018,-34.12699],[18.88386,-34.13309]]]}},{"type":"Feature","properties":{"id":"199062020","name":"Helderberg Park","commuteMinutes":31.2,"nearestJobCenter":"Cape Town International Airport","distanceKm":null,"nearestTransitKm":2.4244578216669406,"spatialBurdenScore":0.30497831286667765},"geometry":{"type":"Polygon","coordinates":[[[18.85749,-34.12858],[18.85743,-34.12861],[18.8551,-34.12993],[18.85267,-34.12693],[18.85504,-34.12557],[18.85749,-34.12858]]]}},{"type":"Feature","properties":{"id":"199062021","name":"Sercor Park","commuteMinutes":32.49,"nearestJobCenter":"Cape Town International Airport","distanceKm":null,"nearestTransitKm":3.2685739821656945,"spatialBurdenScore":0.34734295928662784},"geometry":{"type":"Polygon","coordinates":[[[18.86135,-34.13878],[18.86126,-34.13868],[18.85782,-34.13447],[18.85442,-34.13032],[18.8551,-34.12993],[18.85743,-34.12861],[18.85919,-34.13086],[18.86179,-34.13406],[18.86254,-34.13478],[18.86433,-34.13696],[18.86422,-34.13719],[18.86135,-34.13878]]]}},{"type":"Feature","properties":{"id":"199062022","name":"Gustrow","commuteMinutes":33.28,"nearestJobCenter":"Cape Town International Airport","distanceKm":null,"nearestTransitKm":3.003637947826993,"spatialBurdenScore":0.34201218457974636},"geometry":{"type":"Polygon","coordinates":[[[18.85126,-34.14297],[18.84658,-34.13602],[18.84711,-34.13579],[18.84638,-34.13486],[18.85442,-34.13032],[18.85782,-34.13447],[18.85618,-34.13547],[18.85096,-34.13844],[18.85357,-34.1417],[18.85126,-34.14297]]]}},{"type":"Feature","properties":{"id":"199062023","name":"Greenways","commuteMinutes":34.01,"nearestJobCenter":"Cape Town International Airport","distanceKm":null,"nearestTransitKm":2.205330056601076,"spatialBurdenScore":0.31494653559737634},"geometry":{"type":"Polygon","coordinates":[[[18.85126,-34.14297],[18.85148,-34.14331],[18.85028,-34.14391],[18.84884,-34.14323],[18.84738,-34.14191],[18.84691,-34.14111],[18.84663,-34.14019],[18.84538,-34.13974],[18.84548,-34.13876],[18.84458,-34.1375],[18.84373,-34.13698],[18.84277,-34.13671],[18.8422,-34.13573],[18.84148,-34.13516],[18.841,-34.13383],[18.83997,-34.1329],[18.84,-34.13223],[18.83895,-34.13098],[18.83792,-34.12998],[18.83775,-34.1296],[18.83705,-34.12923],[18.83617,-34.12848],[18.83476,-34.12765],[18.83471,-34.12723],[18.83412,-34.12659],[18.83627,-34.12612],[18.83815,-34.12505],[18.83964,-34.1271],[18.84196,-34.12932],[18.84638,-34.13486],[18.84711,-34.13579],[18.84658,-34.13602],[18.85126,-34.14297]]]}},{"type":"Feature","properties":{"id":"199062024","name":"Southfork","commuteMinutes":34.01,"nearestJobCenter":"Cape Town International Airport","distanceKm":null,"nearestTransitKm":3.2320056588835873,"spatialBurdenScore":0.3560135596886768},"geometry":{"type":"Polygon","coordinates":[[[18.85357,-34.1417],[18.85096,-34.13844],[18.85618,-34.13547],[18.85782,-34.13447],[18.86126,-34.13868],[18.85925,-34.13991],[18.85428,-34.14266],[18.85357,-34.1417]]]}},{"type":"Feature","properties":{"id":"199063001","name":"Fairview Golf Estate","commuteMinutes":35.12,"nearestJobCenter":"Cape Town International Airport","distanceKm":null,"nearestTransitKm":4.242715789674005,"spatialBurdenScore":0.4038419649202935},"geometry":{"type":"Polygon","coordinates":[[[18.87548,-34.14375],[18.8738,-34.14475],[18.87177,-34.1431],[18.86934,-34.14299],[18.86846,-34.14204],[18.86888,-34.14144],[18.86778,-34.14026],[18.86603,-34.14129],[18.8642,-34.14218],[18.86135,-34.13878],[18.86422,-34.13719],[18.86433,-34.13696],[18.86812,-34.13481],[18.87548,-34.14375]]]}},{"type":"Feature","properties":{"id":"199063002","name":"Admirals Park","commuteMinutes":36.57,"nearestJobCenter":"Cape Town International Airport","distanceKm":null,"nearestTransitKm":4.997902900556716,"spatialBurdenScore":0.4437161160222687},"geometry":{"type":"Polygon","coordinates":[[[18.88386,-34.13309],[18.88956,-34.14266],[18.8907,-34.14604],[18.88632,-34.14884],[18.88333,-34.15072],[18.87965,-34.15256],[18.87835,-34.15319],[18.87638,-34.15184],[18.87534,-34.15047],[18.87705,-34.14969],[18.87572,-34.14806],[18.87697,-34.14727],[18.87639,-34.14655],[18.87549,-34.14698],[18.8752,-34.14654],[18.87598,-34.14608],[18.87525,-34.14521],[18.87624,-34.14464],[18.87548,-34.14375],[18.86812,-34.13481],[18.86469,-34.1307],[18.86873,-34.12842],[18.8676,-34.12691],[18.87073,-34.12554],[18.87452,-34.12928],[18.87716,-34.13368],[18.87813,-34.13542],[18.88386,-34.13309]]]}},{"type":"Feature","properties":{"id":"199063003","name":"Anchorage Park","commuteMinutes":36.04,"nearestJobCenter":"Cape Town International Airport","distanceKm":null,"nearestTransitKm":5.331743039177135,"spatialBurdenScore":0.4535363882337521},"geometry":{"type":"Polygon","coordinates":[[[18.87835,-34.15319],[18.87533,-34.15469],[18.87376,-34.15288],[18.87124,-34.15074],[18.87171,-34.14944],[18.87183,-34.14746],[18.87156,-34.14621],[18.87204,-34.14556],[18.8738,-34.14475],[18.87548,-34.14375],[18.87624,-34.14464],[18.87525,-34.14521],[18.87598,-34.14608],[18.8752,-34.14654],[18.87549,-34.14698],[18.87639,-34.14655],[18.87697,-34.14727],[18.87572,-34.14806],[18.87705,-34.14969],[18.87534,-34.15047],[18.87638,-34.15184],[18.87835,-34.15319]]]}},{"type":"Feature","properties":{"id":"199063004","name":"Pine Acres","commuteMinutes":34.83,"nearestJobCenter":"Cape Town International Airport","distanceKm":null,"nearestTransitKm":4.4613506272589225,"spatialBurdenScore":0.41065402509035687},"geometry":{"type":"Polygon","coordinates":[[[18.8738,-34.14475],[18.87204,-34.14556],[18.87125,-34.14604],[18.87076,-34.14506],[18.86744,-34.14613],[18.86572,-34.14404],[18.8642,-34.14218],[18.86603,-34.14129],[18.86778,-34.14026],[18.86888,-34.14144],[18.86846,-34.14204],[18.86934,-34.14299],[18.87177,-34.1431],[18.8738,-34.14475]]]}},{"type":"Feature","properties":{"id":"199063005","name":"Onverwacht","commuteMinutes":35.09,"nearestJobCenter":"Cape Town International Airport","distanceKm":null,"nearestTransitKm":4.547540420059566,"spatialBurdenScore":0.41583495013571603},"geometry":{"type":"Polygon","coordinates":[[[18.86436,-34.14984],[18.86031,-34.1471],[18.86572,-34.14404],[18.86744,-34.14613],[18.86854,-34.14746],[18.86436,-34.14984]]]}},{"type":"Feature","properties":{"id":"199063006","name":"Sea Breeze","commuteMinutes":35.68,"nearestJobCenter":"Cape Town International Airport","distanceKm":null,"nearestTransitKm":5.0644797754258795,"spatialBurdenScore":0.4404458576837018},"geometry":{"type":"Polygon","coordinates":[[[18.87204,-34.14556],[18.87156,-34.14621],[18.87183,-34.14746],[18.87171,-34.14944],[18.87124,-34.15074],[18.86854,-34.14746],[18.86744,-34.14613],[18.87076,-34.14506],[18.87125,-34.14604],[18.87204,-34.14556]]]}},{"type":"Feature","properties":{"id":"199063007","name":"Dobson","commuteMinutes":35.53,"nearestJobCenter":"Cape Town International Airport","distanceKm":null,"nearestTransitKm":5.192215829408596,"spatialBurdenScore":0.44455529984301057},"geometry":{"type":"Polygon","coordinates":[[[18.86972,-34.15571],[18.86765,-34.15433],[18.86497,-34.15282],[18.86295,-34.15156],[18.86366,-34.15067],[18.86436,-34.14984],[18.86854,-34.14746],[18.87124,-34.15074],[18.87114,-34.15093],[18.86985,-34.15552],[18.86972,-34.15571]]]}},{"type":"Feature","properties":{"id":"199063008","name":"Bay Park","commuteMinutes":35.32,"nearestJobCenter":"Cape Town International Airport","distanceKm":null,"nearestTransitKm":4.586609257390272,"spatialBurdenScore":0.4189310369622775},"geometry":{"type":"Polygon","coordinates":[[[18.86436,-34.14984],[18.86366,-34.15067],[18.8599,-34.14833],[18.85931,-34.14786],[18.86031,-34.1471],[18.86436,-34.14984]]]}},{"type":"Feature","properties":{"id":"199063009","name":"Gordons Bay SP","commuteMinutes":39.59,"nearestJobCenter":"Cape Town International Airport","distanceKm":null,"nearestTransitKm":5.331790423649088,"spatialBurdenScore":0.4772049502792969},"geometry":{"type":"Polygon","coordinates":[[[18.86572,-34.14404],[18.86031,-34.1471],[18.85931,-34.14786],[18.8599,-34.14833],[18.86366,-34.15067],[18.86295,-34.15156],[18.86497,-34.15282],[18.86765,-34.15433],[18.86972,-34.15571],[18.87127,-34.15657],[18.87253,-34.15606],[18.87533,-34.15469],[18.87835,-34.15319],[18.88017,-34.15438],[18.88309,-34.15686],[18.88498,-34.15855],[18.88331,-34.15911],[18.87968,-34.16046],[18.87694,-34.16135],[18.87591,-34.16204],[18.87352,-34.16303],[18.87227,-34.16314],[18.87112,-34.16353],[18.87006,-34.16431],[18.86689,-34.1655],[18.86475,-34.16546],[18.86413,-34.16562],[18.86154,-34.16674],[18.8597,-34.16764],[18.85685,-34.16829],[18.8516,-34.16992],[18.85126,-34.17013],[18.85116,-34.17099],[18.85074,-34.17134],[18.84947,-34.17101],[18.84635,-34.17217],[18.84507,-34.17274],[18.84455,-34.1721],[18.84344,-34.17249],[18.83794,-34.17411],[18.83652,-34.17279],[18.83832,-34.17194],[18.83945,-34.17191],[18.84,-34.17167],[18.84065,-34.17177],[18.84195,-34.17166],[18.8425,-34.17112],[18.84301,-34.17112],[18.8445,-34.17058],[18.8464,-34.17004],[18.84813,-34.16921],[18.84876,-34.16911],[18.84979,-34.16848],[18.85281,-34.16788],[18.85464,-34.16736],[18.85612,-34.16669],[18.85634,-34.16646],[18.85812,-34.16594],[18.85846,-34.16528],[18.85767,-34.16446],[18.85774,-34.16296],[18.85792,-34.16306],[18.85787,-34.16432],[18.85876,-34.16524],[18.85981,-34.16441],[18.85979,-34.16347],[18.8583,-34.16336],[18.85902,-34.1633],[18.86034,-34.16355],[18.86122,-34.16306],[18.863,-34.16313],[18.86417,-34.16218],[18.86545,-34.16133],[18.86675,-34.16076],[18.86675,-34.15922],[18.86722,-34.1587],[18.86697,-34.15773],[18.86587,-34.15618],[18.86445,-34.15515],[18.86372,-34.15479],[18.8628,-34.15498],[18.86242,-34.15482],[18.86145,-34.15382],[18.8602,-34.15324],[18.85964,-34.15242],[18.85913,-34.15205],[18.85933,-34.15151],[18.86061,-34.15026],[18.85893,-34.14918],[18.85585,-34.14672],[18.85472,-34.14534],[18.85224,-34.14686],[18.85221,-34.14617],[18.85171,-34.14539],[18.85028,-34.14391],[18.85148,-34.14331],[18.85126,-34.14297],[18.85357,-34.1417],[18.85428,-34.14266],[18.85925,-34.13991],[18.86126,-34.13868],[18.86135,-34.13878],[18.8642,-34.14218],[18.86572,-34.14404]]]}},{"type":"Feature","properties":{"id":"199063010","name":"Harbour Island","commuteMinutes":35.07,"nearestJobCenter":"Cape Town International Airport","distanceKm":null,"nearestTransitKm":4.432953520334825,"spatialBurdenScore":0.41111814081339304},"geometry":{"type":"Polygon","coordinates":[[[18.85913,-34.15205],[18.85781,-34.15262],[18.85642,-34.1522],[18.85606,-34.15187],[18.85754,-34.15244],[18.85806,-34.15145],[18.85931,-34.15046],[18.85876,-34.15004],[18.8584,-34.1507],[18.85757,-34.15018],[18.85848,-34.14988],[18.85797,-34.14944],[18.8574,-34.15003],[18.85693,-34.15014],[18.8563,-34.14969],[18.85664,-34.14927],[18.85585,-34.14867],[18.8562,-34.14938],[18.85555,-34.14977],[18.85615,-34.14974],[18.85659,-34.15012],[18.8566,-34.15076],[18.85746,-34.1504],[18.85812,-34.15088],[18.85765,-34.15129],[18.8567,-34.1509],[18.85658,-34.15129],[18.85587,-34.15124],[18.8552,-34.15203],[18.85529,-34.15082],[18.85454,-34.14896],[18.85494,-34.14849],[18.85407,-34.14796],[18.85308,-34.14694],[18.85224,-34.14686],[18.85472,-34.14534],[18.85585,-34.14672],[18.85893,-34.14918],[18.86061,-34.15026],[18.85933,-34.15151],[18.85913,-34.15205]]]}},{"type":"Feature","properties":{"id":"199063011","name":"Harbour Island SP","commuteMinutes":35.16,"nearestJobCenter":"Cape Town International Airport","distanceKm":null,"nearestTransitKm":4.508101127298489,"spatialBurdenScore":0.4147240450919395},"geometry":{"type":"Polygon","coordinates":[[[18.85606,-34.15187],[18.8552,-34.15203],[18.85587,-34.15124],[18.85658,-34.15129],[18.8567,-34.1509],[18.85765,-34.15129],[18.85812,-34.15088],[18.85746,-34.1504],[18.8566,-34.15076],[18.85659,-34.15012],[18.85615,-34.14974],[18.85555,-34.14977],[18.8562,-34.14938],[18.85585,-34.14867],[18.85664,-34.14927],[18.8563,-34.14969],[18.85693,-34.15014],[18.8574,-34.15003],[18.85797,-34.14944],[18.85848,-34.14988],[18.85757,-34.15018],[18.8584,-34.1507],[18.85876,-34.15004],[18.85931,-34.15046],[18.85806,-34.15145],[18.85754,-34.15244],[18.85606,-34.15187]]]}},{"type":"Feature","properties":{"id":"199063012","name":"Mountainside","commuteMinutes":37.49,"nearestJobCenter":"Cape Town International Airport","distanceKm":null,"nearestTransitKm":6.656171212312319,"spatialBurdenScore":0.5161801818258261},"geometry":{"type":"Polygon","coordinates":[[[18.89157,-34.15014],[18.89281,-34.15549],[18.89058,-34.15632],[18.88632,-34.14884],[18.8907,-34.14604],[18.89157,-34.15014]]]}},{"type":"Feature","properties":{"id":"199063013","name":"Mansfield","commuteMinutes":36.08,"nearestJobCenter":"Cape Town International Airport","distanceKm":null,"nearestTransitKm":6.313770118412856,"spatialBurdenScore":0.4930841380698475},"geometry":{"type":"Polygon","coordinates":[[[18.89058,-34.15632],[18.88498,-34.15855],[18.88309,-34.15686],[18.88017,-34.15438],[18.87835,-34.15319],[18.87965,-34.15256],[18.88168,-34.15455],[18.88216,-34.15452],[18.88553,-34.15249],[18.88333,-34.15072],[18.88632,-34.14884],[18.89058,-34.15632]]]}},{"type":"Feature","properties":{"id":"199063014","name":"Temperance Town","commuteMinutes":35.41,"nearestJobCenter":"Cape Town International Airport","distanceKm":null,"nearestTransitKm":6.179784321045811,"spatialBurdenScore":0.4832580395084991},"geometry":{"type":"Polygon","coordinates":[[[18.87965,-34.15256],[18.88333,-34.15072],[18.88553,-34.15249],[18.88216,-34.15452],[18.88168,-34.15455],[18.87965,-34.15256]]]}},{"type":"Feature","properties":{"id":"199063015","name":"Winslow","commuteMinutes":35.51,"nearestJobCenter":"Cape Town International Airport","distanceKm":null,"nearestTransitKm":5.650554570907477,"spatialBurdenScore":0.46275551616963245},"geometry":{"type":"Polygon","coordinates":[[[18.87533,-34.15469],[18.87253,-34.15606],[18.87127,-34.15657],[18.86972,-34.15571],[18.86985,-34.15552],[18.87114,-34.15093],[18.87124,-34.15074],[18.87376,-34.15288],[18.87533,-34.15469]]]}},{"type":"Feature","properties":{"id":"199063016","name":"Gordons Bay Habour SP","commuteMinutes":38.81,"nearestJobCenter":"Cape Town International Airport","distanceKm":null,"nearestTransitKm":5.927755809175743,"spatialBurdenScore":0.49584356570036303},"geometry":{"type":"Polygon","coordinates":[[[18.8583,-34.16336],[18.85979,-34.16347],[18.85981,-34.16441],[18.85876,-34.16524],[18.85787,-34.16432],[18.85792,-34.16306],[18.8583,-34.16336]]]}}]}