{"type":"FeatureCollection","features":[{"type":"Feature","properties":{"id":"6","name":"Line 2A","network":"A Re Yeng"},"geometry":{"type":"LineString","coordinates":[[28.20265,-25.75295],[28.20291,-25.75306],[28.20348,-25.75331],[28.20409,-25.7536],[28.20437,-25.75373],[28.20478,-25.7539],[28.20544,-25.75419],[28.20582,-25.75435],[28.20671,-25.75472],[28.20705,-25.75486],[28.20762,-25.7551],[28.20782,-25.7552],[28.20789,-25.75523],[28.20796,-25.75529],[28.20803,-25.75536],[28.20809,-25.75544],[28.20814,-25.75551],[28.20825,-25.75565],[28.20835,-25.75575],[28.20846,-25.75587],[28.2085,-25.75592],[28.20854,-25.75597],[28.2086,-25.75604],[28.20867,-25.7561],[28.20877,-25.75619],[28.20883,-25.75625],[28.20887,-25.75629],[28.20892,-25.75633],[28.20896,-25.75636],[28.20901,-25.75641],[28.20906,-25.75646],[28.20913,-25.7565],[28.20918,-25.75654],[28.20924,-25.75657],[28.2093,-25.75661],[28.20937,-25.75663],[28.20942,-25.75665],[28.20948,-25.75668],[28.20954,-25.7567],[28.20959,-25.75671],[28.20964,-25.75672],[28.2097,-25.75674],[28.20978,-25.75675],[28.20993,-25.75677],[28.21015,-25.7568],[28.21029,-25.75682],[28.21058,-25.75686],[28.21095,-25.75691],[28.21165,-25.757],[28.21206,-25.75706],[28.21242,-25.75711],[28.21282,-25.75717],[28.21315,-25.75721],[28.21346,-25.75725],[28.21388,-25.7573],[28.21469,-25.75739],[28.21549,-25.7575],[28.21599,-25.75756],[28.21671,-25.75766],[28.21707,-25.7577],[28.21777,-25.75779],[28.21813,-25.75784],[28.21821,-25.75786],[28.21828,-25.75786],[28.21833,-25.75787],[28.21837,-25.75787],[28.21841,-25.75788],[28.21846,-25.75787],[28.2185,-25.75787],[28.21857,-25.75786],[28.21863,-25.75784],[28.21866,-25.75783],[28.21871,-25.75781],[28.21876,-25.75779],[28.21881,-25.75777],[28.21885,-25.75775],[28.21938,-25.75744],[28.21999,-25.75706],[28.22043,-25.75679],[28.22069,-25.75664],[28.22105,-25.75642],[28.22122,-25.75631],[28.22157,-25.7561],[28.22185,-25.75593],[28.222,-25.75584],[28.22204,-25.75582],[28.22207,-25.7558],[28.22211,-25.75578],[28.22215,-25.75577],[28.2222,-25.75575],[28.22224,-25.75574],[28.2223,-25.75572],[28.22238,-25.75572],[28.22329,-25.75579],[28.22411,-25.75584],[28.22466,-25.75593],[28.22498,-25.75597],[28.22504,-25.75597],[28.22509,-25.75597],[28.22513,-25.75594],[28.22516,-25.75591],[28.22518,-25.75588],[28.22519,-25.75584],[28.22526,-25.75552],[28.22528,-25.75548],[28.22532,-25.75541],[28.22536,-25.75536],[28.2254,-25.7553],[28.22544,-25.75526],[28.22546,-25.75522],[28.22549,-25.75519],[28.22628,-25.75434],[28.22753,-25.75294],[28.22816,-25.75224],[28.22843,-25.75195],[28.2287,-25.7517],[28.2291,-25.75138],[28.22919,-25.75133],[28.22928,-25.75129],[28.22937,-25.75125],[28.22946,-25.75123],[28.22951,-25.75122],[28.22957,-25.75121],[28.22962,-25.75121],[28.22969,-25.7512],[28.22975,-25.7512],[28.22981,-25.75119],[28.22992,-25.75118],[28.23001,-25.75116],[28.23009,-25.75114],[28.23017,-25.75113],[28.23024,-25.75111],[28.23046,-25.75105],[28.23062,-25.751],[28.23068,-25.75099],[28.23076,-25.75098],[28.23084,-25.75097],[28.23096,-25.75095],[28.23106,-25.75094],[28.23121,-25.75092],[28.2326,-25.75085],[28.23379,-25.75074],[28.23531,-25.75063],[28.2362,-25.75056],[28.23753,-25.75048],[28.23761,-25.75045],[28.23764,-25.7504],[28.23764,-25.75033],[28.23752,-25.74904],[28.23746,-25.74814],[28.23742,-25.74757],[28.23741,-25.74752],[28.23737,-25.74749],[28.23731,-25.74747],[28.23686,-25.7475],[28.23666,-25.7475],[28.23637,-25.74752],[28.23502,-25.74761],[28.2339,-25.7477],[28.23262,-25.7478],[28.23257,-25.74783],[28.23252,-25.74788],[28.23252,-25.74794],[28.2326,-25.74885],[28.23265,-25.74978],[28.23269,-25.75066],[28.23268,-25.75069],[28.23266,-25.75071],[28.23264,-25.75073],[28.2326,-25.75074],[28.2322,-25.75077],[28.23162,-25.75082],[28.23112,-25.75084],[28.23105,-25.75084],[28.23097,-25.75085],[28.2309,-25.75086],[28.23077,-25.75088],[28.23052,-25.75093],[28.23011,-25.75104],[28.23004,-25.75105],[28.22995,-25.75107],[28.22988,-25.75109],[28.22983,-25.75109],[28.22976,-25.75109],[28.22969,-25.75108],[28.22962,-25.75108],[28.22955,-25.75106],[28.22947,-25.75106],[28.22941,-25.75107],[28.22936,-25.75109],[28.2293,-25.75114],[28.22897,-25.75142],[28.22866,-25.75168],[28.22854,-25.75177],[28.22844,-25.75187],[28.22833,-25.75198],[28.22822,-25.75211],[28.22805,-25.7523],[28.22775,-25.7526],[28.22746,-25.75293],[28.2271,-25.75333],[28.22649,-25.75402],[28.22599,-25.75456],[28.22579,-25.75479],[28.22544,-25.75518],[28.22527,-25.75536],[28.22523,-25.75541],[28.22521,-25.75545],[28.22519,-25.7555],[28.22518,-25.75555],[28.22516,-25.75561],[28.22516,-25.75566],[28.22514,-25.75571],[28.22511,-25.75576],[28.22508,-25.75578],[28.22502,-25.75582],[28.22496,-25.75584],[28.22487,-25.75586],[28.22474,-25.75587],[28.22417,-25.75581],[28.22335,-25.75572],[28.22283,-25.75567],[28.22228,-25.75563],[28.2222,-25.75562],[28.22212,-25.75562],[28.22206,-25.75562],[28.22201,-25.75562],[28.22194,-25.75563],[28.22181,-25.75565],[28.22176,-25.75567],[28.2217,-25.75568],[28.22163,-25.7557],[28.2216,-25.75572],[28.22157,-25.75575],[28.22155,-25.7558],[28.22152,-25.75585],[28.22151,-25.75588],[28.22147,-25.75598],[28.22145,-25.75602],[28.22144,-25.75606],[28.22142,-25.75609],[28.2214,-25.75612],[28.22138,-25.75614],[28.22135,-25.75617],[28.22132,-25.7562],[28.22128,-25.75623],[28.22124,-25.75626],[28.22118,-25.75629],[28.22109,-25.75635],[28.2208,-25.75652],[28.22067,-25.75661],[28.22041,-25.75677],[28.22027,-25.75685],[28.21993,-25.75706],[28.21901,-25.75761],[28.21885,-25.75772],[28.21882,-25.75774],[28.21878,-25.75775],[28.21873,-25.75777],[28.21867,-25.75778],[28.2186,-25.7578],[28.21851,-25.75781],[28.21845,-25.75782],[28.21836,-25.75782],[28.21825,-25.75781],[28.21786,-25.75777],[28.21769,-25.75775],[28.21681,-25.75764],[28.21582,-25.75751],[28.2151,-25.75741],[28.21473,-25.75737],[28.21461,-25.75735],[28.21441,-25.75731],[28.21404,-25.75726],[28.21389,-25.75723],[28.21377,-25.75721],[28.21362,-25.75719],[28.21347,-25.75717],[28.21313,-25.75712],[28.21249,-25.75703],[28.21239,-25.75702],[28.21233,-25.75702],[28.21224,-25.75702],[28.21214,-25.75701],[28.21202,-25.75701],[28.21192,-25.757],[28.21182,-25.75699],[28.2117,-25.75697],[28.21106,-25.75689],[28.21052,-25.75682],[28.20996,-25.75675],[28.20984,-25.75673],[28.20976,-25.75671],[28.20971,-25.7567],[28.20965,-25.75669],[28.20958,-25.75667],[28.20951,-25.75665],[28.20946,-25.75663],[28.20939,-25.7566],[28.20933,-25.75658],[28.20927,-25.75655],[28.2092,-25.75651],[28.20915,-25.75647],[28.20908,-25.75642],[28.20903,-25.75637],[28.20895,-25.7563],[28.20889,-25.75622],[28.20885,-25.75616],[28.20879,-25.75607],[28.20871,-25.75595],[28.20864,-25.75587],[28.20847,-25.75567],[28.20838,-25.75555],[28.20829,-25.75545],[28.20824,-25.7554],[28.20821,-25.75537],[28.20817,-25.75534],[28.20813,-25.75531],[28.20807,-25.75527],[28.20799,-25.75523],[28.20794,-25.75521],[28.2079,-25.75519],[28.20784,-25.75516],[28.20759,-25.75506],[28.20731,-25.75494],[28.20706,-25.75483],[28.20673,-25.7547],[28.20637,-25.75454],[28.20599,-25.75438],[28.20584,-25.75432],[28.20569,-25.75426],[28.2054,-25.75413],[28.20502,-25.75397],[28.20453,-25.75377],[28.20438,-25.7537],[28.20412,-25.75357],[28.20382,-25.75344],[28.20351,-25.75329],[28.20309,-25.7531],[28.20294,-25.75304],[28.20268,-25.75292],[28.20231,-25.75276],[28.2022,-25.75273],[28.20215,-25.75271],[28.20205,-25.75268],[28.20194,-25.75266],[28.20177,-25.75262],[28.20156,-25.75257],[28.20144,-25.75254],[28.20134,-25.7525],[28.2012,-25.75243],[28.20106,-25.75237],[28.20068,-25.75219],[28.20047,-25.7521],[28.20009,-25.75194],[28.19984,-25.75186],[28.1995,-25.75174],[28.19942,-25.75171],[28.19938,-25.75169],[28.19932,-25.75167],[28.19925,-25.75164],[28.1992,-25.75162],[28.19916,-25.75161],[28.19912,-25.7516],[28.19907,-25.75158],[28.19902,-25.75157],[28.19897,-25.75156],[28.19892,-25.75155],[28.19887,-25.75155],[28.19882,-25.75154],[28.19876,-25.75154],[28.19868,-25.75154],[28.1986,-25.75153],[28.19853,-25.75152],[28.19849,-25.75152],[28.1984,-25.75151],[28.19833,-25.7515],[28.19827,-25.75147],[28.19827,-25.75148],[28.19823,-25.75147],[28.19817,-25.75145],[28.1981,-25.75143],[28.19804,-25.75141],[28.198,-25.75139],[28.19795,-25.75136],[28.19784,-25.75128],[28.1978,-25.75125],[28.19777,-25.75122],[28.19773,-25.75117],[28.19769,-25.75113],[28.19766,-25.75109],[28.19763,-25.75104],[28.1976,-25.751],[28.19757,-25.75096],[28.19755,-25.75091],[28.19754,-25.75088],[28.1975,-25.75078],[28.19745,-25.75059],[28.19741,-25.75043],[28.19739,-25.75033],[28.19737,-25.75028],[28.19735,-25.75025],[28.19733,-25.75024],[28.19732,-25.75022],[28.19728,-25.75019],[28.19726,-25.75018],[28.19724,-25.75017],[28.19722,-25.75016],[28.1972,-25.75015],[28.19717,-25.75014],[28.19715,-25.75013],[28.19712,-25.75012],[28.19711,-25.75012],[28.19674,-25.75009],[28.19651,-25.7501],[28.19628,-25.75012],[28.19598,-25.75013],[28.19563,-25.75021],[28.19546,-25.75021],[28.19539,-25.75022],[28.19528,-25.75023],[28.19517,-25.75024],[28.19504,-25.75025],[28.19494,-25.75026],[28.19485,-25.75028],[28.19476,-25.75029],[28.19468,-25.75031],[28.19455,-25.75033],[28.19439,-25.75036],[28.19409,-25.75042],[28.19395,-25.75045],[28.19388,-25.75046],[28.19382,-25.75047],[28.19375,-25.75048],[28.19368,-25.75049],[28.19362,-25.7505],[28.19353,-25.7505],[28.19345,-25.75051],[28.19335,-25.7505],[28.19314,-25.75049],[28.19299,-25.75048],[28.19243,-25.75044],[28.19233,-25.75044],[28.19221,-25.75043],[28.1921,-25.75043],[28.192,-25.75043],[28.19193,-25.75043],[28.19185,-25.75044],[28.19176,-25.75045],[28.19159,-25.75047],[28.19146,-25.75049],[28.19136,-25.7505],[28.19095,-25.75054],[28.19074,-25.75056],[28.19015,-25.75057],[28.1897,-25.75058],[28.18863,-25.75066],[28.18856,-25.75065],[28.18851,-25.75061],[28.18848,-25.75058],[28.18846,-25.75054],[28.18843,-25.75047]]}},{"type":"Feature","properties":{"id":"6","name":"Line 2A","network":"A Re Yeng"},"geometry":{"type":"LineString","coordinates":[[28.19704,-25.75023],[28.19658,-25.75024],[28.19599,-25.75027],[28.19564,-25.75029],[28.19548,-25.7503],[28.19528,-25.75031],[28.19513,-25.75032],[28.19503,-25.75033],[28.19494,-25.75033],[28.19486,-25.75034],[28.19478,-25.75035],[28.19471,-25.75036],[28.19461,-25.75036],[28.19456,-25.75037],[28.19451,-25.75038],[28.19444,-25.75039],[28.19421,-25.75044],[28.19398,-25.75048],[28.19389,-25.7505],[28.19383,-25.75051],[28.19377,-25.75053],[28.19371,-25.75054],[28.19364,-25.75055],[28.19353,-25.75056],[28.19343,-25.75056],[28.19331,-25.75056],[28.19315,-25.75055],[28.19305,-25.75054],[28.19295,-25.75053],[28.19287,-25.75053],[28.19278,-25.75052],[28.19271,-25.75052],[28.19264,-25.75051],[28.19256,-25.75051],[28.19249,-25.75052],[28.19241,-25.75052],[28.19232,-25.75052],[28.19213,-25.75053],[28.19182,-25.75055],[28.19108,-25.75061],[28.19075,-25.75063],[28.19019,-25.75067],[28.18964,-25.75072],[28.18894,-25.75077],[28.18861,-25.7508],[28.18855,-25.7508],[28.1885,-25.75078],[28.18847,-25.75076],[28.18842,-25.75073],[28.1884,-25.7507],[28.18839,-25.75066],[28.18838,-25.75049],[28.18837,-25.75035],[28.18836,-25.75015],[28.18833,-25.74981],[28.1883,-25.74951],[28.18829,-25.74926],[28.18822,-25.74856],[28.18819,-25.74821],[28.18817,-25.74805],[28.18815,-25.74796],[28.18812,-25.74788],[28.1881,-25.74781],[28.18809,-25.74766],[28.18806,-25.74729],[28.18805,-25.74714],[28.18804,-25.74709],[28.18803,-25.74705],[28.18801,-25.74702],[28.18799,-25.74701],[28.18797,-25.74699],[28.18793,-25.74698],[28.18788,-25.74696],[28.18781,-25.74692],[28.18773,-25.74689],[28.18766,-25.74684],[28.1876,-25.74679],[28.18755,-25.74673],[28.1875,-25.74668],[28.18746,-25.74662],[28.18744,-25.74657],[28.18741,-25.74651],[28.1874,-25.74642],[28.18737,-25.74606],[28.18737,-25.74601],[28.18737,-25.74599],[28.18739,-25.74595],[28.18742,-25.74591],[28.18745,-25.74589],[28.18749,-25.74588],[28.18757,-25.74588],[28.18765,-25.74587],[28.18774,-25.74587],[28.18783,-25.74586],[28.1879,-25.74584],[28.18802,-25.74581],[28.18812,-25.74582],[28.18816,-25.74583],[28.1882,-25.74583],[28.18826,-25.74583],[28.18841,-25.74582],[28.1885,-25.74582],[28.18856,-25.74582],[28.18862,-25.74583],[28.18864,-25.74585],[28.18866,-25.74587],[28.18868,-25.7459],[28.18868,-25.74593],[28.18869,-25.74604],[28.1887,-25.74616],[28.18871,-25.74623],[28.18871,-25.74627],[28.18872,-25.74633],[28.18872,-25.74641],[28.18871,-25.74646],[28.1887,-25.7465],[28.18868,-25.74655],[28.18867,-25.74659],[28.18864,-25.74663],[28.18862,-25.74666],[28.1886,-25.7467],[28.18857,-25.74673],[28.18854,-25.74676],[28.1885,-25.7468],[28.18847,-25.74683],[28.18841,-25.74687],[28.18834,-25.74692],[28.18831,-25.74694],[28.18828,-25.74696],[28.18825,-25.74698],[28.18822,-25.74702],[28.1882,-25.74704],[28.1882,-25.74707],[28.18819,-25.7471],[28.1882,-25.74718],[28.18821,-25.74726],[28.18822,-25.74744],[28.18826,-25.74784]]}},{"type":"Feature","properties":{"id":"6","name":"Line 2A","network":"A Re Yeng"},"geometry":{"type":"LineString","coordinates":[[28.19704,-25.75023],[28.19721,-25.75022],[28.19726,-25.75023],[28.19729,-25.75025],[28.19732,-25.75028],[28.19734,-25.75031],[28.19735,-25.75034],[28.19736,-25.75037],[28.19738,-25.75043],[28.19745,-25.75072],[28.19749,-25.75087],[28.19752,-25.75091],[28.19754,-25.75096],[28.19757,-25.75101],[28.19759,-25.75105],[28.19762,-25.7511],[28.19765,-25.75114],[28.19768,-25.75118],[28.19771,-25.75121],[28.19775,-25.75125],[28.19779,-25.75129],[28.19782,-25.75132],[28.19791,-25.75139],[28.19797,-25.75143],[28.19803,-25.75146],[28.19809,-25.75148],[28.19813,-25.75149],[28.19825,-25.75153],[28.19833,-25.75155],[28.1985,-25.75156],[28.19866,-25.75158],[28.19882,-25.7516],[28.19886,-25.75161],[28.19893,-25.75161],[28.19898,-25.75162],[28.19902,-25.75163],[28.19907,-25.75164],[28.19911,-25.75165],[28.19916,-25.75167],[28.19922,-25.75169],[28.19927,-25.7517],[28.19932,-25.75173],[28.19937,-25.75175],[28.19941,-25.75177],[28.19972,-25.75193],[28.19992,-25.75203],[28.20029,-25.75219],[28.20026,-25.75217],[28.20041,-25.75223],[28.20055,-25.7523],[28.20065,-25.75234],[28.20073,-25.75236],[28.20081,-25.7524],[28.20091,-25.75243],[28.20097,-25.75245],[28.20106,-25.75248],[28.20114,-25.75251],[28.20122,-25.75253],[28.2013,-25.75255],[28.20138,-25.75256],[28.20147,-25.75258],[28.20156,-25.7526],[28.20178,-25.75265],[28.20196,-25.75269],[28.2021,-25.75273],[28.20219,-25.75276],[28.20226,-25.75278],[28.20265,-25.75295]]}},{"type":"Feature","properties":{"id":"7","name":"Line 1A","network":"A Re Yeng"},"geometry":{"type":"LineString","coordinates":[[28.18824,-25.74767],[28.18822,-25.74744],[28.18821,-25.74726],[28.1882,-25.74718],[28.18819,-25.7471],[28.1882,-25.74707],[28.1882,-25.74704],[28.18822,-25.74702],[28.18825,-25.74698],[28.18828,-25.74696],[28.18831,-25.74694],[28.18834,-25.74692],[28.18838,-25.74689],[28.18842,-25.74686],[28.18847,-25.74683],[28.1885,-25.7468],[28.18854,-25.74676],[28.18857,-25.74673],[28.1886,-25.7467],[28.18862,-25.74666],[28.18864,-25.74663],[28.18867,-25.74659],[28.18868,-25.74655],[28.1887,-25.7465],[28.18871,-25.74646],[28.18872,-25.74641],[28.18872,-25.74633],[28.18871,-25.74627],[28.18871,-25.74623],[28.1887,-25.74616],[28.18869,-25.74604],[28.18869,-25.74598],[28.18868,-25.74593],[28.18868,-25.7459],[28.18866,-25.74587],[28.18864,-25.74585],[28.18862,-25.74583],[28.18857,-25.74582],[28.1885,-25.74582],[28.18841,-25.74582],[28.18826,-25.74583],[28.1882,-25.74583],[28.18816,-25.74583],[28.18812,-25.74582],[28.18809,-25.7458],[28.18806,-25.74578],[28.18805,-25.74576],[28.18804,-25.74574],[28.18803,-25.74571],[28.18803,-25.74568],[28.188,-25.74542],[28.18794,-25.74478],[28.18792,-25.74451],[28.18788,-25.74406],[28.18787,-25.74391],[28.18786,-25.74377],[28.18785,-25.74362],[28.18786,-25.74358],[28.18785,-25.74345],[28.18785,-25.74339],[28.18783,-25.74309],[28.18781,-25.74286],[28.18779,-25.74262],[28.18778,-25.7425],[28.18776,-25.74229],[28.18775,-25.74214],[28.18774,-25.74206],[28.18772,-25.74197],[28.18771,-25.74191],[28.18769,-25.74177],[28.18766,-25.74138],[28.18764,-25.74118],[28.18761,-25.74084],[28.18759,-25.74065],[28.18758,-25.74045],[28.18754,-25.74006],[28.1875,-25.73972],[28.18747,-25.73949],[28.18745,-25.73929],[28.18744,-25.73915],[28.18744,-25.73906],[28.18739,-25.73846],[28.18735,-25.73806],[28.18733,-25.73781],[28.1873,-25.7375],[28.18728,-25.73727],[28.18726,-25.73709],[28.18724,-25.73688],[28.18723,-25.73673],[28.18721,-25.73661],[28.18721,-25.73655],[28.1872,-25.73642],[28.18719,-25.73627],[28.18717,-25.73613],[28.18716,-25.73601],[28.18716,-25.7359],[28.18716,-25.7358],[28.18715,-25.73569],[28.18716,-25.73559],[28.18717,-25.73549],[28.18718,-25.73541],[28.18719,-25.73532],[28.18721,-25.73521],[28.18723,-25.73511],[28.18725,-25.73502],[28.18728,-25.73494],[28.18731,-25.73481],[28.18735,-25.73469],[28.18738,-25.73459],[28.18742,-25.73449],[28.18746,-25.73441],[28.18749,-25.73434],[28.18757,-25.73419],[28.18763,-25.73409],[28.18771,-25.73396],[28.18775,-25.7339],[28.18781,-25.73382],[28.18786,-25.73376],[28.18789,-25.73372],[28.18797,-25.73362],[28.18804,-25.73354],[28.18811,-25.73347],[28.18818,-25.7334],[28.18824,-25.73334],[28.18831,-25.73328],[28.18838,-25.73322],[28.1885,-25.73312],[28.18876,-25.73292],[28.18886,-25.73283],[28.18895,-25.73276],[28.18903,-25.73269],[28.18911,-25.73261],[28.18919,-25.73252],[28.18925,-25.73243],[28.18931,-25.73233],[28.18935,-25.73225],[28.18938,-25.73216],[28.18941,-25.73208],[28.18943,-25.732],[28.18944,-25.73192],[28.18945,-25.73183],[28.18945,-25.73175],[28.18945,-25.73169],[28.18944,-25.7316],[28.18941,-25.73145],[28.18935,-25.73115],[28.18931,-25.73089],[28.18926,-25.73065],[28.18922,-25.73044],[28.18915,-25.73007],[28.1891,-25.72981],[28.18906,-25.72958],[28.18901,-25.72929],[28.18897,-25.72905],[28.18894,-25.72887],[28.18891,-25.72872],[28.18889,-25.72858],[28.18886,-25.72846],[28.18881,-25.72816],[28.18876,-25.72787],[28.18871,-25.72762],[28.18867,-25.72744],[28.18862,-25.72721],[28.18859,-25.72706],[28.18854,-25.72686],[28.18851,-25.72673],[28.18849,-25.72664],[28.18847,-25.72657],[28.18841,-25.72637],[28.18831,-25.72607],[28.18822,-25.72575],[28.18813,-25.72547],[28.18804,-25.7252],[28.18799,-25.72504],[28.18795,-25.72489],[28.18787,-25.72468],[28.18768,-25.72412],[28.1875,-25.72357],[28.18741,-25.72328],[28.18697,-25.7218],[28.18688,-25.72151],[28.18627,-25.71961],[28.186,-25.71879],[28.1857,-25.71782],[28.1856,-25.71752],[28.18556,-25.71738],[28.18554,-25.71731],[28.18552,-25.71723],[28.18551,-25.71716],[28.18549,-25.71709],[28.18548,-25.71702],[28.18547,-25.71694],[28.18546,-25.71687],[28.18546,-25.7168],[28.18546,-25.71672],[28.18545,-25.71665],[28.18545,-25.71657],[28.18546,-25.7165],[28.18546,-25.71643],[28.18547,-25.71635],[28.18548,-25.71628],[28.18549,-25.71621],[28.1855,-25.71613],[28.18551,-25.71606],[28.18569,-25.71544],[28.18576,-25.71523],[28.1858,-25.71511],[28.18583,-25.715],[28.18586,-25.71487],[28.18589,-25.71472],[28.18591,-25.71452],[28.18596,-25.71415],[28.18598,-25.71395],[28.18602,-25.71366],[28.18605,-25.71341],[28.18607,-25.7132],[28.18609,-25.71306],[28.18611,-25.71291],[28.18614,-25.71266],[28.18618,-25.71234],[28.18622,-25.712],[28.18625,-25.71173],[28.18629,-25.71138],[28.18634,-25.71098],[28.18637,-25.71068],[28.1864,-25.71043],[28.18642,-25.71023],[28.18644,-25.71007],[28.18647,-25.70987],[28.1865,-25.70959],[28.18654,-25.70927],[28.18656,-25.70913],[28.18658,-25.70896],[28.18661,-25.7088],[28.18667,-25.70851],[28.1867,-25.70838],[28.18674,-25.70823],[28.18676,-25.70809],[28.18678,-25.70798],[28.1868,-25.70783],[28.18681,-25.70771],[28.18683,-25.70757],[28.18685,-25.70739],[28.18689,-25.70703],[28.18692,-25.7068],[28.18694,-25.70668],[28.18696,-25.70653],[28.18697,-25.70643],[28.18697,-25.70633],[28.18697,-25.70617],[28.18697,-25.70593],[28.18698,-25.70577],[28.18699,-25.70567],[28.187,-25.70551],[28.18702,-25.70537],[28.18704,-25.70528],[28.1871,-25.70475],[28.18717,-25.70421],[28.18719,-25.70406],[28.18726,-25.70343],[28.18733,-25.70291],[28.18736,-25.70262],[28.1874,-25.70229],[28.18743,-25.70202],[28.18746,-25.70175],[28.18749,-25.70147],[28.18751,-25.70129],[28.18754,-25.70108],[28.18756,-25.70091],[28.18758,-25.70073],[28.18759,-25.70059],[28.18761,-25.70043],[28.18763,-25.70031],[28.18766,-25.7001],[28.18768,-25.69993],[28.18769,-25.69982],[28.1877,-25.69973],[28.1877,-25.69964],[28.18771,-25.69957],[28.18771,-25.6995],[28.18771,-25.69943],[28.1877,-25.69935],[28.18769,-25.69927],[28.18768,-25.69918],[28.18767,-25.69911],[28.18765,-25.69902],[28.18762,-25.69891],[28.18758,-25.6988],[28.18754,-25.6987],[28.1875,-25.69859],[28.18745,-25.69849],[28.1874,-25.69841],[28.18735,-25.69833],[28.18731,-25.69827],[28.18722,-25.69815],[28.18709,-25.69797],[28.18697,-25.69781],[28.18685,-25.69765],[28.18676,-25.69752],[28.18669,-25.69743],[28.18661,-25.69731],[28.18648,-25.69713],[28.18639,-25.69702],[28.18632,-25.69691],[28.18625,-25.69677],[28.1862,-25.69663],[28.18618,-25.69656],[28.18617,-25.69651],[28.18615,-25.6964],[28.18615,-25.69635],[28.18615,-25.69626],[28.18615,-25.69617],[28.18616,-25.69609],[28.18618,-25.696],[28.18626,-25.69571],[28.18631,-25.69555],[28.18634,-25.69544],[28.18637,-25.69531],[28.18639,-25.6952],[28.18641,-25.6951],[28.18641,-25.695],[28.18642,-25.69488],[28.18642,-25.69458],[28.18642,-25.69425],[28.18643,-25.69395],[28.18643,-25.69377],[28.18643,-25.69365],[28.18644,-25.69355],[28.18645,-25.69343],[28.18647,-25.69331],[28.18651,-25.69315],[28.18653,-25.69305],[28.18656,-25.69294],[28.18659,-25.69286],[28.18662,-25.69278],[28.18665,-25.69269],[28.18667,-25.69265],[28.1867,-25.69259],[28.18674,-25.6925],[28.18684,-25.69231],[28.18697,-25.69206],[28.18712,-25.69176],[28.18715,-25.69169],[28.18719,-25.69161],[28.18723,-25.69152],[28.18726,-25.69145],[28.18729,-25.69136],[28.18732,-25.69128],[28.18734,-25.6912],[28.18737,-25.69112],[28.18739,-25.69105],[28.18741,-25.69098],[28.18742,-25.6909],[28.18744,-25.69081],[28.18745,-25.69073],[28.18746,-25.69063],[28.18747,-25.69056],[28.18748,-25.69048],[28.18748,-25.69038],[28.18748,-25.6903],[28.18748,-25.69022],[28.18747,-25.69014],[28.18747,-25.69006],[28.18746,-25.68999],[28.18745,-25.68991],[28.18745,-25.68983],[28.18743,-25.68973],[28.18741,-25.68963],[28.18739,-25.68955],[28.18736,-25.68945],[28.18733,-25.68934],[28.18729,-25.68923],[28.18725,-25.68912],[28.18721,-25.68902],[28.18716,-25.6889],[28.1871,-25.68879],[28.18705,-25.68869],[28.187,-25.68859],[28.18696,-25.6885],[28.18691,-25.6884],[28.18689,-25.68838],[28.18686,-25.68832],[28.1868,-25.68823],[28.18672,-25.6881],[28.18665,-25.688],[28.18653,-25.68783],[28.18646,-25.68774],[28.18637,-25.68763],[28.18625,-25.68749],[28.18615,-25.68738],[28.18604,-25.68727],[28.18587,-25.6871],[28.18556,-25.68681],[28.18529,-25.68655],[28.18517,-25.68643],[28.18505,-25.68631],[28.18493,-25.68618],[28.18484,-25.68608],[28.18479,-25.68601],[28.1847,-25.6859],[28.18462,-25.6858],[28.18455,-25.68571],[28.18446,-25.68559],[28.1844,-25.6855],[28.18431,-25.68537],[28.18423,-25.68523],[28.18418,-25.68516],[28.18412,-25.68506],[28.18407,-25.68497],[28.18403,-25.68488],[28.18401,-25.68484],[28.18395,-25.68473],[28.18388,-25.6846],[28.18382,-25.68447],[28.18377,-25.68436],[28.18371,-25.68424],[28.18366,-25.68414],[28.18362,-25.68404],[28.18358,-25.68393],[28.18355,-25.68383],[28.18351,-25.6837],[28.18349,-25.68359],[28.18347,-25.68344],[28.18346,-25.68333],[28.18346,-25.6832],[28.18346,-25.68306],[28.18347,-25.6829],[28.18349,-25.68279],[28.18351,-25.68268],[28.18354,-25.68257],[28.18357,-25.68247],[28.1836,-25.68239],[28.18363,-25.68232],[28.18365,-25.68227],[28.18372,-25.68212],[28.18381,-25.68197],[28.18386,-25.68188],[28.18397,-25.68172],[28.18398,-25.6817],[28.18397,-25.68168],[28.18397,-25.68167],[28.18389,-25.68163],[28.18387,-25.68163],[28.18386,-25.68163],[28.18385,-25.68164],[28.18384,-25.68164],[28.18383,-25.68165],[28.18382,-25.68167],[28.18377,-25.68175],[28.1837,-25.6819],[28.18363,-25.68205],[28.18356,-25.68222],[28.18354,-25.68227],[28.18349,-25.68243],[28.18346,-25.68254],[28.18344,-25.68266],[28.18342,-25.68276],[28.1834,-25.6829],[28.18339,-25.68304],[28.18339,-25.68318],[28.18339,-25.68329],[28.1834,-25.68341],[28.18342,-25.68353],[28.18344,-25.68365],[28.18346,-25.68377],[28.18349,-25.68389],[28.18354,-25.68403],[28.18358,-25.68415],[28.18363,-25.68426],[28.18368,-25.68437],[28.18373,-25.68445],[28.18377,-25.68453],[28.18385,-25.68468],[28.18393,-25.68482],[28.18399,-25.68493],[28.18406,-25.68507],[28.18411,-25.68515],[28.18417,-25.68524],[28.18423,-25.68533],[28.1843,-25.68544],[28.18436,-25.68553],[28.18444,-25.68564],[28.1845,-25.68573],[28.18457,-25.68582],[28.18464,-25.68592],[28.18472,-25.68601],[28.18478,-25.68609],[28.18487,-25.68619],[28.18502,-25.68635],[28.18511,-25.68644],[28.18521,-25.68655],[28.18532,-25.68665],[28.18558,-25.68689],[28.18583,-25.68713],[28.18592,-25.68722],[28.18603,-25.68733],[28.18618,-25.68749],[28.18626,-25.68758],[28.18637,-25.68771],[28.18646,-25.68782],[28.18652,-25.68791],[28.18661,-25.68803],[28.18667,-25.68812],[28.18673,-25.68821],[28.18686,-25.68844],[28.18693,-25.68856],[28.18697,-25.68865],[28.18702,-25.68873],[28.18706,-25.68882],[28.1871,-25.68891],[28.18714,-25.68901],[28.18717,-25.68906],[28.1872,-25.68914],[28.18724,-25.68923],[28.18728,-25.68935],[28.18731,-25.68948],[28.18735,-25.68963],[28.18738,-25.68975],[28.18739,-25.68984],[28.1874,-25.68993],[28.18741,-25.69002],[28.18742,-25.6901],[28.18742,-25.69018],[28.18743,-25.69026],[28.18743,-25.6903],[28.18743,-25.69038],[28.18742,-25.69046],[28.18742,-25.69053],[28.18741,-25.69061],[28.1874,-25.69071],[28.18738,-25.6908],[28.18737,-25.69088],[28.18735,-25.69096],[28.18734,-25.69103],[28.18731,-25.69111],[28.1873,-25.69116],[28.18727,-25.69125],[28.18724,-25.69133],[28.18721,-25.69143],[28.18717,-25.69152],[28.18714,-25.69158],[28.18708,-25.69171],[28.18694,-25.69199],[28.1868,-25.69229],[28.1867,-25.69247],[28.18667,-25.69254],[28.18664,-25.6926],[28.18661,-25.69269],[28.18658,-25.69278],[28.18656,-25.69284],[28.18654,-25.69292],[28.18651,-25.69301],[28.18649,-25.69308],[28.18647,-25.69316],[28.18645,-25.69322],[28.18644,-25.6933],[28.18642,-25.69336],[28.18641,-25.69343],[28.1864,-25.6935],[28.18639,-25.69358],[28.18639,-25.69365],[28.18638,-25.6937],[28.18638,-25.69382],[28.18637,-25.69405],[28.18637,-25.69426],[28.18637,-25.69458],[28.18637,-25.6948],[28.18636,-25.69494],[28.18636,-25.69502],[28.18635,-25.69509],[28.18634,-25.69517],[28.18632,-25.69527],[28.1863,-25.69537],[28.18627,-25.69546],[28.18624,-25.69559],[28.18618,-25.69579],[28.18614,-25.69592],[28.18612,-25.69603],[28.1861,-25.69614],[28.18609,-25.69623],[28.18609,-25.6963],[28.18611,-25.69644],[28.18611,-25.6965],[28.18613,-25.69657],[28.18614,-25.69662],[28.18616,-25.69669],[28.18618,-25.69675],[28.18621,-25.69682],[28.18625,-25.69689],[28.18629,-25.69696],[28.18635,-25.69704],[28.18644,-25.69717],[28.18652,-25.69728],[28.18661,-25.69741],[28.18673,-25.69757],[28.18693,-25.69784],[28.18713,-25.69811],[28.18724,-25.69826],[28.1873,-25.69835],[28.18735,-25.69842],[28.18739,-25.6985],[28.18743,-25.69858],[28.18747,-25.69866],[28.1875,-25.69874],[28.18753,-25.69881],[28.18755,-25.69887],[28.18758,-25.69897],[28.18761,-25.69907],[28.18763,-25.69917],[28.18764,-25.69926],[28.18765,-25.69937],[28.18766,-25.69944],[28.18766,-25.69951],[28.18766,-25.69958],[28.18765,-25.69967],[28.18764,-25.69977],[28.1876,-25.70014],[28.18758,-25.7003],[28.18754,-25.70059],[28.18752,-25.70073],[28.1875,-25.70094],[28.1875,-25.70099],[28.18745,-25.70143],[28.18737,-25.70212],[28.1873,-25.70271],[28.18724,-25.70315],[28.18719,-25.70357],[28.18714,-25.70404],[28.18706,-25.70462],[28.187,-25.70514],[28.18698,-25.70528],[28.18695,-25.70551],[28.18692,-25.70581],[28.18689,-25.70598],[28.18685,-25.7062],[28.18682,-25.70642],[28.18678,-25.70669],[28.18675,-25.70694],[28.18673,-25.70711],[28.1867,-25.70741],[28.18668,-25.70756],[28.18666,-25.7077],[28.18665,-25.70783],[28.18662,-25.70806],[28.18658,-25.70839],[28.18655,-25.7087],[28.18654,-25.7088],[28.1865,-25.70909],[28.18647,-25.7094],[28.18643,-25.70971],[28.18642,-25.70987],[28.18639,-25.71008],[28.18637,-25.7103],[28.18631,-25.71074],[28.18626,-25.71121],[28.1862,-25.71175],[28.18613,-25.71234],[28.18609,-25.71266],[28.18606,-25.71291],[28.18603,-25.71319],[28.18599,-25.71346],[28.18596,-25.71374],[28.18592,-25.71406],[28.18589,-25.71426],[28.18585,-25.71458],[28.18583,-25.71474],[28.18581,-25.71487],[28.18579,-25.71497],[28.18576,-25.71507],[28.18574,-25.71514],[28.18569,-25.71528],[28.18564,-25.71543],[28.18554,-25.71568],[28.18538,-25.71615],[28.18537,-25.71623],[28.18536,-25.71631],[28.18535,-25.71638],[28.18535,-25.71646],[28.18534,-25.71653],[28.18534,-25.71661],[28.18535,-25.71669],[28.18535,-25.71676],[28.18535,-25.71684],[28.18536,-25.71692],[28.18537,-25.71699],[28.18538,-25.71707],[28.18539,-25.71714],[28.18541,-25.71722],[28.18543,-25.71729],[28.18549,-25.7175],[28.18559,-25.7178],[28.18618,-25.71962],[28.18638,-25.72025],[28.18678,-25.72152],[28.18687,-25.72178],[28.18735,-25.72328],[28.18752,-25.72379],[28.18762,-25.7241],[28.18769,-25.72432],[28.18776,-25.72453],[28.18782,-25.72468],[28.18789,-25.7249],[28.18797,-25.72512],[28.18804,-25.72538],[28.18813,-25.72567],[28.18821,-25.72591],[28.18828,-25.72613],[28.18835,-25.72636],[28.18839,-25.72649],[28.18841,-25.72657],[28.18844,-25.72665],[28.18846,-25.72673],[28.18848,-25.72686],[28.18852,-25.72705],[28.18855,-25.72721],[28.18858,-25.72743],[28.1886,-25.72753],[28.18865,-25.72781],[28.18877,-25.72846],[28.18881,-25.72869],[28.18883,-25.72878],[28.1889,-25.72903],[28.18893,-25.72915],[28.18895,-25.72927],[28.18901,-25.72957],[28.18908,-25.72997],[28.18917,-25.73045],[28.18925,-25.73086],[28.1893,-25.73113],[28.18935,-25.73137],[28.18937,-25.73151],[28.18939,-25.7316],[28.1894,-25.73167],[28.1894,-25.73175],[28.1894,-25.73182],[28.18939,-25.73189],[28.18938,-25.73196],[28.18937,-25.73203],[28.18935,-25.73212],[28.18932,-25.7322],[28.18928,-25.73229],[28.18924,-25.73236],[28.18918,-25.73245],[28.18911,-25.73254],[28.18903,-25.73262],[28.18896,-25.73269],[28.18885,-25.73277],[28.18849,-25.73307],[28.18825,-25.73327],[28.18813,-25.73338],[28.18802,-25.73349],[28.18794,-25.73358],[28.18781,-25.73373],[28.18769,-25.7339],[28.18764,-25.73397],[28.18759,-25.73405],[28.18753,-25.73417],[28.18747,-25.73429],[28.18742,-25.7344],[28.18738,-25.73451],[28.18733,-25.73465],[28.18729,-25.73478],[28.18724,-25.73496],[28.1872,-25.73509],[28.18718,-25.73516],[28.18716,-25.73524],[28.18714,-25.73535],[28.18713,-25.73543],[28.18712,-25.7355],[28.18712,-25.7356],[28.18711,-25.73567],[28.1871,-25.73573],[28.1871,-25.73581],[28.1871,-25.73588],[28.18711,-25.73596],[28.18712,-25.73603],[28.18714,-25.73631],[28.18717,-25.73665],[28.18718,-25.73678],[28.18719,-25.73689],[28.18719,-25.737],[28.18719,-25.73712],[28.18719,-25.73721],[28.18719,-25.73733],[28.18718,-25.73753],[28.18718,-25.73766],[28.18718,-25.73774],[28.18718,-25.73782],[28.1872,-25.73805],[28.18724,-25.73845],[28.18728,-25.73892],[28.1873,-25.73907],[28.18731,-25.73914],[28.18734,-25.73929],[28.18735,-25.73935],[28.18741,-25.73962],[28.18743,-25.73973],[28.18746,-25.73984],[28.18748,-25.73994],[28.1875,-25.74008],[28.18753,-25.74032],[28.18755,-25.74051],[28.18758,-25.74087],[28.18765,-25.74177],[28.18766,-25.74192],[28.18766,-25.74197],[28.18766,-25.74211],[28.18766,-25.74216],[28.18771,-25.74278],[28.18775,-25.74326],[28.18776,-25.7434],[28.18777,-25.74345],[28.1878,-25.74364],[28.18781,-25.74369],[28.18782,-25.74378],[28.18784,-25.74397],[28.1879,-25.7447],[28.18797,-25.7456],[28.18798,-25.74568],[28.18798,-25.74572],[28.18798,-25.74575],[28.18797,-25.74578],[28.18794,-25.74581],[28.1879,-25.74584],[28.18783,-25.74586],[28.18774,-25.74587],[28.18765,-25.74587],[28.18757,-25.74588],[28.18749,-25.74588],[28.18745,-25.74589],[28.18742,-25.74591],[28.18739,-25.74595],[28.18737,-25.74599],[28.18737,-25.74601],[28.18737,-25.74606],[28.1874,-25.74642],[28.18741,-25.74651],[28.18744,-25.74657],[28.18746,-25.74662],[28.1875,-25.74668],[28.18755,-25.74673],[28.1876,-25.74679],[28.18767,-25.74684],[28.18773,-25.74689],[28.18781,-25.74692],[28.18788,-25.74696],[28.18793,-25.74698],[28.18797,-25.74699],[28.18799,-25.74701],[28.18801,-25.74702],[28.18803,-25.74705],[28.18804,-25.74709],[28.18805,-25.74714],[28.18806,-25.74729],[28.18809,-25.74766]]}},{"type":"Feature","properties":{"id":"9","name":"Line 2B","network":"A Re Yeng"},"geometry":{"type":"LineString","coordinates":[[28.28343,-25.78817],[28.28329,-25.78813],[28.28261,-25.788],[28.28114,-25.78754],[28.27947,-25.78702],[28.27886,-25.78683],[28.27762,-25.78652],[28.27695,-25.78633],[28.27689,-25.78632],[28.27684,-25.78631],[28.27678,-25.7863],[28.27673,-25.78628],[28.27668,-25.78627],[28.27662,-25.78625],[28.27657,-25.78623],[28.27652,-25.78621],[28.27657,-25.78612],[28.27662,-25.78602],[28.27667,-25.78592],[28.27672,-25.78583],[28.27677,-25.78573],[28.27681,-25.78563],[28.27685,-25.78553],[28.27689,-25.78543],[28.27693,-25.78533],[28.27697,-25.78523],[28.27701,-25.78513],[28.27704,-25.78503],[28.27707,-25.78492],[28.2771,-25.78482],[28.27713,-25.78472],[28.27716,-25.78462],[28.27718,-25.78451],[28.2772,-25.78441],[28.27722,-25.7843],[28.27724,-25.78416],[28.27743,-25.78294],[28.27758,-25.782],[28.27758,-25.78187],[28.27758,-25.7818],[28.27755,-25.78172],[28.2775,-25.78166],[28.2774,-25.78158],[28.2769,-25.78134],[28.2767,-25.78126],[28.27651,-25.78117],[28.27631,-25.78108],[28.27612,-25.78099],[28.27593,-25.7809],[28.27573,-25.78081],[28.27554,-25.78071],[28.27535,-25.78062],[28.27516,-25.78052],[28.27498,-25.78042],[28.27479,-25.78032],[28.2746,-25.78022],[28.27442,-25.78012],[28.27423,-25.78001],[28.27405,-25.77991],[28.27387,-25.7798],[28.27369,-25.77969],[28.27351,-25.77958],[28.27333,-25.77947],[28.27246,-25.77887],[28.27218,-25.77869],[28.2721,-25.77862],[28.27196,-25.77852],[28.27177,-25.77838],[28.27164,-25.77829],[28.2713,-25.77802],[28.26988,-25.77678],[28.26983,-25.77673],[28.26976,-25.77666],[28.2697,-25.77658],[28.26963,-25.77651],[28.26956,-25.77643],[28.2695,-25.77636],[28.26944,-25.77628],[28.26937,-25.7762],[28.26931,-25.77612],[28.26884,-25.77544],[28.26877,-25.77535],[28.2687,-25.77526],[28.26862,-25.77518],[28.26855,-25.77509],[28.26847,-25.77501],[28.2684,-25.77493],[28.26832,-25.77484],[28.26824,-25.77476],[28.26816,-25.77468],[28.26807,-25.7746],[28.26799,-25.77453],[28.26791,-25.77445],[28.26782,-25.77438],[28.26773,-25.7743],[28.26764,-25.77423],[28.26755,-25.77416],[28.26746,-25.77409],[28.26737,-25.77402],[28.26727,-25.77396],[28.26536,-25.77253],[28.26445,-25.77185],[28.26352,-25.77113],[28.26207,-25.77001],[28.26071,-25.76895],[28.26065,-25.7689],[28.26059,-25.76885],[28.26053,-25.7688],[28.26047,-25.76876],[28.26041,-25.76871],[28.26035,-25.76867],[28.26029,-25.76863],[28.26022,-25.76859],[28.26016,-25.76855],[28.26009,-25.76851],[28.26003,-25.76848],[28.25996,-25.76844],[28.25924,-25.7681],[28.25918,-25.76807],[28.25912,-25.76804],[28.25906,-25.768],[28.259,-25.76796],[28.25894,-25.76792],[28.25888,-25.76788],[28.25883,-25.76784],[28.25877,-25.7678],[28.25872,-25.76776],[28.25866,-25.76771],[28.25834,-25.76741],[28.25783,-25.76653]]}},{"type":"Feature","properties":{"id":"9","name":"Line 2B","network":"A Re Yeng"},"geometry":{"type":"LineString","coordinates":[[28.28343,-25.78817],[28.28468,-25.78565],[28.28526,-25.78446],[28.28532,-25.78433],[28.28541,-25.78415],[28.2855,-25.78396],[28.28572,-25.78351],[28.28577,-25.7834],[28.28555,-25.78337],[28.28544,-25.78336],[28.28525,-25.78334],[28.28507,-25.78332],[28.28483,-25.78329],[28.2847,-25.78327],[28.28456,-25.78325],[28.2844,-25.78323],[28.28425,-25.78322],[28.28351,-25.7831],[28.28327,-25.78305],[28.28294,-25.78297],[28.28256,-25.78288],[28.28213,-25.78279],[28.28184,-25.7827],[28.28164,-25.78265],[28.28126,-25.78254],[28.28092,-25.78247],[28.28057,-25.78238],[28.28008,-25.78225],[28.27992,-25.78222],[28.27968,-25.78216],[28.27942,-25.78211],[28.27928,-25.78207],[28.27911,-25.78203],[28.27897,-25.78199],[28.27878,-25.78192],[28.27857,-25.78184],[28.27834,-25.78175],[28.27801,-25.78161],[28.27762,-25.78149],[28.27649,-25.781],[28.27635,-25.78094],[28.2762,-25.78087],[28.27606,-25.7808],[28.27591,-25.78073],[28.27577,-25.78066],[28.27563,-25.78059],[28.27549,-25.78051],[28.27535,-25.78044],[28.27521,-25.78036],[28.27507,-25.78028],[28.27493,-25.7802],[28.27257,-25.77878],[28.27224,-25.77852],[28.27201,-25.77835],[28.27182,-25.7782],[28.27177,-25.77816],[28.27169,-25.7781],[28.2716,-25.77804],[28.27152,-25.77799],[28.2714,-25.7779],[28.27104,-25.77762],[28.27096,-25.77756],[28.27088,-25.7775],[28.2708,-25.77743],[28.27073,-25.77737],[28.27065,-25.7773],[28.27058,-25.77723],[28.26998,-25.77669],[28.26992,-25.77662],[28.26985,-25.77655],[28.26979,-25.77648],[28.26973,-25.77641],[28.26966,-25.77633],[28.2696,-25.77625],[28.26955,-25.77618],[28.26949,-25.7761],[28.26943,-25.77602],[28.26897,-25.77538],[28.2689,-25.77529],[28.26883,-25.7752],[28.26876,-25.77511],[28.26868,-25.77502],[28.2686,-25.77493],[28.26852,-25.77485],[28.26844,-25.77476],[28.26836,-25.77468],[28.26828,-25.7746],[28.2682,-25.77453],[28.26813,-25.77446],[28.26805,-25.77439],[28.26797,-25.77432],[28.26789,-25.77425],[28.26781,-25.77418],[28.26772,-25.77412],[28.26764,-25.77405],[28.26756,-25.77399],[28.26643,-25.77316],[28.26508,-25.77217],[28.26449,-25.77173],[28.26219,-25.76996],[28.2606,-25.76871],[28.26054,-25.76866],[28.26048,-25.76861],[28.26042,-25.76857],[28.26035,-25.76853],[28.26029,-25.76848],[28.26022,-25.76845],[28.26015,-25.76841],[28.26009,-25.76837],[28.26002,-25.76834],[28.2593,-25.76799],[28.25924,-25.76796],[28.25918,-25.76793],[28.25913,-25.7679],[28.25907,-25.76787],[28.25902,-25.76783],[28.25896,-25.7678],[28.25891,-25.76776],[28.25886,-25.76772],[28.25881,-25.76768],[28.25876,-25.76764],[28.25872,-25.7676],[28.25867,-25.76756],[28.25845,-25.76734],[28.25832,-25.76718],[28.25821,-25.76705],[28.2581,-25.76691],[28.25799,-25.76676],[28.25788,-25.76661],[28.25783,-25.76653]]}},{"type":"Feature","properties":{"id":"9","name":"Line 2B","network":"A Re Yeng"},"geometry":{"type":"LineString","coordinates":[[28.25783,-25.76653],[28.25777,-25.76645],[28.25766,-25.76629],[28.25756,-25.76612],[28.25745,-25.76594],[28.25728,-25.76565],[28.25711,-25.76533],[28.25702,-25.76516]]}},{"type":"Feature","properties":{"id":"9","name":"Line 2B","network":"A Re Yeng"},"geometry":{"type":"LineString","coordinates":[[28.25783,-25.76653],[28.25702,-25.76516]]}},{"type":"Feature","properties":{"id":"9","name":"Line 2B","network":"A Re Yeng"},"geometry":{"type":"LineString","coordinates":[[28.25702,-25.76516],[28.25678,-25.76475],[28.25629,-25.7639],[28.25574,-25.76295],[28.25556,-25.76267],[28.25554,-25.76264],[28.25552,-25.76261],[28.25549,-25.76257],[28.25547,-25.76254],[28.25544,-25.76252],[28.25541,-25.76249],[28.25538,-25.76246],[28.25535,-25.76243],[28.25532,-25.76241],[28.25528,-25.76239],[28.25525,-25.76237],[28.25521,-25.76235],[28.25517,-25.76233],[28.25353,-25.76191],[28.25341,-25.76188],[28.25329,-25.76186],[28.25317,-25.76183],[28.25305,-25.76181],[28.25293,-25.76178],[28.25281,-25.76176],[28.25254,-25.76174],[28.25134,-25.76162],[28.25079,-25.76157],[28.2507,-25.76157],[28.25061,-25.76156],[28.25051,-25.76154],[28.25042,-25.76153],[28.25033,-25.76152],[28.25024,-25.7615],[28.25015,-25.76148],[28.25006,-25.76146],[28.24997,-25.76144],[28.24987,-25.76142],[28.24979,-25.7614],[28.24817,-25.76093],[28.24453,-25.75987],[28.24336,-25.75958],[28.24124,-25.75907],[28.24099,-25.75901],[28.23942,-25.75863],[28.23868,-25.75842],[28.23858,-25.7584],[28.23616,-25.75784],[28.23389,-25.7573],[28.23218,-25.75688],[28.232,-25.75684],[28.2319,-25.75682],[28.23173,-25.75678],[28.23155,-25.75675],[28.23138,-25.75672],[28.23118,-25.75669],[28.2309,-25.75666],[28.22962,-25.7565],[28.22866,-25.75639],[28.2274,-25.75625],[28.22641,-25.75613],[28.22533,-25.75603],[28.22498,-25.75599],[28.22432,-25.7559],[28.22383,-25.75584],[28.22343,-25.7558],[28.22283,-25.75576]]}},{"type":"Feature","properties":{"id":"9","name":"Line 2B","network":"A Re Yeng"},"geometry":{"type":"LineString","coordinates":[[28.25702,-25.76516],[28.25693,-25.76499],[28.25658,-25.76429],[28.25643,-25.764],[28.25626,-25.7637],[28.25611,-25.76343],[28.25604,-25.76331],[28.25589,-25.76306],[28.25582,-25.76295],[28.25579,-25.76288],[28.25576,-25.76282],[28.25573,-25.76276],[28.2557,-25.7627],[28.25566,-25.76257],[28.25562,-25.76244],[28.25561,-25.76234],[28.25554,-25.76233],[28.25351,-25.76182],[28.2534,-25.76179],[28.25329,-25.76177],[28.25318,-25.76174],[28.25306,-25.76172],[28.25295,-25.7617],[28.25284,-25.76168],[28.25272,-25.76166],[28.25255,-25.76165],[28.25138,-25.76155],[28.25056,-25.76148],[28.25047,-25.76147],[28.25037,-25.76146],[28.25028,-25.76144],[28.25019,-25.76143],[28.2501,-25.76141],[28.25,-25.76139],[28.24991,-25.76137],[28.24982,-25.76135],[28.24973,-25.76132],[28.24818,-25.76087],[28.24445,-25.75976],[28.24321,-25.75944],[28.24127,-25.75898],[28.23945,-25.75854],[28.23883,-25.7584],[28.23852,-25.75833],[28.23605,-25.75773],[28.23391,-25.75724],[28.2322,-25.75682],[28.23204,-25.75678],[28.23188,-25.75674],[28.23171,-25.7567],[28.23154,-25.75666],[28.23136,-25.75663],[28.23123,-25.7566],[28.23092,-25.75657],[28.22928,-25.7564],[28.22498,-25.75589],[28.2248,-25.75588],[28.22438,-25.75584],[28.22417,-25.75581],[28.22335,-25.75572],[28.22283,-25.75567]]}},{"type":"Feature","properties":{"id":"4","name":"Line 1A - C01","network":"A Re Yeng"},"geometry":{"type":"LineString","coordinates":[[28.17117,-25.71314],[28.1711,-25.71327],[28.17104,-25.71338],[28.17097,-25.71349],[28.1709,-25.71361],[28.17084,-25.71372],[28.17077,-25.71383],[28.17069,-25.71394],[28.17062,-25.71405],[28.17004,-25.71491],[28.16999,-25.71499],[28.16995,-25.71507],[28.1699,-25.71515],[28.16986,-25.71522],[28.16982,-25.71531],[28.16978,-25.71539],[28.16974,-25.71547],[28.1697,-25.71555],[28.16967,-25.71563],[28.16964,-25.71572],[28.16961,-25.7158],[28.16958,-25.71589],[28.16955,-25.71597],[28.16952,-25.71606],[28.1695,-25.71614],[28.16948,-25.71623],[28.16946,-25.71632],[28.16944,-25.7164],[28.16942,-25.71649],[28.16942,-25.71649],[28.16941,-25.71658],[28.16939,-25.71667],[28.16938,-25.71676],[28.16937,-25.71685],[28.16937,-25.71694],[28.16936,-25.71699],[28.16936,-25.71704],[28.16935,-25.71714],[28.16935,-25.71724],[28.16934,-25.71734],[28.16934,-25.71744],[28.16934,-25.71754],[28.16934,-25.71764],[28.16934,-25.71774],[28.16935,-25.71784],[28.16936,-25.71794],[28.16936,-25.71804],[28.16937,-25.71815],[28.16939,-25.71825],[28.1694,-25.71836],[28.16942,-25.71846],[28.16943,-25.71857],[28.16945,-25.71867],[28.16948,-25.71878],[28.1695,-25.71888],[28.16952,-25.71898],[28.16955,-25.71908],[28.16958,-25.71919],[28.16961,-25.71929],[28.16964,-25.71939],[28.16982,-25.71994],[28.16992,-25.72024],[28.16997,-25.72036],[28.17002,-25.72049],[28.17008,-25.72062],[28.17013,-25.72074],[28.17019,-25.72087],[28.17025,-25.72099],[28.17031,-25.72111],[28.17037,-25.72124],[28.17044,-25.72136],[28.1705,-25.72148],[28.17057,-25.7216],[28.17062,-25.72169],[28.17071,-25.72182],[28.1708,-25.72194],[28.17089,-25.72207],[28.17098,-25.72219],[28.17108,-25.72231],[28.17117,-25.72243],[28.17127,-25.72255],[28.17136,-25.72267],[28.17146,-25.72279],[28.17151,-25.72284],[28.17156,-25.72289],[28.17161,-25.72295],[28.17165,-25.723],[28.17169,-25.72306],[28.17174,-25.72311],[28.17178,-25.72317],[28.17181,-25.72323],[28.17185,-25.72329],[28.17189,-25.72335],[28.17192,-25.72341],[28.17195,-25.72347],[28.17198,-25.72354],[28.17201,-25.7236],[28.17203,-25.72366],[28.17205,-25.72373],[28.17207,-25.72379],[28.17209,-25.72386],[28.17211,-25.72392],[28.17213,-25.72399],[28.17214,-25.72406],[28.17215,-25.72412],[28.17216,-25.72419],[28.17217,-25.72426],[28.17218,-25.72432],[28.17218,-25.72439],[28.17218,-25.72446],[28.17218,-25.72452],[28.17218,-25.72459],[28.17217,-25.72466],[28.17217,-25.72473],[28.17216,-25.72479],[28.17215,-25.72486],[28.17214,-25.72493],[28.17212,-25.72499],[28.17211,-25.72506],[28.17209,-25.72512],[28.17207,-25.72519],[28.17205,-25.72525],[28.17202,-25.72532],[28.172,-25.72538],[28.17197,-25.72544],[28.17194,-25.7255],[28.17191,-25.72557],[28.17188,-25.72563],[28.17184,-25.72569],[28.17181,-25.72574],[28.17177,-25.7258],[28.17173,-25.72586],[28.17169,-25.72591],[28.17164,-25.72597],[28.1716,-25.72602],[28.17155,-25.72608],[28.17151,-25.72613],[28.17144,-25.7262],[28.17137,-25.72627],[28.17129,-25.72634],[28.17122,-25.72641],[28.17115,-25.72648],[28.17107,-25.72655],[28.17099,-25.72662],[28.17091,-25.72668],[28.17083,-25.72675],[28.17075,-25.72681],[28.17067,-25.72687],[28.17059,-25.72693],[28.17051,-25.72699],[28.17042,-25.72705],[28.17035,-25.7271],[28.17029,-25.72716],[28.17027,-25.72717],[28.17022,-25.72721],[28.17016,-25.72727],[28.1701,-25.72733],[28.17008,-25.72735],[28.17004,-25.72739],[28.16998,-25.72745],[28.16992,-25.72751],[28.16991,-25.72752],[28.16987,-25.72758],[28.16981,-25.72764],[28.16976,-25.72771],[28.16971,-25.72777],[28.16966,-25.72784],[28.16961,-25.72791],[28.16957,-25.72798],[28.16952,-25.72805],[28.16948,-25.72812],[28.16944,-25.7282],[28.1694,-25.72827],[28.16936,-25.72834],[28.16933,-25.72842],[28.16929,-25.72849],[28.16926,-25.72857],[28.16923,-25.72865],[28.16921,-25.72872],[28.16918,-25.7288],[28.16915,-25.72892],[28.16912,-25.72903],[28.16909,-25.72914],[28.16906,-25.72926],[28.16904,-25.72937],[28.16902,-25.72949],[28.169,-25.7296],[28.16898,-25.72972],[28.16896,-25.72983],[28.16895,-25.72995],[28.16894,-25.73007],[28.16893,-25.73018],[28.16892,-25.73029],[28.16891,-25.73041],[28.16891,-25.73052],[28.1689,-25.73064],[28.1689,-25.73075],[28.1689,-25.73087],[28.16891,-25.73098],[28.16891,-25.7311],[28.16892,-25.73121],[28.16893,-25.73133],[28.16894,-25.73144],[28.16895,-25.73155],[28.16896,-25.73167],[28.16898,-25.73178],[28.169,-25.7319],[28.16902,-25.73201],[28.16904,-25.73213],[28.16906,-25.73224],[28.16909,-25.73236],[28.16912,-25.73248],[28.16915,-25.73261],[28.16918,-25.73273],[28.16922,-25.73285],[28.16925,-25.73298],[28.16929,-25.7331],[28.16933,-25.73322],[28.16938,-25.73334],[28.16942,-25.73346],[28.16947,-25.73358],[28.16948,-25.73362],[28.16951,-25.7337],[28.16956,-25.73382],[28.17087,-25.73622],[28.17102,-25.7365],[28.17128,-25.73697],[28.17131,-25.73704],[28.17135,-25.73712],[28.17138,-25.7372],[28.17141,-25.73727],[28.17144,-25.73735],[28.17147,-25.73743],[28.17149,-25.73751],[28.17152,-25.73759],[28.17154,-25.73767],[28.17156,-25.73775],[28.17158,-25.73783],[28.17158,-25.73787],[28.17159,-25.73792],[28.17161,-25.738],[28.17162,-25.73808],[28.17163,-25.73815],[28.17164,-25.73828],[28.17166,-25.73842],[28.17167,-25.73855],[28.17168,-25.73868],[28.17169,-25.73881],[28.1717,-25.73894],[28.17177,-25.74032],[28.17184,-25.74119],[28.17188,-25.74166],[28.17292,-25.74159],[28.17344,-25.74155],[28.17391,-25.74152],[28.17439,-25.74149],[28.17486,-25.74145],[28.17536,-25.74142],[28.17566,-25.7414],[28.17571,-25.7414],[28.17577,-25.7414],[28.17582,-25.7414],[28.17587,-25.7414],[28.17592,-25.74141],[28.17597,-25.74141],[28.17602,-25.74142],[28.17607,-25.74143],[28.17612,-25.74144],[28.17617,-25.74146],[28.17622,-25.74147],[28.17627,-25.74149],[28.17632,-25.74151],[28.17685,-25.74172],[28.1769,-25.74174],[28.17695,-25.74177],[28.17701,-25.74178],[28.17706,-25.7418],[28.17712,-25.74182],[28.17718,-25.74183],[28.17723,-25.74184],[28.17729,-25.74185],[28.17735,-25.74186],[28.17741,-25.74187],[28.17747,-25.74187],[28.17752,-25.74187],[28.17758,-25.74188],[28.17764,-25.74187],[28.1777,-25.74187],[28.17776,-25.74187],[28.17781,-25.74186],[28.17787,-25.74186],[28.17792,-25.74185],[28.17798,-25.74184],[28.17803,-25.74183],[28.17809,-25.74181],[28.17814,-25.7418],[28.17819,-25.74178],[28.17824,-25.74176],[28.17829,-25.74174],[28.17834,-25.74172],[28.17839,-25.7417],[28.17844,-25.74168],[28.17882,-25.74148],[28.17891,-25.74144],[28.179,-25.74141],[28.17909,-25.74137],[28.17919,-25.74134],[28.17928,-25.74131],[28.17937,-25.74128],[28.17942,-25.74126],[28.17947,-25.74125],[28.17956,-25.74122],[28.17966,-25.7412],[28.17975,-25.74117],[28.17985,-25.74115],[28.17994,-25.74113],[28.18004,-25.74111],[28.18014,-25.7411],[28.18024,-25.74108],[28.18268,-25.74092],[28.18257,-25.73956],[28.18013,-25.73973],[28.1786,-25.73987],[28.17811,-25.7399],[28.17764,-25.73994],[28.17718,-25.73998],[28.17667,-25.74001],[28.17622,-25.74004],[28.17577,-25.74008],[28.17524,-25.74011],[28.17472,-25.74015],[28.17428,-25.74018],[28.1738,-25.74021],[28.17332,-25.74024],[28.17274,-25.74027],[28.17274,-25.74026],[28.17272,-25.74013],[28.17269,-25.74],[28.17266,-25.73987],[28.17263,-25.73975],[28.17259,-25.73962],[28.17256,-25.73949],[28.17252,-25.73936],[28.17249,-25.73923],[28.17245,-25.7391],[28.1724,-25.73898],[28.17236,-25.73885],[28.17232,-25.73873],[28.17227,-25.7386],[28.17222,-25.73848],[28.17217,-25.73835],[28.17212,-25.73823],[28.17208,-25.73813],[28.17203,-25.73804],[28.17198,-25.73792],[28.17195,-25.73785],[28.17193,-25.73781],[28.17187,-25.7377],[28.17184,-25.73762],[28.17178,-25.73751],[28.17172,-25.7374],[28.17166,-25.73729],[28.1716,-25.73718],[28.17153,-25.73707],[28.17153,-25.73706],[28.17147,-25.73696],[28.17125,-25.73657],[28.17106,-25.73621],[28.16982,-25.73395],[28.16977,-25.73385],[28.16972,-25.73374],[28.16967,-25.73363],[28.16964,-25.73356],[28.16962,-25.73352],[28.16957,-25.73341],[28.16953,-25.7333],[28.16948,-25.73319],[28.16944,-25.73308],[28.1694,-25.73297],[28.16937,-25.73286],[28.16933,-25.73275],[28.1693,-25.73264],[28.16927,-25.73253],[28.16924,-25.73242],[28.16921,-25.7323],[28.16918,-25.73219],[28.16916,-25.73208],[28.16914,-25.73196],[28.16912,-25.73185],[28.1691,-25.73173],[28.16908,-25.73162],[28.16907,-25.73151],[28.16906,-25.73139],[28.16904,-25.73128],[28.16904,-25.73116],[28.16903,-25.73105],[28.16903,-25.73093],[28.16902,-25.73081],[28.16902,-25.7307],[28.16902,-25.73058],[28.16903,-25.73047],[28.16903,-25.73035],[28.16904,-25.73024],[28.16905,-25.73012],[28.16906,-25.73001],[28.16907,-25.72989],[28.16909,-25.72978],[28.1691,-25.72966],[28.16912,-25.72955],[28.16914,-25.72944],[28.16916,-25.72932],[28.16919,-25.72921],[28.16921,-25.7291],[28.16924,-25.72898],[28.16927,-25.72887],[28.1693,-25.72876],[28.16934,-25.72865],[28.16937,-25.72857],[28.16941,-25.7285],[28.16944,-25.72842],[28.16948,-25.72835],[28.16952,-25.72827],[28.16956,-25.7282],[28.16961,-25.72813],[28.16965,-25.72806],[28.1697,-25.72798],[28.16974,-25.72791],[28.1698,-25.72784],[28.16985,-25.72777],[28.1699,-25.7277],[28.16996,-25.72763],[28.17,-25.72759],[28.17002,-25.72756],[28.17008,-25.72749],[28.17012,-25.72745],[28.17014,-25.72743],[28.1702,-25.72736],[28.17027,-25.7273],[28.17034,-25.72724],[28.17034,-25.72723],[28.1704,-25.72718],[28.17047,-25.72712],[28.17054,-25.72706],[28.17063,-25.727],[28.17072,-25.72693],[28.17081,-25.72687],[28.1709,-25.7268],[28.17099,-25.72674],[28.17107,-25.72667],[28.17116,-25.7266],[28.17124,-25.72653],[28.17132,-25.72646],[28.1714,-25.72638],[28.17148,-25.72631],[28.17156,-25.72623],[28.17164,-25.72616],[28.17171,-25.72608],[28.17176,-25.72602],[28.1718,-25.72597],[28.17185,-25.72591],[28.17189,-25.72586],[28.17193,-25.7258],[28.17197,-25.72574],[28.172,-25.72568],[28.17204,-25.72562],[28.17207,-25.72556],[28.1721,-25.72549],[28.17213,-25.72543],[28.17216,-25.72537],[28.17218,-25.7253],[28.17221,-25.72524],[28.17223,-25.72517],[28.17225,-25.72511],[28.17227,-25.72504],[28.17228,-25.72497],[28.1723,-25.72491],[28.17231,-25.72484],[28.17232,-25.72477],[28.17233,-25.7247],[28.17233,-25.72464],[28.17234,-25.72457],[28.17234,-25.7245],[28.17234,-25.72443],[28.17234,-25.72436],[28.17233,-25.72429],[28.17233,-25.72423],[28.17232,-25.72416],[28.17231,-25.72409],[28.1723,-25.72402],[28.17227,-25.72394],[28.17225,-25.72386],[28.17222,-25.72378],[28.17219,-25.7237],[28.17216,-25.72362],[28.17213,-25.72354],[28.17209,-25.72347],[28.17205,-25.72339],[28.17201,-25.72331],[28.17197,-25.72324],[28.17193,-25.72316],[28.17189,-25.72309],[28.17184,-25.72302],[28.17179,-25.72294],[28.17175,-25.72287],[28.17169,-25.7228],[28.17164,-25.72273],[28.17159,-25.72267],[28.17153,-25.7226],[28.17147,-25.72253],[28.17141,-25.72246],[28.17134,-25.72239],[28.17128,-25.72232],[28.17121,-25.72224],[28.17115,-25.72217],[28.17109,-25.72209],[28.17103,-25.72201],[28.17098,-25.72193],[28.17092,-25.72185],[28.17087,-25.72177],[28.17081,-25.72169],[28.17076,-25.72161],[28.17071,-25.72153],[28.17066,-25.72145],[28.17062,-25.72136],[28.17057,-25.72128],[28.17053,-25.72119],[28.17049,-25.72111],[28.17045,-25.72102],[28.17041,-25.72093],[28.17037,-25.72084],[28.17034,-25.72075],[28.17031,-25.72066],[28.17015,-25.72018],[28.17006,-25.7199],[28.16975,-25.7189],[28.16972,-25.71881],[28.16969,-25.71871],[28.16966,-25.71862],[28.16964,-25.71852],[28.16962,-25.71842],[28.1696,-25.71833],[28.16958,-25.71823],[28.16956,-25.71813],[28.16955,-25.71803],[28.16954,-25.71794],[28.16953,-25.71784],[28.16952,-25.71774],[28.16951,-25.71764],[28.16951,-25.71754],[28.16951,-25.71744],[28.1695,-25.71734],[28.16951,-25.71725],[28.16951,-25.71715],[28.16952,-25.71705],[28.16952,-25.71697],[28.16952,-25.71689],[28.16953,-25.7168],[28.16954,-25.71671],[28.16955,-25.71663],[28.16957,-25.71654],[28.16958,-25.71645],[28.1696,-25.71637],[28.16962,-25.71628],[28.16964,-25.71619],[28.16966,-25.71611],[28.16969,-25.71602],[28.16971,-25.71594],[28.16974,-25.71586],[28.16977,-25.71577],[28.1698,-25.71569],[28.16984,-25.71561],[28.16987,-25.71553],[28.16991,-25.71545],[28.16995,-25.71537],[28.16999,-25.71529],[28.17003,-25.71521],[28.17008,-25.71513],[28.17012,-25.71505],[28.17017,-25.71498],[28.17109,-25.71356],[28.17116,-25.71346],[28.17122,-25.71335],[28.17128,-25.71324],[28.17133,-25.71312],[28.17139,-25.71301],[28.17144,-25.7129],[28.1715,-25.71278],[28.17156,-25.71265],[28.17162,-25.71253],[28.17167,-25.71241],[28.17172,-25.71228],[28.17177,-25.71215],[28.17182,-25.71203],[28.17187,-25.7119],[28.17191,-25.71177],[28.17196,-25.71164],[28.172,-25.71151],[28.17204,-25.71138],[28.17208,-25.71125],[28.17211,-25.71112],[28.17215,-25.71099],[28.17218,-25.71086],[28.1722,-25.71072],[28.17223,-25.71058],[28.17225,-25.71044],[28.17227,-25.7103],[28.17229,-25.71016],[28.17231,-25.71001],[28.17232,-25.70987],[28.17234,-25.70973],[28.17235,-25.70959],[28.17236,-25.70944],[28.17237,-25.7093],[28.17237,-25.70915],[28.17238,-25.70901],[28.17238,-25.70887],[28.17238,-25.70872],[28.17238,-25.70858],[28.17238,-25.70844],[28.17238,-25.70842],[28.17238,-25.70825],[28.17237,-25.70809],[28.17237,-25.70792],[28.17236,-25.70775],[28.17236,-25.70758],[28.17235,-25.70742],[28.17233,-25.70725],[28.17232,-25.70708],[28.1723,-25.70692],[28.17229,-25.70675],[28.17227,-25.70658],[28.17226,-25.70651],[28.17225,-25.70642],[28.17222,-25.70625]]}},{"type":"Feature","properties":{"id":"4","name":"Line 1A - C01","network":"A Re Yeng"},"geometry":{"type":"LineString","coordinates":[[28.17117,-25.71314],[28.17122,-25.71305],[28.17127,-25.71295],[28.17132,-25.71285],[28.17137,-25.71274],[28.17143,-25.71262],[28.17148,-25.71251],[28.17153,-25.7124],[28.17158,-25.71228],[28.17163,-25.71216],[28.17167,-25.71205],[28.17172,-25.71193],[28.17176,-25.71181],[28.1718,-25.71169],[28.17184,-25.71158],[28.17187,-25.71146],[28.17191,-25.71134],[28.17194,-25.71122],[28.17197,-25.7111],[28.172,-25.71098],[28.17203,-25.71086],[28.17206,-25.71074],[28.17208,-25.71062],[28.17211,-25.7105],[28.17213,-25.71037],[28.17215,-25.71025],[28.17216,-25.7101],[28.17218,-25.70994],[28.17219,-25.70978],[28.17221,-25.70963],[28.17222,-25.70947],[28.17223,-25.70931],[28.17223,-25.70916],[28.17224,-25.709],[28.17224,-25.70884],[28.17224,-25.70869],[28.17224,-25.70853],[28.17224,-25.70837],[28.17221,-25.70775],[28.17219,-25.70709],[28.17218,-25.707],[28.17218,-25.7069],[28.17217,-25.7068],[28.17216,-25.7067],[28.17215,-25.70661],[28.17214,-25.70651],[28.17213,-25.70642],[28.17211,-25.70633],[28.17209,-25.70624],[28.17178,-25.70416],[28.17177,-25.70408],[28.17177,-25.70401],[28.17176,-25.70394],[28.17176,-25.70386],[28.17176,-25.70379],[28.17176,-25.70372],[28.17176,-25.70364],[28.17176,-25.70357],[28.17177,-25.70349],[28.17178,-25.70342],[28.17179,-25.70335],[28.1718,-25.70328],[28.17181,-25.7032],[28.17183,-25.70313],[28.17185,-25.70306],[28.17187,-25.70299],[28.17189,-25.70292],[28.17191,-25.70284],[28.17194,-25.70277],[28.17196,-25.7027],[28.17199,-25.70264],[28.17202,-25.70257],[28.17206,-25.7025],[28.17209,-25.70243],[28.17213,-25.70237],[28.17217,-25.7023],[28.17221,-25.70224],[28.17225,-25.70217],[28.17229,-25.70211],[28.17233,-25.70205],[28.17238,-25.70199],[28.17243,-25.70193],[28.17248,-25.70187],[28.17253,-25.70181],[28.17258,-25.70176],[28.17264,-25.7017],[28.17269,-25.70165],[28.17275,-25.70159],[28.17281,-25.70154],[28.17288,-25.70148],[28.17296,-25.70141],[28.17304,-25.70135],[28.17312,-25.70129],[28.1732,-25.70123],[28.17328,-25.70117],[28.17336,-25.70112],[28.17345,-25.70106],[28.17353,-25.70101],[28.17362,-25.70095],[28.17371,-25.7009],[28.1738,-25.70085],[28.17595,-25.69966],[28.17623,-25.6995],[28.17642,-25.6994],[28.17792,-25.69856],[28.17803,-25.69851],[28.17814,-25.69846],[28.17824,-25.69841],[28.17835,-25.69836],[28.17846,-25.69832],[28.17857,-25.69827],[28.17868,-25.69823],[28.1788,-25.69819],[28.17891,-25.69815],[28.17902,-25.69811],[28.17914,-25.69807],[28.17925,-25.69804],[28.17937,-25.698],[28.17948,-25.69797],[28.1796,-25.69794],[28.17972,-25.69792],[28.17983,-25.69789],[28.17995,-25.69787],[28.18007,-25.69784],[28.18019,-25.69782],[28.18031,-25.6978],[28.18043,-25.69779],[28.18055,-25.69777],[28.18067,-25.69776],[28.18079,-25.69775],[28.18112,-25.69772],[28.1826,-25.69761],[28.18344,-25.69754],[28.18384,-25.69747],[28.1839,-25.69746],[28.18396,-25.69745],[28.18402,-25.69744],[28.18408,-25.69742],[28.18414,-25.6974],[28.1842,-25.69738],[28.18426,-25.69736],[28.18433,-25.69733],[28.18441,-25.6973],[28.18449,-25.69726],[28.18456,-25.69723],[28.18464,-25.69719],[28.18471,-25.69715],[28.18478,-25.69711],[28.18485,-25.69707],[28.18492,-25.69702],[28.18499,-25.69698],[28.18506,-25.69693],[28.18512,-25.69688],[28.18519,-25.69683],[28.18525,-25.69678],[28.18531,-25.69673],[28.18537,-25.69668],[28.18543,-25.69662],[28.18549,-25.69656],[28.18555,-25.69651],[28.1856,-25.69645],[28.18565,-25.69639],[28.18571,-25.69633],[28.18576,-25.69627],[28.1858,-25.6962],[28.1859,-25.6961],[28.186,-25.69597],[28.1861,-25.69584],[28.18616,-25.69572],[28.18623,-25.69559],[28.18627,-25.69546],[28.1863,-25.69537],[28.18632,-25.69527],[28.18634,-25.69517],[28.18635,-25.69509],[28.18636,-25.69502],[28.18636,-25.69494],[28.18637,-25.6948],[28.18637,-25.69458],[28.18637,-25.69426],[28.18637,-25.69405],[28.18638,-25.69382],[28.18638,-25.6937],[28.18639,-25.69365],[28.18639,-25.69358],[28.1864,-25.6935],[28.18641,-25.69343],[28.18642,-25.69336],[28.18644,-25.6933],[28.18645,-25.69322],[28.18647,-25.69316],[28.18649,-25.69308],[28.18651,-25.69301],[28.18654,-25.69292],[28.18656,-25.69284],[28.18658,-25.69278],[28.18661,-25.69269],[28.18664,-25.6926],[28.18667,-25.69254],[28.1867,-25.69247],[28.1868,-25.69229],[28.18694,-25.69199],[28.18708,-25.69171],[28.18714,-25.69158],[28.18717,-25.69152],[28.18721,-25.69143],[28.18724,-25.69133],[28.18727,-25.69125],[28.1873,-25.69116],[28.18731,-25.69111],[28.18734,-25.69103],[28.18735,-25.69096],[28.18737,-25.69088],[28.18738,-25.6908],[28.1874,-25.69071],[28.18741,-25.69061],[28.18742,-25.69053],[28.18742,-25.69046],[28.18743,-25.69038],[28.18743,-25.6903],[28.18743,-25.69026],[28.18742,-25.69018],[28.18742,-25.6901],[28.18741,-25.69002],[28.1874,-25.68993],[28.18739,-25.68984],[28.18738,-25.68975],[28.18735,-25.68963],[28.18731,-25.68948],[28.18728,-25.68935],[28.18724,-25.68923],[28.1872,-25.68914],[28.18717,-25.68906],[28.18714,-25.68901],[28.1871,-25.68891],[28.18706,-25.68882],[28.18702,-25.68873],[28.18697,-25.68865],[28.18693,-25.68856],[28.18686,-25.68844],[28.18673,-25.68821],[28.18667,-25.68812],[28.18661,-25.68803],[28.18652,-25.68791],[28.18646,-25.68782],[28.18637,-25.68771],[28.18626,-25.68758],[28.18618,-25.68749],[28.18603,-25.68733],[28.18592,-25.68722],[28.18583,-25.68713],[28.18558,-25.68689],[28.18532,-25.68665],[28.18521,-25.68655],[28.18511,-25.68644],[28.18502,-25.68635],[28.18487,-25.68619],[28.18478,-25.68609],[28.18472,-25.68601],[28.18464,-25.68592],[28.18457,-25.68582],[28.1845,-25.68573],[28.18444,-25.68564],[28.18436,-25.68553],[28.1843,-25.68544],[28.18423,-25.68533],[28.18417,-25.68524],[28.18411,-25.68515],[28.18406,-25.68507],[28.18399,-25.68493],[28.18393,-25.68482],[28.18385,-25.68468],[28.18377,-25.68453],[28.18373,-25.68445],[28.18368,-25.68437],[28.18363,-25.68426],[28.18358,-25.68415],[28.18354,-25.68403],[28.18349,-25.68389],[28.18346,-25.68377],[28.18344,-25.68365],[28.18342,-25.68353],[28.1834,-25.68341],[28.18339,-25.68329],[28.18339,-25.68318],[28.18339,-25.68304],[28.1834,-25.6829],[28.18342,-25.68276],[28.18344,-25.68266],[28.18346,-25.68254],[28.18349,-25.68243],[28.18354,-25.68227],[28.18356,-25.68222],[28.18363,-25.68205],[28.1837,-25.6819],[28.18377,-25.68175],[28.18382,-25.68167],[28.18383,-25.68165],[28.18384,-25.68164],[28.18385,-25.68164],[28.18386,-25.68163],[28.18387,-25.68163],[28.18389,-25.68163],[28.18397,-25.68167],[28.18397,-25.68168],[28.18398,-25.6817],[28.18397,-25.68172],[28.18386,-25.68188],[28.18381,-25.68197],[28.18372,-25.68212],[28.18365,-25.68227],[28.18363,-25.68232],[28.1836,-25.68239],[28.18357,-25.68247],[28.18354,-25.68257],[28.18351,-25.68268],[28.18349,-25.68279],[28.18347,-25.6829],[28.18346,-25.68306],[28.18346,-25.6832],[28.18346,-25.68333],[28.18347,-25.68344],[28.18349,-25.68359],[28.18351,-25.6837],[28.18355,-25.68383],[28.18358,-25.68393],[28.18362,-25.68404],[28.18366,-25.68414],[28.18371,-25.68424],[28.18377,-25.68436],[28.18382,-25.68447],[28.18388,-25.6846],[28.18395,-25.68473],[28.18401,-25.68484],[28.18403,-25.68488],[28.18407,-25.68497],[28.18412,-25.68506],[28.18418,-25.68516],[28.18423,-25.68523],[28.18431,-25.68537],[28.1844,-25.6855],[28.18446,-25.68559],[28.18455,-25.68571],[28.18462,-25.6858],[28.1847,-25.6859],[28.18479,-25.68601],[28.18484,-25.68608],[28.18493,-25.68618],[28.18505,-25.68631],[28.18517,-25.68643],[28.18529,-25.68655],[28.18556,-25.68681],[28.18587,-25.6871],[28.18604,-25.68727],[28.18615,-25.68738],[28.18625,-25.68749],[28.18637,-25.68763],[28.18646,-25.68774],[28.18653,-25.68783],[28.18665,-25.688],[28.18672,-25.6881],[28.1868,-25.68823],[28.18686,-25.68832],[28.18689,-25.68838],[28.18691,-25.6884],[28.18696,-25.6885],[28.187,-25.68859],[28.18705,-25.68869],[28.1871,-25.68879],[28.18716,-25.6889],[28.18721,-25.68902],[28.18725,-25.68912],[28.18729,-25.68923],[28.18733,-25.68934],[28.18736,-25.68945],[28.18739,-25.68955],[28.18741,-25.68963],[28.18743,-25.68973],[28.18745,-25.68983],[28.18745,-25.68991],[28.18746,-25.68999],[28.18747,-25.69006],[28.18747,-25.69014],[28.18748,-25.69022],[28.18748,-25.6903],[28.18748,-25.69038],[28.18748,-25.69048],[28.18747,-25.69056],[28.18746,-25.69063],[28.18745,-25.69073],[28.18744,-25.69081],[28.18742,-25.6909],[28.18741,-25.69098],[28.18739,-25.69105],[28.18737,-25.69112],[28.18734,-25.6912],[28.18732,-25.69128],[28.18729,-25.69136],[28.18726,-25.69145],[28.18723,-25.69152],[28.18719,-25.69161],[28.18715,-25.69169],[28.18712,-25.69176],[28.18697,-25.69206],[28.18684,-25.69231],[28.18674,-25.6925],[28.1867,-25.69259],[28.18667,-25.69265],[28.18665,-25.69269],[28.18662,-25.69278],[28.18659,-25.69286],[28.18656,-25.69294],[28.18653,-25.69305],[28.18651,-25.69315],[28.18647,-25.69331],[28.18645,-25.69343],[28.18644,-25.69355],[28.18643,-25.69365],[28.18643,-25.69377],[28.18643,-25.69395],[28.18642,-25.69425],[28.18642,-25.69458],[28.18642,-25.69488],[28.18641,-25.695],[28.18641,-25.6951],[28.18639,-25.6952],[28.18637,-25.69531],[28.18634,-25.69544],[28.18631,-25.69555],[28.18626,-25.69571],[28.18618,-25.696],[28.18616,-25.69609],[28.18615,-25.69617],[28.18615,-25.69626],[28.18615,-25.69635],[28.18615,-25.6964],[28.18617,-25.69651],[28.18615,-25.69653],[28.18612,-25.69658],[28.18608,-25.69664],[28.18608,-25.69665],[28.18605,-25.6967],[28.18601,-25.69675],[28.18597,-25.6968],[28.18592,-25.69686],[28.18588,-25.69691],[28.18583,-25.69696],[28.18578,-25.69701],[28.18574,-25.69705],[28.18569,-25.6971],[28.18563,-25.69715],[28.18558,-25.69719],[28.18552,-25.69723],[28.18547,-25.69727],[28.18541,-25.69731],[28.18535,-25.69735],[28.18529,-25.69739],[28.18523,-25.69742],[28.18517,-25.69746],[28.18511,-25.69749],[28.18504,-25.69752],[28.18498,-25.69755],[28.18491,-25.69757],[28.18485,-25.6976],[28.18478,-25.69762],[28.18471,-25.69764],[28.18464,-25.69766],[28.18457,-25.69768],[28.18451,-25.6977],[28.18443,-25.69771],[28.18436,-25.69773],[28.18429,-25.69774],[28.18422,-25.69775],[28.18415,-25.69775],[28.18408,-25.69776],[28.18401,-25.69776],[28.18394,-25.69776],[28.18328,-25.69779],[28.18257,-25.69782],[28.1811,-25.69794],[28.18057,-25.69798],[28.18045,-25.698],[28.18033,-25.69802],[28.18021,-25.69803],[28.18009,-25.69805],[28.17997,-25.69808],[28.17985,-25.6981],[28.17972,-25.69813],[28.17961,-25.69815],[28.17949,-25.69818],[28.17937,-25.69821],[28.17925,-25.69824],[28.17913,-25.69828],[28.17901,-25.69831],[28.1789,-25.69835],[28.17878,-25.69839],[28.17867,-25.69843],[28.17855,-25.69847],[28.17844,-25.69852],[28.17833,-25.69856],[28.17821,-25.69861],[28.1781,-25.69866],[28.17799,-25.69871],[28.17788,-25.69876],[28.17669,-25.69941],[28.17648,-25.69953],[28.17619,-25.69969],[28.17419,-25.70079],[28.1741,-25.70084],[28.174,-25.70089],[28.1739,-25.70094],[28.17381,-25.701],[28.17372,-25.70105],[28.17362,-25.70111],[28.17353,-25.70117],[28.17344,-25.70123],[28.17335,-25.70129],[28.17326,-25.70135],[28.17317,-25.70142],[28.17309,-25.70148],[28.173,-25.70155],[28.17294,-25.7016],[28.17289,-25.70166],[28.17283,-25.70171],[28.17277,-25.70177],[28.17272,-25.70183],[28.17267,-25.70188],[28.17262,-25.70194],[28.17257,-25.70201],[28.17252,-25.70207],[28.17247,-25.70213],[28.17243,-25.7022],[28.17239,-25.70226],[28.17235,-25.70233],[28.17231,-25.70239],[28.17227,-25.70246],[28.17224,-25.70253],[28.1722,-25.7026],[28.17217,-25.70267],[28.17214,-25.70274],[28.17211,-25.70281],[28.17209,-25.70288],[28.17206,-25.70296],[28.17204,-25.70303],[28.17202,-25.7031],[28.172,-25.70318],[28.17199,-25.70325],[28.17197,-25.70332],[28.17196,-25.7034],[28.17195,-25.70347],[28.17194,-25.70355],[28.17194,-25.70366],[28.17194,-25.70377],[28.17194,-25.70388],[28.17194,-25.70399],[28.17194,-25.70411],[28.17195,-25.70422],[28.17195,-25.70433],[28.17196,-25.70444],[28.17197,-25.70455],[28.17222,-25.70625]]}},{"type":"Feature","properties":{"id":"5","name":"Line 1A - C02","network":"A Re Yeng"},"geometry":{"type":"LineString","coordinates":[[28.20101,-25.70916],[28.20138,-25.71145],[28.20186,-25.71437],[28.2022,-25.71648],[28.20248,-25.71815],[28.20255,-25.7186],[28.20289,-25.72071],[28.20309,-25.72189],[28.20323,-25.72275],[28.2034,-25.72383],[28.2036,-25.72505],[28.20381,-25.72633],[28.20393,-25.72705],[28.20402,-25.7276],[28.20422,-25.72885],[28.20429,-25.72925],[28.2043,-25.7293],[28.2043,-25.72935],[28.20431,-25.7294],[28.20431,-25.72944],[28.20431,-25.72949],[28.20431,-25.72954],[28.20431,-25.72959],[28.2043,-25.72964],[28.20429,-25.72967],[28.20429,-25.7297],[28.20429,-25.72974],[28.20428,-25.72977],[28.20428,-25.7298],[28.20428,-25.72984],[28.20429,-25.72987],[28.20429,-25.72991],[28.20435,-25.73024],[28.20437,-25.73038],[28.2046,-25.73168],[28.20461,-25.73173],[28.20461,-25.73179],[28.20462,-25.73185],[28.20463,-25.73191],[28.20463,-25.73197],[28.20463,-25.73203],[28.20463,-25.73208],[28.20462,-25.73214],[28.20462,-25.7322],[28.20461,-25.73226],[28.2046,-25.73232],[28.20459,-25.73237],[28.20457,-25.73243],[28.20456,-25.73249],[28.20454,-25.73255],[28.20452,-25.7326],[28.2045,-25.73266],[28.20448,-25.73271],[28.20445,-25.73276],[28.20427,-25.73315],[28.20328,-25.73527],[28.20325,-25.73533],[28.20322,-25.73538],[28.2032,-25.73543],[28.20318,-25.73549],[28.20316,-25.73555],[28.20314,-25.7356],[28.20313,-25.73566],[28.20311,-25.73572],[28.2031,-25.73578],[28.20309,-25.73584],[28.20309,-25.73589],[28.20308,-25.73595],[28.20308,-25.73601],[28.20308,-25.73607],[28.20308,-25.73607],[28.20308,-25.73612],[28.20308,-25.73617],[28.20308,-25.73622],[28.20313,-25.73682],[28.20337,-25.73981],[28.20348,-25.74092],[28.20263,-25.74109],[28.20163,-25.74129],[28.20076,-25.74147],[28.19948,-25.74171],[28.1992,-25.74176],[28.19909,-25.74176],[28.19911,-25.74184],[28.19921,-25.74234],[28.19934,-25.74273],[28.19939,-25.74283],[28.19955,-25.74308],[28.19972,-25.74333],[28.19996,-25.74371],[28.20014,-25.74415],[28.20018,-25.74424],[28.20023,-25.74455],[28.20026,-25.74481],[28.20026,-25.74485],[28.20026,-25.74495],[28.2003,-25.74562],[28.20035,-25.74631],[28.20035,-25.74638],[28.20034,-25.74644],[28.20034,-25.74651],[28.20033,-25.74657],[28.20033,-25.74664],[28.20032,-25.74671],[28.20031,-25.74677],[28.20029,-25.74684],[28.20028,-25.7469],[28.20026,-25.74697],[28.20024,-25.74703],[28.20023,-25.7471],[28.20021,-25.74715],[28.20019,-25.7472],[28.20017,-25.74724],[28.20015,-25.74729],[28.20013,-25.74734],[28.2001,-25.74739],[28.20008,-25.74743],[28.20005,-25.74748],[28.20002,-25.74753],[28.19999,-25.74758],[28.19995,-25.74763],[28.19992,-25.74767],[28.19988,-25.74772],[28.19982,-25.74778],[28.19977,-25.74784],[28.19972,-25.7479],[28.19967,-25.74796],[28.19962,-25.74802],[28.19957,-25.74808],[28.19953,-25.74815],[28.19949,-25.74821],[28.19944,-25.74828],[28.1994,-25.74835],[28.19936,-25.74842],[28.19933,-25.74848],[28.19929,-25.74855],[28.19926,-25.74862],[28.19909,-25.74893],[28.19868,-25.7497],[28.19862,-25.74982],[28.19856,-25.74995],[28.1985,-25.75007],[28.1985,-25.75007],[28.19843,-25.75021],[28.19836,-25.75036],[28.19829,-25.7505],[28.19826,-25.75061],[28.19823,-25.75073],[28.1982,-25.75084],[28.19817,-25.75096],[28.19814,-25.75107],[28.19812,-25.75119],[28.19808,-25.7514],[28.19808,-25.75145],[28.19813,-25.75148],[28.19818,-25.7515],[28.19826,-25.75153],[28.19882,-25.75165],[28.19887,-25.75165],[28.19891,-25.75165],[28.19896,-25.75166],[28.19901,-25.75167],[28.19906,-25.75167],[28.19911,-25.75169],[28.19916,-25.7517],[28.1992,-25.75171],[28.19925,-25.75173],[28.1993,-25.75175],[28.19934,-25.75176],[28.19977,-25.75194],[28.20048,-25.75224],[28.20056,-25.75227],[28.20064,-25.75231],[28.20072,-25.75234],[28.2008,-25.75238],[28.20088,-25.75241],[28.20096,-25.75244],[28.20105,-25.75247],[28.20113,-25.75249],[28.20121,-25.75252],[28.2013,-25.75254],[28.20138,-25.75256],[28.20147,-25.75258],[28.20156,-25.7526],[28.20205,-25.75275],[28.20213,-25.7528],[28.20279,-25.75305],[28.20362,-25.75339],[28.20424,-25.75364],[28.20496,-25.75227],[28.20599,-25.75028],[28.20605,-25.75009],[28.2061,-25.74992],[28.20619,-25.74926],[28.20622,-25.74882],[28.20622,-25.74876],[28.20618,-25.74815],[28.20605,-25.7467],[28.20593,-25.74523],[28.20581,-25.74376],[28.20574,-25.74303],[28.20568,-25.74228],[28.20564,-25.74181],[28.20556,-25.74082],[28.20543,-25.73943],[28.20515,-25.73596],[28.20513,-25.7359],[28.20512,-25.73585],[28.20511,-25.7358],[28.20509,-25.73575],[28.20507,-25.7357],[28.20505,-25.73565],[28.20503,-25.7356],[28.205,-25.73556],[28.20498,-25.73551],[28.20495,-25.73546],[28.20492,-25.73542],[28.20489,-25.73537],[28.20485,-25.73533],[28.20477,-25.73523],[28.20435,-25.73472],[28.20432,-25.73467],[28.2043,-25.73463],[28.20428,-25.73459],[28.20426,-25.73455],[28.20424,-25.7345],[28.20422,-25.73446],[28.20421,-25.73441],[28.2042,-25.73437],[28.20418,-25.73432],[28.20417,-25.73427],[28.20417,-25.73423],[28.20416,-25.73418],[28.20416,-25.73413],[28.20416,-25.73409],[28.20416,-25.73404],[28.20416,-25.73399],[28.20416,-25.73394],[28.20417,-25.7339],[28.20418,-25.73385],[28.20419,-25.7338],[28.2042,-25.73376],[28.20445,-25.73316],[28.20449,-25.73309],[28.20452,-25.73302],[28.20455,-25.73295],[28.20458,-25.73288],[28.20461,-25.73281],[28.20464,-25.73273],[28.20467,-25.73266],[28.20469,-25.73259],[28.20471,-25.73251],[28.20473,-25.73244],[28.20475,-25.73236],[28.20476,-25.73229],[28.20478,-25.73221],[28.20479,-25.73216],[28.2048,-25.73211],[28.2048,-25.73206],[28.20481,-25.73201],[28.20481,-25.73196],[28.20481,-25.73191],[28.20481,-25.73186],[28.20481,-25.73181],[28.2048,-25.73176],[28.20479,-25.73171],[28.20479,-25.73166],[28.20477,-25.73161],[28.20476,-25.73156],[28.20475,-25.73151],[28.2046,-25.7307],[28.20458,-25.73061],[28.20456,-25.73051],[28.20455,-25.73042],[28.20453,-25.73033],[28.20452,-25.73023],[28.20451,-25.73019],[28.20451,-25.73014],[28.2045,-25.7301],[28.2045,-25.73005],[28.2045,-25.73001],[28.2045,-25.72996],[28.2045,-25.72992],[28.20451,-25.72987],[28.20451,-25.72983],[28.20452,-25.72979],[28.20453,-25.72974],[28.20455,-25.7297],[28.20456,-25.72965],[28.20458,-25.72961],[28.2046,-25.72957],[28.20462,-25.72953],[28.20464,-25.72949],[28.20466,-25.72945],[28.20469,-25.72941],[28.20471,-25.72937],[28.20474,-25.72933],[28.20477,-25.7293],[28.20519,-25.72881],[28.20523,-25.72877],[28.20526,-25.72872],[28.20529,-25.72868],[28.20532,-25.72863],[28.20535,-25.72858],[28.20538,-25.72853],[28.20541,-25.72848],[28.20543,-25.72843],[28.20545,-25.72838],[28.20547,-25.72833],[28.20549,-25.72827],[28.20551,-25.72822],[28.20552,-25.72817],[28.20554,-25.72811],[28.20555,-25.72806],[28.20556,-25.728],[28.20556,-25.72795],[28.20557,-25.72789],[28.20557,-25.72784],[28.20557,-25.72778],[28.20557,-25.72773],[28.20557,-25.72767],[28.20557,-25.72762],[28.20556,-25.72756],[28.20547,-25.72685],[28.20512,-25.72473],[28.20474,-25.72238],[28.20462,-25.72164],[28.20443,-25.72051],[28.20409,-25.71839],[28.20374,-25.71628],[28.2034,-25.71416],[28.20286,-25.7109],[28.20267,-25.70979],[28.20264,-25.70969],[28.20262,-25.7096],[28.20259,-25.70951],[28.20256,-25.70941],[28.20252,-25.70932],[28.20249,-25.70923],[28.20245,-25.70914],[28.20241,-25.70905],[28.20237,-25.70896],[28.20101,-25.70916]]}},{"type":"Feature","properties":{"id":"5","name":"Line 1A - C02","network":"A Re Yeng"},"geometry":{"type":"LineString","coordinates":[[28.18681,-25.70771],[28.18737,-25.70777],[28.18805,-25.70783],[28.18952,-25.70797],[28.19099,-25.70812],[28.19245,-25.70827],[28.19398,-25.70843],[28.19551,-25.70857],[28.19696,-25.70871],[28.19844,-25.70885],[28.1994,-25.70896],[28.19988,-25.70902],[28.20101,-25.70916]]}},{"type":"Feature","properties":{"id":"5","name":"Line 1A - C02","network":"A Re Yeng"},"geometry":{"type":"LineString","coordinates":[[28.18681,-25.70771],[28.18666,-25.7077],[28.18668,-25.70756],[28.1867,-25.70741],[28.18673,-25.70711],[28.18675,-25.70694],[28.18678,-25.70669],[28.18682,-25.70642],[28.18685,-25.7062],[28.18689,-25.70598],[28.18692,-25.70581],[28.18695,-25.70551],[28.18698,-25.70528],[28.187,-25.70514],[28.18706,-25.70462],[28.18714,-25.70404],[28.18719,-25.70357],[28.18724,-25.70315],[28.1873,-25.70271],[28.18737,-25.70212],[28.18745,-25.70143],[28.1875,-25.70099],[28.1875,-25.70094],[28.18752,-25.70073],[28.18754,-25.70059],[28.18758,-25.7003],[28.1876,-25.70014],[28.18764,-25.69977],[28.18765,-25.69967],[28.18766,-25.69958],[28.18766,-25.69951],[28.18766,-25.69944],[28.18765,-25.69937],[28.18764,-25.69926],[28.18763,-25.69917],[28.18761,-25.69907],[28.18758,-25.69897],[28.18755,-25.69887],[28.18753,-25.69881],[28.1875,-25.69874],[28.18747,-25.69866],[28.18743,-25.69858],[28.18739,-25.6985],[28.18735,-25.69842],[28.1873,-25.69835],[28.18724,-25.69826],[28.18713,-25.69811],[28.18693,-25.69784],[28.18673,-25.69757],[28.18661,-25.69741],[28.18652,-25.69728],[28.18644,-25.69717],[28.18635,-25.69704],[28.18629,-25.69696],[28.18625,-25.69689],[28.18621,-25.69682],[28.18618,-25.69675],[28.18616,-25.69669],[28.18614,-25.69662],[28.18613,-25.69657],[28.18611,-25.6965],[28.18611,-25.69644],[28.18609,-25.6963],[28.18609,-25.69623],[28.1861,-25.69614],[28.18612,-25.69603],[28.18614,-25.69592],[28.18618,-25.69579],[28.18624,-25.69559],[28.18627,-25.69546],[28.1863,-25.69537],[28.18632,-25.69527],[28.18634,-25.69517],[28.18635,-25.69509],[28.18636,-25.69502],[28.18636,-25.69494],[28.18637,-25.6948],[28.18637,-25.69458],[28.18637,-25.69426],[28.18637,-25.69405],[28.18638,-25.69382],[28.18638,-25.6937],[28.18639,-25.69365],[28.18639,-25.69358],[28.1864,-25.6935],[28.18641,-25.69343],[28.18642,-25.69336],[28.18644,-25.6933],[28.18645,-25.69322],[28.18647,-25.69316],[28.18649,-25.69308],[28.18651,-25.69301],[28.18654,-25.69292],[28.18656,-25.69284],[28.18658,-25.69278],[28.18661,-25.69269],[28.18664,-25.6926],[28.18667,-25.69254],[28.1867,-25.69247],[28.1868,-25.69229],[28.18694,-25.69199],[28.18708,-25.69171],[28.18714,-25.69158],[28.18717,-25.69152],[28.18721,-25.69143],[28.18724,-25.69133],[28.18727,-25.69125],[28.1873,-25.69116],[28.18731,-25.69111],[28.18734,-25.69103],[28.18735,-25.69096],[28.18737,-25.69088],[28.18738,-25.6908],[28.1874,-25.69071],[28.18741,-25.69061],[28.18742,-25.69053],[28.18742,-25.69046],[28.18743,-25.69038],[28.18743,-25.6903],[28.18743,-25.69026],[28.18742,-25.69018],[28.18742,-25.6901],[28.18741,-25.69002],[28.1874,-25.68993],[28.18739,-25.68984],[28.18738,-25.68975],[28.18735,-25.68963],[28.18731,-25.68948],[28.18728,-25.68935],[28.18724,-25.68923],[28.1872,-25.68914],[28.18717,-25.68906],[28.18714,-25.68901],[28.1871,-25.68891],[28.18706,-25.68882],[28.18702,-25.68873],[28.18697,-25.68865],[28.18693,-25.68856],[28.18686,-25.68844],[28.18673,-25.68821],[28.18667,-25.68812],[28.18661,-25.68803],[28.18652,-25.68791],[28.18646,-25.68782],[28.18637,-25.68771],[28.18626,-25.68758],[28.18618,-25.68749],[28.18603,-25.68733],[28.18592,-25.68722],[28.18583,-25.68713],[28.18558,-25.68689],[28.18532,-25.68665],[28.18521,-25.68655],[28.18511,-25.68644],[28.18502,-25.68635],[28.18487,-25.68619],[28.18478,-25.68609],[28.18472,-25.68601],[28.18464,-25.68592],[28.18457,-25.68582],[28.1845,-25.68573],[28.18444,-25.68564],[28.18436,-25.68553],[28.1843,-25.68544],[28.18423,-25.68533],[28.18417,-25.68524],[28.18411,-25.68515],[28.18406,-25.68507],[28.18399,-25.68493],[28.18393,-25.68482],[28.18385,-25.68468],[28.18377,-25.68453],[28.18373,-25.68445],[28.18368,-25.68437],[28.18363,-25.68426],[28.18358,-25.68415],[28.18354,-25.68403],[28.18349,-25.68389],[28.18346,-25.68377],[28.18344,-25.68365],[28.18342,-25.68353],[28.1834,-25.68341],[28.18339,-25.68329],[28.18339,-25.68318],[28.18339,-25.68304],[28.1834,-25.6829],[28.18342,-25.68276],[28.18344,-25.68266],[28.18346,-25.68254],[28.18349,-25.68243],[28.18354,-25.68227],[28.18356,-25.68222],[28.18363,-25.68205],[28.1837,-25.6819],[28.18377,-25.68175],[28.18382,-25.68167],[28.18383,-25.68165],[28.18384,-25.68164],[28.18385,-25.68164],[28.18386,-25.68163],[28.18387,-25.68163],[28.18389,-25.68163],[28.18397,-25.68167],[28.18397,-25.68168],[28.18398,-25.6817],[28.18397,-25.68172],[28.18386,-25.68188],[28.18381,-25.68197],[28.18372,-25.68212],[28.18365,-25.68227],[28.18363,-25.68232],[28.1836,-25.68239],[28.18357,-25.68247],[28.18354,-25.68257],[28.18351,-25.68268],[28.18349,-25.68279],[28.18347,-25.6829],[28.18346,-25.68306],[28.18346,-25.6832],[28.18346,-25.68333],[28.18347,-25.68344],[28.18349,-25.68359],[28.18351,-25.6837],[28.18355,-25.68383],[28.18358,-25.68393],[28.18362,-25.68404],[28.18366,-25.68414],[28.18371,-25.68424],[28.18377,-25.68436],[28.18382,-25.68447],[28.18388,-25.6846],[28.18395,-25.68473],[28.18401,-25.68484],[28.18403,-25.68488],[28.18407,-25.68497],[28.18412,-25.68506],[28.18418,-25.68516],[28.18423,-25.68523],[28.18431,-25.68537],[28.1844,-25.6855],[28.18446,-25.68559],[28.18455,-25.68571],[28.18462,-25.6858],[28.1847,-25.6859],[28.18479,-25.68601],[28.18484,-25.68608],[28.18493,-25.68618],[28.18505,-25.68631],[28.18517,-25.68643],[28.18529,-25.68655],[28.18556,-25.68681],[28.18587,-25.6871],[28.18604,-25.68727],[28.18615,-25.68738],[28.18625,-25.68749],[28.18637,-25.68763],[28.18646,-25.68774],[28.18653,-25.68783],[28.18665,-25.688],[28.18672,-25.6881],[28.1868,-25.68823],[28.18686,-25.68832],[28.18689,-25.68838],[28.18691,-25.6884],[28.18696,-25.6885],[28.187,-25.68859],[28.18705,-25.68869],[28.1871,-25.68879],[28.18716,-25.6889],[28.18721,-25.68902],[28.18725,-25.68912],[28.18729,-25.68923],[28.18733,-25.68934],[28.18736,-25.68945],[28.18739,-25.68955],[28.18741,-25.68963],[28.18743,-25.68973],[28.18745,-25.68983],[28.18745,-25.68991],[28.18746,-25.68999],[28.18747,-25.69006],[28.18747,-25.69014],[28.18748,-25.69022],[28.18748,-25.6903],[28.18748,-25.69038],[28.18748,-25.69048],[28.18747,-25.69056],[28.18746,-25.69063],[28.18745,-25.69073],[28.18744,-25.69081],[28.18742,-25.6909],[28.18741,-25.69098],[28.18739,-25.69105],[28.18737,-25.69112],[28.18734,-25.6912],[28.18732,-25.69128],[28.18729,-25.69136],[28.18726,-25.69145],[28.18723,-25.69152],[28.18719,-25.69161],[28.18715,-25.69169],[28.18712,-25.69176],[28.18697,-25.69206],[28.18684,-25.69231],[28.18674,-25.6925],[28.1867,-25.69259],[28.18667,-25.69265],[28.18665,-25.69269],[28.18662,-25.69278],[28.18659,-25.69286],[28.18656,-25.69294],[28.18653,-25.69305],[28.18651,-25.69315],[28.18647,-25.69331],[28.18645,-25.69343],[28.18644,-25.69355],[28.18643,-25.69365],[28.18643,-25.69377],[28.18643,-25.69395],[28.18642,-25.69425],[28.18642,-25.69458],[28.18642,-25.69488],[28.18641,-25.695],[28.18641,-25.6951],[28.18639,-25.6952],[28.18637,-25.69531],[28.18634,-25.69544],[28.18631,-25.69555],[28.18626,-25.69571],[28.18618,-25.696],[28.18616,-25.69609],[28.18615,-25.69617],[28.18615,-25.69626],[28.18615,-25.69635],[28.18615,-25.6964],[28.18617,-25.69651],[28.18618,-25.69656],[28.1862,-25.69663],[28.18625,-25.69677],[28.18632,-25.69691],[28.18639,-25.69702],[28.18648,-25.69713],[28.18661,-25.69731],[28.18669,-25.69743],[28.18676,-25.69752],[28.18685,-25.69765],[28.18697,-25.69781],[28.18709,-25.69797],[28.18722,-25.69815],[28.18731,-25.69827],[28.18735,-25.69833],[28.1874,-25.69841],[28.18745,-25.69849],[28.1875,-25.69859],[28.18754,-25.6987],[28.18758,-25.6988],[28.18762,-25.69891],[28.18765,-25.69902],[28.18767,-25.69911],[28.18768,-25.69918],[28.18769,-25.69927],[28.1877,-25.69935],[28.18771,-25.69943],[28.18771,-25.6995],[28.18771,-25.69957],[28.1877,-25.69964],[28.1877,-25.69973],[28.18769,-25.69982],[28.18768,-25.69993],[28.18766,-25.7001],[28.18763,-25.70031],[28.18761,-25.70043],[28.18759,-25.70059],[28.18758,-25.70073],[28.18756,-25.70091],[28.18754,-25.70108],[28.18751,-25.70129],[28.18749,-25.70147],[28.18746,-25.70175],[28.18743,-25.70202],[28.1874,-25.70229],[28.18736,-25.70262],[28.18733,-25.70291],[28.18726,-25.70343],[28.18719,-25.70406],[28.18717,-25.70421],[28.1871,-25.70475],[28.18704,-25.70528],[28.18702,-25.70537],[28.187,-25.70551],[28.18699,-25.70567],[28.18698,-25.70577],[28.18697,-25.70593],[28.18697,-25.70617],[28.18697,-25.70633],[28.18697,-25.70643],[28.18696,-25.70653],[28.18694,-25.70668],[28.18692,-25.7068],[28.18689,-25.70703],[28.18685,-25.70739],[28.18683,-25.70757],[28.18681,-25.70771]]}},{"type":"Feature","properties":{"id":"1","name":"Line 2A - F04","network":"A Re Yeng"},"geometry":{"type":"LineString","coordinates":[[28.19887,-25.76236],[28.19935,-25.76191],[28.19938,-25.76187],[28.19941,-25.76183],[28.19944,-25.76179],[28.19947,-25.76175],[28.1995,-25.76171],[28.19953,-25.76167],[28.19955,-25.76162],[28.19958,-25.76158],[28.1996,-25.76153],[28.19962,-25.76148],[28.19964,-25.76144],[28.19966,-25.76139],[28.19967,-25.76133],[28.19971,-25.76116],[28.19975,-25.76093],[28.19983,-25.76042],[28.20018,-25.75811],[28.20186,-25.75832],[28.20189,-25.75821],[28.20262,-25.75679],[28.20373,-25.75466],[28.20378,-25.75455],[28.20424,-25.75364],[28.20572,-25.75428],[28.20719,-25.75491],[28.20788,-25.7552],[28.20799,-25.75529],[28.20804,-25.75534],[28.20808,-25.75539],[28.20814,-25.75548],[28.20823,-25.75561],[28.20834,-25.75573],[28.20846,-25.75587],[28.20812,-25.75652],[28.20746,-25.75781],[28.20738,-25.75797],[28.20703,-25.75865],[28.20695,-25.75888],[28.20699,-25.75888],[28.20703,-25.75889],[28.20707,-25.75889],[28.20789,-25.75904],[28.20825,-25.75908],[28.20862,-25.75913],[28.20927,-25.75922],[28.2103,-25.75935],[28.21133,-25.75948],[28.21196,-25.75957],[28.21235,-25.75961],[28.21338,-25.75975],[28.21414,-25.75985],[28.21477,-25.75993],[28.21531,-25.76],[28.21698,-25.76022],[28.21799,-25.76035],[28.21803,-25.76036],[28.21807,-25.76038],[28.21811,-25.7604],[28.21815,-25.76041],[28.21819,-25.76044],[28.21823,-25.76046],[28.21826,-25.76048],[28.2183,-25.76051],[28.21833,-25.76053],[28.21837,-25.76056],[28.2184,-25.76059],[28.21843,-25.76062],[28.21845,-25.76065],[28.21848,-25.76069],[28.21851,-25.76072],[28.21853,-25.76076],[28.21855,-25.76079],[28.21856,-25.76082],[28.21858,-25.76085],[28.21859,-25.76088],[28.21889,-25.76147],[28.21893,-25.76153],[28.21897,-25.76159],[28.21901,-25.76165],[28.21905,-25.76172],[28.21909,-25.76178],[28.21914,-25.76183],[28.21918,-25.76189],[28.21923,-25.76195],[28.21928,-25.76201],[28.21933,-25.76206],[28.21998,-25.76287],[28.22008,-25.76301],[28.22015,-25.76314],[28.22024,-25.76334],[28.22074,-25.76456],[28.22166,-25.76677],[28.21801,-25.76893],[28.21564,-25.77005],[28.21483,-25.7704],[28.2148,-25.77042],[28.21476,-25.77043],[28.21473,-25.77045],[28.21469,-25.77047],[28.21466,-25.77049],[28.21462,-25.77052],[28.21459,-25.77054],[28.21456,-25.77057],[28.21451,-25.7706],[28.21446,-25.77064],[28.21442,-25.77068],[28.21439,-25.77071],[28.21437,-25.77074],[28.21435,-25.77078],[28.21432,-25.77081],[28.2143,-25.77084],[28.21427,-25.77087],[28.21424,-25.7709],[28.21421,-25.77093],[28.21417,-25.77095],[28.21413,-25.77097],[28.21409,-25.77099],[28.21402,-25.771],[28.21393,-25.77101],[28.21385,-25.771],[28.21371,-25.77099],[28.21357,-25.77096],[28.21342,-25.77094],[28.21327,-25.77092],[28.2131,-25.77092],[28.21292,-25.77092],[28.21284,-25.77092],[28.21276,-25.77092],[28.21267,-25.77092],[28.21259,-25.77092],[28.21251,-25.77092],[28.21242,-25.77093],[28.21234,-25.77093],[28.21226,-25.77094],[28.21217,-25.77095],[28.21209,-25.77096],[28.21201,-25.77097],[28.21028,-25.77123],[28.2098,-25.76868],[28.20979,-25.76863],[28.20978,-25.76857],[28.20976,-25.76852],[28.20974,-25.76846],[28.20972,-25.76841],[28.2097,-25.76835],[28.20968,-25.7683],[28.20965,-25.76825],[28.20963,-25.76819],[28.2096,-25.76814],[28.20957,-25.76809],[28.20953,-25.76804],[28.2095,-25.76799],[28.20946,-25.76795],[28.20942,-25.7679],[28.20939,-25.76785],[28.20934,-25.76781],[28.2093,-25.76777],[28.20926,-25.76772],[28.20921,-25.76768],[28.20917,-25.76764],[28.20912,-25.76761],[28.20907,-25.76757],[28.20902,-25.76753],[28.20897,-25.7675],[28.20892,-25.76747],[28.20886,-25.76744],[28.20881,-25.76741],[28.20875,-25.76738],[28.20869,-25.76735],[28.20864,-25.76733],[28.20858,-25.76731],[28.20852,-25.76729],[28.20846,-25.76727],[28.2084,-25.76725],[28.20834,-25.76723],[28.20828,-25.76722],[28.20821,-25.7672],[28.20815,-25.76719],[28.2081,-25.76719],[28.20805,-25.76718],[28.208,-25.76717],[28.20795,-25.76717],[28.20649,-25.76711],[28.20643,-25.7671],[28.20637,-25.7671],[28.2063,-25.76709],[28.20624,-25.76708],[28.20618,-25.76707],[28.20612,-25.76706],[28.20606,-25.76704],[28.206,-25.76703],[28.20595,-25.76701],[28.20589,-25.76699],[28.20583,-25.76697],[28.20577,-25.76694],[28.20572,-25.76692],[28.20566,-25.76689],[28.20561,-25.76687],[28.20556,-25.76684],[28.20551,-25.76681],[28.20545,-25.76677],[28.2054,-25.76674],[28.20536,-25.76671],[28.20531,-25.76667],[28.20526,-25.76663],[28.20522,-25.76659],[28.20518,-25.76655],[28.20513,-25.76651],[28.20509,-25.76647],[28.20505,-25.76643],[28.20502,-25.76639],[28.20498,-25.76634],[28.20495,-25.7663],[28.20492,-25.76626],[28.20489,-25.76621],[28.20486,-25.76617],[28.20483,-25.76612],[28.2048,-25.76607],[28.20478,-25.76602],[28.20475,-25.76597],[28.20473,-25.76592],[28.20471,-25.76587],[28.20469,-25.76582],[28.20445,-25.76509],[28.20404,-25.76512],[28.204,-25.76512],[28.20395,-25.76513],[28.2039,-25.76514],[28.20386,-25.76515],[28.20381,-25.76516],[28.20353,-25.76523],[28.20347,-25.76525],[28.20341,-25.76526],[28.20334,-25.76526],[28.20328,-25.76527],[28.20322,-25.76528],[28.20316,-25.76528],[28.20309,-25.76528],[28.20303,-25.76528],[28.20297,-25.76528],[28.20291,-25.76528],[28.20274,-25.76527],[28.20267,-25.76526],[28.2026,-25.76526],[28.20253,-25.76526],[28.20246,-25.76526],[28.20239,-25.76526],[28.20232,-25.76527],[28.20225,-25.76527],[28.20217,-25.76528],[28.19877,-25.76567],[28.19883,-25.76525],[28.19884,-25.76521],[28.19885,-25.76518],[28.19887,-25.76514],[28.19888,-25.76511],[28.1989,-25.76507],[28.19892,-25.76504],[28.19894,-25.76501],[28.19907,-25.76484],[28.19909,-25.76481],[28.19911,-25.76478],[28.19912,-25.76475],[28.19914,-25.76472],[28.19915,-25.76469],[28.19916,-25.76466],[28.19917,-25.76462],[28.19917,-25.76459],[28.19926,-25.76399],[28.19945,-25.76279],[28.19906,-25.76274],[28.19903,-25.76274],[28.19901,-25.76274],[28.19899,-25.76273],[28.19897,-25.76272],[28.19895,-25.76272],[28.19893,-25.76271],[28.19891,-25.76267],[28.19888,-25.7626],[28.19885,-25.76247],[28.19885,-25.76242],[28.19886,-25.76239],[28.19887,-25.76236]]}},{"type":"Feature","properties":{"id":"2","name":"Line 2A - F07","network":"A Re Yeng"},"geometry":{"type":"LineString","coordinates":[[28.20021,-25.758],[28.20115,-25.75616],[28.20228,-25.75402],[28.20251,-25.75354],[28.20279,-25.75305],[28.20788,-25.7552],[28.20798,-25.75524],[28.20802,-25.75525],[28.2081,-25.75529],[28.20814,-25.75531],[28.20817,-25.75534],[28.20821,-25.75536],[28.20826,-25.7554],[28.20831,-25.75544],[28.20835,-25.75548],[28.2084,-25.75554],[28.2085,-25.75567],[28.20847,-25.75563],[28.20854,-25.75572],[28.2086,-25.7558],[28.20866,-25.75587],[28.20872,-25.75596],[28.20888,-25.75617],[28.20914,-25.7565],[28.20923,-25.75655],[28.20944,-25.75665],[28.20967,-25.75672],[28.21377,-25.75726],[28.21337,-25.75975],[28.21798,-25.76035],[28.21829,-25.7605],[28.21843,-25.76063],[28.21853,-25.76076],[28.21866,-25.76102],[28.21889,-25.76146],[28.21905,-25.76172],[28.21921,-25.76193],[28.21998,-25.76287],[28.22008,-25.76301],[28.22015,-25.76314],[28.22024,-25.76334],[28.22074,-25.76457],[28.22165,-25.76678],[28.21801,-25.76892],[28.2157,-25.77002],[28.21502,-25.77037],[28.2149,-25.77045],[28.21481,-25.77049],[28.21471,-25.77055],[28.21465,-25.7706],[28.21459,-25.77066],[28.21457,-25.77069],[28.21452,-25.77075],[28.21449,-25.7708],[28.21446,-25.77085],[28.21443,-25.77092],[28.21442,-25.77096],[28.2144,-25.77103],[28.21439,-25.77108],[28.21438,-25.77122],[28.21439,-25.7714],[28.21424,-25.77136],[28.21386,-25.77126],[28.21377,-25.77124],[28.21368,-25.77122],[28.21351,-25.77118],[28.21333,-25.77116],[28.21324,-25.77114],[28.21316,-25.77113],[28.21298,-25.77112],[28.21283,-25.77111],[28.21264,-25.77111],[28.21248,-25.77111],[28.21233,-25.77112],[28.21224,-25.77112],[28.21215,-25.77113],[28.21204,-25.77114],[28.21133,-25.77126],[28.21074,-25.77135],[28.21031,-25.77141],[28.21028,-25.77123],[28.21024,-25.77103],[28.21016,-25.77059],[28.20995,-25.76946],[28.20984,-25.76884],[28.20981,-25.76872],[28.2098,-25.76866],[28.20978,-25.76859],[28.20976,-25.76852],[28.20973,-25.76842],[28.2097,-25.76835],[28.20966,-25.76825],[28.20958,-25.76811],[28.20946,-25.76795],[28.20936,-25.76782],[28.20928,-25.76775],[28.2092,-25.76767],[28.20913,-25.76762],[28.20908,-25.76758],[28.20903,-25.76754],[28.20896,-25.76749],[28.20889,-25.76745],[28.20864,-25.76733],[28.20832,-25.76723],[28.20803,-25.76718],[28.20694,-25.76713],[28.2065,-25.76711],[28.20617,-25.76707],[28.20588,-25.76699],[28.20558,-25.76685],[28.20528,-25.76666],[28.20505,-25.76643],[28.20486,-25.76619],[28.20476,-25.766],[28.20468,-25.76579],[28.20453,-25.76534],[28.20445,-25.76509],[28.20425,-25.7651],[28.20406,-25.76512],[28.20386,-25.76516],[28.20351,-25.76524],[28.20326,-25.76528],[28.2028,-25.76527],[28.20253,-25.76526],[28.20227,-25.76528],[28.19879,-25.76567],[28.1988,-25.7655],[28.19883,-25.76524],[28.19889,-25.7651],[28.19895,-25.76499],[28.19905,-25.76487],[28.19913,-25.76476],[28.19916,-25.76463],[28.19945,-25.76279],[28.19938,-25.76278],[28.19901,-25.76274],[28.19899,-25.76273],[28.19896,-25.76272],[28.19893,-25.76271],[28.19892,-25.7627],[28.1989,-25.76269],[28.19888,-25.76267],[28.19886,-25.76266],[28.19885,-25.76264],[28.19884,-25.76262],[28.19873,-25.76241],[28.19867,-25.7623],[28.19885,-25.76215],[28.19904,-25.76201],[28.1993,-25.76179],[28.19957,-25.76142],[28.1997,-25.76119],[28.19983,-25.76042],[28.20018,-25.75811],[28.20021,-25.758]]}},{"type":"Feature","properties":{"id":"3","name":"Line 2A - F06","network":"A Re Yeng"},"geometry":{"type":"LineString","coordinates":[[28.18373,-25.7534],[28.18374,-25.75362],[28.18369,-25.75382],[28.18361,-25.754],[28.18357,-25.75411],[28.18343,-25.75433],[28.18318,-25.75454],[28.18286,-25.7547],[28.18261,-25.75482],[28.1824,-25.75493],[28.18224,-25.75503],[28.18244,-25.75519],[28.18267,-25.75539],[28.18287,-25.75554],[28.1831,-25.75563],[28.18332,-25.75566],[28.1836,-25.75564],[28.18419,-25.7556],[28.18462,-25.75557],[28.18512,-25.75553],[28.18568,-25.75549],[28.18636,-25.75545],[28.18881,-25.75528],[28.18893,-25.75675],[28.18648,-25.75691],[28.18636,-25.75545],[28.18881,-25.75528],[28.18842,-25.75066],[28.19086,-25.75044],[28.19141,-25.75039],[28.1918,-25.75038],[28.19228,-25.75038],[28.19267,-25.75041],[28.19307,-25.75044],[28.19331,-25.75045],[28.19355,-25.75045],[28.19388,-25.75042],[28.1944,-25.75029],[28.19477,-25.75021],[28.19513,-25.75016],[28.19544,-25.75012],[28.19573,-25.75011],[28.19621,-25.75008],[28.19731,-25.75002],[28.19797,-25.74999],[28.19814,-25.74996],[28.19755,-25.74284],[28.19265,-25.74318],[28.18782,-25.74351],[28.18755,-25.74058],[28.18513,-25.74076],[28.18387,-25.74084],[28.18116,-25.74102],[28.18024,-25.74109],[28.18007,-25.74111],[28.17987,-25.74115],[28.17962,-25.74121],[28.17942,-25.74126],[28.17921,-25.74133],[28.17908,-25.74138],[28.17889,-25.74145],[28.1787,-25.74154],[28.17855,-25.74162],[28.17836,-25.74172],[28.17821,-25.74178],[28.17802,-25.74183],[28.17781,-25.74186],[28.17761,-25.74187],[28.17743,-25.74187],[28.17725,-25.74184],[28.17707,-25.7418],[28.17689,-25.74174],[28.1767,-25.74166],[28.17648,-25.74157],[28.17626,-25.74149],[28.1761,-25.74144],[28.17596,-25.74141],[28.17582,-25.7414],[28.17568,-25.7414],[28.17418,-25.7415],[28.17292,-25.74159],[28.17188,-25.74166],[28.17177,-25.74032],[28.17431,-25.74018],[28.17718,-25.73998],[28.18012,-25.73974],[28.18161,-25.73963],[28.18257,-25.73956],[28.18256,-25.73956],[28.18269,-25.74092],[28.1828,-25.74238],[28.18293,-25.74385],[28.18306,-25.74532],[28.18318,-25.74679],[28.1833,-25.74826],[28.18343,-25.74973],[28.1835,-25.75061],[28.18354,-25.75118],[28.18372,-25.7534]]}},{"type":"Feature","properties":{"id":"relation/4511530","name":"BRT T1: Ellis Park East => Thokoza Park","network":"Rea Vaya"},"geometry":{"type":"LineString","coordinates":[[28.06792,-26.19777],[28.06784,-26.19773],[28.06776,-26.19767],[28.06761,-26.19756],[28.06754,-26.19751],[28.06748,-26.19745],[28.0674,-26.19737],[28.06709,-26.19699],[28.06695,-26.19681],[28.06691,-26.19675],[28.06686,-26.19666],[28.06681,-26.19656],[28.06677,-26.19647],[28.06668,-26.19632],[28.06661,-26.19622],[28.06633,-26.19587],[28.06623,-26.19574],[28.06617,-26.19567],[28.06611,-26.1956],[28.06607,-26.19556],[28.06577,-26.19524],[28.06551,-26.19497],[28.06525,-26.19468],[28.06511,-26.19453],[28.06504,-26.19446],[28.06486,-26.19425],[28.06461,-26.19395],[28.06436,-26.19365],[28.06427,-26.19354],[28.06412,-26.19335],[28.06385,-26.19302],[28.06371,-26.19285],[28.06347,-26.19256],[28.06335,-26.19242],[28.0633,-26.19236],[28.0632,-26.19223],[28.06296,-26.19195],[28.06291,-26.19189],[28.06284,-26.19183],[28.06275,-26.19176],[28.06262,-26.19167],[28.06253,-26.19163],[28.06244,-26.19158],[28.06234,-26.19154],[28.06223,-26.19152],[28.06209,-26.19149],[28.06196,-26.19147],[28.06149,-26.19147],[28.06102,-26.19147],[28.06094,-26.19147],[28.0609,-26.19146],[28.0608,-26.19146],[28.0607,-26.19146],[28.06029,-26.19145],[28.05988,-26.19146],[28.05961,-26.19147],[28.05939,-26.19148],[28.05927,-26.19149],[28.05898,-26.19151],[28.05838,-26.19151],[28.05828,-26.19151],[28.05821,-26.19151],[28.05803,-26.19151],[28.05797,-26.19151],[28.0579,-26.19151],[28.05756,-26.19151],[28.05714,-26.1915],[28.05691,-26.19152],[28.05669,-26.19156],[28.05653,-26.19159],[28.0564,-26.19163],[28.05622,-26.19169],[28.056,-26.1918],[28.05569,-26.19197],[28.0555,-26.19207],[28.05529,-26.19219],[28.0552,-26.19224],[28.05502,-26.19235],[28.05476,-26.19252],[28.05454,-26.19264],[28.05411,-26.19288],[28.05389,-26.19299],[28.05341,-26.19322],[28.05293,-26.19344],[28.05279,-26.19351],[28.05263,-26.1936],[28.05226,-26.19381],[28.05213,-26.19388],[28.05204,-26.19391],[28.05197,-26.19393],[28.05184,-26.19395],[28.05171,-26.19396],[28.0516,-26.19398],[28.05148,-26.19399],[28.05084,-26.19406],[28.05075,-26.19408],[28.05069,-26.1941],[28.05065,-26.19411],[28.05062,-26.19412],[28.05055,-26.19413],[28.04981,-26.19421],[28.04973,-26.19422],[28.04969,-26.19423],[28.04952,-26.19424],[28.04894,-26.1943],[28.04795,-26.19441]]}},{"type":"Feature","properties":{"id":"relation/4511530","name":"BRT T1: Ellis Park East => Thokoza Park","network":"Rea Vaya"},"geometry":{"type":"LineString","coordinates":[[28.04796,-26.19445],[28.04795,-26.19441]]}},{"type":"Feature","properties":{"id":"relation/4511530","name":"BRT T1: Ellis Park East => Thokoza Park","network":"Rea Vaya"},"geometry":{"type":"LineString","coordinates":[[28.04839,-26.19732],[28.04838,-26.19725],[28.04828,-26.19651],[28.04818,-26.19591],[28.04808,-26.19517],[28.04802,-26.1948],[28.04796,-26.19445]]}},{"type":"Feature","properties":{"id":"relation/4511530","name":"BRT T1: Ellis Park East => Thokoza Park","network":"Rea Vaya"},"geometry":{"type":"LineString","coordinates":[[28.04843,-26.19768],[28.04839,-26.19732]]}},{"type":"Feature","properties":{"id":"relation/4511530","name":"BRT T1: Ellis Park East => Thokoza Park","network":"Rea Vaya"},"geometry":{"type":"LineString","coordinates":[[28.04845,-26.19782],[28.04843,-26.19768]]}},{"type":"Feature","properties":{"id":"relation/4511530","name":"BRT T1: Ellis Park East => Thokoza Park","network":"Rea Vaya"},"geometry":{"type":"LineString","coordinates":[[28.0502,-26.19759],[28.04999,-26.19762],[28.04939,-26.19771],[28.04907,-26.19775],[28.04845,-26.19782]]}},{"type":"Feature","properties":{"id":"relation/4511530","name":"BRT T1: Ellis Park East => Thokoza Park","network":"Rea Vaya"},"geometry":{"type":"LineString","coordinates":[[28.0502,-26.19759],[28.05023,-26.1978],[28.05025,-26.19794],[28.05031,-26.19837],[28.05041,-26.19912]]}},{"type":"Feature","properties":{"id":"relation/4511530","name":"BRT T1: Ellis Park East => Thokoza Park","network":"Rea Vaya"},"geometry":{"type":"LineString","coordinates":[[28.05041,-26.19912],[28.05051,-26.19987]]}},{"type":"Feature","properties":{"id":"relation/4511530","name":"BRT T1: Ellis Park East => Thokoza Park","network":"Rea Vaya"},"geometry":{"type":"LineString","coordinates":[[28.05051,-26.19987],[28.05039,-26.20011],[28.05039,-26.20028],[28.05042,-26.20047],[28.05045,-26.20067],[28.05056,-26.20145],[28.05066,-26.20221],[28.05076,-26.20296],[28.05087,-26.20372]]}},{"type":"Feature","properties":{"id":"relation/4511530","name":"BRT T1: Ellis Park East => Thokoza Park","network":"Rea Vaya"},"geometry":{"type":"LineString","coordinates":[[28.05087,-26.20372],[28.05097,-26.20447]]}},{"type":"Feature","properties":{"id":"relation/4511530","name":"BRT T1: Ellis Park East => Thokoza Park","network":"Rea Vaya"},"geometry":{"type":"LineString","coordinates":[[28.05097,-26.20447],[28.05022,-26.20458]]}},{"type":"Feature","properties":{"id":"relation/4511530","name":"BRT T1: Ellis Park East => Thokoza Park","network":"Rea Vaya"},"geometry":{"type":"LineString","coordinates":[[28.05022,-26.20458],[28.05017,-26.20458],[28.04921,-26.20469],[28.0484,-26.20478],[28.04742,-26.20488],[28.0466,-26.20498],[28.04562,-26.20508],[28.04483,-26.20517],[28.04401,-26.20526],[28.04317,-26.20536],[28.04222,-26.20546]]}},{"type":"Feature","properties":{"id":"relation/4511530","name":"BRT T1: Ellis Park East => Thokoza Park","network":"Rea Vaya"},"geometry":{"type":"LineString","coordinates":[[28.04222,-26.20546],[28.04137,-26.20555],[28.04132,-26.20556],[28.04055,-26.20565]]}},{"type":"Feature","properties":{"id":"relation/4511530","name":"BRT T1: Ellis Park East => Thokoza Park","network":"Rea Vaya"},"geometry":{"type":"LineString","coordinates":[[28.04055,-26.20565],[28.03972,-26.20575],[28.03893,-26.20584],[28.03848,-26.20589],[28.03814,-26.20593],[28.03703,-26.20604],[28.03656,-26.2061],[28.03617,-26.20615],[28.03606,-26.20616]]}},{"type":"Feature","properties":{"id":"relation/4511530","name":"BRT T1: Ellis Park East => Thokoza Park","network":"Rea Vaya"},"geometry":{"type":"LineString","coordinates":[[28.03606,-26.20616],[28.03546,-26.20623]]}},{"type":"Feature","properties":{"id":"relation/4511530","name":"BRT T1: Ellis Park East => Thokoza Park","network":"Rea Vaya"},"geometry":{"type":"LineString","coordinates":[[28.03546,-26.20623],[28.0354,-26.20624],[28.03463,-26.20634]]}},{"type":"Feature","properties":{"id":"relation/4511530","name":"BRT T1: Ellis Park East => Thokoza Park","network":"Rea Vaya"},"geometry":{"type":"LineString","coordinates":[[28.03463,-26.20634],[28.03382,-26.20642]]}},{"type":"Feature","properties":{"id":"relation/4511530","name":"BRT T1: Ellis Park East => Thokoza Park","network":"Rea Vaya"},"geometry":{"type":"LineString","coordinates":[[28.03416,-26.20867],[28.03412,-26.20843],[28.03389,-26.20698],[28.03382,-26.20642]]}},{"type":"Feature","properties":{"id":"relation/4511530","name":"BRT T1: Ellis Park East => Thokoza Park","network":"Rea Vaya"},"geometry":{"type":"LineString","coordinates":[[28.03416,-26.20867],[28.03419,-26.20873],[28.03422,-26.20882],[28.03426,-26.20897]]}},{"type":"Feature","properties":{"id":"relation/4511530","name":"BRT T1: Ellis Park East => Thokoza Park","network":"Rea Vaya"},"geometry":{"type":"LineString","coordinates":[[28.03419,-26.20899],[28.03418,-26.20889],[28.03417,-26.2088],[28.03416,-26.20873],[28.03416,-26.20867]]}},{"type":"Feature","properties":{"id":"relation/4511530","name":"BRT T1: Ellis Park East => Thokoza Park","network":"Rea Vaya"},"geometry":{"type":"LineString","coordinates":[[28.03426,-26.20897],[28.03432,-26.20914],[28.03441,-26.20939],[28.03449,-26.20961],[28.03455,-26.20978],[28.03457,-26.20989],[28.03458,-26.20997],[28.03457,-26.21006],[28.03454,-26.21016],[28.03451,-26.21024],[28.03447,-26.21031],[28.0344,-26.2104],[28.03427,-26.21052],[28.03397,-26.21079],[28.0339,-26.21084],[28.03386,-26.21088],[28.0337,-26.21103],[28.03323,-26.21145],[28.03314,-26.21152],[28.03303,-26.21162],[28.03295,-26.21168],[28.03286,-26.21174]]}},{"type":"Feature","properties":{"id":"relation/4511530","name":"BRT T1: Ellis Park East => Thokoza Park","network":"Rea Vaya"},"geometry":{"type":"LineString","coordinates":[[28.03286,-26.21174],[28.03292,-26.21165],[28.03298,-26.21158],[28.03307,-26.21147],[28.03319,-26.21132],[28.03337,-26.21115],[28.0336,-26.21094],[28.03376,-26.21079],[28.03409,-26.21049],[28.03425,-26.21034],[28.03432,-26.21027],[28.03437,-26.2102],[28.03442,-26.21013],[28.03444,-26.21005],[28.03445,-26.20997],[28.03445,-26.20992],[28.03444,-26.20984],[28.03441,-26.20975],[28.03435,-26.20958],[28.03427,-26.20936],[28.03423,-26.20924],[28.03421,-26.20916],[28.0342,-26.20909],[28.03419,-26.20899]]}},{"type":"Feature","properties":{"id":"relation/4511530","name":"BRT T1: Ellis Park East => Thokoza Park","network":"Rea Vaya"},"geometry":{"type":"LineString","coordinates":[[28.02214,-26.22653],[28.0222,-26.22616],[28.02231,-26.22545],[28.02233,-26.22534],[28.02236,-26.22515],[28.02246,-26.22452],[28.0225,-26.22429],[28.02252,-26.22419],[28.02255,-26.22409],[28.02258,-26.22402],[28.02262,-26.22394],[28.02267,-26.22387],[28.02272,-26.2238],[28.02281,-26.2237],[28.02292,-26.22361],[28.02308,-26.2235],[28.02344,-26.22326],[28.02392,-26.22296],[28.02412,-26.22283],[28.02424,-26.22275],[28.02434,-26.22266],[28.02441,-26.22259],[28.02449,-26.22249],[28.02457,-26.22238],[28.02462,-26.22228],[28.02469,-26.22212],[28.02474,-26.22194],[28.02488,-26.22151],[28.02503,-26.22103],[28.02507,-26.2209],[28.02509,-26.22078],[28.02509,-26.22069],[28.02509,-26.2206],[28.02506,-26.22049],[28.02502,-26.22034],[28.02499,-26.22027],[28.02495,-26.22021],[28.0249,-26.22016],[28.02487,-26.22011],[28.02485,-26.22008],[28.02484,-26.22005],[28.02484,-26.22002],[28.02485,-26.21999],[28.02486,-26.21997],[28.02488,-26.21995],[28.0249,-26.21993],[28.02495,-26.2199],[28.02503,-26.21988],[28.02512,-26.21986],[28.02531,-26.21984],[28.02565,-26.21983],[28.02592,-26.21981],[28.02605,-26.21979],[28.02618,-26.21976],[28.0263,-26.21972],[28.02643,-26.21967],[28.02657,-26.2196],[28.02669,-26.21952],[28.02681,-26.21943],[28.02691,-26.21933],[28.02699,-26.21925],[28.02706,-26.21916],[28.02714,-26.21903],[28.02731,-26.21873],[28.02753,-26.21835],[28.02775,-26.21798],[28.0279,-26.21771],[28.02801,-26.21748],[28.02816,-26.21713],[28.02826,-26.21688],[28.02837,-26.21659],[28.02859,-26.216],[28.02874,-26.21564],[28.02882,-26.21542],[28.0289,-26.21528],[28.02894,-26.21523],[28.02901,-26.21516],[28.02908,-26.21509],[28.02915,-26.21504],[28.02929,-26.21497],[28.02942,-26.21492],[28.02957,-26.21487],[28.02991,-26.21478]]}},{"type":"Feature","properties":{"id":"relation/4511530","name":"BRT T1: Ellis Park East => Thokoza Park","network":"Rea Vaya"},"geometry":{"type":"LineString","coordinates":[[28.02211,-26.22668],[28.02214,-26.22653]]}},{"type":"Feature","properties":{"id":"relation/4511530","name":"BRT T1: Ellis Park East => Thokoza Park","network":"Rea Vaya"},"geometry":{"type":"LineString","coordinates":[[28.02201,-26.22792],[28.02205,-26.2278],[28.02206,-26.22775],[28.02207,-26.22768],[28.02207,-26.22763],[28.02208,-26.22757],[28.02208,-26.22752],[28.02208,-26.22734],[28.02208,-26.22721],[28.02208,-26.22705],[28.02208,-26.2269],[28.02209,-26.22688],[28.02209,-26.22684],[28.02211,-26.22668]]}},{"type":"Feature","properties":{"id":"relation/4511530","name":"BRT T1: Ellis Park East => Thokoza Park","network":"Rea Vaya"},"geometry":{"type":"LineString","coordinates":[[28.02201,-26.22792],[28.022,-26.22796],[28.022,-26.228],[28.02199,-26.22802],[28.02199,-26.22804],[28.02197,-26.22808],[28.02192,-26.22815],[28.02188,-26.22821],[28.02179,-26.22832],[28.02168,-26.22844],[28.02163,-26.22849],[28.02159,-26.22853],[28.02155,-26.22856],[28.02144,-26.22864],[28.0213,-26.22873],[28.02106,-26.22888],[28.02096,-26.22894],[28.02076,-26.22903],[28.02061,-26.22908],[28.02043,-26.22912],[28.02028,-26.22914],[28.01985,-26.22921],[28.01965,-26.22924],[28.01934,-26.22926],[28.0192,-26.22928],[28.01904,-26.22928],[28.01882,-26.22929],[28.01866,-26.22928],[28.01847,-26.22927],[28.01827,-26.22923],[28.01808,-26.22919],[28.01738,-26.22901],[28.0172,-26.22896],[28.01699,-26.22892],[28.01684,-26.22891],[28.0167,-26.2289],[28.01657,-26.2289],[28.01647,-26.22891],[28.01635,-26.22892],[28.01622,-26.22895],[28.01618,-26.22896],[28.01578,-26.22907],[28.01511,-26.22931],[28.01495,-26.22935],[28.01482,-26.22938],[28.01466,-26.2294],[28.01449,-26.22942],[28.01418,-26.22945],[28.01342,-26.22951],[28.01242,-26.22959],[28.01209,-26.22962],[28.01177,-26.22966],[28.01112,-26.22974],[28.0109,-26.22976],[28.01066,-26.22978],[28.01038,-26.22979],[28.01012,-26.22979],[28.00985,-26.22978],[28.00963,-26.22977],[28.00935,-26.22975],[28.00912,-26.22972],[28.00889,-26.22968],[28.00855,-26.22961],[28.00818,-26.22951],[28.00756,-26.22937],[28.00686,-26.22921],[28.00621,-26.22907],[28.00536,-26.22888],[28.00504,-26.22881],[28.00465,-26.22876],[28.00429,-26.22873],[28.00406,-26.22872],[28.00379,-26.22871],[28.00344,-26.22871],[28.00318,-26.22873],[28.00301,-26.22874]]}},{"type":"Feature","properties":{"id":"relation/4511530","name":"BRT T1: Ellis Park East => Thokoza Park","network":"Rea Vaya"},"geometry":{"type":"LineString","coordinates":[[28.00301,-26.22874],[28.00276,-26.22877],[28.00267,-26.22878]]}},{"type":"Feature","properties":{"id":"relation/4511530","name":"BRT T1: Ellis Park East => Thokoza Park","network":"Rea Vaya"},"geometry":{"type":"LineString","coordinates":[[28.00267,-26.22878],[28.00234,-26.22883],[28.00122,-26.22897],[27.99737,-26.22949],[27.99434,-26.22988],[27.99088,-26.23034],[27.98775,-26.23075],[27.9854,-26.23104]]}},{"type":"Feature","properties":{"id":"relation/4511530","name":"BRT T1: Ellis Park East => Thokoza Park","network":"Rea Vaya"},"geometry":{"type":"LineString","coordinates":[[27.9854,-26.23104],[27.98462,-26.23114],[27.98455,-26.23115]]}},{"type":"Feature","properties":{"id":"relation/4511530","name":"BRT T1: Ellis Park East => Thokoza Park","network":"Rea Vaya"},"geometry":{"type":"LineString","coordinates":[[27.98455,-26.23115],[27.98442,-26.23117],[27.98411,-26.23124],[27.98376,-26.2313],[27.98356,-26.23133],[27.98242,-26.23148],[27.98154,-26.23158],[27.98098,-26.23166],[27.9807,-26.2317],[27.98045,-26.23175],[27.97989,-26.23187],[27.97944,-26.23199]]}},{"type":"Feature","properties":{"id":"relation/4511530","name":"BRT T1: Ellis Park East => Thokoza Park","network":"Rea Vaya"},"geometry":{"type":"LineString","coordinates":[[27.97944,-26.23199],[27.97904,-26.2321]]}},{"type":"Feature","properties":{"id":"relation/4511530","name":"BRT T1: Ellis Park East => Thokoza Park","network":"Rea Vaya"},"geometry":{"type":"LineString","coordinates":[[27.97904,-26.2321],[27.9788,-26.23216],[27.97823,-26.23233],[27.97764,-26.23253],[27.97727,-26.23266],[27.97689,-26.23281],[27.97652,-26.23299],[27.97615,-26.23313],[27.97564,-26.23332],[27.97535,-26.23343],[27.97518,-26.23349],[27.97462,-26.23367],[27.97409,-26.23385],[27.97378,-26.23394],[27.97338,-26.23403],[27.97307,-26.23409],[27.97276,-26.23413],[27.97244,-26.23416],[27.97213,-26.23417],[27.97187,-26.23417],[27.97156,-26.23414],[27.9713,-26.23412],[27.97102,-26.23407],[27.97076,-26.23402],[27.97041,-26.23392],[27.96972,-26.23373],[27.9662,-26.23277],[27.96412,-26.23219],[27.9626,-26.23176],[27.96221,-26.23165],[27.96194,-26.2316],[27.96175,-26.23157],[27.96162,-26.23156],[27.96141,-26.23153],[27.96126,-26.23152]]}},{"type":"Feature","properties":{"id":"relation/4511530","name":"BRT T1: Ellis Park East => Thokoza Park","network":"Rea Vaya"},"geometry":{"type":"LineString","coordinates":[[27.96126,-26.23152],[27.9609,-26.23151],[27.9607,-26.23152],[27.96047,-26.23154],[27.96022,-26.23157]]}},{"type":"Feature","properties":{"id":"relation/4511530","name":"BRT T1: Ellis Park East => Thokoza Park","network":"Rea Vaya"},"geometry":{"type":"LineString","coordinates":[[27.96022,-26.23157],[27.95999,-26.2316],[27.95971,-26.23166],[27.95943,-26.23174],[27.95923,-26.23181],[27.95904,-26.23188],[27.95884,-26.23196],[27.95854,-26.23211],[27.95839,-26.23218],[27.95816,-26.23231],[27.95781,-26.23252],[27.95747,-26.23272],[27.95735,-26.2328],[27.95717,-26.2329],[27.95689,-26.23306],[27.95658,-26.2332],[27.95626,-26.23332],[27.95589,-26.23343],[27.95556,-26.23351],[27.95528,-26.23357],[27.95496,-26.2336],[27.95469,-26.23363],[27.95443,-26.23363],[27.95419,-26.23363],[27.95393,-26.23362],[27.95349,-26.23357],[27.9534,-26.23356],[27.95328,-26.23353],[27.95313,-26.23351],[27.95301,-26.23348],[27.95286,-26.23346],[27.95202,-26.23328],[27.95167,-26.23322],[27.9514,-26.23321],[27.95112,-26.23321],[27.95084,-26.23321],[27.95061,-26.23322],[27.95042,-26.23324],[27.95027,-26.23326],[27.95013,-26.23328],[27.94987,-26.23332],[27.94939,-26.2334],[27.94929,-26.23342],[27.949,-26.23348],[27.94751,-26.23375],[27.94644,-26.23394],[27.94592,-26.23407],[27.94446,-26.23434],[27.94441,-26.23434],[27.9442,-26.23438],[27.94404,-26.23439],[27.94383,-26.23439],[27.94338,-26.2344],[27.94293,-26.23441],[27.94272,-26.2344],[27.94252,-26.23439],[27.94232,-26.23437],[27.94208,-26.23435],[27.94178,-26.23431],[27.94152,-26.23427],[27.94125,-26.23421],[27.94098,-26.23415],[27.9407,-26.23407],[27.94042,-26.23399],[27.94012,-26.23388],[27.93976,-26.23374],[27.93944,-26.23359],[27.93881,-26.23326],[27.93868,-26.23318],[27.93856,-26.23312]]}},{"type":"Feature","properties":{"id":"relation/4511530","name":"BRT T1: Ellis Park East => Thokoza Park","network":"Rea Vaya"},"geometry":{"type":"LineString","coordinates":[[28.01271,-26.22963],[28.01209,-26.22968],[28.01165,-26.22972],[28.01133,-26.22976],[28.01097,-26.2298],[28.01069,-26.22982],[28.01035,-26.22983],[28.01008,-26.22983],[28.00984,-26.22983],[28.00944,-26.2298],[28.00916,-26.22978],[28.00897,-26.22975],[28.00886,-26.22973],[28.00873,-26.22971],[28.00798,-26.22953],[28.00775,-26.22948],[28.00663,-26.22923],[28.00625,-26.22914],[28.00584,-26.22905],[28.00528,-26.22893],[28.00485,-26.22885],[28.00446,-26.22881],[28.0041,-26.22878],[28.00386,-26.22877],[28.00369,-26.22877],[28.00336,-26.22878],[28.00325,-26.22879],[28.00311,-26.2288],[28.00302,-26.22881]]}},{"type":"Feature","properties":{"id":"relation/4511530","name":"BRT T1: Ellis Park East => Thokoza Park","network":"Rea Vaya"},"geometry":{"type":"LineString","coordinates":[[28.00302,-26.22881],[28.00268,-26.22885]]}},{"type":"Feature","properties":{"id":"relation/4511530","name":"BRT T1: Ellis Park East => Thokoza Park","network":"Rea Vaya"},"geometry":{"type":"LineString","coordinates":[[28.00268,-26.22885],[28.00189,-26.22895],[28.00098,-26.22907],[28.00015,-26.22917],[27.99953,-26.22925],[27.99867,-26.22936],[27.99779,-26.22948],[27.99711,-26.22957],[27.99636,-26.22967],[27.99561,-26.22977],[27.99481,-26.22987]]}},{"type":"Feature","properties":{"id":"relation/4511530","name":"BRT T1: Ellis Park East => Thokoza Park","network":"Rea Vaya"},"geometry":{"type":"LineString","coordinates":[[27.99481,-26.22987],[27.99325,-26.23008]]}},{"type":"Feature","properties":{"id":"relation/4511530","name":"BRT T1: Ellis Park East => Thokoza Park","network":"Rea Vaya"},"geometry":{"type":"LineString","coordinates":[[27.99325,-26.23008],[27.99268,-26.23015],[27.99191,-26.23026],[27.991,-26.23037],[27.98964,-26.23055],[27.9888,-26.23066],[27.98543,-26.2311]]}},{"type":"Feature","properties":{"id":"relation/4511530","name":"BRT T1: Ellis Park East => Thokoza Park","network":"Rea Vaya"},"geometry":{"type":"LineString","coordinates":[[27.98543,-26.2311],[27.98451,-26.23123]]}},{"type":"Feature","properties":{"id":"relation/4511530","name":"BRT T1: Ellis Park East => Thokoza Park","network":"Rea Vaya"},"geometry":{"type":"LineString","coordinates":[[27.98451,-26.23123],[27.98376,-26.23136],[27.9814,-26.23166],[27.9805,-26.23181],[27.97945,-26.23205]]}},{"type":"Feature","properties":{"id":"relation/4511530","name":"BRT T1: Ellis Park East => Thokoza Park","network":"Rea Vaya"},"geometry":{"type":"LineString","coordinates":[[27.97945,-26.23205],[27.97907,-26.23215]]}},{"type":"Feature","properties":{"id":"relation/4511530","name":"BRT T1: Ellis Park East => Thokoza Park","network":"Rea Vaya"},"geometry":{"type":"LineString","coordinates":[[27.97907,-26.23215],[27.97844,-26.23232],[27.97785,-26.23251],[27.97714,-26.23277],[27.97644,-26.23307],[27.97599,-26.23327],[27.97535,-26.2335]]}},{"type":"Feature","properties":{"id":"relation/4511530","name":"BRT T1: Ellis Park East => Thokoza Park","network":"Rea Vaya"},"geometry":{"type":"LineString","coordinates":[[27.97535,-26.2335],[27.97518,-26.23357]]}},{"type":"Feature","properties":{"id":"relation/4511530","name":"BRT T1: Ellis Park East => Thokoza Park","network":"Rea Vaya"},"geometry":{"type":"LineString","coordinates":[[27.97518,-26.23357],[27.97479,-26.23369],[27.97414,-26.2339],[27.97356,-26.23404],[27.97308,-26.23415],[27.97281,-26.23419],[27.97249,-26.23423],[27.9721,-26.23424],[27.97184,-26.23423],[27.97155,-26.23421],[27.97122,-26.23418],[27.97095,-26.23413],[27.97034,-26.23396],[27.96842,-26.23344],[27.96628,-26.23284],[27.96517,-26.23253],[27.96377,-26.23214],[27.96254,-26.23179],[27.96207,-26.23166],[27.96165,-26.23159],[27.96142,-26.23157],[27.96111,-26.23156]]}},{"type":"Feature","properties":{"id":"relation/4511530","name":"BRT T1: Ellis Park East => Thokoza Park","network":"Rea Vaya"},"geometry":{"type":"LineString","coordinates":[[27.96111,-26.23156],[27.96089,-26.23155],[27.96066,-26.23156],[27.96044,-26.23158],[27.96024,-26.23161]]}},{"type":"Feature","properties":{"id":"relation/4511530","name":"BRT T1: Ellis Park East => Thokoza Park","network":"Rea Vaya"},"geometry":{"type":"LineString","coordinates":[[27.96024,-26.23161],[27.95988,-26.23168],[27.95974,-26.23171],[27.95954,-26.23176],[27.95926,-26.23185],[27.95893,-26.23198],[27.9587,-26.23209],[27.95849,-26.23219],[27.95808,-26.23244],[27.95738,-26.23283],[27.95721,-26.23293],[27.95687,-26.23312],[27.95669,-26.2332],[27.95647,-26.2333],[27.95609,-26.23344],[27.95559,-26.23357],[27.9553,-26.23362],[27.95503,-26.23366],[27.95483,-26.23367],[27.95464,-26.23369],[27.95448,-26.23369],[27.95428,-26.2337],[27.954,-26.23368],[27.9538,-26.23366],[27.95339,-26.2336]]}},{"type":"Feature","properties":{"id":"relation/4511530","name":"BRT T1: Ellis Park East => Thokoza Park","network":"Rea Vaya"},"geometry":{"type":"LineString","coordinates":[[27.95339,-26.2336],[27.95327,-26.23358],[27.95326,-26.23358],[27.95311,-26.23354],[27.95299,-26.23352]]}},{"type":"Feature","properties":{"id":"relation/4511530","name":"BRT T1: Ellis Park East => Thokoza Park","network":"Rea Vaya"},"geometry":{"type":"LineString","coordinates":[[27.95299,-26.23352],[27.95282,-26.23349],[27.95245,-26.23341],[27.95196,-26.23333]]}},{"type":"Feature","properties":{"id":"relation/4511530","name":"BRT T1: Ellis Park East => Thokoza Park","network":"Rea Vaya"},"geometry":{"type":"LineString","coordinates":[[27.95196,-26.23333],[27.95166,-26.23328],[27.95145,-26.23326],[27.9512,-26.23325],[27.95081,-26.23326]]}},{"type":"Feature","properties":{"id":"relation/4511530","name":"BRT T1: Ellis Park East => Thokoza Park","network":"Rea Vaya"},"geometry":{"type":"LineString","coordinates":[[27.95081,-26.23326],[27.95066,-26.23326],[27.95045,-26.23328],[27.95031,-26.23329],[27.95009,-26.23332]]}},{"type":"Feature","properties":{"id":"relation/4511530","name":"BRT T1: Ellis Park East => Thokoza Park","network":"Rea Vaya"},"geometry":{"type":"LineString","coordinates":[[27.95009,-26.23332],[27.9494,-26.23343]]}},{"type":"Feature","properties":{"id":"relation/4511530","name":"BRT T1: Ellis Park East => Thokoza Park","network":"Rea Vaya"},"geometry":{"type":"LineString","coordinates":[[27.9494,-26.23343],[27.94929,-26.23346],[27.94663,-26.23396],[27.94642,-26.234],[27.9462,-26.23405],[27.94588,-26.23412],[27.94487,-26.23431],[27.94466,-26.23435],[27.94443,-26.23439],[27.94431,-26.2344],[27.94412,-26.23443],[27.9439,-26.23444],[27.9434,-26.23445],[27.94313,-26.23446],[27.94278,-26.23445],[27.94246,-26.23443],[27.94216,-26.2344],[27.94162,-26.23433],[27.94116,-26.23424],[27.94065,-26.23411],[27.94038,-26.23402],[27.94012,-26.23393],[27.93986,-26.23383],[27.93969,-26.23376],[27.93956,-26.2337]]}},{"type":"Feature","properties":{"id":"relation/4511530","name":"BRT T1: Ellis Park East => Thokoza Park","network":"Rea Vaya"},"geometry":{"type":"LineString","coordinates":[[28.03028,-26.21401],[28.0301,-26.21379],[28.03004,-26.21373],[28.03,-26.21366],[28.02998,-26.21358],[28.02997,-26.21353],[28.02997,-26.21346],[28.02999,-26.21339],[28.03002,-26.21333],[28.03006,-26.21327],[28.03013,-26.2132],[28.03024,-26.21314],[28.03049,-26.21303],[28.03072,-26.21293],[28.03106,-26.21279],[28.03138,-26.21264],[28.0316,-26.21254],[28.03182,-26.21244],[28.03206,-26.21231],[28.03221,-26.21222],[28.03234,-26.21213],[28.03252,-26.212],[28.03262,-26.21192],[28.03286,-26.21174]]}},{"type":"Feature","properties":{"id":"relation/4511530","name":"BRT T1: Ellis Park East => Thokoza Park","network":"Rea Vaya"},"geometry":{"type":"LineString","coordinates":[[28.03026,-26.2147],[28.03021,-26.21466],[28.03018,-26.21462],[28.03017,-26.21456],[28.03017,-26.21451],[28.03019,-26.21445],[28.03023,-26.2144],[28.03029,-26.21437],[28.03035,-26.21436],[28.03041,-26.21436],[28.03047,-26.21438],[28.0305,-26.2144],[28.03053,-26.21443],[28.03056,-26.21447],[28.03057,-26.21452],[28.03057,-26.21457],[28.03055,-26.21462],[28.03052,-26.21466],[28.03048,-26.2147],[28.03042,-26.21472],[28.03037,-26.21473],[28.03031,-26.21472],[28.03026,-26.2147]]}},{"type":"Feature","properties":{"id":"relation/4511530","name":"BRT T1: Ellis Park East => Thokoza Park","network":"Rea Vaya"},"geometry":{"type":"LineString","coordinates":[[27.93266,-26.228],[27.93244,-26.22777]]}},{"type":"Feature","properties":{"id":"relation/4511530","name":"BRT T1: Ellis Park East => Thokoza Park","network":"Rea Vaya"},"geometry":{"type":"LineString","coordinates":[[27.93244,-26.22777],[27.93224,-26.22755],[27.93218,-26.22748],[27.93208,-26.22739]]}},{"type":"Feature","properties":{"id":"relation/4511530","name":"BRT T1: Ellis Park East => Thokoza Park","network":"Rea Vaya"},"geometry":{"type":"LineString","coordinates":[[27.93229,-26.22732],[27.93221,-26.22735],[27.93214,-26.22737],[27.93208,-26.22739]]}},{"type":"Feature","properties":{"id":"relation/4511530","name":"BRT T1: Ellis Park East => Thokoza Park","network":"Rea Vaya"},"geometry":{"type":"LineString","coordinates":[[27.93208,-26.22739],[27.93194,-26.22744],[27.9318,-26.22749],[27.93127,-26.22767],[27.93071,-26.22786],[27.93056,-26.22792]]}},{"type":"Feature","properties":{"id":"relation/4511530","name":"BRT T1: Ellis Park East => Thokoza Park","network":"Rea Vaya"},"geometry":{"type":"LineString","coordinates":[[27.93056,-26.22792],[27.93042,-26.22798],[27.93002,-26.22815],[27.92983,-26.22823],[27.92947,-26.22835],[27.92897,-26.22851],[27.9289,-26.22854],[27.92834,-26.22873],[27.92827,-26.22875],[27.92817,-26.22877],[27.92804,-26.2288],[27.92787,-26.22883],[27.9278,-26.22885],[27.92771,-26.22888],[27.92758,-26.22894],[27.92749,-26.22898],[27.92742,-26.22902],[27.92734,-26.22906],[27.92726,-26.22912],[27.9272,-26.22918]]}},{"type":"Feature","properties":{"id":"relation/4511530","name":"BRT T1: Ellis Park East => Thokoza Park","network":"Rea Vaya"},"geometry":{"type":"LineString","coordinates":[[27.927,-26.22905],[27.92705,-26.22905],[27.92709,-26.22906],[27.92712,-26.22908],[27.92715,-26.2291],[27.92718,-26.22913],[27.9272,-26.22916],[27.9272,-26.22918]]}},{"type":"Feature","properties":{"id":"relation/4511530","name":"BRT T1: Ellis Park East => Thokoza Park","network":"Rea Vaya"},"geometry":{"type":"LineString","coordinates":[[27.92681,-26.22922],[27.92682,-26.22918],[27.92683,-26.22915],[27.92685,-26.22912],[27.9269,-26.22908],[27.92695,-26.22906],[27.927,-26.22905]]}},{"type":"Feature","properties":{"id":"relation/4511530","name":"BRT T1: Ellis Park East => Thokoza Park","network":"Rea Vaya"},"geometry":{"type":"LineString","coordinates":[[27.92696,-26.2294],[27.92692,-26.22939],[27.92688,-26.22937],[27.92685,-26.22934],[27.92683,-26.2293],[27.92681,-26.22926],[27.92681,-26.22922]]}},{"type":"Feature","properties":{"id":"relation/4511530","name":"BRT T1: Ellis Park East => Thokoza Park","network":"Rea Vaya"},"geometry":{"type":"LineString","coordinates":[[27.9272,-26.22918],[27.92721,-26.22926],[27.92719,-26.22931],[27.92716,-26.22935],[27.92712,-26.22938],[27.92708,-26.2294],[27.92704,-26.22941],[27.927,-26.22941],[27.92696,-26.2294]]}},{"type":"Feature","properties":{"id":"relation/4511530","name":"BRT T1: Ellis Park East => Thokoza Park","network":"Rea Vaya"},"geometry":{"type":"LineString","coordinates":[[27.927,-26.22941],[27.92689,-26.22948],[27.92679,-26.22958],[27.9267,-26.22969],[27.92661,-26.2298],[27.92562,-26.23114]]}},{"type":"Feature","properties":{"id":"relation/4511530","name":"BRT T1: Ellis Park East => Thokoza Park","network":"Rea Vaya"},"geometry":{"type":"LineString","coordinates":[[27.92562,-26.23114],[27.9255,-26.23131],[27.92535,-26.23154]]}},{"type":"Feature","properties":{"id":"relation/4511530","name":"BRT T1: Ellis Park East => Thokoza Park","network":"Rea Vaya"},"geometry":{"type":"LineString","coordinates":[[27.92535,-26.23154],[27.92536,-26.23158],[27.92537,-26.23162],[27.92534,-26.2317],[27.92528,-26.23177],[27.92526,-26.23178],[27.92523,-26.23179],[27.9252,-26.2318],[27.92517,-26.23181]]}},{"type":"Feature","properties":{"id":"relation/4511530","name":"BRT T1: Ellis Park East => Thokoza Park","network":"Rea Vaya"},"geometry":{"type":"LineString","coordinates":[[27.92517,-26.23181],[27.92508,-26.23187],[27.92491,-26.23209],[27.9238,-26.2336]]}},{"type":"Feature","properties":{"id":"relation/4511530","name":"BRT T1: Ellis Park East => Thokoza Park","network":"Rea Vaya"},"geometry":{"type":"LineString","coordinates":[[27.9238,-26.2336],[27.92326,-26.23433],[27.92326,-26.23433],[27.92319,-26.23441]]}},{"type":"Feature","properties":{"id":"relation/4511530","name":"BRT T1: Ellis Park East => Thokoza Park","network":"Rea Vaya"},"geometry":{"type":"LineString","coordinates":[[27.92319,-26.23441],[27.92298,-26.23469],[27.92291,-26.23478]]}},{"type":"Feature","properties":{"id":"relation/4511530","name":"BRT T1: Ellis Park East => Thokoza Park","network":"Rea Vaya"},"geometry":{"type":"LineString","coordinates":[[27.92291,-26.23478],[27.92289,-26.23483],[27.92286,-26.23488],[27.92282,-26.23492]]}},{"type":"Feature","properties":{"id":"relation/4511530","name":"BRT T1: Ellis Park East => Thokoza Park","network":"Rea Vaya"},"geometry":{"type":"LineString","coordinates":[[27.92282,-26.23492],[27.92277,-26.23494],[27.92273,-26.23495],[27.92268,-26.23494],[27.92264,-26.23493],[27.9226,-26.23491],[27.92257,-26.23488],[27.92254,-26.23485]]}},{"type":"Feature","properties":{"id":"relation/4511530","name":"BRT T1: Ellis Park East => Thokoza Park","network":"Rea Vaya"},"geometry":{"type":"LineString","coordinates":[[27.92254,-26.23485],[27.92253,-26.23479],[27.92253,-26.23473],[27.92255,-26.23468],[27.92258,-26.23464],[27.92263,-26.23462],[27.92269,-26.2346],[27.92272,-26.2346]]}},{"type":"Feature","properties":{"id":"relation/4511530","name":"BRT T1: Ellis Park East => Thokoza Park","network":"Rea Vaya"},"geometry":{"type":"LineString","coordinates":[[27.92272,-26.2346],[27.92277,-26.2346],[27.92282,-26.23462],[27.92285,-26.23465],[27.92288,-26.23467],[27.9229,-26.23472],[27.92291,-26.23478]]}},{"type":"Feature","properties":{"id":"relation/4511530","name":"BRT T1: Ellis Park East => Thokoza Park","network":"Rea Vaya"},"geometry":{"type":"LineString","coordinates":[[27.92282,-26.23492],[27.9226,-26.23524],[27.92248,-26.2354],[27.92196,-26.23611],[27.9211,-26.2373]]}},{"type":"Feature","properties":{"id":"relation/4511530","name":"BRT T1: Ellis Park East => Thokoza Park","network":"Rea Vaya"},"geometry":{"type":"LineString","coordinates":[[27.9211,-26.2373],[27.92081,-26.2377]]}},{"type":"Feature","properties":{"id":"relation/4511530","name":"BRT T1: Ellis Park East => Thokoza Park","network":"Rea Vaya"},"geometry":{"type":"LineString","coordinates":[[27.92081,-26.2377],[27.92053,-26.23809]]}},{"type":"Feature","properties":{"id":"relation/4511530","name":"BRT T1: Ellis Park East => Thokoza Park","network":"Rea Vaya"},"geometry":{"type":"LineString","coordinates":[[27.92053,-26.23809],[27.92052,-26.23811],[27.92039,-26.23827],[27.92036,-26.23832],[27.9199,-26.23891],[27.9192,-26.23985],[27.9191,-26.23997],[27.91905,-26.24002],[27.91885,-26.24025]]}},{"type":"Feature","properties":{"id":"relation/4511530","name":"BRT T1: Ellis Park East => Thokoza Park","network":"Rea Vaya"},"geometry":{"type":"LineString","coordinates":[[27.91885,-26.24025],[27.91885,-26.24029],[27.91884,-26.24032],[27.91881,-26.24038],[27.91874,-26.24043],[27.91867,-26.24045],[27.91861,-26.24045],[27.91856,-26.24044]]}},{"type":"Feature","properties":{"id":"relation/4511530","name":"BRT T1: Ellis Park East => Thokoza Park","network":"Rea Vaya"},"geometry":{"type":"LineString","coordinates":[[27.91856,-26.24044],[27.91848,-26.24048],[27.91839,-26.24051],[27.91822,-26.24061],[27.91766,-26.24093],[27.91641,-26.24167],[27.91536,-26.24228],[27.9149,-26.24255],[27.91472,-26.24266],[27.91463,-26.24272],[27.91453,-26.2428],[27.91447,-26.24285],[27.91442,-26.24291],[27.91432,-26.24303],[27.9143,-26.24305]]}},{"type":"Feature","properties":{"id":"relation/4511530","name":"BRT T1: Ellis Park East => Thokoza Park","network":"Rea Vaya"},"geometry":{"type":"LineString","coordinates":[[27.91419,-26.24298],[27.91422,-26.24299],[27.91427,-26.24303],[27.9143,-26.24305]]}},{"type":"Feature","properties":{"id":"relation/4511530","name":"BRT T1: Ellis Park East => Thokoza Park","network":"Rea Vaya"},"geometry":{"type":"LineString","coordinates":[[27.91414,-26.24294],[27.91419,-26.24298]]}},{"type":"Feature","properties":{"id":"relation/4511530","name":"BRT T1: Ellis Park East => Thokoza Park","network":"Rea Vaya"},"geometry":{"type":"LineString","coordinates":[[27.91377,-26.24272],[27.91414,-26.24294]]}},{"type":"Feature","properties":{"id":"relation/4511530","name":"BRT T1: Ellis Park East => Thokoza Park","network":"Rea Vaya"},"geometry":{"type":"LineString","coordinates":[[27.91352,-26.24257],[27.91363,-26.24263],[27.91377,-26.24272]]}},{"type":"Feature","properties":{"id":"relation/4511530","name":"BRT T1: Ellis Park East => Thokoza Park","network":"Rea Vaya"},"geometry":{"type":"LineString","coordinates":[[27.91249,-26.24087],[27.91251,-26.24093],[27.91256,-26.24105],[27.9126,-26.24119],[27.91269,-26.24141],[27.9128,-26.24174],[27.91286,-26.24188],[27.91292,-26.24201],[27.91297,-26.24211],[27.91305,-26.2422],[27.91316,-26.24232],[27.91325,-26.24239],[27.91336,-26.24247],[27.91352,-26.24257]]}},{"type":"Feature","properties":{"id":"relation/4511530","name":"BRT T1: Ellis Park East => Thokoza Park","network":"Rea Vaya"},"geometry":{"type":"LineString","coordinates":[[27.91242,-26.24073],[27.91249,-26.24087]]}},{"type":"Feature","properties":{"id":"relation/4511530","name":"BRT T1: Ellis Park East => Thokoza Park","network":"Rea Vaya"},"geometry":{"type":"LineString","coordinates":[[27.91225,-26.24087],[27.91239,-26.24077],[27.91242,-26.24073]]}},{"type":"Feature","properties":{"id":"relation/4511530","name":"BRT T1: Ellis Park East => Thokoza Park","network":"Rea Vaya"},"geometry":{"type":"LineString","coordinates":[[27.91174,-26.24134],[27.91222,-26.2409],[27.91225,-26.24087]]}},{"type":"Feature","properties":{"id":"relation/4511530","name":"BRT T1: Ellis Park East => Thokoza Park","network":"Rea Vaya"},"geometry":{"type":"LineString","coordinates":[[27.91023,-26.24466],[27.91028,-26.24461],[27.91034,-26.24454],[27.91039,-26.24449],[27.91043,-26.24442],[27.91045,-26.24437],[27.91047,-26.24432],[27.91048,-26.2443],[27.9106,-26.24378],[27.91064,-26.24352],[27.9107,-26.24321],[27.91076,-26.24292],[27.9108,-26.24276],[27.91085,-26.2426],[27.91096,-26.24237],[27.9111,-26.24213],[27.91125,-26.2419],[27.91143,-26.24168],[27.91174,-26.24134]]}},{"type":"Feature","properties":{"id":"relation/4511530","name":"BRT T1: Ellis Park East => Thokoza Park","network":"Rea Vaya"},"geometry":{"type":"LineString","coordinates":[[27.91042,-26.24507],[27.91035,-26.24514],[27.91027,-26.24521],[27.91025,-26.24524],[27.91023,-26.24526],[27.9102,-26.24531],[27.91012,-26.24543],[27.91005,-26.24555],[27.9099,-26.24575],[27.90976,-26.24593],[27.90952,-26.24619],[27.9094,-26.24632],[27.90913,-26.24656],[27.90886,-26.24676],[27.90866,-26.2469],[27.90851,-26.24699],[27.90826,-26.24713],[27.90814,-26.24719],[27.90797,-26.24727],[27.90774,-26.24737],[27.90754,-26.24744],[27.90733,-26.24751],[27.9071,-26.24758],[27.90688,-26.24763],[27.9064,-26.24775],[27.90562,-26.24795],[27.90514,-26.24807],[27.90453,-26.24822],[27.90392,-26.24837],[27.90342,-26.2485],[27.90305,-26.24862],[27.90277,-26.24873],[27.90252,-26.24885],[27.90226,-26.24898],[27.90205,-26.24911],[27.90191,-26.2492],[27.90173,-26.24933],[27.90155,-26.24947],[27.90142,-26.24958],[27.90124,-26.24975],[27.90107,-26.24993],[27.90089,-26.25014],[27.9007,-26.25039],[27.90053,-26.25063],[27.90038,-26.25085],[27.90021,-26.25108],[27.90009,-26.25125],[27.89991,-26.25151],[27.89978,-26.25168],[27.89965,-26.25183],[27.89939,-26.25211],[27.89915,-26.25234],[27.89908,-26.25242],[27.89897,-26.25252],[27.89878,-26.25268],[27.89868,-26.25279]]}},{"type":"Feature","properties":{"id":"relation/4511530","name":"BRT T1: Ellis Park East => Thokoza Park","network":"Rea Vaya"},"geometry":{"type":"LineString","coordinates":[[27.89839,-26.25299],[27.89831,-26.25301],[27.89822,-26.25304],[27.89814,-26.25306],[27.89796,-26.25314],[27.89786,-26.25319],[27.89764,-26.25331],[27.89738,-26.25343],[27.89671,-26.25371],[27.89656,-26.25378],[27.8963,-26.25388],[27.89585,-26.25403],[27.89564,-26.2541],[27.89542,-26.25419],[27.89508,-26.25436],[27.89478,-26.25452],[27.89447,-26.25472],[27.89419,-26.2549],[27.89396,-26.25505],[27.89394,-26.25507],[27.89393,-26.2551],[27.89391,-26.25514]]}},{"type":"Feature","properties":{"id":"relation/4511530","name":"BRT T1: Ellis Park East => Thokoza Park","network":"Rea Vaya"},"geometry":{"type":"LineString","coordinates":[[27.89024,-26.26233],[27.89019,-26.26252]]}},{"type":"Feature","properties":{"id":"relation/4511530","name":"BRT T1: Ellis Park East => Thokoza Park","network":"Rea Vaya"},"geometry":{"type":"LineString","coordinates":[[27.89028,-26.26223],[27.89024,-26.26233]]}},{"type":"Feature","properties":{"id":"relation/4511530","name":"BRT T1: Ellis Park East => Thokoza Park","network":"Rea Vaya"},"geometry":{"type":"LineString","coordinates":[[27.89369,-26.25533],[27.89359,-26.25541],[27.89352,-26.25547],[27.89336,-26.25562],[27.89318,-26.25579],[27.89294,-26.25602],[27.89265,-26.25636],[27.89249,-26.25659],[27.89234,-26.25679],[27.8922,-26.25702],[27.89206,-26.25727],[27.89188,-26.25763],[27.8917,-26.25802],[27.89155,-26.25846],[27.89146,-26.25874],[27.89138,-26.25907],[27.89131,-26.25937],[27.89125,-26.25963],[27.89119,-26.25984],[27.89087,-26.26076],[27.89051,-26.26173],[27.89028,-26.26223]]}},{"type":"Feature","properties":{"id":"relation/4511530","name":"BRT T1: Ellis Park East => Thokoza Park","network":"Rea Vaya"},"geometry":{"type":"LineString","coordinates":[[27.88982,-26.26258],[27.88946,-26.26264]]}},{"type":"Feature","properties":{"id":"relation/4511530","name":"BRT T1: Ellis Park East => Thokoza Park","network":"Rea Vaya"},"geometry":{"type":"LineString","coordinates":[[27.88997,-26.26256],[27.88989,-26.26257],[27.88982,-26.26258]]}},{"type":"Feature","properties":{"id":"relation/4511530","name":"BRT T1: Ellis Park East => Thokoza Park","network":"Rea Vaya"},"geometry":{"type":"LineString","coordinates":[[27.89019,-26.26252],[27.88997,-26.26256]]}},{"type":"Feature","properties":{"id":"relation/4511530","name":"BRT T1: Ellis Park East => Thokoza Park","network":"Rea Vaya"},"geometry":{"type":"LineString","coordinates":[[27.88946,-26.26264],[27.88848,-26.26281]]}},{"type":"Feature","properties":{"id":"relation/4511530","name":"BRT T1: Ellis Park East => Thokoza Park","network":"Rea Vaya"},"geometry":{"type":"LineString","coordinates":[[27.88848,-26.26281],[27.88788,-26.26292],[27.8874,-26.263],[27.88656,-26.26311],[27.88623,-26.26314],[27.88591,-26.26318],[27.88565,-26.2632],[27.88547,-26.26321],[27.88538,-26.26321],[27.88526,-26.26322],[27.88507,-26.26327]]}},{"type":"Feature","properties":{"id":"relation/4511530","name":"BRT T1: Ellis Park East => Thokoza Park","network":"Rea Vaya"},"geometry":{"type":"LineString","coordinates":[[27.88498,-26.26294],[27.88502,-26.26295],[27.88508,-26.26299],[27.8851,-26.26303],[27.88513,-26.26309],[27.88513,-26.26311],[27.88513,-26.26315],[27.88512,-26.26319],[27.88507,-26.26327],[27.88505,-26.26329],[27.88502,-26.26332],[27.88497,-26.26334]]}},{"type":"Feature","properties":{"id":"relation/4511530","name":"BRT T1: Ellis Park East => Thokoza Park","network":"Rea Vaya"},"geometry":{"type":"LineString","coordinates":[[27.88472,-26.26333],[27.88465,-26.26326],[27.88462,-26.26322],[27.88461,-26.26317],[27.88461,-26.26312],[27.88462,-26.26308],[27.88465,-26.26305],[27.88471,-26.26299],[27.88475,-26.26294]]}},{"type":"Feature","properties":{"id":"relation/4511530","name":"BRT T1: Ellis Park East => Thokoza Park","network":"Rea Vaya"},"geometry":{"type":"LineString","coordinates":[[27.88497,-26.26334],[27.88491,-26.26336],[27.88486,-26.26337],[27.88482,-26.26337],[27.88479,-26.26336],[27.88474,-26.26334],[27.88472,-26.26333]]}},{"type":"Feature","properties":{"id":"relation/4511530","name":"BRT T1: Ellis Park East => Thokoza Park","network":"Rea Vaya"},"geometry":{"type":"LineString","coordinates":[[27.88475,-26.26294],[27.88481,-26.26292],[27.88484,-26.26292],[27.88487,-26.26291],[27.88489,-26.26292],[27.88493,-26.26292],[27.88498,-26.26294]]}},{"type":"Feature","properties":{"id":"relation/4511530","name":"BRT T1: Ellis Park East => Thokoza Park","network":"Rea Vaya"},"geometry":{"type":"LineString","coordinates":[[27.88472,-26.26333],[27.88461,-26.26334],[27.88455,-26.26334],[27.88425,-26.26334],[27.88416,-26.26334],[27.88404,-26.26334],[27.88385,-26.26335],[27.88368,-26.26337],[27.8835,-26.26339],[27.88321,-26.26343],[27.88291,-26.26347],[27.88267,-26.26351],[27.88243,-26.26356],[27.88222,-26.26362],[27.88209,-26.26365],[27.88192,-26.26371],[27.88167,-26.26381],[27.88155,-26.26388],[27.88127,-26.264]]}},{"type":"Feature","properties":{"id":"relation/4511530","name":"BRT T1: Ellis Park East => Thokoza Park","network":"Rea Vaya"},"geometry":{"type":"LineString","coordinates":[[27.88127,-26.264],[27.88104,-26.26411],[27.88084,-26.2642]]}},{"type":"Feature","properties":{"id":"relation/4511530","name":"BRT T1: Ellis Park East => Thokoza Park","network":"Rea Vaya"},"geometry":{"type":"LineString","coordinates":[[27.88084,-26.2642],[27.88025,-26.26447],[27.8799,-26.26463],[27.87981,-26.26467],[27.87957,-26.26478],[27.8795,-26.26482],[27.87943,-26.26486]]}},{"type":"Feature","properties":{"id":"relation/4511530","name":"BRT T1: Ellis Park East => Thokoza Park","network":"Rea Vaya"},"geometry":{"type":"LineString","coordinates":[[27.87943,-26.26486],[27.87937,-26.26488],[27.87933,-26.26491],[27.8793,-26.26494],[27.87926,-26.26497],[27.87922,-26.26502]]}},{"type":"Feature","properties":{"id":"relation/4511530","name":"BRT T1: Ellis Park East => Thokoza Park","network":"Rea Vaya"},"geometry":{"type":"LineString","coordinates":[[27.87943,-26.26486],[27.87936,-26.26494],[27.87934,-26.26497],[27.8793,-26.26501],[27.87921,-26.2651]]}},{"type":"Feature","properties":{"id":"relation/4511530","name":"BRT T1: Ellis Park East => Thokoza Park","network":"Rea Vaya"},"geometry":{"type":"LineString","coordinates":[[27.91856,-26.24044],[27.91851,-26.24041],[27.9185,-26.2404],[27.91849,-26.24038],[27.91848,-26.24037],[27.91845,-26.24032],[27.91845,-26.24029],[27.91845,-26.24025]]}},{"type":"Feature","properties":{"id":"relation/4511530","name":"BRT T1: Ellis Park East => Thokoza Park","network":"Rea Vaya"},"geometry":{"type":"LineString","coordinates":[[27.91845,-26.24025],[27.91845,-26.24024],[27.91845,-26.24023],[27.91848,-26.24018],[27.91849,-26.24016],[27.91851,-26.24014],[27.91855,-26.24012],[27.9186,-26.2401],[27.91865,-26.24009]]}},{"type":"Feature","properties":{"id":"relation/4511530","name":"BRT T1: Ellis Park East => Thokoza Park","network":"Rea Vaya"},"geometry":{"type":"LineString","coordinates":[[27.91865,-26.24009],[27.91869,-26.2401],[27.91873,-26.24011],[27.91877,-26.24013],[27.91879,-26.24015],[27.91881,-26.24017],[27.91883,-26.24019],[27.91884,-26.24022],[27.91885,-26.24025]]}},{"type":"Feature","properties":{"id":"relation/4511530","name":"BRT T1: Ellis Park East => Thokoza Park","network":"Rea Vaya"},"geometry":{"type":"LineString","coordinates":[[27.92517,-26.23181],[27.92511,-26.2318],[27.92505,-26.23179],[27.92502,-26.23177],[27.925,-26.23175],[27.92496,-26.23171],[27.92494,-26.23167],[27.92493,-26.23163]]}},{"type":"Feature","properties":{"id":"relation/4511530","name":"BRT T1: Ellis Park East => Thokoza Park","network":"Rea Vaya"},"geometry":{"type":"LineString","coordinates":[[27.92493,-26.23163],[27.92494,-26.23157],[27.92495,-26.23154],[27.92497,-26.2315],[27.925,-26.23147],[27.92505,-26.23144],[27.92511,-26.23142]]}},{"type":"Feature","properties":{"id":"relation/4511530","name":"BRT T1: Ellis Park East => Thokoza Park","network":"Rea Vaya"},"geometry":{"type":"LineString","coordinates":[[27.92511,-26.23142],[27.92516,-26.23142],[27.92521,-26.23142],[27.92524,-26.23143],[27.92527,-26.23145],[27.92529,-26.23146],[27.92533,-26.2315],[27.92535,-26.23154]]}},{"type":"Feature","properties":{"id":"relation/4511533","name":"BRT T1: Thokoza Park => Ellis Park East","network":"Rea Vaya"},"geometry":{"type":"LineString","coordinates":[[28.05783,-26.19147],[28.05796,-26.19147],[28.05801,-26.19147],[28.05806,-26.19147],[28.05809,-26.19147],[28.05816,-26.19147],[28.05857,-26.19148],[28.05878,-26.19148],[28.05897,-26.19147],[28.05937,-26.19145],[28.05967,-26.19143],[28.06019,-26.19141],[28.06071,-26.19141],[28.0608,-26.19141],[28.06085,-26.1914],[28.0609,-26.19139],[28.06177,-26.19139],[28.06196,-26.19138],[28.06205,-26.19139],[28.06215,-26.1914],[28.06226,-26.19142],[28.06241,-26.19147],[28.06254,-26.19153],[28.06263,-26.19158],[28.0627,-26.19163],[28.06279,-26.1917],[28.06286,-26.19176],[28.06293,-26.19185],[28.06314,-26.1921],[28.06324,-26.19221],[28.06329,-26.19228],[28.06333,-26.19233],[28.06363,-26.1927],[28.0637,-26.19279],[28.06398,-26.19312],[28.06415,-26.19333],[28.06423,-26.19342],[28.06441,-26.19365],[28.06471,-26.19401],[28.06497,-26.19432],[28.06508,-26.19443],[28.06523,-26.19456],[28.06528,-26.1946],[28.06543,-26.19474],[28.06564,-26.19497],[28.06572,-26.19505],[28.06585,-26.1952],[28.06597,-26.19535],[28.06615,-26.19558],[28.0662,-26.19565],[28.06643,-26.19593],[28.06658,-26.19612],[28.06665,-26.1962],[28.06669,-26.19626],[28.06673,-26.19632],[28.06679,-26.19644],[28.06684,-26.19654],[28.06692,-26.19669],[28.06697,-26.19677],[28.06718,-26.19703],[28.06735,-26.19723],[28.0675,-26.19741],[28.06759,-26.1975],[28.06769,-26.19758],[28.06778,-26.19764],[28.06787,-26.1977],[28.06794,-26.19775]]}},{"type":"Feature","properties":{"id":"relation/4511533","name":"BRT T1: Thokoza Park => Ellis Park East","network":"Rea Vaya"},"geometry":{"type":"LineString","coordinates":[[28.04787,-26.19383],[28.04886,-26.19371],[28.04964,-26.19362],[28.05003,-26.19357],[28.05038,-26.19353],[28.05061,-26.19351],[28.05085,-26.19355],[28.05107,-26.1936],[28.05145,-26.19376],[28.05162,-26.19382],[28.05176,-26.19385],[28.05187,-26.19387],[28.05195,-26.19388],[28.052,-26.19388],[28.05206,-26.19386],[28.05221,-26.19379],[28.05257,-26.19358],[28.0529,-26.19341],[28.05312,-26.19332],[28.05325,-26.19326],[28.05347,-26.19314],[28.05393,-26.19289],[28.05464,-26.1925],[28.05499,-26.1923],[28.05532,-26.19213],[28.05572,-26.1919],[28.05604,-26.19174],[28.05619,-26.19166],[28.0563,-26.19163],[28.05642,-26.19158],[28.05656,-26.19155],[28.05672,-26.19151],[28.0569,-26.19149],[28.05712,-26.19147],[28.05735,-26.19147],[28.05783,-26.19147]]}},{"type":"Feature","properties":{"id":"relation/4511533","name":"BRT T1: Thokoza Park => Ellis Park East","network":"Rea Vaya"},"geometry":{"type":"LineString","coordinates":[[28.04788,-26.19387],[28.04787,-26.19383]]}},{"type":"Feature","properties":{"id":"relation/4511533","name":"BRT T1: Thokoza Park => Ellis Park East","network":"Rea Vaya"},"geometry":{"type":"LineString","coordinates":[[28.04795,-26.19441],[28.04795,-26.19437],[28.04788,-26.19387]]}},{"type":"Feature","properties":{"id":"relation/4511533","name":"BRT T1: Thokoza Park => Ellis Park East","network":"Rea Vaya"},"geometry":{"type":"LineString","coordinates":[[28.04796,-26.19445],[28.04795,-26.19441]]}},{"type":"Feature","properties":{"id":"relation/4511533","name":"BRT T1: Thokoza Park => Ellis Park East","network":"Rea Vaya"},"geometry":{"type":"LineString","coordinates":[[28.04839,-26.19732],[28.04838,-26.19725],[28.04828,-26.19651],[28.04818,-26.19591],[28.04808,-26.19517],[28.04802,-26.1948],[28.04796,-26.19445]]}},{"type":"Feature","properties":{"id":"relation/4511533","name":"BRT T1: Thokoza Park => Ellis Park East","network":"Rea Vaya"},"geometry":{"type":"LineString","coordinates":[[28.04843,-26.19768],[28.04839,-26.19732]]}},{"type":"Feature","properties":{"id":"relation/4511533","name":"BRT T1: Thokoza Park => Ellis Park East","network":"Rea Vaya"},"geometry":{"type":"LineString","coordinates":[[28.04845,-26.19782],[28.04843,-26.19768]]}},{"type":"Feature","properties":{"id":"relation/4511533","name":"BRT T1: Thokoza Park => Ellis Park East","network":"Rea Vaya"},"geometry":{"type":"LineString","coordinates":[[28.04874,-26.20007],[28.04872,-26.19999],[28.04864,-26.19932],[28.04862,-26.19922],[28.04861,-26.19912],[28.04858,-26.19888],[28.04856,-26.19879],[28.04854,-26.19857],[28.04845,-26.19782]]}},{"type":"Feature","properties":{"id":"relation/4511533","name":"BRT T1: Thokoza Park => Ellis Park East","network":"Rea Vaya"},"geometry":{"type":"LineString","coordinates":[[28.04855,-26.20009],[28.04874,-26.20007]]}},{"type":"Feature","properties":{"id":"relation/4511533","name":"BRT T1: Thokoza Park => Ellis Park East","network":"Rea Vaya"},"geometry":{"type":"LineString","coordinates":[[28.0491,-26.20392],[28.04898,-26.20316],[28.04889,-26.20241],[28.04878,-26.20166],[28.04868,-26.20088],[28.04857,-26.20019],[28.04855,-26.20009]]}},{"type":"Feature","properties":{"id":"relation/4511533","name":"BRT T1: Thokoza Park => Ellis Park East","network":"Rea Vaya"},"geometry":{"type":"LineString","coordinates":[[28.04211,-26.20468],[28.04307,-26.20462],[28.04391,-26.20452],[28.04471,-26.20442],[28.04553,-26.20431],[28.04649,-26.2042],[28.04731,-26.20412],[28.04829,-26.20401],[28.0491,-26.20392]]}},{"type":"Feature","properties":{"id":"relation/4511533","name":"BRT T1: Thokoza Park => Ellis Park East","network":"Rea Vaya"},"geometry":{"type":"LineString","coordinates":[[28.04045,-26.20487],[28.04061,-26.20484],[28.04124,-26.20477],[28.04211,-26.20468]]}},{"type":"Feature","properties":{"id":"relation/4511533","name":"BRT T1: Thokoza Park => Ellis Park East","network":"Rea Vaya"},"geometry":{"type":"LineString","coordinates":[[28.03535,-26.20547],[28.03572,-26.20542],[28.03607,-26.20539],[28.03692,-26.20529],[28.03736,-26.20523],[28.03803,-26.20515],[28.03882,-26.20506],[28.03962,-26.20496],[28.04045,-26.20487]]}},{"type":"Feature","properties":{"id":"relation/4511533","name":"BRT T1: Thokoza Park => Ellis Park East","network":"Rea Vaya"},"geometry":{"type":"LineString","coordinates":[[27.93876,-26.23308],[27.93889,-26.23316],[27.9394,-26.23344],[27.93974,-26.2336],[27.94013,-26.23375],[27.94052,-26.2339],[27.94078,-26.23398],[27.94133,-26.23411],[27.94168,-26.23418],[27.94213,-26.23424],[27.94245,-26.23428],[27.943,-26.23429],[27.94358,-26.23428],[27.94385,-26.23426],[27.94429,-26.23421],[27.94476,-26.23413],[27.94926,-26.23331],[27.94936,-26.2333],[27.94989,-26.2332],[27.95006,-26.23317],[27.95033,-26.23314],[27.95041,-26.23313],[27.95073,-26.2331],[27.95092,-26.23309],[27.95109,-26.23309],[27.95138,-26.23309],[27.9518,-26.23311],[27.95209,-26.23314],[27.95248,-26.2332],[27.95309,-26.23331],[27.95321,-26.23334],[27.95335,-26.23336],[27.95346,-26.23338],[27.95377,-26.23343],[27.95409,-26.23346],[27.95442,-26.23348],[27.95467,-26.23349],[27.9549,-26.23348],[27.95506,-26.23347],[27.95525,-26.23344],[27.95557,-26.23338],[27.95576,-26.23333],[27.95618,-26.23321],[27.95645,-26.23311],[27.95688,-26.23289],[27.95725,-26.23269],[27.95822,-26.23212],[27.95849,-26.23197],[27.95874,-26.23185],[27.95899,-26.23176],[27.95924,-26.23167],[27.95949,-26.23159],[27.95969,-26.23154],[27.95987,-26.2315],[27.95998,-26.23148],[27.96011,-26.23146],[27.96019,-26.23145]]}},{"type":"Feature","properties":{"id":"relation/4511533","name":"BRT T1: Thokoza Park => Ellis Park East","network":"Rea Vaya"},"geometry":{"type":"LineString","coordinates":[[27.96019,-26.23145],[27.96045,-26.23142],[27.96065,-26.2314],[27.96095,-26.2314],[27.96123,-26.2314]]}},{"type":"Feature","properties":{"id":"relation/4511533","name":"BRT T1: Thokoza Park => Ellis Park East","network":"Rea Vaya"},"geometry":{"type":"LineString","coordinates":[[27.96123,-26.2314],[27.96142,-26.23141],[27.96176,-26.23145],[27.96198,-26.23147],[27.96222,-26.23152],[27.96252,-26.23159],[27.96304,-26.23173],[27.96369,-26.23191],[27.96469,-26.23221],[27.966,-26.23257],[27.96659,-26.23274],[27.96776,-26.23306],[27.96941,-26.23353],[27.97034,-26.23377],[27.97108,-26.23395],[27.97156,-26.23402],[27.97203,-26.23403],[27.97246,-26.23402],[27.97301,-26.23397],[27.97349,-26.23385],[27.97404,-26.23368]]}},{"type":"Feature","properties":{"id":"relation/4511533","name":"BRT T1: Thokoza Park => Ellis Park East","network":"Rea Vaya"},"geometry":{"type":"LineString","coordinates":[[27.97404,-26.23368],[27.97489,-26.23339],[27.97518,-26.23329],[27.97535,-26.23323]]}},{"type":"Feature","properties":{"id":"relation/4511533","name":"BRT T1: Thokoza Park => Ellis Park East","network":"Rea Vaya"},"geometry":{"type":"LineString","coordinates":[[27.97535,-26.23323],[27.97617,-26.23291],[27.97714,-26.23255],[27.97775,-26.23234],[27.97836,-26.23215],[27.97899,-26.23197]]}},{"type":"Feature","properties":{"id":"relation/4511533","name":"BRT T1: Thokoza Park => Ellis Park East","network":"Rea Vaya"},"geometry":{"type":"LineString","coordinates":[[27.97899,-26.23197],[27.9794,-26.23187]]}},{"type":"Feature","properties":{"id":"relation/4511533","name":"BRT T1: Thokoza Park => Ellis Park East","network":"Rea Vaya"},"geometry":{"type":"LineString","coordinates":[[27.9794,-26.23187],[27.98144,-26.23142],[27.98212,-26.23133],[27.98373,-26.23113],[27.98452,-26.23104]]}},{"type":"Feature","properties":{"id":"relation/4511533","name":"BRT T1: Thokoza Park => Ellis Park East","network":"Rea Vaya"},"geometry":{"type":"LineString","coordinates":[[27.98452,-26.23104],[27.98536,-26.23092]]}},{"type":"Feature","properties":{"id":"relation/4511533","name":"BRT T1: Thokoza Park => Ellis Park East","network":"Rea Vaya"},"geometry":{"type":"LineString","coordinates":[[27.98536,-26.23092],[27.98702,-26.2307],[27.98961,-26.23034],[27.99087,-26.23018],[27.99195,-26.23007],[27.99263,-26.22998],[27.99296,-26.22994],[27.9932,-26.22991]]}},{"type":"Feature","properties":{"id":"relation/4511533","name":"BRT T1: Thokoza Park => Ellis Park East","network":"Rea Vaya"},"geometry":{"type":"LineString","coordinates":[[27.9932,-26.22991],[27.9948,-26.2297]]}},{"type":"Feature","properties":{"id":"relation/4511533","name":"BRT T1: Thokoza Park => Ellis Park East","network":"Rea Vaya"},"geometry":{"type":"LineString","coordinates":[[27.9948,-26.2297],[27.99555,-26.2296],[27.99624,-26.22951],[27.99687,-26.22943],[27.99744,-26.22936],[27.99806,-26.22927],[27.9986,-26.2292],[27.9992,-26.22912],[28.00019,-26.22899],[28.00062,-26.22894],[28.00122,-26.22886],[28.00182,-26.22878],[28.00237,-26.22871],[28.00267,-26.22867]]}},{"type":"Feature","properties":{"id":"relation/4511533","name":"BRT T1: Thokoza Park => Ellis Park East","network":"Rea Vaya"},"geometry":{"type":"LineString","coordinates":[[28.00267,-26.22867],[28.00301,-26.22863]]}},{"type":"Feature","properties":{"id":"relation/4511533","name":"BRT T1: Thokoza Park => Ellis Park East","network":"Rea Vaya"},"geometry":{"type":"LineString","coordinates":[[28.00301,-26.22863],[28.0033,-26.22861],[28.00357,-26.2286],[28.00405,-26.2286],[28.00438,-26.22863],[28.00485,-26.22868],[28.00529,-26.22875],[28.00598,-26.2289],[28.00639,-26.229],[28.00719,-26.22917],[28.00859,-26.22948],[28.00887,-26.22952],[28.00911,-26.22955],[28.0095,-26.22957],[28.00986,-26.22959],[28.0103,-26.2296],[28.01074,-26.22959],[28.01127,-26.22955],[28.01176,-26.22952],[28.01223,-26.22949],[28.01271,-26.22946]]}},{"type":"Feature","properties":{"id":"relation/4511533","name":"BRT T1: Thokoza Park => Ellis Park East","network":"Rea Vaya"},"geometry":{"type":"LineString","coordinates":[[27.93221,-26.22735],[27.9323,-26.22743],[27.93267,-26.22776],[27.93312,-26.22818],[27.93378,-26.22879],[27.9341,-26.22907],[27.93422,-26.22921],[27.93445,-26.22947],[27.93453,-26.22957],[27.93466,-26.22968],[27.93491,-26.22992],[27.93525,-26.23022],[27.93538,-26.23032],[27.93554,-26.23045],[27.93571,-26.23059],[27.93586,-26.23071],[27.93612,-26.23093],[27.93658,-26.23136],[27.93698,-26.23171],[27.93779,-26.23245],[27.93801,-26.23266],[27.9381,-26.23273],[27.93821,-26.23281],[27.93857,-26.23305],[27.93871,-26.23314],[27.93885,-26.23321],[27.9391,-26.23335],[27.93941,-26.23351],[27.93966,-26.23362],[27.93986,-26.23371],[27.94018,-26.23383],[27.94043,-26.23392],[27.94073,-26.23402],[27.94101,-26.23409],[27.94136,-26.23417],[27.94161,-26.23422],[27.942,-26.23428],[27.94239,-26.23432],[27.94279,-26.23434],[27.94303,-26.23434],[27.9434,-26.23434],[27.94378,-26.23432],[27.94385,-26.23431],[27.94416,-26.23428],[27.94449,-26.23423],[27.94511,-26.23412],[27.94585,-26.23398],[27.94645,-26.23387],[27.94753,-26.23368],[27.94828,-26.23354],[27.94927,-26.23335],[27.94937,-26.23333],[27.95012,-26.2332],[27.95048,-26.23316],[27.95074,-26.23314],[27.95096,-26.23314],[27.95129,-26.23314],[27.95164,-26.23315],[27.95194,-26.23316],[27.95218,-26.23319],[27.95258,-26.23327],[27.95307,-26.23336],[27.95319,-26.23338],[27.95333,-26.23341],[27.95346,-26.23343],[27.95379,-26.23347],[27.95407,-26.2335],[27.95447,-26.23354],[27.95471,-26.23354],[27.95488,-26.23354],[27.95505,-26.23353],[27.95524,-26.2335],[27.95545,-26.23346],[27.95566,-26.23342],[27.95595,-26.23334],[27.95631,-26.23322],[27.95656,-26.23311],[27.95683,-26.23299],[27.95711,-26.23284],[27.95729,-26.23273],[27.95801,-26.23231],[27.95839,-26.23209],[27.95861,-26.23198],[27.95883,-26.23189],[27.95905,-26.23179],[27.95935,-26.2317],[27.95971,-26.23159],[27.95997,-26.23154],[27.9602,-26.2315]]}},{"type":"Feature","properties":{"id":"relation/4511533","name":"BRT T1: Thokoza Park => Ellis Park East","network":"Rea Vaya"},"geometry":{"type":"LineString","coordinates":[[27.9602,-26.2315],[27.96052,-26.23146],[27.96069,-26.23145],[27.96086,-26.23144],[27.96123,-26.23144]]}},{"type":"Feature","properties":{"id":"relation/4511533","name":"BRT T1: Thokoza Park => Ellis Park East","network":"Rea Vaya"},"geometry":{"type":"LineString","coordinates":[[27.96123,-26.23144],[27.96149,-26.23146],[27.9616,-26.23147],[27.96184,-26.23149],[27.96212,-26.23154],[27.96238,-26.23161],[27.96273,-26.2317],[27.96325,-26.23184],[27.96495,-26.23232],[27.96603,-26.23267],[27.96705,-26.23296],[27.96871,-26.23341],[27.96974,-26.2337],[27.97062,-26.23394],[27.97092,-26.23401],[27.97124,-26.23407],[27.97151,-26.23411],[27.9718,-26.23413],[27.97214,-26.23414],[27.97239,-26.23413],[27.97267,-26.2341],[27.97295,-26.23407],[27.97319,-26.23402],[27.97344,-26.23396],[27.97388,-26.23384],[27.9742,-26.23375],[27.97458,-26.23362],[27.97518,-26.2334],[27.97535,-26.23334],[27.9761,-26.23305],[27.97678,-26.23279],[27.97728,-26.2326],[27.97762,-26.23248],[27.97816,-26.2323],[27.97872,-26.23214],[27.97902,-26.23205]]}},{"type":"Feature","properties":{"id":"relation/4511533","name":"BRT T1: Thokoza Park => Ellis Park East","network":"Rea Vaya"},"geometry":{"type":"LineString","coordinates":[[27.97902,-26.23205],[27.97932,-26.23197],[27.97943,-26.23194]]}},{"type":"Feature","properties":{"id":"relation/4511533","name":"BRT T1: Thokoza Park => Ellis Park East","network":"Rea Vaya"},"geometry":{"type":"LineString","coordinates":[[27.97943,-26.23194],[27.98002,-26.2318],[27.98059,-26.23169],[27.98125,-26.23153],[27.98175,-26.23143],[27.98342,-26.23122],[27.98395,-26.23116],[27.98453,-26.23111],[27.98454,-26.23111]]}},{"type":"Feature","properties":{"id":"relation/4511533","name":"BRT T1: Thokoza Park => Ellis Park East","network":"Rea Vaya"},"geometry":{"type":"LineString","coordinates":[[27.98454,-26.23111],[27.98539,-26.231]]}},{"type":"Feature","properties":{"id":"relation/4511533","name":"BRT T1: Thokoza Park => Ellis Park East","network":"Rea Vaya"},"geometry":{"type":"LineString","coordinates":[[27.98539,-26.231],[27.98608,-26.23091],[27.99103,-26.23026],[27.99865,-26.22927],[28.00236,-26.22878],[28.00266,-26.22873]]}},{"type":"Feature","properties":{"id":"relation/4511533","name":"BRT T1: Thokoza Park => Ellis Park East","network":"Rea Vaya"},"geometry":{"type":"LineString","coordinates":[[28.00266,-26.22873],[28.00269,-26.22873],[28.00291,-26.2287],[28.00301,-26.2287]]}},{"type":"Feature","properties":{"id":"relation/4511533","name":"BRT T1: Thokoza Park => Ellis Park East","network":"Rea Vaya"},"geometry":{"type":"LineString","coordinates":[[28.00301,-26.2287],[28.0032,-26.22868],[28.00354,-26.22866],[28.00386,-26.22866],[28.00417,-26.22867],[28.00456,-26.2287],[28.0048,-26.22873],[28.00515,-26.22879],[28.00554,-26.22887],[28.00694,-26.22919],[28.00819,-26.22946],[28.00863,-26.22955],[28.00911,-26.2296],[28.00985,-26.22965],[28.01034,-26.22967],[28.01138,-26.22961],[28.01221,-26.22956],[28.01401,-26.22942],[28.01458,-26.22938],[28.01468,-26.22937],[28.01483,-26.22934],[28.01496,-26.22931],[28.01512,-26.22927],[28.01541,-26.22916],[28.01606,-26.22895],[28.01624,-26.22891],[28.01636,-26.22889],[28.0165,-26.22887],[28.01665,-26.22886],[28.01682,-26.22887],[28.01697,-26.22888],[28.01725,-26.22893],[28.01744,-26.22898],[28.01773,-26.22906],[28.01796,-26.22912],[28.0181,-26.22916],[28.01826,-26.22919],[28.01839,-26.22921],[28.01849,-26.22923],[28.0186,-26.22924],[28.01871,-26.22924],[28.01882,-26.22925],[28.01905,-26.22925],[28.0192,-26.22924],[28.01927,-26.22923],[28.0194,-26.22921],[28.0196,-26.22917],[28.01973,-26.22914],[28.01978,-26.22912],[28.01985,-26.22911],[28.01996,-26.22909],[28.0201,-26.22907],[28.02023,-26.22905],[28.02043,-26.22902],[28.02056,-26.22899],[28.02066,-26.22896],[28.02073,-26.22893],[28.02081,-26.2289],[28.02091,-26.22884],[28.02105,-26.22876],[28.02123,-26.22865],[28.02148,-26.22849],[28.02164,-26.22837],[28.02175,-26.22827],[28.02183,-26.22818],[28.02188,-26.22811],[28.02193,-26.22804],[28.02195,-26.228],[28.02197,-26.22797],[28.02201,-26.22792]]}},{"type":"Feature","properties":{"id":"relation/4511533","name":"BRT T1: Thokoza Park => Ellis Park East","network":"Rea Vaya"},"geometry":{"type":"LineString","coordinates":[[28.02201,-26.22792],[28.02205,-26.2278],[28.02206,-26.22775],[28.02207,-26.22768],[28.02207,-26.22763],[28.02208,-26.22757],[28.02208,-26.22752],[28.02208,-26.22734],[28.02208,-26.22721],[28.02208,-26.22705],[28.02208,-26.2269],[28.02209,-26.22688],[28.02209,-26.22684],[28.02211,-26.22668]]}},{"type":"Feature","properties":{"id":"relation/4511533","name":"BRT T1: Thokoza Park => Ellis Park East","network":"Rea Vaya"},"geometry":{"type":"LineString","coordinates":[[28.02211,-26.22668],[28.02214,-26.22653]]}},{"type":"Feature","properties":{"id":"relation/4511533","name":"BRT T1: Thokoza Park => Ellis Park East","network":"Rea Vaya"},"geometry":{"type":"LineString","coordinates":[[28.02214,-26.22653],[28.0222,-26.22616],[28.02231,-26.22545],[28.02233,-26.22534],[28.02236,-26.22515],[28.02246,-26.22452],[28.0225,-26.22429],[28.02252,-26.22419],[28.02255,-26.22409],[28.02258,-26.22402],[28.02262,-26.22394],[28.02267,-26.22387],[28.02272,-26.2238],[28.02281,-26.2237],[28.02292,-26.22361],[28.02308,-26.2235],[28.02344,-26.22326],[28.02392,-26.22296],[28.02412,-26.22283],[28.02424,-26.22275],[28.02434,-26.22266],[28.02441,-26.22259],[28.02449,-26.22249],[28.02457,-26.22238],[28.02462,-26.22228],[28.02469,-26.22212],[28.02474,-26.22194],[28.02488,-26.22151],[28.02503,-26.22103],[28.02507,-26.2209],[28.02509,-26.22078],[28.02509,-26.22069],[28.02509,-26.2206],[28.02506,-26.22049],[28.02502,-26.22034],[28.02499,-26.22027],[28.02495,-26.22021],[28.0249,-26.22016],[28.02487,-26.22011],[28.02485,-26.22008],[28.02484,-26.22005],[28.02484,-26.22002],[28.02485,-26.21999],[28.02486,-26.21997],[28.02488,-26.21995],[28.0249,-26.21993],[28.02495,-26.2199],[28.02503,-26.21988],[28.02512,-26.21986],[28.02531,-26.21984],[28.02565,-26.21983],[28.02592,-26.21981],[28.02605,-26.21979],[28.02618,-26.21976],[28.0263,-26.21972],[28.02643,-26.21967],[28.02657,-26.2196],[28.02669,-26.21952],[28.02681,-26.21943],[28.02691,-26.21933],[28.02699,-26.21925],[28.02706,-26.21916],[28.02714,-26.21903],[28.02731,-26.21873],[28.02753,-26.21835],[28.02775,-26.21798],[28.0279,-26.21771],[28.02801,-26.21748],[28.02816,-26.21713],[28.02826,-26.21688],[28.02837,-26.21659],[28.02859,-26.216],[28.02874,-26.21564],[28.02882,-26.21542],[28.0289,-26.21528],[28.02894,-26.21523],[28.02901,-26.21516],[28.02908,-26.21509],[28.02915,-26.21504],[28.02929,-26.21497],[28.02942,-26.21492],[28.02957,-26.21487],[28.02991,-26.21478]]}},{"type":"Feature","properties":{"id":"relation/4511533","name":"BRT T1: Thokoza Park => Ellis Park East","network":"Rea Vaya"},"geometry":{"type":"LineString","coordinates":[[28.03028,-26.21401],[28.0301,-26.21379],[28.03004,-26.21373],[28.03,-26.21366],[28.02998,-26.21358],[28.02997,-26.21353],[28.02997,-26.21346],[28.02999,-26.21339],[28.03002,-26.21333],[28.03006,-26.21327],[28.03013,-26.2132],[28.03024,-26.21314],[28.03049,-26.21303],[28.03072,-26.21293],[28.03106,-26.21279],[28.03138,-26.21264],[28.0316,-26.21254],[28.03182,-26.21244],[28.03206,-26.21231],[28.03221,-26.21222],[28.03234,-26.21213],[28.03252,-26.212],[28.03262,-26.21192],[28.03286,-26.21174]]}},{"type":"Feature","properties":{"id":"relation/4511533","name":"BRT T1: Thokoza Park => Ellis Park East","network":"Rea Vaya"},"geometry":{"type":"LineString","coordinates":[[28.03286,-26.21174],[28.03292,-26.21165],[28.03298,-26.21158],[28.03307,-26.21147],[28.03319,-26.21132],[28.03337,-26.21115],[28.0336,-26.21094],[28.03376,-26.21079],[28.03409,-26.21049],[28.03425,-26.21034],[28.03432,-26.21027],[28.03437,-26.2102],[28.03442,-26.21013],[28.03444,-26.21005],[28.03445,-26.20997],[28.03445,-26.20992],[28.03444,-26.20984],[28.03441,-26.20975],[28.03435,-26.20958],[28.03427,-26.20936],[28.03423,-26.20924],[28.03421,-26.20916],[28.0342,-26.20909],[28.03419,-26.20899]]}},{"type":"Feature","properties":{"id":"relation/4511533","name":"BRT T1: Thokoza Park => Ellis Park East","network":"Rea Vaya"},"geometry":{"type":"LineString","coordinates":[[28.03426,-26.20897],[28.03432,-26.20914],[28.03441,-26.20939],[28.03449,-26.20961],[28.03455,-26.20978],[28.03457,-26.20989],[28.03458,-26.20997],[28.03457,-26.21006],[28.03454,-26.21016],[28.03451,-26.21024],[28.03447,-26.21031],[28.0344,-26.2104],[28.03427,-26.21052],[28.03397,-26.21079],[28.0339,-26.21084],[28.03386,-26.21088],[28.0337,-26.21103],[28.03323,-26.21145],[28.03314,-26.21152],[28.03303,-26.21162],[28.03295,-26.21168],[28.03286,-26.21174]]}},{"type":"Feature","properties":{"id":"relation/4511533","name":"BRT T1: Thokoza Park => Ellis Park East","network":"Rea Vaya"},"geometry":{"type":"LineString","coordinates":[[28.03419,-26.20899],[28.03418,-26.20889],[28.03417,-26.2088],[28.03416,-26.20873],[28.03416,-26.20867]]}},{"type":"Feature","properties":{"id":"relation/4511533","name":"BRT T1: Thokoza Park => Ellis Park East","network":"Rea Vaya"},"geometry":{"type":"LineString","coordinates":[[28.03416,-26.20867],[28.03419,-26.20873],[28.03422,-26.20882],[28.03426,-26.20897]]}},{"type":"Feature","properties":{"id":"relation/4511533","name":"BRT T1: Thokoza Park => Ellis Park East","network":"Rea Vaya"},"geometry":{"type":"LineString","coordinates":[[28.03416,-26.20867],[28.03412,-26.20843],[28.03389,-26.20698],[28.03382,-26.20642]]}},{"type":"Feature","properties":{"id":"relation/4511533","name":"BRT T1: Thokoza Park => Ellis Park East","network":"Rea Vaya"},"geometry":{"type":"LineString","coordinates":[[28.03369,-26.20565],[28.03373,-26.20576],[28.03381,-26.20627],[28.03382,-26.20642]]}},{"type":"Feature","properties":{"id":"relation/4511533","name":"BRT T1: Thokoza Park => Ellis Park East","network":"Rea Vaya"},"geometry":{"type":"LineString","coordinates":[[28.03026,-26.2147],[28.03021,-26.21466],[28.03018,-26.21462],[28.03017,-26.21456],[28.03017,-26.21451],[28.03019,-26.21445],[28.03023,-26.2144],[28.03029,-26.21437],[28.03035,-26.21436],[28.03041,-26.21436],[28.03047,-26.21438],[28.0305,-26.2144],[28.03053,-26.21443],[28.03056,-26.21447],[28.03057,-26.21452],[28.03057,-26.21457],[28.03055,-26.21462],[28.03052,-26.21466],[28.03048,-26.2147],[28.03042,-26.21472],[28.03037,-26.21473],[28.03031,-26.21472],[28.03026,-26.2147]]}},{"type":"Feature","properties":{"id":"relation/4511533","name":"BRT T1: Thokoza Park => Ellis Park East","network":"Rea Vaya"},"geometry":{"type":"LineString","coordinates":[[27.87906,-26.26487],[27.87912,-26.26485],[27.87917,-26.26482],[27.87924,-26.26476],[27.87932,-26.2647],[27.87945,-26.26457],[27.87963,-26.26445],[27.87987,-26.26433],[27.88006,-26.26424],[27.88068,-26.26398]]}},{"type":"Feature","properties":{"id":"relation/4511533","name":"BRT T1: Thokoza Park => Ellis Park East","network":"Rea Vaya"},"geometry":{"type":"LineString","coordinates":[[27.88068,-26.26398],[27.88089,-26.26389],[27.88107,-26.26381]]}},{"type":"Feature","properties":{"id":"relation/4511533","name":"BRT T1: Thokoza Park => Ellis Park East","network":"Rea Vaya"},"geometry":{"type":"LineString","coordinates":[[27.88107,-26.26381],[27.88142,-26.26366],[27.88158,-26.26361],[27.88181,-26.26355],[27.88234,-26.26342],[27.88243,-26.2634],[27.88282,-26.26333],[27.88351,-26.26324],[27.88395,-26.26319],[27.88423,-26.26316],[27.88432,-26.26315],[27.88441,-26.26314],[27.88447,-26.26313],[27.88452,-26.26312],[27.88456,-26.2631],[27.88462,-26.26308]]}},{"type":"Feature","properties":{"id":"relation/4511533","name":"BRT T1: Thokoza Park => Ellis Park East","network":"Rea Vaya"},"geometry":{"type":"LineString","coordinates":[[27.88498,-26.26294],[27.88502,-26.26295],[27.88508,-26.26299],[27.8851,-26.26303],[27.88513,-26.26309],[27.88513,-26.26311],[27.88513,-26.26315],[27.88512,-26.26319],[27.88507,-26.26327],[27.88505,-26.26329],[27.88502,-26.26332],[27.88497,-26.26334]]}},{"type":"Feature","properties":{"id":"relation/4511533","name":"BRT T1: Thokoza Park => Ellis Park East","network":"Rea Vaya"},"geometry":{"type":"LineString","coordinates":[[27.88497,-26.26334],[27.88491,-26.26336],[27.88486,-26.26337],[27.88482,-26.26337],[27.88479,-26.26336],[27.88474,-26.26334],[27.88472,-26.26333]]}},{"type":"Feature","properties":{"id":"relation/4511533","name":"BRT T1: Thokoza Park => Ellis Park East","network":"Rea Vaya"},"geometry":{"type":"LineString","coordinates":[[27.88472,-26.26333],[27.88465,-26.26326],[27.88462,-26.26322],[27.88461,-26.26317],[27.88461,-26.26312],[27.88462,-26.26308],[27.88465,-26.26305],[27.88471,-26.26299],[27.88475,-26.26294]]}},{"type":"Feature","properties":{"id":"relation/4511533","name":"BRT T1: Thokoza Park => Ellis Park East","network":"Rea Vaya"},"geometry":{"type":"LineString","coordinates":[[27.88475,-26.26294],[27.88481,-26.26292],[27.88484,-26.26292],[27.88487,-26.26291],[27.88489,-26.26292],[27.88493,-26.26292],[27.88498,-26.26294]]}},{"type":"Feature","properties":{"id":"relation/4511533","name":"BRT T1: Thokoza Park => Ellis Park East","network":"Rea Vaya"},"geometry":{"type":"LineString","coordinates":[[27.88508,-26.26299],[27.88516,-26.26302],[27.88523,-26.26303],[27.88534,-26.26303],[27.8854,-26.26302],[27.88548,-26.263],[27.88554,-26.26299],[27.88573,-26.26295],[27.88619,-26.26289],[27.88718,-26.26278],[27.88759,-26.26273],[27.88847,-26.26261]]}},{"type":"Feature","properties":{"id":"relation/4511533","name":"BRT T1: Thokoza Park => Ellis Park East","network":"Rea Vaya"},"geometry":{"type":"LineString","coordinates":[[27.88847,-26.26261],[27.88938,-26.26246]]}},{"type":"Feature","properties":{"id":"relation/4511533","name":"BRT T1: Thokoza Park => Ellis Park East","network":"Rea Vaya"},"geometry":{"type":"LineString","coordinates":[[27.88938,-26.26246],[27.88969,-26.2624]]}},{"type":"Feature","properties":{"id":"relation/4511533","name":"BRT T1: Thokoza Park => Ellis Park East","network":"Rea Vaya"},"geometry":{"type":"LineString","coordinates":[[27.88969,-26.2624],[27.88976,-26.26236],[27.88985,-26.26231],[27.88988,-26.26229],[27.88993,-26.26225],[27.89002,-26.26215],[27.89007,-26.26207],[27.89013,-26.26197]]}},{"type":"Feature","properties":{"id":"relation/4511533","name":"BRT T1: Thokoza Park => Ellis Park East","network":"Rea Vaya"},"geometry":{"type":"LineString","coordinates":[[27.89024,-26.26233],[27.89019,-26.26252]]}},{"type":"Feature","properties":{"id":"relation/4511533","name":"BRT T1: Thokoza Park => Ellis Park East","network":"Rea Vaya"},"geometry":{"type":"LineString","coordinates":[[27.89028,-26.26223],[27.89024,-26.26233]]}},{"type":"Feature","properties":{"id":"relation/4511533","name":"BRT T1: Thokoza Park => Ellis Park East","network":"Rea Vaya"},"geometry":{"type":"LineString","coordinates":[[27.89369,-26.25533],[27.89359,-26.25541],[27.89352,-26.25547],[27.89336,-26.25562],[27.89318,-26.25579],[27.89294,-26.25602],[27.89265,-26.25636],[27.89249,-26.25659],[27.89234,-26.25679],[27.8922,-26.25702],[27.89206,-26.25727],[27.89188,-26.25763],[27.8917,-26.25802],[27.89155,-26.25846],[27.89146,-26.25874],[27.89138,-26.25907],[27.89131,-26.25937],[27.89125,-26.25963],[27.89119,-26.25984],[27.89087,-26.26076],[27.89051,-26.26173],[27.89028,-26.26223]]}},{"type":"Feature","properties":{"id":"relation/4511533","name":"BRT T1: Thokoza Park => Ellis Park East","network":"Rea Vaya"},"geometry":{"type":"LineString","coordinates":[[27.89839,-26.25299],[27.89831,-26.25301],[27.89822,-26.25304],[27.89814,-26.25306],[27.89796,-26.25314],[27.89786,-26.25319],[27.89764,-26.25331],[27.89738,-26.25343],[27.89671,-26.25371],[27.89656,-26.25378],[27.8963,-26.25388],[27.89585,-26.25403],[27.89564,-26.2541],[27.89542,-26.25419],[27.89508,-26.25436],[27.89478,-26.25452],[27.89447,-26.25472],[27.89419,-26.2549],[27.89396,-26.25505],[27.89394,-26.25507],[27.89393,-26.2551],[27.89391,-26.25514]]}},{"type":"Feature","properties":{"id":"relation/4511533","name":"BRT T1: Thokoza Park => Ellis Park East","network":"Rea Vaya"},"geometry":{"type":"LineString","coordinates":[[27.91042,-26.24507],[27.91035,-26.24514],[27.91027,-26.24521],[27.91025,-26.24524],[27.91023,-26.24526],[27.9102,-26.24531],[27.91012,-26.24543],[27.91005,-26.24555],[27.9099,-26.24575],[27.90976,-26.24593],[27.90952,-26.24619],[27.9094,-26.24632],[27.90913,-26.24656],[27.90886,-26.24676],[27.90866,-26.2469],[27.90851,-26.24699],[27.90826,-26.24713],[27.90814,-26.24719],[27.90797,-26.24727],[27.90774,-26.24737],[27.90754,-26.24744],[27.90733,-26.24751],[27.9071,-26.24758],[27.90688,-26.24763],[27.9064,-26.24775],[27.90562,-26.24795],[27.90514,-26.24807],[27.90453,-26.24822],[27.90392,-26.24837],[27.90342,-26.2485],[27.90305,-26.24862],[27.90277,-26.24873],[27.90252,-26.24885],[27.90226,-26.24898],[27.90205,-26.24911],[27.90191,-26.2492],[27.90173,-26.24933],[27.90155,-26.24947],[27.90142,-26.24958],[27.90124,-26.24975],[27.90107,-26.24993],[27.90089,-26.25014],[27.9007,-26.25039],[27.90053,-26.25063],[27.90038,-26.25085],[27.90021,-26.25108],[27.90009,-26.25125],[27.89991,-26.25151],[27.89978,-26.25168],[27.89965,-26.25183],[27.89939,-26.25211],[27.89915,-26.25234],[27.89908,-26.25242],[27.89897,-26.25252],[27.89878,-26.25268],[27.89868,-26.25279]]}},{"type":"Feature","properties":{"id":"relation/4511533","name":"BRT T1: Thokoza Park => Ellis Park East","network":"Rea Vaya"},"geometry":{"type":"LineString","coordinates":[[27.91023,-26.24466],[27.91028,-26.24461],[27.91034,-26.24454],[27.91039,-26.24449],[27.91043,-26.24442],[27.91045,-26.24437],[27.91047,-26.24432],[27.91048,-26.2443],[27.9106,-26.24378],[27.91064,-26.24352],[27.9107,-26.24321],[27.91076,-26.24292],[27.9108,-26.24276],[27.91085,-26.2426],[27.91096,-26.24237],[27.9111,-26.24213],[27.91125,-26.2419],[27.91143,-26.24168],[27.91174,-26.24134]]}},{"type":"Feature","properties":{"id":"relation/4511533","name":"BRT T1: Thokoza Park => Ellis Park East","network":"Rea Vaya"},"geometry":{"type":"LineString","coordinates":[[27.91174,-26.24134],[27.91222,-26.2409],[27.91225,-26.24087]]}},{"type":"Feature","properties":{"id":"relation/4511533","name":"BRT T1: Thokoza Park => Ellis Park East","network":"Rea Vaya"},"geometry":{"type":"LineString","coordinates":[[27.91225,-26.24087],[27.91239,-26.24077],[27.91242,-26.24073]]}},{"type":"Feature","properties":{"id":"relation/4511533","name":"BRT T1: Thokoza Park => Ellis Park East","network":"Rea Vaya"},"geometry":{"type":"LineString","coordinates":[[27.91242,-26.24073],[27.91249,-26.24087]]}},{"type":"Feature","properties":{"id":"relation/4511533","name":"BRT T1: Thokoza Park => Ellis Park East","network":"Rea Vaya"},"geometry":{"type":"LineString","coordinates":[[27.91249,-26.24087],[27.91251,-26.24093],[27.91256,-26.24105],[27.9126,-26.24119],[27.91269,-26.24141],[27.9128,-26.24174],[27.91286,-26.24188],[27.91292,-26.24201],[27.91297,-26.24211],[27.91305,-26.2422],[27.91316,-26.24232],[27.91325,-26.24239],[27.91336,-26.24247],[27.91352,-26.24257]]}},{"type":"Feature","properties":{"id":"relation/4511533","name":"BRT T1: Thokoza Park => Ellis Park East","network":"Rea Vaya"},"geometry":{"type":"LineString","coordinates":[[27.91352,-26.24257],[27.91363,-26.24263],[27.91377,-26.24272]]}},{"type":"Feature","properties":{"id":"relation/4511533","name":"BRT T1: Thokoza Park => Ellis Park East","network":"Rea Vaya"},"geometry":{"type":"LineString","coordinates":[[27.91377,-26.24272],[27.91414,-26.24294]]}},{"type":"Feature","properties":{"id":"relation/4511533","name":"BRT T1: Thokoza Park => Ellis Park East","network":"Rea Vaya"},"geometry":{"type":"LineString","coordinates":[[27.91414,-26.24294],[27.91419,-26.24298]]}},{"type":"Feature","properties":{"id":"relation/4511533","name":"BRT T1: Thokoza Park => Ellis Park East","network":"Rea Vaya"},"geometry":{"type":"LineString","coordinates":[[27.91419,-26.24298],[27.91427,-26.24288],[27.91443,-26.24268],[27.91453,-26.24258],[27.91463,-26.24248],[27.91474,-26.2424],[27.91492,-26.24229],[27.91534,-26.24204],[27.91594,-26.24169],[27.9161,-26.24161],[27.91625,-26.24155],[27.9163,-26.24153],[27.91641,-26.24148],[27.91652,-26.24144],[27.91661,-26.24139],[27.9167,-26.24134],[27.91751,-26.24086],[27.9177,-26.24074],[27.91795,-26.2406],[27.91806,-26.24054]]}},{"type":"Feature","properties":{"id":"relation/4511533","name":"BRT T1: Thokoza Park => Ellis Park East","network":"Rea Vaya"},"geometry":{"type":"LineString","coordinates":[[27.91806,-26.24054],[27.91814,-26.2405],[27.91825,-26.24044],[27.91833,-26.2404],[27.91845,-26.24032]]}},{"type":"Feature","properties":{"id":"relation/4511533","name":"BRT T1: Thokoza Park => Ellis Park East","network":"Rea Vaya"},"geometry":{"type":"LineString","coordinates":[[27.91856,-26.24044],[27.91851,-26.24041],[27.9185,-26.2404],[27.91849,-26.24038],[27.91848,-26.24037],[27.91845,-26.24032],[27.91845,-26.24029],[27.91845,-26.24025]]}},{"type":"Feature","properties":{"id":"relation/4511533","name":"BRT T1: Thokoza Park => Ellis Park East","network":"Rea Vaya"},"geometry":{"type":"LineString","coordinates":[[27.91885,-26.24025],[27.91885,-26.24029],[27.91884,-26.24032],[27.91881,-26.24038],[27.91874,-26.24043],[27.91867,-26.24045],[27.91861,-26.24045],[27.91856,-26.24044]]}},{"type":"Feature","properties":{"id":"relation/4511533","name":"BRT T1: Thokoza Park => Ellis Park East","network":"Rea Vaya"},"geometry":{"type":"LineString","coordinates":[[27.91865,-26.24009],[27.91869,-26.2401],[27.91873,-26.24011],[27.91877,-26.24013],[27.91879,-26.24015],[27.91881,-26.24017],[27.91883,-26.24019],[27.91884,-26.24022],[27.91885,-26.24025]]}},{"type":"Feature","properties":{"id":"relation/4511533","name":"BRT T1: Thokoza Park => Ellis Park East","network":"Rea Vaya"},"geometry":{"type":"LineString","coordinates":[[27.91865,-26.24009],[27.9187,-26.24005],[27.91883,-26.23993],[27.91886,-26.23991],[27.91897,-26.23974],[27.91959,-26.23885],[27.91997,-26.23831],[27.92003,-26.23823],[27.92022,-26.23798],[27.92038,-26.23776],[27.92175,-26.23598],[27.92217,-26.23542],[27.92232,-26.23523],[27.92252,-26.23494],[27.92254,-26.23489],[27.92254,-26.23485]]}},{"type":"Feature","properties":{"id":"relation/4511533","name":"BRT T1: Thokoza Park => Ellis Park East","network":"Rea Vaya"},"geometry":{"type":"LineString","coordinates":[[27.92272,-26.2346],[27.9228,-26.23453],[27.92284,-26.23449],[27.92291,-26.23441],[27.92362,-26.23339],[27.92479,-26.23182],[27.92493,-26.23163]]}},{"type":"Feature","properties":{"id":"relation/4511533","name":"BRT T1: Thokoza Park => Ellis Park East","network":"Rea Vaya"},"geometry":{"type":"LineString","coordinates":[[27.92511,-26.23142],[27.92535,-26.23112],[27.92536,-26.2311],[27.92546,-26.23097],[27.92592,-26.23033]]}},{"type":"Feature","properties":{"id":"relation/4511533","name":"BRT T1: Thokoza Park => Ellis Park East","network":"Rea Vaya"},"geometry":{"type":"LineString","coordinates":[[27.92592,-26.23033],[27.92623,-26.22989]]}},{"type":"Feature","properties":{"id":"relation/4511533","name":"BRT T1: Thokoza Park => Ellis Park East","network":"Rea Vaya"},"geometry":{"type":"LineString","coordinates":[[27.92623,-26.22989],[27.92647,-26.22957],[27.92657,-26.22943],[27.92662,-26.22937],[27.92667,-26.22931],[27.92676,-26.22922],[27.92683,-26.22915]]}},{"type":"Feature","properties":{"id":"relation/4511533","name":"BRT T1: Thokoza Park => Ellis Park East","network":"Rea Vaya"},"geometry":{"type":"LineString","coordinates":[[27.927,-26.22905],[27.92718,-26.22895],[27.92735,-26.22888],[27.9274,-26.22886],[27.92767,-26.22875],[27.92878,-26.22836],[27.92883,-26.22834],[27.92939,-26.22816],[27.92995,-26.22797],[27.93037,-26.22784],[27.93051,-26.22779]]}},{"type":"Feature","properties":{"id":"relation/4511533","name":"BRT T1: Thokoza Park => Ellis Park East","network":"Rea Vaya"},"geometry":{"type":"LineString","coordinates":[[27.93051,-26.22779],[27.93089,-26.22767],[27.93123,-26.22756]]}},{"type":"Feature","properties":{"id":"relation/4511533","name":"BRT T1: Thokoza Park => Ellis Park East","network":"Rea Vaya"},"geometry":{"type":"LineString","coordinates":[[27.93123,-26.22756],[27.93162,-26.22743],[27.93186,-26.22734],[27.93198,-26.22729]]}},{"type":"Feature","properties":{"id":"relation/4511533","name":"BRT T1: Thokoza Park => Ellis Park East","network":"Rea Vaya"},"geometry":{"type":"LineString","coordinates":[[27.93198,-26.22729],[27.93218,-26.22722]]}},{"type":"Feature","properties":{"id":"relation/4511533","name":"BRT T1: Thokoza Park => Ellis Park East","network":"Rea Vaya"},"geometry":{"type":"LineString","coordinates":[[27.93229,-26.22732],[27.93237,-26.22739],[27.93251,-26.22752],[27.93318,-26.22814],[27.93394,-26.22888],[27.93672,-26.23138],[27.93742,-26.23204]]}},{"type":"Feature","properties":{"id":"relation/4511533","name":"BRT T1: Thokoza Park => Ellis Park East","network":"Rea Vaya"},"geometry":{"type":"LineString","coordinates":[[27.93742,-26.23204],[27.938,-26.23253]]}},{"type":"Feature","properties":{"id":"relation/4511533","name":"BRT T1: Thokoza Park => Ellis Park East","network":"Rea Vaya"},"geometry":{"type":"LineString","coordinates":[[27.938,-26.23253],[27.93811,-26.23263],[27.93844,-26.23287],[27.93876,-26.23308]]}},{"type":"Feature","properties":{"id":"relation/4511533","name":"BRT T1: Thokoza Park => Ellis Park East","network":"Rea Vaya"},"geometry":{"type":"LineString","coordinates":[[27.91845,-26.24025],[27.91845,-26.24024],[27.91845,-26.24023],[27.91848,-26.24018],[27.91849,-26.24016],[27.91851,-26.24014],[27.91855,-26.24012],[27.9186,-26.2401],[27.91865,-26.24009]]}},{"type":"Feature","properties":{"id":"relation/4511533","name":"BRT T1: Thokoza Park => Ellis Park East","network":"Rea Vaya"},"geometry":{"type":"LineString","coordinates":[[27.92291,-26.23478],[27.92289,-26.23483],[27.92286,-26.23488],[27.92282,-26.23492]]}},{"type":"Feature","properties":{"id":"relation/4511533","name":"BRT T1: Thokoza Park => Ellis Park East","network":"Rea Vaya"},"geometry":{"type":"LineString","coordinates":[[27.92282,-26.23492],[27.92277,-26.23494],[27.92273,-26.23495],[27.92268,-26.23494],[27.92264,-26.23493],[27.9226,-26.23491],[27.92257,-26.23488],[27.92254,-26.23485]]}},{"type":"Feature","properties":{"id":"relation/4511533","name":"BRT T1: Thokoza Park => Ellis Park East","network":"Rea Vaya"},"geometry":{"type":"LineString","coordinates":[[27.92254,-26.23485],[27.92253,-26.23479],[27.92253,-26.23473],[27.92255,-26.23468],[27.92258,-26.23464],[27.92263,-26.23462],[27.92269,-26.2346],[27.92272,-26.2346]]}},{"type":"Feature","properties":{"id":"relation/4511533","name":"BRT T1: Thokoza Park => Ellis Park East","network":"Rea Vaya"},"geometry":{"type":"LineString","coordinates":[[27.92272,-26.2346],[27.92277,-26.2346],[27.92282,-26.23462],[27.92285,-26.23465],[27.92288,-26.23467],[27.9229,-26.23472],[27.92291,-26.23478]]}},{"type":"Feature","properties":{"id":"relation/4511533","name":"BRT T1: Thokoza Park => Ellis Park East","network":"Rea Vaya"},"geometry":{"type":"LineString","coordinates":[[27.92535,-26.23154],[27.92536,-26.23158],[27.92537,-26.23162],[27.92534,-26.2317],[27.92528,-26.23177],[27.92526,-26.23178],[27.92523,-26.23179],[27.9252,-26.2318],[27.92517,-26.23181]]}},{"type":"Feature","properties":{"id":"relation/4511533","name":"BRT T1: Thokoza Park => Ellis Park East","network":"Rea Vaya"},"geometry":{"type":"LineString","coordinates":[[27.92517,-26.23181],[27.92511,-26.2318],[27.92505,-26.23179],[27.92502,-26.23177],[27.925,-26.23175],[27.92496,-26.23171],[27.92494,-26.23167],[27.92493,-26.23163]]}},{"type":"Feature","properties":{"id":"relation/4511533","name":"BRT T1: Thokoza Park => Ellis Park East","network":"Rea Vaya"},"geometry":{"type":"LineString","coordinates":[[27.92493,-26.23163],[27.92494,-26.23157],[27.92495,-26.23154],[27.92497,-26.2315],[27.925,-26.23147],[27.92505,-26.23144],[27.92511,-26.23142]]}},{"type":"Feature","properties":{"id":"relation/4511533","name":"BRT T1: Thokoza Park => Ellis Park East","network":"Rea Vaya"},"geometry":{"type":"LineString","coordinates":[[27.92511,-26.23142],[27.92516,-26.23142],[27.92521,-26.23142],[27.92524,-26.23143],[27.92527,-26.23145],[27.92529,-26.23146],[27.92533,-26.2315],[27.92535,-26.23154]]}},{"type":"Feature","properties":{"id":"relation/4511533","name":"BRT T1: Thokoza Park => Ellis Park East","network":"Rea Vaya"},"geometry":{"type":"LineString","coordinates":[[27.92681,-26.22922],[27.92682,-26.22918],[27.92683,-26.22915],[27.92685,-26.22912],[27.9269,-26.22908],[27.92695,-26.22906],[27.927,-26.22905]]}},{"type":"Feature","properties":{"id":"relation/4511533","name":"BRT T1: Thokoza Park => Ellis Park East","network":"Rea Vaya"},"geometry":{"type":"LineString","coordinates":[[27.927,-26.22905],[27.92705,-26.22905],[27.92709,-26.22906],[27.92712,-26.22908],[27.92715,-26.2291],[27.92718,-26.22913],[27.9272,-26.22916],[27.9272,-26.22918]]}},{"type":"Feature","properties":{"id":"relation/4511533","name":"BRT T1: Thokoza Park => Ellis Park East","network":"Rea Vaya"},"geometry":{"type":"LineString","coordinates":[[27.9272,-26.22918],[27.92721,-26.22926],[27.92719,-26.22931],[27.92716,-26.22935],[27.92712,-26.22938],[27.92708,-26.2294],[27.92704,-26.22941],[27.927,-26.22941],[27.92696,-26.2294]]}},{"type":"Feature","properties":{"id":"relation/4511533","name":"BRT T1: Thokoza Park => Ellis Park East","network":"Rea Vaya"},"geometry":{"type":"LineString","coordinates":[[27.92696,-26.2294],[27.92692,-26.22939],[27.92688,-26.22937],[27.92685,-26.22934],[27.92683,-26.2293],[27.92681,-26.22926],[27.92681,-26.22922]]}},{"type":"Feature","properties":{"id":"relation/4511598","name":"BRT T2: Thokoza Park => Braamfontein","network":"Rea Vaya"},"geometry":{"type":"LineString","coordinates":[[27.87906,-26.26487],[27.87912,-26.26485],[27.87917,-26.26482],[27.87924,-26.26476],[27.87932,-26.2647],[27.87945,-26.26457],[27.87963,-26.26445],[27.87987,-26.26433],[27.88006,-26.26424],[27.88068,-26.26398]]}},{"type":"Feature","properties":{"id":"relation/4511598","name":"BRT T2: Thokoza Park => Braamfontein","network":"Rea Vaya"},"geometry":{"type":"LineString","coordinates":[[27.88068,-26.26398],[27.88089,-26.26389],[27.88107,-26.26381]]}},{"type":"Feature","properties":{"id":"relation/4511598","name":"BRT T2: Thokoza Park => Braamfontein","network":"Rea Vaya"},"geometry":{"type":"LineString","coordinates":[[27.88107,-26.26381],[27.88142,-26.26366],[27.88158,-26.26361],[27.88181,-26.26355],[27.88234,-26.26342],[27.88243,-26.2634],[27.88282,-26.26333],[27.88351,-26.26324],[27.88395,-26.26319],[27.88423,-26.26316],[27.88432,-26.26315],[27.88441,-26.26314],[27.88447,-26.26313],[27.88452,-26.26312],[27.88456,-26.2631],[27.88462,-26.26308]]}},{"type":"Feature","properties":{"id":"relation/4511598","name":"BRT T2: Thokoza Park => Braamfontein","network":"Rea Vaya"},"geometry":{"type":"LineString","coordinates":[[27.88498,-26.26294],[27.88502,-26.26295],[27.88508,-26.26299],[27.8851,-26.26303],[27.88513,-26.26309],[27.88513,-26.26311],[27.88513,-26.26315],[27.88512,-26.26319],[27.88507,-26.26327],[27.88505,-26.26329],[27.88502,-26.26332],[27.88497,-26.26334]]}},{"type":"Feature","properties":{"id":"relation/4511598","name":"BRT T2: Thokoza Park => Braamfontein","network":"Rea Vaya"},"geometry":{"type":"LineString","coordinates":[[27.88497,-26.26334],[27.88491,-26.26336],[27.88486,-26.26337],[27.88482,-26.26337],[27.88479,-26.26336],[27.88474,-26.26334],[27.88472,-26.26333]]}},{"type":"Feature","properties":{"id":"relation/4511598","name":"BRT T2: Thokoza Park => Braamfontein","network":"Rea Vaya"},"geometry":{"type":"LineString","coordinates":[[27.88472,-26.26333],[27.88465,-26.26326],[27.88462,-26.26322],[27.88461,-26.26317],[27.88461,-26.26312],[27.88462,-26.26308],[27.88465,-26.26305],[27.88471,-26.26299],[27.88475,-26.26294]]}},{"type":"Feature","properties":{"id":"relation/4511598","name":"BRT T2: Thokoza Park => Braamfontein","network":"Rea Vaya"},"geometry":{"type":"LineString","coordinates":[[27.88475,-26.26294],[27.88481,-26.26292],[27.88484,-26.26292],[27.88487,-26.26291],[27.88489,-26.26292],[27.88493,-26.26292],[27.88498,-26.26294]]}},{"type":"Feature","properties":{"id":"relation/4511598","name":"BRT T2: Thokoza Park => Braamfontein","network":"Rea Vaya"},"geometry":{"type":"LineString","coordinates":[[27.88508,-26.26299],[27.88516,-26.26302],[27.88523,-26.26303],[27.88534,-26.26303],[27.8854,-26.26302],[27.88548,-26.263],[27.88554,-26.26299],[27.88573,-26.26295],[27.88619,-26.26289],[27.88718,-26.26278],[27.88759,-26.26273],[27.88847,-26.26261]]}},{"type":"Feature","properties":{"id":"relation/4511598","name":"BRT T2: Thokoza Park => Braamfontein","network":"Rea Vaya"},"geometry":{"type":"LineString","coordinates":[[27.88847,-26.26261],[27.88938,-26.26246]]}},{"type":"Feature","properties":{"id":"relation/4511598","name":"BRT T2: Thokoza Park => Braamfontein","network":"Rea Vaya"},"geometry":{"type":"LineString","coordinates":[[27.88938,-26.26246],[27.88969,-26.2624]]}},{"type":"Feature","properties":{"id":"relation/4511598","name":"BRT T2: Thokoza Park => Braamfontein","network":"Rea Vaya"},"geometry":{"type":"LineString","coordinates":[[27.88969,-26.2624],[27.88976,-26.26236],[27.88985,-26.26231],[27.88988,-26.26229],[27.88993,-26.26225],[27.89002,-26.26215],[27.89007,-26.26207],[27.89013,-26.26197]]}},{"type":"Feature","properties":{"id":"relation/4511598","name":"BRT T2: Thokoza Park => Braamfontein","network":"Rea Vaya"},"geometry":{"type":"LineString","coordinates":[[27.89024,-26.26233],[27.89019,-26.26252]]}},{"type":"Feature","properties":{"id":"relation/4511598","name":"BRT T2: Thokoza Park => Braamfontein","network":"Rea Vaya"},"geometry":{"type":"LineString","coordinates":[[27.89028,-26.26223],[27.89024,-26.26233]]}},{"type":"Feature","properties":{"id":"relation/4511598","name":"BRT T2: Thokoza Park => Braamfontein","network":"Rea Vaya"},"geometry":{"type":"LineString","coordinates":[[27.89369,-26.25533],[27.89359,-26.25541],[27.89352,-26.25547],[27.89336,-26.25562],[27.89318,-26.25579],[27.89294,-26.25602],[27.89265,-26.25636],[27.89249,-26.25659],[27.89234,-26.25679],[27.8922,-26.25702],[27.89206,-26.25727],[27.89188,-26.25763],[27.8917,-26.25802],[27.89155,-26.25846],[27.89146,-26.25874],[27.89138,-26.25907],[27.89131,-26.25937],[27.89125,-26.25963],[27.89119,-26.25984],[27.89087,-26.26076],[27.89051,-26.26173],[27.89028,-26.26223]]}},{"type":"Feature","properties":{"id":"relation/4511598","name":"BRT T2: Thokoza Park => Braamfontein","network":"Rea Vaya"},"geometry":{"type":"LineString","coordinates":[[27.89839,-26.25299],[27.89831,-26.25301],[27.89822,-26.25304],[27.89814,-26.25306],[27.89796,-26.25314],[27.89786,-26.25319],[27.89764,-26.25331],[27.89738,-26.25343],[27.89671,-26.25371],[27.89656,-26.25378],[27.8963,-26.25388],[27.89585,-26.25403],[27.89564,-26.2541],[27.89542,-26.25419],[27.89508,-26.25436],[27.89478,-26.25452],[27.89447,-26.25472],[27.89419,-26.2549],[27.89396,-26.25505],[27.89394,-26.25507],[27.89393,-26.2551],[27.89391,-26.25514]]}},{"type":"Feature","properties":{"id":"relation/4511598","name":"BRT T2: Thokoza Park => Braamfontein","network":"Rea Vaya"},"geometry":{"type":"LineString","coordinates":[[27.91042,-26.24507],[27.91035,-26.24514],[27.91027,-26.24521],[27.91025,-26.24524],[27.91023,-26.24526],[27.9102,-26.24531],[27.91012,-26.24543],[27.91005,-26.24555],[27.9099,-26.24575],[27.90976,-26.24593],[27.90952,-26.24619],[27.9094,-26.24632],[27.90913,-26.24656],[27.90886,-26.24676],[27.90866,-26.2469],[27.90851,-26.24699],[27.90826,-26.24713],[27.90814,-26.24719],[27.90797,-26.24727],[27.90774,-26.24737],[27.90754,-26.24744],[27.90733,-26.24751],[27.9071,-26.24758],[27.90688,-26.24763],[27.9064,-26.24775],[27.90562,-26.24795],[27.90514,-26.24807],[27.90453,-26.24822],[27.90392,-26.24837],[27.90342,-26.2485],[27.90305,-26.24862],[27.90277,-26.24873],[27.90252,-26.24885],[27.90226,-26.24898],[27.90205,-26.24911],[27.90191,-26.2492],[27.90173,-26.24933],[27.90155,-26.24947],[27.90142,-26.24958],[27.90124,-26.24975],[27.90107,-26.24993],[27.90089,-26.25014],[27.9007,-26.25039],[27.90053,-26.25063],[27.90038,-26.25085],[27.90021,-26.25108],[27.90009,-26.25125],[27.89991,-26.25151],[27.89978,-26.25168],[27.89965,-26.25183],[27.89939,-26.25211],[27.89915,-26.25234],[27.89908,-26.25242],[27.89897,-26.25252],[27.89878,-26.25268],[27.89868,-26.25279]]}},{"type":"Feature","properties":{"id":"relation/4511598","name":"BRT T2: Thokoza Park => Braamfontein","network":"Rea Vaya"},"geometry":{"type":"LineString","coordinates":[[27.91023,-26.24466],[27.91028,-26.24461],[27.91034,-26.24454],[27.91039,-26.24449],[27.91043,-26.24442],[27.91045,-26.24437],[27.91047,-26.24432],[27.91048,-26.2443],[27.9106,-26.24378],[27.91064,-26.24352],[27.9107,-26.24321],[27.91076,-26.24292],[27.9108,-26.24276],[27.91085,-26.2426],[27.91096,-26.24237],[27.9111,-26.24213],[27.91125,-26.2419],[27.91143,-26.24168],[27.91174,-26.24134]]}},{"type":"Feature","properties":{"id":"relation/4511598","name":"BRT T2: Thokoza Park => Braamfontein","network":"Rea Vaya"},"geometry":{"type":"LineString","coordinates":[[27.91174,-26.24134],[27.91222,-26.2409],[27.91225,-26.24087]]}},{"type":"Feature","properties":{"id":"relation/4511598","name":"BRT T2: Thokoza Park => Braamfontein","network":"Rea Vaya"},"geometry":{"type":"LineString","coordinates":[[27.91225,-26.24087],[27.91239,-26.24077],[27.91242,-26.24073]]}},{"type":"Feature","properties":{"id":"relation/4511598","name":"BRT T2: Thokoza Park => Braamfontein","network":"Rea Vaya"},"geometry":{"type":"LineString","coordinates":[[27.91242,-26.24073],[27.91249,-26.24087]]}},{"type":"Feature","properties":{"id":"relation/4511598","name":"BRT T2: Thokoza Park => Braamfontein","network":"Rea Vaya"},"geometry":{"type":"LineString","coordinates":[[27.91249,-26.24087],[27.91251,-26.24093],[27.91256,-26.24105],[27.9126,-26.24119],[27.91269,-26.24141],[27.9128,-26.24174],[27.91286,-26.24188],[27.91292,-26.24201],[27.91297,-26.24211],[27.91305,-26.2422],[27.91316,-26.24232],[27.91325,-26.24239],[27.91336,-26.24247],[27.91352,-26.24257]]}},{"type":"Feature","properties":{"id":"relation/4511598","name":"BRT T2: Thokoza Park => Braamfontein","network":"Rea Vaya"},"geometry":{"type":"LineString","coordinates":[[27.91352,-26.24257],[27.91363,-26.24263],[27.91377,-26.24272]]}},{"type":"Feature","properties":{"id":"relation/4511598","name":"BRT T2: Thokoza Park => Braamfontein","network":"Rea Vaya"},"geometry":{"type":"LineString","coordinates":[[27.91377,-26.24272],[27.91414,-26.24294]]}},{"type":"Feature","properties":{"id":"relation/4511598","name":"BRT T2: Thokoza Park => Braamfontein","network":"Rea Vaya"},"geometry":{"type":"LineString","coordinates":[[27.91414,-26.24294],[27.91419,-26.24298]]}},{"type":"Feature","properties":{"id":"relation/4511598","name":"BRT T2: Thokoza Park => Braamfontein","network":"Rea Vaya"},"geometry":{"type":"LineString","coordinates":[[27.91419,-26.24298],[27.91427,-26.24288],[27.91443,-26.24268],[27.91453,-26.24258],[27.91463,-26.24248],[27.91474,-26.2424],[27.91492,-26.24229],[27.91534,-26.24204],[27.91594,-26.24169],[27.9161,-26.24161],[27.91625,-26.24155],[27.9163,-26.24153],[27.91641,-26.24148],[27.91652,-26.24144],[27.91661,-26.24139],[27.9167,-26.24134],[27.91751,-26.24086],[27.9177,-26.24074],[27.91795,-26.2406],[27.91806,-26.24054]]}},{"type":"Feature","properties":{"id":"relation/4511598","name":"BRT T2: Thokoza Park => Braamfontein","network":"Rea Vaya"},"geometry":{"type":"LineString","coordinates":[[27.91806,-26.24054],[27.91814,-26.2405],[27.91825,-26.24044],[27.91833,-26.2404],[27.91845,-26.24032]]}},{"type":"Feature","properties":{"id":"relation/4511598","name":"BRT T2: Thokoza Park => Braamfontein","network":"Rea Vaya"},"geometry":{"type":"LineString","coordinates":[[27.91856,-26.24044],[27.91851,-26.24041],[27.9185,-26.2404],[27.91849,-26.24038],[27.91848,-26.24037],[27.91845,-26.24032],[27.91845,-26.24029],[27.91845,-26.24025]]}},{"type":"Feature","properties":{"id":"relation/4511598","name":"BRT T2: Thokoza Park => Braamfontein","network":"Rea Vaya"},"geometry":{"type":"LineString","coordinates":[[27.91885,-26.24025],[27.91885,-26.24029],[27.91884,-26.24032],[27.91881,-26.24038],[27.91874,-26.24043],[27.91867,-26.24045],[27.91861,-26.24045],[27.91856,-26.24044]]}},{"type":"Feature","properties":{"id":"relation/4511598","name":"BRT T2: Thokoza Park => Braamfontein","network":"Rea Vaya"},"geometry":{"type":"LineString","coordinates":[[27.91865,-26.24009],[27.91869,-26.2401],[27.91873,-26.24011],[27.91877,-26.24013],[27.91879,-26.24015],[27.91881,-26.24017],[27.91883,-26.24019],[27.91884,-26.24022],[27.91885,-26.24025]]}},{"type":"Feature","properties":{"id":"relation/4511598","name":"BRT T2: Thokoza Park => Braamfontein","network":"Rea Vaya"},"geometry":{"type":"LineString","coordinates":[[27.91865,-26.24009],[27.9187,-26.24005],[27.91883,-26.23993],[27.91886,-26.23991],[27.91897,-26.23974],[27.91959,-26.23885],[27.91997,-26.23831],[27.92003,-26.23823],[27.92022,-26.23798],[27.92038,-26.23776],[27.92175,-26.23598],[27.92217,-26.23542],[27.92232,-26.23523],[27.92252,-26.23494],[27.92254,-26.23489],[27.92254,-26.23485]]}},{"type":"Feature","properties":{"id":"relation/4511598","name":"BRT T2: Thokoza Park => Braamfontein","network":"Rea Vaya"},"geometry":{"type":"LineString","coordinates":[[27.92272,-26.2346],[27.9228,-26.23453],[27.92284,-26.23449],[27.92291,-26.23441],[27.92362,-26.23339],[27.92479,-26.23182],[27.92493,-26.23163]]}},{"type":"Feature","properties":{"id":"relation/4511598","name":"BRT T2: Thokoza Park => Braamfontein","network":"Rea Vaya"},"geometry":{"type":"LineString","coordinates":[[27.92511,-26.23142],[27.92535,-26.23112],[27.92536,-26.2311],[27.92546,-26.23097],[27.92592,-26.23033]]}},{"type":"Feature","properties":{"id":"relation/4511598","name":"BRT T2: Thokoza Park => Braamfontein","network":"Rea Vaya"},"geometry":{"type":"LineString","coordinates":[[27.92592,-26.23033],[27.92623,-26.22989]]}},{"type":"Feature","properties":{"id":"relation/4511598","name":"BRT T2: Thokoza Park => Braamfontein","network":"Rea Vaya"},"geometry":{"type":"LineString","coordinates":[[27.92623,-26.22989],[27.92647,-26.22957],[27.92657,-26.22943],[27.92662,-26.22937],[27.92667,-26.22931],[27.92676,-26.22922],[27.92683,-26.22915]]}},{"type":"Feature","properties":{"id":"relation/4511598","name":"BRT T2: Thokoza Park => Braamfontein","network":"Rea Vaya"},"geometry":{"type":"LineString","coordinates":[[27.927,-26.22905],[27.92718,-26.22895],[27.92735,-26.22888],[27.9274,-26.22886],[27.92767,-26.22875],[27.92878,-26.22836],[27.92883,-26.22834],[27.92939,-26.22816],[27.92995,-26.22797],[27.93037,-26.22784],[27.93051,-26.22779]]}},{"type":"Feature","properties":{"id":"relation/4511598","name":"BRT T2: Thokoza Park => Braamfontein","network":"Rea Vaya"},"geometry":{"type":"LineString","coordinates":[[27.93051,-26.22779],[27.93089,-26.22767],[27.93123,-26.22756]]}},{"type":"Feature","properties":{"id":"relation/4511598","name":"BRT T2: Thokoza Park => Braamfontein","network":"Rea Vaya"},"geometry":{"type":"LineString","coordinates":[[27.93123,-26.22756],[27.93162,-26.22743],[27.93186,-26.22734],[27.93198,-26.22729]]}},{"type":"Feature","properties":{"id":"relation/4511598","name":"BRT T2: Thokoza Park => Braamfontein","network":"Rea Vaya"},"geometry":{"type":"LineString","coordinates":[[27.93198,-26.22729],[27.93218,-26.22722]]}},{"type":"Feature","properties":{"id":"relation/4511598","name":"BRT T2: Thokoza Park => Braamfontein","network":"Rea Vaya"},"geometry":{"type":"LineString","coordinates":[[27.93229,-26.22732],[27.93237,-26.22739],[27.93251,-26.22752],[27.93318,-26.22814],[27.93394,-26.22888],[27.93672,-26.23138],[27.93742,-26.23204]]}},{"type":"Feature","properties":{"id":"relation/4511598","name":"BRT T2: Thokoza Park => Braamfontein","network":"Rea Vaya"},"geometry":{"type":"LineString","coordinates":[[27.93742,-26.23204],[27.938,-26.23253]]}},{"type":"Feature","properties":{"id":"relation/4511598","name":"BRT T2: Thokoza Park => Braamfontein","network":"Rea Vaya"},"geometry":{"type":"LineString","coordinates":[[27.938,-26.23253],[27.93811,-26.23263],[27.93844,-26.23287],[27.93876,-26.23308]]}},{"type":"Feature","properties":{"id":"relation/4511598","name":"BRT T2: Thokoza Park => Braamfontein","network":"Rea Vaya"},"geometry":{"type":"LineString","coordinates":[[27.93876,-26.23308],[27.93889,-26.23316],[27.9394,-26.23344],[27.93974,-26.2336],[27.94013,-26.23375],[27.94052,-26.2339],[27.94078,-26.23398],[27.94133,-26.23411],[27.94168,-26.23418],[27.94213,-26.23424],[27.94245,-26.23428],[27.943,-26.23429],[27.94358,-26.23428],[27.94385,-26.23426],[27.94429,-26.23421],[27.94476,-26.23413],[27.94926,-26.23331],[27.94936,-26.2333],[27.94989,-26.2332],[27.95006,-26.23317],[27.95033,-26.23314],[27.95041,-26.23313],[27.95073,-26.2331],[27.95092,-26.23309],[27.95109,-26.23309],[27.95138,-26.23309],[27.9518,-26.23311],[27.95209,-26.23314],[27.95248,-26.2332],[27.95309,-26.23331],[27.95321,-26.23334],[27.95335,-26.23336],[27.95346,-26.23338],[27.95377,-26.23343],[27.95409,-26.23346],[27.95442,-26.23348],[27.95467,-26.23349],[27.9549,-26.23348],[27.95506,-26.23347],[27.95525,-26.23344],[27.95557,-26.23338],[27.95576,-26.23333],[27.95618,-26.23321],[27.95645,-26.23311],[27.95688,-26.23289],[27.95725,-26.23269],[27.95822,-26.23212],[27.95849,-26.23197],[27.95874,-26.23185],[27.95899,-26.23176],[27.95924,-26.23167],[27.95949,-26.23159],[27.95969,-26.23154],[27.95987,-26.2315],[27.95998,-26.23148],[27.96011,-26.23146],[27.96019,-26.23145]]}},{"type":"Feature","properties":{"id":"relation/4511598","name":"BRT T2: Thokoza Park => Braamfontein","network":"Rea Vaya"},"geometry":{"type":"LineString","coordinates":[[27.96019,-26.23145],[27.96045,-26.23142],[27.96065,-26.2314],[27.96095,-26.2314],[27.96123,-26.2314]]}},{"type":"Feature","properties":{"id":"relation/4511598","name":"BRT T2: Thokoza Park => Braamfontein","network":"Rea Vaya"},"geometry":{"type":"LineString","coordinates":[[27.96123,-26.2314],[27.96142,-26.23141],[27.96176,-26.23145],[27.96198,-26.23147],[27.96222,-26.23152],[27.96252,-26.23159],[27.96304,-26.23173],[27.96369,-26.23191],[27.96469,-26.23221],[27.966,-26.23257],[27.96659,-26.23274],[27.96776,-26.23306],[27.96941,-26.23353],[27.97034,-26.23377],[27.97108,-26.23395],[27.97156,-26.23402],[27.97203,-26.23403],[27.97246,-26.23402],[27.97301,-26.23397],[27.97349,-26.23385],[27.97404,-26.23368]]}},{"type":"Feature","properties":{"id":"relation/4511598","name":"BRT T2: Thokoza Park => Braamfontein","network":"Rea Vaya"},"geometry":{"type":"LineString","coordinates":[[27.97404,-26.23368],[27.97489,-26.23339],[27.97518,-26.23329],[27.97535,-26.23323]]}},{"type":"Feature","properties":{"id":"relation/4511598","name":"BRT T2: Thokoza Park => Braamfontein","network":"Rea Vaya"},"geometry":{"type":"LineString","coordinates":[[27.97535,-26.23323],[27.97617,-26.23291],[27.97714,-26.23255],[27.97775,-26.23234],[27.97836,-26.23215],[27.97899,-26.23197]]}},{"type":"Feature","properties":{"id":"relation/4511598","name":"BRT T2: Thokoza Park => Braamfontein","network":"Rea Vaya"},"geometry":{"type":"LineString","coordinates":[[27.97899,-26.23197],[27.9794,-26.23187]]}},{"type":"Feature","properties":{"id":"relation/4511598","name":"BRT T2: Thokoza Park => Braamfontein","network":"Rea Vaya"},"geometry":{"type":"LineString","coordinates":[[27.9794,-26.23187],[27.98144,-26.23142],[27.98212,-26.23133],[27.98373,-26.23113],[27.98452,-26.23104]]}},{"type":"Feature","properties":{"id":"relation/4511598","name":"BRT T2: Thokoza Park => Braamfontein","network":"Rea Vaya"},"geometry":{"type":"LineString","coordinates":[[27.98452,-26.23104],[27.98536,-26.23092]]}},{"type":"Feature","properties":{"id":"relation/4511598","name":"BRT T2: Thokoza Park => Braamfontein","network":"Rea Vaya"},"geometry":{"type":"LineString","coordinates":[[27.98536,-26.23092],[27.98702,-26.2307],[27.98961,-26.23034],[27.99087,-26.23018],[27.99195,-26.23007],[27.99263,-26.22998],[27.99296,-26.22994],[27.9932,-26.22991]]}},{"type":"Feature","properties":{"id":"relation/4511598","name":"BRT T2: Thokoza Park => Braamfontein","network":"Rea Vaya"},"geometry":{"type":"LineString","coordinates":[[27.9932,-26.22991],[27.9948,-26.2297]]}},{"type":"Feature","properties":{"id":"relation/4511598","name":"BRT T2: Thokoza Park => Braamfontein","network":"Rea Vaya"},"geometry":{"type":"LineString","coordinates":[[27.9948,-26.2297],[27.99555,-26.2296],[27.99624,-26.22951],[27.99687,-26.22943],[27.99744,-26.22936],[27.99806,-26.22927],[27.9986,-26.2292],[27.9992,-26.22912],[28.00019,-26.22899],[28.00062,-26.22894],[28.00122,-26.22886],[28.00182,-26.22878],[28.00237,-26.22871],[28.00267,-26.22867]]}},{"type":"Feature","properties":{"id":"relation/4511598","name":"BRT T2: Thokoza Park => Braamfontein","network":"Rea Vaya"},"geometry":{"type":"LineString","coordinates":[[28.00267,-26.22867],[28.00301,-26.22863]]}},{"type":"Feature","properties":{"id":"relation/4511598","name":"BRT T2: Thokoza Park => Braamfontein","network":"Rea Vaya"},"geometry":{"type":"LineString","coordinates":[[28.00301,-26.22863],[28.0033,-26.22861],[28.00357,-26.2286],[28.00405,-26.2286],[28.00438,-26.22863],[28.00485,-26.22868],[28.00529,-26.22875],[28.00598,-26.2289],[28.00639,-26.229],[28.00719,-26.22917],[28.00859,-26.22948],[28.00887,-26.22952],[28.00911,-26.22955],[28.0095,-26.22957],[28.00986,-26.22959],[28.0103,-26.2296],[28.01074,-26.22959],[28.01127,-26.22955],[28.01176,-26.22952],[28.01223,-26.22949],[28.01271,-26.22946]]}},{"type":"Feature","properties":{"id":"relation/4511598","name":"BRT T2: Thokoza Park => Braamfontein","network":"Rea Vaya"},"geometry":{"type":"LineString","coordinates":[[27.93221,-26.22735],[27.9323,-26.22743],[27.93267,-26.22776],[27.93312,-26.22818],[27.93378,-26.22879],[27.9341,-26.22907],[27.93422,-26.22921],[27.93445,-26.22947],[27.93453,-26.22957],[27.93466,-26.22968],[27.93491,-26.22992],[27.93525,-26.23022],[27.93538,-26.23032],[27.93554,-26.23045],[27.93571,-26.23059],[27.93586,-26.23071],[27.93612,-26.23093],[27.93658,-26.23136],[27.93698,-26.23171],[27.93779,-26.23245],[27.93801,-26.23266],[27.9381,-26.23273],[27.93821,-26.23281],[27.93857,-26.23305],[27.93871,-26.23314],[27.93885,-26.23321],[27.9391,-26.23335],[27.93941,-26.23351],[27.93966,-26.23362],[27.93986,-26.23371],[27.94018,-26.23383],[27.94043,-26.23392],[27.94073,-26.23402],[27.94101,-26.23409],[27.94136,-26.23417],[27.94161,-26.23422],[27.942,-26.23428],[27.94239,-26.23432],[27.94279,-26.23434],[27.94303,-26.23434],[27.9434,-26.23434],[27.94378,-26.23432],[27.94385,-26.23431],[27.94416,-26.23428],[27.94449,-26.23423],[27.94511,-26.23412],[27.94585,-26.23398],[27.94645,-26.23387],[27.94753,-26.23368],[27.94828,-26.23354],[27.94927,-26.23335],[27.94937,-26.23333],[27.95012,-26.2332],[27.95048,-26.23316],[27.95074,-26.23314],[27.95096,-26.23314],[27.95129,-26.23314],[27.95164,-26.23315],[27.95194,-26.23316],[27.95218,-26.23319],[27.95258,-26.23327],[27.95307,-26.23336],[27.95319,-26.23338],[27.95333,-26.23341],[27.95346,-26.23343],[27.95379,-26.23347],[27.95407,-26.2335],[27.95447,-26.23354],[27.95471,-26.23354],[27.95488,-26.23354],[27.95505,-26.23353],[27.95524,-26.2335],[27.95545,-26.23346],[27.95566,-26.23342],[27.95595,-26.23334],[27.95631,-26.23322],[27.95656,-26.23311],[27.95683,-26.23299],[27.95711,-26.23284],[27.95729,-26.23273],[27.95801,-26.23231],[27.95839,-26.23209],[27.95861,-26.23198],[27.95883,-26.23189],[27.95905,-26.23179],[27.95935,-26.2317],[27.95971,-26.23159],[27.95997,-26.23154],[27.9602,-26.2315]]}},{"type":"Feature","properties":{"id":"relation/4511598","name":"BRT T2: Thokoza Park => Braamfontein","network":"Rea Vaya"},"geometry":{"type":"LineString","coordinates":[[27.9602,-26.2315],[27.96052,-26.23146],[27.96069,-26.23145],[27.96086,-26.23144],[27.96123,-26.23144]]}},{"type":"Feature","properties":{"id":"relation/4511598","name":"BRT T2: Thokoza Park => Braamfontein","network":"Rea Vaya"},"geometry":{"type":"LineString","coordinates":[[27.96123,-26.23144],[27.96149,-26.23146],[27.9616,-26.23147],[27.96184,-26.23149],[27.96212,-26.23154],[27.96238,-26.23161],[27.96273,-26.2317],[27.96325,-26.23184],[27.96495,-26.23232],[27.96603,-26.23267],[27.96705,-26.23296],[27.96871,-26.23341],[27.96974,-26.2337],[27.97062,-26.23394],[27.97092,-26.23401],[27.97124,-26.23407],[27.97151,-26.23411],[27.9718,-26.23413],[27.97214,-26.23414],[27.97239,-26.23413],[27.97267,-26.2341],[27.97295,-26.23407],[27.97319,-26.23402],[27.97344,-26.23396],[27.97388,-26.23384],[27.9742,-26.23375],[27.97458,-26.23362],[27.97518,-26.2334],[27.97535,-26.23334],[27.9761,-26.23305],[27.97678,-26.23279],[27.97728,-26.2326],[27.97762,-26.23248],[27.97816,-26.2323],[27.97872,-26.23214],[27.97902,-26.23205]]}},{"type":"Feature","properties":{"id":"relation/4511598","name":"BRT T2: Thokoza Park => Braamfontein","network":"Rea Vaya"},"geometry":{"type":"LineString","coordinates":[[27.97902,-26.23205],[27.97932,-26.23197],[27.97943,-26.23194]]}},{"type":"Feature","properties":{"id":"relation/4511598","name":"BRT T2: Thokoza Park => Braamfontein","network":"Rea Vaya"},"geometry":{"type":"LineString","coordinates":[[27.97943,-26.23194],[27.98002,-26.2318],[27.98059,-26.23169],[27.98125,-26.23153],[27.98175,-26.23143],[27.98342,-26.23122],[27.98395,-26.23116],[27.98453,-26.23111],[27.98454,-26.23111]]}},{"type":"Feature","properties":{"id":"relation/4511598","name":"BRT T2: Thokoza Park => Braamfontein","network":"Rea Vaya"},"geometry":{"type":"LineString","coordinates":[[27.98454,-26.23111],[27.98539,-26.231]]}},{"type":"Feature","properties":{"id":"relation/4511598","name":"BRT T2: Thokoza Park => Braamfontein","network":"Rea Vaya"},"geometry":{"type":"LineString","coordinates":[[27.98539,-26.231],[27.98608,-26.23091],[27.99103,-26.23026],[27.99865,-26.22927],[28.00236,-26.22878],[28.00266,-26.22873]]}},{"type":"Feature","properties":{"id":"relation/4511598","name":"BRT T2: Thokoza Park => Braamfontein","network":"Rea Vaya"},"geometry":{"type":"LineString","coordinates":[[28.00266,-26.22873],[28.00269,-26.22873],[28.00291,-26.2287],[28.00301,-26.2287]]}},{"type":"Feature","properties":{"id":"relation/4511598","name":"BRT T2: Thokoza Park => Braamfontein","network":"Rea Vaya"},"geometry":{"type":"LineString","coordinates":[[28.00301,-26.2287],[28.0032,-26.22868],[28.00354,-26.22866],[28.00386,-26.22866],[28.00417,-26.22867],[28.00456,-26.2287],[28.0048,-26.22873],[28.00515,-26.22879],[28.00554,-26.22887],[28.00694,-26.22919],[28.00819,-26.22946],[28.00863,-26.22955],[28.00911,-26.2296],[28.00985,-26.22965],[28.01034,-26.22967],[28.01138,-26.22961],[28.01221,-26.22956],[28.01401,-26.22942],[28.01458,-26.22938],[28.01468,-26.22937],[28.01483,-26.22934],[28.01496,-26.22931],[28.01512,-26.22927],[28.01541,-26.22916],[28.01606,-26.22895],[28.01624,-26.22891],[28.01636,-26.22889],[28.0165,-26.22887],[28.01665,-26.22886],[28.01682,-26.22887],[28.01697,-26.22888],[28.01725,-26.22893],[28.01744,-26.22898],[28.01773,-26.22906],[28.01796,-26.22912],[28.0181,-26.22916],[28.01826,-26.22919],[28.01839,-26.22921],[28.01849,-26.22923],[28.0186,-26.22924],[28.01871,-26.22924],[28.01882,-26.22925],[28.01905,-26.22925],[28.0192,-26.22924],[28.01927,-26.22923],[28.0194,-26.22921],[28.0196,-26.22917],[28.01973,-26.22914],[28.01978,-26.22912],[28.01985,-26.22911],[28.01996,-26.22909],[28.0201,-26.22907],[28.02023,-26.22905],[28.02043,-26.22902],[28.02056,-26.22899],[28.02066,-26.22896],[28.02073,-26.22893],[28.02081,-26.2289],[28.02091,-26.22884],[28.02105,-26.22876],[28.02123,-26.22865],[28.02148,-26.22849],[28.02164,-26.22837],[28.02175,-26.22827],[28.02183,-26.22818],[28.02188,-26.22811],[28.02193,-26.22804],[28.02195,-26.228],[28.02197,-26.22797],[28.02201,-26.22792]]}},{"type":"Feature","properties":{"id":"relation/4511598","name":"BRT T2: Thokoza Park => Braamfontein","network":"Rea Vaya"},"geometry":{"type":"LineString","coordinates":[[28.02201,-26.22792],[28.02205,-26.2278],[28.02206,-26.22775],[28.02207,-26.22768],[28.02207,-26.22763],[28.02208,-26.22757],[28.02208,-26.22752],[28.02208,-26.22734],[28.02208,-26.22721],[28.02208,-26.22705],[28.02208,-26.2269],[28.02209,-26.22688],[28.02209,-26.22684],[28.02211,-26.22668]]}},{"type":"Feature","properties":{"id":"relation/4511598","name":"BRT T2: Thokoza Park => Braamfontein","network":"Rea Vaya"},"geometry":{"type":"LineString","coordinates":[[28.02211,-26.22668],[28.02214,-26.22653]]}},{"type":"Feature","properties":{"id":"relation/4511598","name":"BRT T2: Thokoza Park => Braamfontein","network":"Rea Vaya"},"geometry":{"type":"LineString","coordinates":[[28.02214,-26.22653],[28.0222,-26.22616],[28.02231,-26.22545],[28.02233,-26.22534],[28.02236,-26.22515],[28.02246,-26.22452],[28.0225,-26.22429],[28.02252,-26.22419],[28.02255,-26.22409],[28.02258,-26.22402],[28.02262,-26.22394],[28.02267,-26.22387],[28.02272,-26.2238],[28.02281,-26.2237],[28.02292,-26.22361],[28.02308,-26.2235],[28.02344,-26.22326],[28.02392,-26.22296],[28.02412,-26.22283],[28.02424,-26.22275],[28.02434,-26.22266],[28.02441,-26.22259],[28.02449,-26.22249],[28.02457,-26.22238],[28.02462,-26.22228],[28.02469,-26.22212],[28.02474,-26.22194],[28.02488,-26.22151],[28.02503,-26.22103],[28.02507,-26.2209],[28.02509,-26.22078],[28.02509,-26.22069],[28.02509,-26.2206],[28.02506,-26.22049],[28.02502,-26.22034],[28.02499,-26.22027],[28.02495,-26.22021],[28.0249,-26.22016],[28.02487,-26.22011],[28.02485,-26.22008],[28.02484,-26.22005],[28.02484,-26.22002],[28.02485,-26.21999],[28.02486,-26.21997],[28.02488,-26.21995],[28.0249,-26.21993],[28.02495,-26.2199],[28.02503,-26.21988],[28.02512,-26.21986],[28.02531,-26.21984],[28.02565,-26.21983],[28.02592,-26.21981],[28.02605,-26.21979],[28.02618,-26.21976],[28.0263,-26.21972],[28.02643,-26.21967],[28.02657,-26.2196],[28.02669,-26.21952],[28.02681,-26.21943],[28.02691,-26.21933],[28.02699,-26.21925],[28.02706,-26.21916],[28.02714,-26.21903],[28.02731,-26.21873],[28.02753,-26.21835],[28.02775,-26.21798],[28.0279,-26.21771],[28.02801,-26.21748],[28.02816,-26.21713],[28.02826,-26.21688],[28.02837,-26.21659],[28.02859,-26.216],[28.02874,-26.21564],[28.02882,-26.21542],[28.0289,-26.21528],[28.02894,-26.21523],[28.02901,-26.21516],[28.02908,-26.21509],[28.02915,-26.21504],[28.02929,-26.21497],[28.02942,-26.21492],[28.02957,-26.21487],[28.02991,-26.21478]]}},{"type":"Feature","properties":{"id":"relation/4511598","name":"BRT T2: Thokoza Park => Braamfontein","network":"Rea Vaya"},"geometry":{"type":"LineString","coordinates":[[28.03028,-26.21401],[28.0301,-26.21379],[28.03004,-26.21373],[28.03,-26.21366],[28.02998,-26.21358],[28.02997,-26.21353],[28.02997,-26.21346],[28.02999,-26.21339],[28.03002,-26.21333],[28.03006,-26.21327],[28.03013,-26.2132],[28.03024,-26.21314],[28.03049,-26.21303],[28.03072,-26.21293],[28.03106,-26.21279],[28.03138,-26.21264],[28.0316,-26.21254],[28.03182,-26.21244],[28.03206,-26.21231],[28.03221,-26.21222],[28.03234,-26.21213],[28.03252,-26.212],[28.03262,-26.21192],[28.03286,-26.21174]]}},{"type":"Feature","properties":{"id":"relation/4511598","name":"BRT T2: Thokoza Park => Braamfontein","network":"Rea Vaya"},"geometry":{"type":"LineString","coordinates":[[28.03286,-26.21174],[28.03292,-26.21165],[28.03298,-26.21158],[28.03307,-26.21147],[28.03319,-26.21132],[28.03337,-26.21115],[28.0336,-26.21094],[28.03376,-26.21079],[28.03409,-26.21049],[28.03425,-26.21034],[28.03432,-26.21027],[28.03437,-26.2102],[28.03442,-26.21013],[28.03444,-26.21005],[28.03445,-26.20997],[28.03445,-26.20992],[28.03444,-26.20984],[28.03441,-26.20975],[28.03435,-26.20958],[28.03427,-26.20936],[28.03423,-26.20924],[28.03421,-26.20916],[28.0342,-26.20909],[28.03419,-26.20899]]}},{"type":"Feature","properties":{"id":"relation/4511598","name":"BRT T2: Thokoza Park => Braamfontein","network":"Rea Vaya"},"geometry":{"type":"LineString","coordinates":[[28.03426,-26.20897],[28.03432,-26.20914],[28.03441,-26.20939],[28.03449,-26.20961],[28.03455,-26.20978],[28.03457,-26.20989],[28.03458,-26.20997],[28.03457,-26.21006],[28.03454,-26.21016],[28.03451,-26.21024],[28.03447,-26.21031],[28.0344,-26.2104],[28.03427,-26.21052],[28.03397,-26.21079],[28.0339,-26.21084],[28.03386,-26.21088],[28.0337,-26.21103],[28.03323,-26.21145],[28.03314,-26.21152],[28.03303,-26.21162],[28.03295,-26.21168],[28.03286,-26.21174]]}},{"type":"Feature","properties":{"id":"relation/4511598","name":"BRT T2: Thokoza Park => Braamfontein","network":"Rea Vaya"},"geometry":{"type":"LineString","coordinates":[[28.03419,-26.20899],[28.03418,-26.20889],[28.03417,-26.2088],[28.03416,-26.20873],[28.03416,-26.20867]]}},{"type":"Feature","properties":{"id":"relation/4511598","name":"BRT T2: Thokoza Park => Braamfontein","network":"Rea Vaya"},"geometry":{"type":"LineString","coordinates":[[28.03416,-26.20867],[28.03419,-26.20873],[28.03422,-26.20882],[28.03426,-26.20897]]}},{"type":"Feature","properties":{"id":"relation/4511598","name":"BRT T2: Thokoza Park => Braamfontein","network":"Rea Vaya"},"geometry":{"type":"LineString","coordinates":[[28.03416,-26.20867],[28.03412,-26.20843],[28.03389,-26.20698],[28.03382,-26.20642]]}},{"type":"Feature","properties":{"id":"relation/4511598","name":"BRT T2: Thokoza Park => Braamfontein","network":"Rea Vaya"},"geometry":{"type":"LineString","coordinates":[[28.03369,-26.20565],[28.03373,-26.20576],[28.03381,-26.20627],[28.03382,-26.20642]]}},{"type":"Feature","properties":{"id":"relation/4511598","name":"BRT T2: Thokoza Park => Braamfontein","network":"Rea Vaya"},"geometry":{"type":"LineString","coordinates":[[28.03535,-26.20547],[28.03572,-26.20542],[28.03607,-26.20539],[28.03692,-26.20529],[28.03736,-26.20523],[28.03803,-26.20515],[28.03882,-26.20506],[28.03962,-26.20496],[28.04045,-26.20487]]}},{"type":"Feature","properties":{"id":"relation/4511598","name":"BRT T2: Thokoza Park => Braamfontein","network":"Rea Vaya"},"geometry":{"type":"LineString","coordinates":[[28.04045,-26.20487],[28.04061,-26.20484],[28.04124,-26.20477],[28.04211,-26.20468]]}},{"type":"Feature","properties":{"id":"relation/4511598","name":"BRT T2: Thokoza Park => Braamfontein","network":"Rea Vaya"},"geometry":{"type":"LineString","coordinates":[[28.04211,-26.20468],[28.04207,-26.2043],[28.04201,-26.20396]]}},{"type":"Feature","properties":{"id":"relation/4511598","name":"BRT T2: Thokoza Park => Braamfontein","network":"Rea Vaya"},"geometry":{"type":"LineString","coordinates":[[28.04201,-26.20396],[28.0419,-26.2032],[28.0418,-26.20246],[28.0417,-26.20167],[28.04159,-26.2009],[28.0415,-26.20013],[28.04139,-26.19937],[28.04129,-26.1987]]}},{"type":"Feature","properties":{"id":"relation/4511598","name":"BRT T2: Thokoza Park => Braamfontein","network":"Rea Vaya"},"geometry":{"type":"LineString","coordinates":[[28.04129,-26.1987],[28.04127,-26.19854],[28.04126,-26.19846],[28.04124,-26.19832]]}},{"type":"Feature","properties":{"id":"relation/4511598","name":"BRT T2: Thokoza Park => Braamfontein","network":"Rea Vaya"},"geometry":{"type":"LineString","coordinates":[[28.04124,-26.19832],[28.04111,-26.19736],[28.04109,-26.19722],[28.04107,-26.19704],[28.041,-26.19663],[28.04099,-26.19655],[28.04098,-26.19649],[28.04085,-26.19592]]}},{"type":"Feature","properties":{"id":"relation/4511598","name":"BRT T2: Thokoza Park => Braamfontein","network":"Rea Vaya"},"geometry":{"type":"LineString","coordinates":[[28.04085,-26.19592],[28.04082,-26.19575],[28.04079,-26.19557],[28.04076,-26.19545],[28.04074,-26.19531],[28.04072,-26.19525]]}},{"type":"Feature","properties":{"id":"relation/4511598","name":"BRT T2: Thokoza Park => Braamfontein","network":"Rea Vaya"},"geometry":{"type":"LineString","coordinates":[[28.04072,-26.19525],[28.04062,-26.19465],[28.0406,-26.19456],[28.04057,-26.19433],[28.04054,-26.19417],[28.04052,-26.19403],[28.0405,-26.19385]]}},{"type":"Feature","properties":{"id":"relation/4511598","name":"BRT T2: Thokoza Park => Braamfontein","network":"Rea Vaya"},"geometry":{"type":"LineString","coordinates":[[28.0405,-26.19385],[28.04047,-26.19362],[28.04044,-26.19342],[28.04041,-26.19334]]}},{"type":"Feature","properties":{"id":"relation/4511598","name":"BRT T2: Thokoza Park => Braamfontein","network":"Rea Vaya"},"geometry":{"type":"LineString","coordinates":[[28.04041,-26.19334],[28.04038,-26.19329],[28.04034,-26.19323],[28.04024,-26.19312]]}},{"type":"Feature","properties":{"id":"relation/4511598","name":"BRT T2: Thokoza Park => Braamfontein","network":"Rea Vaya"},"geometry":{"type":"LineString","coordinates":[[28.04024,-26.19312],[28.04007,-26.19296]]}},{"type":"Feature","properties":{"id":"relation/4511598","name":"BRT T2: Thokoza Park => Braamfontein","network":"Rea Vaya"},"geometry":{"type":"LineString","coordinates":[[28.04007,-26.19296],[28.03971,-26.19268],[28.03951,-26.19252],[28.03931,-26.19234],[28.03925,-26.19227]]}},{"type":"Feature","properties":{"id":"relation/4511598","name":"BRT T2: Thokoza Park => Braamfontein","network":"Rea Vaya"},"geometry":{"type":"LineString","coordinates":[[28.03925,-26.19227],[28.0392,-26.19216],[28.03918,-26.19202],[28.0391,-26.19142],[28.03909,-26.19132],[28.03908,-26.19127],[28.03905,-26.19108],[28.03905,-26.19104],[28.03899,-26.19067]]}},{"type":"Feature","properties":{"id":"relation/4511598","name":"BRT T2: Thokoza Park => Braamfontein","network":"Rea Vaya"},"geometry":{"type":"LineString","coordinates":[[28.03899,-26.19067],[28.03892,-26.19033]]}},{"type":"Feature","properties":{"id":"relation/4511598","name":"BRT T2: Thokoza Park => Braamfontein","network":"Rea Vaya"},"geometry":{"type":"LineString","coordinates":[[28.03892,-26.19033],[28.03894,-26.19021],[28.03896,-26.19014],[28.03901,-26.19006],[28.03906,-26.19001],[28.03916,-26.18995]]}},{"type":"Feature","properties":{"id":"relation/4511598","name":"BRT T2: Thokoza Park => Braamfontein","network":"Rea Vaya"},"geometry":{"type":"LineString","coordinates":[[28.03916,-26.18995],[28.04011,-26.18984]]}},{"type":"Feature","properties":{"id":"relation/4511598","name":"BRT T2: Thokoza Park => Braamfontein","network":"Rea Vaya"},"geometry":{"type":"LineString","coordinates":[[28.04011,-26.18984],[28.04082,-26.18975]]}},{"type":"Feature","properties":{"id":"relation/4511598","name":"BRT T2: Thokoza Park => Braamfontein","network":"Rea Vaya"},"geometry":{"type":"LineString","coordinates":[[28.04082,-26.18975],[28.04092,-26.18976],[28.04099,-26.18976],[28.04108,-26.18978],[28.04112,-26.18979],[28.04114,-26.18981],[28.04117,-26.18982],[28.04119,-26.18984],[28.04122,-26.18988]]}},{"type":"Feature","properties":{"id":"relation/4511598","name":"BRT T2: Thokoza Park => Braamfontein","network":"Rea Vaya"},"geometry":{"type":"LineString","coordinates":[[28.04122,-26.18988],[28.04124,-26.19014],[28.04128,-26.19052]]}},{"type":"Feature","properties":{"id":"relation/4511598","name":"BRT T2: Thokoza Park => Braamfontein","network":"Rea Vaya"},"geometry":{"type":"LineString","coordinates":[[28.04128,-26.19052],[28.04131,-26.19077],[28.04132,-26.19088],[28.04134,-26.19102],[28.04142,-26.19146]]}},{"type":"Feature","properties":{"id":"relation/4511598","name":"BRT T2: Thokoza Park => Braamfontein","network":"Rea Vaya"},"geometry":{"type":"LineString","coordinates":[[27.91845,-26.24025],[27.91845,-26.24024],[27.91845,-26.24023],[27.91848,-26.24018],[27.91849,-26.24016],[27.91851,-26.24014],[27.91855,-26.24012],[27.9186,-26.2401],[27.91865,-26.24009]]}},{"type":"Feature","properties":{"id":"relation/4511598","name":"BRT T2: Thokoza Park => Braamfontein","network":"Rea Vaya"},"geometry":{"type":"LineString","coordinates":[[27.92291,-26.23478],[27.92289,-26.23483],[27.92286,-26.23488],[27.92282,-26.23492]]}},{"type":"Feature","properties":{"id":"relation/4511598","name":"BRT T2: Thokoza Park => Braamfontein","network":"Rea Vaya"},"geometry":{"type":"LineString","coordinates":[[27.92282,-26.23492],[27.92277,-26.23494],[27.92273,-26.23495],[27.92268,-26.23494],[27.92264,-26.23493],[27.9226,-26.23491],[27.92257,-26.23488],[27.92254,-26.23485]]}},{"type":"Feature","properties":{"id":"relation/4511598","name":"BRT T2: Thokoza Park => Braamfontein","network":"Rea Vaya"},"geometry":{"type":"LineString","coordinates":[[27.92254,-26.23485],[27.92253,-26.23479],[27.92253,-26.23473],[27.92255,-26.23468],[27.92258,-26.23464],[27.92263,-26.23462],[27.92269,-26.2346],[27.92272,-26.2346]]}},{"type":"Feature","properties":{"id":"relation/4511598","name":"BRT T2: Thokoza Park => Braamfontein","network":"Rea Vaya"},"geometry":{"type":"LineString","coordinates":[[27.92272,-26.2346],[27.92277,-26.2346],[27.92282,-26.23462],[27.92285,-26.23465],[27.92288,-26.23467],[27.9229,-26.23472],[27.92291,-26.23478]]}},{"type":"Feature","properties":{"id":"relation/4511598","name":"BRT T2: Thokoza Park => Braamfontein","network":"Rea Vaya"},"geometry":{"type":"LineString","coordinates":[[27.92535,-26.23154],[27.92536,-26.23158],[27.92537,-26.23162],[27.92534,-26.2317],[27.92528,-26.23177],[27.92526,-26.23178],[27.92523,-26.23179],[27.9252,-26.2318],[27.92517,-26.23181]]}},{"type":"Feature","properties":{"id":"relation/4511598","name":"BRT T2: Thokoza Park => Braamfontein","network":"Rea Vaya"},"geometry":{"type":"LineString","coordinates":[[27.92517,-26.23181],[27.92511,-26.2318],[27.92505,-26.23179],[27.92502,-26.23177],[27.925,-26.23175],[27.92496,-26.23171],[27.92494,-26.23167],[27.92493,-26.23163]]}},{"type":"Feature","properties":{"id":"relation/4511598","name":"BRT T2: Thokoza Park => Braamfontein","network":"Rea Vaya"},"geometry":{"type":"LineString","coordinates":[[27.92493,-26.23163],[27.92494,-26.23157],[27.92495,-26.23154],[27.92497,-26.2315],[27.925,-26.23147],[27.92505,-26.23144],[27.92511,-26.23142]]}},{"type":"Feature","properties":{"id":"relation/4511598","name":"BRT T2: Thokoza Park => Braamfontein","network":"Rea Vaya"},"geometry":{"type":"LineString","coordinates":[[27.92511,-26.23142],[27.92516,-26.23142],[27.92521,-26.23142],[27.92524,-26.23143],[27.92527,-26.23145],[27.92529,-26.23146],[27.92533,-26.2315],[27.92535,-26.23154]]}},{"type":"Feature","properties":{"id":"relation/4511598","name":"BRT T2: Thokoza Park => Braamfontein","network":"Rea Vaya"},"geometry":{"type":"LineString","coordinates":[[27.92681,-26.22922],[27.92682,-26.22918],[27.92683,-26.22915],[27.92685,-26.22912],[27.9269,-26.22908],[27.92695,-26.22906],[27.927,-26.22905]]}},{"type":"Feature","properties":{"id":"relation/4511598","name":"BRT T2: Thokoza Park => Braamfontein","network":"Rea Vaya"},"geometry":{"type":"LineString","coordinates":[[27.927,-26.22905],[27.92705,-26.22905],[27.92709,-26.22906],[27.92712,-26.22908],[27.92715,-26.2291],[27.92718,-26.22913],[27.9272,-26.22916],[27.9272,-26.22918]]}},{"type":"Feature","properties":{"id":"relation/4511598","name":"BRT T2: Thokoza Park => Braamfontein","network":"Rea Vaya"},"geometry":{"type":"LineString","coordinates":[[27.9272,-26.22918],[27.92721,-26.22926],[27.92719,-26.22931],[27.92716,-26.22935],[27.92712,-26.22938],[27.92708,-26.2294],[27.92704,-26.22941],[27.927,-26.22941],[27.92696,-26.2294]]}},{"type":"Feature","properties":{"id":"relation/4511598","name":"BRT T2: Thokoza Park => Braamfontein","network":"Rea Vaya"},"geometry":{"type":"LineString","coordinates":[[27.92696,-26.2294],[27.92692,-26.22939],[27.92688,-26.22937],[27.92685,-26.22934],[27.92683,-26.2293],[27.92681,-26.22926],[27.92681,-26.22922]]}},{"type":"Feature","properties":{"id":"relation/4511598","name":"BRT T2: Thokoza Park => Braamfontein","network":"Rea Vaya"},"geometry":{"type":"LineString","coordinates":[[28.03026,-26.2147],[28.03021,-26.21466],[28.03018,-26.21462],[28.03017,-26.21456],[28.03017,-26.21451],[28.03019,-26.21445],[28.03023,-26.2144],[28.03029,-26.21437],[28.03035,-26.21436],[28.03041,-26.21436],[28.03047,-26.21438],[28.0305,-26.2144],[28.03053,-26.21443],[28.03056,-26.21447],[28.03057,-26.21452],[28.03057,-26.21457],[28.03055,-26.21462],[28.03052,-26.21466],[28.03048,-26.2147],[28.03042,-26.21472],[28.03037,-26.21473],[28.03031,-26.21472],[28.03026,-26.2147]]}},{"type":"Feature","properties":{"id":"relation/4511835","name":"BRT T3: Thokoza Park => Parktown & Library Gardens East","network":"Rea Vaya"},"geometry":{"type":"LineString","coordinates":[[27.87906,-26.26487],[27.87912,-26.26485],[27.87917,-26.26482],[27.87924,-26.26476],[27.87932,-26.2647],[27.87945,-26.26457],[27.87963,-26.26445],[27.87987,-26.26433],[27.88006,-26.26424],[27.88068,-26.26398]]}},{"type":"Feature","properties":{"id":"relation/4511835","name":"BRT T3: Thokoza Park => Parktown & Library Gardens East","network":"Rea Vaya"},"geometry":{"type":"LineString","coordinates":[[27.88068,-26.26398],[27.88089,-26.26389],[27.88107,-26.26381]]}},{"type":"Feature","properties":{"id":"relation/4511835","name":"BRT T3: Thokoza Park => Parktown & Library Gardens East","network":"Rea Vaya"},"geometry":{"type":"LineString","coordinates":[[27.88107,-26.26381],[27.88142,-26.26366],[27.88158,-26.26361],[27.88181,-26.26355],[27.88234,-26.26342],[27.88243,-26.2634],[27.88282,-26.26333],[27.88351,-26.26324],[27.88395,-26.26319],[27.88423,-26.26316],[27.88432,-26.26315],[27.88441,-26.26314],[27.88447,-26.26313],[27.88452,-26.26312],[27.88456,-26.2631],[27.88462,-26.26308]]}},{"type":"Feature","properties":{"id":"relation/4511835","name":"BRT T3: Thokoza Park => Parktown & Library Gardens East","network":"Rea Vaya"},"geometry":{"type":"LineString","coordinates":[[27.88498,-26.26294],[27.88502,-26.26295],[27.88508,-26.26299],[27.8851,-26.26303],[27.88513,-26.26309],[27.88513,-26.26311],[27.88513,-26.26315],[27.88512,-26.26319],[27.88507,-26.26327],[27.88505,-26.26329],[27.88502,-26.26332],[27.88497,-26.26334]]}},{"type":"Feature","properties":{"id":"relation/4511835","name":"BRT T3: Thokoza Park => Parktown & Library Gardens East","network":"Rea Vaya"},"geometry":{"type":"LineString","coordinates":[[27.88497,-26.26334],[27.88491,-26.26336],[27.88486,-26.26337],[27.88482,-26.26337],[27.88479,-26.26336],[27.88474,-26.26334],[27.88472,-26.26333]]}},{"type":"Feature","properties":{"id":"relation/4511835","name":"BRT T3: Thokoza Park => Parktown & Library Gardens East","network":"Rea Vaya"},"geometry":{"type":"LineString","coordinates":[[27.88472,-26.26333],[27.88465,-26.26326],[27.88462,-26.26322],[27.88461,-26.26317],[27.88461,-26.26312],[27.88462,-26.26308],[27.88465,-26.26305],[27.88471,-26.26299],[27.88475,-26.26294]]}},{"type":"Feature","properties":{"id":"relation/4511835","name":"BRT T3: Thokoza Park => Parktown & Library Gardens East","network":"Rea Vaya"},"geometry":{"type":"LineString","coordinates":[[27.88475,-26.26294],[27.88481,-26.26292],[27.88484,-26.26292],[27.88487,-26.26291],[27.88489,-26.26292],[27.88493,-26.26292],[27.88498,-26.26294]]}},{"type":"Feature","properties":{"id":"relation/4511835","name":"BRT T3: Thokoza Park => Parktown & Library Gardens East","network":"Rea Vaya"},"geometry":{"type":"LineString","coordinates":[[27.88508,-26.26299],[27.88516,-26.26302],[27.88523,-26.26303],[27.88534,-26.26303],[27.8854,-26.26302],[27.88548,-26.263],[27.88554,-26.26299],[27.88573,-26.26295],[27.88619,-26.26289],[27.88718,-26.26278],[27.88759,-26.26273],[27.88847,-26.26261]]}},{"type":"Feature","properties":{"id":"relation/4511835","name":"BRT T3: Thokoza Park => Parktown & Library Gardens East","network":"Rea Vaya"},"geometry":{"type":"LineString","coordinates":[[27.88847,-26.26261],[27.88938,-26.26246]]}},{"type":"Feature","properties":{"id":"relation/4511835","name":"BRT T3: Thokoza Park => Parktown & Library Gardens East","network":"Rea Vaya"},"geometry":{"type":"LineString","coordinates":[[27.88938,-26.26246],[27.88969,-26.2624]]}},{"type":"Feature","properties":{"id":"relation/4511835","name":"BRT T3: Thokoza Park => Parktown & Library Gardens East","network":"Rea Vaya"},"geometry":{"type":"LineString","coordinates":[[27.88969,-26.2624],[27.88976,-26.26236],[27.88985,-26.26231],[27.88988,-26.26229],[27.88993,-26.26225],[27.89002,-26.26215],[27.89007,-26.26207],[27.89013,-26.26197]]}},{"type":"Feature","properties":{"id":"relation/4511835","name":"BRT T3: Thokoza Park => Parktown & Library Gardens East","network":"Rea Vaya"},"geometry":{"type":"LineString","coordinates":[[27.89024,-26.26233],[27.89019,-26.26252]]}},{"type":"Feature","properties":{"id":"relation/4511835","name":"BRT T3: Thokoza Park => Parktown & Library Gardens East","network":"Rea Vaya"},"geometry":{"type":"LineString","coordinates":[[27.89028,-26.26223],[27.89024,-26.26233]]}},{"type":"Feature","properties":{"id":"relation/4511835","name":"BRT T3: Thokoza Park => Parktown & Library Gardens East","network":"Rea Vaya"},"geometry":{"type":"LineString","coordinates":[[27.89369,-26.25533],[27.89359,-26.25541],[27.89352,-26.25547],[27.89336,-26.25562],[27.89318,-26.25579],[27.89294,-26.25602],[27.89265,-26.25636],[27.89249,-26.25659],[27.89234,-26.25679],[27.8922,-26.25702],[27.89206,-26.25727],[27.89188,-26.25763],[27.8917,-26.25802],[27.89155,-26.25846],[27.89146,-26.25874],[27.89138,-26.25907],[27.89131,-26.25937],[27.89125,-26.25963],[27.89119,-26.25984],[27.89087,-26.26076],[27.89051,-26.26173],[27.89028,-26.26223]]}},{"type":"Feature","properties":{"id":"relation/4511835","name":"BRT T3: Thokoza Park => Parktown & Library Gardens East","network":"Rea Vaya"},"geometry":{"type":"LineString","coordinates":[[27.89839,-26.25299],[27.89831,-26.25301],[27.89822,-26.25304],[27.89814,-26.25306],[27.89796,-26.25314],[27.89786,-26.25319],[27.89764,-26.25331],[27.89738,-26.25343],[27.89671,-26.25371],[27.89656,-26.25378],[27.8963,-26.25388],[27.89585,-26.25403],[27.89564,-26.2541],[27.89542,-26.25419],[27.89508,-26.25436],[27.89478,-26.25452],[27.89447,-26.25472],[27.89419,-26.2549],[27.89396,-26.25505],[27.89394,-26.25507],[27.89393,-26.2551],[27.89391,-26.25514]]}},{"type":"Feature","properties":{"id":"relation/4511835","name":"BRT T3: Thokoza Park => Parktown & Library Gardens East","network":"Rea Vaya"},"geometry":{"type":"LineString","coordinates":[[27.91042,-26.24507],[27.91035,-26.24514],[27.91027,-26.24521],[27.91025,-26.24524],[27.91023,-26.24526],[27.9102,-26.24531],[27.91012,-26.24543],[27.91005,-26.24555],[27.9099,-26.24575],[27.90976,-26.24593],[27.90952,-26.24619],[27.9094,-26.24632],[27.90913,-26.24656],[27.90886,-26.24676],[27.90866,-26.2469],[27.90851,-26.24699],[27.90826,-26.24713],[27.90814,-26.24719],[27.90797,-26.24727],[27.90774,-26.24737],[27.90754,-26.24744],[27.90733,-26.24751],[27.9071,-26.24758],[27.90688,-26.24763],[27.9064,-26.24775],[27.90562,-26.24795],[27.90514,-26.24807],[27.90453,-26.24822],[27.90392,-26.24837],[27.90342,-26.2485],[27.90305,-26.24862],[27.90277,-26.24873],[27.90252,-26.24885],[27.90226,-26.24898],[27.90205,-26.24911],[27.90191,-26.2492],[27.90173,-26.24933],[27.90155,-26.24947],[27.90142,-26.24958],[27.90124,-26.24975],[27.90107,-26.24993],[27.90089,-26.25014],[27.9007,-26.25039],[27.90053,-26.25063],[27.90038,-26.25085],[27.90021,-26.25108],[27.90009,-26.25125],[27.89991,-26.25151],[27.89978,-26.25168],[27.89965,-26.25183],[27.89939,-26.25211],[27.89915,-26.25234],[27.89908,-26.25242],[27.89897,-26.25252],[27.89878,-26.25268],[27.89868,-26.25279]]}},{"type":"Feature","properties":{"id":"relation/4511835","name":"BRT T3: Thokoza Park => Parktown & Library Gardens East","network":"Rea Vaya"},"geometry":{"type":"LineString","coordinates":[[27.91023,-26.24466],[27.91028,-26.24461],[27.91034,-26.24454],[27.91039,-26.24449],[27.91043,-26.24442],[27.91045,-26.24437],[27.91047,-26.24432],[27.91048,-26.2443],[27.9106,-26.24378],[27.91064,-26.24352],[27.9107,-26.24321],[27.91076,-26.24292],[27.9108,-26.24276],[27.91085,-26.2426],[27.91096,-26.24237],[27.9111,-26.24213],[27.91125,-26.2419],[27.91143,-26.24168],[27.91174,-26.24134]]}},{"type":"Feature","properties":{"id":"relation/4511835","name":"BRT T3: Thokoza Park => Parktown & Library Gardens East","network":"Rea Vaya"},"geometry":{"type":"LineString","coordinates":[[27.91242,-26.24073],[27.91249,-26.24087]]}},{"type":"Feature","properties":{"id":"relation/4511835","name":"BRT T3: Thokoza Park => Parktown & Library Gardens East","network":"Rea Vaya"},"geometry":{"type":"LineString","coordinates":[[27.91249,-26.24087],[27.91251,-26.24093],[27.91256,-26.24105],[27.9126,-26.24119],[27.91269,-26.24141],[27.9128,-26.24174],[27.91286,-26.24188],[27.91292,-26.24201],[27.91297,-26.24211],[27.91305,-26.2422],[27.91316,-26.24232],[27.91325,-26.24239],[27.91336,-26.24247],[27.91352,-26.24257]]}},{"type":"Feature","properties":{"id":"relation/4511835","name":"BRT T3: Thokoza Park => Parktown & Library Gardens East","network":"Rea Vaya"},"geometry":{"type":"LineString","coordinates":[[27.91377,-26.24272],[27.91414,-26.24294]]}},{"type":"Feature","properties":{"id":"relation/4511835","name":"BRT T3: Thokoza Park => Parktown & Library Gardens East","network":"Rea Vaya"},"geometry":{"type":"LineString","coordinates":[[27.91414,-26.24294],[27.91419,-26.24298]]}},{"type":"Feature","properties":{"id":"relation/4511835","name":"BRT T3: Thokoza Park => Parktown & Library Gardens East","network":"Rea Vaya"},"geometry":{"type":"LineString","coordinates":[[27.91419,-26.24298],[27.91427,-26.24288],[27.91443,-26.24268],[27.91453,-26.24258],[27.91463,-26.24248],[27.91474,-26.2424],[27.91492,-26.24229],[27.91534,-26.24204],[27.91594,-26.24169],[27.9161,-26.24161],[27.91625,-26.24155],[27.9163,-26.24153],[27.91641,-26.24148],[27.91652,-26.24144],[27.91661,-26.24139],[27.9167,-26.24134],[27.91751,-26.24086],[27.9177,-26.24074],[27.91795,-26.2406],[27.91806,-26.24054]]}},{"type":"Feature","properties":{"id":"relation/4511835","name":"BRT T3: Thokoza Park => Parktown & Library Gardens East","network":"Rea Vaya"},"geometry":{"type":"LineString","coordinates":[[27.91806,-26.24054],[27.91814,-26.2405],[27.91825,-26.24044],[27.91833,-26.2404],[27.91845,-26.24032]]}},{"type":"Feature","properties":{"id":"relation/4511835","name":"BRT T3: Thokoza Park => Parktown & Library Gardens East","network":"Rea Vaya"},"geometry":{"type":"LineString","coordinates":[[27.91865,-26.24009],[27.9187,-26.24005],[27.91883,-26.23993],[27.91886,-26.23991],[27.91897,-26.23974],[27.91959,-26.23885],[27.91997,-26.23831],[27.92003,-26.23823],[27.92022,-26.23798],[27.92038,-26.23776],[27.92175,-26.23598],[27.92217,-26.23542],[27.92232,-26.23523],[27.92252,-26.23494],[27.92254,-26.23489],[27.92254,-26.23485]]}},{"type":"Feature","properties":{"id":"relation/4511835","name":"BRT T3: Thokoza Park => Parktown & Library Gardens East","network":"Rea Vaya"},"geometry":{"type":"LineString","coordinates":[[27.91865,-26.24009],[27.91869,-26.2401],[27.91873,-26.24011],[27.91877,-26.24013],[27.91879,-26.24015],[27.91881,-26.24017],[27.91883,-26.24019],[27.91884,-26.24022],[27.91885,-26.24025]]}},{"type":"Feature","properties":{"id":"relation/4511835","name":"BRT T3: Thokoza Park => Parktown & Library Gardens East","network":"Rea Vaya"},"geometry":{"type":"LineString","coordinates":[[27.92272,-26.2346],[27.9228,-26.23453],[27.92284,-26.23449],[27.92291,-26.23441],[27.92362,-26.23339],[27.92479,-26.23182],[27.92493,-26.23163]]}},{"type":"Feature","properties":{"id":"relation/4511835","name":"BRT T3: Thokoza Park => Parktown & Library Gardens East","network":"Rea Vaya"},"geometry":{"type":"LineString","coordinates":[[27.92511,-26.23142],[27.92535,-26.23112],[27.92536,-26.2311],[27.92546,-26.23097],[27.92592,-26.23033]]}},{"type":"Feature","properties":{"id":"relation/4511835","name":"BRT T3: Thokoza Park => Parktown & Library Gardens East","network":"Rea Vaya"},"geometry":{"type":"LineString","coordinates":[[27.92592,-26.23033],[27.92623,-26.22989]]}},{"type":"Feature","properties":{"id":"relation/4511835","name":"BRT T3: Thokoza Park => Parktown & Library Gardens East","network":"Rea Vaya"},"geometry":{"type":"LineString","coordinates":[[27.92623,-26.22989],[27.92647,-26.22957],[27.92657,-26.22943],[27.92662,-26.22937],[27.92667,-26.22931],[27.92676,-26.22922],[27.92683,-26.22915]]}},{"type":"Feature","properties":{"id":"relation/4511835","name":"BRT T3: Thokoza Park => Parktown & Library Gardens East","network":"Rea Vaya"},"geometry":{"type":"LineString","coordinates":[[27.927,-26.22905],[27.92718,-26.22895],[27.92735,-26.22888],[27.9274,-26.22886],[27.92767,-26.22875],[27.92878,-26.22836],[27.92883,-26.22834],[27.92939,-26.22816],[27.92995,-26.22797],[27.93037,-26.22784],[27.93051,-26.22779]]}},{"type":"Feature","properties":{"id":"relation/4511835","name":"BRT T3: Thokoza Park => Parktown & Library Gardens East","network":"Rea Vaya"},"geometry":{"type":"LineString","coordinates":[[27.93051,-26.22779],[27.93089,-26.22767],[27.93123,-26.22756]]}},{"type":"Feature","properties":{"id":"relation/4511835","name":"BRT T3: Thokoza Park => Parktown & Library Gardens East","network":"Rea Vaya"},"geometry":{"type":"LineString","coordinates":[[27.93123,-26.22756],[27.93162,-26.22743],[27.93186,-26.22734],[27.93198,-26.22729]]}},{"type":"Feature","properties":{"id":"relation/4511835","name":"BRT T3: Thokoza Park => Parktown & Library Gardens East","network":"Rea Vaya"},"geometry":{"type":"LineString","coordinates":[[27.93198,-26.22729],[27.93218,-26.22722]]}},{"type":"Feature","properties":{"id":"relation/4511835","name":"BRT T3: Thokoza Park => Parktown & Library Gardens East","network":"Rea Vaya"},"geometry":{"type":"LineString","coordinates":[[27.93218,-26.22722],[27.93255,-26.22709],[27.93532,-26.22614],[27.93578,-26.226],[27.93632,-26.22583]]}},{"type":"Feature","properties":{"id":"relation/4511835","name":"BRT T3: Thokoza Park => Parktown & Library Gardens East","network":"Rea Vaya"},"geometry":{"type":"LineString","coordinates":[[27.93632,-26.22583],[27.9367,-26.22571],[27.93688,-26.22565],[27.93705,-26.2256],[27.93719,-26.22555],[27.93728,-26.22551],[27.93736,-26.22548],[27.93743,-26.22544],[27.93751,-26.22541],[27.93754,-26.22539],[27.9376,-26.22535],[27.93763,-26.22533],[27.93775,-26.22525]]}},{"type":"Feature","properties":{"id":"relation/4511835","name":"BRT T3: Thokoza Park => Parktown & Library Gardens East","network":"Rea Vaya"},"geometry":{"type":"LineString","coordinates":[[27.93775,-26.22525],[27.93792,-26.22511]]}},{"type":"Feature","properties":{"id":"relation/4511835","name":"BRT T3: Thokoza Park => Parktown & Library Gardens East","network":"Rea Vaya"},"geometry":{"type":"LineString","coordinates":[[27.93792,-26.22511],[27.93809,-26.22496],[27.93815,-26.22488],[27.93822,-26.22479],[27.93828,-26.22469],[27.93833,-26.22461],[27.93836,-26.22456],[27.93841,-26.22446],[27.93848,-26.22429],[27.93851,-26.22421],[27.93853,-26.22413],[27.93855,-26.22403],[27.93856,-26.22396],[27.93859,-26.22373],[27.93862,-26.22326],[27.93866,-26.22292],[27.93867,-26.22276],[27.93879,-26.22161],[27.93886,-26.22112],[27.93891,-26.22076],[27.93894,-26.22057],[27.93898,-26.2204],[27.93905,-26.22015],[27.93918,-26.21975]]}},{"type":"Feature","properties":{"id":"relation/4511835","name":"BRT T3: Thokoza Park => Parktown & Library Gardens East","network":"Rea Vaya"},"geometry":{"type":"LineString","coordinates":[[27.93918,-26.21975],[27.93951,-26.2189]]}},{"type":"Feature","properties":{"id":"relation/4511835","name":"BRT T3: Thokoza Park => Parktown & Library Gardens East","network":"Rea Vaya"},"geometry":{"type":"LineString","coordinates":[[27.93951,-26.2189],[27.93968,-26.21847],[27.9398,-26.21822],[27.93999,-26.21788],[27.9402,-26.21751],[27.94032,-26.21734]]}},{"type":"Feature","properties":{"id":"relation/4511835","name":"BRT T3: Thokoza Park => Parktown & Library Gardens East","network":"Rea Vaya"},"geometry":{"type":"LineString","coordinates":[[27.94032,-26.21734],[27.94048,-26.21708]]}},{"type":"Feature","properties":{"id":"relation/4511835","name":"BRT T3: Thokoza Park => Parktown & Library Gardens East","network":"Rea Vaya"},"geometry":{"type":"LineString","coordinates":[[27.94048,-26.21708],[27.94052,-26.21701],[27.94058,-26.21691],[27.94062,-26.21685],[27.94066,-26.21679]]}},{"type":"Feature","properties":{"id":"relation/4511835","name":"BRT T3: Thokoza Park => Parktown & Library Gardens East","network":"Rea Vaya"},"geometry":{"type":"LineString","coordinates":[[27.94066,-26.21679],[27.94074,-26.21667],[27.94087,-26.21652],[27.94099,-26.2164],[27.9411,-26.21631],[27.94124,-26.2162],[27.94136,-26.21611],[27.94152,-26.21602],[27.94162,-26.21597],[27.94175,-26.21591],[27.94185,-26.21587],[27.94193,-26.21584],[27.94213,-26.21579],[27.94229,-26.21576],[27.94238,-26.21574],[27.94259,-26.21572],[27.9428,-26.2157],[27.94293,-26.2157],[27.94313,-26.2157],[27.94331,-26.21571],[27.94352,-26.21572],[27.9437,-26.21573],[27.94383,-26.21574],[27.94404,-26.21577],[27.94418,-26.2158],[27.94429,-26.21581],[27.94437,-26.21581],[27.94445,-26.21581],[27.94453,-26.21581],[27.94462,-26.2158],[27.9447,-26.21578],[27.9448,-26.21575],[27.94495,-26.2157],[27.94511,-26.21564],[27.94546,-26.2155],[27.94578,-26.21538],[27.94618,-26.21523],[27.94644,-26.21512],[27.94681,-26.21494],[27.9471,-26.21484],[27.94741,-26.21473]]}},{"type":"Feature","properties":{"id":"relation/4511835","name":"BRT T3: Thokoza Park => Parktown & Library Gardens East","network":"Rea Vaya"},"geometry":{"type":"LineString","coordinates":[[27.94741,-26.21473],[27.94751,-26.21469],[27.94757,-26.21467]]}},{"type":"Feature","properties":{"id":"relation/4511835","name":"BRT T3: Thokoza Park => Parktown & Library Gardens East","network":"Rea Vaya"},"geometry":{"type":"LineString","coordinates":[[27.94757,-26.21467],[27.94772,-26.21461],[27.94785,-26.21457],[27.94815,-26.21446],[27.94866,-26.21426],[27.94911,-26.2141],[27.94926,-26.21403],[27.94942,-26.21396],[27.94955,-26.2139],[27.94968,-26.21383],[27.94981,-26.21376],[27.94997,-26.21366],[27.95026,-26.21347],[27.95053,-26.21327],[27.95071,-26.21315],[27.95088,-26.21304],[27.9512,-26.21281],[27.95142,-26.21266],[27.95154,-26.21256],[27.95162,-26.21249],[27.9517,-26.21241],[27.95177,-26.21233],[27.95185,-26.21224],[27.95193,-26.21212],[27.95198,-26.21203],[27.95205,-26.2119],[27.95209,-26.2118],[27.95213,-26.21171],[27.95216,-26.21164],[27.95218,-26.21157],[27.95219,-26.21149],[27.9522,-26.21139],[27.9522,-26.21129]]}},{"type":"Feature","properties":{"id":"relation/4511835","name":"BRT T3: Thokoza Park => Parktown & Library Gardens East","network":"Rea Vaya"},"geometry":{"type":"LineString","coordinates":[[27.9522,-26.21129],[27.9522,-26.21115],[27.9522,-26.21101]]}},{"type":"Feature","properties":{"id":"relation/4511835","name":"BRT T3: Thokoza Park => Parktown & Library Gardens East","network":"Rea Vaya"},"geometry":{"type":"LineString","coordinates":[[27.9522,-26.21101],[27.95218,-26.21087],[27.95215,-26.2107],[27.95208,-26.21038],[27.95203,-26.21015],[27.95198,-26.20991],[27.95195,-26.20973],[27.95189,-26.20947],[27.95187,-26.20932],[27.95184,-26.20919],[27.95183,-26.20907],[27.95183,-26.20896],[27.95184,-26.20887],[27.95186,-26.20874],[27.95188,-26.20866],[27.95193,-26.20851],[27.95196,-26.20841],[27.95202,-26.2083],[27.9521,-26.20818],[27.95216,-26.20809],[27.95221,-26.20803],[27.95229,-26.20793],[27.95236,-26.20785],[27.95244,-26.20777],[27.95252,-26.20771],[27.95261,-26.20765],[27.95271,-26.2076],[27.95282,-26.20755],[27.9529,-26.20752],[27.953,-26.20749],[27.95308,-26.20746],[27.95321,-26.20743],[27.9533,-26.20741],[27.95341,-26.20738],[27.95365,-26.20735],[27.954,-26.20731],[27.95426,-26.20728],[27.95445,-26.20726],[27.95468,-26.20724],[27.95489,-26.20722],[27.95506,-26.20718],[27.95513,-26.20717],[27.9552,-26.20715],[27.95527,-26.20712],[27.9554,-26.20708],[27.95551,-26.20703],[27.95566,-26.20695],[27.95582,-26.20684],[27.95594,-26.20676],[27.95603,-26.20668]]}},{"type":"Feature","properties":{"id":"relation/4511835","name":"BRT T3: Thokoza Park => Parktown & Library Gardens East","network":"Rea Vaya"},"geometry":{"type":"LineString","coordinates":[[27.95603,-26.20668],[27.95616,-26.20653],[27.95624,-26.20644],[27.9563,-26.20635],[27.95635,-26.20628],[27.95642,-26.20617],[27.95646,-26.20609],[27.95653,-26.20597]]}},{"type":"Feature","properties":{"id":"relation/4511835","name":"BRT T3: Thokoza Park => Parktown & Library Gardens East","network":"Rea Vaya"},"geometry":{"type":"LineString","coordinates":[[27.95653,-26.20597],[27.95657,-26.20592],[27.95665,-26.20578],[27.95672,-26.20566],[27.95679,-26.20555]]}},{"type":"Feature","properties":{"id":"relation/4511835","name":"BRT T3: Thokoza Park => Parktown & Library Gardens East","network":"Rea Vaya"},"geometry":{"type":"LineString","coordinates":[[27.95679,-26.20555],[27.95683,-26.20549],[27.9569,-26.20538],[27.95693,-26.20531],[27.9571,-26.20501],[27.95722,-26.2048],[27.9573,-26.20465],[27.95735,-26.20454],[27.95742,-26.20441],[27.95751,-26.20421],[27.95759,-26.20403],[27.95764,-26.20394],[27.95768,-26.20385],[27.95777,-26.20372],[27.95791,-26.20349],[27.958,-26.20334],[27.95829,-26.20291],[27.95849,-26.20256],[27.9587,-26.20219],[27.95888,-26.20189],[27.95915,-26.20144],[27.95917,-26.2014],[27.95925,-26.20127],[27.95944,-26.20093],[27.95966,-26.20054],[27.96013,-26.19972],[27.96023,-26.19954],[27.96084,-26.19849]]}},{"type":"Feature","properties":{"id":"relation/4511835","name":"BRT T3: Thokoza Park => Parktown & Library Gardens East","network":"Rea Vaya"},"geometry":{"type":"LineString","coordinates":[[27.96084,-26.19849],[27.96096,-26.19828]]}},{"type":"Feature","properties":{"id":"relation/4511835","name":"BRT T3: Thokoza Park => Parktown & Library Gardens East","network":"Rea Vaya"},"geometry":{"type":"LineString","coordinates":[[27.96096,-26.19828],[27.96243,-26.19572],[27.96316,-26.19444],[27.96332,-26.19417],[27.96386,-26.19322],[27.96433,-26.19239],[27.96483,-26.19151],[27.96503,-26.19116],[27.96512,-26.19102],[27.96522,-26.19089],[27.96528,-26.19083],[27.96537,-26.19076],[27.96545,-26.19072],[27.9655,-26.1907],[27.96557,-26.19067],[27.96564,-26.19066],[27.96573,-26.19064],[27.96679,-26.1904],[27.9672,-26.1903],[27.96739,-26.19026],[27.96759,-26.1902],[27.96765,-26.19018],[27.96786,-26.19012],[27.96837,-26.19001],[27.96856,-26.18997],[27.96874,-26.18995],[27.96885,-26.18993],[27.9691,-26.18988],[27.96922,-26.18985],[27.96928,-26.18983],[27.96936,-26.18977]]}},{"type":"Feature","properties":{"id":"relation/4511835","name":"BRT T3: Thokoza Park => Parktown & Library Gardens East","network":"Rea Vaya"},"geometry":{"type":"LineString","coordinates":[[27.96936,-26.18977],[27.96953,-26.18961]]}},{"type":"Feature","properties":{"id":"relation/4511835","name":"BRT T3: Thokoza Park => Parktown & Library Gardens East","network":"Rea Vaya"},"geometry":{"type":"LineString","coordinates":[[27.96953,-26.18961],[27.96966,-26.18948]]}},{"type":"Feature","properties":{"id":"relation/4511835","name":"BRT T3: Thokoza Park => Parktown & Library Gardens East","network":"Rea Vaya"},"geometry":{"type":"LineString","coordinates":[[27.96966,-26.18948],[27.96987,-26.18924],[27.97002,-26.18909],[27.97003,-26.18908],[27.97004,-26.18906],[27.97008,-26.18903],[27.97018,-26.18891],[27.97025,-26.18885],[27.97031,-26.1888],[27.97037,-26.18876],[27.97054,-26.18869]]}},{"type":"Feature","properties":{"id":"relation/4511835","name":"BRT T3: Thokoza Park => Parktown & Library Gardens East","network":"Rea Vaya"},"geometry":{"type":"LineString","coordinates":[[27.97054,-26.18869],[27.9709,-26.18854],[27.97112,-26.18844]]}},{"type":"Feature","properties":{"id":"relation/4511835","name":"BRT T3: Thokoza Park => Parktown & Library Gardens East","network":"Rea Vaya"},"geometry":{"type":"LineString","coordinates":[[27.97112,-26.18844],[27.97155,-26.18827],[27.97213,-26.18804],[27.97281,-26.18778]]}},{"type":"Feature","properties":{"id":"relation/4511835","name":"BRT T3: Thokoza Park => Parktown & Library Gardens East","network":"Rea Vaya"},"geometry":{"type":"LineString","coordinates":[[27.97281,-26.18778],[27.97337,-26.18756]]}},{"type":"Feature","properties":{"id":"relation/4511835","name":"BRT T3: Thokoza Park => Parktown & Library Gardens East","network":"Rea Vaya"},"geometry":{"type":"LineString","coordinates":[[27.97337,-26.18756],[27.97396,-26.18734],[27.97503,-26.18694],[27.9753,-26.18684],[27.97542,-26.18681],[27.97557,-26.18677],[27.97574,-26.18674],[27.97591,-26.18671],[27.9765,-26.18668],[27.97667,-26.18668],[27.97676,-26.18669],[27.97687,-26.18671],[27.97699,-26.18673],[27.97798,-26.18702],[27.97867,-26.18722],[27.9789,-26.18728],[27.97907,-26.18733],[27.97921,-26.18736],[27.97932,-26.18738],[27.97945,-26.1874]]}},{"type":"Feature","properties":{"id":"relation/4511835","name":"BRT T3: Thokoza Park => Parktown & Library Gardens East","network":"Rea Vaya"},"geometry":{"type":"LineString","coordinates":[[27.97945,-26.1874],[27.97957,-26.18741],[27.97969,-26.18742],[27.97986,-26.18744],[27.98,-26.18745]]}},{"type":"Feature","properties":{"id":"relation/4511835","name":"BRT T3: Thokoza Park => Parktown & Library Gardens East","network":"Rea Vaya"},"geometry":{"type":"LineString","coordinates":[[27.98,-26.18745],[27.98023,-26.18746]]}},{"type":"Feature","properties":{"id":"relation/4511835","name":"BRT T3: Thokoza Park => Parktown & Library Gardens East","network":"Rea Vaya"},"geometry":{"type":"LineString","coordinates":[[27.98023,-26.18746],[27.98035,-26.18746],[27.98044,-26.18746],[27.98055,-26.18745],[27.98066,-26.18741],[27.98079,-26.18736],[27.98095,-26.18727],[27.98107,-26.18721],[27.98128,-26.18712],[27.98147,-26.18703],[27.98179,-26.18688],[27.98235,-26.18663],[27.98278,-26.18645],[27.98289,-26.18641]]}},{"type":"Feature","properties":{"id":"relation/4511835","name":"BRT T3: Thokoza Park => Parktown & Library Gardens East","network":"Rea Vaya"},"geometry":{"type":"LineString","coordinates":[[27.98289,-26.18641],[27.98321,-26.18629],[27.98338,-26.18623]]}},{"type":"Feature","properties":{"id":"relation/4511835","name":"BRT T3: Thokoza Park => Parktown & Library Gardens East","network":"Rea Vaya"},"geometry":{"type":"LineString","coordinates":[[27.98338,-26.18623],[27.98353,-26.18617]]}},{"type":"Feature","properties":{"id":"relation/4511835","name":"BRT T3: Thokoza Park => Parktown & Library Gardens East","network":"Rea Vaya"},"geometry":{"type":"LineString","coordinates":[[27.98353,-26.18617],[27.98365,-26.18612],[27.98378,-26.18606]]}},{"type":"Feature","properties":{"id":"relation/4511835","name":"BRT T3: Thokoza Park => Parktown & Library Gardens East","network":"Rea Vaya"},"geometry":{"type":"LineString","coordinates":[[27.98378,-26.18606],[27.98386,-26.18603],[27.98392,-26.18601],[27.98416,-26.1859],[27.98457,-26.18573],[27.98585,-26.18516],[27.988,-26.18421],[27.98946,-26.18358],[27.98985,-26.1834],[27.98993,-26.18336],[27.98997,-26.18335],[27.99,-26.18333],[27.99009,-26.18329],[27.9903,-26.1832],[27.99094,-26.18292],[27.9911,-26.18285],[27.99133,-26.18275],[27.99143,-26.1827],[27.99152,-26.18266],[27.99167,-26.1826],[27.99232,-26.18231],[27.99258,-26.1822],[27.99294,-26.18203],[27.99317,-26.18193],[27.99328,-26.18187],[27.99338,-26.18183],[27.99364,-26.18172],[27.99428,-26.18145],[27.99453,-26.18135],[27.99467,-26.18129]]}},{"type":"Feature","properties":{"id":"relation/4511835","name":"BRT T3: Thokoza Park => Parktown & Library Gardens East","network":"Rea Vaya"},"geometry":{"type":"LineString","coordinates":[[27.99467,-26.18129],[27.99482,-26.18126],[27.99495,-26.18123],[27.99514,-26.18121],[27.99521,-26.1812],[27.99525,-26.1812],[27.99544,-26.18119],[27.99558,-26.18119],[27.99576,-26.1812],[27.99598,-26.18123],[27.9967,-26.1814],[27.99706,-26.18149],[27.99748,-26.18156],[27.99802,-26.18168],[27.99814,-26.18171],[27.9986,-26.1818],[27.99939,-26.18197],[27.9997,-26.18206],[27.99992,-26.18212],[28.00037,-26.18224],[28.00058,-26.1823],[28.00088,-26.18237],[28.00115,-26.18241],[28.00139,-26.18245],[28.00158,-26.18248],[28.0018,-26.18252]]}},{"type":"Feature","properties":{"id":"relation/4511835","name":"BRT T3: Thokoza Park => Parktown & Library Gardens East","network":"Rea Vaya"},"geometry":{"type":"LineString","coordinates":[[28.0018,-26.18252],[28.00216,-26.18259],[28.00227,-26.18261]]}},{"type":"Feature","properties":{"id":"relation/4511835","name":"BRT T3: Thokoza Park => Parktown & Library Gardens East","network":"Rea Vaya"},"geometry":{"type":"LineString","coordinates":[[28.00227,-26.18261],[28.00239,-26.18264],[28.00261,-26.18268],[28.00409,-26.18301],[28.00482,-26.18317],[28.00536,-26.18329],[28.00566,-26.18336]]}},{"type":"Feature","properties":{"id":"relation/4511835","name":"BRT T3: Thokoza Park => Parktown & Library Gardens East","network":"Rea Vaya"},"geometry":{"type":"LineString","coordinates":[[28.00566,-26.18336],[28.00624,-26.18351]]}},{"type":"Feature","properties":{"id":"relation/4511835","name":"BRT T3: Thokoza Park => Parktown & Library Gardens East","network":"Rea Vaya"},"geometry":{"type":"LineString","coordinates":[[28.00624,-26.18351],[28.00797,-26.18389]]}},{"type":"Feature","properties":{"id":"relation/4511835","name":"BRT T3: Thokoza Park => Parktown & Library Gardens East","network":"Rea Vaya"},"geometry":{"type":"LineString","coordinates":[[28.00797,-26.18389],[28.00818,-26.18393],[28.00824,-26.18395]]}},{"type":"Feature","properties":{"id":"relation/4511835","name":"BRT T3: Thokoza Park => Parktown & Library Gardens East","network":"Rea Vaya"},"geometry":{"type":"LineString","coordinates":[[28.00824,-26.18395],[28.0083,-26.18396],[28.00861,-26.18403],[28.00908,-26.18413],[28.00926,-26.18416],[28.0094,-26.18417],[28.00961,-26.18419]]}},{"type":"Feature","properties":{"id":"relation/4511835","name":"BRT T3: Thokoza Park => Parktown & Library Gardens East","network":"Rea Vaya"},"geometry":{"type":"LineString","coordinates":[[28.00961,-26.18419],[28.01032,-26.18435],[28.0104,-26.18436],[28.01053,-26.18438]]}},{"type":"Feature","properties":{"id":"relation/4511835","name":"BRT T3: Thokoza Park => Parktown & Library Gardens East","network":"Rea Vaya"},"geometry":{"type":"LineString","coordinates":[[28.01053,-26.18438],[28.01074,-26.18437],[28.01085,-26.18436],[28.01097,-26.18435],[28.01122,-26.18431]]}},{"type":"Feature","properties":{"id":"relation/4511835","name":"BRT T3: Thokoza Park => Parktown & Library Gardens East","network":"Rea Vaya"},"geometry":{"type":"LineString","coordinates":[[28.01122,-26.18431],[28.01161,-26.18423],[28.01178,-26.18421]]}},{"type":"Feature","properties":{"id":"relation/4511835","name":"BRT T3: Thokoza Park => Parktown & Library Gardens East","network":"Rea Vaya"},"geometry":{"type":"LineString","coordinates":[[28.01178,-26.18421],[28.01199,-26.18419],[28.01218,-26.18416],[28.01311,-26.184]]}},{"type":"Feature","properties":{"id":"relation/4511835","name":"BRT T3: Thokoza Park => Parktown & Library Gardens East","network":"Rea Vaya"},"geometry":{"type":"LineString","coordinates":[[28.01311,-26.184],[28.01357,-26.18392],[28.01433,-26.18378]]}},{"type":"Feature","properties":{"id":"relation/4511835","name":"BRT T3: Thokoza Park => Parktown & Library Gardens East","network":"Rea Vaya"},"geometry":{"type":"LineString","coordinates":[[28.01433,-26.18378],[28.01556,-26.18356]]}},{"type":"Feature","properties":{"id":"relation/4511835","name":"BRT T3: Thokoza Park => Parktown & Library Gardens East","network":"Rea Vaya"},"geometry":{"type":"LineString","coordinates":[[28.01556,-26.18356],[28.01594,-26.18348],[28.01683,-26.18331]]}},{"type":"Feature","properties":{"id":"relation/4511835","name":"BRT T3: Thokoza Park => Parktown & Library Gardens East","network":"Rea Vaya"},"geometry":{"type":"LineString","coordinates":[[28.01683,-26.18331],[28.01755,-26.18315],[28.01764,-26.18313]]}},{"type":"Feature","properties":{"id":"relation/4511835","name":"BRT T3: Thokoza Park => Parktown & Library Gardens East","network":"Rea Vaya"},"geometry":{"type":"LineString","coordinates":[[28.01764,-26.18313],[28.01779,-26.1831]]}},{"type":"Feature","properties":{"id":"relation/4511835","name":"BRT T3: Thokoza Park => Parktown & Library Gardens East","network":"Rea Vaya"},"geometry":{"type":"LineString","coordinates":[[28.01779,-26.1831],[28.0179,-26.18308],[28.01839,-26.18298],[28.01856,-26.18294],[28.01873,-26.18288],[28.01893,-26.18282],[28.01904,-26.1828],[28.01914,-26.18278],[28.01921,-26.18278],[28.01932,-26.1828],[28.01973,-26.18291]]}},{"type":"Feature","properties":{"id":"relation/4511835","name":"BRT T3: Thokoza Park => Parktown & Library Gardens East","network":"Rea Vaya"},"geometry":{"type":"LineString","coordinates":[[28.01973,-26.18291],[28.01992,-26.18295],[28.02069,-26.18317],[28.02074,-26.18319],[28.0208,-26.1832]]}},{"type":"Feature","properties":{"id":"relation/4511835","name":"BRT T3: Thokoza Park => Parktown & Library Gardens East","network":"Rea Vaya"},"geometry":{"type":"LineString","coordinates":[[28.0208,-26.1832],[28.02089,-26.18324]]}},{"type":"Feature","properties":{"id":"relation/4511835","name":"BRT T3: Thokoza Park => Parktown & Library Gardens East","network":"Rea Vaya"},"geometry":{"type":"LineString","coordinates":[[28.02089,-26.18324],[28.02117,-26.18334],[28.02159,-26.18344],[28.02209,-26.18357]]}},{"type":"Feature","properties":{"id":"relation/4511835","name":"BRT T3: Thokoza Park => Parktown & Library Gardens East","network":"Rea Vaya"},"geometry":{"type":"LineString","coordinates":[[28.02209,-26.18357],[28.02223,-26.18361],[28.02292,-26.18381],[28.0241,-26.18412],[28.02496,-26.18436],[28.02616,-26.18468],[28.02677,-26.18483],[28.02688,-26.18486]]}},{"type":"Feature","properties":{"id":"relation/4511835","name":"BRT T3: Thokoza Park => Parktown & Library Gardens East","network":"Rea Vaya"},"geometry":{"type":"LineString","coordinates":[[28.02688,-26.18486],[28.02758,-26.18504]]}},{"type":"Feature","properties":{"id":"relation/4511835","name":"BRT T3: Thokoza Park => Parktown & Library Gardens East","network":"Rea Vaya"},"geometry":{"type":"LineString","coordinates":[[28.02758,-26.18504],[28.02762,-26.18505],[28.02767,-26.18506]]}},{"type":"Feature","properties":{"id":"relation/4511835","name":"BRT T3: Thokoza Park => Parktown & Library Gardens East","network":"Rea Vaya"},"geometry":{"type":"LineString","coordinates":[[28.02767,-26.18506],[28.02781,-26.18509],[28.0289,-26.18535],[28.02934,-26.18546],[28.02956,-26.18552],[28.02959,-26.18553],[28.02962,-26.18554],[28.02963,-26.18555],[28.0302,-26.18569],[28.03049,-26.18577]]}},{"type":"Feature","properties":{"id":"relation/4511835","name":"BRT T3: Thokoza Park => Parktown & Library Gardens East","network":"Rea Vaya"},"geometry":{"type":"LineString","coordinates":[[28.03049,-26.18577],[28.03057,-26.18578]]}},{"type":"Feature","properties":{"id":"relation/4511835","name":"BRT T3: Thokoza Park => Parktown & Library Gardens East","network":"Rea Vaya"},"geometry":{"type":"LineString","coordinates":[[28.03057,-26.18578],[28.03064,-26.1858]]}},{"type":"Feature","properties":{"id":"relation/4511835","name":"BRT T3: Thokoza Park => Parktown & Library Gardens East","network":"Rea Vaya"},"geometry":{"type":"LineString","coordinates":[[28.03064,-26.1858],[28.03075,-26.18583]]}},{"type":"Feature","properties":{"id":"relation/4511835","name":"BRT T3: Thokoza Park => Parktown & Library Gardens East","network":"Rea Vaya"},"geometry":{"type":"LineString","coordinates":[[28.03075,-26.18583],[28.03092,-26.18587],[28.03105,-26.18591],[28.0313,-26.18597],[28.03143,-26.18601],[28.03154,-26.18604],[28.03162,-26.18608]]}},{"type":"Feature","properties":{"id":"relation/4511835","name":"BRT T3: Thokoza Park => Parktown & Library Gardens East","network":"Rea Vaya"},"geometry":{"type":"LineString","coordinates":[[28.03162,-26.18608],[28.03178,-26.18617],[28.03195,-26.18628]]}},{"type":"Feature","properties":{"id":"relation/4511835","name":"BRT T3: Thokoza Park => Parktown & Library Gardens East","network":"Rea Vaya"},"geometry":{"type":"LineString","coordinates":[[28.03195,-26.18628],[28.03229,-26.18649],[28.03243,-26.18658],[28.03264,-26.18671]]}},{"type":"Feature","properties":{"id":"relation/4511835","name":"BRT T3: Thokoza Park => Parktown & Library Gardens East","network":"Rea Vaya"},"geometry":{"type":"LineString","coordinates":[[28.03264,-26.18671],[28.03275,-26.18678],[28.03277,-26.18679],[28.03282,-26.18681],[28.03289,-26.18685],[28.03301,-26.1869],[28.03315,-26.18695],[28.03329,-26.18698],[28.03339,-26.18699],[28.03349,-26.187]]}},{"type":"Feature","properties":{"id":"relation/4511835","name":"BRT T3: Thokoza Park => Parktown & Library Gardens East","network":"Rea Vaya"},"geometry":{"type":"LineString","coordinates":[[28.03349,-26.187],[28.03378,-26.18703],[28.03419,-26.18707],[28.03475,-26.18713],[28.03496,-26.18715],[28.03503,-26.18715]]}},{"type":"Feature","properties":{"id":"relation/4511835","name":"BRT T3: Thokoza Park => Parktown & Library Gardens East","network":"Rea Vaya"},"geometry":{"type":"LineString","coordinates":[[28.03503,-26.18715],[28.03518,-26.18717],[28.03541,-26.18718],[28.03555,-26.18719],[28.03564,-26.18717],[28.03571,-26.18715],[28.03576,-26.18712],[28.03582,-26.18709]]}},{"type":"Feature","properties":{"id":"relation/4511835","name":"BRT T3: Thokoza Park => Parktown & Library Gardens East","network":"Rea Vaya"},"geometry":{"type":"LineString","coordinates":[[28.03582,-26.18709],[28.03585,-26.18705],[28.03592,-26.18696],[28.0363,-26.18645],[28.03674,-26.18589],[28.03682,-26.18579],[28.03688,-26.18572],[28.03694,-26.18567],[28.03704,-26.1856],[28.03709,-26.18557],[28.03714,-26.18555],[28.03733,-26.18549],[28.03778,-26.18537],[28.03823,-26.18525],[28.03841,-26.18519],[28.03852,-26.18517],[28.03863,-26.18516],[28.0387,-26.18515]]}},{"type":"Feature","properties":{"id":"relation/4511835","name":"BRT T3: Thokoza Park => Parktown & Library Gardens East","network":"Rea Vaya"},"geometry":{"type":"LineString","coordinates":[[28.0387,-26.18515],[28.03881,-26.18514],[28.03895,-26.18513],[28.03905,-26.18513]]}},{"type":"Feature","properties":{"id":"relation/4511835","name":"BRT T3: Thokoza Park => Parktown & Library Gardens East","network":"Rea Vaya"},"geometry":{"type":"LineString","coordinates":[[28.03905,-26.18513],[28.03948,-26.18516],[28.03958,-26.18517],[28.03976,-26.18518],[28.03985,-26.18518]]}},{"type":"Feature","properties":{"id":"relation/4511835","name":"BRT T3: Thokoza Park => Parktown & Library Gardens East","network":"Rea Vaya"},"geometry":{"type":"LineString","coordinates":[[28.03985,-26.18518],[28.04031,-26.18522],[28.0409,-26.18526]]}},{"type":"Feature","properties":{"id":"relation/4511835","name":"BRT T3: Thokoza Park => Parktown & Library Gardens East","network":"Rea Vaya"},"geometry":{"type":"LineString","coordinates":[[28.0409,-26.18526],[28.04105,-26.18526]]}},{"type":"Feature","properties":{"id":"relation/4511835","name":"BRT T3: Thokoza Park => Parktown & Library Gardens East","network":"Rea Vaya"},"geometry":{"type":"LineString","coordinates":[[28.04105,-26.18526],[28.04104,-26.18541]]}},{"type":"Feature","properties":{"id":"relation/4511835","name":"BRT T3: Thokoza Park => Parktown & Library Gardens East","network":"Rea Vaya"},"geometry":{"type":"LineString","coordinates":[[28.04104,-26.18541],[28.04102,-26.18573],[28.04099,-26.18604]]}},{"type":"Feature","properties":{"id":"relation/4511835","name":"BRT T3: Thokoza Park => Parktown & Library Gardens East","network":"Rea Vaya"},"geometry":{"type":"LineString","coordinates":[[28.04099,-26.18604],[28.04097,-26.18639],[28.04097,-26.18646],[28.04097,-26.18655],[28.04097,-26.18663],[28.04099,-26.18673],[28.04103,-26.18689]]}},{"type":"Feature","properties":{"id":"relation/4511835","name":"BRT T3: Thokoza Park => Parktown & Library Gardens East","network":"Rea Vaya"},"geometry":{"type":"LineString","coordinates":[[28.04103,-26.18689],[28.04107,-26.18699],[28.04109,-26.18708],[28.04112,-26.18716],[28.04111,-26.18725],[28.04112,-26.1874],[28.04109,-26.1877],[28.04108,-26.18784],[28.04107,-26.18804]]}},{"type":"Feature","properties":{"id":"relation/4511835","name":"BRT T3: Thokoza Park => Parktown & Library Gardens East","network":"Rea Vaya"},"geometry":{"type":"LineString","coordinates":[[28.04107,-26.18804],[28.04107,-26.18823],[28.04111,-26.18864]]}},{"type":"Feature","properties":{"id":"relation/4511835","name":"BRT T3: Thokoza Park => Parktown & Library Gardens East","network":"Rea Vaya"},"geometry":{"type":"LineString","coordinates":[[28.04111,-26.18864],[28.04112,-26.18873],[28.04116,-26.18912],[28.04118,-26.18927],[28.0412,-26.18958],[28.04121,-26.18968],[28.04122,-26.18988]]}},{"type":"Feature","properties":{"id":"relation/4511835","name":"BRT T3: Thokoza Park => Parktown & Library Gardens East","network":"Rea Vaya"},"geometry":{"type":"LineString","coordinates":[[28.04122,-26.18988],[28.04124,-26.19014],[28.04128,-26.19052]]}},{"type":"Feature","properties":{"id":"relation/4511835","name":"BRT T3: Thokoza Park => Parktown & Library Gardens East","network":"Rea Vaya"},"geometry":{"type":"LineString","coordinates":[[28.04128,-26.19052],[28.04131,-26.19077],[28.04132,-26.19088],[28.04134,-26.19102],[28.04142,-26.19146]]}},{"type":"Feature","properties":{"id":"relation/4511835","name":"BRT T3: Thokoza Park => Parktown & Library Gardens East","network":"Rea Vaya"},"geometry":{"type":"LineString","coordinates":[[28.04142,-26.19146],[28.04148,-26.1919]]}},{"type":"Feature","properties":{"id":"relation/4511835","name":"BRT T3: Thokoza Park => Parktown & Library Gardens East","network":"Rea Vaya"},"geometry":{"type":"LineString","coordinates":[[28.04148,-26.1919],[28.0415,-26.19205],[28.04149,-26.19218],[28.04147,-26.19227],[28.04145,-26.19235]]}},{"type":"Feature","properties":{"id":"relation/4511835","name":"BRT T3: Thokoza Park => Parktown & Library Gardens East","network":"Rea Vaya"},"geometry":{"type":"LineString","coordinates":[[28.04145,-26.19235],[28.04141,-26.19242],[28.04137,-26.19249],[28.04134,-26.19252],[28.04132,-26.19254],[28.04115,-26.19266],[28.04106,-26.1927]]}},{"type":"Feature","properties":{"id":"relation/4511835","name":"BRT T3: Thokoza Park => Parktown & Library Gardens East","network":"Rea Vaya"},"geometry":{"type":"LineString","coordinates":[[28.04106,-26.1927],[28.04096,-26.19272],[28.0401,-26.19295],[28.04007,-26.19296]]}},{"type":"Feature","properties":{"id":"relation/4511835","name":"BRT T3: Thokoza Park => Parktown & Library Gardens East","network":"Rea Vaya"},"geometry":{"type":"LineString","coordinates":[[28.04007,-26.19296],[28.0399,-26.19301],[28.03988,-26.19301],[28.03977,-26.19304],[28.03962,-26.19307],[28.03937,-26.19312],[28.03926,-26.19314],[28.03903,-26.19317],[28.03899,-26.19318],[28.03898,-26.19318],[28.03887,-26.19319]]}},{"type":"Feature","properties":{"id":"relation/4511835","name":"BRT T3: Thokoza Park => Parktown & Library Gardens East","network":"Rea Vaya"},"geometry":{"type":"LineString","coordinates":[[28.03887,-26.19319],[28.03864,-26.19322],[28.03825,-26.19327]]}},{"type":"Feature","properties":{"id":"relation/4511835","name":"BRT T3: Thokoza Park => Parktown & Library Gardens East","network":"Rea Vaya"},"geometry":{"type":"LineString","coordinates":[[28.03825,-26.19327],[28.03831,-26.19349],[28.03836,-26.19359],[28.03839,-26.19367],[28.03845,-26.19375],[28.03864,-26.19403],[28.03878,-26.19425],[28.03893,-26.19449]]}},{"type":"Feature","properties":{"id":"relation/4511835","name":"BRT T3: Thokoza Park => Parktown & Library Gardens East","network":"Rea Vaya"},"geometry":{"type":"LineString","coordinates":[[28.03893,-26.19449],[28.03896,-26.19474],[28.03897,-26.19482]]}},{"type":"Feature","properties":{"id":"relation/4511835","name":"BRT T3: Thokoza Park => Parktown & Library Gardens East","network":"Rea Vaya"},"geometry":{"type":"LineString","coordinates":[[28.03897,-26.19482],[28.03905,-26.19543]]}},{"type":"Feature","properties":{"id":"relation/4511835","name":"BRT T3: Thokoza Park => Parktown & Library Gardens East","network":"Rea Vaya"},"geometry":{"type":"LineString","coordinates":[[28.03905,-26.19543],[28.03916,-26.19622]]}},{"type":"Feature","properties":{"id":"relation/4511835","name":"BRT T3: Thokoza Park => Parktown & Library Gardens East","network":"Rea Vaya"},"geometry":{"type":"LineString","coordinates":[[28.03916,-26.19622],[28.03928,-26.19698]]}},{"type":"Feature","properties":{"id":"relation/4511835","name":"BRT T3: Thokoza Park => Parktown & Library Gardens East","network":"Rea Vaya"},"geometry":{"type":"LineString","coordinates":[[28.03928,-26.19698],[28.03929,-26.19707],[28.03943,-26.19796]]}},{"type":"Feature","properties":{"id":"relation/4511835","name":"BRT T3: Thokoza Park => Parktown & Library Gardens East","network":"Rea Vaya"},"geometry":{"type":"LineString","coordinates":[[28.03943,-26.19796],[28.03947,-26.19823]]}},{"type":"Feature","properties":{"id":"relation/4511835","name":"BRT T3: Thokoza Park => Parktown & Library Gardens East","network":"Rea Vaya"},"geometry":{"type":"LineString","coordinates":[[28.03947,-26.19823],[28.03957,-26.19893]]}},{"type":"Feature","properties":{"id":"relation/4511835","name":"BRT T3: Thokoza Park => Parktown & Library Gardens East","network":"Rea Vaya"},"geometry":{"type":"LineString","coordinates":[[28.03957,-26.19893],[28.03964,-26.19957]]}},{"type":"Feature","properties":{"id":"relation/4511835","name":"BRT T3: Thokoza Park => Parktown & Library Gardens East","network":"Rea Vaya"},"geometry":{"type":"LineString","coordinates":[[28.03964,-26.19957],[28.03973,-26.20032]]}},{"type":"Feature","properties":{"id":"relation/4511835","name":"BRT T3: Thokoza Park => Parktown & Library Gardens East","network":"Rea Vaya"},"geometry":{"type":"LineString","coordinates":[[28.03973,-26.20032],[28.03986,-26.20098],[28.03989,-26.20109],[28.03991,-26.20118],[28.04001,-26.20186],[28.04012,-26.20262]]}},{"type":"Feature","properties":{"id":"relation/4511835","name":"BRT T3: Thokoza Park => Parktown & Library Gardens East","network":"Rea Vaya"},"geometry":{"type":"LineString","coordinates":[[28.04012,-26.20262],[28.04023,-26.20339]]}},{"type":"Feature","properties":{"id":"relation/4511835","name":"BRT T3: Thokoza Park => Parktown & Library Gardens East","network":"Rea Vaya"},"geometry":{"type":"LineString","coordinates":[[28.04023,-26.20339],[28.04035,-26.20414],[28.04045,-26.20487]]}},{"type":"Feature","properties":{"id":"relation/4511835","name":"BRT T3: Thokoza Park => Parktown & Library Gardens East","network":"Rea Vaya"},"geometry":{"type":"LineString","coordinates":[[28.04045,-26.20487],[28.04061,-26.20484],[28.04124,-26.20477],[28.04211,-26.20468]]}},{"type":"Feature","properties":{"id":"relation/4511835","name":"BRT T3: Thokoza Park => Parktown & Library Gardens East","network":"Rea Vaya"},"geometry":{"type":"LineString","coordinates":[[27.92291,-26.23478],[27.92289,-26.23483],[27.92286,-26.23488],[27.92282,-26.23492]]}},{"type":"Feature","properties":{"id":"relation/4511835","name":"BRT T3: Thokoza Park => Parktown & Library Gardens East","network":"Rea Vaya"},"geometry":{"type":"LineString","coordinates":[[27.92282,-26.23492],[27.92277,-26.23494],[27.92273,-26.23495],[27.92268,-26.23494],[27.92264,-26.23493],[27.9226,-26.23491],[27.92257,-26.23488],[27.92254,-26.23485]]}},{"type":"Feature","properties":{"id":"relation/4511835","name":"BRT T3: Thokoza Park => Parktown & Library Gardens East","network":"Rea Vaya"},"geometry":{"type":"LineString","coordinates":[[27.92254,-26.23485],[27.92253,-26.23479],[27.92253,-26.23473],[27.92255,-26.23468],[27.92258,-26.23464],[27.92263,-26.23462],[27.92269,-26.2346],[27.92272,-26.2346]]}},{"type":"Feature","properties":{"id":"relation/4511835","name":"BRT T3: Thokoza Park => Parktown & Library Gardens East","network":"Rea Vaya"},"geometry":{"type":"LineString","coordinates":[[27.92272,-26.2346],[27.92277,-26.2346],[27.92282,-26.23462],[27.92285,-26.23465],[27.92288,-26.23467],[27.9229,-26.23472],[27.92291,-26.23478]]}},{"type":"Feature","properties":{"id":"relation/4511835","name":"BRT T3: Thokoza Park => Parktown & Library Gardens East","network":"Rea Vaya"},"geometry":{"type":"LineString","coordinates":[[27.92535,-26.23154],[27.92536,-26.23158],[27.92537,-26.23162],[27.92534,-26.2317],[27.92528,-26.23177],[27.92526,-26.23178],[27.92523,-26.23179],[27.9252,-26.2318],[27.92517,-26.23181]]}},{"type":"Feature","properties":{"id":"relation/4511835","name":"BRT T3: Thokoza Park => Parktown & Library Gardens East","network":"Rea Vaya"},"geometry":{"type":"LineString","coordinates":[[27.92517,-26.23181],[27.92511,-26.2318],[27.92505,-26.23179],[27.92502,-26.23177],[27.925,-26.23175],[27.92496,-26.23171],[27.92494,-26.23167],[27.92493,-26.23163]]}},{"type":"Feature","properties":{"id":"relation/4511835","name":"BRT T3: Thokoza Park => Parktown & Library Gardens East","network":"Rea Vaya"},"geometry":{"type":"LineString","coordinates":[[27.92493,-26.23163],[27.92494,-26.23157],[27.92495,-26.23154],[27.92497,-26.2315],[27.925,-26.23147],[27.92505,-26.23144],[27.92511,-26.23142]]}},{"type":"Feature","properties":{"id":"relation/4511835","name":"BRT T3: Thokoza Park => Parktown & Library Gardens East","network":"Rea Vaya"},"geometry":{"type":"LineString","coordinates":[[27.92511,-26.23142],[27.92516,-26.23142],[27.92521,-26.23142],[27.92524,-26.23143],[27.92527,-26.23145],[27.92529,-26.23146],[27.92533,-26.2315],[27.92535,-26.23154]]}},{"type":"Feature","properties":{"id":"relation/4511835","name":"BRT T3: Thokoza Park => Parktown & Library Gardens East","network":"Rea Vaya"},"geometry":{"type":"LineString","coordinates":[[27.92681,-26.22922],[27.92682,-26.22918],[27.92683,-26.22915],[27.92685,-26.22912],[27.9269,-26.22908],[27.92695,-26.22906],[27.927,-26.22905]]}},{"type":"Feature","properties":{"id":"relation/4511835","name":"BRT T3: Thokoza Park => Parktown & Library Gardens East","network":"Rea Vaya"},"geometry":{"type":"LineString","coordinates":[[27.927,-26.22905],[27.92705,-26.22905],[27.92709,-26.22906],[27.92712,-26.22908],[27.92715,-26.2291],[27.92718,-26.22913],[27.9272,-26.22916],[27.9272,-26.22918]]}},{"type":"Feature","properties":{"id":"relation/4511835","name":"BRT T3: Thokoza Park => Parktown & Library Gardens East","network":"Rea Vaya"},"geometry":{"type":"LineString","coordinates":[[27.9272,-26.22918],[27.92721,-26.22926],[27.92719,-26.22931],[27.92716,-26.22935],[27.92712,-26.22938],[27.92708,-26.2294],[27.92704,-26.22941],[27.927,-26.22941],[27.92696,-26.2294]]}},{"type":"Feature","properties":{"id":"relation/4511835","name":"BRT T3: Thokoza Park => Parktown & Library Gardens East","network":"Rea Vaya"},"geometry":{"type":"LineString","coordinates":[[27.92696,-26.2294],[27.92692,-26.22939],[27.92688,-26.22937],[27.92685,-26.22934],[27.92683,-26.2293],[27.92681,-26.22926],[27.92681,-26.22922]]}},{"type":"Feature","properties":{"id":"relation/4513582","name":"Bus C2: Dobsonville => Maponya Mall","network":"Rea Vaya"},"geometry":{"type":"LineString","coordinates":[[27.87305,-26.22637],[27.87302,-26.22649],[27.87294,-26.22676],[27.8729,-26.22689],[27.87286,-26.22704],[27.87283,-26.2272],[27.87279,-26.22737],[27.87277,-26.22752],[27.87275,-26.22766],[27.87275,-26.22776],[27.87275,-26.22789],[27.87275,-26.22799],[27.87277,-26.22812],[27.87278,-26.22824],[27.87279,-26.22832],[27.87281,-26.22842],[27.87286,-26.22857],[27.87291,-26.22871]]}},{"type":"Feature","properties":{"id":"relation/4513582","name":"Bus C2: Dobsonville => Maponya Mall","network":"Rea Vaya"},"geometry":{"type":"LineString","coordinates":[[27.87437,-26.23175],[27.87433,-26.23181],[27.87424,-26.23193],[27.87412,-26.23207],[27.87397,-26.23221],[27.8738,-26.23236],[27.8737,-26.23243],[27.87352,-26.23255],[27.87334,-26.23264],[27.87312,-26.23275],[27.87291,-26.23285],[27.87242,-26.23306],[27.87196,-26.23325],[27.87111,-26.23363],[27.87074,-26.23378],[27.87071,-26.2338],[27.87063,-26.23384],[27.87046,-26.23391],[27.8701,-26.23407],[27.86978,-26.2342],[27.86963,-26.23426],[27.8693,-26.23437],[27.86907,-26.23446],[27.86877,-26.23455],[27.86865,-26.23459],[27.86853,-26.23462],[27.86845,-26.23463],[27.86831,-26.23466],[27.86819,-26.23468],[27.86811,-26.23469],[27.86803,-26.23471],[27.86751,-26.23474],[27.86699,-26.23476],[27.86604,-26.23487],[27.86569,-26.23491]]}},{"type":"Feature","properties":{"id":"relation/4513582","name":"Bus C2: Dobsonville => Maponya Mall","network":"Rea Vaya"},"geometry":{"type":"LineString","coordinates":[[27.87446,-26.23161],[27.87441,-26.23169],[27.87437,-26.23175]]}},{"type":"Feature","properties":{"id":"relation/4513582","name":"Bus C2: Dobsonville => Maponya Mall","network":"Rea Vaya"},"geometry":{"type":"LineString","coordinates":[[27.86569,-26.23491],[27.86526,-26.23498]]}},{"type":"Feature","properties":{"id":"relation/4513582","name":"Bus C2: Dobsonville => Maponya Mall","network":"Rea Vaya"},"geometry":{"type":"LineString","coordinates":[[27.86526,-26.23498],[27.86493,-26.23505]]}},{"type":"Feature","properties":{"id":"relation/4513582","name":"Bus C2: Dobsonville => Maponya Mall","network":"Rea Vaya"},"geometry":{"type":"LineString","coordinates":[[27.86493,-26.23505],[27.86456,-26.23512],[27.86438,-26.23516],[27.86415,-26.23524],[27.86374,-26.23539],[27.86328,-26.23558],[27.86312,-26.23566],[27.8629,-26.23577],[27.86254,-26.23595],[27.86242,-26.23601],[27.86224,-26.23611]]}},{"type":"Feature","properties":{"id":"relation/4513582","name":"Bus C2: Dobsonville => Maponya Mall","network":"Rea Vaya"},"geometry":{"type":"LineString","coordinates":[[27.86224,-26.23611],[27.86203,-26.23625]]}},{"type":"Feature","properties":{"id":"relation/4513582","name":"Bus C2: Dobsonville => Maponya Mall","network":"Rea Vaya"},"geometry":{"type":"LineString","coordinates":[[27.86203,-26.23625],[27.86182,-26.23638],[27.86178,-26.2364]]}},{"type":"Feature","properties":{"id":"relation/4513582","name":"Bus C2: Dobsonville => Maponya Mall","network":"Rea Vaya"},"geometry":{"type":"LineString","coordinates":[[27.86178,-26.2364],[27.86172,-26.23645],[27.86168,-26.23647],[27.86149,-26.2366],[27.86115,-26.23683],[27.8608,-26.23709],[27.86055,-26.23726],[27.86034,-26.23741],[27.86025,-26.23748],[27.86015,-26.23757],[27.86003,-26.23769],[27.85986,-26.23785],[27.85955,-26.23816]]}},{"type":"Feature","properties":{"id":"relation/4513582","name":"Bus C2: Dobsonville => Maponya Mall","network":"Rea Vaya"},"geometry":{"type":"LineString","coordinates":[[27.85955,-26.23816],[27.85925,-26.23844]]}},{"type":"Feature","properties":{"id":"relation/4513582","name":"Bus C2: Dobsonville => Maponya Mall","network":"Rea Vaya"},"geometry":{"type":"LineString","coordinates":[[27.85925,-26.23844],[27.85894,-26.23882],[27.85892,-26.23885]]}},{"type":"Feature","properties":{"id":"relation/4513582","name":"Bus C2: Dobsonville => Maponya Mall","network":"Rea Vaya"},"geometry":{"type":"LineString","coordinates":[[27.85892,-26.23885],[27.85887,-26.23891],[27.85886,-26.23893],[27.85877,-26.23904]]}},{"type":"Feature","properties":{"id":"relation/4513582","name":"Bus C2: Dobsonville => Maponya Mall","network":"Rea Vaya"},"geometry":{"type":"LineString","coordinates":[[27.85877,-26.23904],[27.8586,-26.23929]]}},{"type":"Feature","properties":{"id":"relation/4513582","name":"Bus C2: Dobsonville => Maponya Mall","network":"Rea Vaya"},"geometry":{"type":"LineString","coordinates":[[27.8586,-26.23929],[27.8584,-26.23957],[27.85837,-26.23962],[27.85809,-26.24001],[27.85792,-26.24027],[27.8576,-26.24075],[27.85756,-26.24083],[27.85714,-26.24154],[27.85678,-26.24218],[27.85664,-26.24242],[27.85593,-26.24372],[27.85589,-26.24379],[27.85584,-26.24388],[27.85581,-26.24393],[27.85565,-26.24425],[27.85562,-26.24431],[27.85558,-26.24437],[27.85551,-26.24449],[27.85542,-26.24469],[27.85535,-26.24483],[27.85514,-26.24521],[27.85505,-26.24536],[27.855,-26.24545],[27.85495,-26.24554],[27.85491,-26.24562],[27.85486,-26.24573],[27.85482,-26.24583],[27.85479,-26.2459],[27.85474,-26.24601],[27.85461,-26.24633],[27.85455,-26.24649],[27.85435,-26.24696],[27.85429,-26.24711],[27.85426,-26.24719],[27.85424,-26.24727],[27.85423,-26.24735],[27.8542,-26.24754],[27.85412,-26.24796],[27.85408,-26.24818],[27.85407,-26.24833],[27.85406,-26.24845]]}},{"type":"Feature","properties":{"id":"relation/4513582","name":"Bus C2: Dobsonville => Maponya Mall","network":"Rea Vaya"},"geometry":{"type":"LineString","coordinates":[[27.85406,-26.24845],[27.85405,-26.24854],[27.85406,-26.2486],[27.85406,-26.24866]]}},{"type":"Feature","properties":{"id":"relation/4513582","name":"Bus C2: Dobsonville => Maponya Mall","network":"Rea Vaya"},"geometry":{"type":"LineString","coordinates":[[27.85406,-26.24866],[27.85406,-26.24894],[27.85405,-26.24896],[27.85402,-26.24995],[27.85402,-26.25018],[27.85403,-26.25035],[27.85405,-26.25056],[27.85408,-26.25074],[27.85411,-26.25101],[27.85414,-26.25115],[27.85418,-26.25151],[27.85423,-26.25184],[27.85424,-26.25191],[27.85425,-26.25199],[27.85427,-26.25212],[27.85434,-26.25257]]}},{"type":"Feature","properties":{"id":"relation/4513582","name":"Bus C2: Dobsonville => Maponya Mall","network":"Rea Vaya"},"geometry":{"type":"LineString","coordinates":[[27.85434,-26.25257],[27.85438,-26.25289]]}},{"type":"Feature","properties":{"id":"relation/4513582","name":"Bus C2: Dobsonville => Maponya Mall","network":"Rea Vaya"},"geometry":{"type":"LineString","coordinates":[[27.85438,-26.25289],[27.85443,-26.25322],[27.85445,-26.25328],[27.8545,-26.25353],[27.85465,-26.25425]]}},{"type":"Feature","properties":{"id":"relation/4513582","name":"Bus C2: Dobsonville => Maponya Mall","network":"Rea Vaya"},"geometry":{"type":"LineString","coordinates":[[27.85465,-26.25425],[27.85471,-26.25454]]}},{"type":"Feature","properties":{"id":"relation/4513582","name":"Bus C2: Dobsonville => Maponya Mall","network":"Rea Vaya"},"geometry":{"type":"LineString","coordinates":[[27.85471,-26.25454],[27.85474,-26.25467],[27.85477,-26.25481],[27.85478,-26.25485],[27.85486,-26.25522],[27.85489,-26.25537],[27.85493,-26.2555],[27.85495,-26.25558],[27.85506,-26.25592],[27.85518,-26.2563],[27.85537,-26.25687],[27.85555,-26.25742]]}},{"type":"Feature","properties":{"id":"relation/4513582","name":"Bus C2: Dobsonville => Maponya Mall","network":"Rea Vaya"},"geometry":{"type":"LineString","coordinates":[[27.85555,-26.25742],[27.8556,-26.25758],[27.85564,-26.25772],[27.85566,-26.25783],[27.85573,-26.25817],[27.85576,-26.25833],[27.85578,-26.2584],[27.85581,-26.25847]]}},{"type":"Feature","properties":{"id":"relation/4513582","name":"Bus C2: Dobsonville => Maponya Mall","network":"Rea Vaya"},"geometry":{"type":"LineString","coordinates":[[27.85581,-26.25847],[27.85591,-26.2588]]}},{"type":"Feature","properties":{"id":"relation/4513582","name":"Bus C2: Dobsonville => Maponya Mall","network":"Rea Vaya"},"geometry":{"type":"LineString","coordinates":[[27.85591,-26.2588],[27.85592,-26.25882],[27.85598,-26.25902],[27.85603,-26.25917],[27.85614,-26.2595],[27.85628,-26.25993],[27.8563,-26.25998]]}},{"type":"Feature","properties":{"id":"relation/4513582","name":"Bus C2: Dobsonville => Maponya Mall","network":"Rea Vaya"},"geometry":{"type":"LineString","coordinates":[[27.8563,-26.25998],[27.85632,-26.26003]]}},{"type":"Feature","properties":{"id":"relation/4513582","name":"Bus C2: Dobsonville => Maponya Mall","network":"Rea Vaya"},"geometry":{"type":"LineString","coordinates":[[27.85632,-26.26003],[27.85633,-26.26007],[27.85641,-26.2603],[27.85644,-26.26039],[27.85665,-26.26106],[27.85682,-26.2616],[27.8569,-26.26183],[27.85701,-26.26213],[27.85706,-26.26228],[27.85721,-26.26276],[27.85731,-26.26306],[27.85736,-26.26322],[27.85753,-26.26371],[27.85758,-26.26389],[27.85768,-26.2642],[27.85785,-26.26471],[27.85793,-26.26493],[27.85795,-26.26499]]}},{"type":"Feature","properties":{"id":"relation/4513582","name":"Bus C2: Dobsonville => Maponya Mall","network":"Rea Vaya"},"geometry":{"type":"LineString","coordinates":[[27.85795,-26.26499],[27.85796,-26.26504]]}},{"type":"Feature","properties":{"id":"relation/4513582","name":"Bus C2: Dobsonville => Maponya Mall","network":"Rea Vaya"},"geometry":{"type":"LineString","coordinates":[[27.85796,-26.26504],[27.85808,-26.26541],[27.85828,-26.26604],[27.85834,-26.26617],[27.85843,-26.26633],[27.85849,-26.26643],[27.85862,-26.26661],[27.85876,-26.26678],[27.85896,-26.26696],[27.85906,-26.26705],[27.85913,-26.26709],[27.85929,-26.2672],[27.8595,-26.26731],[27.85969,-26.26741],[27.85983,-26.26746],[27.85993,-26.26749],[27.86013,-26.26754],[27.86023,-26.26756],[27.86038,-26.26758]]}},{"type":"Feature","properties":{"id":"relation/4513582","name":"Bus C2: Dobsonville => Maponya Mall","network":"Rea Vaya"},"geometry":{"type":"LineString","coordinates":[[27.86038,-26.26758],[27.86039,-26.26759],[27.86047,-26.26759],[27.86057,-26.2676]]}},{"type":"Feature","properties":{"id":"relation/4513582","name":"Bus C2: Dobsonville => Maponya Mall","network":"Rea Vaya"},"geometry":{"type":"LineString","coordinates":[[27.86057,-26.2676],[27.86162,-26.26767],[27.86244,-26.26774]]}},{"type":"Feature","properties":{"id":"relation/4513582","name":"Bus C2: Dobsonville => Maponya Mall","network":"Rea Vaya"},"geometry":{"type":"LineString","coordinates":[[27.86244,-26.26774],[27.86308,-26.26777],[27.8638,-26.26783]]}},{"type":"Feature","properties":{"id":"relation/4513582","name":"Bus C2: Dobsonville => Maponya Mall","network":"Rea Vaya"},"geometry":{"type":"LineString","coordinates":[[27.8638,-26.26783],[27.86445,-26.26788]]}},{"type":"Feature","properties":{"id":"relation/4513582","name":"Bus C2: Dobsonville => Maponya Mall","network":"Rea Vaya"},"geometry":{"type":"LineString","coordinates":[[27.86445,-26.26788],[27.86474,-26.2679],[27.86497,-26.26792],[27.86548,-26.26795],[27.86572,-26.26797],[27.86603,-26.268],[27.86636,-26.26803],[27.86654,-26.26804],[27.86722,-26.2681],[27.86779,-26.26814],[27.86954,-26.26829],[27.86983,-26.26831],[27.87169,-26.26845],[27.87221,-26.26849],[27.87233,-26.2685],[27.87275,-26.26853],[27.87427,-26.26865],[27.87469,-26.26868],[27.87528,-26.26873],[27.87539,-26.26874],[27.87569,-26.26878]]}},{"type":"Feature","properties":{"id":"relation/4513582","name":"Bus C2: Dobsonville => Maponya Mall","network":"Rea Vaya"},"geometry":{"type":"LineString","coordinates":[[27.87561,-26.269],[27.8756,-26.26894],[27.87561,-26.26888],[27.87564,-26.26882],[27.87569,-26.26878]]}},{"type":"Feature","properties":{"id":"relation/4513582","name":"Bus C2: Dobsonville => Maponya Mall","network":"Rea Vaya"},"geometry":{"type":"LineString","coordinates":[[27.87567,-26.26907],[27.87564,-26.26904],[27.87561,-26.269]]}},{"type":"Feature","properties":{"id":"relation/4513582","name":"Bus C2: Dobsonville => Maponya Mall","network":"Rea Vaya"},"geometry":{"type":"LineString","coordinates":[[27.87592,-26.2691],[27.87586,-26.26912],[27.87579,-26.26912],[27.87572,-26.26911],[27.87567,-26.26907]]}},{"type":"Feature","properties":{"id":"relation/4513582","name":"Bus C2: Dobsonville => Maponya Mall","network":"Rea Vaya"},"geometry":{"type":"LineString","coordinates":[[27.876,-26.26885],[27.87601,-26.26888],[27.87602,-26.26893],[27.87602,-26.26898],[27.876,-26.26902],[27.87596,-26.26906],[27.87592,-26.2691]]}},{"type":"Feature","properties":{"id":"relation/4513582","name":"Bus C2: Dobsonville => Maponya Mall","network":"Rea Vaya"},"geometry":{"type":"LineString","coordinates":[[27.87596,-26.2688],[27.876,-26.26885]]}},{"type":"Feature","properties":{"id":"relation/4513582","name":"Bus C2: Dobsonville => Maponya Mall","network":"Rea Vaya"},"geometry":{"type":"LineString","coordinates":[[27.87569,-26.26878],[27.87575,-26.26875],[27.87583,-26.26875],[27.8759,-26.26876],[27.87596,-26.2688]]}},{"type":"Feature","properties":{"id":"relation/4513582","name":"Bus C2: Dobsonville => Maponya Mall","network":"Rea Vaya"},"geometry":{"type":"LineString","coordinates":[[27.8759,-26.26876],[27.87608,-26.26856],[27.87737,-26.26657],[27.87777,-26.26608],[27.87821,-26.26564],[27.87861,-26.26526],[27.87863,-26.26524],[27.8788,-26.2651]]}},{"type":"Feature","properties":{"id":"relation/4513582","name":"Bus C2: Dobsonville => Maponya Mall","network":"Rea Vaya"},"geometry":{"type":"LineString","coordinates":[[27.87896,-26.26524],[27.87893,-26.26523],[27.87889,-26.26522],[27.87887,-26.26521],[27.87884,-26.26518],[27.87883,-26.26516],[27.87881,-26.26514],[27.8788,-26.2651],[27.87881,-26.26506],[27.87881,-26.26502],[27.87882,-26.26499]]}},{"type":"Feature","properties":{"id":"relation/4513582","name":"Bus C2: Dobsonville => Maponya Mall","network":"Rea Vaya"},"geometry":{"type":"LineString","coordinates":[[27.87882,-26.26499],[27.87883,-26.26497],[27.87885,-26.26495],[27.87887,-26.26493],[27.8789,-26.26491],[27.87893,-26.2649],[27.87896,-26.26489],[27.87899,-26.26488],[27.87902,-26.26488],[27.87904,-26.26488],[27.87906,-26.26487]]}},{"type":"Feature","properties":{"id":"relation/4513582","name":"Bus C2: Dobsonville => Maponya Mall","network":"Rea Vaya"},"geometry":{"type":"LineString","coordinates":[[27.87906,-26.26487],[27.87912,-26.26485],[27.87917,-26.26482],[27.87924,-26.26476],[27.87932,-26.2647],[27.87945,-26.26457],[27.87963,-26.26445],[27.87987,-26.26433],[27.88006,-26.26424],[27.88068,-26.26398]]}},{"type":"Feature","properties":{"id":"relation/4513582","name":"Bus C2: Dobsonville => Maponya Mall","network":"Rea Vaya"},"geometry":{"type":"LineString","coordinates":[[27.88068,-26.26398],[27.88089,-26.26389],[27.88107,-26.26381]]}},{"type":"Feature","properties":{"id":"relation/4513582","name":"Bus C2: Dobsonville => Maponya Mall","network":"Rea Vaya"},"geometry":{"type":"LineString","coordinates":[[27.88107,-26.26381],[27.88142,-26.26366],[27.88158,-26.26361],[27.88181,-26.26355],[27.88234,-26.26342],[27.88243,-26.2634],[27.88282,-26.26333],[27.88351,-26.26324],[27.88395,-26.26319],[27.88423,-26.26316],[27.88432,-26.26315],[27.88441,-26.26314],[27.88447,-26.26313],[27.88452,-26.26312],[27.88456,-26.2631],[27.88462,-26.26308]]}},{"type":"Feature","properties":{"id":"relation/4513582","name":"Bus C2: Dobsonville => Maponya Mall","network":"Rea Vaya"},"geometry":{"type":"LineString","coordinates":[[27.88498,-26.26294],[27.88502,-26.26295],[27.88508,-26.26299],[27.8851,-26.26303],[27.88513,-26.26309],[27.88513,-26.26311],[27.88513,-26.26315],[27.88512,-26.26319],[27.88507,-26.26327],[27.88505,-26.26329],[27.88502,-26.26332],[27.88497,-26.26334]]}},{"type":"Feature","properties":{"id":"relation/4513582","name":"Bus C2: Dobsonville => Maponya Mall","network":"Rea Vaya"},"geometry":{"type":"LineString","coordinates":[[27.88497,-26.26334],[27.88491,-26.26336],[27.88486,-26.26337],[27.88482,-26.26337],[27.88479,-26.26336],[27.88474,-26.26334],[27.88472,-26.26333]]}},{"type":"Feature","properties":{"id":"relation/4513582","name":"Bus C2: Dobsonville => Maponya Mall","network":"Rea Vaya"},"geometry":{"type":"LineString","coordinates":[[27.88472,-26.26333],[27.88465,-26.26326],[27.88462,-26.26322],[27.88461,-26.26317],[27.88461,-26.26312],[27.88462,-26.26308],[27.88465,-26.26305],[27.88471,-26.26299],[27.88475,-26.26294]]}},{"type":"Feature","properties":{"id":"relation/4513582","name":"Bus C2: Dobsonville => Maponya Mall","network":"Rea Vaya"},"geometry":{"type":"LineString","coordinates":[[27.88475,-26.26294],[27.88481,-26.26292],[27.88484,-26.26292],[27.88487,-26.26291],[27.88489,-26.26292],[27.88493,-26.26292],[27.88498,-26.26294]]}},{"type":"Feature","properties":{"id":"relation/4513582","name":"Bus C2: Dobsonville => Maponya Mall","network":"Rea Vaya"},"geometry":{"type":"LineString","coordinates":[[27.88508,-26.26299],[27.88516,-26.26302],[27.88523,-26.26303],[27.88534,-26.26303],[27.8854,-26.26302],[27.88548,-26.263],[27.88554,-26.26299],[27.88573,-26.26295],[27.88619,-26.26289],[27.88718,-26.26278],[27.88759,-26.26273],[27.88847,-26.26261]]}},{"type":"Feature","properties":{"id":"relation/4513582","name":"Bus C2: Dobsonville => Maponya Mall","network":"Rea Vaya"},"geometry":{"type":"LineString","coordinates":[[27.88847,-26.26261],[27.88938,-26.26246]]}},{"type":"Feature","properties":{"id":"relation/4513582","name":"Bus C2: Dobsonville => Maponya Mall","network":"Rea Vaya"},"geometry":{"type":"LineString","coordinates":[[27.88938,-26.26246],[27.88969,-26.2624]]}},{"type":"Feature","properties":{"id":"relation/4513582","name":"Bus C2: Dobsonville => Maponya Mall","network":"Rea Vaya"},"geometry":{"type":"LineString","coordinates":[[27.88969,-26.2624],[27.88989,-26.26238]]}},{"type":"Feature","properties":{"id":"relation/4513582","name":"Bus C2: Dobsonville => Maponya Mall","network":"Rea Vaya"},"geometry":{"type":"LineString","coordinates":[[27.88989,-26.26238],[27.89002,-26.26236]]}},{"type":"Feature","properties":{"id":"relation/4513582","name":"Bus C2: Dobsonville => Maponya Mall","network":"Rea Vaya"},"geometry":{"type":"LineString","coordinates":[[27.89002,-26.26236],[27.89006,-26.26236],[27.89019,-26.26234],[27.89024,-26.26233]]}},{"type":"Feature","properties":{"id":"relation/4513582","name":"Bus C2: Dobsonville => Maponya Mall","network":"Rea Vaya"},"geometry":{"type":"LineString","coordinates":[[27.89024,-26.26233],[27.89036,-26.26231]]}},{"type":"Feature","properties":{"id":"relation/4513582","name":"Bus C2: Dobsonville => Maponya Mall","network":"Rea Vaya"},"geometry":{"type":"LineString","coordinates":[[27.89036,-26.26231],[27.89088,-26.26223],[27.89227,-26.26202],[27.89255,-26.26197],[27.89387,-26.26174],[27.8944,-26.26168],[27.89631,-26.26144],[27.89683,-26.26137]]}},{"type":"Feature","properties":{"id":"relation/4513582","name":"Bus C2: Dobsonville => Maponya Mall","network":"Rea Vaya"},"geometry":{"type":"LineString","coordinates":[[27.89683,-26.26137],[27.89748,-26.26127]]}},{"type":"Feature","properties":{"id":"relation/4513582","name":"Bus C2: Dobsonville => Maponya Mall","network":"Rea Vaya"},"geometry":{"type":"LineString","coordinates":[[27.89748,-26.26127],[27.89798,-26.26121],[27.89844,-26.26113],[27.89882,-26.26107],[27.89931,-26.261],[27.89969,-26.26091],[27.89994,-26.26088],[27.90075,-26.26078],[27.90166,-26.26067],[27.90238,-26.26058],[27.90277,-26.26053],[27.90337,-26.26047],[27.90375,-26.26042],[27.90385,-26.2604],[27.90413,-26.26037],[27.90477,-26.26029],[27.90565,-26.26018],[27.90617,-26.26011],[27.90701,-26.26001],[27.90802,-26.25989],[27.90814,-26.25987],[27.90821,-26.25986],[27.90907,-26.25976],[27.91006,-26.25963],[27.91086,-26.25953],[27.91118,-26.25949],[27.91127,-26.25948]]}},{"type":"Feature","properties":{"id":"relation/4513582","name":"Bus C2: Dobsonville => Maponya Mall","network":"Rea Vaya"},"geometry":{"type":"LineString","coordinates":[[27.85575,-26.25849],[27.85563,-26.25813],[27.85562,-26.25806],[27.85557,-26.25786],[27.85551,-26.25766],[27.85544,-26.25745]]}},{"type":"Feature","properties":{"id":"relation/4513582","name":"Bus C2: Dobsonville => Maponya Mall","network":"Rea Vaya"},"geometry":{"type":"LineString","coordinates":[[27.85544,-26.25745],[27.85539,-26.25728],[27.85526,-26.25691],[27.85499,-26.25607],[27.85489,-26.25575],[27.85478,-26.2554],[27.85473,-26.25519],[27.85466,-26.25488],[27.85465,-26.25483],[27.85463,-26.2547],[27.8546,-26.25456],[27.85437,-26.25348]]}},{"type":"Feature","properties":{"id":"relation/4513582","name":"Bus C2: Dobsonville => Maponya Mall","network":"Rea Vaya"},"geometry":{"type":"LineString","coordinates":[[27.85437,-26.25348],[27.85433,-26.25327]]}},{"type":"Feature","properties":{"id":"relation/4513582","name":"Bus C2: Dobsonville => Maponya Mall","network":"Rea Vaya"},"geometry":{"type":"LineString","coordinates":[[27.85433,-26.25327],[27.85427,-26.25292]]}},{"type":"Feature","properties":{"id":"relation/4513582","name":"Bus C2: Dobsonville => Maponya Mall","network":"Rea Vaya"},"geometry":{"type":"LineString","coordinates":[[27.85427,-26.25292],[27.85423,-26.25265],[27.85416,-26.25214],[27.85414,-26.252],[27.85407,-26.25153],[27.85397,-26.25077],[27.85394,-26.25061],[27.85393,-26.25047],[27.85392,-26.25036],[27.85391,-26.25024],[27.85391,-26.2501],[27.85393,-26.24909],[27.85393,-26.24899],[27.85393,-26.24866]]}},{"type":"Feature","properties":{"id":"relation/4513582","name":"Bus C2: Dobsonville => Maponya Mall","network":"Rea Vaya"},"geometry":{"type":"LineString","coordinates":[[27.85393,-26.24866],[27.85393,-26.24856],[27.85393,-26.24851],[27.85394,-26.24845]]}},{"type":"Feature","properties":{"id":"relation/4513582","name":"Bus C2: Dobsonville => Maponya Mall","network":"Rea Vaya"},"geometry":{"type":"LineString","coordinates":[[27.85394,-26.24845],[27.85396,-26.24838],[27.85399,-26.24815],[27.854,-26.24808],[27.85412,-26.24736],[27.85415,-26.24721],[27.85418,-26.2471],[27.85425,-26.24692],[27.85431,-26.24678]]}},{"type":"Feature","properties":{"id":"relation/4513582","name":"Bus C2: Dobsonville => Maponya Mall","network":"Rea Vaya"},"geometry":{"type":"LineString","coordinates":[[27.85431,-26.24678],[27.85446,-26.24643],[27.85452,-26.2463]]}},{"type":"Feature","properties":{"id":"relation/4513582","name":"Bus C2: Dobsonville => Maponya Mall","network":"Rea Vaya"},"geometry":{"type":"LineString","coordinates":[[27.85452,-26.2463],[27.85469,-26.24587],[27.8548,-26.24562],[27.85487,-26.24548],[27.85497,-26.24529]]}},{"type":"Feature","properties":{"id":"relation/4513582","name":"Bus C2: Dobsonville => Maponya Mall","network":"Rea Vaya"},"geometry":{"type":"LineString","coordinates":[[27.85497,-26.24529],[27.85522,-26.24483]]}},{"type":"Feature","properties":{"id":"relation/4513582","name":"Bus C2: Dobsonville => Maponya Mall","network":"Rea Vaya"},"geometry":{"type":"LineString","coordinates":[[27.85522,-26.24483],[27.85532,-26.24466],[27.8555,-26.24434],[27.85554,-26.24427]]}},{"type":"Feature","properties":{"id":"relation/4513582","name":"Bus C2: Dobsonville => Maponya Mall","network":"Rea Vaya"},"geometry":{"type":"LineString","coordinates":[[27.85554,-26.24427],[27.85556,-26.24422],[27.85561,-26.24414]]}},{"type":"Feature","properties":{"id":"relation/4513582","name":"Bus C2: Dobsonville => Maponya Mall","network":"Rea Vaya"},"geometry":{"type":"LineString","coordinates":[[27.85561,-26.24414],[27.85577,-26.24384],[27.85581,-26.24376]]}},{"type":"Feature","properties":{"id":"relation/4513582","name":"Bus C2: Dobsonville => Maponya Mall","network":"Rea Vaya"},"geometry":{"type":"LineString","coordinates":[[27.85581,-26.24376],[27.85585,-26.24368],[27.85627,-26.24294],[27.85672,-26.24215],[27.85717,-26.24128]]}},{"type":"Feature","properties":{"id":"relation/4513582","name":"Bus C2: Dobsonville => Maponya Mall","network":"Rea Vaya"},"geometry":{"type":"LineString","coordinates":[[27.85717,-26.24128],[27.85729,-26.24107]]}},{"type":"Feature","properties":{"id":"relation/4513582","name":"Bus C2: Dobsonville => Maponya Mall","network":"Rea Vaya"},"geometry":{"type":"LineString","coordinates":[[27.85729,-26.24107],[27.85751,-26.24071]]}},{"type":"Feature","properties":{"id":"relation/4513582","name":"Bus C2: Dobsonville => Maponya Mall","network":"Rea Vaya"},"geometry":{"type":"LineString","coordinates":[[27.85751,-26.24071],[27.85778,-26.24028]]}},{"type":"Feature","properties":{"id":"relation/4513582","name":"Bus C2: Dobsonville => Maponya Mall","network":"Rea Vaya"},"geometry":{"type":"LineString","coordinates":[[27.85778,-26.24028],[27.85792,-26.24008],[27.858,-26.23995]]}},{"type":"Feature","properties":{"id":"relation/4513582","name":"Bus C2: Dobsonville => Maponya Mall","network":"Rea Vaya"},"geometry":{"type":"LineString","coordinates":[[27.858,-26.23995],[27.85822,-26.23967],[27.85832,-26.23952],[27.85852,-26.23924],[27.85869,-26.23897]]}},{"type":"Feature","properties":{"id":"relation/4513582","name":"Bus C2: Dobsonville => Maponya Mall","network":"Rea Vaya"},"geometry":{"type":"LineString","coordinates":[[27.85869,-26.23897],[27.85877,-26.23886],[27.85883,-26.23879]]}},{"type":"Feature","properties":{"id":"relation/4513582","name":"Bus C2: Dobsonville => Maponya Mall","network":"Rea Vaya"},"geometry":{"type":"LineString","coordinates":[[27.85883,-26.23879],[27.85885,-26.23876],[27.85888,-26.23872],[27.85901,-26.23857],[27.85909,-26.23849],[27.8592,-26.23838],[27.85941,-26.23816],[27.85964,-26.23794],[27.85992,-26.23766],[27.8601,-26.23748],[27.86018,-26.23742],[27.86028,-26.23735],[27.86039,-26.23727],[27.86078,-26.23699],[27.86111,-26.23676]]}},{"type":"Feature","properties":{"id":"relation/4513582","name":"Bus C2: Dobsonville => Maponya Mall","network":"Rea Vaya"},"geometry":{"type":"LineString","coordinates":[[27.86111,-26.23676],[27.86134,-26.23659]]}},{"type":"Feature","properties":{"id":"relation/4513582","name":"Bus C2: Dobsonville => Maponya Mall","network":"Rea Vaya"},"geometry":{"type":"LineString","coordinates":[[27.86134,-26.23659],[27.86148,-26.23649],[27.86158,-26.23642],[27.86165,-26.23637],[27.86172,-26.23632]]}},{"type":"Feature","properties":{"id":"relation/4513582","name":"Bus C2: Dobsonville => Maponya Mall","network":"Rea Vaya"},"geometry":{"type":"LineString","coordinates":[[27.86172,-26.23632],[27.86175,-26.2363],[27.86195,-26.23618],[27.8621,-26.23608],[27.86229,-26.23597],[27.8625,-26.23586],[27.86271,-26.23576],[27.86288,-26.23567],[27.86315,-26.23555],[27.86333,-26.23546],[27.86377,-26.23529],[27.86413,-26.23515],[27.86428,-26.2351]]}},{"type":"Feature","properties":{"id":"relation/4513582","name":"Bus C2: Dobsonville => Maponya Mall","network":"Rea Vaya"},"geometry":{"type":"LineString","coordinates":[[27.86428,-26.2351],[27.86442,-26.23506],[27.86455,-26.23503]]}},{"type":"Feature","properties":{"id":"relation/4513582","name":"Bus C2: Dobsonville => Maponya Mall","network":"Rea Vaya"},"geometry":{"type":"LineString","coordinates":[[27.86455,-26.23503],[27.86491,-26.23495]]}},{"type":"Feature","properties":{"id":"relation/4513582","name":"Bus C2: Dobsonville => Maponya Mall","network":"Rea Vaya"},"geometry":{"type":"LineString","coordinates":[[27.86491,-26.23495],[27.86523,-26.23489],[27.86581,-26.23481],[27.86637,-26.23473],[27.8666,-26.23471],[27.86688,-26.23468],[27.86725,-26.23466],[27.86748,-26.23465]]}},{"type":"Feature","properties":{"id":"relation/4513582","name":"Bus C2: Dobsonville => Maponya Mall","network":"Rea Vaya"},"geometry":{"type":"LineString","coordinates":[[27.86748,-26.23465],[27.86777,-26.23463],[27.86803,-26.23461],[27.86823,-26.23458],[27.86843,-26.23454],[27.86871,-26.23445],[27.86894,-26.23437],[27.86929,-26.23424],[27.86981,-26.23403],[27.87014,-26.2339],[27.87046,-26.23375],[27.87063,-26.23368],[27.87103,-26.23351],[27.87235,-26.23293],[27.8731,-26.23262],[27.87332,-26.23253],[27.87346,-26.23246],[27.87354,-26.23241],[27.87363,-26.23235],[27.87373,-26.23227],[27.87386,-26.23216],[27.87393,-26.23209]]}},{"type":"Feature","properties":{"id":"relation/4513582","name":"Bus C2: Dobsonville => Maponya Mall","network":"Rea Vaya"},"geometry":{"type":"LineString","coordinates":[[27.87393,-26.23209],[27.87405,-26.23196],[27.87412,-26.23189],[27.87417,-26.23181]]}},{"type":"Feature","properties":{"id":"relation/4513582","name":"Bus C2: Dobsonville => Maponya Mall","network":"Rea Vaya"},"geometry":{"type":"LineString","coordinates":[[27.87417,-26.23181],[27.87429,-26.23165]]}},{"type":"Feature","properties":{"id":"relation/4513582","name":"Bus C2: Dobsonville => Maponya Mall","network":"Rea Vaya"},"geometry":{"type":"LineString","coordinates":[[27.87429,-26.23165],[27.87434,-26.23159]]}},{"type":"Feature","properties":{"id":"relation/4513582","name":"Bus C2: Dobsonville => Maponya Mall","network":"Rea Vaya"},"geometry":{"type":"LineString","coordinates":[[27.87434,-26.23159],[27.87439,-26.23151],[27.87445,-26.23144]]}},{"type":"Feature","properties":{"id":"relation/4513582","name":"Bus C2: Dobsonville => Maponya Mall","network":"Rea Vaya"},"geometry":{"type":"LineString","coordinates":[[27.87445,-26.23144],[27.8748,-26.23097],[27.87498,-26.23071],[27.87524,-26.23037]]}},{"type":"Feature","properties":{"id":"relation/4514729","name":"Bus F2: Protea Glen => Thokoza Park","network":"Rea Vaya"},"geometry":{"type":"LineString","coordinates":[[27.81873,-26.27043],[27.81774,-26.26971],[27.81723,-26.26935],[27.81717,-26.26931],[27.81711,-26.26928],[27.81706,-26.26927],[27.81701,-26.26925],[27.8169,-26.26924],[27.81678,-26.26922],[27.81644,-26.26918],[27.8164,-26.26918],[27.81633,-26.26918],[27.81622,-26.26919],[27.81584,-26.26924],[27.81563,-26.26927],[27.81553,-26.26929],[27.81538,-26.26934],[27.81466,-26.26958],[27.81445,-26.26965],[27.81416,-26.26975],[27.81183,-26.27051]]}},{"type":"Feature","properties":{"id":"relation/4514729","name":"Bus F2: Protea Glen => Thokoza Park","network":"Rea Vaya"},"geometry":{"type":"LineString","coordinates":[[27.822,-26.27702],[27.82196,-26.2768],[27.82193,-26.27668],[27.82191,-26.27661],[27.82189,-26.27655],[27.82163,-26.27589],[27.82106,-26.27452],[27.8205,-26.27312],[27.82004,-26.272],[27.81995,-26.27177],[27.81986,-26.27156],[27.81977,-26.27134],[27.81975,-26.27129],[27.81971,-26.2712],[27.81969,-26.27115],[27.81967,-26.27112],[27.81964,-26.27109],[27.8196,-26.27106],[27.81954,-26.27101],[27.81873,-26.27043]]}},{"type":"Feature","properties":{"id":"relation/4514729","name":"Bus F2: Protea Glen => Thokoza Park","network":"Rea Vaya"},"geometry":{"type":"LineString","coordinates":[[27.822,-26.27702],[27.82214,-26.27699],[27.82249,-26.27692],[27.82268,-26.27689],[27.8228,-26.27687],[27.82284,-26.27686],[27.82291,-26.27684],[27.82298,-26.27681],[27.82328,-26.27671],[27.82346,-26.27665],[27.8236,-26.27661]]}},{"type":"Feature","properties":{"id":"relation/4514729","name":"Bus F2: Protea Glen => Thokoza Park","network":"Rea Vaya"},"geometry":{"type":"LineString","coordinates":[[27.8236,-26.27661],[27.82376,-26.27655],[27.82388,-26.27651],[27.82398,-26.27648],[27.82413,-26.27643],[27.82437,-26.27633],[27.82468,-26.2762],[27.82484,-26.27613],[27.82495,-26.27607],[27.82521,-26.27597]]}},{"type":"Feature","properties":{"id":"relation/4514729","name":"Bus F2: Protea Glen => Thokoza Park","network":"Rea Vaya"},"geometry":{"type":"LineString","coordinates":[[27.82521,-26.27597],[27.82554,-26.27579],[27.82573,-26.27565],[27.82587,-26.27556],[27.82683,-26.27489]]}},{"type":"Feature","properties":{"id":"relation/4514729","name":"Bus F2: Protea Glen => Thokoza Park","network":"Rea Vaya"},"geometry":{"type":"LineString","coordinates":[[27.82683,-26.27489],[27.82713,-26.27467],[27.82742,-26.27446],[27.82768,-26.27428],[27.82777,-26.27422],[27.82802,-26.27405],[27.82815,-26.27396],[27.82831,-26.27386],[27.82861,-26.27367],[27.82893,-26.27346],[27.82915,-26.27332],[27.82933,-26.27321],[27.82941,-26.27315],[27.82949,-26.27309],[27.82956,-26.27303],[27.82967,-26.27293],[27.82982,-26.27275],[27.82995,-26.27261],[27.83007,-26.27248],[27.83013,-26.27242],[27.83025,-26.27227],[27.83047,-26.27203],[27.83065,-26.27183],[27.83078,-26.27169],[27.83095,-26.27149],[27.83109,-26.27133],[27.83116,-26.27126]]}},{"type":"Feature","properties":{"id":"relation/4514729","name":"Bus F2: Protea Glen => Thokoza Park","network":"Rea Vaya"},"geometry":{"type":"LineString","coordinates":[[27.83116,-26.27126],[27.83142,-26.27144],[27.83184,-26.27173],[27.83212,-26.27194],[27.83217,-26.27198],[27.83225,-26.27204],[27.83231,-26.27208],[27.83237,-26.27214],[27.83242,-26.27218],[27.83247,-26.27224],[27.83255,-26.27234],[27.83275,-26.2726],[27.83314,-26.2731],[27.83347,-26.27352],[27.83359,-26.27368],[27.83379,-26.27392],[27.83389,-26.27406],[27.83393,-26.27412],[27.83407,-26.27429],[27.83419,-26.27445],[27.83437,-26.27467],[27.83445,-26.27477],[27.83451,-26.27485],[27.83455,-26.27489],[27.83461,-26.27494],[27.83469,-26.275],[27.8349,-26.27514],[27.83503,-26.27523],[27.83522,-26.27536],[27.83554,-26.27557],[27.83589,-26.27581],[27.83616,-26.27598],[27.83634,-26.27611],[27.83678,-26.27639],[27.83705,-26.27657],[27.83763,-26.27695],[27.83818,-26.27731],[27.83828,-26.27738],[27.83849,-26.27752],[27.83862,-26.27761],[27.83883,-26.27775],[27.83893,-26.27781],[27.83923,-26.27801],[27.8394,-26.27812],[27.83962,-26.27827],[27.83979,-26.27837],[27.84033,-26.27872],[27.84091,-26.27908]]}},{"type":"Feature","properties":{"id":"relation/4514729","name":"Bus F2: Protea Glen => Thokoza Park","network":"Rea Vaya"},"geometry":{"type":"LineString","coordinates":[[27.84091,-26.27908],[27.84141,-26.27947],[27.84189,-26.27983],[27.84223,-26.28008],[27.84249,-26.2803],[27.84367,-26.2812],[27.84386,-26.28133],[27.84526,-26.28239],[27.84864,-26.28495],[27.84951,-26.28562]]}},{"type":"Feature","properties":{"id":"relation/4514729","name":"Bus F2: Protea Glen => Thokoza Park","network":"Rea Vaya"},"geometry":{"type":"LineString","coordinates":[[27.84951,-26.28562],[27.84987,-26.28589],[27.85008,-26.28605]]}},{"type":"Feature","properties":{"id":"relation/4514729","name":"Bus F2: Protea Glen => Thokoza Park","network":"Rea Vaya"},"geometry":{"type":"LineString","coordinates":[[27.85008,-26.28605],[27.85034,-26.28628]]}},{"type":"Feature","properties":{"id":"relation/4514729","name":"Bus F2: Protea Glen => Thokoza Park","network":"Rea Vaya"},"geometry":{"type":"LineString","coordinates":[[27.85034,-26.28628],[27.85065,-26.28649]]}},{"type":"Feature","properties":{"id":"relation/4514729","name":"Bus F2: Protea Glen => Thokoza Park","network":"Rea Vaya"},"geometry":{"type":"LineString","coordinates":[[27.85065,-26.28649],[27.85096,-26.28632],[27.85165,-26.28592],[27.85253,-26.2854],[27.85455,-26.28415],[27.85496,-26.2839],[27.85517,-26.28378],[27.85521,-26.28376],[27.85552,-26.28359],[27.8561,-26.28326],[27.85625,-26.28317],[27.85812,-26.282],[27.85815,-26.28199],[27.85844,-26.28181],[27.85869,-26.28165],[27.85892,-26.2815]]}},{"type":"Feature","properties":{"id":"relation/4514729","name":"Bus F2: Protea Glen => Thokoza Park","network":"Rea Vaya"},"geometry":{"type":"LineString","coordinates":[[27.85892,-26.2815],[27.85919,-26.28134]]}},{"type":"Feature","properties":{"id":"relation/4514729","name":"Bus F2: Protea Glen => Thokoza Park","network":"Rea Vaya"},"geometry":{"type":"LineString","coordinates":[[27.85919,-26.28134],[27.85929,-26.28128],[27.85938,-26.28123],[27.86094,-26.2803],[27.8621,-26.27962]]}},{"type":"Feature","properties":{"id":"relation/4514729","name":"Bus F2: Protea Glen => Thokoza Park","network":"Rea Vaya"},"geometry":{"type":"LineString","coordinates":[[27.8621,-26.27962],[27.86259,-26.27934]]}},{"type":"Feature","properties":{"id":"relation/4514729","name":"Bus F2: Protea Glen => Thokoza Park","network":"Rea Vaya"},"geometry":{"type":"LineString","coordinates":[[27.86259,-26.27934],[27.86371,-26.27868]]}},{"type":"Feature","properties":{"id":"relation/4514729","name":"Bus F2: Protea Glen => Thokoza Park","network":"Rea Vaya"},"geometry":{"type":"LineString","coordinates":[[27.86371,-26.27868],[27.86393,-26.27855]]}},{"type":"Feature","properties":{"id":"relation/4514729","name":"Bus F2: Protea Glen => Thokoza Park","network":"Rea Vaya"},"geometry":{"type":"LineString","coordinates":[[27.86393,-26.27855],[27.86405,-26.27849],[27.86412,-26.27845]]}},{"type":"Feature","properties":{"id":"relation/4514729","name":"Bus F2: Protea Glen => Thokoza Park","network":"Rea Vaya"},"geometry":{"type":"LineString","coordinates":[[27.86412,-26.27845],[27.86451,-26.27822]]}},{"type":"Feature","properties":{"id":"relation/4514729","name":"Bus F2: Protea Glen => Thokoza Park","network":"Rea Vaya"},"geometry":{"type":"LineString","coordinates":[[27.86451,-26.27822],[27.86475,-26.27809],[27.86693,-26.27681]]}},{"type":"Feature","properties":{"id":"relation/4514729","name":"Bus F2: Protea Glen => Thokoza Park","network":"Rea Vaya"},"geometry":{"type":"LineString","coordinates":[[27.86693,-26.27681],[27.86745,-26.2765],[27.86754,-26.27645]]}},{"type":"Feature","properties":{"id":"relation/4514729","name":"Bus F2: Protea Glen => Thokoza Park","network":"Rea Vaya"},"geometry":{"type":"LineString","coordinates":[[27.86754,-26.27645],[27.86764,-26.2764],[27.86794,-26.27621],[27.87026,-26.27481]]}},{"type":"Feature","properties":{"id":"relation/4514729","name":"Bus F2: Protea Glen => Thokoza Park","network":"Rea Vaya"},"geometry":{"type":"LineString","coordinates":[[27.87026,-26.27481],[27.87051,-26.27466],[27.87055,-26.27464]]}},{"type":"Feature","properties":{"id":"relation/4514729","name":"Bus F2: Protea Glen => Thokoza Park","network":"Rea Vaya"},"geometry":{"type":"LineString","coordinates":[[27.87055,-26.27464],[27.87058,-26.27462],[27.87061,-26.27461]]}},{"type":"Feature","properties":{"id":"relation/4514729","name":"Bus F2: Protea Glen => Thokoza Park","network":"Rea Vaya"},"geometry":{"type":"LineString","coordinates":[[27.87061,-26.27461],[27.87063,-26.2746],[27.87065,-26.27459],[27.87096,-26.27444],[27.87111,-26.27437],[27.87219,-26.27371],[27.87242,-26.27355]]}},{"type":"Feature","properties":{"id":"relation/4514729","name":"Bus F2: Protea Glen => Thokoza Park","network":"Rea Vaya"},"geometry":{"type":"LineString","coordinates":[[27.87242,-26.27355],[27.87262,-26.27338]]}},{"type":"Feature","properties":{"id":"relation/4514729","name":"Bus F2: Protea Glen => Thokoza Park","network":"Rea Vaya"},"geometry":{"type":"LineString","coordinates":[[27.87262,-26.27338],[27.87279,-26.27325],[27.87284,-26.27319],[27.87303,-26.27296],[27.87328,-26.27262],[27.87422,-26.27126],[27.87426,-26.27119],[27.8743,-26.27114],[27.87456,-26.27075],[27.87485,-26.27034]]}},{"type":"Feature","properties":{"id":"relation/4514729","name":"Bus F2: Protea Glen => Thokoza Park","network":"Rea Vaya"},"geometry":{"type":"LineString","coordinates":[[27.87485,-26.27034],[27.87549,-26.26945],[27.87562,-26.26926],[27.87565,-26.26922],[27.87566,-26.26916],[27.87567,-26.26907]]}},{"type":"Feature","properties":{"id":"relation/4514729","name":"Bus F2: Protea Glen => Thokoza Park","network":"Rea Vaya"},"geometry":{"type":"LineString","coordinates":[[27.87561,-26.269],[27.8756,-26.26894],[27.87561,-26.26888],[27.87564,-26.26882],[27.87569,-26.26878]]}},{"type":"Feature","properties":{"id":"relation/4514729","name":"Bus F2: Protea Glen => Thokoza Park","network":"Rea Vaya"},"geometry":{"type":"LineString","coordinates":[[27.87567,-26.26907],[27.87564,-26.26904],[27.87561,-26.269]]}},{"type":"Feature","properties":{"id":"relation/4514729","name":"Bus F2: Protea Glen => Thokoza Park","network":"Rea Vaya"},"geometry":{"type":"LineString","coordinates":[[27.87592,-26.2691],[27.87586,-26.26912],[27.87579,-26.26912],[27.87572,-26.26911],[27.87567,-26.26907]]}},{"type":"Feature","properties":{"id":"relation/4514729","name":"Bus F2: Protea Glen => Thokoza Park","network":"Rea Vaya"},"geometry":{"type":"LineString","coordinates":[[27.876,-26.26885],[27.87601,-26.26888],[27.87602,-26.26893],[27.87602,-26.26898],[27.876,-26.26902],[27.87596,-26.26906],[27.87592,-26.2691]]}},{"type":"Feature","properties":{"id":"relation/4514729","name":"Bus F2: Protea Glen => Thokoza Park","network":"Rea Vaya"},"geometry":{"type":"LineString","coordinates":[[27.87596,-26.2688],[27.876,-26.26885]]}},{"type":"Feature","properties":{"id":"relation/4514729","name":"Bus F2: Protea Glen => Thokoza Park","network":"Rea Vaya"},"geometry":{"type":"LineString","coordinates":[[27.87569,-26.26878],[27.87575,-26.26875],[27.87583,-26.26875],[27.8759,-26.26876],[27.87596,-26.2688]]}},{"type":"Feature","properties":{"id":"relation/4514729","name":"Bus F2: Protea Glen => Thokoza Park","network":"Rea Vaya"},"geometry":{"type":"LineString","coordinates":[[27.8759,-26.26876],[27.87608,-26.26856],[27.87737,-26.26657],[27.87777,-26.26608],[27.87821,-26.26564],[27.87861,-26.26526],[27.87863,-26.26524],[27.8788,-26.2651]]}},{"type":"Feature","properties":{"id":"relation/4514729","name":"Bus F2: Protea Glen => Thokoza Park","network":"Rea Vaya"},"geometry":{"type":"LineString","coordinates":[[27.87896,-26.26524],[27.87893,-26.26523],[27.87889,-26.26522],[27.87887,-26.26521],[27.87884,-26.26518],[27.87883,-26.26516],[27.87881,-26.26514],[27.8788,-26.2651],[27.87881,-26.26506],[27.87881,-26.26502],[27.87882,-26.26499]]}},{"type":"Feature","properties":{"id":"relation/4514729","name":"Bus F2: Protea Glen => Thokoza Park","network":"Rea Vaya"},"geometry":{"type":"LineString","coordinates":[[27.87882,-26.26499],[27.87883,-26.26497],[27.87885,-26.26495],[27.87887,-26.26493],[27.8789,-26.26491],[27.87893,-26.2649],[27.87896,-26.26489],[27.87899,-26.26488],[27.87902,-26.26488],[27.87904,-26.26488],[27.87906,-26.26487]]}},{"type":"Feature","properties":{"id":"relation/4514729","name":"Bus F2: Protea Glen => Thokoza Park","network":"Rea Vaya"},"geometry":{"type":"LineString","coordinates":[[27.87906,-26.26487],[27.87912,-26.26485],[27.87917,-26.26482],[27.87924,-26.26476],[27.87932,-26.2647],[27.87945,-26.26457],[27.87963,-26.26445],[27.87987,-26.26433],[27.88006,-26.26424],[27.88068,-26.26398]]}},{"type":"Feature","properties":{"id":"relation/4514729","name":"Bus F2: Protea Glen => Thokoza Park","network":"Rea Vaya"},"geometry":{"type":"LineString","coordinates":[[27.88068,-26.26398],[27.88089,-26.26389],[27.88107,-26.26381]]}},{"type":"Feature","properties":{"id":"relation/4514729","name":"Bus F2: Protea Glen => Thokoza Park","network":"Rea Vaya"},"geometry":{"type":"LineString","coordinates":[[27.88107,-26.26381],[27.88142,-26.26366],[27.88158,-26.26361],[27.88181,-26.26355],[27.88234,-26.26342],[27.88243,-26.2634],[27.88282,-26.26333],[27.88351,-26.26324],[27.88395,-26.26319],[27.88423,-26.26316],[27.88432,-26.26315],[27.88441,-26.26314],[27.88447,-26.26313],[27.88452,-26.26312],[27.88456,-26.2631],[27.88462,-26.26308]]}},{"type":"Feature","properties":{"id":"relation/4514730","name":"Bus F2: Thokoza Park => Protea Glen","network":"Rea Vaya"},"geometry":{"type":"LineString","coordinates":[[27.88472,-26.26333],[27.88461,-26.26334],[27.88455,-26.26334],[27.88425,-26.26334],[27.88416,-26.26334],[27.88404,-26.26334],[27.88385,-26.26335],[27.88368,-26.26337],[27.8835,-26.26339],[27.88321,-26.26343],[27.88291,-26.26347],[27.88267,-26.26351],[27.88243,-26.26356],[27.88222,-26.26362],[27.88209,-26.26365],[27.88192,-26.26371],[27.88167,-26.26381],[27.88155,-26.26388],[27.88127,-26.264]]}},{"type":"Feature","properties":{"id":"relation/4514730","name":"Bus F2: Thokoza Park => Protea Glen","network":"Rea Vaya"},"geometry":{"type":"LineString","coordinates":[[27.88127,-26.264],[27.88104,-26.26411],[27.88084,-26.2642]]}},{"type":"Feature","properties":{"id":"relation/4514730","name":"Bus F2: Thokoza Park => Protea Glen","network":"Rea Vaya"},"geometry":{"type":"LineString","coordinates":[[27.88084,-26.2642],[27.88025,-26.26447],[27.8799,-26.26463],[27.87981,-26.26467],[27.87957,-26.26478],[27.8795,-26.26482],[27.87943,-26.26486]]}},{"type":"Feature","properties":{"id":"relation/4514730","name":"Bus F2: Thokoza Park => Protea Glen","network":"Rea Vaya"},"geometry":{"type":"LineString","coordinates":[[27.87943,-26.26486],[27.87937,-26.26488],[27.87933,-26.26491],[27.8793,-26.26494],[27.87926,-26.26497],[27.87922,-26.26502]]}},{"type":"Feature","properties":{"id":"relation/4514730","name":"Bus F2: Thokoza Park => Protea Glen","network":"Rea Vaya"},"geometry":{"type":"LineString","coordinates":[[27.87921,-26.2651],[27.8792,-26.26514],[27.87917,-26.26517],[27.87911,-26.26522],[27.87904,-26.26524],[27.879,-26.26524],[27.87896,-26.26524]]}},{"type":"Feature","properties":{"id":"relation/4514730","name":"Bus F2: Thokoza Park => Protea Glen","network":"Rea Vaya"},"geometry":{"type":"LineString","coordinates":[[27.87906,-26.26487],[27.87911,-26.2649],[27.87915,-26.26492],[27.87918,-26.26494],[27.8792,-26.26496],[27.87921,-26.26499],[27.87922,-26.26502],[27.87922,-26.26504],[27.87922,-26.26506],[27.87921,-26.2651]]}},{"type":"Feature","properties":{"id":"relation/4514730","name":"Bus F2: Thokoza Park => Protea Glen","network":"Rea Vaya"},"geometry":{"type":"LineString","coordinates":[[27.87896,-26.26524],[27.87882,-26.26531],[27.8788,-26.26532],[27.87873,-26.26538],[27.87867,-26.26544],[27.87826,-26.26582],[27.87789,-26.2662],[27.87762,-26.26652],[27.87739,-26.26683],[27.87622,-26.26862],[27.87619,-26.26865]]}},{"type":"Feature","properties":{"id":"relation/4514730","name":"Bus F2: Thokoza Park => Protea Glen","network":"Rea Vaya"},"geometry":{"type":"LineString","coordinates":[[27.87619,-26.26865],[27.87601,-26.26888]]}},{"type":"Feature","properties":{"id":"relation/4514730","name":"Bus F2: Thokoza Park => Protea Glen","network":"Rea Vaya"},"geometry":{"type":"LineString","coordinates":[[27.87619,-26.26865],[27.87602,-26.26898]]}},{"type":"Feature","properties":{"id":"relation/4514730","name":"Bus F2: Thokoza Park => Protea Glen","network":"Rea Vaya"},"geometry":{"type":"LineString","coordinates":[[27.87943,-26.26486],[27.87936,-26.26494],[27.87934,-26.26497],[27.8793,-26.26501],[27.87921,-26.2651]]}},{"type":"Feature","properties":{"id":"relation/4514730","name":"Bus F2: Thokoza Park => Protea Glen","network":"Rea Vaya"},"geometry":{"type":"LineString","coordinates":[[27.87561,-26.269],[27.8756,-26.26894],[27.87561,-26.26888],[27.87564,-26.26882],[27.87569,-26.26878]]}},{"type":"Feature","properties":{"id":"relation/4514730","name":"Bus F2: Thokoza Park => Protea Glen","network":"Rea Vaya"},"geometry":{"type":"LineString","coordinates":[[27.87567,-26.26907],[27.87564,-26.26904],[27.87561,-26.269]]}},{"type":"Feature","properties":{"id":"relation/4514730","name":"Bus F2: Thokoza Park => Protea Glen","network":"Rea Vaya"},"geometry":{"type":"LineString","coordinates":[[27.87592,-26.2691],[27.87586,-26.26912],[27.87579,-26.26912],[27.87572,-26.26911],[27.87567,-26.26907]]}},{"type":"Feature","properties":{"id":"relation/4514730","name":"Bus F2: Thokoza Park => Protea Glen","network":"Rea Vaya"},"geometry":{"type":"LineString","coordinates":[[27.876,-26.26885],[27.87601,-26.26888],[27.87602,-26.26893],[27.87602,-26.26898],[27.876,-26.26902],[27.87596,-26.26906],[27.87592,-26.2691]]}},{"type":"Feature","properties":{"id":"relation/4514730","name":"Bus F2: Thokoza Park => Protea Glen","network":"Rea Vaya"},"geometry":{"type":"LineString","coordinates":[[27.87596,-26.2688],[27.876,-26.26885]]}},{"type":"Feature","properties":{"id":"relation/4514730","name":"Bus F2: Thokoza Park => Protea Glen","network":"Rea Vaya"},"geometry":{"type":"LineString","coordinates":[[27.87569,-26.26878],[27.87575,-26.26875],[27.87583,-26.26875],[27.8759,-26.26876],[27.87596,-26.2688]]}},{"type":"Feature","properties":{"id":"relation/4514730","name":"Bus F2: Thokoza Park => Protea Glen","network":"Rea Vaya"},"geometry":{"type":"LineString","coordinates":[[27.87592,-26.2691],[27.87588,-26.26917],[27.8758,-26.26929],[27.87573,-26.2694],[27.87562,-26.26954],[27.87498,-26.27041]]}},{"type":"Feature","properties":{"id":"relation/4514730","name":"Bus F2: Thokoza Park => Protea Glen","network":"Rea Vaya"},"geometry":{"type":"LineString","coordinates":[[27.87498,-26.27041],[27.87465,-26.27089],[27.87442,-26.27121],[27.8744,-26.27123],[27.87438,-26.27126],[27.87433,-26.27133],[27.87338,-26.27262],[27.87311,-26.273],[27.87293,-26.27323]]}},{"type":"Feature","properties":{"id":"relation/4514730","name":"Bus F2: Thokoza Park => Protea Glen","network":"Rea Vaya"},"geometry":{"type":"LineString","coordinates":[[27.87293,-26.27323],[27.8727,-26.27344]]}},{"type":"Feature","properties":{"id":"relation/4514730","name":"Bus F2: Thokoza Park => Protea Glen","network":"Rea Vaya"},"geometry":{"type":"LineString","coordinates":[[27.8727,-26.27344],[27.87249,-26.27361],[27.87224,-26.27378],[27.87085,-26.27463]]}},{"type":"Feature","properties":{"id":"relation/4514730","name":"Bus F2: Thokoza Park => Protea Glen","network":"Rea Vaya"},"geometry":{"type":"LineString","coordinates":[[27.87085,-26.27463],[27.87072,-26.27471],[27.87069,-26.27473]]}},{"type":"Feature","properties":{"id":"relation/4514730","name":"Bus F2: Thokoza Park => Protea Glen","network":"Rea Vaya"},"geometry":{"type":"LineString","coordinates":[[27.87069,-26.27473],[27.87065,-26.27475],[27.87063,-26.27477]]}},{"type":"Feature","properties":{"id":"relation/4514730","name":"Bus F2: Thokoza Park => Protea Glen","network":"Rea Vaya"},"geometry":{"type":"LineString","coordinates":[[27.87063,-26.27477],[27.8706,-26.27478],[27.87057,-26.2748],[27.8704,-26.2749],[27.86811,-26.27625]]}},{"type":"Feature","properties":{"id":"relation/4514730","name":"Bus F2: Thokoza Park => Protea Glen","network":"Rea Vaya"},"geometry":{"type":"LineString","coordinates":[[27.86811,-26.27625],[27.8677,-26.27648],[27.86761,-26.27654]]}},{"type":"Feature","properties":{"id":"relation/4514730","name":"Bus F2: Thokoza Park => Protea Glen","network":"Rea Vaya"},"geometry":{"type":"LineString","coordinates":[[27.86761,-26.27654],[27.86751,-26.27659],[27.86539,-26.27783]]}},{"type":"Feature","properties":{"id":"relation/4514730","name":"Bus F2: Thokoza Park => Protea Glen","network":"Rea Vaya"},"geometry":{"type":"LineString","coordinates":[[27.86539,-26.27783],[27.86512,-26.27798]]}},{"type":"Feature","properties":{"id":"relation/4514730","name":"Bus F2: Thokoza Park => Protea Glen","network":"Rea Vaya"},"geometry":{"type":"LineString","coordinates":[[27.86512,-26.27798],[27.86457,-26.2783]]}},{"type":"Feature","properties":{"id":"relation/4514730","name":"Bus F2: Thokoza Park => Protea Glen","network":"Rea Vaya"},"geometry":{"type":"LineString","coordinates":[[27.86457,-26.2783],[27.86313,-26.27916]]}},{"type":"Feature","properties":{"id":"relation/4514730","name":"Bus F2: Thokoza Park => Protea Glen","network":"Rea Vaya"},"geometry":{"type":"LineString","coordinates":[[27.86313,-26.27916],[27.86266,-26.27946]]}},{"type":"Feature","properties":{"id":"relation/4514730","name":"Bus F2: Thokoza Park => Protea Glen","network":"Rea Vaya"},"geometry":{"type":"LineString","coordinates":[[27.86266,-26.27946],[27.8606,-26.28063],[27.85978,-26.28112]]}},{"type":"Feature","properties":{"id":"relation/4514730","name":"Bus F2: Thokoza Park => Protea Glen","network":"Rea Vaya"},"geometry":{"type":"LineString","coordinates":[[27.85978,-26.28112],[27.85926,-26.28143]]}},{"type":"Feature","properties":{"id":"relation/4514730","name":"Bus F2: Thokoza Park => Protea Glen","network":"Rea Vaya"},"geometry":{"type":"LineString","coordinates":[[27.85926,-26.28143],[27.85905,-26.28155],[27.85834,-26.28198],[27.85768,-26.28239],[27.85704,-26.2828],[27.85636,-26.28321],[27.85603,-26.28341],[27.85544,-26.28376],[27.85505,-26.28399],[27.85484,-26.2841],[27.85266,-26.28546],[27.85183,-26.28597],[27.85134,-26.28628]]}},{"type":"Feature","properties":{"id":"relation/4514730","name":"Bus F2: Thokoza Park => Protea Glen","network":"Rea Vaya"},"geometry":{"type":"LineString","coordinates":[[27.85134,-26.28628],[27.8508,-26.28661]]}},{"type":"Feature","properties":{"id":"relation/4514730","name":"Bus F2: Thokoza Park => Protea Glen","network":"Rea Vaya"},"geometry":{"type":"LineString","coordinates":[[27.85065,-26.28649],[27.8508,-26.28661]]}},{"type":"Feature","properties":{"id":"relation/4514730","name":"Bus F2: Thokoza Park => Protea Glen","network":"Rea Vaya"},"geometry":{"type":"LineString","coordinates":[[27.85034,-26.28628],[27.85065,-26.28649]]}},{"type":"Feature","properties":{"id":"relation/4514730","name":"Bus F2: Thokoza Park => Protea Glen","network":"Rea Vaya"},"geometry":{"type":"LineString","coordinates":[[27.85008,-26.28605],[27.85034,-26.28628]]}},{"type":"Feature","properties":{"id":"relation/4514730","name":"Bus F2: Thokoza Park => Protea Glen","network":"Rea Vaya"},"geometry":{"type":"LineString","coordinates":[[27.84951,-26.28562],[27.84987,-26.28589],[27.85008,-26.28605]]}},{"type":"Feature","properties":{"id":"relation/4514730","name":"Bus F2: Thokoza Park => Protea Glen","network":"Rea Vaya"},"geometry":{"type":"LineString","coordinates":[[27.84091,-26.27908],[27.84141,-26.27947],[27.84189,-26.27983],[27.84223,-26.28008],[27.84249,-26.2803],[27.84367,-26.2812],[27.84386,-26.28133],[27.84526,-26.28239],[27.84864,-26.28495],[27.84951,-26.28562]]}},{"type":"Feature","properties":{"id":"relation/4514730","name":"Bus F2: Thokoza Park => Protea Glen","network":"Rea Vaya"},"geometry":{"type":"LineString","coordinates":[[27.83116,-26.27126],[27.83142,-26.27144],[27.83184,-26.27173],[27.83212,-26.27194],[27.83217,-26.27198],[27.83225,-26.27204],[27.83231,-26.27208],[27.83237,-26.27214],[27.83242,-26.27218],[27.83247,-26.27224],[27.83255,-26.27234],[27.83275,-26.2726],[27.83314,-26.2731],[27.83347,-26.27352],[27.83359,-26.27368],[27.83379,-26.27392],[27.83389,-26.27406],[27.83393,-26.27412],[27.83407,-26.27429],[27.83419,-26.27445],[27.83437,-26.27467],[27.83445,-26.27477],[27.83451,-26.27485],[27.83455,-26.27489],[27.83461,-26.27494],[27.83469,-26.275],[27.8349,-26.27514],[27.83503,-26.27523],[27.83522,-26.27536],[27.83554,-26.27557],[27.83589,-26.27581],[27.83616,-26.27598],[27.83634,-26.27611],[27.83678,-26.27639],[27.83705,-26.27657],[27.83763,-26.27695],[27.83818,-26.27731],[27.83828,-26.27738],[27.83849,-26.27752],[27.83862,-26.27761],[27.83883,-26.27775],[27.83893,-26.27781],[27.83923,-26.27801],[27.8394,-26.27812],[27.83962,-26.27827],[27.83979,-26.27837],[27.84033,-26.27872],[27.84091,-26.27908]]}},{"type":"Feature","properties":{"id":"relation/4514730","name":"Bus F2: Thokoza Park => Protea Glen","network":"Rea Vaya"},"geometry":{"type":"LineString","coordinates":[[27.82683,-26.27489],[27.82713,-26.27467],[27.82742,-26.27446],[27.82768,-26.27428],[27.82777,-26.27422],[27.82802,-26.27405],[27.82815,-26.27396],[27.82831,-26.27386],[27.82861,-26.27367],[27.82893,-26.27346],[27.82915,-26.27332],[27.82933,-26.27321],[27.82941,-26.27315],[27.82949,-26.27309],[27.82956,-26.27303],[27.82967,-26.27293],[27.82982,-26.27275],[27.82995,-26.27261],[27.83007,-26.27248],[27.83013,-26.27242],[27.83025,-26.27227],[27.83047,-26.27203],[27.83065,-26.27183],[27.83078,-26.27169],[27.83095,-26.27149],[27.83109,-26.27133],[27.83116,-26.27126]]}},{"type":"Feature","properties":{"id":"relation/4514730","name":"Bus F2: Thokoza Park => Protea Glen","network":"Rea Vaya"},"geometry":{"type":"LineString","coordinates":[[27.82521,-26.27597],[27.82554,-26.27579],[27.82573,-26.27565],[27.82587,-26.27556],[27.82683,-26.27489]]}},{"type":"Feature","properties":{"id":"relation/4514730","name":"Bus F2: Thokoza Park => Protea Glen","network":"Rea Vaya"},"geometry":{"type":"LineString","coordinates":[[27.8236,-26.27661],[27.82376,-26.27655],[27.82388,-26.27651],[27.82398,-26.27648],[27.82413,-26.27643],[27.82437,-26.27633],[27.82468,-26.2762],[27.82484,-26.27613],[27.82495,-26.27607],[27.82521,-26.27597]]}},{"type":"Feature","properties":{"id":"relation/4514730","name":"Bus F2: Thokoza Park => Protea Glen","network":"Rea Vaya"},"geometry":{"type":"LineString","coordinates":[[27.822,-26.27702],[27.82214,-26.27699],[27.82249,-26.27692],[27.82268,-26.27689],[27.8228,-26.27687],[27.82284,-26.27686],[27.82291,-26.27684],[27.82298,-26.27681],[27.82328,-26.27671],[27.82346,-26.27665],[27.8236,-26.27661]]}},{"type":"Feature","properties":{"id":"relation/4514730","name":"Bus F2: Thokoza Park => Protea Glen","network":"Rea Vaya"},"geometry":{"type":"LineString","coordinates":[[27.822,-26.27702],[27.82196,-26.2768],[27.82193,-26.27668],[27.82191,-26.27661],[27.82189,-26.27655],[27.82163,-26.27589],[27.82106,-26.27452],[27.8205,-26.27312],[27.82004,-26.272],[27.81995,-26.27177],[27.81986,-26.27156],[27.81977,-26.27134],[27.81975,-26.27129],[27.81971,-26.2712],[27.81969,-26.27115],[27.81967,-26.27112],[27.81964,-26.27109],[27.8196,-26.27106],[27.81954,-26.27101],[27.81873,-26.27043]]}},{"type":"Feature","properties":{"id":"relation/4514730","name":"Bus F2: Thokoza Park => Protea Glen","network":"Rea Vaya"},"geometry":{"type":"LineString","coordinates":[[27.81873,-26.27043],[27.81774,-26.26971],[27.81723,-26.26935],[27.81717,-26.26931],[27.81711,-26.26928],[27.81706,-26.26927],[27.81701,-26.26925],[27.8169,-26.26924],[27.81678,-26.26922],[27.81644,-26.26918],[27.8164,-26.26918],[27.81633,-26.26918],[27.81622,-26.26919],[27.81584,-26.26924],[27.81563,-26.26927],[27.81553,-26.26929],[27.81538,-26.26934],[27.81466,-26.26958],[27.81445,-26.26965],[27.81416,-26.26975],[27.81183,-26.27051]]}},{"type":"Feature","properties":{"id":"relation/4514818","name":"Bus F1: Naledi => Thokoza Park","network":"Rea Vaya"},"geometry":{"type":"LineString","coordinates":[[27.82239,-26.25626],[27.82236,-26.25624],[27.82234,-26.25621],[27.82231,-26.25617],[27.82228,-26.25609],[27.82226,-26.25591],[27.82222,-26.25574],[27.82218,-26.25549],[27.82217,-26.25544]]}},{"type":"Feature","properties":{"id":"relation/4514818","name":"Bus F1: Naledi => Thokoza Park","network":"Rea Vaya"},"geometry":{"type":"LineString","coordinates":[[27.82217,-26.25544],[27.82218,-26.25538],[27.82219,-26.25534],[27.82242,-26.25457],[27.82283,-26.25312],[27.82297,-26.25271],[27.82299,-26.25263]]}},{"type":"Feature","properties":{"id":"relation/4514818","name":"Bus F1: Naledi => Thokoza Park","network":"Rea Vaya"},"geometry":{"type":"LineString","coordinates":[[27.8328,-26.25483],[27.83226,-26.25478],[27.83207,-26.25475],[27.83204,-26.25475],[27.83172,-26.25469],[27.83147,-26.25463],[27.83021,-26.25433],[27.83013,-26.25431],[27.83005,-26.25429],[27.82959,-26.25418],[27.82796,-26.2538],[27.82673,-26.25351],[27.82504,-26.25312],[27.82433,-26.25295],[27.82354,-26.25276],[27.82308,-26.25265],[27.82299,-26.25263]]}},{"type":"Feature","properties":{"id":"relation/4514818","name":"Bus F1: Naledi => Thokoza Park","network":"Rea Vaya"},"geometry":{"type":"LineString","coordinates":[[27.83693,-26.25506],[27.83682,-26.25508],[27.83663,-26.25512],[27.83647,-26.25514],[27.83337,-26.25488],[27.83323,-26.25487],[27.83297,-26.25485],[27.8328,-26.25483]]}},{"type":"Feature","properties":{"id":"relation/4514818","name":"Bus F1: Naledi => Thokoza Park","network":"Rea Vaya"},"geometry":{"type":"LineString","coordinates":[[27.83709,-26.25503],[27.83693,-26.25506]]}},{"type":"Feature","properties":{"id":"relation/4514818","name":"Bus F1: Naledi => Thokoza Park","network":"Rea Vaya"},"geometry":{"type":"LineString","coordinates":[[27.84203,-26.25329],[27.84196,-26.25333],[27.84186,-26.25343],[27.84141,-26.25397],[27.84128,-26.25413],[27.84114,-26.25429],[27.84107,-26.25437],[27.84099,-26.25443],[27.84091,-26.25446],[27.84077,-26.25448],[27.83969,-26.25461],[27.83941,-26.25465],[27.83922,-26.25467],[27.83804,-26.25483],[27.83709,-26.25503]]}},{"type":"Feature","properties":{"id":"relation/4514818","name":"Bus F1: Naledi => Thokoza Park","network":"Rea Vaya"},"geometry":{"type":"LineString","coordinates":[[27.84352,-26.25424],[27.84333,-26.25413],[27.84226,-26.25338],[27.84218,-26.25334],[27.84212,-26.25331],[27.84203,-26.25329]]}},{"type":"Feature","properties":{"id":"relation/4514818","name":"Bus F1: Naledi => Thokoza Park","network":"Rea Vaya"},"geometry":{"type":"LineString","coordinates":[[27.84852,-26.2541],[27.84841,-26.25412],[27.84817,-26.25412],[27.84657,-26.25417],[27.84601,-26.25419],[27.84544,-26.2542],[27.84493,-26.25422],[27.84382,-26.25426],[27.84367,-26.25426],[27.84352,-26.25424]]}},{"type":"Feature","properties":{"id":"relation/4514818","name":"Bus F1: Naledi => Thokoza Park","network":"Rea Vaya"},"geometry":{"type":"LineString","coordinates":[[27.84986,-26.25304],[27.84886,-26.25386],[27.84873,-26.25397],[27.84866,-26.25402],[27.84862,-26.25405],[27.84852,-26.2541]]}},{"type":"Feature","properties":{"id":"relation/4514818","name":"Bus F1: Naledi => Thokoza Park","network":"Rea Vaya"},"geometry":{"type":"LineString","coordinates":[[27.85108,-26.25396],[27.85006,-26.25318],[27.85,-26.25313],[27.84986,-26.25304]]}},{"type":"Feature","properties":{"id":"relation/4514818","name":"Bus F1: Naledi => Thokoza Park","network":"Rea Vaya"},"geometry":{"type":"LineString","coordinates":[[27.85465,-26.25483],[27.85459,-26.25482],[27.85402,-26.25468],[27.85346,-26.25455],[27.8525,-26.25432],[27.85199,-26.25419],[27.85173,-26.25413],[27.8513,-26.25403],[27.85118,-26.254],[27.85108,-26.25396]]}},{"type":"Feature","properties":{"id":"relation/4514818","name":"Bus F1: Naledi => Thokoza Park","network":"Rea Vaya"},"geometry":{"type":"LineString","coordinates":[[27.85477,-26.25481],[27.85465,-26.25483]]}},{"type":"Feature","properties":{"id":"relation/4514818","name":"Bus F1: Naledi => Thokoza Park","network":"Rea Vaya"},"geometry":{"type":"LineString","coordinates":[[27.85632,-26.26003],[27.85625,-26.26004]]}},{"type":"Feature","properties":{"id":"relation/4514818","name":"Bus F1: Naledi => Thokoza Park","network":"Rea Vaya"},"geometry":{"type":"LineString","coordinates":[[27.86209,-26.25805],[27.86202,-26.25809],[27.86195,-26.25813],[27.86188,-26.25817],[27.86141,-26.25853],[27.86126,-26.25864],[27.86115,-26.25872],[27.86105,-26.25877],[27.86095,-26.2588],[27.86081,-26.25885],[27.86004,-26.25905],[27.85972,-26.25912],[27.85824,-26.25951],[27.85781,-26.25962],[27.85665,-26.25994],[27.85638,-26.26001],[27.85632,-26.26003]]}},{"type":"Feature","properties":{"id":"relation/4514818","name":"Bus F1: Naledi => Thokoza Park","network":"Rea Vaya"},"geometry":{"type":"LineString","coordinates":[[27.87234,-26.26567],[27.87217,-26.26565],[27.87202,-26.26561],[27.87191,-26.26556],[27.87182,-26.26549],[27.87175,-26.26542],[27.87168,-26.26535],[27.87138,-26.26505],[27.87048,-26.26407],[27.86882,-26.26244],[27.86829,-26.26194],[27.86755,-26.26121],[27.86724,-26.2609],[27.86693,-26.26059],[27.8662,-26.25988],[27.86603,-26.25971],[27.86595,-26.25964],[27.86589,-26.25959],[27.86581,-26.25955],[27.86572,-26.25952],[27.86535,-26.25944],[27.86461,-26.25929],[27.86416,-26.2592],[27.86403,-26.25917],[27.86389,-26.25912],[27.86377,-26.25905],[27.86328,-26.25876],[27.86209,-26.25805]]}},{"type":"Feature","properties":{"id":"relation/4514818","name":"Bus F1: Naledi => Thokoza Park","network":"Rea Vaya"},"geometry":{"type":"LineString","coordinates":[[27.87469,-26.26863],[27.87462,-26.26855],[27.87405,-26.26791],[27.87358,-26.26739],[27.87307,-26.26683],[27.87299,-26.26674],[27.87237,-26.26609],[27.87233,-26.26604],[27.8723,-26.26599],[27.87228,-26.26594],[27.87229,-26.26588],[27.87234,-26.26567]]}},{"type":"Feature","properties":{"id":"relation/4514818","name":"Bus F1: Naledi => Thokoza Park","network":"Rea Vaya"},"geometry":{"type":"LineString","coordinates":[[27.87469,-26.26868],[27.87469,-26.26863]]}},{"type":"Feature","properties":{"id":"relation/4514818","name":"Bus F1: Naledi => Thokoza Park","network":"Rea Vaya"},"geometry":{"type":"LineString","coordinates":[[27.87468,-26.26879],[27.87469,-26.26868]]}},{"type":"Feature","properties":{"id":"relation/4514818","name":"Bus F1: Naledi => Thokoza Park","network":"Rea Vaya"},"geometry":{"type":"LineString","coordinates":[[27.87561,-26.269],[27.8756,-26.26894],[27.87561,-26.26888],[27.87564,-26.26882],[27.87569,-26.26878]]}},{"type":"Feature","properties":{"id":"relation/4514818","name":"Bus F1: Naledi => Thokoza Park","network":"Rea Vaya"},"geometry":{"type":"LineString","coordinates":[[27.87567,-26.26907],[27.87564,-26.26904],[27.87561,-26.269]]}},{"type":"Feature","properties":{"id":"relation/4514818","name":"Bus F1: Naledi => Thokoza Park","network":"Rea Vaya"},"geometry":{"type":"LineString","coordinates":[[27.87592,-26.2691],[27.87586,-26.26912],[27.87579,-26.26912],[27.87572,-26.26911],[27.87567,-26.26907]]}},{"type":"Feature","properties":{"id":"relation/4514818","name":"Bus F1: Naledi => Thokoza Park","network":"Rea Vaya"},"geometry":{"type":"LineString","coordinates":[[27.876,-26.26885],[27.87601,-26.26888],[27.87602,-26.26893],[27.87602,-26.26898],[27.876,-26.26902],[27.87596,-26.26906],[27.87592,-26.2691]]}},{"type":"Feature","properties":{"id":"relation/4514818","name":"Bus F1: Naledi => Thokoza Park","network":"Rea Vaya"},"geometry":{"type":"LineString","coordinates":[[27.87596,-26.2688],[27.876,-26.26885]]}},{"type":"Feature","properties":{"id":"relation/4514818","name":"Bus F1: Naledi => Thokoza Park","network":"Rea Vaya"},"geometry":{"type":"LineString","coordinates":[[27.87569,-26.26878],[27.87575,-26.26875],[27.87583,-26.26875],[27.8759,-26.26876],[27.87596,-26.2688]]}},{"type":"Feature","properties":{"id":"relation/4514818","name":"Bus F1: Naledi => Thokoza Park","network":"Rea Vaya"},"geometry":{"type":"LineString","coordinates":[[27.8759,-26.26876],[27.87608,-26.26856],[27.87737,-26.26657],[27.87777,-26.26608],[27.87821,-26.26564],[27.87861,-26.26526],[27.87863,-26.26524],[27.8788,-26.2651]]}},{"type":"Feature","properties":{"id":"relation/4514818","name":"Bus F1: Naledi => Thokoza Park","network":"Rea Vaya"},"geometry":{"type":"LineString","coordinates":[[27.87896,-26.26524],[27.87893,-26.26523],[27.87889,-26.26522],[27.87887,-26.26521],[27.87884,-26.26518],[27.87883,-26.26516],[27.87881,-26.26514],[27.8788,-26.2651],[27.87881,-26.26506],[27.87881,-26.26502],[27.87882,-26.26499]]}},{"type":"Feature","properties":{"id":"relation/4514818","name":"Bus F1: Naledi => Thokoza Park","network":"Rea Vaya"},"geometry":{"type":"LineString","coordinates":[[27.87882,-26.26499],[27.87883,-26.26497],[27.87885,-26.26495],[27.87887,-26.26493],[27.8789,-26.26491],[27.87893,-26.2649],[27.87896,-26.26489],[27.87899,-26.26488],[27.87902,-26.26488],[27.87904,-26.26488],[27.87906,-26.26487]]}},{"type":"Feature","properties":{"id":"relation/4514818","name":"Bus F1: Naledi => Thokoza Park","network":"Rea Vaya"},"geometry":{"type":"LineString","coordinates":[[27.87906,-26.26487],[27.87912,-26.26485],[27.87917,-26.26482],[27.87924,-26.26476],[27.87932,-26.2647],[27.87945,-26.26457],[27.87963,-26.26445],[27.87987,-26.26433],[27.88006,-26.26424],[27.88068,-26.26398]]}},{"type":"Feature","properties":{"id":"relation/4514818","name":"Bus F1: Naledi => Thokoza Park","network":"Rea Vaya"},"geometry":{"type":"LineString","coordinates":[[27.88068,-26.26398],[27.88089,-26.26389],[27.88107,-26.26381]]}},{"type":"Feature","properties":{"id":"relation/4514818","name":"Bus F1: Naledi => Thokoza Park","network":"Rea Vaya"},"geometry":{"type":"LineString","coordinates":[[27.88107,-26.26381],[27.88142,-26.26366],[27.88158,-26.26361],[27.88181,-26.26355],[27.88234,-26.26342],[27.88243,-26.2634],[27.88282,-26.26333],[27.88351,-26.26324],[27.88395,-26.26319],[27.88423,-26.26316],[27.88432,-26.26315],[27.88441,-26.26314],[27.88447,-26.26313],[27.88452,-26.26312],[27.88456,-26.2631],[27.88462,-26.26308]]}},{"type":"Feature","properties":{"id":"relation/4514818","name":"Bus F1: Naledi => Thokoza Park","network":"Rea Vaya"},"geometry":{"type":"LineString","coordinates":[[27.87446,-26.23161],[27.87441,-26.23169],[27.87437,-26.23175]]}},{"type":"Feature","properties":{"id":"relation/4514818","name":"Bus F1: Naledi => Thokoza Park","network":"Rea Vaya"},"geometry":{"type":"LineString","coordinates":[[27.87437,-26.23175],[27.87433,-26.23181],[27.87424,-26.23193],[27.87412,-26.23207],[27.87397,-26.23221],[27.8738,-26.23236],[27.8737,-26.23243],[27.87352,-26.23255],[27.87334,-26.23264],[27.87312,-26.23275],[27.87291,-26.23285],[27.87242,-26.23306],[27.87196,-26.23325],[27.87111,-26.23363],[27.87074,-26.23378],[27.87071,-26.2338],[27.87063,-26.23384],[27.87046,-26.23391],[27.8701,-26.23407],[27.86978,-26.2342],[27.86963,-26.23426],[27.8693,-26.23437],[27.86907,-26.23446],[27.86877,-26.23455],[27.86865,-26.23459],[27.86853,-26.23462],[27.86845,-26.23463],[27.86831,-26.23466],[27.86819,-26.23468],[27.86811,-26.23469],[27.86803,-26.23471],[27.86751,-26.23474],[27.86699,-26.23476],[27.86604,-26.23487],[27.86569,-26.23491]]}},{"type":"Feature","properties":{"id":"relation/4514818","name":"Bus F1: Naledi => Thokoza Park","network":"Rea Vaya"},"geometry":{"type":"LineString","coordinates":[[27.86569,-26.23491],[27.86526,-26.23498]]}},{"type":"Feature","properties":{"id":"relation/4514818","name":"Bus F1: Naledi => Thokoza Park","network":"Rea Vaya"},"geometry":{"type":"LineString","coordinates":[[27.86526,-26.23498],[27.86493,-26.23505]]}},{"type":"Feature","properties":{"id":"relation/4514818","name":"Bus F1: Naledi => Thokoza Park","network":"Rea Vaya"},"geometry":{"type":"LineString","coordinates":[[27.86493,-26.23505],[27.86456,-26.23512],[27.86438,-26.23516],[27.86415,-26.23524],[27.86374,-26.23539],[27.86328,-26.23558],[27.86312,-26.23566],[27.8629,-26.23577],[27.86254,-26.23595],[27.86242,-26.23601],[27.86224,-26.23611]]}},{"type":"Feature","properties":{"id":"relation/4514818","name":"Bus F1: Naledi => Thokoza Park","network":"Rea Vaya"},"geometry":{"type":"LineString","coordinates":[[27.86224,-26.23611],[27.86203,-26.23625]]}},{"type":"Feature","properties":{"id":"relation/4514818","name":"Bus F1: Naledi => Thokoza Park","network":"Rea Vaya"},"geometry":{"type":"LineString","coordinates":[[27.86203,-26.23625],[27.86182,-26.23638],[27.86178,-26.2364]]}},{"type":"Feature","properties":{"id":"relation/4514818","name":"Bus F1: Naledi => Thokoza Park","network":"Rea Vaya"},"geometry":{"type":"LineString","coordinates":[[27.86178,-26.2364],[27.86172,-26.23645],[27.86168,-26.23647],[27.86149,-26.2366],[27.86115,-26.23683],[27.8608,-26.23709],[27.86055,-26.23726],[27.86034,-26.23741],[27.86025,-26.23748],[27.86015,-26.23757],[27.86003,-26.23769],[27.85986,-26.23785],[27.85955,-26.23816]]}},{"type":"Feature","properties":{"id":"relation/4514818","name":"Bus F1: Naledi => Thokoza Park","network":"Rea Vaya"},"geometry":{"type":"LineString","coordinates":[[27.85955,-26.23816],[27.85925,-26.23844]]}},{"type":"Feature","properties":{"id":"relation/4514818","name":"Bus F1: Naledi => Thokoza Park","network":"Rea Vaya"},"geometry":{"type":"LineString","coordinates":[[27.85925,-26.23844],[27.85894,-26.23882],[27.85892,-26.23885]]}},{"type":"Feature","properties":{"id":"relation/4514818","name":"Bus F1: Naledi => Thokoza Park","network":"Rea Vaya"},"geometry":{"type":"LineString","coordinates":[[27.85892,-26.23885],[27.85887,-26.23891],[27.85886,-26.23893],[27.85877,-26.23904]]}},{"type":"Feature","properties":{"id":"relation/4514818","name":"Bus F1: Naledi => Thokoza Park","network":"Rea Vaya"},"geometry":{"type":"LineString","coordinates":[[27.85877,-26.23904],[27.8586,-26.23929]]}},{"type":"Feature","properties":{"id":"relation/4514818","name":"Bus F1: Naledi => Thokoza Park","network":"Rea Vaya"},"geometry":{"type":"LineString","coordinates":[[27.8586,-26.23929],[27.8584,-26.23957],[27.85837,-26.23962],[27.85809,-26.24001],[27.85792,-26.24027],[27.8576,-26.24075],[27.85756,-26.24083],[27.85714,-26.24154],[27.85678,-26.24218],[27.85664,-26.24242],[27.85593,-26.24372],[27.85589,-26.24379],[27.85584,-26.24388],[27.85581,-26.24393],[27.85565,-26.24425],[27.85562,-26.24431],[27.85558,-26.24437],[27.85551,-26.24449],[27.85542,-26.24469],[27.85535,-26.24483],[27.85514,-26.24521],[27.85505,-26.24536],[27.855,-26.24545],[27.85495,-26.24554],[27.85491,-26.24562],[27.85486,-26.24573],[27.85482,-26.24583],[27.85479,-26.2459],[27.85474,-26.24601],[27.85461,-26.24633],[27.85455,-26.24649],[27.85435,-26.24696],[27.85429,-26.24711],[27.85426,-26.24719],[27.85424,-26.24727],[27.85423,-26.24735],[27.8542,-26.24754],[27.85412,-26.24796],[27.85408,-26.24818],[27.85407,-26.24833],[27.85406,-26.24845]]}},{"type":"Feature","properties":{"id":"relation/4514818","name":"Bus F1: Naledi => Thokoza Park","network":"Rea Vaya"},"geometry":{"type":"LineString","coordinates":[[27.85406,-26.24845],[27.85405,-26.24854],[27.85406,-26.2486],[27.85406,-26.24866]]}},{"type":"Feature","properties":{"id":"relation/4514818","name":"Bus F1: Naledi => Thokoza Park","network":"Rea Vaya"},"geometry":{"type":"LineString","coordinates":[[27.85406,-26.24866],[27.85406,-26.24894],[27.85405,-26.24896],[27.85402,-26.24995],[27.85402,-26.25018],[27.85403,-26.25035],[27.85405,-26.25056],[27.85408,-26.25074],[27.85411,-26.25101],[27.85414,-26.25115],[27.85418,-26.25151],[27.85423,-26.25184],[27.85424,-26.25191],[27.85425,-26.25199],[27.85427,-26.25212],[27.85434,-26.25257]]}},{"type":"Feature","properties":{"id":"relation/4514818","name":"Bus F1: Naledi => Thokoza Park","network":"Rea Vaya"},"geometry":{"type":"LineString","coordinates":[[27.85434,-26.25257],[27.85438,-26.25289]]}},{"type":"Feature","properties":{"id":"relation/4514818","name":"Bus F1: Naledi => Thokoza Park","network":"Rea Vaya"},"geometry":{"type":"LineString","coordinates":[[27.85438,-26.25289],[27.85443,-26.25322],[27.85445,-26.25328],[27.8545,-26.25353],[27.85465,-26.25425]]}},{"type":"Feature","properties":{"id":"relation/4514818","name":"Bus F1: Naledi => Thokoza Park","network":"Rea Vaya"},"geometry":{"type":"LineString","coordinates":[[27.85465,-26.25425],[27.85471,-26.25454]]}},{"type":"Feature","properties":{"id":"relation/4514818","name":"Bus F1: Naledi => Thokoza Park","network":"Rea Vaya"},"geometry":{"type":"LineString","coordinates":[[27.85471,-26.25454],[27.85474,-26.25467],[27.85477,-26.25481],[27.85478,-26.25485],[27.85486,-26.25522],[27.85489,-26.25537],[27.85493,-26.2555],[27.85495,-26.25558],[27.85506,-26.25592],[27.85518,-26.2563],[27.85537,-26.25687],[27.85555,-26.25742]]}},{"type":"Feature","properties":{"id":"relation/4514818","name":"Bus F1: Naledi => Thokoza Park","network":"Rea Vaya"},"geometry":{"type":"LineString","coordinates":[[27.85555,-26.25742],[27.8556,-26.25758],[27.85564,-26.25772],[27.85566,-26.25783],[27.85573,-26.25817],[27.85576,-26.25833],[27.85578,-26.2584],[27.85581,-26.25847]]}},{"type":"Feature","properties":{"id":"relation/4514818","name":"Bus F1: Naledi => Thokoza Park","network":"Rea Vaya"},"geometry":{"type":"LineString","coordinates":[[27.85575,-26.25849],[27.85563,-26.25813],[27.85562,-26.25806],[27.85557,-26.25786],[27.85551,-26.25766],[27.85544,-26.25745]]}},{"type":"Feature","properties":{"id":"relation/4514818","name":"Bus F1: Naledi => Thokoza Park","network":"Rea Vaya"},"geometry":{"type":"LineString","coordinates":[[27.85544,-26.25745],[27.85539,-26.25728],[27.85526,-26.25691],[27.85499,-26.25607],[27.85489,-26.25575],[27.85478,-26.2554],[27.85473,-26.25519],[27.85466,-26.25488],[27.85465,-26.25483],[27.85463,-26.2547],[27.8546,-26.25456],[27.85437,-26.25348]]}},{"type":"Feature","properties":{"id":"relation/4514818","name":"Bus F1: Naledi => Thokoza Park","network":"Rea Vaya"},"geometry":{"type":"LineString","coordinates":[[27.85437,-26.25348],[27.85433,-26.25327]]}},{"type":"Feature","properties":{"id":"relation/4514818","name":"Bus F1: Naledi => Thokoza Park","network":"Rea Vaya"},"geometry":{"type":"LineString","coordinates":[[27.85433,-26.25327],[27.85427,-26.25292]]}},{"type":"Feature","properties":{"id":"relation/4514818","name":"Bus F1: Naledi => Thokoza Park","network":"Rea Vaya"},"geometry":{"type":"LineString","coordinates":[[27.85427,-26.25292],[27.85423,-26.25265],[27.85416,-26.25214],[27.85414,-26.252],[27.85407,-26.25153],[27.85397,-26.25077],[27.85394,-26.25061],[27.85393,-26.25047],[27.85392,-26.25036],[27.85391,-26.25024],[27.85391,-26.2501],[27.85393,-26.24909],[27.85393,-26.24899],[27.85393,-26.24866]]}},{"type":"Feature","properties":{"id":"relation/4514818","name":"Bus F1: Naledi => Thokoza Park","network":"Rea Vaya"},"geometry":{"type":"LineString","coordinates":[[27.85393,-26.24866],[27.85393,-26.24856],[27.85393,-26.24851],[27.85394,-26.24845]]}},{"type":"Feature","properties":{"id":"relation/4514818","name":"Bus F1: Naledi => Thokoza Park","network":"Rea Vaya"},"geometry":{"type":"LineString","coordinates":[[27.85394,-26.24845],[27.85396,-26.24838],[27.85399,-26.24815],[27.854,-26.24808],[27.85412,-26.24736],[27.85415,-26.24721],[27.85418,-26.2471],[27.85425,-26.24692],[27.85431,-26.24678]]}},{"type":"Feature","properties":{"id":"relation/4514818","name":"Bus F1: Naledi => Thokoza Park","network":"Rea Vaya"},"geometry":{"type":"LineString","coordinates":[[27.85431,-26.24678],[27.85446,-26.24643],[27.85452,-26.2463]]}},{"type":"Feature","properties":{"id":"relation/4514818","name":"Bus F1: Naledi => Thokoza Park","network":"Rea Vaya"},"geometry":{"type":"LineString","coordinates":[[27.85452,-26.2463],[27.85469,-26.24587],[27.8548,-26.24562],[27.85487,-26.24548],[27.85497,-26.24529]]}},{"type":"Feature","properties":{"id":"relation/4514818","name":"Bus F1: Naledi => Thokoza Park","network":"Rea Vaya"},"geometry":{"type":"LineString","coordinates":[[27.85497,-26.24529],[27.85522,-26.24483]]}},{"type":"Feature","properties":{"id":"relation/4514818","name":"Bus F1: Naledi => Thokoza Park","network":"Rea Vaya"},"geometry":{"type":"LineString","coordinates":[[27.85522,-26.24483],[27.85532,-26.24466],[27.8555,-26.24434],[27.85554,-26.24427]]}},{"type":"Feature","properties":{"id":"relation/4514818","name":"Bus F1: Naledi => Thokoza Park","network":"Rea Vaya"},"geometry":{"type":"LineString","coordinates":[[27.85554,-26.24427],[27.85556,-26.24422],[27.85561,-26.24414]]}},{"type":"Feature","properties":{"id":"relation/4514818","name":"Bus F1: Naledi => Thokoza Park","network":"Rea Vaya"},"geometry":{"type":"LineString","coordinates":[[27.85561,-26.24414],[27.85577,-26.24384],[27.85581,-26.24376]]}},{"type":"Feature","properties":{"id":"relation/4514818","name":"Bus F1: Naledi => Thokoza Park","network":"Rea Vaya"},"geometry":{"type":"LineString","coordinates":[[27.85581,-26.24376],[27.85585,-26.24368],[27.85627,-26.24294],[27.85672,-26.24215],[27.85717,-26.24128]]}},{"type":"Feature","properties":{"id":"relation/4514818","name":"Bus F1: Naledi => Thokoza Park","network":"Rea Vaya"},"geometry":{"type":"LineString","coordinates":[[27.85717,-26.24128],[27.85729,-26.24107]]}},{"type":"Feature","properties":{"id":"relation/4514818","name":"Bus F1: Naledi => Thokoza Park","network":"Rea Vaya"},"geometry":{"type":"LineString","coordinates":[[27.85729,-26.24107],[27.85751,-26.24071]]}},{"type":"Feature","properties":{"id":"relation/4514818","name":"Bus F1: Naledi => Thokoza Park","network":"Rea Vaya"},"geometry":{"type":"LineString","coordinates":[[27.85751,-26.24071],[27.85778,-26.24028]]}},{"type":"Feature","properties":{"id":"relation/4514818","name":"Bus F1: Naledi => Thokoza Park","network":"Rea Vaya"},"geometry":{"type":"LineString","coordinates":[[27.85778,-26.24028],[27.85792,-26.24008],[27.858,-26.23995]]}},{"type":"Feature","properties":{"id":"relation/4514818","name":"Bus F1: Naledi => Thokoza Park","network":"Rea Vaya"},"geometry":{"type":"LineString","coordinates":[[27.858,-26.23995],[27.85822,-26.23967],[27.85832,-26.23952],[27.85852,-26.23924],[27.85869,-26.23897]]}},{"type":"Feature","properties":{"id":"relation/4514818","name":"Bus F1: Naledi => Thokoza Park","network":"Rea Vaya"},"geometry":{"type":"LineString","coordinates":[[27.85869,-26.23897],[27.85877,-26.23886],[27.85883,-26.23879]]}},{"type":"Feature","properties":{"id":"relation/4514818","name":"Bus F1: Naledi => Thokoza Park","network":"Rea Vaya"},"geometry":{"type":"LineString","coordinates":[[27.85883,-26.23879],[27.85885,-26.23876],[27.85888,-26.23872],[27.85901,-26.23857],[27.85909,-26.23849],[27.8592,-26.23838],[27.85941,-26.23816],[27.85964,-26.23794],[27.85992,-26.23766],[27.8601,-26.23748],[27.86018,-26.23742],[27.86028,-26.23735],[27.86039,-26.23727],[27.86078,-26.23699],[27.86111,-26.23676]]}},{"type":"Feature","properties":{"id":"relation/4514818","name":"Bus F1: Naledi => Thokoza Park","network":"Rea Vaya"},"geometry":{"type":"LineString","coordinates":[[27.86111,-26.23676],[27.86134,-26.23659]]}},{"type":"Feature","properties":{"id":"relation/4514818","name":"Bus F1: Naledi => Thokoza Park","network":"Rea Vaya"},"geometry":{"type":"LineString","coordinates":[[27.86134,-26.23659],[27.86148,-26.23649],[27.86158,-26.23642],[27.86165,-26.23637],[27.86172,-26.23632]]}},{"type":"Feature","properties":{"id":"relation/4514818","name":"Bus F1: Naledi => Thokoza Park","network":"Rea Vaya"},"geometry":{"type":"LineString","coordinates":[[27.86172,-26.23632],[27.86175,-26.2363],[27.86195,-26.23618],[27.8621,-26.23608],[27.86229,-26.23597],[27.8625,-26.23586],[27.86271,-26.23576],[27.86288,-26.23567],[27.86315,-26.23555],[27.86333,-26.23546],[27.86377,-26.23529],[27.86413,-26.23515],[27.86428,-26.2351]]}},{"type":"Feature","properties":{"id":"relation/4514818","name":"Bus F1: Naledi => Thokoza Park","network":"Rea Vaya"},"geometry":{"type":"LineString","coordinates":[[27.86428,-26.2351],[27.86442,-26.23506],[27.86455,-26.23503]]}},{"type":"Feature","properties":{"id":"relation/4514818","name":"Bus F1: Naledi => Thokoza Park","network":"Rea Vaya"},"geometry":{"type":"LineString","coordinates":[[27.86455,-26.23503],[27.86491,-26.23495]]}},{"type":"Feature","properties":{"id":"relation/4514818","name":"Bus F1: Naledi => Thokoza Park","network":"Rea Vaya"},"geometry":{"type":"LineString","coordinates":[[27.86491,-26.23495],[27.86523,-26.23489],[27.86581,-26.23481],[27.86637,-26.23473],[27.8666,-26.23471],[27.86688,-26.23468],[27.86725,-26.23466],[27.86748,-26.23465]]}},{"type":"Feature","properties":{"id":"relation/4514818","name":"Bus F1: Naledi => Thokoza Park","network":"Rea Vaya"},"geometry":{"type":"LineString","coordinates":[[27.86748,-26.23465],[27.86777,-26.23463],[27.86803,-26.23461],[27.86823,-26.23458],[27.86843,-26.23454],[27.86871,-26.23445],[27.86894,-26.23437],[27.86929,-26.23424],[27.86981,-26.23403],[27.87014,-26.2339],[27.87046,-26.23375],[27.87063,-26.23368],[27.87103,-26.23351],[27.87235,-26.23293],[27.8731,-26.23262],[27.87332,-26.23253],[27.87346,-26.23246],[27.87354,-26.23241],[27.87363,-26.23235],[27.87373,-26.23227],[27.87386,-26.23216],[27.87393,-26.23209]]}},{"type":"Feature","properties":{"id":"relation/4514818","name":"Bus F1: Naledi => Thokoza Park","network":"Rea Vaya"},"geometry":{"type":"LineString","coordinates":[[27.87393,-26.23209],[27.87405,-26.23196],[27.87412,-26.23189],[27.87417,-26.23181]]}},{"type":"Feature","properties":{"id":"relation/4514818","name":"Bus F1: Naledi => Thokoza Park","network":"Rea Vaya"},"geometry":{"type":"LineString","coordinates":[[27.87417,-26.23181],[27.87429,-26.23165]]}},{"type":"Feature","properties":{"id":"relation/4514818","name":"Bus F1: Naledi => Thokoza Park","network":"Rea Vaya"},"geometry":{"type":"LineString","coordinates":[[27.87429,-26.23165],[27.87434,-26.23159]]}},{"type":"Feature","properties":{"id":"relation/4514818","name":"Bus F1: Naledi => Thokoza Park","network":"Rea Vaya"},"geometry":{"type":"LineString","coordinates":[[27.87434,-26.23159],[27.87439,-26.23151],[27.87445,-26.23144]]}},{"type":"Feature","properties":{"id":"relation/4514818","name":"Bus F1: Naledi => Thokoza Park","network":"Rea Vaya"},"geometry":{"type":"LineString","coordinates":[[27.87445,-26.23144],[27.8748,-26.23097],[27.87498,-26.23071],[27.87524,-26.23037]]}},{"type":"Feature","properties":{"id":"relation/4538797","name":"Bus F10: Pimville => Lakeview","network":"Rea Vaya"},"geometry":{"type":"LineString","coordinates":[[27.89961,-26.2724],[27.89979,-26.27243],[27.90033,-26.27252],[27.90084,-26.27261],[27.90137,-26.2727],[27.90149,-26.27272],[27.90252,-26.27289],[27.90273,-26.27292],[27.90289,-26.27291],[27.90304,-26.27288],[27.9037,-26.27268],[27.90433,-26.27248],[27.90518,-26.27221],[27.90533,-26.27217],[27.9055,-26.27213],[27.90573,-26.27211],[27.90612,-26.27211],[27.90676,-26.2721],[27.90758,-26.27211],[27.9084,-26.2721],[27.90924,-26.27209]]}},{"type":"Feature","properties":{"id":"relation/4538797","name":"Bus F10: Pimville => Lakeview","network":"Rea Vaya"},"geometry":{"type":"LineString","coordinates":[[27.90217,-26.26783],[27.9019,-26.26784],[27.90159,-26.26789],[27.90128,-26.26798],[27.90114,-26.26805],[27.90111,-26.26806],[27.90104,-26.2681],[27.90087,-26.26821],[27.90072,-26.26835],[27.90059,-26.2685],[27.90048,-26.2687],[27.90039,-26.26887],[27.90032,-26.26907],[27.90027,-26.26932],[27.90019,-26.26969],[27.90001,-26.27055],[27.89997,-26.27075],[27.89994,-26.27088],[27.89985,-26.2713],[27.89979,-26.27162],[27.89976,-26.27175],[27.89969,-26.27208],[27.89961,-26.2724]]}},{"type":"Feature","properties":{"id":"relation/4538797","name":"Bus F10: Pimville => Lakeview","network":"Rea Vaya"},"geometry":{"type":"LineString","coordinates":[[27.90217,-26.26783],[27.90218,-26.26763],[27.90219,-26.26736],[27.90218,-26.26725],[27.90216,-26.26716],[27.90213,-26.26706],[27.90209,-26.26697],[27.90207,-26.26689],[27.90206,-26.26681],[27.90205,-26.26576],[27.90203,-26.26561],[27.90199,-26.26542],[27.90194,-26.26527],[27.90188,-26.26515],[27.9018,-26.26504],[27.90164,-26.26486],[27.90151,-26.26474],[27.90071,-26.26411],[27.90027,-26.26378],[27.89997,-26.26351],[27.89985,-26.26338],[27.89978,-26.2633],[27.89972,-26.26318],[27.89967,-26.26307],[27.89963,-26.26294],[27.89956,-26.26259]]}},{"type":"Feature","properties":{"id":"relation/4538797","name":"Bus F10: Pimville => Lakeview","network":"Rea Vaya"},"geometry":{"type":"LineString","coordinates":[[27.89933,-26.26111],[27.89936,-26.26132],[27.89938,-26.26142],[27.89943,-26.26175],[27.89956,-26.26259]]}},{"type":"Feature","properties":{"id":"relation/4538797","name":"Bus F10: Pimville => Lakeview","network":"Rea Vaya"},"geometry":{"type":"LineString","coordinates":[[27.89933,-26.26111],[27.89901,-26.26115],[27.89846,-26.26122],[27.89799,-26.26129],[27.8975,-26.26136]]}},{"type":"Feature","properties":{"id":"relation/4538797","name":"Bus F10: Pimville => Lakeview","network":"Rea Vaya"},"geometry":{"type":"LineString","coordinates":[[27.8975,-26.26136],[27.89682,-26.26147]]}},{"type":"Feature","properties":{"id":"relation/4538797","name":"Bus F10: Pimville => Lakeview","network":"Rea Vaya"},"geometry":{"type":"LineString","coordinates":[[27.89682,-26.26147],[27.89629,-26.26153],[27.89441,-26.26177],[27.89421,-26.2618],[27.8939,-26.26185],[27.89368,-26.26189],[27.89352,-26.26192],[27.89253,-26.2621],[27.89229,-26.26213],[27.89147,-26.26229],[27.89088,-26.2624],[27.89062,-26.26245],[27.89032,-26.26249]]}},{"type":"Feature","properties":{"id":"relation/4538797","name":"Bus F10: Pimville => Lakeview","network":"Rea Vaya"},"geometry":{"type":"LineString","coordinates":[[27.89032,-26.26249],[27.89019,-26.26252]]}},{"type":"Feature","properties":{"id":"relation/4540480","name":"Bus F3: Jabavu => Thokoza Park","network":"Rea Vaya"},"geometry":{"type":"LineString","coordinates":[[27.87779,-26.25225],[27.87781,-26.25315],[27.87788,-26.25625],[27.87788,-26.25636],[27.87788,-26.25692],[27.8779,-26.25766]]}},{"type":"Feature","properties":{"id":"relation/4540480","name":"Bus F3: Jabavu => Thokoza Park","network":"Rea Vaya"},"geometry":{"type":"LineString","coordinates":[[27.8779,-26.25766],[27.87789,-26.25824],[27.87788,-26.25852]]}},{"type":"Feature","properties":{"id":"relation/4540480","name":"Bus F3: Jabavu => Thokoza Park","network":"Rea Vaya"},"geometry":{"type":"LineString","coordinates":[[27.8836,-26.26217],[27.88331,-26.26198],[27.88277,-26.26163],[27.88262,-26.26155],[27.88164,-26.26093],[27.88007,-26.25992],[27.87993,-26.25982],[27.8791,-26.25927],[27.87889,-26.25914],[27.87867,-26.25902],[27.87804,-26.2586],[27.87795,-26.25855],[27.87788,-26.25852]]}},{"type":"Feature","properties":{"id":"relation/4540480","name":"Bus F3: Jabavu => Thokoza Park","network":"Rea Vaya"},"geometry":{"type":"LineString","coordinates":[[27.88488,-26.26217],[27.8842,-26.26225],[27.88404,-26.26227],[27.88393,-26.26228],[27.88388,-26.26229],[27.88383,-26.26229],[27.88378,-26.26228],[27.88372,-26.26224],[27.88369,-26.26222],[27.8836,-26.26217]]}},{"type":"Feature","properties":{"id":"relation/4540480","name":"Bus F3: Jabavu => Thokoza Park","network":"Rea Vaya"},"geometry":{"type":"LineString","coordinates":[[27.88507,-26.26217],[27.88488,-26.26217]]}},{"type":"Feature","properties":{"id":"relation/4540480","name":"Bus F3: Jabavu => Thokoza Park","network":"Rea Vaya"},"geometry":{"type":"LineString","coordinates":[[27.88507,-26.26217],[27.88505,-26.26225],[27.88501,-26.26251]]}},{"type":"Feature","properties":{"id":"relation/4540480","name":"Bus F3: Jabavu => Thokoza Park","network":"Rea Vaya"},"geometry":{"type":"LineString","coordinates":[[27.88501,-26.26251],[27.885,-26.26266],[27.88499,-26.26272],[27.885,-26.26279],[27.88503,-26.26288],[27.88505,-26.26291],[27.88508,-26.26299]]}},{"type":"Feature","properties":{"id":"relation/4540480","name":"Bus F3: Jabavu => Thokoza Park","network":"Rea Vaya"},"geometry":{"type":"LineString","coordinates":[[27.88498,-26.26294],[27.88502,-26.26295],[27.88508,-26.26299],[27.8851,-26.26303],[27.88513,-26.26309],[27.88513,-26.26311],[27.88513,-26.26315],[27.88512,-26.26319],[27.88507,-26.26327],[27.88505,-26.26329],[27.88502,-26.26332],[27.88497,-26.26334]]}},{"type":"Feature","properties":{"id":"relation/4540480","name":"Bus F3: Jabavu => Thokoza Park","network":"Rea Vaya"},"geometry":{"type":"LineString","coordinates":[[27.88472,-26.26333],[27.88465,-26.26326],[27.88462,-26.26322],[27.88461,-26.26317],[27.88461,-26.26312],[27.88462,-26.26308],[27.88465,-26.26305],[27.88471,-26.26299],[27.88475,-26.26294]]}},{"type":"Feature","properties":{"id":"relation/4540480","name":"Bus F3: Jabavu => Thokoza Park","network":"Rea Vaya"},"geometry":{"type":"LineString","coordinates":[[27.88497,-26.26334],[27.88491,-26.26336],[27.88486,-26.26337],[27.88482,-26.26337],[27.88479,-26.26336],[27.88474,-26.26334],[27.88472,-26.26333]]}},{"type":"Feature","properties":{"id":"relation/4540480","name":"Bus F3: Jabavu => Thokoza Park","network":"Rea Vaya"},"geometry":{"type":"LineString","coordinates":[[27.88475,-26.26294],[27.88481,-26.26292],[27.88484,-26.26292],[27.88487,-26.26291],[27.88489,-26.26292],[27.88493,-26.26292],[27.88498,-26.26294]]}},{"type":"Feature","properties":{"id":"relation/4540480","name":"Bus F3: Jabavu => Thokoza Park","network":"Rea Vaya"},"geometry":{"type":"LineString","coordinates":[[27.88472,-26.26333],[27.88461,-26.26334],[27.88455,-26.26334],[27.88425,-26.26334],[27.88416,-26.26334],[27.88404,-26.26334],[27.88385,-26.26335],[27.88368,-26.26337],[27.8835,-26.26339],[27.88321,-26.26343],[27.88291,-26.26347],[27.88267,-26.26351],[27.88243,-26.26356],[27.88222,-26.26362],[27.88209,-26.26365],[27.88192,-26.26371],[27.88167,-26.26381],[27.88155,-26.26388],[27.88127,-26.264]]}},{"type":"Feature","properties":{"id":"relation/4540480","name":"Bus F3: Jabavu => Thokoza Park","network":"Rea Vaya"},"geometry":{"type":"LineString","coordinates":[[27.88127,-26.264],[27.88104,-26.26411],[27.88084,-26.2642]]}},{"type":"Feature","properties":{"id":"relation/4540480","name":"Bus F3: Jabavu => Thokoza Park","network":"Rea Vaya"},"geometry":{"type":"LineString","coordinates":[[27.88084,-26.2642],[27.88025,-26.26447],[27.8799,-26.26463],[27.87981,-26.26467],[27.87957,-26.26478],[27.8795,-26.26482],[27.87943,-26.26486]]}},{"type":"Feature","properties":{"id":"relation/4540480","name":"Bus F3: Jabavu => Thokoza Park","network":"Rea Vaya"},"geometry":{"type":"LineString","coordinates":[[27.87943,-26.26486],[27.87937,-26.26488],[27.87933,-26.26491],[27.8793,-26.26494],[27.87926,-26.26497],[27.87922,-26.26502]]}},{"type":"Feature","properties":{"id":"relation/4540480","name":"Bus F3: Jabavu => Thokoza Park","network":"Rea Vaya"},"geometry":{"type":"LineString","coordinates":[[27.87943,-26.26486],[27.87936,-26.26494],[27.87934,-26.26497],[27.8793,-26.26501],[27.87921,-26.2651]]}},{"type":"Feature","properties":{"id":"relation/4540481","name":"Bus F4: Boomtown => Mofolo","network":"Rea Vaya"},"geometry":{"type":"LineString","coordinates":[[27.88235,-26.24444],[27.88251,-26.24438],[27.88455,-26.24367],[27.88466,-26.24362],[27.8847,-26.2436],[27.88475,-26.24357],[27.88487,-26.24348],[27.885,-26.24336],[27.88518,-26.24313],[27.8853,-26.24295],[27.8854,-26.24277],[27.88552,-26.24255],[27.88563,-26.2423],[27.8857,-26.24207],[27.88576,-26.24181],[27.8858,-26.2415],[27.88582,-26.24136],[27.88582,-26.24123],[27.88582,-26.24109],[27.8858,-26.2409],[27.88576,-26.2407],[27.88574,-26.24056],[27.8856,-26.24]]}},{"type":"Feature","properties":{"id":"relation/4540481","name":"Bus F4: Boomtown => Mofolo","network":"Rea Vaya"},"geometry":{"type":"LineString","coordinates":[[27.8856,-26.24],[27.888,-26.23958]]}},{"type":"Feature","properties":{"id":"relation/4540481","name":"Bus F4: Boomtown => Mofolo","network":"Rea Vaya"},"geometry":{"type":"LineString","coordinates":[[27.888,-26.23958],[27.88845,-26.2395]]}},{"type":"Feature","properties":{"id":"relation/4540481","name":"Bus F4: Boomtown => Mofolo","network":"Rea Vaya"},"geometry":{"type":"LineString","coordinates":[[27.88845,-26.2395],[27.88902,-26.2394]]}},{"type":"Feature","properties":{"id":"relation/4540481","name":"Bus F4: Boomtown => Mofolo","network":"Rea Vaya"},"geometry":{"type":"LineString","coordinates":[[27.88902,-26.2394],[27.88949,-26.23932],[27.89247,-26.23878],[27.89271,-26.23874],[27.89333,-26.23863],[27.89394,-26.23852],[27.89441,-26.23843]]}},{"type":"Feature","properties":{"id":"relation/4540481","name":"Bus F4: Boomtown => Mofolo","network":"Rea Vaya"},"geometry":{"type":"LineString","coordinates":[[27.89441,-26.23843],[27.89495,-26.23835],[27.89508,-26.23832],[27.89556,-26.23823],[27.89583,-26.23818],[27.89621,-26.23811],[27.89644,-26.23807],[27.8994,-26.23755],[27.89973,-26.23749],[27.8999,-26.23746],[27.90009,-26.23742],[27.90049,-26.23735],[27.9008,-26.2373],[27.90108,-26.23724],[27.90156,-26.23714]]}},{"type":"Feature","properties":{"id":"relation/4540481","name":"Bus F4: Boomtown => Mofolo","network":"Rea Vaya"},"geometry":{"type":"LineString","coordinates":[[27.90156,-26.23714],[27.90166,-26.23757],[27.9017,-26.23777],[27.90176,-26.238]]}},{"type":"Feature","properties":{"id":"relation/4540481","name":"Bus F4: Boomtown => Mofolo","network":"Rea Vaya"},"geometry":{"type":"LineString","coordinates":[[27.90631,-26.23783],[27.90627,-26.23783],[27.90621,-26.23782],[27.90593,-26.23784],[27.90498,-26.23788],[27.90458,-26.23789],[27.90404,-26.23791],[27.90391,-26.23792],[27.90374,-26.23793],[27.90306,-26.23798],[27.90244,-26.23798],[27.90176,-26.238]]}},{"type":"Feature","properties":{"id":"relation/4540481","name":"Bus F4: Boomtown => Mofolo","network":"Rea Vaya"},"geometry":{"type":"LineString","coordinates":[[27.90631,-26.23783],[27.9066,-26.23793],[27.90742,-26.23822],[27.90799,-26.23841],[27.90852,-26.23861],[27.9091,-26.23882],[27.90943,-26.23893],[27.90962,-26.23899],[27.90974,-26.23901],[27.90991,-26.23902],[27.91012,-26.23902],[27.91122,-26.23902],[27.91134,-26.239],[27.91144,-26.23897]]}},{"type":"Feature","properties":{"id":"relation/4540481","name":"Bus F4: Boomtown => Mofolo","network":"Rea Vaya"},"geometry":{"type":"LineString","coordinates":[[27.91144,-26.23897],[27.91168,-26.23926]]}},{"type":"Feature","properties":{"id":"relation/4540481","name":"Bus F4: Boomtown => Mofolo","network":"Rea Vaya"},"geometry":{"type":"LineString","coordinates":[[27.91168,-26.23926],[27.91179,-26.23938],[27.91195,-26.23959],[27.912,-26.23965],[27.91204,-26.23973]]}},{"type":"Feature","properties":{"id":"relation/4540481","name":"Bus F4: Boomtown => Mofolo","network":"Rea Vaya"},"geometry":{"type":"LineString","coordinates":[[27.91204,-26.23973],[27.91208,-26.23984],[27.91213,-26.23997],[27.91222,-26.24024]]}},{"type":"Feature","properties":{"id":"relation/4540481","name":"Bus F4: Boomtown => Mofolo","network":"Rea Vaya"},"geometry":{"type":"LineString","coordinates":[[27.91222,-26.24024],[27.91234,-26.24055]]}},{"type":"Feature","properties":{"id":"relation/4540481","name":"Bus F4: Boomtown => Mofolo","network":"Rea Vaya"},"geometry":{"type":"LineString","coordinates":[[27.91234,-26.24055],[27.91237,-26.24064]]}},{"type":"Feature","properties":{"id":"relation/4540481","name":"Bus F4: Boomtown => Mofolo","network":"Rea Vaya"},"geometry":{"type":"LineString","coordinates":[[27.91237,-26.24064],[27.9124,-26.2407],[27.91242,-26.24073]]}},{"type":"Feature","properties":{"id":"relation/4540481","name":"Bus F4: Boomtown => Mofolo","network":"Rea Vaya"},"geometry":{"type":"LineString","coordinates":[[27.91242,-26.24073],[27.91249,-26.24087]]}},{"type":"Feature","properties":{"id":"relation/4540481","name":"Bus F4: Boomtown => Mofolo","network":"Rea Vaya"},"geometry":{"type":"LineString","coordinates":[[27.91249,-26.24087],[27.91251,-26.24093],[27.91256,-26.24105],[27.9126,-26.24119],[27.91269,-26.24141],[27.9128,-26.24174],[27.91286,-26.24188],[27.91292,-26.24201],[27.91297,-26.24211],[27.91305,-26.2422],[27.91316,-26.24232],[27.91325,-26.24239],[27.91336,-26.24247],[27.91352,-26.24257]]}},{"type":"Feature","properties":{"id":"relation/4540481","name":"Bus F4: Boomtown => Mofolo","network":"Rea Vaya"},"geometry":{"type":"LineString","coordinates":[[27.91352,-26.24257],[27.91363,-26.24263],[27.91377,-26.24272]]}},{"type":"Feature","properties":{"id":"relation/4540481","name":"Bus F4: Boomtown => Mofolo","network":"Rea Vaya"},"geometry":{"type":"LineString","coordinates":[[27.91377,-26.24272],[27.91414,-26.24294]]}},{"type":"Feature","properties":{"id":"relation/4540481","name":"Bus F4: Boomtown => Mofolo","network":"Rea Vaya"},"geometry":{"type":"LineString","coordinates":[[27.91414,-26.24294],[27.91419,-26.24298]]}},{"type":"Feature","properties":{"id":"relation/4540482","name":"Bus F4: Mofolo => Boomtown","network":"Rea Vaya"},"geometry":{"type":"LineString","coordinates":[[27.88235,-26.24444],[27.88251,-26.24438],[27.88455,-26.24367],[27.88466,-26.24362],[27.8847,-26.2436],[27.88475,-26.24357],[27.88487,-26.24348],[27.885,-26.24336],[27.88518,-26.24313],[27.8853,-26.24295],[27.8854,-26.24277],[27.88552,-26.24255],[27.88563,-26.2423],[27.8857,-26.24207],[27.88576,-26.24181],[27.8858,-26.2415],[27.88582,-26.24136],[27.88582,-26.24123],[27.88582,-26.24109],[27.8858,-26.2409],[27.88576,-26.2407],[27.88574,-26.24056],[27.8856,-26.24]]}},{"type":"Feature","properties":{"id":"relation/4540482","name":"Bus F4: Mofolo => Boomtown","network":"Rea Vaya"},"geometry":{"type":"LineString","coordinates":[[27.8856,-26.24],[27.888,-26.23958]]}},{"type":"Feature","properties":{"id":"relation/4540482","name":"Bus F4: Mofolo => Boomtown","network":"Rea Vaya"},"geometry":{"type":"LineString","coordinates":[[27.888,-26.23958],[27.88845,-26.2395]]}},{"type":"Feature","properties":{"id":"relation/4540482","name":"Bus F4: Mofolo => Boomtown","network":"Rea Vaya"},"geometry":{"type":"LineString","coordinates":[[27.88845,-26.2395],[27.88902,-26.2394]]}},{"type":"Feature","properties":{"id":"relation/4540482","name":"Bus F4: Mofolo => Boomtown","network":"Rea Vaya"},"geometry":{"type":"LineString","coordinates":[[27.88902,-26.2394],[27.88949,-26.23932],[27.89247,-26.23878],[27.89271,-26.23874],[27.89333,-26.23863],[27.89394,-26.23852],[27.89441,-26.23843]]}},{"type":"Feature","properties":{"id":"relation/4540482","name":"Bus F4: Mofolo => Boomtown","network":"Rea Vaya"},"geometry":{"type":"LineString","coordinates":[[27.89441,-26.23843],[27.89495,-26.23835],[27.89508,-26.23832],[27.89556,-26.23823],[27.89583,-26.23818],[27.89621,-26.23811],[27.89644,-26.23807],[27.8994,-26.23755],[27.89973,-26.23749],[27.8999,-26.23746],[27.90009,-26.23742],[27.90049,-26.23735],[27.9008,-26.2373],[27.90108,-26.23724],[27.90156,-26.23714]]}},{"type":"Feature","properties":{"id":"relation/4540482","name":"Bus F4: Mofolo => Boomtown","network":"Rea Vaya"},"geometry":{"type":"LineString","coordinates":[[27.90156,-26.23714],[27.90166,-26.23757],[27.9017,-26.23777],[27.90176,-26.238]]}},{"type":"Feature","properties":{"id":"relation/4540482","name":"Bus F4: Mofolo => Boomtown","network":"Rea Vaya"},"geometry":{"type":"LineString","coordinates":[[27.90631,-26.23783],[27.90627,-26.23783],[27.90621,-26.23782],[27.90593,-26.23784],[27.90498,-26.23788],[27.90458,-26.23789],[27.90404,-26.23791],[27.90391,-26.23792],[27.90374,-26.23793],[27.90306,-26.23798],[27.90244,-26.23798],[27.90176,-26.238]]}},{"type":"Feature","properties":{"id":"relation/4540482","name":"Bus F4: Mofolo => Boomtown","network":"Rea Vaya"},"geometry":{"type":"LineString","coordinates":[[27.90631,-26.23783],[27.9066,-26.23793],[27.90742,-26.23822],[27.90799,-26.23841],[27.90852,-26.23861],[27.9091,-26.23882],[27.90943,-26.23893],[27.90962,-26.23899],[27.90974,-26.23901],[27.90991,-26.23902],[27.91012,-26.23902],[27.91122,-26.23902],[27.91134,-26.239],[27.91144,-26.23897]]}},{"type":"Feature","properties":{"id":"relation/4540482","name":"Bus F4: Mofolo => Boomtown","network":"Rea Vaya"},"geometry":{"type":"LineString","coordinates":[[27.91144,-26.23897],[27.91168,-26.23926]]}},{"type":"Feature","properties":{"id":"relation/4540482","name":"Bus F4: Mofolo => Boomtown","network":"Rea Vaya"},"geometry":{"type":"LineString","coordinates":[[27.91168,-26.23926],[27.91179,-26.23938],[27.91195,-26.23959],[27.912,-26.23965],[27.91204,-26.23973]]}},{"type":"Feature","properties":{"id":"relation/4540482","name":"Bus F4: Mofolo => Boomtown","network":"Rea Vaya"},"geometry":{"type":"LineString","coordinates":[[27.91204,-26.23973],[27.91208,-26.23984],[27.91213,-26.23997],[27.91222,-26.24024]]}},{"type":"Feature","properties":{"id":"relation/4540482","name":"Bus F4: Mofolo => Boomtown","network":"Rea Vaya"},"geometry":{"type":"LineString","coordinates":[[27.91222,-26.24024],[27.91234,-26.24055]]}},{"type":"Feature","properties":{"id":"relation/4540482","name":"Bus F4: Mofolo => Boomtown","network":"Rea Vaya"},"geometry":{"type":"LineString","coordinates":[[27.91234,-26.24055],[27.91237,-26.24064]]}},{"type":"Feature","properties":{"id":"relation/4540482","name":"Bus F4: Mofolo => Boomtown","network":"Rea Vaya"},"geometry":{"type":"LineString","coordinates":[[27.91237,-26.24064],[27.9124,-26.2407],[27.91242,-26.24073]]}},{"type":"Feature","properties":{"id":"relation/4540482","name":"Bus F4: Mofolo => Boomtown","network":"Rea Vaya"},"geometry":{"type":"LineString","coordinates":[[27.91242,-26.24073],[27.91249,-26.24087]]}},{"type":"Feature","properties":{"id":"relation/4540482","name":"Bus F4: Mofolo => Boomtown","network":"Rea Vaya"},"geometry":{"type":"LineString","coordinates":[[27.91249,-26.24087],[27.91251,-26.24093],[27.91256,-26.24105],[27.9126,-26.24119],[27.91269,-26.24141],[27.9128,-26.24174],[27.91286,-26.24188],[27.91292,-26.24201],[27.91297,-26.24211],[27.91305,-26.2422],[27.91316,-26.24232],[27.91325,-26.24239],[27.91336,-26.24247],[27.91352,-26.24257]]}},{"type":"Feature","properties":{"id":"relation/4540482","name":"Bus F4: Mofolo => Boomtown","network":"Rea Vaya"},"geometry":{"type":"LineString","coordinates":[[27.91352,-26.24257],[27.91363,-26.24263],[27.91377,-26.24272]]}},{"type":"Feature","properties":{"id":"relation/4540482","name":"Bus F4: Mofolo => Boomtown","network":"Rea Vaya"},"geometry":{"type":"LineString","coordinates":[[27.91377,-26.24272],[27.91414,-26.24294]]}},{"type":"Feature","properties":{"id":"relation/4540482","name":"Bus F4: Mofolo => Boomtown","network":"Rea Vaya"},"geometry":{"type":"LineString","coordinates":[[27.91414,-26.24294],[27.91419,-26.24298]]}},{"type":"Feature","properties":{"id":"relation/4543758","name":"Bus F9: Mapetla => Thokoza Park","network":"Rea Vaya"},"geometry":{"type":"LineString","coordinates":[[27.84617,-26.27439],[27.84674,-26.27383],[27.8471,-26.27349],[27.84763,-26.27298],[27.84802,-26.2726],[27.84839,-26.27226],[27.84855,-26.27209],[27.84876,-26.27189],[27.84912,-26.27154],[27.85005,-26.27059],[27.85067,-26.26999],[27.85155,-26.26912],[27.85164,-26.26903],[27.85182,-26.26886],[27.85196,-26.26872]]}},{"type":"Feature","properties":{"id":"relation/4543758","name":"Bus F9: Mapetla => Thokoza Park","network":"Rea Vaya"},"geometry":{"type":"LineString","coordinates":[[27.85196,-26.26872],[27.85247,-26.26902],[27.8533,-26.26952],[27.85504,-26.27052],[27.8555,-26.27078],[27.85593,-26.27103],[27.85637,-26.27129],[27.85644,-26.27133],[27.85687,-26.27157],[27.85765,-26.27201],[27.85809,-26.27225],[27.8589,-26.27272],[27.85898,-26.27277],[27.8591,-26.27282],[27.85932,-26.27285],[27.85966,-26.2729],[27.85982,-26.27292],[27.86006,-26.27291],[27.86074,-26.27288]]}},{"type":"Feature","properties":{"id":"relation/4543758","name":"Bus F9: Mapetla => Thokoza Park","network":"Rea Vaya"},"geometry":{"type":"LineString","coordinates":[[27.86074,-26.27288],[27.86127,-26.27285],[27.86179,-26.27281],[27.8623,-26.27277],[27.86295,-26.27273],[27.86336,-26.2727],[27.86388,-26.27266],[27.86402,-26.27266],[27.86439,-26.27263],[27.86475,-26.27261],[27.86496,-26.2726],[27.86507,-26.27261],[27.8652,-26.27264],[27.86594,-26.27286],[27.86664,-26.27307],[27.86762,-26.27334],[27.86885,-26.2737],[27.86971,-26.27396],[27.87001,-26.27404],[27.87009,-26.27407],[27.87017,-26.2741]]}},{"type":"Feature","properties":{"id":"relation/4543758","name":"Bus F9: Mapetla => Thokoza Park","network":"Rea Vaya"},"geometry":{"type":"LineString","coordinates":[[27.87017,-26.2741],[27.87027,-26.27416],[27.87039,-26.27431]]}},{"type":"Feature","properties":{"id":"relation/4543758","name":"Bus F9: Mapetla => Thokoza Park","network":"Rea Vaya"},"geometry":{"type":"LineString","coordinates":[[27.87039,-26.27431],[27.87049,-26.27445],[27.87051,-26.27447],[27.87059,-26.27458],[27.87061,-26.27461]]}},{"type":"Feature","properties":{"id":"relation/4543758","name":"Bus F9: Mapetla => Thokoza Park","network":"Rea Vaya"},"geometry":{"type":"LineString","coordinates":[[27.87061,-26.27461],[27.87063,-26.2746],[27.87065,-26.27459],[27.87096,-26.27444],[27.87111,-26.27437],[27.87219,-26.27371],[27.87242,-26.27355]]}},{"type":"Feature","properties":{"id":"relation/4543758","name":"Bus F9: Mapetla => Thokoza Park","network":"Rea Vaya"},"geometry":{"type":"LineString","coordinates":[[27.87242,-26.27355],[27.87262,-26.27338]]}},{"type":"Feature","properties":{"id":"relation/4543758","name":"Bus F9: Mapetla => Thokoza Park","network":"Rea Vaya"},"geometry":{"type":"LineString","coordinates":[[27.87262,-26.27338],[27.87279,-26.27325],[27.87284,-26.27319],[27.87303,-26.27296],[27.87328,-26.27262],[27.87422,-26.27126],[27.87426,-26.27119],[27.8743,-26.27114],[27.87456,-26.27075],[27.87485,-26.27034]]}},{"type":"Feature","properties":{"id":"relation/4543758","name":"Bus F9: Mapetla => Thokoza Park","network":"Rea Vaya"},"geometry":{"type":"LineString","coordinates":[[27.87485,-26.27034],[27.87549,-26.26945],[27.87562,-26.26926],[27.87565,-26.26922],[27.87566,-26.26916],[27.87567,-26.26907]]}},{"type":"Feature","properties":{"id":"relation/4543758","name":"Bus F9: Mapetla => Thokoza Park","network":"Rea Vaya"},"geometry":{"type":"LineString","coordinates":[[27.87561,-26.269],[27.8756,-26.26894],[27.87561,-26.26888],[27.87564,-26.26882],[27.87569,-26.26878]]}},{"type":"Feature","properties":{"id":"relation/4543758","name":"Bus F9: Mapetla => Thokoza Park","network":"Rea Vaya"},"geometry":{"type":"LineString","coordinates":[[27.87567,-26.26907],[27.87564,-26.26904],[27.87561,-26.269]]}},{"type":"Feature","properties":{"id":"relation/4543758","name":"Bus F9: Mapetla => Thokoza Park","network":"Rea Vaya"},"geometry":{"type":"LineString","coordinates":[[27.87592,-26.2691],[27.87586,-26.26912],[27.87579,-26.26912],[27.87572,-26.26911],[27.87567,-26.26907]]}},{"type":"Feature","properties":{"id":"relation/4543758","name":"Bus F9: Mapetla => Thokoza Park","network":"Rea Vaya"},"geometry":{"type":"LineString","coordinates":[[27.876,-26.26885],[27.87601,-26.26888],[27.87602,-26.26893],[27.87602,-26.26898],[27.876,-26.26902],[27.87596,-26.26906],[27.87592,-26.2691]]}},{"type":"Feature","properties":{"id":"relation/4543758","name":"Bus F9: Mapetla => Thokoza Park","network":"Rea Vaya"},"geometry":{"type":"LineString","coordinates":[[27.87596,-26.2688],[27.876,-26.26885]]}},{"type":"Feature","properties":{"id":"relation/4543758","name":"Bus F9: Mapetla => Thokoza Park","network":"Rea Vaya"},"geometry":{"type":"LineString","coordinates":[[27.87569,-26.26878],[27.87575,-26.26875],[27.87583,-26.26875],[27.8759,-26.26876],[27.87596,-26.2688]]}},{"type":"Feature","properties":{"id":"relation/4543758","name":"Bus F9: Mapetla => Thokoza Park","network":"Rea Vaya"},"geometry":{"type":"LineString","coordinates":[[27.8759,-26.26876],[27.87608,-26.26856],[27.87737,-26.26657],[27.87777,-26.26608],[27.87821,-26.26564],[27.87861,-26.26526],[27.87863,-26.26524],[27.8788,-26.2651]]}},{"type":"Feature","properties":{"id":"relation/4543758","name":"Bus F9: Mapetla => Thokoza Park","network":"Rea Vaya"},"geometry":{"type":"LineString","coordinates":[[27.87896,-26.26524],[27.87893,-26.26523],[27.87889,-26.26522],[27.87887,-26.26521],[27.87884,-26.26518],[27.87883,-26.26516],[27.87881,-26.26514],[27.8788,-26.2651],[27.87881,-26.26506],[27.87881,-26.26502],[27.87882,-26.26499]]}},{"type":"Feature","properties":{"id":"relation/4543758","name":"Bus F9: Mapetla => Thokoza Park","network":"Rea Vaya"},"geometry":{"type":"LineString","coordinates":[[27.87882,-26.26499],[27.87883,-26.26497],[27.87885,-26.26495],[27.87887,-26.26493],[27.8789,-26.26491],[27.87893,-26.2649],[27.87896,-26.26489],[27.87899,-26.26488],[27.87902,-26.26488],[27.87904,-26.26488],[27.87906,-26.26487]]}},{"type":"Feature","properties":{"id":"relation/4543758","name":"Bus F9: Mapetla => Thokoza Park","network":"Rea Vaya"},"geometry":{"type":"LineString","coordinates":[[27.87906,-26.26487],[27.87912,-26.26485],[27.87917,-26.26482],[27.87924,-26.26476],[27.87932,-26.2647],[27.87945,-26.26457],[27.87963,-26.26445],[27.87987,-26.26433],[27.88006,-26.26424],[27.88068,-26.26398]]}},{"type":"Feature","properties":{"id":"relation/4543758","name":"Bus F9: Mapetla => Thokoza Park","network":"Rea Vaya"},"geometry":{"type":"LineString","coordinates":[[27.88068,-26.26398],[27.88089,-26.26389],[27.88107,-26.26381]]}},{"type":"Feature","properties":{"id":"relation/4543758","name":"Bus F9: Mapetla => Thokoza Park","network":"Rea Vaya"},"geometry":{"type":"LineString","coordinates":[[27.88107,-26.26381],[27.88142,-26.26366],[27.88158,-26.26361],[27.88181,-26.26355],[27.88234,-26.26342],[27.88243,-26.2634],[27.88282,-26.26333],[27.88351,-26.26324],[27.88395,-26.26319],[27.88423,-26.26316],[27.88432,-26.26315],[27.88441,-26.26314],[27.88447,-26.26313],[27.88452,-26.26312],[27.88456,-26.2631],[27.88462,-26.26308]]}},{"type":"Feature","properties":{"id":"relation/4543759","name":"Bus F9: Mapetla => Thokoza Park","network":"Rea Vaya"},"geometry":{"type":"LineString","coordinates":[[27.88472,-26.26333],[27.88461,-26.26334],[27.88455,-26.26334],[27.88425,-26.26334],[27.88416,-26.26334],[27.88404,-26.26334],[27.88385,-26.26335],[27.88368,-26.26337],[27.8835,-26.26339],[27.88321,-26.26343],[27.88291,-26.26347],[27.88267,-26.26351],[27.88243,-26.26356],[27.88222,-26.26362],[27.88209,-26.26365],[27.88192,-26.26371],[27.88167,-26.26381],[27.88155,-26.26388],[27.88127,-26.264]]}},{"type":"Feature","properties":{"id":"relation/4543759","name":"Bus F9: Mapetla => Thokoza Park","network":"Rea Vaya"},"geometry":{"type":"LineString","coordinates":[[27.88127,-26.264],[27.88104,-26.26411],[27.88084,-26.2642]]}},{"type":"Feature","properties":{"id":"relation/4543759","name":"Bus F9: Mapetla => Thokoza Park","network":"Rea Vaya"},"geometry":{"type":"LineString","coordinates":[[27.88084,-26.2642],[27.88025,-26.26447],[27.8799,-26.26463],[27.87981,-26.26467],[27.87957,-26.26478],[27.8795,-26.26482],[27.87943,-26.26486]]}},{"type":"Feature","properties":{"id":"relation/4543759","name":"Bus F9: Mapetla => Thokoza Park","network":"Rea Vaya"},"geometry":{"type":"LineString","coordinates":[[27.87943,-26.26486],[27.87937,-26.26488],[27.87933,-26.26491],[27.8793,-26.26494],[27.87926,-26.26497],[27.87922,-26.26502]]}},{"type":"Feature","properties":{"id":"relation/4543759","name":"Bus F9: Mapetla => Thokoza Park","network":"Rea Vaya"},"geometry":{"type":"LineString","coordinates":[[27.87921,-26.2651],[27.8792,-26.26514],[27.87917,-26.26517],[27.87911,-26.26522],[27.87904,-26.26524],[27.879,-26.26524],[27.87896,-26.26524]]}},{"type":"Feature","properties":{"id":"relation/4543759","name":"Bus F9: Mapetla => Thokoza Park","network":"Rea Vaya"},"geometry":{"type":"LineString","coordinates":[[27.87906,-26.26487],[27.87911,-26.2649],[27.87915,-26.26492],[27.87918,-26.26494],[27.8792,-26.26496],[27.87921,-26.26499],[27.87922,-26.26502],[27.87922,-26.26504],[27.87922,-26.26506],[27.87921,-26.2651]]}},{"type":"Feature","properties":{"id":"relation/4543759","name":"Bus F9: Mapetla => Thokoza Park","network":"Rea Vaya"},"geometry":{"type":"LineString","coordinates":[[27.87896,-26.26524],[27.87882,-26.26531],[27.8788,-26.26532],[27.87873,-26.26538],[27.87867,-26.26544],[27.87826,-26.26582],[27.87789,-26.2662],[27.87762,-26.26652],[27.87739,-26.26683],[27.87622,-26.26862],[27.87619,-26.26865]]}},{"type":"Feature","properties":{"id":"relation/4543759","name":"Bus F9: Mapetla => Thokoza Park","network":"Rea Vaya"},"geometry":{"type":"LineString","coordinates":[[27.87619,-26.26865],[27.87601,-26.26888]]}},{"type":"Feature","properties":{"id":"relation/4543759","name":"Bus F9: Mapetla => Thokoza Park","network":"Rea Vaya"},"geometry":{"type":"LineString","coordinates":[[27.87619,-26.26865],[27.87602,-26.26898]]}},{"type":"Feature","properties":{"id":"relation/4543759","name":"Bus F9: Mapetla => Thokoza Park","network":"Rea Vaya"},"geometry":{"type":"LineString","coordinates":[[27.87943,-26.26486],[27.87936,-26.26494],[27.87934,-26.26497],[27.8793,-26.26501],[27.87921,-26.2651]]}},{"type":"Feature","properties":{"id":"relation/4543759","name":"Bus F9: Mapetla => Thokoza Park","network":"Rea Vaya"},"geometry":{"type":"LineString","coordinates":[[27.87561,-26.269],[27.8756,-26.26894],[27.87561,-26.26888],[27.87564,-26.26882],[27.87569,-26.26878]]}},{"type":"Feature","properties":{"id":"relation/4543759","name":"Bus F9: Mapetla => Thokoza Park","network":"Rea Vaya"},"geometry":{"type":"LineString","coordinates":[[27.87567,-26.26907],[27.87564,-26.26904],[27.87561,-26.269]]}},{"type":"Feature","properties":{"id":"relation/4543759","name":"Bus F9: Mapetla => Thokoza Park","network":"Rea Vaya"},"geometry":{"type":"LineString","coordinates":[[27.87592,-26.2691],[27.87586,-26.26912],[27.87579,-26.26912],[27.87572,-26.26911],[27.87567,-26.26907]]}},{"type":"Feature","properties":{"id":"relation/4543759","name":"Bus F9: Mapetla => Thokoza Park","network":"Rea Vaya"},"geometry":{"type":"LineString","coordinates":[[27.876,-26.26885],[27.87601,-26.26888],[27.87602,-26.26893],[27.87602,-26.26898],[27.876,-26.26902],[27.87596,-26.26906],[27.87592,-26.2691]]}},{"type":"Feature","properties":{"id":"relation/4543759","name":"Bus F9: Mapetla => Thokoza Park","network":"Rea Vaya"},"geometry":{"type":"LineString","coordinates":[[27.87596,-26.2688],[27.876,-26.26885]]}},{"type":"Feature","properties":{"id":"relation/4543759","name":"Bus F9: Mapetla => Thokoza Park","network":"Rea Vaya"},"geometry":{"type":"LineString","coordinates":[[27.87569,-26.26878],[27.87575,-26.26875],[27.87583,-26.26875],[27.8759,-26.26876],[27.87596,-26.2688]]}},{"type":"Feature","properties":{"id":"relation/4543759","name":"Bus F9: Mapetla => Thokoza Park","network":"Rea Vaya"},"geometry":{"type":"LineString","coordinates":[[27.87592,-26.2691],[27.87588,-26.26917],[27.8758,-26.26929],[27.87573,-26.2694],[27.87562,-26.26954],[27.87498,-26.27041]]}},{"type":"Feature","properties":{"id":"relation/4543759","name":"Bus F9: Mapetla => Thokoza Park","network":"Rea Vaya"},"geometry":{"type":"LineString","coordinates":[[27.87498,-26.27041],[27.87465,-26.27089],[27.87442,-26.27121],[27.8744,-26.27123],[27.87438,-26.27126],[27.87433,-26.27133],[27.87338,-26.27262],[27.87311,-26.273],[27.87293,-26.27323]]}},{"type":"Feature","properties":{"id":"relation/4543759","name":"Bus F9: Mapetla => Thokoza Park","network":"Rea Vaya"},"geometry":{"type":"LineString","coordinates":[[27.87293,-26.27323],[27.8727,-26.27344]]}},{"type":"Feature","properties":{"id":"relation/4543759","name":"Bus F9: Mapetla => Thokoza Park","network":"Rea Vaya"},"geometry":{"type":"LineString","coordinates":[[27.8727,-26.27344],[27.87249,-26.27361],[27.87224,-26.27378],[27.87085,-26.27463]]}},{"type":"Feature","properties":{"id":"relation/4543759","name":"Bus F9: Mapetla => Thokoza Park","network":"Rea Vaya"},"geometry":{"type":"LineString","coordinates":[[27.87085,-26.27463],[27.87072,-26.27471],[27.87069,-26.27473]]}},{"type":"Feature","properties":{"id":"relation/4543759","name":"Bus F9: Mapetla => Thokoza Park","network":"Rea Vaya"},"geometry":{"type":"LineString","coordinates":[[27.87069,-26.27473],[27.87065,-26.27475],[27.87063,-26.27477]]}},{"type":"Feature","properties":{"id":"relation/4543759","name":"Bus F9: Mapetla => Thokoza Park","network":"Rea Vaya"},"geometry":{"type":"LineString","coordinates":[[27.87063,-26.27477],[27.87055,-26.27464]]}},{"type":"Feature","properties":{"id":"relation/4543759","name":"Bus F9: Mapetla => Thokoza Park","network":"Rea Vaya"},"geometry":{"type":"LineString","coordinates":[[27.87055,-26.27464],[27.87053,-26.27461],[27.87049,-26.27455],[27.87041,-26.27444],[27.87023,-26.27419],[27.87017,-26.2741]]}},{"type":"Feature","properties":{"id":"relation/4543759","name":"Bus F9: Mapetla => Thokoza Park","network":"Rea Vaya"},"geometry":{"type":"LineString","coordinates":[[27.86074,-26.27288],[27.86127,-26.27285],[27.86179,-26.27281],[27.8623,-26.27277],[27.86295,-26.27273],[27.86336,-26.2727],[27.86388,-26.27266],[27.86402,-26.27266],[27.86439,-26.27263],[27.86475,-26.27261],[27.86496,-26.2726],[27.86507,-26.27261],[27.8652,-26.27264],[27.86594,-26.27286],[27.86664,-26.27307],[27.86762,-26.27334],[27.86885,-26.2737],[27.86971,-26.27396],[27.87001,-26.27404],[27.87009,-26.27407],[27.87017,-26.2741]]}},{"type":"Feature","properties":{"id":"relation/4543759","name":"Bus F9: Mapetla => Thokoza Park","network":"Rea Vaya"},"geometry":{"type":"LineString","coordinates":[[27.85196,-26.26872],[27.85247,-26.26902],[27.8533,-26.26952],[27.85504,-26.27052],[27.8555,-26.27078],[27.85593,-26.27103],[27.85637,-26.27129],[27.85644,-26.27133],[27.85687,-26.27157],[27.85765,-26.27201],[27.85809,-26.27225],[27.8589,-26.27272],[27.85898,-26.27277],[27.8591,-26.27282],[27.85932,-26.27285],[27.85966,-26.2729],[27.85982,-26.27292],[27.86006,-26.27291],[27.86074,-26.27288]]}},{"type":"Feature","properties":{"id":"relation/4543759","name":"Bus F9: Mapetla => Thokoza Park","network":"Rea Vaya"},"geometry":{"type":"LineString","coordinates":[[27.84617,-26.27439],[27.84674,-26.27383],[27.8471,-26.27349],[27.84763,-26.27298],[27.84802,-26.2726],[27.84839,-26.27226],[27.84855,-26.27209],[27.84876,-26.27189],[27.84912,-26.27154],[27.85005,-26.27059],[27.85067,-26.26999],[27.85155,-26.26912],[27.85164,-26.26903],[27.85182,-26.26886],[27.85196,-26.26872]]}},{"type":"Feature","properties":{"id":"1","name":"1A","network":"Ekurhuleni IRPTN"},"geometry":{"type":"LineString","coordinates":[[28.22602,-26.00028],[28.22552,-26.00023],[28.22512,-26.00023],[28.22487,-26.00023],[28.22436,-26.00033],[28.22376,-26.00053],[28.22316,-26.00081],[28.22279,-26.00107],[28.22259,-26.00138],[28.22218,-26.00185],[28.22176,-26.00256],[28.22138,-26.00319],[28.22133,-26.00329],[28.221,-26.00391],[28.22082,-26.00425],[28.22054,-26.00478],[28.22045,-26.00495],[28.21987,-26.00596],[28.21968,-26.00631],[28.21919,-26.00714],[28.21798,-26.00929],[28.21787,-26.00954],[28.21774,-26.0099],[28.21768,-26.01025],[28.21767,-26.01055],[28.21771,-26.01087],[28.21778,-26.01119],[28.21791,-26.01153],[28.21803,-26.01179],[28.21826,-26.01223],[28.21846,-26.01259],[28.21863,-26.01292],[28.21889,-26.01352],[28.21894,-26.01371],[28.21897,-26.01395],[28.21899,-26.01422],[28.21894,-26.01472],[28.21885,-26.01504],[28.21882,-26.01514],[28.21865,-26.01549],[28.21861,-26.01554],[28.2184,-26.01587],[28.21825,-26.01612],[28.21795,-26.01651],[28.21767,-26.0168],[28.21734,-26.01706],[28.217,-26.0173],[28.21659,-26.01746],[28.21611,-26.01762],[28.2158,-26.01767],[28.21496,-26.01772],[28.21456,-26.01766],[28.21418,-26.01757],[28.21348,-26.01735],[28.21283,-26.01713],[28.21272,-26.01709],[28.21179,-26.01673],[28.21076,-26.01638],[28.20997,-26.01616],[28.20925,-26.01603],[28.20811,-26.01584],[28.20761,-26.01578],[28.20705,-26.01573],[28.20661,-26.0157],[28.20604,-26.0157],[28.20556,-26.0157],[28.20511,-26.01577],[28.2047,-26.01587],[28.20423,-26.01605],[28.20372,-26.01633],[28.20324,-26.01669],[28.20287,-26.01709],[28.2027,-26.01727],[28.20212,-26.018],[28.20136,-26.01895],[28.20108,-26.0193],[28.20102,-26.01937],[28.20074,-26.01971],[28.19999,-26.02052],[28.1999,-26.02063],[28.19923,-26.02146],[28.19905,-26.02167],[28.19856,-26.02227],[28.19803,-26.02292],[28.19516,-26.02642],[28.19454,-26.02758],[28.19431,-26.02811],[28.19313,-26.03107],[28.19263,-26.03226],[28.19247,-26.03279],[28.19202,-26.03391],[28.19184,-26.03436],[28.19159,-26.03498],[28.19057,-26.03742],[28.18746,-26.04509],[28.18722,-26.04567],[28.1855,-26.05001],[28.18471,-26.05202],[28.18387,-26.05407],[28.1833,-26.05543],[28.183,-26.05613],[28.18285,-26.05663],[28.18281,-26.05721],[28.18285,-26.05762],[28.18317,-26.05846],[28.18399,-26.0604],[28.18408,-26.06063],[28.18524,-26.06358],[28.1856,-26.06453],[28.18581,-26.0652],[28.18587,-26.06569],[28.18594,-26.06779],[28.18598,-26.06916],[28.18599,-26.06991],[28.18599,-26.07046],[28.18599,-26.0708],[28.18608,-26.07154],[28.18617,-26.07196],[28.18634,-26.07247],[28.18652,-26.07301],[28.18712,-26.07412],[28.18808,-26.07552],[28.18856,-26.07621],[28.18894,-26.07693],[28.18946,-26.07809],[28.18956,-26.0785],[28.18977,-26.07945],[28.18983,-26.08064],[28.18983,-26.08084],[28.18985,-26.08154],[28.18986,-26.08178],[28.1899,-26.0827],[28.19002,-26.08373],[28.19017,-26.08466],[28.19046,-26.08616],[28.19049,-26.08633],[28.1908,-26.08771],[28.19089,-26.0882],[28.19094,-26.08845],[28.19104,-26.08884],[28.19106,-26.08894],[28.19111,-26.0891],[28.19113,-26.08919],[28.19114,-26.08923],[28.19121,-26.08947],[28.19125,-26.08961],[28.19185,-26.09092],[28.19209,-26.09131],[28.19233,-26.09168],[28.19296,-26.0925],[28.1933,-26.09287],[28.19365,-26.09312],[28.19398,-26.09329],[28.19456,-26.0936],[28.197,-26.09443],[28.19786,-26.09468],[28.19797,-26.09471],[28.19918,-26.0951],[28.20087,-26.09565],[28.20657,-26.09743],[28.20672,-26.09747],[28.20674,-26.09748],[28.20737,-26.09768],[28.20858,-26.09806],[28.2093,-26.0983],[28.21098,-26.09876],[28.21481,-26.09964],[28.21601,-26.09992],[28.21957,-26.10069],[28.22009,-26.10078],[28.22062,-26.10084],[28.22079,-26.10087],[28.22099,-26.10089],[28.22124,-26.10093],[28.22223,-26.10096],[28.223,-26.10093],[28.2246,-26.10087],[28.22506,-26.10085],[28.22518,-26.101],[28.22543,-26.10131],[28.22616,-26.10223],[28.22637,-26.10268],[28.2267,-26.10368],[28.22703,-26.10475],[28.22766,-26.10684],[28.228,-26.10737],[28.22845,-26.10808],[28.22904,-26.10893],[28.22965,-26.11074],[28.22972,-26.11113],[28.2297,-26.11142],[28.22969,-26.11151],[28.22968,-26.1116],[28.22963,-26.11181],[28.22885,-26.1144],[28.22872,-26.1148],[28.22859,-26.11519],[28.22854,-26.11533],[28.22843,-26.11588],[28.2284,-26.11609],[28.22838,-26.11624],[28.22838,-26.11629],[28.22834,-26.1166],[28.22831,-26.11692],[28.2283,-26.1171],[28.22837,-26.11777],[28.22842,-26.11815],[28.22855,-26.1189],[28.22857,-26.119],[28.2286,-26.11918],[28.22871,-26.12],[28.22881,-26.1208],[28.22898,-26.12198],[28.22902,-26.12224],[28.22922,-26.1236],[28.22932,-26.12423]]}},{"type":"Feature","properties":{"id":"2","name":" ","network":"Ekurhuleni IRPTN"},"geometry":{"type":"LineString","coordinates":[[28.22636,-26.00038],[28.22666,-26.00045],[28.22708,-26.00062],[28.22759,-26.00088],[28.2281,-26.00121],[28.22912,-26.00122],[28.23035,-26.00106],[28.23068,-26.001],[28.23191,-26.00052],[28.23288,-26.00011],[28.23362,-25.9995],[28.23433,-25.99895],[28.23563,-25.99792],[28.23603,-25.99763],[28.23613,-25.99756],[28.23624,-25.99744],[28.23653,-25.99731],[28.23703,-25.99726],[28.23787,-25.99744],[28.23818,-25.9975],[28.24058,-25.99798],[28.2413,-25.99812],[28.24177,-25.99822],[28.24208,-25.99808],[28.24248,-25.9979],[28.24287,-25.9977],[28.24301,-25.99762],[28.24365,-25.99727],[28.24413,-25.99692],[28.24446,-25.99659],[28.24513,-25.99553],[28.24529,-25.99502],[28.24534,-25.99408],[28.24528,-25.99382],[28.24515,-25.99317],[28.24463,-25.99066],[28.24394,-25.98728],[28.24385,-25.98685],[28.24351,-25.9852],[28.24317,-25.98459],[28.24227,-25.98322],[28.24163,-25.98226],[28.24076,-25.98271],[28.24034,-25.98294],[28.23994,-25.98315]]}},{"type":"Feature","properties":{"id":"3","name":"1B&1C Comp - Barry Marais (via Dunswart)","network":"Ekurhuleni IRPTN"},"geometry":{"type":"LineString","coordinates":[[28.225,-26.12711],[28.2258,-26.12464],[28.22602,-26.12392],[28.22652,-26.12404],[28.22791,-26.12439],[28.22932,-26.12422],[28.22941,-26.1252],[28.22935,-26.12586],[28.22928,-26.12626],[28.22887,-26.12764],[28.22869,-26.12803],[28.22869,-26.12803],[28.22846,-26.12838],[28.22801,-26.12882],[28.22747,-26.12919],[28.22614,-26.12976],[28.22558,-26.13],[28.22506,-26.13018],[28.22468,-26.13031],[28.22441,-26.13046],[28.22391,-26.13083],[28.22318,-26.13311],[28.22316,-26.13325],[28.22317,-26.13325],[28.2232,-26.13334],[28.22327,-26.13344],[28.22344,-26.13352],[28.22627,-26.13445],[28.22641,-26.13456],[28.22646,-26.13462],[28.22645,-26.1348],[28.2264,-26.13501],[28.22641,-26.13523],[28.22655,-26.13545],[28.22666,-26.13556],[28.22667,-26.13565],[28.22661,-26.13574],[28.2261,-26.13624],[28.2259,-26.13635],[28.22572,-26.13641],[28.2255,-26.13644],[28.22489,-26.13636],[28.22456,-26.13628],[28.22424,-26.13623],[28.22405,-26.13625],[28.22404,-26.13625],[28.22381,-26.13631],[28.22364,-26.13642],[28.22344,-26.13661],[28.22328,-26.13682],[28.22256,-26.13788],[28.22231,-26.13828],[28.22208,-26.1387],[28.22157,-26.13969],[28.22137,-26.14016],[28.22114,-26.14066],[28.22109,-26.14087],[28.22109,-26.14088],[28.22108,-26.14108],[28.22119,-26.14122],[28.22136,-26.14139],[28.22154,-26.14155],[28.22173,-26.14166],[28.22232,-26.14194],[28.22249,-26.14204],[28.22263,-26.14209],[28.22263,-26.14209],[28.22283,-26.1422],[28.22295,-26.14231],[28.22303,-26.1424],[28.22326,-26.14289],[28.22349,-26.14344],[28.22396,-26.1445],[28.2242,-26.14512],[28.22425,-26.14533],[28.22424,-26.14548],[28.22422,-26.14559],[28.22351,-26.14794],[28.22345,-26.14819],[28.22343,-26.14838],[28.22342,-26.14852],[28.22344,-26.14882],[28.22348,-26.14911],[28.22356,-26.14939],[28.22375,-26.14979],[28.22511,-26.15267],[28.22605,-26.15474],[28.23005,-26.16312],[28.23072,-26.1646],[28.23107,-26.16527],[28.2312,-26.16555],[28.2312,-26.16555],[28.23121,-26.16556],[28.23133,-26.16575],[28.23134,-26.16576],[28.23141,-26.1658],[28.23165,-26.16585],[28.23188,-26.16585],[28.23254,-26.16586],[28.23295,-26.16585],[28.2333,-26.16588],[28.2333,-26.16588],[28.2335,-26.16588],[28.23358,-26.16588],[28.23355,-26.16734],[28.23361,-26.16747],[28.23374,-26.16758],[28.2339,-26.16766],[28.23493,-26.16766],[28.23707,-26.16775],[28.23852,-26.16778],[28.23977,-26.16782],[28.23995,-26.16786],[28.24008,-26.16804],[28.24067,-26.16974],[28.24156,-26.17244],[28.2434,-26.17809],[28.24346,-26.17831],[28.24355,-26.17851],[28.24362,-26.17861],[28.24377,-26.17872],[28.244,-26.17877],[28.26583,-26.17905],[28.26633,-26.17905],[28.26726,-26.17909],[28.26912,-26.17911],[28.2736,-26.17918],[28.27539,-26.1792],[28.27798,-26.17919],[28.28059,-26.17928],[28.28071,-26.17931],[28.28071,-26.17931],[28.28077,-26.17942],[28.28155,-26.185],[28.28206,-26.18871],[28.28235,-26.19077],[28.28276,-26.19375],[28.28363,-26.20026],[28.28391,-26.20202],[28.28416,-26.20311],[28.28478,-26.20526],[28.285,-26.20569],[28.2852,-26.20581],[28.28571,-26.20598],[28.28628,-26.20611],[28.28679,-26.20623],[28.28724,-26.20644],[28.28759,-26.20662],[28.28779,-26.20683],[28.288,-26.2072],[28.2882,-26.20794],[28.28837,-26.20922],[28.28832,-26.20969],[28.28827,-26.21001],[28.28811,-26.21037],[28.28784,-26.2108],[28.28715,-26.21195],[28.28689,-26.21242],[28.28677,-26.21259],[28.28668,-26.21274],[28.28666,-26.21283],[28.28666,-26.21299],[28.28671,-26.2132],[28.28682,-26.21341],[28.28783,-26.21584],[28.28844,-26.21711],[28.28943,-26.21941],[28.28977,-26.22019],[28.29109,-26.2232],[28.29144,-26.22403],[28.29265,-26.22687],[28.29288,-26.22738],[28.29394,-26.22988],[28.29442,-26.23115],[28.29526,-26.23333],[28.29563,-26.23469],[28.29568,-26.23541],[28.29564,-26.23644],[28.29522,-26.23793],[28.29386,-26.24173],[28.29324,-26.2432],[28.29117,-26.24914],[28.2909,-26.25058],[28.29079,-26.25183],[28.29067,-26.25279],[28.28877,-26.26953],[28.28803,-26.27639],[28.28762,-26.27854],[28.2874,-26.27949],[28.28695,-26.28074],[28.28622,-26.28237],[28.28546,-26.28371],[28.2845,-26.28502],[28.28246,-26.28713],[28.27616,-26.29321],[28.26987,-26.29924],[28.266,-26.30294],[28.26285,-26.30593],[28.26185,-26.30692],[28.26048,-26.30815],[28.25604,-26.3125],[28.23719,-26.32957],[28.23574,-26.33088],[28.2322,-26.33411],[28.2292,-26.33659],[28.2271,-26.33805],[28.22405,-26.33976],[28.22041,-26.34151],[28.21633,-26.3424],[28.21356,-26.34301],[28.2114,-26.34331],[28.21069,-26.34337],[28.21027,-26.34336],[28.20972,-26.34335],[28.20766,-26.34308],[28.20741,-26.34319],[28.20725,-26.34331],[28.2071,-26.34352],[28.20692,-26.34377],[28.20671,-26.34406],[28.20615,-26.34435],[28.20577,-26.34448],[28.20529,-26.34472],[28.20458,-26.34511],[28.20408,-26.34541],[28.20351,-26.34581],[28.20277,-26.34649],[28.19946,-26.3504],[28.19931,-26.35072],[28.19916,-26.35117],[28.19896,-26.35165],[28.19882,-26.35186],[28.19854,-26.35212],[28.19724,-26.35336],[28.19715,-26.3535],[28.19706,-26.35373],[28.19642,-26.35579],[28.19634,-26.35606],[28.19619,-26.35628],[28.19588,-26.35655],[28.1932,-26.35859],[28.19454,-26.35979],[28.19585,-26.36016],[28.19839,-26.36083],[28.20382,-26.36218],[28.20747,-26.36313],[28.2103,-26.3638],[28.21247,-26.36418],[28.21752,-26.36488],[28.21938,-26.36537],[28.21968,-26.36534],[28.2198,-26.36522],[28.22146,-26.36034],[28.2216,-26.36017],[28.22168,-26.36001],[28.22165,-26.35992],[28.22151,-26.35996],[28.22131,-26.36001],[28.22092,-26.35979],[28.22065,-26.35953],[28.22053,-26.35919],[28.22041,-26.35875],[28.22011,-26.35814],[28.21974,-26.35737],[28.21951,-26.35682],[28.21937,-26.35613],[28.21933,-26.35553],[28.21942,-26.35547],[28.21987,-26.35538],[28.22058,-26.35533],[28.22112,-26.35529],[28.2225,-26.35559],[28.22306,-26.35596],[28.22306,-26.35619],[28.22319,-26.35628],[28.22335,-26.35629],[28.22342,-26.35626],[28.22351,-26.35631]]}},{"type":"Feature","properties":{"id":"4","name":"1B&1C Comp - Via Boksburg CBD & Dunswart","network":"Ekurhuleni IRPTN"},"geometry":{"type":"LineString","coordinates":[[28.25311,-26.22232],[28.25308,-26.22326],[28.25307,-26.22375],[28.25303,-26.2242],[28.25296,-26.22494],[28.25294,-26.2254],[28.25297,-26.22592],[28.25303,-26.22615],[28.25308,-26.22633],[28.25313,-26.22648],[28.25321,-26.22665],[28.25332,-26.22688],[28.25346,-26.22711],[28.25359,-26.22731],[28.25371,-26.22752],[28.25409,-26.22806],[28.25476,-26.22904],[28.25425,-26.22923],[28.25368,-26.22939],[28.25312,-26.22947],[28.25284,-26.22948],[28.25248,-26.22947],[28.25174,-26.2294],[28.25124,-26.22933],[28.24994,-26.22919],[28.24954,-26.22916],[28.24933,-26.22917],[28.24921,-26.22921],[28.24909,-26.22929],[28.24903,-26.22937],[28.24895,-26.22953],[28.24871,-26.23041],[28.24846,-26.23149],[28.24812,-26.23294],[28.24784,-26.23416],[28.2475,-26.23577],[28.24727,-26.23713],[28.24708,-26.23838],[28.24704,-26.23946],[28.247,-26.23977],[28.24692,-26.24039],[28.24668,-26.24181],[28.24646,-26.24314],[28.2464,-26.24372],[28.24617,-26.24522],[28.24598,-26.24648],[28.24568,-26.24839],[28.24545,-26.24979],[28.24508,-26.25119],[28.24494,-26.25181],[28.24442,-26.25374],[28.24399,-26.25556],[28.24363,-26.25685],[28.24331,-26.25812],[28.24288,-26.2597],[28.24272,-26.26036],[28.24258,-26.26093],[28.24247,-26.26123],[28.24209,-26.26268],[28.24181,-26.26391],[28.24151,-26.26565],[28.24135,-26.26651],[28.24117,-26.26763],[28.241,-26.26859],[28.24067,-26.27043],[28.24048,-26.27167],[28.24039,-26.27216],[28.24038,-26.27243],[28.24042,-26.27313],[28.24049,-26.27362],[28.24069,-26.27422],[28.24129,-26.27533],[28.24189,-26.27641],[28.2427,-26.27785],[28.24348,-26.27919],[28.24415,-26.28034],[28.24483,-26.28155],[28.24591,-26.28342],[28.24678,-26.28493],[28.24722,-26.28574],[28.24768,-26.2865],[28.24853,-26.28797],[28.24917,-26.28904],[28.24934,-26.28932],[28.25007,-26.29063],[28.25048,-26.29131],[28.25188,-26.2937],[28.25236,-26.29449],[28.25331,-26.29607],[28.25414,-26.29746],[28.25526,-26.29933],[28.25606,-26.30073],[28.25698,-26.30229],[28.25785,-26.30375],[28.25908,-26.30586],[28.2599,-26.30723],[28.26047,-26.3082],[28.26006,-26.30861],[28.25881,-26.30985],[28.25743,-26.31119],[28.25643,-26.31212],[28.25549,-26.31297],[28.25444,-26.31393],[28.25306,-26.31515],[28.25147,-26.31658],[28.25038,-26.31756],[28.24908,-26.31872],[28.24745,-26.32019],[28.24599,-26.32151],[28.24506,-26.32232],[28.24365,-26.3236],[28.24237,-26.32474],[28.24088,-26.32607],[28.23925,-26.32754],[28.23797,-26.3287],[28.23645,-26.33006],[28.23495,-26.33139],[28.23334,-26.33287],[28.23316,-26.33304],[28.23288,-26.33344],[28.23287,-26.33345],[28.23249,-26.33382],[28.2318,-26.33443],[28.23162,-26.33459],[28.23055,-26.33551],[28.22929,-26.33651],[28.22784,-26.33754],[28.22639,-26.33847],[28.2247,-26.33944],[28.22365,-26.33996],[28.22224,-26.34058],[28.22066,-26.34121],[28.21887,-26.34181],[28.2186,-26.34189],[28.21809,-26.34203],[28.2165,-26.34238],[28.21497,-26.34268],[28.21297,-26.34306],[28.21125,-26.34333],[28.21033,-26.34342],[28.21001,-26.34341],[28.2096,-26.34334],[28.20867,-26.34324],[28.20759,-26.34309],[28.20744,-26.34314],[28.20731,-26.34322],[28.20722,-26.3433],[28.20714,-26.34343],[28.20707,-26.34363],[28.20695,-26.3438],[28.20683,-26.34394],[28.20667,-26.34409],[28.20658,-26.34415],[28.20642,-26.34425],[28.20624,-26.34432],[28.206,-26.34441],[28.20505,-26.34483],[28.20458,-26.3451],[28.20421,-26.34533],[28.20341,-26.34593],[28.20289,-26.3464],[28.20217,-26.34722],[28.20083,-26.34883],[28.19969,-26.35021],[28.19931,-26.35068],[28.19916,-26.35097],[28.19907,-26.35128],[28.19889,-26.35174],[28.19879,-26.35188],[28.19812,-26.35254],[28.19731,-26.35329],[28.19712,-26.35355],[28.1969,-26.35421],[28.19664,-26.35497],[28.19632,-26.35596],[28.19624,-26.35618],[28.19616,-26.35633],[28.19605,-26.35642],[28.19503,-26.35722],[28.19321,-26.35862],[28.19449,-26.35977],[28.19463,-26.35987],[28.19488,-26.35994],[28.19707,-26.36051],[28.19869,-26.36094],[28.19997,-26.36127],[28.2001,-26.3612],[28.20024,-26.36125],[28.20031,-26.36134],[28.20368,-26.36218],[28.20609,-26.36278],[28.20871,-26.36348],[28.21017,-26.36385],[28.21138,-26.36402],[28.21357,-26.36434],[28.21557,-26.36461],[28.21758,-26.36492],[28.21952,-26.36541],[28.21961,-26.36535],[28.21976,-26.36531],[28.22036,-26.36359],[28.22084,-26.3621],[28.22146,-26.36032],[28.22145,-26.36022],[28.22141,-26.36015],[28.22139,-26.36003],[28.22144,-26.35997],[28.22155,-26.35993],[28.22165,-26.35989],[28.22175,-26.35979],[28.22189,-26.35956],[28.2223,-26.35867],[28.22222,-26.35859],[28.22221,-26.35848],[28.22228,-26.35841],[28.22238,-26.35843]]}},{"type":"Feature","properties":{"id":"5","name":"Section 8","network":"Ekurhuleni IRPTN"},"geometry":{"type":"LineString","coordinates":[[28.27035,-26.22253],[28.27268,-26.2201],[28.27283,-26.22]]}},{"type":"Feature","properties":{"id":"6","name":"Section 9","network":"Ekurhuleni IRPTN"},"geometry":{"type":"LineString","coordinates":[[28.27961,-26.21522],[28.27779,-26.21649],[28.27404,-26.21913],[28.27326,-26.21968],[28.27279,-26.22001]]}},{"type":"Feature","properties":{"id":"7","name":"Section 10","network":"Ekurhuleni IRPTN"},"geometry":{"type":"LineString","coordinates":[[28.27961,-26.21522],[28.28015,-26.21487],[28.2809,-26.21461],[28.28232,-26.21413],[28.28525,-26.21318],[28.28597,-26.21291],[28.28628,-26.21277]]}},{"type":"Feature","properties":{"id":"8","name":"Commissioner Route","network":"Ekurhuleni IRPTN"},"geometry":{"type":"LineString","coordinates":[[28.25254,-26.22238],[28.25898,-26.22266],[28.26346,-26.22286],[28.26342,-26.22364],[28.26835,-26.22383],[28.26896,-26.22369],[28.26945,-26.2234],[28.27267,-26.22011],[28.2769,-26.21712],[28.28016,-26.21489],[28.28624,-26.2128],[28.28651,-26.21264],[28.28683,-26.21235],[28.28791,-26.21056],[28.28826,-26.20949],[28.28826,-26.20878],[28.2881,-26.20777],[28.28787,-26.20723]]}}]}