{"type":"FeatureCollection","features":[{"type":"Feature","properties":{"id":"relation/3118439","name":"Park Station - CBD (Gautrain J2)","network":"Gautrain Bus"},"geometry":{"type":"LineString","coordinates":[[28.0426,-26.19505],[28.04242,-26.19507],[28.04182,-26.19514],[28.04179,-26.19514]]}},{"type":"Feature","properties":{"id":"relation/3118439","name":"Park Station - CBD (Gautrain J2)","network":"Gautrain Bus"},"geometry":{"type":"LineString","coordinates":[[28.04179,-26.19514],[28.04133,-26.19518],[28.04088,-26.19523],[28.04085,-26.19523],[28.04078,-26.19524],[28.04072,-26.19525]]}},{"type":"Feature","properties":{"id":"relation/3118439","name":"Park Station - CBD (Gautrain J2)","network":"Gautrain Bus"},"geometry":{"type":"LineString","coordinates":[[28.04072,-26.19525],[28.04001,-26.19533]]}},{"type":"Feature","properties":{"id":"relation/3118439","name":"Park Station - CBD (Gautrain J2)","network":"Gautrain Bus"},"geometry":{"type":"LineString","coordinates":[[28.04001,-26.19533],[28.03905,-26.19543],[28.03898,-26.19544],[28.03876,-26.19546],[28.03823,-26.19553],[28.03739,-26.19562]]}},{"type":"Feature","properties":{"id":"relation/3118439","name":"Park Station - CBD (Gautrain J2)","network":"Gautrain Bus"},"geometry":{"type":"LineString","coordinates":[[28.03739,-26.19562],[28.03744,-26.19597],[28.03749,-26.19639]]}},{"type":"Feature","properties":{"id":"relation/3118439","name":"Park Station - CBD (Gautrain J2)","network":"Gautrain Bus"},"geometry":{"type":"LineString","coordinates":[[28.03749,-26.19639],[28.03754,-26.19673]]}},{"type":"Feature","properties":{"id":"relation/3118439","name":"Park Station - CBD (Gautrain J2)","network":"Gautrain Bus"},"geometry":{"type":"LineString","coordinates":[[28.03754,-26.19673],[28.03779,-26.19854]]}},{"type":"Feature","properties":{"id":"relation/3118439","name":"Park Station - CBD (Gautrain J2)","network":"Gautrain Bus"},"geometry":{"type":"LineString","coordinates":[[28.03779,-26.19854],[28.03782,-26.19875]]}},{"type":"Feature","properties":{"id":"relation/3118439","name":"Park Station - CBD (Gautrain J2)","network":"Gautrain Bus"},"geometry":{"type":"LineString","coordinates":[[28.03782,-26.19875],[28.03786,-26.1989],[28.03789,-26.199],[28.03794,-26.19911],[28.03797,-26.19915],[28.03811,-26.19933],[28.03831,-26.19958]]}},{"type":"Feature","properties":{"id":"relation/3118439","name":"Park Station - CBD (Gautrain J2)","network":"Gautrain Bus"},"geometry":{"type":"LineString","coordinates":[[28.03831,-26.19958],[28.03865,-26.19995],[28.03882,-26.20015]]}},{"type":"Feature","properties":{"id":"relation/3118439","name":"Park Station - CBD (Gautrain J2)","network":"Gautrain Bus"},"geometry":{"type":"LineString","coordinates":[[28.03882,-26.20015],[28.03891,-26.20028],[28.03898,-26.20043],[28.0391,-26.20118],[28.03921,-26.20196],[28.03929,-26.20254],[28.03931,-26.20272],[28.03936,-26.20304],[28.03943,-26.20347],[28.03953,-26.20424],[28.03962,-26.20496],[28.03972,-26.20575],[28.0398,-26.20632],[28.03989,-26.20699],[28.03989,-26.20703],[28.04,-26.20776]]}},{"type":"Feature","properties":{"id":"relation/3118439","name":"Park Station - CBD (Gautrain J2)","network":"Gautrain Bus"},"geometry":{"type":"LineString","coordinates":[[28.04,-26.20776],[28.04083,-26.20766]]}},{"type":"Feature","properties":{"id":"relation/3118439","name":"Park Station - CBD (Gautrain J2)","network":"Gautrain Bus"},"geometry":{"type":"LineString","coordinates":[[28.04083,-26.20766],[28.04167,-26.20758]]}},{"type":"Feature","properties":{"id":"relation/3118439","name":"Park Station - CBD (Gautrain J2)","network":"Gautrain Bus"},"geometry":{"type":"LineString","coordinates":[[28.04167,-26.20758],[28.04196,-26.20755],[28.04251,-26.20748],[28.04259,-26.20748],[28.04429,-26.20727],[28.04511,-26.20718],[28.04545,-26.20714],[28.04591,-26.2071],[28.04691,-26.20699],[28.04771,-26.2069],[28.04867,-26.20677],[28.04888,-26.20675]]}},{"type":"Feature","properties":{"id":"relation/3118439","name":"Park Station - CBD (Gautrain J2)","network":"Gautrain Bus"},"geometry":{"type":"LineString","coordinates":[[28.04888,-26.20675],[28.04917,-26.20673]]}},{"type":"Feature","properties":{"id":"relation/3118439","name":"Park Station - CBD (Gautrain J2)","network":"Gautrain Bus"},"geometry":{"type":"LineString","coordinates":[[28.04917,-26.20673],[28.04954,-26.20668],[28.05045,-26.20659]]}},{"type":"Feature","properties":{"id":"relation/3118439","name":"Park Station - CBD (Gautrain J2)","network":"Gautrain Bus"},"geometry":{"type":"LineString","coordinates":[[28.05045,-26.20659],[28.05125,-26.2065]]}},{"type":"Feature","properties":{"id":"relation/3118439","name":"Park Station - CBD (Gautrain J2)","network":"Gautrain Bus"},"geometry":{"type":"LineString","coordinates":[[28.05125,-26.2065],[28.05134,-26.2072]]}},{"type":"Feature","properties":{"id":"relation/3118439","name":"Park Station - CBD (Gautrain J2)","network":"Gautrain Bus"},"geometry":{"type":"LineString","coordinates":[[28.05134,-26.2072],[28.05055,-26.20728]]}},{"type":"Feature","properties":{"id":"relation/3118439","name":"Park Station - CBD (Gautrain J2)","network":"Gautrain Bus"},"geometry":{"type":"LineString","coordinates":[[28.05055,-26.20728],[28.0504,-26.20727],[28.05015,-26.20725],[28.04973,-26.20722],[28.04874,-26.20732]]}},{"type":"Feature","properties":{"id":"relation/3118439","name":"Park Station - CBD (Gautrain J2)","network":"Gautrain Bus"},"geometry":{"type":"LineString","coordinates":[[28.04874,-26.20732],[28.04778,-26.20743]]}},{"type":"Feature","properties":{"id":"relation/3118439","name":"Park Station - CBD (Gautrain J2)","network":"Gautrain Bus"},"geometry":{"type":"LineString","coordinates":[[28.04778,-26.20743],[28.04698,-26.20752],[28.04599,-26.20765],[28.04517,-26.20774],[28.04436,-26.20783]]}},{"type":"Feature","properties":{"id":"relation/3118439","name":"Park Station - CBD (Gautrain J2)","network":"Gautrain Bus"},"geometry":{"type":"LineString","coordinates":[[28.04436,-26.20783],[28.04357,-26.20791]]}},{"type":"Feature","properties":{"id":"relation/3118439","name":"Park Station - CBD (Gautrain J2)","network":"Gautrain Bus"},"geometry":{"type":"LineString","coordinates":[[28.04357,-26.20791],[28.04267,-26.20803],[28.04258,-26.20804]]}},{"type":"Feature","properties":{"id":"relation/3118439","name":"Park Station - CBD (Gautrain J2)","network":"Gautrain Bus"},"geometry":{"type":"LineString","coordinates":[[28.04258,-26.20804],[28.04174,-26.20812]]}},{"type":"Feature","properties":{"id":"relation/3118439","name":"Park Station - CBD (Gautrain J2)","network":"Gautrain Bus"},"geometry":{"type":"LineString","coordinates":[[28.04174,-26.20812],[28.04091,-26.20821]]}},{"type":"Feature","properties":{"id":"relation/3118439","name":"Park Station - CBD (Gautrain J2)","network":"Gautrain Bus"},"geometry":{"type":"LineString","coordinates":[[28.04091,-26.20821],[28.04009,-26.2083]]}},{"type":"Feature","properties":{"id":"relation/3118439","name":"Park Station - CBD (Gautrain J2)","network":"Gautrain Bus"},"geometry":{"type":"LineString","coordinates":[[28.04009,-26.2083],[28.03926,-26.20839]]}},{"type":"Feature","properties":{"id":"relation/3118439","name":"Park Station - CBD (Gautrain J2)","network":"Gautrain Bus"},"geometry":{"type":"LineString","coordinates":[[28.03926,-26.20839],[28.0385,-26.20848]]}},{"type":"Feature","properties":{"id":"relation/3118439","name":"Park Station - CBD (Gautrain J2)","network":"Gautrain Bus"},"geometry":{"type":"LineString","coordinates":[[28.0385,-26.20848],[28.03842,-26.20793]]}},{"type":"Feature","properties":{"id":"relation/3118439","name":"Park Station - CBD (Gautrain J2)","network":"Gautrain Bus"},"geometry":{"type":"LineString","coordinates":[[28.03842,-26.20793],[28.03832,-26.20722]]}},{"type":"Feature","properties":{"id":"relation/3118439","name":"Park Station - CBD (Gautrain J2)","network":"Gautrain Bus"},"geometry":{"type":"LineString","coordinates":[[28.03832,-26.20722],[28.03832,-26.20718],[28.03829,-26.20701]]}},{"type":"Feature","properties":{"id":"relation/3118439","name":"Park Station - CBD (Gautrain J2)","network":"Gautrain Bus"},"geometry":{"type":"LineString","coordinates":[[28.03829,-26.20701],[28.03822,-26.20651]]}},{"type":"Feature","properties":{"id":"relation/3118439","name":"Park Station - CBD (Gautrain J2)","network":"Gautrain Bus"},"geometry":{"type":"LineString","coordinates":[[28.03822,-26.20651],[28.03814,-26.20593]]}},{"type":"Feature","properties":{"id":"relation/3118439","name":"Park Station - CBD (Gautrain J2)","network":"Gautrain Bus"},"geometry":{"type":"LineString","coordinates":[[28.03814,-26.20593],[28.03803,-26.20515]]}},{"type":"Feature","properties":{"id":"relation/3118439","name":"Park Station - CBD (Gautrain J2)","network":"Gautrain Bus"},"geometry":{"type":"LineString","coordinates":[[28.03803,-26.20515],[28.03793,-26.20442]]}},{"type":"Feature","properties":{"id":"relation/3118439","name":"Park Station - CBD (Gautrain J2)","network":"Gautrain Bus"},"geometry":{"type":"LineString","coordinates":[[28.03793,-26.20442],[28.03782,-26.20366]]}},{"type":"Feature","properties":{"id":"relation/3118439","name":"Park Station - CBD (Gautrain J2)","network":"Gautrain Bus"},"geometry":{"type":"LineString","coordinates":[[28.03782,-26.20366],[28.03772,-26.2029]]}},{"type":"Feature","properties":{"id":"relation/3118439","name":"Park Station - CBD (Gautrain J2)","network":"Gautrain Bus"},"geometry":{"type":"LineString","coordinates":[[28.03772,-26.2029],[28.03764,-26.20214]]}},{"type":"Feature","properties":{"id":"relation/3118439","name":"Park Station - CBD (Gautrain J2)","network":"Gautrain Bus"},"geometry":{"type":"LineString","coordinates":[[28.03764,-26.20214],[28.03752,-26.20136]]}},{"type":"Feature","properties":{"id":"relation/3118439","name":"Park Station - CBD (Gautrain J2)","network":"Gautrain Bus"},"geometry":{"type":"LineString","coordinates":[[28.03752,-26.20136],[28.03746,-26.20083],[28.03745,-26.20065],[28.03744,-26.20051],[28.03745,-26.20041],[28.03746,-26.20028]]}},{"type":"Feature","properties":{"id":"relation/3118439","name":"Park Station - CBD (Gautrain J2)","network":"Gautrain Bus"},"geometry":{"type":"LineString","coordinates":[[28.03746,-26.20028],[28.03754,-26.19993]]}},{"type":"Feature","properties":{"id":"relation/3118439","name":"Park Station - CBD (Gautrain J2)","network":"Gautrain Bus"},"geometry":{"type":"LineString","coordinates":[[28.03754,-26.19993],[28.03764,-26.19964],[28.03767,-26.19951],[28.03782,-26.19915]]}},{"type":"Feature","properties":{"id":"relation/3118439","name":"Park Station - CBD (Gautrain J2)","network":"Gautrain Bus"},"geometry":{"type":"LineString","coordinates":[[28.03782,-26.19915],[28.03782,-26.19892],[28.03782,-26.19875]]}},{"type":"Feature","properties":{"id":"relation/3118439","name":"Park Station - CBD (Gautrain J2)","network":"Gautrain Bus"},"geometry":{"type":"LineString","coordinates":[[28.03731,-26.19501],[28.03739,-26.19562]]}},{"type":"Feature","properties":{"id":"relation/3118439","name":"Park Station - CBD (Gautrain J2)","network":"Gautrain Bus"},"geometry":{"type":"LineString","coordinates":[[28.03731,-26.19501],[28.03815,-26.19492]]}},{"type":"Feature","properties":{"id":"relation/3118439","name":"Park Station - CBD (Gautrain J2)","network":"Gautrain Bus"},"geometry":{"type":"LineString","coordinates":[[28.03815,-26.19492],[28.0389,-26.19483],[28.03897,-26.19482],[28.03928,-26.1948],[28.03991,-26.19474],[28.0403,-26.1947],[28.04062,-26.19465]]}},{"type":"Feature","properties":{"id":"relation/3118439","name":"Park Station - CBD (Gautrain J2)","network":"Gautrain Bus"},"geometry":{"type":"LineString","coordinates":[[28.04062,-26.19465],[28.04066,-26.19465],[28.04072,-26.19464],[28.04077,-26.19463]]}},{"type":"Feature","properties":{"id":"relation/3118439","name":"Park Station - CBD (Gautrain J2)","network":"Gautrain Bus"},"geometry":{"type":"LineString","coordinates":[[28.04077,-26.19463],[28.0417,-26.19452]]}},{"type":"Feature","properties":{"id":"relation/3118439","name":"Park Station - CBD (Gautrain J2)","network":"Gautrain Bus"},"geometry":{"type":"LineString","coordinates":[[28.0417,-26.19452],[28.0425,-26.19443]]}},{"type":"Feature","properties":{"id":"relation/3118439","name":"Park Station - CBD (Gautrain J2)","network":"Gautrain Bus"},"geometry":{"type":"LineString","coordinates":[[28.0425,-26.19443],[28.04255,-26.19474]]}},{"type":"Feature","properties":{"id":"relation/3118439","name":"Park Station - CBD (Gautrain J2)","network":"Gautrain Bus"},"geometry":{"type":"LineString","coordinates":[[28.04255,-26.19474],[28.0426,-26.19505]]}},{"type":"Feature","properties":{"id":"relation/3120312","name":"RF1","network":"Gautrain Bus"},"geometry":{"type":"LineString","coordinates":[[28.22533,-26.128],[28.22531,-26.12794],[28.2253,-26.1279],[28.2253,-26.12787],[28.22531,-26.12783],[28.22533,-26.12775],[28.22564,-26.12678],[28.22567,-26.12668]]}},{"type":"Feature","properties":{"id":"relation/3120312","name":"RF1","network":"Gautrain Bus"},"geometry":{"type":"LineString","coordinates":[[28.22567,-26.12668],[28.22559,-26.12666],[28.22518,-26.12656]]}},{"type":"Feature","properties":{"id":"relation/3120312","name":"RF1","network":"Gautrain Bus"},"geometry":{"type":"LineString","coordinates":[[28.2298,-26.12417],[28.22988,-26.12416],[28.23049,-26.12409],[28.23087,-26.12405]]}},{"type":"Feature","properties":{"id":"relation/3120312","name":"RF1","network":"Gautrain Bus"},"geometry":{"type":"LineString","coordinates":[[28.23087,-26.12405],[28.23091,-26.12437],[28.23104,-26.12524]]}},{"type":"Feature","properties":{"id":"relation/3120312","name":"RF1","network":"Gautrain Bus"},"geometry":{"type":"LineString","coordinates":[[28.23104,-26.12524],[28.23252,-26.1249],[28.2327,-26.12485]]}},{"type":"Feature","properties":{"id":"relation/3120312","name":"RF1","network":"Gautrain Bus"},"geometry":{"type":"LineString","coordinates":[[28.2327,-26.12485],[28.23242,-26.12439]]}},{"type":"Feature","properties":{"id":"relation/3120312","name":"RF1","network":"Gautrain Bus"},"geometry":{"type":"LineString","coordinates":[[28.23242,-26.12439],[28.23236,-26.12437],[28.23232,-26.12433],[28.23227,-26.12426],[28.23222,-26.12421],[28.23214,-26.12414],[28.23207,-26.12409],[28.23192,-26.12401]]}},{"type":"Feature","properties":{"id":"relation/3120312","name":"RF1","network":"Gautrain Bus"},"geometry":{"type":"LineString","coordinates":[[28.23195,-26.12373],[28.23204,-26.12363],[28.2321,-26.12353],[28.23212,-26.12347],[28.23217,-26.12329],[28.23218,-26.12321],[28.23221,-26.12312],[28.23226,-26.12302]]}},{"type":"Feature","properties":{"id":"relation/3120312","name":"RF1","network":"Gautrain Bus"},"geometry":{"type":"LineString","coordinates":[[28.23226,-26.12302],[28.23231,-26.12278],[28.23236,-26.12247],[28.2324,-26.12222],[28.23242,-26.1221],[28.23263,-26.12085],[28.23274,-26.12021],[28.23281,-26.1198],[28.23287,-26.11943],[28.23293,-26.11903],[28.23335,-26.11669],[28.23346,-26.11598],[28.23347,-26.11592]]}},{"type":"Feature","properties":{"id":"relation/3120312","name":"RF1","network":"Gautrain Bus"},"geometry":{"type":"LineString","coordinates":[[28.23347,-26.11592],[28.23343,-26.11584]]}},{"type":"Feature","properties":{"id":"relation/3120312","name":"RF1","network":"Gautrain Bus"},"geometry":{"type":"LineString","coordinates":[[28.23343,-26.11584],[28.23341,-26.11578],[28.23337,-26.11561],[28.23334,-26.11547],[28.23331,-26.11531],[28.23311,-26.11428],[28.23303,-26.11384],[28.23298,-26.11371],[28.23293,-26.11365],[28.23286,-26.11355],[28.23268,-26.11333],[28.23236,-26.11295],[28.2323,-26.11286]]}},{"type":"Feature","properties":{"id":"relation/3120312","name":"RF1","network":"Gautrain Bus"},"geometry":{"type":"LineString","coordinates":[[28.2323,-26.11286],[28.23223,-26.11278]]}},{"type":"Feature","properties":{"id":"relation/3120312","name":"RF1","network":"Gautrain Bus"},"geometry":{"type":"LineString","coordinates":[[28.23223,-26.11278],[28.23231,-26.11273]]}},{"type":"Feature","properties":{"id":"relation/3120312","name":"RF1","network":"Gautrain Bus"},"geometry":{"type":"LineString","coordinates":[[28.23231,-26.11273],[28.23502,-26.11085],[28.23541,-26.11058],[28.23597,-26.11024]]}},{"type":"Feature","properties":{"id":"relation/3120312","name":"RF1","network":"Gautrain Bus"},"geometry":{"type":"LineString","coordinates":[[28.23541,-26.1085],[28.23546,-26.10879],[28.23557,-26.10934],[28.23565,-26.10965],[28.23567,-26.10975],[28.23571,-26.10983],[28.23576,-26.1099],[28.2358,-26.10996],[28.23581,-26.10998],[28.23597,-26.11024]]}},{"type":"Feature","properties":{"id":"relation/3120312","name":"RF1","network":"Gautrain Bus"},"geometry":{"type":"LineString","coordinates":[[28.23529,-26.10731],[28.23529,-26.10733],[28.23534,-26.10772],[28.23539,-26.10811],[28.23542,-26.10838],[28.23541,-26.1085]]}},{"type":"Feature","properties":{"id":"relation/3120312","name":"RF1","network":"Gautrain Bus"},"geometry":{"type":"LineString","coordinates":[[28.23528,-26.10726],[28.23529,-26.10731]]}},{"type":"Feature","properties":{"id":"relation/3120312","name":"RF1","network":"Gautrain Bus"},"geometry":{"type":"LineString","coordinates":[[28.23527,-26.10721],[28.23528,-26.10726]]}},{"type":"Feature","properties":{"id":"relation/3120312","name":"RF1","network":"Gautrain Bus"},"geometry":{"type":"LineString","coordinates":[[28.23521,-26.10721],[28.23527,-26.10721]]}},{"type":"Feature","properties":{"id":"relation/3120312","name":"RF1","network":"Gautrain Bus"},"geometry":{"type":"LineString","coordinates":[[28.23465,-26.10729],[28.23475,-26.10727],[28.23486,-26.10725],[28.23504,-26.10723],[28.23511,-26.10722],[28.23521,-26.10721]]}},{"type":"Feature","properties":{"id":"relation/3120312","name":"RF1","network":"Gautrain Bus"},"geometry":{"type":"LineString","coordinates":[[28.23348,-26.10739],[28.23417,-26.10734],[28.23437,-26.10732],[28.23465,-26.10729]]}},{"type":"Feature","properties":{"id":"relation/3120312","name":"RF1","network":"Gautrain Bus"},"geometry":{"type":"LineString","coordinates":[[28.23293,-26.10744],[28.233,-26.10744],[28.23348,-26.10739]]}},{"type":"Feature","properties":{"id":"relation/3120312","name":"RF1","network":"Gautrain Bus"},"geometry":{"type":"LineString","coordinates":[[28.23255,-26.10747],[28.23285,-26.10745],[28.23293,-26.10744]]}},{"type":"Feature","properties":{"id":"relation/3120312","name":"RF1","network":"Gautrain Bus"},"geometry":{"type":"LineString","coordinates":[[28.23199,-26.10752],[28.23255,-26.10747]]}},{"type":"Feature","properties":{"id":"relation/3120312","name":"RF1","network":"Gautrain Bus"},"geometry":{"type":"LineString","coordinates":[[28.23177,-26.10754],[28.23199,-26.10752]]}},{"type":"Feature","properties":{"id":"relation/3120312","name":"RF1","network":"Gautrain Bus"},"geometry":{"type":"LineString","coordinates":[[28.23177,-26.10754],[28.2317,-26.10676],[28.23167,-26.10637]]}},{"type":"Feature","properties":{"id":"relation/3120312","name":"RF1","network":"Gautrain Bus"},"geometry":{"type":"LineString","coordinates":[[28.23167,-26.10637],[28.2316,-26.10557]]}},{"type":"Feature","properties":{"id":"relation/3120312","name":"RF1","network":"Gautrain Bus"},"geometry":{"type":"LineString","coordinates":[[28.2316,-26.10557],[28.2308,-26.10538],[28.23054,-26.10531]]}},{"type":"Feature","properties":{"id":"relation/3120312","name":"RF1","network":"Gautrain Bus"},"geometry":{"type":"LineString","coordinates":[[28.23054,-26.10531],[28.2303,-26.10525]]}},{"type":"Feature","properties":{"id":"relation/3120312","name":"RF1","network":"Gautrain Bus"},"geometry":{"type":"LineString","coordinates":[[28.2303,-26.10525],[28.23004,-26.10518]]}},{"type":"Feature","properties":{"id":"relation/3120312","name":"RF1","network":"Gautrain Bus"},"geometry":{"type":"LineString","coordinates":[[28.23004,-26.10518],[28.22976,-26.1051]]}},{"type":"Feature","properties":{"id":"relation/3120312","name":"RF1","network":"Gautrain Bus"},"geometry":{"type":"LineString","coordinates":[[28.22976,-26.1051],[28.2293,-26.10498],[28.22929,-26.10498],[28.22893,-26.10489]]}},{"type":"Feature","properties":{"id":"relation/3120312","name":"RF1","network":"Gautrain Bus"},"geometry":{"type":"LineString","coordinates":[[28.22893,-26.10489],[28.22862,-26.10481],[28.22835,-26.10474],[28.22812,-26.10469]]}},{"type":"Feature","properties":{"id":"relation/3120312","name":"RF1","network":"Gautrain Bus"},"geometry":{"type":"LineString","coordinates":[[28.22812,-26.10469],[28.22781,-26.10463],[28.22776,-26.10462],[28.2277,-26.10461],[28.22764,-26.10462]]}},{"type":"Feature","properties":{"id":"relation/3120312","name":"RF1","network":"Gautrain Bus"},"geometry":{"type":"LineString","coordinates":[[28.22764,-26.10462],[28.22701,-26.10474]]}},{"type":"Feature","properties":{"id":"relation/3120312","name":"RF1","network":"Gautrain Bus"},"geometry":{"type":"LineString","coordinates":[[28.22701,-26.10474],[28.22688,-26.10478]]}},{"type":"Feature","properties":{"id":"relation/3120312","name":"RF1","network":"Gautrain Bus"},"geometry":{"type":"LineString","coordinates":[[28.22688,-26.10478],[28.22674,-26.10437]]}},{"type":"Feature","properties":{"id":"relation/3120312","name":"RF1","network":"Gautrain Bus"},"geometry":{"type":"LineString","coordinates":[[28.22674,-26.10437],[28.22663,-26.10404]]}},{"type":"Feature","properties":{"id":"relation/3120312","name":"RF1","network":"Gautrain Bus"},"geometry":{"type":"LineString","coordinates":[[28.22663,-26.10404],[28.22654,-26.10372]]}},{"type":"Feature","properties":{"id":"relation/3120312","name":"RF1","network":"Gautrain Bus"},"geometry":{"type":"LineString","coordinates":[[28.22654,-26.10372],[28.22643,-26.10333],[28.22621,-26.10263],[28.22613,-26.10246],[28.2261,-26.10241],[28.22607,-26.10236],[28.22599,-26.10224],[28.22595,-26.10217]]}},{"type":"Feature","properties":{"id":"relation/3120312","name":"RF1","network":"Gautrain Bus"},"geometry":{"type":"LineString","coordinates":[[28.22595,-26.10217],[28.22575,-26.10194],[28.22566,-26.10183]]}},{"type":"Feature","properties":{"id":"relation/3120312","name":"RF1","network":"Gautrain Bus"},"geometry":{"type":"LineString","coordinates":[[28.22566,-26.10183],[28.2255,-26.10164],[28.22539,-26.10148]]}},{"type":"Feature","properties":{"id":"relation/3120312","name":"RF1","network":"Gautrain Bus"},"geometry":{"type":"LineString","coordinates":[[28.22539,-26.10148],[28.22529,-26.10137],[28.225,-26.10101],[28.22487,-26.10087]]}},{"type":"Feature","properties":{"id":"relation/3120312","name":"RF1","network":"Gautrain Bus"},"geometry":{"type":"LineString","coordinates":[[28.22487,-26.10087],[28.22503,-26.10087],[28.22556,-26.10086],[28.22592,-26.10087]]}},{"type":"Feature","properties":{"id":"relation/3120312","name":"RF1","network":"Gautrain Bus"},"geometry":{"type":"LineString","coordinates":[[28.22592,-26.10087],[28.22641,-26.10091],[28.22671,-26.10095],[28.22744,-26.10107],[28.22752,-26.10109],[28.22759,-26.10111],[28.22806,-26.10124],[28.22974,-26.10177]]}},{"type":"Feature","properties":{"id":"relation/3120312","name":"RF1","network":"Gautrain Bus"},"geometry":{"type":"LineString","coordinates":[[28.22974,-26.10177],[28.22983,-26.10179],[28.22991,-26.10182]]}},{"type":"Feature","properties":{"id":"relation/3120312","name":"RF1","network":"Gautrain Bus"},"geometry":{"type":"LineString","coordinates":[[28.22991,-26.10182],[28.2303,-26.10195],[28.23077,-26.10208]]}},{"type":"Feature","properties":{"id":"relation/3120312","name":"RF1","network":"Gautrain Bus"},"geometry":{"type":"LineString","coordinates":[[28.23077,-26.10208],[28.2317,-26.10232]]}},{"type":"Feature","properties":{"id":"relation/3120312","name":"RF1","network":"Gautrain Bus"},"geometry":{"type":"LineString","coordinates":[[28.2317,-26.10232],[28.23244,-26.10251]]}},{"type":"Feature","properties":{"id":"relation/3120312","name":"RF1","network":"Gautrain Bus"},"geometry":{"type":"LineString","coordinates":[[28.23244,-26.10251],[28.23255,-26.10254]]}},{"type":"Feature","properties":{"id":"relation/3120312","name":"RF1","network":"Gautrain Bus"},"geometry":{"type":"LineString","coordinates":[[28.23255,-26.10254],[28.23258,-26.10245]]}},{"type":"Feature","properties":{"id":"relation/3120312","name":"RF1","network":"Gautrain Bus"},"geometry":{"type":"LineString","coordinates":[[28.23258,-26.10245],[28.23276,-26.10183]]}},{"type":"Feature","properties":{"id":"relation/3120312","name":"RF1","network":"Gautrain Bus"},"geometry":{"type":"LineString","coordinates":[[28.23276,-26.10183],[28.2329,-26.10137],[28.23293,-26.10126]]}},{"type":"Feature","properties":{"id":"relation/3120312","name":"RF1","network":"Gautrain Bus"},"geometry":{"type":"LineString","coordinates":[[28.23293,-26.10126],[28.23296,-26.10115],[28.23308,-26.1007],[28.23312,-26.10052],[28.23315,-26.10037],[28.23317,-26.10032],[28.23319,-26.10029],[28.23322,-26.10026]]}},{"type":"Feature","properties":{"id":"relation/3120312","name":"RF1","network":"Gautrain Bus"},"geometry":{"type":"LineString","coordinates":[[28.23322,-26.10026],[28.23321,-26.10033],[28.23319,-26.10049],[28.23317,-26.1007],[28.23316,-26.10079],[28.23315,-26.10094],[28.2331,-26.10118],[28.23308,-26.1013]]}},{"type":"Feature","properties":{"id":"relation/3120312","name":"RF1","network":"Gautrain Bus"},"geometry":{"type":"LineString","coordinates":[[28.23308,-26.1013],[28.23305,-26.1014],[28.23291,-26.10192]]}},{"type":"Feature","properties":{"id":"relation/3120312","name":"RF1","network":"Gautrain Bus"},"geometry":{"type":"LineString","coordinates":[[28.23291,-26.10192],[28.23289,-26.10199],[28.23287,-26.10204],[28.23275,-26.10249],[28.23272,-26.10257]]}},{"type":"Feature","properties":{"id":"relation/3120312","name":"RF1","network":"Gautrain Bus"},"geometry":{"type":"LineString","coordinates":[[28.23272,-26.10257],[28.23267,-26.10271]]}},{"type":"Feature","properties":{"id":"relation/3120312","name":"RF1","network":"Gautrain Bus"},"geometry":{"type":"LineString","coordinates":[[28.23267,-26.10271],[28.23251,-26.10266]]}},{"type":"Feature","properties":{"id":"relation/3120312","name":"RF1","network":"Gautrain Bus"},"geometry":{"type":"LineString","coordinates":[[28.23251,-26.10266],[28.23242,-26.10264]]}},{"type":"Feature","properties":{"id":"relation/3120312","name":"RF1","network":"Gautrain Bus"},"geometry":{"type":"LineString","coordinates":[[28.23242,-26.10264],[28.23226,-26.1026],[28.23184,-26.10249]]}},{"type":"Feature","properties":{"id":"relation/3120312","name":"RF1","network":"Gautrain Bus"},"geometry":{"type":"LineString","coordinates":[[28.23184,-26.10249],[28.23138,-26.10238],[28.23029,-26.10209]]}},{"type":"Feature","properties":{"id":"relation/3120312","name":"RF1","network":"Gautrain Bus"},"geometry":{"type":"LineString","coordinates":[[28.23029,-26.10209],[28.23011,-26.10204],[28.22988,-26.10196]]}},{"type":"Feature","properties":{"id":"relation/3120312","name":"RF1","network":"Gautrain Bus"},"geometry":{"type":"LineString","coordinates":[[28.22988,-26.10196],[28.2298,-26.10193],[28.22972,-26.10191]]}},{"type":"Feature","properties":{"id":"relation/3120312","name":"RF1","network":"Gautrain Bus"},"geometry":{"type":"LineString","coordinates":[[28.22972,-26.10191],[28.22948,-26.10183],[28.22845,-26.10148],[28.22799,-26.10135],[28.22755,-26.10125],[28.22749,-26.10124],[28.2274,-26.10122],[28.22729,-26.10119],[28.22701,-26.10113],[28.2268,-26.1011]]}},{"type":"Feature","properties":{"id":"relation/3120312","name":"RF1","network":"Gautrain Bus"},"geometry":{"type":"LineString","coordinates":[[28.2268,-26.1011],[28.22639,-26.10104]]}},{"type":"Feature","properties":{"id":"relation/3120312","name":"RF1","network":"Gautrain Bus"},"geometry":{"type":"LineString","coordinates":[[28.23322,-26.10026],[28.23322,-26.10025],[28.23324,-26.10018]]}},{"type":"Feature","properties":{"id":"relation/3120312","name":"RF1","network":"Gautrain Bus"},"geometry":{"type":"LineString","coordinates":[[28.23324,-26.10018],[28.23328,-26.10005],[28.23342,-26.09964],[28.23353,-26.09926],[28.23372,-26.09862]]}},{"type":"Feature","properties":{"id":"relation/3120312","name":"RF1","network":"Gautrain Bus"},"geometry":{"type":"LineString","coordinates":[[28.23372,-26.09862],[28.23383,-26.09829]]}},{"type":"Feature","properties":{"id":"relation/3120312","name":"RF1","network":"Gautrain Bus"},"geometry":{"type":"LineString","coordinates":[[28.23383,-26.09829],[28.23395,-26.09788],[28.23397,-26.09782]]}},{"type":"Feature","properties":{"id":"relation/3120312","name":"RF1","network":"Gautrain Bus"},"geometry":{"type":"LineString","coordinates":[[28.24812,-26.07871],[28.24813,-26.07878],[28.24815,-26.07885]]}},{"type":"Feature","properties":{"id":"relation/3120312","name":"RF1","network":"Gautrain Bus"},"geometry":{"type":"LineString","coordinates":[[28.24815,-26.07885],[28.24823,-26.07936],[28.24825,-26.07954],[28.24825,-26.07975],[28.24824,-26.07988],[28.24822,-26.08015]]}},{"type":"Feature","properties":{"id":"relation/3120312","name":"RF1","network":"Gautrain Bus"},"geometry":{"type":"LineString","coordinates":[[28.24822,-26.08015],[28.24828,-26.0806],[28.24837,-26.08108],[28.24848,-26.08168],[28.24849,-26.08172],[28.24882,-26.0833],[28.24903,-26.08428],[28.24914,-26.08484],[28.2492,-26.0852]]}},{"type":"Feature","properties":{"id":"relation/3120312","name":"RF1","network":"Gautrain Bus"},"geometry":{"type":"LineString","coordinates":[[28.24802,-26.07887],[28.24801,-26.0788],[28.24799,-26.07873]]}},{"type":"Feature","properties":{"id":"relation/3120312","name":"RF1","network":"Gautrain Bus"},"geometry":{"type":"LineString","coordinates":[[28.24822,-26.08015],[28.24819,-26.08007],[28.24815,-26.07986],[28.24814,-26.07977],[28.24812,-26.07955],[28.2481,-26.07938],[28.24802,-26.07887]]}},{"type":"Feature","properties":{"id":"relation/3120312","name":"RF1","network":"Gautrain Bus"},"geometry":{"type":"LineString","coordinates":[[28.2492,-26.0852],[28.24925,-26.08534],[28.24931,-26.08552],[28.24936,-26.0857],[28.2494,-26.08586],[28.24944,-26.08603]]}},{"type":"Feature","properties":{"id":"relation/3120312","name":"RF1","network":"Gautrain Bus"},"geometry":{"type":"LineString","coordinates":[[28.24944,-26.08603],[28.24964,-26.08703]]}},{"type":"Feature","properties":{"id":"relation/3120312","name":"RF1","network":"Gautrain Bus"},"geometry":{"type":"LineString","coordinates":[[28.24952,-26.08705],[28.24938,-26.08631],[28.24932,-26.08598],[28.24927,-26.08572],[28.24924,-26.08556],[28.2492,-26.08535],[28.2492,-26.0852]]}},{"type":"Feature","properties":{"id":"relation/3120312","name":"RF1","network":"Gautrain Bus"},"geometry":{"type":"LineString","coordinates":[[28.24952,-26.08705],[28.24964,-26.08703]]}},{"type":"Feature","properties":{"id":"relation/3120312","name":"RF1","network":"Gautrain Bus"},"geometry":{"type":"LineString","coordinates":[[28.24964,-26.08703],[28.25089,-26.08687]]}},{"type":"Feature","properties":{"id":"relation/3120312","name":"RF1","network":"Gautrain Bus"},"geometry":{"type":"LineString","coordinates":[[28.25089,-26.08687],[28.25143,-26.08679],[28.25146,-26.08678],[28.2516,-26.08676]]}},{"type":"Feature","properties":{"id":"relation/3120312","name":"RF1","network":"Gautrain Bus"},"geometry":{"type":"LineString","coordinates":[[28.2516,-26.08676],[28.25172,-26.08674],[28.25187,-26.08671],[28.25203,-26.08668],[28.25222,-26.08665],[28.25259,-26.08659],[28.25307,-26.08653],[28.2532,-26.08651],[28.25328,-26.08649],[28.25339,-26.08645]]}},{"type":"Feature","properties":{"id":"relation/3120312","name":"RF1","network":"Gautrain Bus"},"geometry":{"type":"LineString","coordinates":[[28.25339,-26.08645],[28.25348,-26.0864],[28.25359,-26.08634],[28.25367,-26.08629]]}},{"type":"Feature","properties":{"id":"relation/3120312","name":"RF1","network":"Gautrain Bus"},"geometry":{"type":"LineString","coordinates":[[28.25367,-26.08629],[28.254,-26.08611],[28.25409,-26.08606],[28.25418,-26.08602],[28.25433,-26.08593],[28.25453,-26.08583],[28.25479,-26.0857],[28.25505,-26.08558],[28.25564,-26.08528],[28.25588,-26.08515],[28.25689,-26.08462],[28.25709,-26.08452],[28.2572,-26.08447]]}},{"type":"Feature","properties":{"id":"relation/3120312","name":"RF1","network":"Gautrain Bus"},"geometry":{"type":"LineString","coordinates":[[28.2572,-26.08447],[28.25703,-26.08327],[28.25702,-26.08319],[28.25681,-26.08165],[28.25679,-26.08152],[28.25676,-26.0813],[28.25672,-26.08104],[28.25668,-26.0808],[28.25664,-26.08053],[28.25663,-26.08041],[28.25654,-26.07982],[28.25653,-26.07976],[28.2565,-26.07961],[28.2565,-26.07956],[28.25647,-26.07938],[28.25638,-26.07879],[28.25633,-26.0786],[28.25629,-26.07843],[28.25615,-26.07801],[28.25579,-26.07712],[28.25577,-26.0771],[28.25566,-26.07692],[28.25561,-26.07684],[28.25548,-26.07666],[28.25535,-26.07647],[28.25529,-26.0764],[28.25524,-26.07631]]}},{"type":"Feature","properties":{"id":"relation/3120312","name":"RF1","network":"Gautrain Bus"},"geometry":{"type":"LineString","coordinates":[[28.25524,-26.07631],[28.25518,-26.07624]]}},{"type":"Feature","properties":{"id":"relation/3120312","name":"RF1","network":"Gautrain Bus"},"geometry":{"type":"LineString","coordinates":[[28.25524,-26.07631],[28.25517,-26.07636],[28.25504,-26.07643],[28.25463,-26.07667],[28.25406,-26.07699],[28.2539,-26.07708]]}},{"type":"Feature","properties":{"id":"relation/3120312","name":"RF1","network":"Gautrain Bus"},"geometry":{"type":"LineString","coordinates":[[28.2539,-26.07708],[28.25388,-26.07711],[28.25385,-26.07713],[28.2538,-26.07715],[28.25376,-26.07714]]}},{"type":"Feature","properties":{"id":"relation/3120312","name":"RF1","network":"Gautrain Bus"},"geometry":{"type":"LineString","coordinates":[[28.24821,-26.07877],[28.24813,-26.07878]]}},{"type":"Feature","properties":{"id":"relation/3120312","name":"RF1","network":"Gautrain Bus"},"geometry":{"type":"LineString","coordinates":[[28.25376,-26.07714],[28.2536,-26.07724],[28.25256,-26.07787],[28.2522,-26.07807],[28.25211,-26.07811],[28.252,-26.07815],[28.2517,-26.07826],[28.25151,-26.07831],[28.25143,-26.07833],[28.25133,-26.07835],[28.2511,-26.07839],[28.25105,-26.0784],[28.25026,-26.0785],[28.25009,-26.07852],[28.24953,-26.07858],[28.24952,-26.07859],[28.24938,-26.07861],[28.24931,-26.07862],[28.24886,-26.07868],[28.24821,-26.07877]]}},{"type":"Feature","properties":{"id":"relation/3120312","name":"RF1","network":"Gautrain Bus"},"geometry":{"type":"LineString","coordinates":[[28.24793,-26.07881],[28.24714,-26.07892],[28.24668,-26.079],[28.24634,-26.07905],[28.24622,-26.07909],[28.24615,-26.07912],[28.24607,-26.07916],[28.24587,-26.0793],[28.24574,-26.07933]]}},{"type":"Feature","properties":{"id":"relation/3120312","name":"RF1","network":"Gautrain Bus"},"geometry":{"type":"LineString","coordinates":[[28.24813,-26.07878],[28.24801,-26.0788],[28.24793,-26.07881]]}},{"type":"Feature","properties":{"id":"relation/3120312","name":"RF1","network":"Gautrain Bus"},"geometry":{"type":"LineString","coordinates":[[28.25386,-26.07697],[28.254,-26.07689],[28.25511,-26.07628],[28.25518,-26.07624]]}},{"type":"Feature","properties":{"id":"relation/3120312","name":"RF1","network":"Gautrain Bus"},"geometry":{"type":"LineString","coordinates":[[28.2482,-26.0787],[28.24885,-26.07862],[28.24929,-26.07855],[28.24949,-26.07852],[28.25024,-26.07842],[28.25103,-26.07831],[28.25109,-26.0783],[28.25127,-26.07826],[28.25141,-26.07823],[28.25147,-26.07822],[28.25199,-26.07805],[28.25206,-26.07803],[28.25213,-26.07799],[28.25225,-26.07792],[28.25354,-26.07716],[28.25369,-26.07707]]}},{"type":"Feature","properties":{"id":"relation/3120312","name":"RF1","network":"Gautrain Bus"},"geometry":{"type":"LineString","coordinates":[[28.24812,-26.07871],[28.2482,-26.0787]]}},{"type":"Feature","properties":{"id":"relation/3120312","name":"RF1","network":"Gautrain Bus"},"geometry":{"type":"LineString","coordinates":[[28.25369,-26.07707],[28.25369,-26.077],[28.25371,-26.07698],[28.25374,-26.07696],[28.25377,-26.07695],[28.2538,-26.07695],[28.25386,-26.07697]]}},{"type":"Feature","properties":{"id":"relation/3120312","name":"RF1","network":"Gautrain Bus"},"geometry":{"type":"LineString","coordinates":[[28.23397,-26.09782],[28.23417,-26.09719],[28.23453,-26.09603],[28.23477,-26.09526]]}},{"type":"Feature","properties":{"id":"relation/3120312","name":"RF1","network":"Gautrain Bus"},"geometry":{"type":"LineString","coordinates":[[28.23477,-26.09526],[28.23485,-26.09501]]}},{"type":"Feature","properties":{"id":"relation/3120312","name":"RF1","network":"Gautrain Bus"},"geometry":{"type":"LineString","coordinates":[[28.22639,-26.10104],[28.22577,-26.10099]]}},{"type":"Feature","properties":{"id":"relation/3120312","name":"RF1","network":"Gautrain Bus"},"geometry":{"type":"LineString","coordinates":[[28.22577,-26.10099],[28.22557,-26.10103],[28.2255,-26.10105],[28.22544,-26.10108],[28.22541,-26.10113],[28.22539,-26.10119],[28.2254,-26.10125],[28.22542,-26.10134]]}},{"type":"Feature","properties":{"id":"relation/3120312","name":"RF1","network":"Gautrain Bus"},"geometry":{"type":"LineString","coordinates":[[28.22542,-26.10134],[28.22604,-26.10211]]}},{"type":"Feature","properties":{"id":"relation/3120312","name":"RF1","network":"Gautrain Bus"},"geometry":{"type":"LineString","coordinates":[[28.22604,-26.10211],[28.22629,-26.10251],[28.22631,-26.10256],[28.22635,-26.10265],[28.22652,-26.10321]]}},{"type":"Feature","properties":{"id":"relation/3120312","name":"RF1","network":"Gautrain Bus"},"geometry":{"type":"LineString","coordinates":[[28.22652,-26.10321],[28.22667,-26.10368]]}},{"type":"Feature","properties":{"id":"relation/3120312","name":"RF1","network":"Gautrain Bus"},"geometry":{"type":"LineString","coordinates":[[28.22667,-26.10368],[28.22687,-26.10363],[28.22702,-26.10361],[28.22715,-26.10359],[28.22726,-26.1036],[28.22733,-26.10361],[28.22871,-26.10396],[28.22965,-26.1042],[28.23001,-26.10429]]}},{"type":"Feature","properties":{"id":"relation/3120312","name":"RF1","network":"Gautrain Bus"},"geometry":{"type":"LineString","coordinates":[[28.23001,-26.10429],[28.23007,-26.1043],[28.23054,-26.10442]]}},{"type":"Feature","properties":{"id":"relation/3120312","name":"RF1","network":"Gautrain Bus"},"geometry":{"type":"LineString","coordinates":[[28.23054,-26.10442],[28.23126,-26.1046],[28.23135,-26.10462],[28.2314,-26.10464]]}},{"type":"Feature","properties":{"id":"relation/3120312","name":"RF1","network":"Gautrain Bus"},"geometry":{"type":"LineString","coordinates":[[28.2314,-26.10464],[28.23175,-26.10473],[28.23183,-26.10476]]}},{"type":"Feature","properties":{"id":"relation/3120312","name":"RF1","network":"Gautrain Bus"},"geometry":{"type":"LineString","coordinates":[[28.23183,-26.10476],[28.232,-26.1048]]}},{"type":"Feature","properties":{"id":"relation/3120312","name":"RF1","network":"Gautrain Bus"},"geometry":{"type":"LineString","coordinates":[[28.232,-26.1048],[28.23198,-26.1049],[28.23193,-26.10509]]}},{"type":"Feature","properties":{"id":"relation/3120312","name":"RF1","network":"Gautrain Bus"},"geometry":{"type":"LineString","coordinates":[[28.23193,-26.10509],[28.23182,-26.10542],[28.23178,-26.10562]]}},{"type":"Feature","properties":{"id":"relation/3120312","name":"RF1","network":"Gautrain Bus"},"geometry":{"type":"LineString","coordinates":[[28.23178,-26.10562],[28.23181,-26.10583],[28.23183,-26.10602],[28.23185,-26.1062],[28.23191,-26.10663],[28.23199,-26.10752]]}},{"type":"Feature","properties":{"id":"relation/3120312","name":"RF1","network":"Gautrain Bus"},"geometry":{"type":"LineString","coordinates":[[28.23479,-26.1073],[28.23475,-26.1073],[28.23465,-26.10729]]}},{"type":"Feature","properties":{"id":"relation/3120312","name":"RF1","network":"Gautrain Bus"},"geometry":{"type":"LineString","coordinates":[[28.23527,-26.10772],[28.23517,-26.10751],[28.2351,-26.10744],[28.23506,-26.10739],[28.23505,-26.10738],[28.23499,-26.10735],[28.23489,-26.10732],[28.23483,-26.10731],[28.2348,-26.1073],[28.23479,-26.1073]]}},{"type":"Feature","properties":{"id":"relation/3120312","name":"RF1","network":"Gautrain Bus"},"geometry":{"type":"LineString","coordinates":[[28.23541,-26.1085],[28.23536,-26.10841],[28.23531,-26.10812],[28.23527,-26.10772]]}},{"type":"Feature","properties":{"id":"relation/3120312","name":"RF1","network":"Gautrain Bus"},"geometry":{"type":"LineString","coordinates":[[28.23597,-26.11024],[28.23603,-26.11033]]}},{"type":"Feature","properties":{"id":"relation/3120312","name":"RF1","network":"Gautrain Bus"},"geometry":{"type":"LineString","coordinates":[[28.23603,-26.11033],[28.23509,-26.11096],[28.23302,-26.11237]]}},{"type":"Feature","properties":{"id":"relation/3120312","name":"RF1","network":"Gautrain Bus"},"geometry":{"type":"LineString","coordinates":[[28.23302,-26.11237],[28.23239,-26.1128]]}},{"type":"Feature","properties":{"id":"relation/3120312","name":"RF1","network":"Gautrain Bus"},"geometry":{"type":"LineString","coordinates":[[28.23239,-26.1128],[28.23246,-26.11288],[28.23278,-26.11326],[28.23294,-26.11345],[28.23296,-26.11348],[28.23306,-26.11361],[28.23311,-26.11369],[28.23313,-26.11372],[28.23315,-26.11381],[28.23342,-26.11514],[28.23345,-26.11529],[28.23349,-26.11555],[28.23349,-26.11559],[28.23351,-26.1157],[28.23351,-26.11577],[28.23351,-26.11584]]}},{"type":"Feature","properties":{"id":"relation/3120312","name":"RF1","network":"Gautrain Bus"},"geometry":{"type":"LineString","coordinates":[[28.23351,-26.11584],[28.23347,-26.11592]]}},{"type":"Feature","properties":{"id":"relation/3120312","name":"RF1","network":"Gautrain Bus"},"geometry":{"type":"LineString","coordinates":[[28.23226,-26.12302],[28.23228,-26.12314],[28.23228,-26.12323],[28.23227,-26.12333],[28.23225,-26.12351],[28.23226,-26.12362],[28.23225,-26.12367],[28.23224,-26.12373]]}},{"type":"Feature","properties":{"id":"relation/3120312","name":"RF1","network":"Gautrain Bus"},"geometry":{"type":"LineString","coordinates":[[28.23195,-26.12373],[28.23201,-26.1237],[28.23205,-26.12368],[28.23211,-26.12367],[28.23214,-26.12367],[28.23218,-26.12368],[28.23221,-26.1237],[28.23224,-26.12373],[28.23224,-26.12376],[28.23223,-26.12379],[28.23221,-26.12383],[28.23218,-26.12386],[28.23212,-26.12391],[28.23208,-26.12394],[28.23202,-26.12398],[28.23197,-26.124],[28.23192,-26.12401],[28.23188,-26.124],[28.23186,-26.12398],[28.23185,-26.12394],[28.23185,-26.1239],[28.23185,-26.12387],[28.23185,-26.12384],[28.23187,-26.1238],[28.23195,-26.12373]]}},{"type":"Feature","properties":{"id":"relation/3120312","name":"RF1","network":"Gautrain Bus"},"geometry":{"type":"LineString","coordinates":[[28.23224,-26.12376],[28.23226,-26.12379],[28.23228,-26.12383],[28.2323,-26.12387],[28.23235,-26.12409],[28.2324,-26.12424],[28.23242,-26.12432],[28.23242,-26.12439]]}},{"type":"Feature","properties":{"id":"relation/3120312","name":"RF1","network":"Gautrain Bus"},"geometry":{"type":"LineString","coordinates":[[28.22598,-26.12393],[28.226,-26.12388]]}},{"type":"Feature","properties":{"id":"relation/3120312","name":"RF1","network":"Gautrain Bus"},"geometry":{"type":"LineString","coordinates":[[28.22518,-26.12656],[28.22593,-26.12409],[28.22597,-26.12397],[28.22598,-26.12393]]}},{"type":"Feature","properties":{"id":"relation/3120312","name":"RF1","network":"Gautrain Bus"},"geometry":{"type":"LineString","coordinates":[[28.226,-26.12388],[28.22618,-26.12396]]}},{"type":"Feature","properties":{"id":"relation/3120312","name":"RF1","network":"Gautrain Bus"},"geometry":{"type":"LineString","coordinates":[[28.22618,-26.12396],[28.22766,-26.12434],[28.22778,-26.12437],[28.22787,-26.12438],[28.22797,-26.12438],[28.22811,-26.12437],[28.22904,-26.12426],[28.22917,-26.12425]]}},{"type":"Feature","properties":{"id":"relation/3120312","name":"RF1","network":"Gautrain Bus"},"geometry":{"type":"LineString","coordinates":[[28.22917,-26.12425],[28.22932,-26.12424]]}},{"type":"Feature","properties":{"id":"relation/3120312","name":"RF1","network":"Gautrain Bus"},"geometry":{"type":"LineString","coordinates":[[28.22932,-26.12424],[28.22946,-26.12422],[28.2298,-26.12417]]}},{"type":"Feature","properties":{"id":"relation/3120312","name":"RF1","network":"Gautrain Bus"},"geometry":{"type":"LineString","coordinates":[[28.22464,-26.12832],[28.22465,-26.12828],[28.22505,-26.12699],[28.22518,-26.12656]]}},{"type":"Feature","properties":{"id":"relation/3120312","name":"RF1","network":"Gautrain Bus"},"geometry":{"type":"LineString","coordinates":[[28.22464,-26.12832],[28.22475,-26.12835],[28.22487,-26.12838],[28.22502,-26.12842],[28.22507,-26.12842],[28.2251,-26.12841],[28.22514,-26.1284],[28.22531,-26.12833],[28.22537,-26.12829],[28.22539,-26.12826],[28.22541,-26.12823],[28.22542,-26.1282],[28.22542,-26.12816],[28.22541,-26.12812],[28.22533,-26.128]]}},{"type":"Feature","properties":{"id":"relation/3120312","name":"RF1","network":"Gautrain Bus"},"geometry":{"type":"LineString","coordinates":[[28.24225,-26.08259],[28.24224,-26.08262],[28.24219,-26.0827],[28.24213,-26.08278],[28.24207,-26.08285],[28.242,-26.08293],[28.24192,-26.08301]]}},{"type":"Feature","properties":{"id":"relation/3120312","name":"RF1","network":"Gautrain Bus"},"geometry":{"type":"LineString","coordinates":[[28.24192,-26.08301],[28.24191,-26.08303],[28.2419,-26.08305],[28.24187,-26.08307]]}},{"type":"Feature","properties":{"id":"relation/3120312","name":"RF1","network":"Gautrain Bus"},"geometry":{"type":"LineString","coordinates":[[28.24225,-26.08259],[28.24228,-26.08256],[28.24264,-26.08214],[28.24368,-26.08104],[28.2438,-26.08093],[28.24422,-26.08052],[28.24463,-26.08014],[28.24466,-26.08011],[28.24574,-26.07933]]}},{"type":"Feature","properties":{"id":"relation/3120312","name":"RF1","network":"Gautrain Bus"},"geometry":{"type":"LineString","coordinates":[[28.24792,-26.07874],[28.24799,-26.07873],[28.24812,-26.07871]]}},{"type":"Feature","properties":{"id":"relation/3120312","name":"RF1","network":"Gautrain Bus"},"geometry":{"type":"LineString","coordinates":[[28.24574,-26.07933],[28.2458,-26.07923],[28.24602,-26.07909],[28.24612,-26.07904],[28.24619,-26.07901],[28.24629,-26.07898],[28.24665,-26.07892],[28.24713,-26.07885],[28.24792,-26.07874]]}},{"type":"Feature","properties":{"id":"relation/3120312","name":"RF1","network":"Gautrain Bus"},"geometry":{"type":"LineString","coordinates":[[28.24187,-26.08307],[28.24137,-26.08372]]}},{"type":"Feature","properties":{"id":"relation/3120312","name":"RF1","network":"Gautrain Bus"},"geometry":{"type":"LineString","coordinates":[[28.24137,-26.08372],[28.24123,-26.08389],[28.24107,-26.08407]]}},{"type":"Feature","properties":{"id":"relation/3120312","name":"RF1","network":"Gautrain Bus"},"geometry":{"type":"LineString","coordinates":[[28.24107,-26.08407],[28.24093,-26.08424],[28.2408,-26.0844],[28.24068,-26.08452],[28.24059,-26.08461]]}},{"type":"Feature","properties":{"id":"relation/3120312","name":"RF1","network":"Gautrain Bus"},"geometry":{"type":"LineString","coordinates":[[28.24059,-26.08461],[28.24066,-26.0845],[28.24075,-26.08437],[28.24087,-26.08421],[28.24093,-26.08413],[28.24102,-26.08403]]}},{"type":"Feature","properties":{"id":"relation/3120312","name":"RF1","network":"Gautrain Bus"},"geometry":{"type":"LineString","coordinates":[[28.24102,-26.08403],[28.24116,-26.08384],[28.24131,-26.08366]]}},{"type":"Feature","properties":{"id":"relation/3120312","name":"RF1","network":"Gautrain Bus"},"geometry":{"type":"LineString","coordinates":[[28.24131,-26.08366],[28.24176,-26.08304]]}},{"type":"Feature","properties":{"id":"relation/3120312","name":"RF1","network":"Gautrain Bus"},"geometry":{"type":"LineString","coordinates":[[28.24176,-26.08304],[28.24174,-26.08301],[28.24175,-26.08298],[28.24176,-26.08296],[28.24178,-26.08294],[28.2418,-26.08293],[28.24183,-26.08292],[28.24186,-26.08293],[28.24189,-26.08294]]}},{"type":"Feature","properties":{"id":"relation/3120312","name":"RF1","network":"Gautrain Bus"},"geometry":{"type":"LineString","coordinates":[[28.24189,-26.08294],[28.24204,-26.08278],[28.24208,-26.08273],[28.24217,-26.08264],[28.24222,-26.0826],[28.24225,-26.08259]]}},{"type":"Feature","properties":{"id":"relation/3120312","name":"RF1","network":"Gautrain Bus"},"geometry":{"type":"LineString","coordinates":[[28.23983,-26.08556],[28.23994,-26.0854],[28.24006,-26.08525],[28.24019,-26.08508],[28.24038,-26.08484],[28.24059,-26.08461]]}},{"type":"Feature","properties":{"id":"relation/3120312","name":"RF1","network":"Gautrain Bus"},"geometry":{"type":"LineString","coordinates":[[28.23965,-26.08589],[28.23977,-26.08567],[28.23983,-26.08556]]}},{"type":"Feature","properties":{"id":"relation/3120312","name":"RF1","network":"Gautrain Bus"},"geometry":{"type":"LineString","coordinates":[[28.23764,-26.08977],[28.23792,-26.08926],[28.2386,-26.08795],[28.239,-26.08719],[28.2391,-26.087],[28.2392,-26.08681],[28.23952,-26.08616],[28.23965,-26.08589]]}},{"type":"Feature","properties":{"id":"relation/3120312","name":"RF1","network":"Gautrain Bus"},"geometry":{"type":"LineString","coordinates":[[28.23743,-26.09018],[28.23764,-26.08977]]}},{"type":"Feature","properties":{"id":"relation/3120312","name":"RF1","network":"Gautrain Bus"},"geometry":{"type":"LineString","coordinates":[[28.23738,-26.09022],[28.23743,-26.09018]]}},{"type":"Feature","properties":{"id":"relation/3120312","name":"RF1","network":"Gautrain Bus"},"geometry":{"type":"LineString","coordinates":[[28.23734,-26.09025],[28.23738,-26.09022]]}},{"type":"Feature","properties":{"id":"relation/3120312","name":"RF1","network":"Gautrain Bus"},"geometry":{"type":"LineString","coordinates":[[28.2373,-26.09033],[28.23734,-26.09025]]}},{"type":"Feature","properties":{"id":"relation/3120312","name":"RF1","network":"Gautrain Bus"},"geometry":{"type":"LineString","coordinates":[[28.23726,-26.09041],[28.2373,-26.09033]]}},{"type":"Feature","properties":{"id":"relation/3120312","name":"RF1","network":"Gautrain Bus"},"geometry":{"type":"LineString","coordinates":[[28.2371,-26.09071],[28.23726,-26.09041]]}},{"type":"Feature","properties":{"id":"relation/3120312","name":"RF1","network":"Gautrain Bus"},"geometry":{"type":"LineString","coordinates":[[28.23661,-26.09162],[28.23664,-26.09155],[28.23668,-26.09148],[28.23681,-26.09125],[28.2371,-26.09071]]}},{"type":"Feature","properties":{"id":"relation/3120312","name":"RF1","network":"Gautrain Bus"},"geometry":{"type":"LineString","coordinates":[[28.23606,-26.09261],[28.23611,-26.09252],[28.23656,-26.09169],[28.23661,-26.09162]]}},{"type":"Feature","properties":{"id":"relation/3120312","name":"RF1","network":"Gautrain Bus"},"geometry":{"type":"LineString","coordinates":[[28.23488,-26.09482],[28.23493,-26.09473],[28.23502,-26.09455],[28.23553,-26.09359],[28.23601,-26.09271],[28.23606,-26.09261]]}},{"type":"Feature","properties":{"id":"relation/3120312","name":"RF1","network":"Gautrain Bus"},"geometry":{"type":"LineString","coordinates":[[28.23485,-26.09501],[28.23487,-26.09491],[28.23488,-26.09482]]}},{"type":"Feature","properties":{"id":"relation/3120312","name":"RF1","network":"Gautrain Bus"},"geometry":{"type":"LineString","coordinates":[[28.23586,-26.09321],[28.23563,-26.09362]]}},{"type":"Feature","properties":{"id":"relation/3120312","name":"RF1","network":"Gautrain Bus"},"geometry":{"type":"LineString","coordinates":[[28.23563,-26.09362],[28.23524,-26.09435]]}},{"type":"Feature","properties":{"id":"relation/3120312","name":"RF1","network":"Gautrain Bus"},"geometry":{"type":"LineString","coordinates":[[28.23524,-26.09435],[28.23503,-26.09473],[28.23501,-26.09477],[28.23497,-26.09485]]}},{"type":"Feature","properties":{"id":"relation/3120312","name":"RF1","network":"Gautrain Bus"},"geometry":{"type":"LineString","coordinates":[[28.23497,-26.09485],[28.23491,-26.09493],[28.23485,-26.09501]]}},{"type":"Feature","properties":{"id":"relation/3120312","name":"RF1","network":"Gautrain Bus"},"geometry":{"type":"LineString","coordinates":[[28.23743,-26.0903],[28.23739,-26.09038]]}},{"type":"Feature","properties":{"id":"relation/3120312","name":"RF1","network":"Gautrain Bus"},"geometry":{"type":"LineString","coordinates":[[28.23743,-26.09024],[28.23743,-26.0903]]}},{"type":"Feature","properties":{"id":"relation/3120312","name":"RF1","network":"Gautrain Bus"},"geometry":{"type":"LineString","coordinates":[[28.23743,-26.09018],[28.23743,-26.09024]]}},{"type":"Feature","properties":{"id":"relation/3120312","name":"RF1","network":"Gautrain Bus"},"geometry":{"type":"LineString","coordinates":[[28.23734,-26.09045],[28.23701,-26.09108],[28.23691,-26.09127],[28.23673,-26.09159],[28.23669,-26.09166],[28.23666,-26.09174],[28.23635,-26.09229]]}},{"type":"Feature","properties":{"id":"relation/3120312","name":"RF1","network":"Gautrain Bus"},"geometry":{"type":"LineString","coordinates":[[28.23739,-26.09038],[28.23734,-26.09045]]}},{"type":"Feature","properties":{"id":"relation/3120312","name":"RF1","network":"Gautrain Bus"},"geometry":{"type":"LineString","coordinates":[[28.23635,-26.09229],[28.2362,-26.09256],[28.23616,-26.09265]]}},{"type":"Feature","properties":{"id":"relation/3120312","name":"RF1","network":"Gautrain Bus"},"geometry":{"type":"LineString","coordinates":[[28.23616,-26.09265],[28.2361,-26.09275],[28.23586,-26.09321]]}},{"type":"Feature","properties":{"id":"relation/3120317","name":"RF2","network":"Gautrain Bus"},"geometry":{"type":"LineString","coordinates":[[28.22533,-26.128],[28.22531,-26.12794],[28.2253,-26.1279],[28.2253,-26.12787],[28.22531,-26.12783],[28.22533,-26.12775],[28.22564,-26.12678],[28.22567,-26.12668]]}},{"type":"Feature","properties":{"id":"relation/3120317","name":"RF2","network":"Gautrain Bus"},"geometry":{"type":"LineString","coordinates":[[28.22567,-26.12668],[28.22559,-26.12666],[28.22518,-26.12656]]}},{"type":"Feature","properties":{"id":"relation/3120317","name":"RF2","network":"Gautrain Bus"},"geometry":{"type":"LineString","coordinates":[[28.22598,-26.12393],[28.226,-26.12388]]}},{"type":"Feature","properties":{"id":"relation/3120317","name":"RF2","network":"Gautrain Bus"},"geometry":{"type":"LineString","coordinates":[[28.22518,-26.12656],[28.22593,-26.12409],[28.22597,-26.12397],[28.22598,-26.12393]]}},{"type":"Feature","properties":{"id":"relation/3120317","name":"RF2","network":"Gautrain Bus"},"geometry":{"type":"LineString","coordinates":[[28.226,-26.12388],[28.22618,-26.12396]]}},{"type":"Feature","properties":{"id":"relation/3120317","name":"RF2","network":"Gautrain Bus"},"geometry":{"type":"LineString","coordinates":[[28.22618,-26.12396],[28.22766,-26.12434],[28.22778,-26.12437],[28.22787,-26.12438],[28.22797,-26.12438],[28.22811,-26.12437],[28.22904,-26.12426],[28.22917,-26.12425]]}},{"type":"Feature","properties":{"id":"relation/3120317","name":"RF2","network":"Gautrain Bus"},"geometry":{"type":"LineString","coordinates":[[28.22917,-26.12425],[28.22932,-26.12424]]}},{"type":"Feature","properties":{"id":"relation/3120317","name":"RF2","network":"Gautrain Bus"},"geometry":{"type":"LineString","coordinates":[[28.22932,-26.12424],[28.22936,-26.12458],[28.22938,-26.12486],[28.22939,-26.12513],[28.22938,-26.12544],[28.22934,-26.12581],[28.22928,-26.12614],[28.22922,-26.12643],[28.22884,-26.12764],[28.22875,-26.12788],[28.22864,-26.12807],[28.22853,-26.12825],[28.2284,-26.12841],[28.22829,-26.12854],[28.22818,-26.12867],[28.22807,-26.12876],[28.22791,-26.12889],[28.22777,-26.129],[28.22762,-26.12909],[28.22744,-26.12919],[28.22608,-26.12977],[28.22595,-26.12983],[28.22553,-26.13],[28.22509,-26.13016],[28.22493,-26.13021],[28.2248,-26.13026],[28.22466,-26.13029]]}},{"type":"Feature","properties":{"id":"relation/3120317","name":"RF2","network":"Gautrain Bus"},"geometry":{"type":"LineString","coordinates":[[28.22466,-26.13029],[28.22477,-26.13019],[28.22488,-26.13014],[28.22505,-26.13007],[28.22535,-26.12995],[28.2255,-26.12989],[28.22588,-26.12973],[28.22603,-26.12968],[28.22653,-26.12946],[28.22726,-26.12913],[28.22744,-26.12904],[28.22759,-26.12896],[28.22767,-26.12891],[28.22785,-26.12877],[28.22803,-26.12861],[28.22817,-26.12847],[28.22827,-26.12835],[28.22837,-26.12822],[28.22847,-26.12807],[28.22852,-26.12797],[28.2286,-26.12783],[28.22868,-26.12765],[28.22882,-26.12723],[28.22905,-26.12646],[28.22913,-26.12611],[28.22917,-26.12588],[28.2292,-26.12559],[28.22923,-26.12518],[28.22923,-26.12494],[28.22921,-26.12464],[28.22917,-26.12425]]}},{"type":"Feature","properties":{"id":"relation/3120317","name":"RF2","network":"Gautrain Bus"},"geometry":{"type":"LineString","coordinates":[[28.22427,-26.1305],[28.22448,-26.13037],[28.22466,-26.13029]]}},{"type":"Feature","properties":{"id":"relation/3120317","name":"RF2","network":"Gautrain Bus"},"geometry":{"type":"LineString","coordinates":[[28.22363,-26.13155],[28.22372,-26.13123],[28.22379,-26.13108],[28.22386,-26.13095],[28.22397,-26.1308],[28.22413,-26.13062],[28.22427,-26.1305]]}},{"type":"Feature","properties":{"id":"relation/3120317","name":"RF2","network":"Gautrain Bus"},"geometry":{"type":"LineString","coordinates":[[28.22352,-26.13189],[28.22363,-26.13155]]}},{"type":"Feature","properties":{"id":"relation/3120317","name":"RF2","network":"Gautrain Bus"},"geometry":{"type":"LineString","coordinates":[[28.2234,-26.13226],[28.22352,-26.13189]]}},{"type":"Feature","properties":{"id":"relation/3120317","name":"RF2","network":"Gautrain Bus"},"geometry":{"type":"LineString","coordinates":[[28.2234,-26.13226],[28.22331,-26.13252]]}},{"type":"Feature","properties":{"id":"relation/3120317","name":"RF2","network":"Gautrain Bus"},"geometry":{"type":"LineString","coordinates":[[28.22331,-26.13252],[28.2233,-26.1326],[28.22329,-26.13267],[28.22325,-26.13281],[28.22316,-26.13309]]}},{"type":"Feature","properties":{"id":"relation/3120317","name":"RF2","network":"Gautrain Bus"},"geometry":{"type":"LineString","coordinates":[[28.22328,-26.1335],[28.22354,-26.13359]]}},{"type":"Feature","properties":{"id":"relation/3120317","name":"RF2","network":"Gautrain Bus"},"geometry":{"type":"LineString","coordinates":[[28.22354,-26.13359],[28.22372,-26.13363]]}},{"type":"Feature","properties":{"id":"relation/3120317","name":"RF2","network":"Gautrain Bus"},"geometry":{"type":"LineString","coordinates":[[28.22372,-26.13363],[28.22393,-26.1337]]}},{"type":"Feature","properties":{"id":"relation/3120317","name":"RF2","network":"Gautrain Bus"},"geometry":{"type":"LineString","coordinates":[[28.22393,-26.1337],[28.22408,-26.13375]]}},{"type":"Feature","properties":{"id":"relation/3120317","name":"RF2","network":"Gautrain Bus"},"geometry":{"type":"LineString","coordinates":[[28.22408,-26.13375],[28.22429,-26.13382],[28.22431,-26.13383],[28.22455,-26.1339]]}},{"type":"Feature","properties":{"id":"relation/3120317","name":"RF2","network":"Gautrain Bus"},"geometry":{"type":"LineString","coordinates":[[28.22455,-26.1339],[28.22582,-26.1343]]}},{"type":"Feature","properties":{"id":"relation/3120317","name":"RF2","network":"Gautrain Bus"},"geometry":{"type":"LineString","coordinates":[[28.22582,-26.1343],[28.22618,-26.13441],[28.22624,-26.13442],[28.22644,-26.13445]]}},{"type":"Feature","properties":{"id":"relation/3120317","name":"RF2","network":"Gautrain Bus"},"geometry":{"type":"LineString","coordinates":[[28.22644,-26.13445],[28.22652,-26.13446]]}},{"type":"Feature","properties":{"id":"relation/3120317","name":"RF2","network":"Gautrain Bus"},"geometry":{"type":"LineString","coordinates":[[28.22652,-26.13446],[28.2265,-26.13455]]}},{"type":"Feature","properties":{"id":"relation/3120317","name":"RF2","network":"Gautrain Bus"},"geometry":{"type":"LineString","coordinates":[[28.2265,-26.13455],[28.22646,-26.1347],[28.22639,-26.13493],[28.22634,-26.13501]]}},{"type":"Feature","properties":{"id":"relation/3120317","name":"RF2","network":"Gautrain Bus"},"geometry":{"type":"LineString","coordinates":[[28.22639,-26.13528],[28.22636,-26.13522],[28.22634,-26.13516],[28.22633,-26.1351],[28.22633,-26.13503],[28.22634,-26.13501]]}},{"type":"Feature","properties":{"id":"relation/3120317","name":"RF2","network":"Gautrain Bus"},"geometry":{"type":"LineString","coordinates":[[28.22642,-26.13535],[28.22639,-26.13528]]}},{"type":"Feature","properties":{"id":"relation/3120317","name":"RF2","network":"Gautrain Bus"},"geometry":{"type":"LineString","coordinates":[[28.22648,-26.13543],[28.22642,-26.13535]]}},{"type":"Feature","properties":{"id":"relation/3120317","name":"RF2","network":"Gautrain Bus"},"geometry":{"type":"LineString","coordinates":[[28.22672,-26.13564],[28.22667,-26.1356],[28.22659,-26.13553],[28.22648,-26.13543]]}},{"type":"Feature","properties":{"id":"relation/3120317","name":"RF2","network":"Gautrain Bus"},"geometry":{"type":"LineString","coordinates":[[28.22634,-26.13501],[28.22631,-26.13489]]}},{"type":"Feature","properties":{"id":"relation/3120317","name":"RF2","network":"Gautrain Bus"},"geometry":{"type":"LineString","coordinates":[[28.22631,-26.13489],[28.22628,-26.13478],[28.22625,-26.1347],[28.22621,-26.13464],[28.22617,-26.1346],[28.22607,-26.13453]]}},{"type":"Feature","properties":{"id":"relation/3120317","name":"RF2","network":"Gautrain Bus"},"geometry":{"type":"LineString","coordinates":[[28.22607,-26.13453],[28.22559,-26.13437],[28.22457,-26.13404]]}},{"type":"Feature","properties":{"id":"relation/3120317","name":"RF2","network":"Gautrain Bus"},"geometry":{"type":"LineString","coordinates":[[28.22457,-26.13404],[28.22403,-26.13387]]}},{"type":"Feature","properties":{"id":"relation/3120317","name":"RF2","network":"Gautrain Bus"},"geometry":{"type":"LineString","coordinates":[[28.22403,-26.13387],[28.22388,-26.13382],[28.2237,-26.13376]]}},{"type":"Feature","properties":{"id":"relation/3120317","name":"RF2","network":"Gautrain Bus"},"geometry":{"type":"LineString","coordinates":[[28.22662,-26.13567],[28.22667,-26.1356]]}},{"type":"Feature","properties":{"id":"relation/3120317","name":"RF2","network":"Gautrain Bus"},"geometry":{"type":"LineString","coordinates":[[28.22653,-26.13576],[28.22662,-26.13567]]}},{"type":"Feature","properties":{"id":"relation/3120317","name":"RF2","network":"Gautrain Bus"},"geometry":{"type":"LineString","coordinates":[[28.22645,-26.13585],[28.22653,-26.13576]]}},{"type":"Feature","properties":{"id":"relation/3120317","name":"RF2","network":"Gautrain Bus"},"geometry":{"type":"LineString","coordinates":[[28.22544,-26.13642],[28.2256,-26.1364],[28.22573,-26.13637],[28.22586,-26.13633],[28.22597,-26.13626],[28.22608,-26.1362],[28.22621,-26.13609],[28.22634,-26.13596],[28.22645,-26.13585]]}},{"type":"Feature","properties":{"id":"relation/3120317","name":"RF2","network":"Gautrain Bus"},"geometry":{"type":"LineString","coordinates":[[28.22511,-26.13639],[28.2253,-26.13642],[28.22544,-26.13642]]}},{"type":"Feature","properties":{"id":"relation/3120317","name":"RF2","network":"Gautrain Bus"},"geometry":{"type":"LineString","coordinates":[[28.2247,-26.1363],[28.22492,-26.13634],[28.22504,-26.13637],[28.22511,-26.13639]]}},{"type":"Feature","properties":{"id":"relation/3120317","name":"RF2","network":"Gautrain Bus"},"geometry":{"type":"LineString","coordinates":[[28.22435,-26.13618],[28.22445,-26.13621],[28.22453,-26.13623],[28.2247,-26.1363]]}},{"type":"Feature","properties":{"id":"relation/3120317","name":"RF2","network":"Gautrain Bus"},"geometry":{"type":"LineString","coordinates":[[28.22415,-26.13617],[28.22422,-26.13616],[28.22428,-26.13617],[28.22435,-26.13618]]}},{"type":"Feature","properties":{"id":"relation/3120317","name":"RF2","network":"Gautrain Bus"},"geometry":{"type":"LineString","coordinates":[[28.22374,-26.13631],[28.22385,-26.13624],[28.22397,-26.1362],[28.22404,-26.13618],[28.22415,-26.13617]]}},{"type":"Feature","properties":{"id":"relation/3120317","name":"RF2","network":"Gautrain Bus"},"geometry":{"type":"LineString","coordinates":[[28.22672,-26.13564],[28.22662,-26.13567]]}},{"type":"Feature","properties":{"id":"relation/3120317","name":"RF2","network":"Gautrain Bus"},"geometry":{"type":"LineString","coordinates":[[28.22282,-26.13737],[28.22285,-26.13732],[28.22295,-26.1372],[28.22306,-26.13703],[28.22311,-26.13697],[28.22327,-26.13675],[28.22338,-26.13661],[28.22345,-26.13653],[28.22354,-26.13646],[28.22363,-26.13637],[28.2237,-26.13633],[28.22374,-26.13631]]}},{"type":"Feature","properties":{"id":"relation/3120317","name":"RF2","network":"Gautrain Bus"},"geometry":{"type":"LineString","coordinates":[[28.22276,-26.13745],[28.22282,-26.13737]]}},{"type":"Feature","properties":{"id":"relation/3120317","name":"RF2","network":"Gautrain Bus"},"geometry":{"type":"LineString","coordinates":[[28.22259,-26.1377],[28.22276,-26.13745]]}},{"type":"Feature","properties":{"id":"relation/3120317","name":"RF2","network":"Gautrain Bus"},"geometry":{"type":"LineString","coordinates":[[28.22239,-26.13807],[28.22256,-26.13775],[28.22259,-26.1377]]}},{"type":"Feature","properties":{"id":"relation/3120317","name":"RF2","network":"Gautrain Bus"},"geometry":{"type":"LineString","coordinates":[[28.22295,-26.14236],[28.22292,-26.14232],[28.22287,-26.14226],[28.22281,-26.14221],[28.22271,-26.14216],[28.2214,-26.14151],[28.22128,-26.14143],[28.22118,-26.14133],[28.22112,-26.14123],[28.22107,-26.14111],[28.22101,-26.141],[28.221,-26.14089],[28.221,-26.14072],[28.22104,-26.14058],[28.22113,-26.14041],[28.22138,-26.1399],[28.22167,-26.13939],[28.22187,-26.139],[28.22203,-26.13869],[28.22213,-26.13852],[28.22227,-26.13829],[28.22239,-26.13807]]}},{"type":"Feature","properties":{"id":"relation/3120317","name":"RF2","network":"Gautrain Bus"},"geometry":{"type":"LineString","coordinates":[[28.22295,-26.14236],[28.22302,-26.14242],[28.22309,-26.14253],[28.22314,-26.14266],[28.22333,-26.14308],[28.22364,-26.14383]]}},{"type":"Feature","properties":{"id":"relation/3120317","name":"RF2","network":"Gautrain Bus"},"geometry":{"type":"LineString","coordinates":[[28.22364,-26.14383],[28.22388,-26.14439],[28.22407,-26.14485]]}},{"type":"Feature","properties":{"id":"relation/3120317","name":"RF2","network":"Gautrain Bus"},"geometry":{"type":"LineString","coordinates":[[28.22407,-26.14485],[28.2241,-26.14492],[28.22414,-26.14502],[28.22419,-26.14515],[28.22422,-26.14529],[28.22423,-26.14541],[28.22421,-26.14551],[28.22417,-26.14559]]}},{"type":"Feature","properties":{"id":"relation/3120317","name":"RF2","network":"Gautrain Bus"},"geometry":{"type":"LineString","coordinates":[[28.22398,-26.14619],[28.22415,-26.14568],[28.22417,-26.14559]]}},{"type":"Feature","properties":{"id":"relation/3120317","name":"RF2","network":"Gautrain Bus"},"geometry":{"type":"LineString","coordinates":[[28.22382,-26.14675],[28.22398,-26.14619]]}},{"type":"Feature","properties":{"id":"relation/3120317","name":"RF2","network":"Gautrain Bus"},"geometry":{"type":"LineString","coordinates":[[28.22367,-26.14722],[28.22382,-26.14675]]}},{"type":"Feature","properties":{"id":"relation/3120317","name":"RF2","network":"Gautrain Bus"},"geometry":{"type":"LineString","coordinates":[[28.22344,-26.148],[28.22355,-26.1476],[28.22367,-26.14722]]}},{"type":"Feature","properties":{"id":"relation/3120317","name":"RF2","network":"Gautrain Bus"},"geometry":{"type":"LineString","coordinates":[[28.22335,-26.14862],[28.22335,-26.14855],[28.22336,-26.14836],[28.22337,-26.14828],[28.22338,-26.1482],[28.22344,-26.148]]}},{"type":"Feature","properties":{"id":"relation/3120317","name":"RF2","network":"Gautrain Bus"},"geometry":{"type":"LineString","coordinates":[[28.22336,-26.14886],[28.22335,-26.14862]]}},{"type":"Feature","properties":{"id":"relation/3120317","name":"RF2","network":"Gautrain Bus"},"geometry":{"type":"LineString","coordinates":[[28.22336,-26.14892],[28.22336,-26.14888],[28.22336,-26.14886]]}},{"type":"Feature","properties":{"id":"relation/3120317","name":"RF2","network":"Gautrain Bus"},"geometry":{"type":"LineString","coordinates":[[28.22336,-26.14892],[28.22327,-26.14893],[28.22319,-26.14893],[28.22312,-26.14893],[28.223,-26.14893],[28.22285,-26.14889],[28.22273,-26.14886],[28.22238,-26.14877],[28.22226,-26.14874],[28.22224,-26.14873],[28.222,-26.14866],[28.22177,-26.1486],[28.22158,-26.14855],[28.22152,-26.14854],[28.22127,-26.14846],[28.22114,-26.14842],[28.22102,-26.14836],[28.22092,-26.14828],[28.22082,-26.1482],[28.22076,-26.14814],[28.22073,-26.1481],[28.22064,-26.14794],[28.22061,-26.14786],[28.22055,-26.1477],[28.22049,-26.14748],[28.22041,-26.14714],[28.22036,-26.14694],[28.22033,-26.14681],[28.22029,-26.1466],[28.22027,-26.14642]]}},{"type":"Feature","properties":{"id":"relation/3120317","name":"RF2","network":"Gautrain Bus"},"geometry":{"type":"LineString","coordinates":[[28.22027,-26.14642],[28.22026,-26.14637]]}},{"type":"Feature","properties":{"id":"relation/3120317","name":"RF2","network":"Gautrain Bus"},"geometry":{"type":"LineString","coordinates":[[28.22026,-26.14637],[28.22026,-26.14624]]}},{"type":"Feature","properties":{"id":"relation/3120317","name":"RF2","network":"Gautrain Bus"},"geometry":{"type":"LineString","coordinates":[[28.2203,-26.14637],[28.22031,-26.14642]]}},{"type":"Feature","properties":{"id":"relation/3120317","name":"RF2","network":"Gautrain Bus"},"geometry":{"type":"LineString","coordinates":[[28.22026,-26.14624],[28.2203,-26.14637]]}},{"type":"Feature","properties":{"id":"relation/3120317","name":"RF2","network":"Gautrain Bus"},"geometry":{"type":"LineString","coordinates":[[28.22026,-26.14624],[28.22023,-26.14601],[28.2202,-26.14568],[28.22019,-26.14554],[28.22019,-26.14493]]}},{"type":"Feature","properties":{"id":"relation/3120317","name":"RF2","network":"Gautrain Bus"},"geometry":{"type":"LineString","coordinates":[[28.22019,-26.14493],[28.2202,-26.14459]]}},{"type":"Feature","properties":{"id":"relation/3120317","name":"RF2","network":"Gautrain Bus"},"geometry":{"type":"LineString","coordinates":[[28.2202,-26.14459],[28.22117,-26.14461],[28.22141,-26.14462],[28.22151,-26.14463],[28.22155,-26.14464],[28.22158,-26.14466],[28.2216,-26.14468],[28.22162,-26.14471],[28.22163,-26.14473],[28.22163,-26.14479],[28.22162,-26.14487],[28.2216,-26.1449],[28.22158,-26.14493],[28.22156,-26.14495],[28.22152,-26.14496],[28.22149,-26.14497],[28.22146,-26.14497],[28.2207,-26.14495],[28.22019,-26.14493]]}},{"type":"Feature","properties":{"id":"relation/3120317","name":"RF2","network":"Gautrain Bus"},"geometry":{"type":"LineString","coordinates":[[28.22031,-26.14642],[28.22032,-26.14646],[28.22035,-26.14658],[28.22043,-26.14693],[28.22045,-26.14702],[28.2205,-26.14724],[28.22056,-26.14746],[28.22061,-26.14761],[28.22064,-26.14769],[28.22067,-26.14779],[28.2207,-26.14788],[28.22072,-26.14791],[28.22074,-26.14795],[28.22078,-26.14801],[28.22083,-26.14808],[28.22085,-26.14811],[28.22094,-26.14817],[28.221,-26.14821],[28.22107,-26.14825],[28.22115,-26.14829],[28.22129,-26.14833],[28.22156,-26.14839],[28.22162,-26.14841],[28.22183,-26.14847],[28.22204,-26.14851],[28.22226,-26.14853],[28.2223,-26.14854],[28.22244,-26.14857],[28.22254,-26.1486]]}},{"type":"Feature","properties":{"id":"relation/3120317","name":"RF2","network":"Gautrain Bus"},"geometry":{"type":"LineString","coordinates":[[28.22254,-26.1486],[28.22279,-26.14869],[28.22292,-26.14873],[28.22324,-26.14883],[28.22332,-26.14885],[28.22336,-26.14886]]}},{"type":"Feature","properties":{"id":"relation/3120317","name":"RF2","network":"Gautrain Bus"},"geometry":{"type":"LineString","coordinates":[[28.22417,-26.14559],[28.22417,-26.14542],[28.22416,-26.14532],[28.22412,-26.14514]]}},{"type":"Feature","properties":{"id":"relation/3120317","name":"RF2","network":"Gautrain Bus"},"geometry":{"type":"LineString","coordinates":[[28.22412,-26.14514],[28.22408,-26.14504],[28.22404,-26.14495],[28.22402,-26.1449]]}},{"type":"Feature","properties":{"id":"relation/3120317","name":"RF2","network":"Gautrain Bus"},"geometry":{"type":"LineString","coordinates":[[28.22402,-26.1449],[28.22398,-26.14481],[28.22392,-26.14466],[28.22358,-26.14385]]}},{"type":"Feature","properties":{"id":"relation/3120317","name":"RF2","network":"Gautrain Bus"},"geometry":{"type":"LineString","coordinates":[[28.22358,-26.14385],[28.22326,-26.14309],[28.22302,-26.14251],[28.22295,-26.14236]]}},{"type":"Feature","properties":{"id":"relation/3120317","name":"RF2","network":"Gautrain Bus"},"geometry":{"type":"LineString","coordinates":[[28.2237,-26.13376],[28.22354,-26.1337]]}},{"type":"Feature","properties":{"id":"relation/3120317","name":"RF2","network":"Gautrain Bus"},"geometry":{"type":"LineString","coordinates":[[28.22354,-26.1337],[28.22337,-26.13361],[28.2232,-26.13355],[28.22302,-26.13349]]}},{"type":"Feature","properties":{"id":"relation/3120317","name":"RF2","network":"Gautrain Bus"},"geometry":{"type":"LineString","coordinates":[[28.22302,-26.13349],[28.22293,-26.13346]]}},{"type":"Feature","properties":{"id":"relation/3120317","name":"RF2","network":"Gautrain Bus"},"geometry":{"type":"LineString","coordinates":[[28.22293,-26.13346],[28.22295,-26.1334]]}},{"type":"Feature","properties":{"id":"relation/3120317","name":"RF2","network":"Gautrain Bus"},"geometry":{"type":"LineString","coordinates":[[28.22295,-26.1334],[28.22306,-26.13305]]}},{"type":"Feature","properties":{"id":"relation/3120317","name":"RF2","network":"Gautrain Bus"},"geometry":{"type":"LineString","coordinates":[[28.22306,-26.13305],[28.22316,-26.13279],[28.22322,-26.13266],[28.22325,-26.13259],[28.22331,-26.13252]]}},{"type":"Feature","properties":{"id":"relation/3120317","name":"RF2","network":"Gautrain Bus"},"geometry":{"type":"LineString","coordinates":[[28.22316,-26.13309],[28.22316,-26.13329],[28.22316,-26.13332],[28.22317,-26.13335],[28.22319,-26.13338],[28.22321,-26.13341],[28.22323,-26.13344],[28.22325,-26.13346],[28.22328,-26.1335]]}},{"type":"Feature","properties":{"id":"relation/3120317","name":"RF2","network":"Gautrain Bus"},"geometry":{"type":"LineString","coordinates":[[28.22464,-26.12832],[28.22465,-26.12828],[28.22505,-26.12699],[28.22518,-26.12656]]}},{"type":"Feature","properties":{"id":"relation/3120317","name":"RF2","network":"Gautrain Bus"},"geometry":{"type":"LineString","coordinates":[[28.22464,-26.12832],[28.22475,-26.12835],[28.22487,-26.12838],[28.22502,-26.12842],[28.22507,-26.12842],[28.2251,-26.12841],[28.22514,-26.1284],[28.22531,-26.12833],[28.22537,-26.12829],[28.22539,-26.12826],[28.22541,-26.12823],[28.22542,-26.1282],[28.22542,-26.12816],[28.22541,-26.12812],[28.22533,-26.128]]}},{"type":"Feature","properties":{"id":"relation/3148217","name":"Park Station - Parktown (Gautrain J1)","network":"Gautrain Bus"},"geometry":{"type":"LineString","coordinates":[[28.0426,-26.19505],[28.04242,-26.19507],[28.04182,-26.19514],[28.04179,-26.19514]]}},{"type":"Feature","properties":{"id":"relation/3148217","name":"Park Station - Parktown (Gautrain J1)","network":"Gautrain Bus"},"geometry":{"type":"LineString","coordinates":[[28.04179,-26.19514],[28.04133,-26.19518],[28.04088,-26.19523],[28.04085,-26.19523],[28.04078,-26.19524],[28.04072,-26.19525]]}},{"type":"Feature","properties":{"id":"relation/3148217","name":"Park Station - Parktown (Gautrain J1)","network":"Gautrain Bus"},"geometry":{"type":"LineString","coordinates":[[28.04072,-26.19525],[28.04062,-26.19465],[28.0406,-26.19456],[28.04057,-26.19433],[28.04054,-26.19417],[28.04052,-26.19403],[28.0405,-26.19385]]}},{"type":"Feature","properties":{"id":"relation/3148217","name":"Park Station - Parktown (Gautrain J1)","network":"Gautrain Bus"},"geometry":{"type":"LineString","coordinates":[[28.0405,-26.19385],[28.04047,-26.19362],[28.04044,-26.19342],[28.04041,-26.19334]]}},{"type":"Feature","properties":{"id":"relation/3148217","name":"Park Station - Parktown (Gautrain J1)","network":"Gautrain Bus"},"geometry":{"type":"LineString","coordinates":[[28.04041,-26.19334],[28.04038,-26.19329],[28.04034,-26.19323],[28.04024,-26.19312]]}},{"type":"Feature","properties":{"id":"relation/3148217","name":"Park Station - Parktown (Gautrain J1)","network":"Gautrain Bus"},"geometry":{"type":"LineString","coordinates":[[28.04024,-26.19312],[28.04007,-26.19296]]}},{"type":"Feature","properties":{"id":"relation/3148217","name":"Park Station - Parktown (Gautrain J1)","network":"Gautrain Bus"},"geometry":{"type":"LineString","coordinates":[[28.04007,-26.19296],[28.03971,-26.19268],[28.03951,-26.19252],[28.03931,-26.19234],[28.03925,-26.19227]]}},{"type":"Feature","properties":{"id":"relation/3148217","name":"Park Station - Parktown (Gautrain J1)","network":"Gautrain Bus"},"geometry":{"type":"LineString","coordinates":[[28.03925,-26.19227],[28.0392,-26.19216],[28.03918,-26.19202],[28.0391,-26.19142],[28.03909,-26.19132],[28.03908,-26.19127],[28.03905,-26.19108],[28.03905,-26.19104],[28.03899,-26.19067]]}},{"type":"Feature","properties":{"id":"relation/3148217","name":"Park Station - Parktown (Gautrain J1)","network":"Gautrain Bus"},"geometry":{"type":"LineString","coordinates":[[28.03899,-26.19067],[28.03892,-26.19033]]}},{"type":"Feature","properties":{"id":"relation/3148217","name":"Park Station - Parktown (Gautrain J1)","network":"Gautrain Bus"},"geometry":{"type":"LineString","coordinates":[[28.03892,-26.19033],[28.03894,-26.19021],[28.03896,-26.19014],[28.03901,-26.19006],[28.03906,-26.19001],[28.03916,-26.18995]]}},{"type":"Feature","properties":{"id":"relation/3148217","name":"Park Station - Parktown (Gautrain J1)","network":"Gautrain Bus"},"geometry":{"type":"LineString","coordinates":[[28.03916,-26.18995],[28.04011,-26.18984]]}},{"type":"Feature","properties":{"id":"relation/3148217","name":"Park Station - Parktown (Gautrain J1)","network":"Gautrain Bus"},"geometry":{"type":"LineString","coordinates":[[28.04011,-26.18984],[28.04082,-26.18975]]}},{"type":"Feature","properties":{"id":"relation/3148217","name":"Park Station - Parktown (Gautrain J1)","network":"Gautrain Bus"},"geometry":{"type":"LineString","coordinates":[[28.04082,-26.18975],[28.04089,-26.18973],[28.04093,-26.18971],[28.04097,-26.18969],[28.041,-26.18966],[28.04103,-26.18962],[28.04105,-26.18958],[28.04106,-26.18954],[28.04107,-26.18948],[28.04106,-26.18939],[28.04103,-26.18914]]}},{"type":"Feature","properties":{"id":"relation/3148217","name":"Park Station - Parktown (Gautrain J1)","network":"Gautrain Bus"},"geometry":{"type":"LineString","coordinates":[[28.04103,-26.18914],[28.04099,-26.18874],[28.04097,-26.1884]]}},{"type":"Feature","properties":{"id":"relation/3148217","name":"Park Station - Parktown (Gautrain J1)","network":"Gautrain Bus"},"geometry":{"type":"LineString","coordinates":[[28.04097,-26.1884],[28.04095,-26.18826],[28.04095,-26.18812],[28.04095,-26.18801],[28.04099,-26.18753]]}},{"type":"Feature","properties":{"id":"relation/3148217","name":"Park Station - Parktown (Gautrain J1)","network":"Gautrain Bus"},"geometry":{"type":"LineString","coordinates":[[28.04099,-26.18753],[28.041,-26.18732],[28.041,-26.18727],[28.04099,-26.18724],[28.04098,-26.18719],[28.04097,-26.18713]]}},{"type":"Feature","properties":{"id":"relation/3148217","name":"Park Station - Parktown (Gautrain J1)","network":"Gautrain Bus"},"geometry":{"type":"LineString","coordinates":[[28.04097,-26.18713],[28.0409,-26.1869],[28.04089,-26.18683],[28.04087,-26.18674],[28.04086,-26.1866],[28.04086,-26.18653]]}},{"type":"Feature","properties":{"id":"relation/3148217","name":"Park Station - Parktown (Gautrain J1)","network":"Gautrain Bus"},"geometry":{"type":"LineString","coordinates":[[28.04086,-26.18653],[28.04085,-26.18617],[28.04084,-26.18597]]}},{"type":"Feature","properties":{"id":"relation/3148217","name":"Park Station - Parktown (Gautrain J1)","network":"Gautrain Bus"},"geometry":{"type":"LineString","coordinates":[[28.04084,-26.18597],[28.04084,-26.18572],[28.04086,-26.18558],[28.04088,-26.18541]]}},{"type":"Feature","properties":{"id":"relation/3148217","name":"Park Station - Parktown (Gautrain J1)","network":"Gautrain Bus"},"geometry":{"type":"LineString","coordinates":[[28.04088,-26.18541],[28.04088,-26.18535],[28.0409,-26.18526]]}},{"type":"Feature","properties":{"id":"relation/3148217","name":"Park Station - Parktown (Gautrain J1)","network":"Gautrain Bus"},"geometry":{"type":"LineString","coordinates":[[28.0409,-26.18526],[28.04097,-26.18491],[28.041,-26.18467],[28.04099,-26.1845],[28.04097,-26.18433],[28.04093,-26.18416],[28.04088,-26.18401],[28.0408,-26.18385],[28.04069,-26.18367],[28.04032,-26.18317],[28.04005,-26.18278]]}},{"type":"Feature","properties":{"id":"relation/3148217","name":"Park Station - Parktown (Gautrain J1)","network":"Gautrain Bus"},"geometry":{"type":"LineString","coordinates":[[28.04005,-26.18278],[28.03975,-26.18237],[28.03965,-26.18223]]}},{"type":"Feature","properties":{"id":"relation/3148217","name":"Park Station - Parktown (Gautrain J1)","network":"Gautrain Bus"},"geometry":{"type":"LineString","coordinates":[[28.03965,-26.18223],[28.03937,-26.18229],[28.03897,-26.18236],[28.03872,-26.18241]]}},{"type":"Feature","properties":{"id":"relation/3148217","name":"Park Station - Parktown (Gautrain J1)","network":"Gautrain Bus"},"geometry":{"type":"LineString","coordinates":[[28.03872,-26.18241],[28.03838,-26.18245],[28.03796,-26.18251]]}},{"type":"Feature","properties":{"id":"relation/3148217","name":"Park Station - Parktown (Gautrain J1)","network":"Gautrain Bus"},"geometry":{"type":"LineString","coordinates":[[28.03796,-26.18251],[28.03705,-26.18265],[28.03674,-26.18269],[28.0365,-26.18273],[28.03603,-26.1828]]}},{"type":"Feature","properties":{"id":"relation/3148217","name":"Park Station - Parktown (Gautrain J1)","network":"Gautrain Bus"},"geometry":{"type":"LineString","coordinates":[[28.03567,-26.18033],[28.03565,-26.18039],[28.03564,-26.18047],[28.03564,-26.1806],[28.03565,-26.18072],[28.03574,-26.18123],[28.0358,-26.18154],[28.03582,-26.18163],[28.03591,-26.18216],[28.03592,-26.18223],[28.03601,-26.18274],[28.03603,-26.1828]]}},{"type":"Feature","properties":{"id":"relation/3148217","name":"Park Station - Parktown (Gautrain J1)","network":"Gautrain Bus"},"geometry":{"type":"LineString","coordinates":[[28.03567,-26.18033],[28.0357,-26.18022],[28.03574,-26.18013],[28.03579,-26.18003],[28.03589,-26.17989],[28.03615,-26.17958],[28.03637,-26.17932],[28.0367,-26.17888]]}},{"type":"Feature","properties":{"id":"relation/3148217","name":"Park Station - Parktown (Gautrain J1)","network":"Gautrain Bus"},"geometry":{"type":"LineString","coordinates":[[28.0367,-26.17888],[28.0367,-26.17882],[28.03671,-26.17879]]}},{"type":"Feature","properties":{"id":"relation/3148217","name":"Park Station - Parktown (Gautrain J1)","network":"Gautrain Bus"},"geometry":{"type":"LineString","coordinates":[[28.03671,-26.17879],[28.03675,-26.17872]]}},{"type":"Feature","properties":{"id":"relation/3148217","name":"Park Station - Parktown (Gautrain J1)","network":"Gautrain Bus"},"geometry":{"type":"LineString","coordinates":[[28.03675,-26.17872],[28.03681,-26.17875]]}},{"type":"Feature","properties":{"id":"relation/3148217","name":"Park Station - Parktown (Gautrain J1)","network":"Gautrain Bus"},"geometry":{"type":"LineString","coordinates":[[28.03681,-26.17875],[28.03688,-26.1788],[28.03708,-26.17894]]}},{"type":"Feature","properties":{"id":"relation/3148217","name":"Park Station - Parktown (Gautrain J1)","network":"Gautrain Bus"},"geometry":{"type":"LineString","coordinates":[[28.03708,-26.17894],[28.03724,-26.17908],[28.0374,-26.17923],[28.03751,-26.17932]]}},{"type":"Feature","properties":{"id":"relation/3148217","name":"Park Station - Parktown (Gautrain J1)","network":"Gautrain Bus"},"geometry":{"type":"LineString","coordinates":[[28.03751,-26.17932],[28.03765,-26.17943]]}},{"type":"Feature","properties":{"id":"relation/3148217","name":"Park Station - Parktown (Gautrain J1)","network":"Gautrain Bus"},"geometry":{"type":"LineString","coordinates":[[28.03765,-26.17943],[28.03769,-26.17947],[28.03794,-26.17973],[28.03797,-26.17978],[28.03818,-26.18006],[28.03832,-26.18024],[28.03869,-26.18073]]}},{"type":"Feature","properties":{"id":"relation/3148217","name":"Park Station - Parktown (Gautrain J1)","network":"Gautrain Bus"},"geometry":{"type":"LineString","coordinates":[[28.03869,-26.18073],[28.03902,-26.18117]]}},{"type":"Feature","properties":{"id":"relation/3148217","name":"Park Station - Parktown (Gautrain J1)","network":"Gautrain Bus"},"geometry":{"type":"LineString","coordinates":[[28.03902,-26.18117],[28.0393,-26.18157]]}},{"type":"Feature","properties":{"id":"relation/3148217","name":"Park Station - Parktown (Gautrain J1)","network":"Gautrain Bus"},"geometry":{"type":"LineString","coordinates":[[28.0393,-26.18157],[28.03956,-26.18193],[28.03972,-26.18213]]}},{"type":"Feature","properties":{"id":"relation/3148217","name":"Park Station - Parktown (Gautrain J1)","network":"Gautrain Bus"},"geometry":{"type":"LineString","coordinates":[[28.03972,-26.18213],[28.03978,-26.18221],[28.03996,-26.18245],[28.04038,-26.18303],[28.04062,-26.18334],[28.04075,-26.18353],[28.04083,-26.18365],[28.0409,-26.18378],[28.04096,-26.18391],[28.04101,-26.18403],[28.04105,-26.18417],[28.04108,-26.18432],[28.04109,-26.18441],[28.0411,-26.18451],[28.04105,-26.18526]]}},{"type":"Feature","properties":{"id":"relation/3148217","name":"Park Station - Parktown (Gautrain J1)","network":"Gautrain Bus"},"geometry":{"type":"LineString","coordinates":[[28.03789,-26.17919],[28.03798,-26.17909],[28.03808,-26.17901],[28.03817,-26.17893],[28.03825,-26.17888],[28.03838,-26.1788],[28.03854,-26.17873],[28.03897,-26.17858],[28.03911,-26.17854],[28.03956,-26.17841],[28.0398,-26.17834],[28.03985,-26.17832],[28.04056,-26.17808],[28.04109,-26.17791]]}},{"type":"Feature","properties":{"id":"relation/3148217","name":"Park Station - Parktown (Gautrain J1)","network":"Gautrain Bus"},"geometry":{"type":"LineString","coordinates":[[28.04109,-26.17791],[28.04154,-26.17773]]}},{"type":"Feature","properties":{"id":"relation/3148217","name":"Park Station - Parktown (Gautrain J1)","network":"Gautrain Bus"},"geometry":{"type":"LineString","coordinates":[[28.04154,-26.17773],[28.04215,-26.17754],[28.04237,-26.17748],[28.04316,-26.17721],[28.04337,-26.17715],[28.04379,-26.17701],[28.04411,-26.1769],[28.04424,-26.17686],[28.04431,-26.17684],[28.04443,-26.17683]]}},{"type":"Feature","properties":{"id":"relation/3148217","name":"Park Station - Parktown (Gautrain J1)","network":"Gautrain Bus"},"geometry":{"type":"LineString","coordinates":[[28.04443,-26.17683],[28.04451,-26.17683],[28.04458,-26.17683],[28.04466,-26.17684],[28.04473,-26.17686],[28.04479,-26.17688],[28.04486,-26.17693],[28.04496,-26.17699]]}},{"type":"Feature","properties":{"id":"relation/3148217","name":"Park Station - Parktown (Gautrain J1)","network":"Gautrain Bus"},"geometry":{"type":"LineString","coordinates":[[28.04496,-26.17699],[28.04503,-26.17708],[28.04509,-26.17717]]}},{"type":"Feature","properties":{"id":"relation/3148217","name":"Park Station - Parktown (Gautrain J1)","network":"Gautrain Bus"},"geometry":{"type":"LineString","coordinates":[[28.04509,-26.17717],[28.04516,-26.17728],[28.04553,-26.17782],[28.04578,-26.17821],[28.04582,-26.17827],[28.04596,-26.17855]]}},{"type":"Feature","properties":{"id":"relation/3148217","name":"Park Station - Parktown (Gautrain J1)","network":"Gautrain Bus"},"geometry":{"type":"LineString","coordinates":[[28.04596,-26.17855],[28.04603,-26.17868],[28.04615,-26.17892]]}},{"type":"Feature","properties":{"id":"relation/3148217","name":"Park Station - Parktown (Gautrain J1)","network":"Gautrain Bus"},"geometry":{"type":"LineString","coordinates":[[28.04615,-26.17892],[28.04621,-26.17903]]}},{"type":"Feature","properties":{"id":"relation/3148217","name":"Park Station - Parktown (Gautrain J1)","network":"Gautrain Bus"},"geometry":{"type":"LineString","coordinates":[[28.04621,-26.17903],[28.04615,-26.17915],[28.04611,-26.17925],[28.04603,-26.1794],[28.04597,-26.17952],[28.04589,-26.17966],[28.04581,-26.1798],[28.0457,-26.17997],[28.04558,-26.18012],[28.04543,-26.18028],[28.04529,-26.18042],[28.04515,-26.18054],[28.04506,-26.1806],[28.04499,-26.18064],[28.04489,-26.18071],[28.04478,-26.18077],[28.04465,-26.18083],[28.04452,-26.18089],[28.04419,-26.18102],[28.04377,-26.18118],[28.04363,-26.18123]]}},{"type":"Feature","properties":{"id":"relation/3148217","name":"Park Station - Parktown (Gautrain J1)","network":"Gautrain Bus"},"geometry":{"type":"LineString","coordinates":[[28.0429,-26.18151],[28.04287,-26.18154],[28.04284,-26.18159],[28.04279,-26.18165],[28.04276,-26.1817],[28.04273,-26.18176],[28.0427,-26.18183]]}},{"type":"Feature","properties":{"id":"relation/3148217","name":"Park Station - Parktown (Gautrain J1)","network":"Gautrain Bus"},"geometry":{"type":"LineString","coordinates":[[28.0427,-26.18183],[28.04275,-26.18217]]}},{"type":"Feature","properties":{"id":"relation/3148217","name":"Park Station - Parktown (Gautrain J1)","network":"Gautrain Bus"},"geometry":{"type":"LineString","coordinates":[[28.04275,-26.18217],[28.04276,-26.18228],[28.04282,-26.18255]]}},{"type":"Feature","properties":{"id":"relation/3148217","name":"Park Station - Parktown (Gautrain J1)","network":"Gautrain Bus"},"geometry":{"type":"LineString","coordinates":[[28.04282,-26.18255],[28.04288,-26.18277],[28.04308,-26.1834],[28.04322,-26.18383],[28.04328,-26.18401],[28.04331,-26.18408],[28.04335,-26.18415],[28.04341,-26.18423],[28.04349,-26.18431],[28.04357,-26.18438],[28.04364,-26.18444],[28.0438,-26.18457],[28.04388,-26.18464],[28.04395,-26.18472],[28.044,-26.18479],[28.04404,-26.18489],[28.04405,-26.18492],[28.04407,-26.185],[28.04407,-26.18507],[28.04406,-26.18516]]}},{"type":"Feature","properties":{"id":"relation/3148217","name":"Park Station - Parktown (Gautrain J1)","network":"Gautrain Bus"},"geometry":{"type":"LineString","coordinates":[[28.04406,-26.18516],[28.04405,-26.18543]]}},{"type":"Feature","properties":{"id":"relation/3148217","name":"Park Station - Parktown (Gautrain J1)","network":"Gautrain Bus"},"geometry":{"type":"LineString","coordinates":[[28.04405,-26.18543],[28.04404,-26.18555]]}},{"type":"Feature","properties":{"id":"relation/3148217","name":"Park Station - Parktown (Gautrain J1)","network":"Gautrain Bus"},"geometry":{"type":"LineString","coordinates":[[28.04404,-26.18555],[28.0429,-26.18547],[28.04239,-26.18543],[28.04218,-26.18542],[28.04196,-26.18541],[28.04174,-26.18541]]}},{"type":"Feature","properties":{"id":"relation/3148217","name":"Park Station - Parktown (Gautrain J1)","network":"Gautrain Bus"},"geometry":{"type":"LineString","coordinates":[[28.04174,-26.18541],[28.04104,-26.18541]]}},{"type":"Feature","properties":{"id":"relation/3148217","name":"Park Station - Parktown (Gautrain J1)","network":"Gautrain Bus"},"geometry":{"type":"LineString","coordinates":[[28.04104,-26.18541],[28.04102,-26.18573],[28.04099,-26.18604]]}},{"type":"Feature","properties":{"id":"relation/3148217","name":"Park Station - Parktown (Gautrain J1)","network":"Gautrain Bus"},"geometry":{"type":"LineString","coordinates":[[28.04099,-26.18604],[28.04097,-26.18639],[28.04097,-26.18646],[28.04097,-26.18655],[28.04097,-26.18663],[28.04099,-26.18673],[28.04103,-26.18689]]}},{"type":"Feature","properties":{"id":"relation/3148217","name":"Park Station - Parktown (Gautrain J1)","network":"Gautrain Bus"},"geometry":{"type":"LineString","coordinates":[[28.04103,-26.18689],[28.04107,-26.18699],[28.04109,-26.18708],[28.04112,-26.18716],[28.04111,-26.18725],[28.04112,-26.1874],[28.04109,-26.1877],[28.04108,-26.18784],[28.04107,-26.18804]]}},{"type":"Feature","properties":{"id":"relation/3148217","name":"Park Station - Parktown (Gautrain J1)","network":"Gautrain Bus"},"geometry":{"type":"LineString","coordinates":[[28.04107,-26.18804],[28.04107,-26.18823],[28.04111,-26.18864]]}},{"type":"Feature","properties":{"id":"relation/3148217","name":"Park Station - Parktown (Gautrain J1)","network":"Gautrain Bus"},"geometry":{"type":"LineString","coordinates":[[28.04111,-26.18864],[28.04112,-26.18873],[28.04116,-26.18912],[28.04118,-26.18927],[28.0412,-26.18958],[28.04121,-26.18968],[28.04122,-26.18988]]}},{"type":"Feature","properties":{"id":"relation/3148217","name":"Park Station - Parktown (Gautrain J1)","network":"Gautrain Bus"},"geometry":{"type":"LineString","coordinates":[[28.04122,-26.18988],[28.04124,-26.19014],[28.04128,-26.19052]]}},{"type":"Feature","properties":{"id":"relation/3148217","name":"Park Station - Parktown (Gautrain J1)","network":"Gautrain Bus"},"geometry":{"type":"LineString","coordinates":[[28.04128,-26.19052],[28.04131,-26.19077],[28.04132,-26.19088],[28.04134,-26.19102],[28.04142,-26.19146]]}},{"type":"Feature","properties":{"id":"relation/3148217","name":"Park Station - Parktown (Gautrain J1)","network":"Gautrain Bus"},"geometry":{"type":"LineString","coordinates":[[28.04142,-26.19146],[28.04148,-26.1919]]}},{"type":"Feature","properties":{"id":"relation/3148217","name":"Park Station - Parktown (Gautrain J1)","network":"Gautrain Bus"},"geometry":{"type":"LineString","coordinates":[[28.04148,-26.1919],[28.0415,-26.19205],[28.04149,-26.19218],[28.04147,-26.19227],[28.04145,-26.19235]]}},{"type":"Feature","properties":{"id":"relation/3148217","name":"Park Station - Parktown (Gautrain J1)","network":"Gautrain Bus"},"geometry":{"type":"LineString","coordinates":[[28.04145,-26.19235],[28.04141,-26.19242],[28.04137,-26.19249],[28.04134,-26.19252],[28.04132,-26.19254],[28.04115,-26.19266],[28.04106,-26.1927]]}},{"type":"Feature","properties":{"id":"relation/3148217","name":"Park Station - Parktown (Gautrain J1)","network":"Gautrain Bus"},"geometry":{"type":"LineString","coordinates":[[28.04106,-26.1927],[28.04086,-26.19284],[28.04074,-26.19294],[28.04066,-26.19303],[28.0406,-26.19313],[28.04058,-26.19318],[28.04057,-26.19325],[28.04056,-26.19333],[28.04057,-26.19345],[28.04062,-26.19376],[28.04068,-26.19418]]}},{"type":"Feature","properties":{"id":"relation/3148217","name":"Park Station - Parktown (Gautrain J1)","network":"Gautrain Bus"},"geometry":{"type":"LineString","coordinates":[[28.04068,-26.19418],[28.04075,-26.19453],[28.04077,-26.19463]]}},{"type":"Feature","properties":{"id":"relation/3148217","name":"Park Station - Parktown (Gautrain J1)","network":"Gautrain Bus"},"geometry":{"type":"LineString","coordinates":[[28.04077,-26.19463],[28.0417,-26.19452]]}},{"type":"Feature","properties":{"id":"relation/3148217","name":"Park Station - Parktown (Gautrain J1)","network":"Gautrain Bus"},"geometry":{"type":"LineString","coordinates":[[28.0417,-26.19452],[28.0425,-26.19443]]}},{"type":"Feature","properties":{"id":"relation/3148217","name":"Park Station - Parktown (Gautrain J1)","network":"Gautrain Bus"},"geometry":{"type":"LineString","coordinates":[[28.0425,-26.19443],[28.04255,-26.19474]]}},{"type":"Feature","properties":{"id":"relation/3148217","name":"Park Station - Parktown (Gautrain J1)","network":"Gautrain Bus"},"geometry":{"type":"LineString","coordinates":[[28.04255,-26.19474],[28.0426,-26.19505]]}},{"type":"Feature","properties":{"id":"relation/3148217","name":"Park Station - Parktown (Gautrain J1)","network":"Gautrain Bus"},"geometry":{"type":"LineString","coordinates":[[28.03751,-26.17932],[28.03759,-26.17932],[28.03762,-26.17932],[28.03766,-26.17931],[28.03771,-26.1793],[28.03777,-26.17928],[28.03783,-26.17926]]}},{"type":"Feature","properties":{"id":"relation/3152495","name":"Pretoria - CBD","network":"Gautrain Bus"},"geometry":{"type":"LineString","coordinates":[[28.19528,-25.74448],[28.19533,-25.74508],[28.19537,-25.74553],[28.1954,-25.74596]]}},{"type":"Feature","properties":{"id":"relation/3152495","name":"Pretoria - CBD","network":"Gautrain Bus"},"geometry":{"type":"LineString","coordinates":[[28.1954,-25.74596],[28.19542,-25.74621],[28.19553,-25.74742]]}},{"type":"Feature","properties":{"id":"relation/3152495","name":"Pretoria - CBD","network":"Gautrain Bus"},"geometry":{"type":"LineString","coordinates":[[28.19553,-25.74742],[28.19558,-25.74814],[28.1956,-25.74843],[28.19564,-25.74888],[28.19572,-25.75],[28.19573,-25.75009],[28.19573,-25.75017],[28.19574,-25.7503],[28.19575,-25.75038],[28.19575,-25.75045],[28.19587,-25.75182]]}},{"type":"Feature","properties":{"id":"relation/3152495","name":"Pretoria - CBD","network":"Gautrain Bus"},"geometry":{"type":"LineString","coordinates":[[28.19587,-25.75182],[28.19427,-25.75193],[28.19417,-25.75193],[28.1935,-25.75198],[28.19345,-25.75199],[28.19331,-25.75199],[28.19297,-25.75202],[28.19247,-25.75205],[28.19137,-25.75213],[28.19102,-25.75215]]}},{"type":"Feature","properties":{"id":"relation/3152495","name":"Pretoria - CBD","network":"Gautrain Bus"},"geometry":{"type":"LineString","coordinates":[[28.19102,-25.75215],[28.19108,-25.75295],[28.19113,-25.75362],[28.19124,-25.75511]]}},{"type":"Feature","properties":{"id":"relation/3152495","name":"Pretoria - CBD","network":"Gautrain Bus"},"geometry":{"type":"LineString","coordinates":[[28.19124,-25.75511],[28.1913,-25.75583]]}},{"type":"Feature","properties":{"id":"relation/3152495","name":"Pretoria - CBD","network":"Gautrain Bus"},"geometry":{"type":"LineString","coordinates":[[28.1913,-25.75583],[28.19133,-25.75611],[28.19137,-25.75657]]}},{"type":"Feature","properties":{"id":"relation/3152495","name":"Pretoria - CBD","network":"Gautrain Bus"},"geometry":{"type":"LineString","coordinates":[[28.19137,-25.75657],[28.19139,-25.75682],[28.19142,-25.75716],[28.19144,-25.75733]]}},{"type":"Feature","properties":{"id":"relation/3152495","name":"Pretoria - CBD","network":"Gautrain Bus"},"geometry":{"type":"LineString","coordinates":[[28.19144,-25.75733],[28.19149,-25.75801],[28.1915,-25.7581],[28.1916,-25.75865]]}},{"type":"Feature","properties":{"id":"relation/3152495","name":"Pretoria - CBD","network":"Gautrain Bus"},"geometry":{"type":"LineString","coordinates":[[28.1916,-25.75865],[28.19166,-25.75888],[28.1918,-25.75941],[28.19182,-25.75944],[28.19188,-25.75963],[28.19202,-25.7601],[28.19211,-25.76038],[28.19214,-25.76044]]}},{"type":"Feature","properties":{"id":"relation/3152495","name":"Pretoria - CBD","network":"Gautrain Bus"},"geometry":{"type":"LineString","coordinates":[[28.19214,-25.76044],[28.19217,-25.76051]]}},{"type":"Feature","properties":{"id":"relation/3152495","name":"Pretoria - CBD","network":"Gautrain Bus"},"geometry":{"type":"LineString","coordinates":[[28.19217,-25.76051],[28.19209,-25.76055],[28.19204,-25.76057]]}},{"type":"Feature","properties":{"id":"relation/3152495","name":"Pretoria - CBD","network":"Gautrain Bus"},"geometry":{"type":"LineString","coordinates":[[28.19204,-25.76057],[28.19193,-25.76059],[28.1919,-25.7606],[28.19168,-25.76066],[28.19159,-25.76067],[28.19153,-25.76066],[28.19148,-25.76064],[28.19144,-25.7606],[28.19139,-25.76054],[28.19128,-25.76036],[28.19048,-25.75931],[28.19045,-25.75924],[28.19044,-25.7592],[28.19044,-25.75917],[28.19045,-25.75914],[28.19047,-25.7591],[28.19055,-25.75902],[28.19056,-25.75898],[28.19057,-25.75895],[28.19055,-25.7589],[28.19052,-25.75886],[28.19013,-25.75836]]}},{"type":"Feature","properties":{"id":"relation/3152495","name":"Pretoria - CBD","network":"Gautrain Bus"},"geometry":{"type":"LineString","coordinates":[[28.19013,-25.75836],[28.19005,-25.75823],[28.19005,-25.7582],[28.19005,-25.75817],[28.19007,-25.75814],[28.19009,-25.75812],[28.19019,-25.75804],[28.19028,-25.75797]]}},{"type":"Feature","properties":{"id":"relation/3152495","name":"Pretoria - CBD","network":"Gautrain Bus"},"geometry":{"type":"LineString","coordinates":[[28.19028,-25.75797],[28.19042,-25.75776],[28.19045,-25.75765]]}},{"type":"Feature","properties":{"id":"relation/3152495","name":"Pretoria - CBD","network":"Gautrain Bus"},"geometry":{"type":"LineString","coordinates":[[28.19045,-25.75765],[28.19032,-25.75741],[28.19024,-25.75727],[28.19013,-25.75706],[28.19007,-25.75696],[28.18998,-25.75687],[28.18991,-25.75681],[28.18981,-25.75674]]}},{"type":"Feature","properties":{"id":"relation/3152495","name":"Pretoria - CBD","network":"Gautrain Bus"},"geometry":{"type":"LineString","coordinates":[[28.18981,-25.75674],[28.18974,-25.75667]]}},{"type":"Feature","properties":{"id":"relation/3152495","name":"Pretoria - CBD","network":"Gautrain Bus"},"geometry":{"type":"LineString","coordinates":[[28.18974,-25.75667],[28.18899,-25.75672],[28.18897,-25.75672]]}},{"type":"Feature","properties":{"id":"relation/3152495","name":"Pretoria - CBD","network":"Gautrain Bus"},"geometry":{"type":"LineString","coordinates":[[28.18856,-25.75232],[28.18858,-25.75256],[28.18865,-25.75356],[28.18867,-25.7538],[28.18877,-25.75526],[28.18886,-25.75601],[28.18892,-25.75664],[28.18894,-25.75669],[28.18897,-25.75672]]}},{"type":"Feature","properties":{"id":"relation/3152495","name":"Pretoria - CBD","network":"Gautrain Bus"},"geometry":{"type":"LineString","coordinates":[[28.18856,-25.75232],[28.18767,-25.75238],[28.18611,-25.75248]]}},{"type":"Feature","properties":{"id":"relation/3152495","name":"Pretoria - CBD","network":"Gautrain Bus"},"geometry":{"type":"LineString","coordinates":[[28.18611,-25.75248],[28.1861,-25.75228],[28.18608,-25.7521],[28.18608,-25.75199]]}},{"type":"Feature","properties":{"id":"relation/3152495","name":"Pretoria - CBD","network":"Gautrain Bus"},"geometry":{"type":"LineString","coordinates":[[28.18608,-25.75199],[28.18606,-25.75174],[28.18601,-25.75101]]}},{"type":"Feature","properties":{"id":"relation/3152495","name":"Pretoria - CBD","network":"Gautrain Bus"},"geometry":{"type":"LineString","coordinates":[[28.18601,-25.75101],[28.18599,-25.75079],[28.18595,-25.75044]]}},{"type":"Feature","properties":{"id":"relation/3152495","name":"Pretoria - CBD","network":"Gautrain Bus"},"geometry":{"type":"LineString","coordinates":[[28.18595,-25.75044],[28.18588,-25.74957]]}},{"type":"Feature","properties":{"id":"relation/3152495","name":"Pretoria - CBD","network":"Gautrain Bus"},"geometry":{"type":"LineString","coordinates":[[28.18588,-25.74957],[28.18576,-25.74809]]}},{"type":"Feature","properties":{"id":"relation/3152495","name":"Pretoria - CBD","network":"Gautrain Bus"},"geometry":{"type":"LineString","coordinates":[[28.18576,-25.74809],[28.18563,-25.74664]]}},{"type":"Feature","properties":{"id":"relation/3152495","name":"Pretoria - CBD","network":"Gautrain Bus"},"geometry":{"type":"LineString","coordinates":[[28.18563,-25.74664],[28.18555,-25.74567],[28.18551,-25.74516]]}},{"type":"Feature","properties":{"id":"relation/3152495","name":"Pretoria - CBD","network":"Gautrain Bus"},"geometry":{"type":"LineString","coordinates":[[28.18551,-25.74516],[28.18548,-25.74468],[28.1854,-25.74367]]}},{"type":"Feature","properties":{"id":"relation/3152495","name":"Pretoria - CBD","network":"Gautrain Bus"},"geometry":{"type":"LineString","coordinates":[[28.1854,-25.74367],[28.18524,-25.7422]]}},{"type":"Feature","properties":{"id":"relation/3152495","name":"Pretoria - CBD","network":"Gautrain Bus"},"geometry":{"type":"LineString","coordinates":[[28.18524,-25.7422],[28.18587,-25.74216],[28.18758,-25.74203],[28.18764,-25.74203]]}},{"type":"Feature","properties":{"id":"relation/3152495","name":"Pretoria - CBD","network":"Gautrain Bus"},"geometry":{"type":"LineString","coordinates":[[28.18764,-25.74203],[28.1877,-25.74202],[28.18774,-25.74202],[28.18779,-25.74202]]}},{"type":"Feature","properties":{"id":"relation/3152495","name":"Pretoria - CBD","network":"Gautrain Bus"},"geometry":{"type":"LineString","coordinates":[[28.18779,-25.74202],[28.18784,-25.74201],[28.1886,-25.74196],[28.18925,-25.74191],[28.19013,-25.74185]]}},{"type":"Feature","properties":{"id":"relation/3152495","name":"Pretoria - CBD","network":"Gautrain Bus"},"geometry":{"type":"LineString","coordinates":[[28.19013,-25.74185],[28.19021,-25.74279],[28.19026,-25.74334]]}},{"type":"Feature","properties":{"id":"relation/3152495","name":"Pretoria - CBD","network":"Gautrain Bus"},"geometry":{"type":"LineString","coordinates":[[28.19026,-25.74334],[28.19042,-25.74483]]}},{"type":"Feature","properties":{"id":"relation/3152495","name":"Pretoria - CBD","network":"Gautrain Bus"},"geometry":{"type":"LineString","coordinates":[[28.19042,-25.74483],[28.19134,-25.74476],[28.19159,-25.74474],[28.19181,-25.74473]]}},{"type":"Feature","properties":{"id":"relation/3152495","name":"Pretoria - CBD","network":"Gautrain Bus"},"geometry":{"type":"LineString","coordinates":[[28.19181,-25.74473],[28.19204,-25.74471]]}},{"type":"Feature","properties":{"id":"relation/3152495","name":"Pretoria - CBD","network":"Gautrain Bus"},"geometry":{"type":"LineString","coordinates":[[28.19204,-25.74471],[28.19227,-25.74469],[28.19284,-25.74466],[28.19308,-25.74464],[28.19385,-25.74458],[28.19393,-25.74457],[28.19453,-25.74453]]}},{"type":"Feature","properties":{"id":"relation/3152495","name":"Pretoria - CBD","network":"Gautrain Bus"},"geometry":{"type":"LineString","coordinates":[[28.19453,-25.74453],[28.19528,-25.74448]]}},{"type":"Feature","properties":{"id":"relation/3158132","name":"Hatfield - Brooklyn (Gautrain H1)","network":"Gautrain Bus"},"geometry":{"type":"LineString","coordinates":[[28.23675,-25.7476],[28.23668,-25.74766],[28.23659,-25.74773],[28.23652,-25.74777],[28.23612,-25.74794]]}},{"type":"Feature","properties":{"id":"relation/3158132","name":"Hatfield - Brooklyn (Gautrain H1)","network":"Gautrain Bus"},"geometry":{"type":"LineString","coordinates":[[28.23612,-25.74794],[28.23595,-25.748],[28.23588,-25.748],[28.23583,-25.74799],[28.23581,-25.74797],[28.23578,-25.74795],[28.23573,-25.74784],[28.23572,-25.74771],[28.23571,-25.74766]]}},{"type":"Feature","properties":{"id":"relation/3158132","name":"Hatfield - Brooklyn (Gautrain H1)","network":"Gautrain Bus"},"geometry":{"type":"LineString","coordinates":[[28.23491,-25.74762],[28.23496,-25.7476],[28.23499,-25.74759],[28.23503,-25.74758],[28.23544,-25.74755],[28.23567,-25.74753]]}},{"type":"Feature","properties":{"id":"relation/3158132","name":"Hatfield - Brooklyn (Gautrain H1)","network":"Gautrain Bus"},"geometry":{"type":"LineString","coordinates":[[28.23491,-25.74762],[28.23492,-25.74766],[28.23492,-25.7477],[28.23493,-25.74786]]}},{"type":"Feature","properties":{"id":"relation/3158132","name":"Hatfield - Brooklyn (Gautrain H1)","network":"Gautrain Bus"},"geometry":{"type":"LineString","coordinates":[[28.23493,-25.74786],[28.23499,-25.74852]]}},{"type":"Feature","properties":{"id":"relation/3158132","name":"Hatfield - Brooklyn (Gautrain H1)","network":"Gautrain Bus"},"geometry":{"type":"LineString","coordinates":[[28.23499,-25.74852],[28.23503,-25.74887]]}},{"type":"Feature","properties":{"id":"relation/3158132","name":"Hatfield - Brooklyn (Gautrain H1)","network":"Gautrain Bus"},"geometry":{"type":"LineString","coordinates":[[28.23503,-25.74887],[28.23505,-25.74914]]}},{"type":"Feature","properties":{"id":"relation/3158132","name":"Hatfield - Brooklyn (Gautrain H1)","network":"Gautrain Bus"},"geometry":{"type":"LineString","coordinates":[[28.23505,-25.74914],[28.23512,-25.75001]]}},{"type":"Feature","properties":{"id":"relation/3158132","name":"Hatfield - Brooklyn (Gautrain H1)","network":"Gautrain Bus"},"geometry":{"type":"LineString","coordinates":[[28.23512,-25.75001],[28.23516,-25.75051],[28.23517,-25.75059]]}},{"type":"Feature","properties":{"id":"relation/3158132","name":"Hatfield - Brooklyn (Gautrain H1)","network":"Gautrain Bus"},"geometry":{"type":"LineString","coordinates":[[28.23517,-25.75059],[28.23506,-25.7506],[28.23501,-25.7506]]}},{"type":"Feature","properties":{"id":"relation/3158132","name":"Hatfield - Brooklyn (Gautrain H1)","network":"Gautrain Bus"},"geometry":{"type":"LineString","coordinates":[[28.23501,-25.7506],[28.23452,-25.75064],[28.23397,-25.75069],[28.23381,-25.7507],[28.23374,-25.7507],[28.23348,-25.75072]]}},{"type":"Feature","properties":{"id":"relation/3158132","name":"Hatfield - Brooklyn (Gautrain H1)","network":"Gautrain Bus"},"geometry":{"type":"LineString","coordinates":[[28.23348,-25.75072],[28.23273,-25.75078]]}},{"type":"Feature","properties":{"id":"relation/3158132","name":"Hatfield - Brooklyn (Gautrain H1)","network":"Gautrain Bus"},"geometry":{"type":"LineString","coordinates":[[28.23273,-25.75078],[28.23246,-25.7508]]}},{"type":"Feature","properties":{"id":"relation/3158132","name":"Hatfield - Brooklyn (Gautrain H1)","network":"Gautrain Bus"},"geometry":{"type":"LineString","coordinates":[[28.23246,-25.7508],[28.23211,-25.75082],[28.23159,-25.75086],[28.23113,-25.75089],[28.23094,-25.75091],[28.23065,-25.75096],[28.23055,-25.75098],[28.23032,-25.75103]]}},{"type":"Feature","properties":{"id":"relation/3158132","name":"Hatfield - Brooklyn (Gautrain H1)","network":"Gautrain Bus"},"geometry":{"type":"LineString","coordinates":[[28.23032,-25.75103],[28.23008,-25.75108],[28.23,-25.75109]]}},{"type":"Feature","properties":{"id":"relation/3158132","name":"Hatfield - Brooklyn (Gautrain H1)","network":"Gautrain Bus"},"geometry":{"type":"LineString","coordinates":[[28.23,-25.75109],[28.22984,-25.75112],[28.22969,-25.75112],[28.22959,-25.75111],[28.22949,-25.75109],[28.2294,-25.75106]]}},{"type":"Feature","properties":{"id":"relation/3158132","name":"Hatfield - Brooklyn (Gautrain H1)","network":"Gautrain Bus"},"geometry":{"type":"LineString","coordinates":[[28.22902,-25.75138],[28.2294,-25.75106]]}},{"type":"Feature","properties":{"id":"relation/3158132","name":"Hatfield - Brooklyn (Gautrain H1)","network":"Gautrain Bus"},"geometry":{"type":"LineString","coordinates":[[28.23032,-25.75103],[28.22982,-25.75117],[28.22971,-25.75119],[28.22954,-25.75122],[28.22939,-25.75125],[28.22929,-25.75128],[28.22921,-25.7513],[28.22914,-25.75133],[28.22902,-25.75138]]}},{"type":"Feature","properties":{"id":"relation/3158132","name":"Hatfield - Brooklyn (Gautrain H1)","network":"Gautrain Bus"},"geometry":{"type":"LineString","coordinates":[[28.23273,-25.75078],[28.23272,-25.75062]]}},{"type":"Feature","properties":{"id":"relation/3158132","name":"Hatfield - Brooklyn (Gautrain H1)","network":"Gautrain Bus"},"geometry":{"type":"LineString","coordinates":[[28.23272,-25.75062],[28.23272,-25.75059]]}},{"type":"Feature","properties":{"id":"relation/3158132","name":"Hatfield - Brooklyn (Gautrain H1)","network":"Gautrain Bus"},"geometry":{"type":"LineString","coordinates":[[28.23272,-25.75059],[28.23271,-25.75049],[28.2327,-25.75038],[28.23268,-25.75018],[28.23266,-25.74997],[28.23265,-25.74971]]}},{"type":"Feature","properties":{"id":"relation/3158132","name":"Hatfield - Brooklyn (Gautrain H1)","network":"Gautrain Bus"},"geometry":{"type":"LineString","coordinates":[[28.23265,-25.74971],[28.23261,-25.74928]]}},{"type":"Feature","properties":{"id":"relation/3158132","name":"Hatfield - Brooklyn (Gautrain H1)","network":"Gautrain Bus"},"geometry":{"type":"LineString","coordinates":[[28.23261,-25.74928],[28.23261,-25.74925],[28.2326,-25.74918],[28.2326,-25.74911],[28.23257,-25.74876]]}},{"type":"Feature","properties":{"id":"relation/3158132","name":"Hatfield - Brooklyn (Gautrain H1)","network":"Gautrain Bus"},"geometry":{"type":"LineString","coordinates":[[28.23257,-25.74876],[28.23256,-25.74864],[28.23255,-25.74857],[28.23254,-25.7485],[28.23252,-25.74835]]}},{"type":"Feature","properties":{"id":"relation/3158132","name":"Hatfield - Brooklyn (Gautrain H1)","network":"Gautrain Bus"},"geometry":{"type":"LineString","coordinates":[[28.23252,-25.74835],[28.23247,-25.74782]]}},{"type":"Feature","properties":{"id":"relation/3158132","name":"Hatfield - Brooklyn (Gautrain H1)","network":"Gautrain Bus"},"geometry":{"type":"LineString","coordinates":[[28.23247,-25.74782],[28.23293,-25.74778],[28.23437,-25.74768]]}},{"type":"Feature","properties":{"id":"relation/3158132","name":"Hatfield - Brooklyn (Gautrain H1)","network":"Gautrain Bus"},"geometry":{"type":"LineString","coordinates":[[28.23437,-25.74768],[28.2347,-25.74769],[28.23475,-25.7477],[28.23478,-25.7477],[28.23483,-25.74772],[28.23486,-25.74774],[28.23489,-25.74779],[28.23493,-25.74786]]}},{"type":"Feature","properties":{"id":"relation/3158132","name":"Hatfield - Brooklyn (Gautrain H1)","network":"Gautrain Bus"},"geometry":{"type":"LineString","coordinates":[[28.23505,-25.74914],[28.23586,-25.74908],[28.23629,-25.74905],[28.23633,-25.74904],[28.23636,-25.74904],[28.23702,-25.74899],[28.23744,-25.74896],[28.23751,-25.74896]]}},{"type":"Feature","properties":{"id":"relation/3158132","name":"Hatfield - Brooklyn (Gautrain H1)","network":"Gautrain Bus"},"geometry":{"type":"LineString","coordinates":[[28.23745,-25.74804],[28.23751,-25.74896]]}},{"type":"Feature","properties":{"id":"relation/3158132","name":"Hatfield - Brooklyn (Gautrain H1)","network":"Gautrain Bus"},"geometry":{"type":"LineString","coordinates":[[28.23742,-25.74763],[28.23745,-25.74804]]}},{"type":"Feature","properties":{"id":"relation/3158132","name":"Hatfield - Brooklyn (Gautrain H1)","network":"Gautrain Bus"},"geometry":{"type":"LineString","coordinates":[[28.23741,-25.74754],[28.23742,-25.74763]]}},{"type":"Feature","properties":{"id":"relation/3158132","name":"Hatfield - Brooklyn (Gautrain H1)","network":"Gautrain Bus"},"geometry":{"type":"LineString","coordinates":[[28.2374,-25.74743],[28.23741,-25.74754]]}},{"type":"Feature","properties":{"id":"relation/3158132","name":"Hatfield - Brooklyn (Gautrain H1)","network":"Gautrain Bus"},"geometry":{"type":"LineString","coordinates":[[28.22649,-25.75404],[28.22669,-25.75381],[28.22744,-25.75298],[28.22759,-25.75282],[28.22768,-25.75272],[28.22774,-25.75265],[28.22779,-25.7526],[28.2279,-25.75247],[28.22816,-25.75217],[28.22837,-25.75195],[28.22858,-25.75176],[28.2287,-25.75164],[28.22882,-25.75153],[28.22902,-25.75138]]}},{"type":"Feature","properties":{"id":"relation/3158132","name":"Hatfield - Brooklyn (Gautrain H1)","network":"Gautrain Bus"},"geometry":{"type":"LineString","coordinates":[[28.22641,-25.75411],[28.22649,-25.75404]]}},{"type":"Feature","properties":{"id":"relation/3158132","name":"Hatfield - Brooklyn (Gautrain H1)","network":"Gautrain Bus"},"geometry":{"type":"LineString","coordinates":[[28.22625,-25.7543],[28.22641,-25.75411]]}},{"type":"Feature","properties":{"id":"relation/3158132","name":"Hatfield - Brooklyn (Gautrain H1)","network":"Gautrain Bus"},"geometry":{"type":"LineString","coordinates":[[28.22528,-25.7554],[28.22531,-25.75537],[28.22539,-25.75526],[28.22542,-25.75522],[28.22575,-25.75488],[28.22625,-25.7543]]}},{"type":"Feature","properties":{"id":"relation/3158132","name":"Hatfield - Brooklyn (Gautrain H1)","network":"Gautrain Bus"},"geometry":{"type":"LineString","coordinates":[[28.22528,-25.7554],[28.22528,-25.7555],[28.22527,-25.75558],[28.22526,-25.75566],[28.22523,-25.75581],[28.22523,-25.75586],[28.22521,-25.75596]]}},{"type":"Feature","properties":{"id":"relation/3158132","name":"Hatfield - Brooklyn (Gautrain H1)","network":"Gautrain Bus"},"geometry":{"type":"LineString","coordinates":[[28.22521,-25.75596],[28.22521,-25.75601],[28.22519,-25.75611],[28.22518,-25.75617],[28.22515,-25.75625],[28.22511,-25.75632],[28.22499,-25.75647]]}},{"type":"Feature","properties":{"id":"relation/3158132","name":"Hatfield - Brooklyn (Gautrain H1)","network":"Gautrain Bus"},"geometry":{"type":"LineString","coordinates":[[28.22499,-25.75647],[28.22501,-25.75641],[28.22504,-25.75628],[28.22507,-25.75621],[28.22509,-25.75608],[28.2251,-25.75603],[28.22511,-25.75594]]}},{"type":"Feature","properties":{"id":"relation/3158132","name":"Hatfield - Brooklyn (Gautrain H1)","network":"Gautrain Bus"},"geometry":{"type":"LineString","coordinates":[[28.22511,-25.75594],[28.22512,-25.75584],[28.22513,-25.7558],[28.22516,-25.7557]]}},{"type":"Feature","properties":{"id":"relation/3158132","name":"Hatfield - Brooklyn (Gautrain H1)","network":"Gautrain Bus"},"geometry":{"type":"LineString","coordinates":[[28.22516,-25.7557],[28.22517,-25.75565],[28.22518,-25.75559],[28.2252,-25.75554],[28.22522,-25.75548],[28.22528,-25.7554]]}},{"type":"Feature","properties":{"id":"relation/3158132","name":"Hatfield - Brooklyn (Gautrain H1)","network":"Gautrain Bus"},"geometry":{"type":"LineString","coordinates":[[28.22495,-25.75651],[28.22496,-25.75649],[28.22499,-25.75647]]}},{"type":"Feature","properties":{"id":"relation/3158132","name":"Hatfield - Brooklyn (Gautrain H1)","network":"Gautrain Bus"},"geometry":{"type":"LineString","coordinates":[[28.22023,-25.76041],[28.22055,-25.76017],[28.22141,-25.75951],[28.22169,-25.75929],[28.22184,-25.75916],[28.22194,-25.75906],[28.22244,-25.75849],[28.22376,-25.75706],[28.22381,-25.75701],[28.22383,-25.75699],[28.22386,-25.75696],[28.22392,-25.75691],[28.224,-25.75687],[28.2241,-25.75681],[28.22414,-25.7568],[28.22421,-25.75677],[28.22428,-25.75674],[28.22446,-25.75669],[28.22456,-25.75667],[28.22473,-25.75662],[28.22482,-25.75658],[28.22489,-25.75654],[28.22493,-25.75652],[28.22495,-25.75651]]}},{"type":"Feature","properties":{"id":"relation/3158132","name":"Hatfield - Brooklyn (Gautrain H1)","network":"Gautrain Bus"},"geometry":{"type":"LineString","coordinates":[[28.21971,-25.76081],[28.22006,-25.76054],[28.22023,-25.76041]]}},{"type":"Feature","properties":{"id":"relation/3158132","name":"Hatfield - Brooklyn (Gautrain H1)","network":"Gautrain Bus"},"geometry":{"type":"LineString","coordinates":[[28.22035,-25.76136],[28.2202,-25.7612],[28.21988,-25.76093],[28.21971,-25.76081]]}},{"type":"Feature","properties":{"id":"relation/3158132","name":"Hatfield - Brooklyn (Gautrain H1)","network":"Gautrain Bus"},"geometry":{"type":"LineString","coordinates":[[28.22356,-25.76387],[28.22333,-25.76379],[28.22218,-25.76341],[28.22214,-25.76339],[28.22183,-25.76322],[28.22161,-25.76305],[28.22145,-25.76288],[28.22129,-25.7627],[28.22046,-25.76149],[28.22035,-25.76136]]}},{"type":"Feature","properties":{"id":"relation/3158132","name":"Hatfield - Brooklyn (Gautrain H1)","network":"Gautrain Bus"},"geometry":{"type":"LineString","coordinates":[[28.2262,-25.76451],[28.22541,-25.76443],[28.22535,-25.76442],[28.22529,-25.7644],[28.22501,-25.76433],[28.22457,-25.76421],[28.22356,-25.76387]]}},{"type":"Feature","properties":{"id":"relation/3158132","name":"Hatfield - Brooklyn (Gautrain H1)","network":"Gautrain Bus"},"geometry":{"type":"LineString","coordinates":[[28.2262,-25.76451],[28.22648,-25.76452],[28.22659,-25.76452],[28.22675,-25.76454]]}},{"type":"Feature","properties":{"id":"relation/3158132","name":"Hatfield - Brooklyn (Gautrain H1)","network":"Gautrain Bus"},"geometry":{"type":"LineString","coordinates":[[28.22675,-25.76454],[28.22709,-25.76458],[28.22737,-25.76462]]}},{"type":"Feature","properties":{"id":"relation/3158132","name":"Hatfield - Brooklyn (Gautrain H1)","network":"Gautrain Bus"},"geometry":{"type":"LineString","coordinates":[[28.22737,-25.76462],[28.22761,-25.76468],[28.22783,-25.76474],[28.22816,-25.76486]]}},{"type":"Feature","properties":{"id":"relation/3158132","name":"Hatfield - Brooklyn (Gautrain H1)","network":"Gautrain Bus"},"geometry":{"type":"LineString","coordinates":[[28.22816,-25.76486],[28.22896,-25.76512],[28.22917,-25.76519]]}},{"type":"Feature","properties":{"id":"relation/3158132","name":"Hatfield - Brooklyn (Gautrain H1)","network":"Gautrain Bus"},"geometry":{"type":"LineString","coordinates":[[28.22917,-25.76519],[28.22974,-25.76538]]}},{"type":"Feature","properties":{"id":"relation/3158132","name":"Hatfield - Brooklyn (Gautrain H1)","network":"Gautrain Bus"},"geometry":{"type":"LineString","coordinates":[[28.22974,-25.76538],[28.23018,-25.7655],[28.23054,-25.76559],[28.23072,-25.76564]]}},{"type":"Feature","properties":{"id":"relation/3158132","name":"Hatfield - Brooklyn (Gautrain H1)","network":"Gautrain Bus"},"geometry":{"type":"LineString","coordinates":[[28.23116,-25.76576],[28.23109,-25.76574],[28.23082,-25.76567],[28.23072,-25.76564]]}},{"type":"Feature","properties":{"id":"relation/3158132","name":"Hatfield - Brooklyn (Gautrain H1)","network":"Gautrain Bus"},"geometry":{"type":"LineString","coordinates":[[28.23188,-25.76594],[28.23152,-25.76585],[28.23135,-25.76581],[28.23116,-25.76576]]}},{"type":"Feature","properties":{"id":"relation/3158132","name":"Hatfield - Brooklyn (Gautrain H1)","network":"Gautrain Bus"},"geometry":{"type":"LineString","coordinates":[[28.23188,-25.76594],[28.23197,-25.76595],[28.23203,-25.76596],[28.23218,-25.766],[28.23225,-25.76602]]}},{"type":"Feature","properties":{"id":"relation/3158132","name":"Hatfield - Brooklyn (Gautrain H1)","network":"Gautrain Bus"},"geometry":{"type":"LineString","coordinates":[[28.23225,-25.76602],[28.23276,-25.76616]]}},{"type":"Feature","properties":{"id":"relation/3158132","name":"Hatfield - Brooklyn (Gautrain H1)","network":"Gautrain Bus"},"geometry":{"type":"LineString","coordinates":[[28.23281,-25.76624],[28.23276,-25.76616]]}},{"type":"Feature","properties":{"id":"relation/3158132","name":"Hatfield - Brooklyn (Gautrain H1)","network":"Gautrain Bus"},"geometry":{"type":"LineString","coordinates":[[28.23281,-25.76624],[28.23205,-25.76603],[28.23188,-25.76594]]}},{"type":"Feature","properties":{"id":"relation/3158132","name":"Hatfield - Brooklyn (Gautrain H1)","network":"Gautrain Bus"},"geometry":{"type":"LineString","coordinates":[[28.23072,-25.76564],[28.2305,-25.76563],[28.23039,-25.76561],[28.23024,-25.76558]]}},{"type":"Feature","properties":{"id":"relation/3158132","name":"Hatfield - Brooklyn (Gautrain H1)","network":"Gautrain Bus"},"geometry":{"type":"LineString","coordinates":[[28.23024,-25.76558],[28.22972,-25.76543]]}},{"type":"Feature","properties":{"id":"relation/3158132","name":"Hatfield - Brooklyn (Gautrain H1)","network":"Gautrain Bus"},"geometry":{"type":"LineString","coordinates":[[28.22972,-25.76543],[28.22898,-25.76519],[28.22864,-25.76507],[28.22852,-25.76503],[28.2279,-25.76484]]}},{"type":"Feature","properties":{"id":"relation/3158132","name":"Hatfield - Brooklyn (Gautrain H1)","network":"Gautrain Bus"},"geometry":{"type":"LineString","coordinates":[[28.2279,-25.76484],[28.22774,-25.76479],[28.22755,-25.76472],[28.22735,-25.76468]]}},{"type":"Feature","properties":{"id":"relation/3158132","name":"Hatfield - Brooklyn (Gautrain H1)","network":"Gautrain Bus"},"geometry":{"type":"LineString","coordinates":[[28.22735,-25.76468],[28.22707,-25.76465],[28.22673,-25.76461]]}},{"type":"Feature","properties":{"id":"relation/3158132","name":"Hatfield - Brooklyn (Gautrain H1)","network":"Gautrain Bus"},"geometry":{"type":"LineString","coordinates":[[28.22673,-25.76461],[28.22657,-25.76459],[28.22647,-25.76457],[28.2262,-25.76451]]}},{"type":"Feature","properties":{"id":"relation/3158132","name":"Hatfield - Brooklyn (Gautrain H1)","network":"Gautrain Bus"},"geometry":{"type":"LineString","coordinates":[[28.24134,-25.77486],[28.24135,-25.77475],[28.24135,-25.77464],[28.24134,-25.77459],[28.24134,-25.77456],[28.24134,-25.77452]]}},{"type":"Feature","properties":{"id":"relation/3158132","name":"Hatfield - Brooklyn (Gautrain H1)","network":"Gautrain Bus"},"geometry":{"type":"LineString","coordinates":[[28.24137,-25.77523],[28.24134,-25.77486]]}},{"type":"Feature","properties":{"id":"relation/3158132","name":"Hatfield - Brooklyn (Gautrain H1)","network":"Gautrain Bus"},"geometry":{"type":"LineString","coordinates":[[28.24131,-25.77446],[28.24132,-25.77444],[28.24132,-25.77443],[28.24132,-25.77441],[28.24133,-25.7744],[28.24134,-25.77439],[28.24135,-25.77438],[28.24137,-25.77437],[28.24138,-25.77436],[28.2414,-25.77435],[28.24142,-25.77435],[28.24144,-25.77435],[28.24146,-25.77435],[28.24147,-25.77435],[28.24149,-25.77436],[28.2415,-25.77437],[28.24151,-25.77437],[28.24152,-25.77438],[28.24153,-25.77439],[28.24154,-25.77441],[28.24155,-25.77442],[28.24155,-25.77443],[28.24155,-25.77444],[28.24156,-25.77445],[28.24156,-25.77447],[28.24155,-25.77448],[28.24155,-25.77449],[28.24155,-25.7745],[28.24154,-25.77451],[28.24153,-25.77452],[28.24153,-25.77453],[28.24152,-25.77454],[28.2415,-25.77455],[28.24149,-25.77455],[28.24148,-25.77456],[28.24146,-25.77456],[28.24144,-25.77456],[28.24143,-25.77456],[28.24141,-25.77456],[28.2414,-25.77456],[28.24138,-25.77455],[28.24137,-25.77455],[28.24136,-25.77454],[28.24135,-25.77453],[28.24134,-25.77452],[28.24133,-25.77451],[28.24132,-25.77449],[28.24132,-25.77448],[28.24131,-25.77446]]}},{"type":"Feature","properties":{"id":"relation/3158132","name":"Hatfield - Brooklyn (Gautrain H1)","network":"Gautrain Bus"},"geometry":{"type":"LineString","coordinates":[[28.24153,-25.77453],[28.24149,-25.77458],[28.24146,-25.77464],[28.24144,-25.77468],[28.24142,-25.77471],[28.24141,-25.77477],[28.2414,-25.77486]]}},{"type":"Feature","properties":{"id":"relation/3158132","name":"Hatfield - Brooklyn (Gautrain H1)","network":"Gautrain Bus"},"geometry":{"type":"LineString","coordinates":[[28.2414,-25.77486],[28.24143,-25.77522]]}},{"type":"Feature","properties":{"id":"relation/3158132","name":"Hatfield - Brooklyn (Gautrain H1)","network":"Gautrain Bus"},"geometry":{"type":"LineString","coordinates":[[28.24137,-25.77523],[28.24143,-25.77522]]}},{"type":"Feature","properties":{"id":"relation/3158132","name":"Hatfield - Brooklyn (Gautrain H1)","network":"Gautrain Bus"},"geometry":{"type":"LineString","coordinates":[[28.24087,-25.77529],[28.24137,-25.77523]]}},{"type":"Feature","properties":{"id":"relation/3158132","name":"Hatfield - Brooklyn (Gautrain H1)","network":"Gautrain Bus"},"geometry":{"type":"LineString","coordinates":[[28.24087,-25.77529],[28.2408,-25.7753],[28.24074,-25.77531],[28.2407,-25.77532],[28.24066,-25.77534]]}},{"type":"Feature","properties":{"id":"relation/3158132","name":"Hatfield - Brooklyn (Gautrain H1)","network":"Gautrain Bus"},"geometry":{"type":"LineString","coordinates":[[28.24066,-25.77534],[28.24065,-25.77535],[28.24064,-25.77535],[28.24063,-25.77536],[28.24062,-25.77536],[28.2406,-25.77535],[28.24059,-25.77535]]}},{"type":"Feature","properties":{"id":"relation/3158132","name":"Hatfield - Brooklyn (Gautrain H1)","network":"Gautrain Bus"},"geometry":{"type":"LineString","coordinates":[[28.24059,-25.77535],[28.24042,-25.77533]]}},{"type":"Feature","properties":{"id":"relation/3158132","name":"Hatfield - Brooklyn (Gautrain H1)","network":"Gautrain Bus"},"geometry":{"type":"LineString","coordinates":[[28.22601,-25.77715],[28.22702,-25.77701],[28.22785,-25.7769],[28.22809,-25.77687],[28.22964,-25.77668],[28.23018,-25.77661],[28.23052,-25.77657],[28.23257,-25.77631],[28.23426,-25.77609],[28.23463,-25.77603],[28.23518,-25.77598],[28.23629,-25.77584],[28.23662,-25.77581],[28.23699,-25.77575],[28.23807,-25.77561],[28.23866,-25.77554],[28.2393,-25.77546],[28.2396,-25.77543],[28.24042,-25.77533]]}},{"type":"Feature","properties":{"id":"relation/3158132","name":"Hatfield - Brooklyn (Gautrain H1)","network":"Gautrain Bus"},"geometry":{"type":"LineString","coordinates":[[28.22601,-25.77715],[28.22586,-25.77676]]}},{"type":"Feature","properties":{"id":"relation/3158132","name":"Hatfield - Brooklyn (Gautrain H1)","network":"Gautrain Bus"},"geometry":{"type":"LineString","coordinates":[[28.22586,-25.77676],[28.22573,-25.77641]]}},{"type":"Feature","properties":{"id":"relation/3158132","name":"Hatfield - Brooklyn (Gautrain H1)","network":"Gautrain Bus"},"geometry":{"type":"LineString","coordinates":[[28.22573,-25.77641],[28.22538,-25.77557]]}},{"type":"Feature","properties":{"id":"relation/3158132","name":"Hatfield - Brooklyn (Gautrain H1)","network":"Gautrain Bus"},"geometry":{"type":"LineString","coordinates":[[28.22538,-25.77557],[28.22517,-25.77508]]}},{"type":"Feature","properties":{"id":"relation/3158132","name":"Hatfield - Brooklyn (Gautrain H1)","network":"Gautrain Bus"},"geometry":{"type":"LineString","coordinates":[[28.22517,-25.77508],[28.22492,-25.77456]]}},{"type":"Feature","properties":{"id":"relation/3158132","name":"Hatfield - Brooklyn (Gautrain H1)","network":"Gautrain Bus"},"geometry":{"type":"LineString","coordinates":[[28.22492,-25.77456],[28.22484,-25.7744]]}},{"type":"Feature","properties":{"id":"relation/3158132","name":"Hatfield - Brooklyn (Gautrain H1)","network":"Gautrain Bus"},"geometry":{"type":"LineString","coordinates":[[28.22484,-25.7744],[28.22459,-25.77382]]}},{"type":"Feature","properties":{"id":"relation/3158132","name":"Hatfield - Brooklyn (Gautrain H1)","network":"Gautrain Bus"},"geometry":{"type":"LineString","coordinates":[[28.22459,-25.77382],[28.22457,-25.77376]]}},{"type":"Feature","properties":{"id":"relation/3158132","name":"Hatfield - Brooklyn (Gautrain H1)","network":"Gautrain Bus"},"geometry":{"type":"LineString","coordinates":[[28.22469,-25.77372],[28.22457,-25.77376]]}},{"type":"Feature","properties":{"id":"relation/3158132","name":"Hatfield - Brooklyn (Gautrain H1)","network":"Gautrain Bus"},"geometry":{"type":"LineString","coordinates":[[28.22523,-25.77352],[28.22473,-25.7737],[28.22469,-25.77372]]}},{"type":"Feature","properties":{"id":"relation/3158132","name":"Hatfield - Brooklyn (Gautrain H1)","network":"Gautrain Bus"},"geometry":{"type":"LineString","coordinates":[[28.22599,-25.77324],[28.22526,-25.77351],[28.22523,-25.77352]]}},{"type":"Feature","properties":{"id":"relation/3158132","name":"Hatfield - Brooklyn (Gautrain H1)","network":"Gautrain Bus"},"geometry":{"type":"LineString","coordinates":[[28.22651,-25.77307],[28.22599,-25.77324]]}},{"type":"Feature","properties":{"id":"relation/3158132","name":"Hatfield - Brooklyn (Gautrain H1)","network":"Gautrain Bus"},"geometry":{"type":"LineString","coordinates":[[28.22665,-25.77299],[28.22651,-25.77307]]}},{"type":"Feature","properties":{"id":"relation/3158132","name":"Hatfield - Brooklyn (Gautrain H1)","network":"Gautrain Bus"},"geometry":{"type":"LineString","coordinates":[[28.22665,-25.77299],[28.22701,-25.77286]]}},{"type":"Feature","properties":{"id":"relation/3158132","name":"Hatfield - Brooklyn (Gautrain H1)","network":"Gautrain Bus"},"geometry":{"type":"LineString","coordinates":[[28.22701,-25.77286],[28.22818,-25.77243]]}},{"type":"Feature","properties":{"id":"relation/3158132","name":"Hatfield - Brooklyn (Gautrain H1)","network":"Gautrain Bus"},"geometry":{"type":"LineString","coordinates":[[28.22818,-25.77243],[28.2287,-25.77227]]}},{"type":"Feature","properties":{"id":"relation/3158132","name":"Hatfield - Brooklyn (Gautrain H1)","network":"Gautrain Bus"},"geometry":{"type":"LineString","coordinates":[[28.2287,-25.77227],[28.22919,-25.77211]]}},{"type":"Feature","properties":{"id":"relation/3158132","name":"Hatfield - Brooklyn (Gautrain H1)","network":"Gautrain Bus"},"geometry":{"type":"LineString","coordinates":[[28.22919,-25.77211],[28.2299,-25.77188]]}},{"type":"Feature","properties":{"id":"relation/3158132","name":"Hatfield - Brooklyn (Gautrain H1)","network":"Gautrain Bus"},"geometry":{"type":"LineString","coordinates":[[28.2299,-25.77188],[28.23037,-25.77167],[28.23044,-25.77165],[28.23061,-25.77159]]}},{"type":"Feature","properties":{"id":"relation/3158132","name":"Hatfield - Brooklyn (Gautrain H1)","network":"Gautrain Bus"},"geometry":{"type":"LineString","coordinates":[[28.23061,-25.77159],[28.23109,-25.77142]]}},{"type":"Feature","properties":{"id":"relation/3158132","name":"Hatfield - Brooklyn (Gautrain H1)","network":"Gautrain Bus"},"geometry":{"type":"LineString","coordinates":[[28.23109,-25.77142],[28.23137,-25.77132]]}},{"type":"Feature","properties":{"id":"relation/3158132","name":"Hatfield - Brooklyn (Gautrain H1)","network":"Gautrain Bus"},"geometry":{"type":"LineString","coordinates":[[28.23137,-25.77132],[28.23198,-25.77112],[28.23246,-25.77095]]}},{"type":"Feature","properties":{"id":"relation/3158132","name":"Hatfield - Brooklyn (Gautrain H1)","network":"Gautrain Bus"},"geometry":{"type":"LineString","coordinates":[[28.23246,-25.77095],[28.23305,-25.77075]]}},{"type":"Feature","properties":{"id":"relation/3158132","name":"Hatfield - Brooklyn (Gautrain H1)","network":"Gautrain Bus"},"geometry":{"type":"LineString","coordinates":[[28.23305,-25.77075],[28.23317,-25.77071]]}},{"type":"Feature","properties":{"id":"relation/3158132","name":"Hatfield - Brooklyn (Gautrain H1)","network":"Gautrain Bus"},"geometry":{"type":"LineString","coordinates":[[28.24092,-25.77429],[28.2404,-25.77416]]}},{"type":"Feature","properties":{"id":"relation/3158132","name":"Hatfield - Brooklyn (Gautrain H1)","network":"Gautrain Bus"},"geometry":{"type":"LineString","coordinates":[[28.24132,-25.77449],[28.24128,-25.77446],[28.24126,-25.77444],[28.24122,-25.7744],[28.24117,-25.77437],[28.24108,-25.77434],[28.24092,-25.77429]]}},{"type":"Feature","properties":{"id":"relation/3158132","name":"Hatfield - Brooklyn (Gautrain H1)","network":"Gautrain Bus"},"geometry":{"type":"LineString","coordinates":[[28.23532,-25.76996],[28.23532,-25.76996],[28.23533,-25.76998],[28.23534,-25.77]]}},{"type":"Feature","properties":{"id":"relation/3158132","name":"Hatfield - Brooklyn (Gautrain H1)","network":"Gautrain Bus"},"geometry":{"type":"LineString","coordinates":[[28.23515,-25.7699],[28.23518,-25.7699],[28.23521,-25.7699],[28.23525,-25.76991],[28.23527,-25.76992],[28.2353,-25.76994],[28.23532,-25.76996]]}},{"type":"Feature","properties":{"id":"relation/3158132","name":"Hatfield - Brooklyn (Gautrain H1)","network":"Gautrain Bus"},"geometry":{"type":"LineString","coordinates":[[28.23433,-25.76889],[28.23447,-25.76916]]}},{"type":"Feature","properties":{"id":"relation/3158132","name":"Hatfield - Brooklyn (Gautrain H1)","network":"Gautrain Bus"},"geometry":{"type":"LineString","coordinates":[[28.23317,-25.77071],[28.23424,-25.77031],[28.23438,-25.77027],[28.23468,-25.77017],[28.23479,-25.77013],[28.23484,-25.77011],[28.23491,-25.77005],[28.23497,-25.77]]}},{"type":"Feature","properties":{"id":"relation/3158132","name":"Hatfield - Brooklyn (Gautrain H1)","network":"Gautrain Bus"},"geometry":{"type":"LineString","coordinates":[[28.23497,-25.77],[28.23504,-25.76993],[28.23509,-25.76988],[28.23516,-25.76982]]}},{"type":"Feature","properties":{"id":"relation/3158132","name":"Hatfield - Brooklyn (Gautrain H1)","network":"Gautrain Bus"},"geometry":{"type":"LineString","coordinates":[[28.23996,-25.77405],[28.23915,-25.77386],[28.23862,-25.77374],[28.2383,-25.77367],[28.23794,-25.77359],[28.23775,-25.77356],[28.23737,-25.77345],[28.23718,-25.77339],[28.23707,-25.77334],[28.23698,-25.77329],[28.23692,-25.77326]]}},{"type":"Feature","properties":{"id":"relation/3158132","name":"Hatfield - Brooklyn (Gautrain H1)","network":"Gautrain Bus"},"geometry":{"type":"LineString","coordinates":[[28.23692,-25.77326],[28.23679,-25.77317],[28.23668,-25.77307],[28.23651,-25.7729],[28.23637,-25.77273]]}},{"type":"Feature","properties":{"id":"relation/3158132","name":"Hatfield - Brooklyn (Gautrain H1)","network":"Gautrain Bus"},"geometry":{"type":"LineString","coordinates":[[28.23637,-25.77273],[28.23633,-25.77268],[28.23627,-25.77259],[28.23614,-25.77237],[28.23603,-25.77216],[28.23596,-25.77202],[28.2359,-25.77187],[28.23582,-25.77164],[28.23577,-25.77153],[28.23573,-25.77143],[28.23543,-25.77086],[28.23538,-25.77076],[28.23535,-25.77068],[28.23532,-25.77055],[28.23529,-25.77046],[28.23528,-25.77042],[28.23525,-25.77037],[28.23522,-25.77032],[28.23518,-25.77028],[28.23515,-25.77023],[28.23513,-25.77017]]}},{"type":"Feature","properties":{"id":"relation/3158132","name":"Hatfield - Brooklyn (Gautrain H1)","network":"Gautrain Bus"},"geometry":{"type":"LineString","coordinates":[[28.23534,-25.77009],[28.23532,-25.77012],[28.23529,-25.77015],[28.23526,-25.77017],[28.23522,-25.77018],[28.23517,-25.77018],[28.23513,-25.77017]]}},{"type":"Feature","properties":{"id":"relation/3158132","name":"Hatfield - Brooklyn (Gautrain H1)","network":"Gautrain Bus"},"geometry":{"type":"LineString","coordinates":[[28.23504,-25.77001],[28.23505,-25.77],[28.23505,-25.76997],[28.23507,-25.76994],[28.2351,-25.76992],[28.23513,-25.76991],[28.23515,-25.7699]]}},{"type":"Feature","properties":{"id":"relation/3158132","name":"Hatfield - Brooklyn (Gautrain H1)","network":"Gautrain Bus"},"geometry":{"type":"LineString","coordinates":[[28.2404,-25.77416],[28.24003,-25.77407],[28.23996,-25.77405]]}},{"type":"Feature","properties":{"id":"relation/3158132","name":"Hatfield - Brooklyn (Gautrain H1)","network":"Gautrain Bus"},"geometry":{"type":"LineString","coordinates":[[28.23534,-25.77],[28.23535,-25.77002],[28.23535,-25.77005],[28.23534,-25.77007],[28.23534,-25.77009]]}},{"type":"Feature","properties":{"id":"relation/3158132","name":"Hatfield - Brooklyn (Gautrain H1)","network":"Gautrain Bus"},"geometry":{"type":"LineString","coordinates":[[28.23469,-25.76961],[28.23479,-25.76972],[28.23484,-25.76976],[28.2349,-25.7698],[28.23494,-25.76982],[28.23505,-25.76986],[28.23509,-25.76988],[28.23513,-25.76991]]}},{"type":"Feature","properties":{"id":"relation/3158132","name":"Hatfield - Brooklyn (Gautrain H1)","network":"Gautrain Bus"},"geometry":{"type":"LineString","coordinates":[[28.23447,-25.76916],[28.23449,-25.76926]]}},{"type":"Feature","properties":{"id":"relation/3158132","name":"Hatfield - Brooklyn (Gautrain H1)","network":"Gautrain Bus"},"geometry":{"type":"LineString","coordinates":[[28.23511,-25.77016],[28.23506,-25.77017],[28.23502,-25.77018],[28.23494,-25.77019],[28.23485,-25.7702],[28.23477,-25.77022],[28.23468,-25.77025],[28.23454,-25.77029],[28.23427,-25.77038],[28.23351,-25.77065],[28.23334,-25.77072],[28.23325,-25.77076]]}},{"type":"Feature","properties":{"id":"relation/3158132","name":"Hatfield - Brooklyn (Gautrain H1)","network":"Gautrain Bus"},"geometry":{"type":"LineString","coordinates":[[28.23325,-25.77076],[28.2331,-25.77081]]}},{"type":"Feature","properties":{"id":"relation/3158132","name":"Hatfield - Brooklyn (Gautrain H1)","network":"Gautrain Bus"},"geometry":{"type":"LineString","coordinates":[[28.2331,-25.77081],[28.2325,-25.77103]]}},{"type":"Feature","properties":{"id":"relation/3158132","name":"Hatfield - Brooklyn (Gautrain H1)","network":"Gautrain Bus"},"geometry":{"type":"LineString","coordinates":[[28.2325,-25.77103],[28.23124,-25.77146]]}},{"type":"Feature","properties":{"id":"relation/3158132","name":"Hatfield - Brooklyn (Gautrain H1)","network":"Gautrain Bus"},"geometry":{"type":"LineString","coordinates":[[28.23124,-25.77146],[28.23108,-25.77151],[28.23098,-25.77155],[28.23064,-25.77167]]}},{"type":"Feature","properties":{"id":"relation/3158132","name":"Hatfield - Brooklyn (Gautrain H1)","network":"Gautrain Bus"},"geometry":{"type":"LineString","coordinates":[[28.23064,-25.77167],[28.23045,-25.77173],[28.23033,-25.77176],[28.2299,-25.77188]]}},{"type":"Feature","properties":{"id":"relation/3158132","name":"Hatfield - Brooklyn (Gautrain H1)","network":"Gautrain Bus"},"geometry":{"type":"LineString","coordinates":[[28.23399,-25.76833],[28.23409,-25.76844],[28.23414,-25.76854]]}},{"type":"Feature","properties":{"id":"relation/3158132","name":"Hatfield - Brooklyn (Gautrain H1)","network":"Gautrain Bus"},"geometry":{"type":"LineString","coordinates":[[28.23414,-25.76854],[28.23433,-25.76889]]}},{"type":"Feature","properties":{"id":"relation/3158132","name":"Hatfield - Brooklyn (Gautrain H1)","network":"Gautrain Bus"},"geometry":{"type":"LineString","coordinates":[[28.23511,-25.77016],[28.23507,-25.77013],[28.23505,-25.77009],[28.23503,-25.77005],[28.23504,-25.77001]]}},{"type":"Feature","properties":{"id":"relation/3158132","name":"Hatfield - Brooklyn (Gautrain H1)","network":"Gautrain Bus"},"geometry":{"type":"LineString","coordinates":[[28.23513,-25.77017],[28.23512,-25.77016],[28.23511,-25.77016]]}},{"type":"Feature","properties":{"id":"relation/3158132","name":"Hatfield - Brooklyn (Gautrain H1)","network":"Gautrain Bus"},"geometry":{"type":"LineString","coordinates":[[28.23449,-25.76926],[28.23444,-25.76919],[28.2343,-25.76893],[28.23428,-25.76891]]}},{"type":"Feature","properties":{"id":"relation/3158132","name":"Hatfield - Brooklyn (Gautrain H1)","network":"Gautrain Bus"},"geometry":{"type":"LineString","coordinates":[[28.23428,-25.76891],[28.23426,-25.76887],[28.23406,-25.7685],[28.23402,-25.76842],[28.23399,-25.76833]]}},{"type":"Feature","properties":{"id":"relation/3158132","name":"Hatfield - Brooklyn (Gautrain H1)","network":"Gautrain Bus"},"geometry":{"type":"LineString","coordinates":[[28.23399,-25.76833],[28.23389,-25.76816],[28.23381,-25.76802],[28.23377,-25.76794],[28.23369,-25.76781],[28.23348,-25.76743],[28.23315,-25.76685]]}},{"type":"Feature","properties":{"id":"relation/3158132","name":"Hatfield - Brooklyn (Gautrain H1)","network":"Gautrain Bus"},"geometry":{"type":"LineString","coordinates":[[28.23315,-25.76685],[28.23289,-25.76636],[28.23281,-25.76624]]}},{"type":"Feature","properties":{"id":"relation/3158132","name":"Hatfield - Brooklyn (Gautrain H1)","network":"Gautrain Bus"},"geometry":{"type":"LineString","coordinates":[[28.23469,-25.76961],[28.23464,-25.76954],[28.23459,-25.76944],[28.23449,-25.76926]]}},{"type":"Feature","properties":{"id":"relation/3158132","name":"Hatfield - Brooklyn (Gautrain H1)","network":"Gautrain Bus"},"geometry":{"type":"LineString","coordinates":[[28.23497,-25.77],[28.23493,-25.76997],[28.23489,-25.76992],[28.23484,-25.76986],[28.23481,-25.76983],[28.23475,-25.76973],[28.23469,-25.76961]]}},{"type":"Feature","properties":{"id":"relation/3158132","name":"Hatfield - Brooklyn (Gautrain H1)","network":"Gautrain Bus"},"geometry":{"type":"LineString","coordinates":[[28.235,-25.77003],[28.23497,-25.77]]}},{"type":"Feature","properties":{"id":"relation/3158132","name":"Hatfield - Brooklyn (Gautrain H1)","network":"Gautrain Bus"},"geometry":{"type":"LineString","coordinates":[[28.23503,-25.77005],[28.235,-25.77003]]}},{"type":"Feature","properties":{"id":"relation/3159789","name":"Hatfield - Lynwood (Gautrain H2)","network":"Gautrain Bus"},"geometry":{"type":"LineString","coordinates":[[28.23948,-25.75583],[28.23946,-25.7559],[28.23917,-25.75673],[28.23916,-25.75677],[28.23907,-25.75708],[28.23895,-25.75748],[28.23888,-25.75771]]}},{"type":"Feature","properties":{"id":"relation/3159789","name":"Hatfield - Lynwood (Gautrain H2)","network":"Gautrain Bus"},"geometry":{"type":"LineString","coordinates":[[28.23888,-25.75771],[28.23871,-25.7583],[28.2387,-25.75835]]}},{"type":"Feature","properties":{"id":"relation/3159789","name":"Hatfield - Lynwood (Gautrain H2)","network":"Gautrain Bus"},"geometry":{"type":"LineString","coordinates":[[28.2387,-25.75835],[28.23881,-25.75838],[28.24115,-25.75894],[28.24118,-25.75895],[28.24126,-25.75897],[28.24138,-25.759],[28.24232,-25.75923],[28.24266,-25.75931],[28.24315,-25.75942],[28.24346,-25.75948],[28.24372,-25.75954],[28.24398,-25.75961],[28.24422,-25.75966],[28.2444,-25.75971]]}},{"type":"Feature","properties":{"id":"relation/3159789","name":"Hatfield - Lynwood (Gautrain H2)","network":"Gautrain Bus"},"geometry":{"type":"LineString","coordinates":[[28.2444,-25.75971],[28.24473,-25.75979],[28.24539,-25.75999]]}},{"type":"Feature","properties":{"id":"relation/3159789","name":"Hatfield - Lynwood (Gautrain H2)","network":"Gautrain Bus"},"geometry":{"type":"LineString","coordinates":[[28.24539,-25.75999],[28.24673,-25.76043],[28.24743,-25.76064]]}},{"type":"Feature","properties":{"id":"relation/3159789","name":"Hatfield - Lynwood (Gautrain H2)","network":"Gautrain Bus"},"geometry":{"type":"LineString","coordinates":[[28.24743,-25.76064],[28.2481,-25.76083],[28.24818,-25.76086]]}},{"type":"Feature","properties":{"id":"relation/3159789","name":"Hatfield - Lynwood (Gautrain H2)","network":"Gautrain Bus"},"geometry":{"type":"LineString","coordinates":[[28.24818,-25.76086],[28.24928,-25.76119],[28.24933,-25.76121],[28.24937,-25.76122],[28.24944,-25.76124]]}},{"type":"Feature","properties":{"id":"relation/3159789","name":"Hatfield - Lynwood (Gautrain H2)","network":"Gautrain Bus"},"geometry":{"type":"LineString","coordinates":[[28.24944,-25.76124],[28.24962,-25.76129],[28.24966,-25.76131],[28.24969,-25.76133],[28.24972,-25.76136]]}},{"type":"Feature","properties":{"id":"relation/3159789","name":"Hatfield - Lynwood (Gautrain H2)","network":"Gautrain Bus"},"geometry":{"type":"LineString","coordinates":[[28.24972,-25.76136],[28.24994,-25.76141],[28.25018,-25.76146]]}},{"type":"Feature","properties":{"id":"relation/3159789","name":"Hatfield - Lynwood (Gautrain H2)","network":"Gautrain Bus"},"geometry":{"type":"LineString","coordinates":[[28.25018,-25.76146],[28.25049,-25.76151]]}},{"type":"Feature","properties":{"id":"relation/3159789","name":"Hatfield - Lynwood (Gautrain H2)","network":"Gautrain Bus"},"geometry":{"type":"LineString","coordinates":[[28.26735,-25.76447],[28.26785,-25.76464]]}},{"type":"Feature","properties":{"id":"relation/3159789","name":"Hatfield - Lynwood (Gautrain H2)","network":"Gautrain Bus"},"geometry":{"type":"LineString","coordinates":[[28.26785,-25.76464],[28.26791,-25.76466]]}},{"type":"Feature","properties":{"id":"relation/3159789","name":"Hatfield - Lynwood (Gautrain H2)","network":"Gautrain Bus"},"geometry":{"type":"LineString","coordinates":[[28.26791,-25.76466],[28.26797,-25.76467]]}},{"type":"Feature","properties":{"id":"relation/3159789","name":"Hatfield - Lynwood (Gautrain H2)","network":"Gautrain Bus"},"geometry":{"type":"LineString","coordinates":[[28.26797,-25.76467],[28.26801,-25.76468]]}},{"type":"Feature","properties":{"id":"relation/3159789","name":"Hatfield - Lynwood (Gautrain H2)","network":"Gautrain Bus"},"geometry":{"type":"LineString","coordinates":[[28.26801,-25.76468],[28.26859,-25.76484],[28.27007,-25.76523]]}},{"type":"Feature","properties":{"id":"relation/3159789","name":"Hatfield - Lynwood (Gautrain H2)","network":"Gautrain Bus"},"geometry":{"type":"LineString","coordinates":[[28.27007,-25.76523],[28.27089,-25.76546],[28.27124,-25.76553]]}},{"type":"Feature","properties":{"id":"relation/3159789","name":"Hatfield - Lynwood (Gautrain H2)","network":"Gautrain Bus"},"geometry":{"type":"LineString","coordinates":[[28.27124,-25.76553],[28.27135,-25.76554],[28.27151,-25.76557],[28.2722,-25.76567],[28.27301,-25.76577]]}},{"type":"Feature","properties":{"id":"relation/3159789","name":"Hatfield - Lynwood (Gautrain H2)","network":"Gautrain Bus"},"geometry":{"type":"LineString","coordinates":[[28.27301,-25.76577],[28.27346,-25.76583]]}},{"type":"Feature","properties":{"id":"relation/3159789","name":"Hatfield - Lynwood (Gautrain H2)","network":"Gautrain Bus"},"geometry":{"type":"LineString","coordinates":[[28.27346,-25.76583],[28.27421,-25.76591]]}},{"type":"Feature","properties":{"id":"relation/3159789","name":"Hatfield - Lynwood (Gautrain H2)","network":"Gautrain Bus"},"geometry":{"type":"LineString","coordinates":[[28.27421,-25.76591],[28.27473,-25.76596]]}},{"type":"Feature","properties":{"id":"relation/3159789","name":"Hatfield - Lynwood (Gautrain H2)","network":"Gautrain Bus"},"geometry":{"type":"LineString","coordinates":[[28.27473,-25.76596],[28.27534,-25.76602]]}},{"type":"Feature","properties":{"id":"relation/3159789","name":"Hatfield - Lynwood (Gautrain H2)","network":"Gautrain Bus"},"geometry":{"type":"LineString","coordinates":[[28.27534,-25.76602],[28.2758,-25.76608]]}},{"type":"Feature","properties":{"id":"relation/3159789","name":"Hatfield - Lynwood (Gautrain H2)","network":"Gautrain Bus"},"geometry":{"type":"LineString","coordinates":[[28.2758,-25.76608],[28.27585,-25.76609]]}},{"type":"Feature","properties":{"id":"relation/3159789","name":"Hatfield - Lynwood (Gautrain H2)","network":"Gautrain Bus"},"geometry":{"type":"LineString","coordinates":[[28.27585,-25.76609],[28.27597,-25.76611]]}},{"type":"Feature","properties":{"id":"relation/3159789","name":"Hatfield - Lynwood (Gautrain H2)","network":"Gautrain Bus"},"geometry":{"type":"LineString","coordinates":[[28.27597,-25.76611],[28.276,-25.76611],[28.27636,-25.76616]]}},{"type":"Feature","properties":{"id":"relation/3159789","name":"Hatfield - Lynwood (Gautrain H2)","network":"Gautrain Bus"},"geometry":{"type":"LineString","coordinates":[[28.27636,-25.76616],[28.27643,-25.76617],[28.27727,-25.7663],[28.27766,-25.76633],[28.27781,-25.76636],[28.2786,-25.76645]]}},{"type":"Feature","properties":{"id":"relation/3159789","name":"Hatfield - Lynwood (Gautrain H2)","network":"Gautrain Bus"},"geometry":{"type":"LineString","coordinates":[[28.2786,-25.76645],[28.27947,-25.76656]]}},{"type":"Feature","properties":{"id":"relation/3159789","name":"Hatfield - Lynwood (Gautrain H2)","network":"Gautrain Bus"},"geometry":{"type":"LineString","coordinates":[[28.27947,-25.76656],[28.27949,-25.76642],[28.27953,-25.76598]]}},{"type":"Feature","properties":{"id":"relation/3159789","name":"Hatfield - Lynwood (Gautrain H2)","network":"Gautrain Bus"},"geometry":{"type":"LineString","coordinates":[[28.27953,-25.76598],[28.27951,-25.76561],[28.27956,-25.76529],[28.27957,-25.76514]]}},{"type":"Feature","properties":{"id":"relation/3159789","name":"Hatfield - Lynwood (Gautrain H2)","network":"Gautrain Bus"},"geometry":{"type":"LineString","coordinates":[[28.27957,-25.76514],[28.27959,-25.76497]]}},{"type":"Feature","properties":{"id":"relation/3159789","name":"Hatfield - Lynwood (Gautrain H2)","network":"Gautrain Bus"},"geometry":{"type":"LineString","coordinates":[[28.27959,-25.76497],[28.27968,-25.76423]]}},{"type":"Feature","properties":{"id":"relation/3159789","name":"Hatfield - Lynwood (Gautrain H2)","network":"Gautrain Bus"},"geometry":{"type":"LineString","coordinates":[[28.27968,-25.76423],[28.27969,-25.76414],[28.27973,-25.76392],[28.27974,-25.76384]]}},{"type":"Feature","properties":{"id":"relation/3159789","name":"Hatfield - Lynwood (Gautrain H2)","network":"Gautrain Bus"},"geometry":{"type":"LineString","coordinates":[[28.27974,-25.76384],[28.27983,-25.76326]]}},{"type":"Feature","properties":{"id":"relation/3159789","name":"Hatfield - Lynwood (Gautrain H2)","network":"Gautrain Bus"},"geometry":{"type":"LineString","coordinates":[[28.27983,-25.76326],[28.27984,-25.76314],[28.27983,-25.76305]]}},{"type":"Feature","properties":{"id":"relation/3159789","name":"Hatfield - Lynwood (Gautrain H2)","network":"Gautrain Bus"},"geometry":{"type":"LineString","coordinates":[[28.27589,-25.7627],[28.27601,-25.7627],[28.27662,-25.76266],[28.27687,-25.76265],[28.27721,-25.76264],[28.27756,-25.76266],[28.2777,-25.76267],[28.27818,-25.76273],[28.27846,-25.76277],[28.27915,-25.76287],[28.27921,-25.76288],[28.27937,-25.7629],[28.27953,-25.76293]]}},{"type":"Feature","properties":{"id":"relation/3159789","name":"Hatfield - Lynwood (Gautrain H2)","network":"Gautrain Bus"},"geometry":{"type":"LineString","coordinates":[[28.27589,-25.7627],[28.2759,-25.76232],[28.27589,-25.76198],[28.27588,-25.76177]]}},{"type":"Feature","properties":{"id":"relation/3159789","name":"Hatfield - Lynwood (Gautrain H2)","network":"Gautrain Bus"},"geometry":{"type":"LineString","coordinates":[[28.27588,-25.76177],[28.27585,-25.76136],[28.27577,-25.76094],[28.27568,-25.76051],[28.2756,-25.76011],[28.27554,-25.75963],[28.27548,-25.75911],[28.2754,-25.75848],[28.27525,-25.75726]]}},{"type":"Feature","properties":{"id":"relation/3159789","name":"Hatfield - Lynwood (Gautrain H2)","network":"Gautrain Bus"},"geometry":{"type":"LineString","coordinates":[[28.27525,-25.75726],[28.27516,-25.75648]]}},{"type":"Feature","properties":{"id":"relation/3159789","name":"Hatfield - Lynwood (Gautrain H2)","network":"Gautrain Bus"},"geometry":{"type":"LineString","coordinates":[[28.27516,-25.75648],[28.27506,-25.75571]]}},{"type":"Feature","properties":{"id":"relation/3159789","name":"Hatfield - Lynwood (Gautrain H2)","network":"Gautrain Bus"},"geometry":{"type":"LineString","coordinates":[[28.27506,-25.75571],[28.27499,-25.75512],[28.27494,-25.75474]]}},{"type":"Feature","properties":{"id":"relation/3159789","name":"Hatfield - Lynwood (Gautrain H2)","network":"Gautrain Bus"},"geometry":{"type":"LineString","coordinates":[[28.27494,-25.75474],[28.2749,-25.7544],[28.27479,-25.75395]]}},{"type":"Feature","properties":{"id":"relation/3159789","name":"Hatfield - Lynwood (Gautrain H2)","network":"Gautrain Bus"},"geometry":{"type":"LineString","coordinates":[[28.27479,-25.75395],[28.27473,-25.7537]]}},{"type":"Feature","properties":{"id":"relation/3159789","name":"Hatfield - Lynwood (Gautrain H2)","network":"Gautrain Bus"},"geometry":{"type":"LineString","coordinates":[[28.27473,-25.7537],[28.27461,-25.75329]]}},{"type":"Feature","properties":{"id":"relation/3159789","name":"Hatfield - Lynwood (Gautrain H2)","network":"Gautrain Bus"},"geometry":{"type":"LineString","coordinates":[[28.27461,-25.75329],[28.27449,-25.75292],[28.2743,-25.75241],[28.27413,-25.75199],[28.27405,-25.75175],[28.27397,-25.75146],[28.2739,-25.75114],[28.27386,-25.75083],[28.27384,-25.75052],[28.27384,-25.75022],[28.27387,-25.74991],[28.27391,-25.74961],[28.27398,-25.74929]]}},{"type":"Feature","properties":{"id":"relation/3159789","name":"Hatfield - Lynwood (Gautrain H2)","network":"Gautrain Bus"},"geometry":{"type":"LineString","coordinates":[[28.27398,-25.74929],[28.27405,-25.74904],[28.27416,-25.7487],[28.27429,-25.74842],[28.27449,-25.74802],[28.27458,-25.74785]]}},{"type":"Feature","properties":{"id":"relation/3159789","name":"Hatfield - Lynwood (Gautrain H2)","network":"Gautrain Bus"},"geometry":{"type":"LineString","coordinates":[[28.27458,-25.74785],[28.27456,-25.74777],[28.27455,-25.74773],[28.27454,-25.7477],[28.27452,-25.74766],[28.27448,-25.74762],[28.27441,-25.74757]]}},{"type":"Feature","properties":{"id":"relation/3159789","name":"Hatfield - Lynwood (Gautrain H2)","network":"Gautrain Bus"},"geometry":{"type":"LineString","coordinates":[[28.27358,-25.74784],[28.27379,-25.74773],[28.27406,-25.74759],[28.2741,-25.74757],[28.27415,-25.74756],[28.27421,-25.74755],[28.27426,-25.74755],[28.27435,-25.74756],[28.27441,-25.74757]]}},{"type":"Feature","properties":{"id":"relation/3159789","name":"Hatfield - Lynwood (Gautrain H2)","network":"Gautrain Bus"},"geometry":{"type":"LineString","coordinates":[[28.27208,-25.74871],[28.27298,-25.74819],[28.27328,-25.74801],[28.27358,-25.74784]]}},{"type":"Feature","properties":{"id":"relation/3159789","name":"Hatfield - Lynwood (Gautrain H2)","network":"Gautrain Bus"},"geometry":{"type":"LineString","coordinates":[[28.27115,-25.74924],[28.27208,-25.74871]]}},{"type":"Feature","properties":{"id":"relation/3159789","name":"Hatfield - Lynwood (Gautrain H2)","network":"Gautrain Bus"},"geometry":{"type":"LineString","coordinates":[[28.27115,-25.74924],[28.2708,-25.74946],[28.27031,-25.74979],[28.27007,-25.74996]]}},{"type":"Feature","properties":{"id":"relation/3159789","name":"Hatfield - Lynwood (Gautrain H2)","network":"Gautrain Bus"},"geometry":{"type":"LineString","coordinates":[[28.27441,-25.74757],[28.27467,-25.74767]]}},{"type":"Feature","properties":{"id":"relation/3159789","name":"Hatfield - Lynwood (Gautrain H2)","network":"Gautrain Bus"},"geometry":{"type":"LineString","coordinates":[[28.27467,-25.74767],[28.27476,-25.7477]]}},{"type":"Feature","properties":{"id":"relation/3159789","name":"Hatfield - Lynwood (Gautrain H2)","network":"Gautrain Bus"},"geometry":{"type":"LineString","coordinates":[[28.27476,-25.7477],[28.27467,-25.74788]]}},{"type":"Feature","properties":{"id":"relation/3159789","name":"Hatfield - Lynwood (Gautrain H2)","network":"Gautrain Bus"},"geometry":{"type":"LineString","coordinates":[[28.27467,-25.74788],[28.2746,-25.74802],[28.27441,-25.74838],[28.27431,-25.74862],[28.27421,-25.74885],[28.27414,-25.74907],[28.27408,-25.74931],[28.27399,-25.74966],[28.27395,-25.74984],[28.27392,-25.75002],[28.2739,-25.75024],[28.2739,-25.75057],[28.27393,-25.75084],[28.27397,-25.75115],[28.274,-25.7513],[28.27403,-25.75143],[28.27407,-25.75158],[28.27413,-25.75177],[28.27421,-25.75203],[28.2744,-25.75245],[28.27448,-25.75265]]}},{"type":"Feature","properties":{"id":"relation/3159789","name":"Hatfield - Lynwood (Gautrain H2)","network":"Gautrain Bus"},"geometry":{"type":"LineString","coordinates":[[28.27448,-25.75265],[28.27458,-25.75288],[28.27476,-25.7534]]}},{"type":"Feature","properties":{"id":"relation/3159789","name":"Hatfield - Lynwood (Gautrain H2)","network":"Gautrain Bus"},"geometry":{"type":"LineString","coordinates":[[28.27476,-25.7534],[28.27482,-25.7535],[28.27485,-25.75353],[28.2749,-25.75358],[28.27493,-25.7536],[28.27513,-25.75369]]}},{"type":"Feature","properties":{"id":"relation/3159789","name":"Hatfield - Lynwood (Gautrain H2)","network":"Gautrain Bus"},"geometry":{"type":"LineString","coordinates":[[28.27513,-25.75369],[28.27516,-25.7537],[28.27519,-25.75371],[28.27522,-25.75372],[28.27525,-25.75374],[28.27532,-25.75381],[28.27536,-25.75387],[28.27551,-25.7541],[28.27558,-25.75421],[28.27568,-25.75437],[28.27577,-25.75451]]}},{"type":"Feature","properties":{"id":"relation/3159789","name":"Hatfield - Lynwood (Gautrain H2)","network":"Gautrain Bus"},"geometry":{"type":"LineString","coordinates":[[28.27577,-25.75451],[28.27595,-25.75465],[28.2761,-25.75478],[28.27622,-25.75487],[28.27627,-25.75489],[28.27638,-25.75494]]}},{"type":"Feature","properties":{"id":"relation/3159789","name":"Hatfield - Lynwood (Gautrain H2)","network":"Gautrain Bus"},"geometry":{"type":"LineString","coordinates":[[28.27638,-25.75494],[28.27643,-25.75491],[28.27649,-25.75489],[28.27656,-25.75491],[28.2766,-25.75493],[28.27663,-25.75497],[28.27664,-25.75501],[28.27664,-25.75505],[28.27661,-25.75511],[28.27656,-25.75515],[28.27656,-25.75515],[28.27653,-25.75516],[28.2765,-25.75516],[28.27647,-25.75516],[28.27644,-25.75515],[28.27639,-25.75513],[28.27636,-25.75508]]}},{"type":"Feature","properties":{"id":"relation/3159789","name":"Hatfield - Lynwood (Gautrain H2)","network":"Gautrain Bus"},"geometry":{"type":"LineString","coordinates":[[28.27636,-25.75508],[28.27621,-25.75499],[28.27604,-25.75486]]}},{"type":"Feature","properties":{"id":"relation/3159789","name":"Hatfield - Lynwood (Gautrain H2)","network":"Gautrain Bus"},"geometry":{"type":"LineString","coordinates":[[28.27604,-25.75486],[28.27589,-25.75472],[28.27577,-25.75451]]}},{"type":"Feature","properties":{"id":"relation/3159789","name":"Hatfield - Lynwood (Gautrain H2)","network":"Gautrain Bus"},"geometry":{"type":"LineString","coordinates":[[28.27513,-25.75369],[28.27498,-25.75373],[28.27494,-25.75376],[28.27492,-25.75378],[28.27489,-25.75383],[28.27487,-25.75388]]}},{"type":"Feature","properties":{"id":"relation/3159789","name":"Hatfield - Lynwood (Gautrain H2)","network":"Gautrain Bus"},"geometry":{"type":"LineString","coordinates":[[28.27487,-25.75388],[28.27495,-25.75426],[28.275,-25.7545],[28.27505,-25.75485]]}},{"type":"Feature","properties":{"id":"relation/3159789","name":"Hatfield - Lynwood (Gautrain H2)","network":"Gautrain Bus"},"geometry":{"type":"LineString","coordinates":[[28.27505,-25.75485],[28.2751,-25.75525],[28.27527,-25.75646]]}},{"type":"Feature","properties":{"id":"relation/3159789","name":"Hatfield - Lynwood (Gautrain H2)","network":"Gautrain Bus"},"geometry":{"type":"LineString","coordinates":[[28.27527,-25.75646],[28.2753,-25.75671],[28.27534,-25.75706],[28.27537,-25.75739]]}},{"type":"Feature","properties":{"id":"relation/3159789","name":"Hatfield - Lynwood (Gautrain H2)","network":"Gautrain Bus"},"geometry":{"type":"LineString","coordinates":[[28.27537,-25.75739],[28.27539,-25.75767],[28.27544,-25.75829],[28.27546,-25.75848],[28.27554,-25.75911],[28.2756,-25.75962],[28.27567,-25.76011],[28.2757,-25.76029],[28.27574,-25.76051],[28.27591,-25.76133]]}},{"type":"Feature","properties":{"id":"relation/3159789","name":"Hatfield - Lynwood (Gautrain H2)","network":"Gautrain Bus"},"geometry":{"type":"LineString","coordinates":[[28.27591,-25.76133],[28.27592,-25.76143]]}},{"type":"Feature","properties":{"id":"relation/3159789","name":"Hatfield - Lynwood (Gautrain H2)","network":"Gautrain Bus"},"geometry":{"type":"LineString","coordinates":[[28.27592,-25.76143],[28.27598,-25.76196],[28.27599,-25.76208]]}},{"type":"Feature","properties":{"id":"relation/3159789","name":"Hatfield - Lynwood (Gautrain H2)","network":"Gautrain Bus"},"geometry":{"type":"LineString","coordinates":[[28.27599,-25.76208],[28.27601,-25.76243],[28.27601,-25.7627]]}},{"type":"Feature","properties":{"id":"relation/3159789","name":"Hatfield - Lynwood (Gautrain H2)","network":"Gautrain Bus"},"geometry":{"type":"LineString","coordinates":[[28.27601,-25.7627],[28.276,-25.7631]]}},{"type":"Feature","properties":{"id":"relation/3159789","name":"Hatfield - Lynwood (Gautrain H2)","network":"Gautrain Bus"},"geometry":{"type":"LineString","coordinates":[[28.276,-25.7631],[28.27604,-25.76329],[28.2761,-25.76345],[28.27617,-25.7636]]}},{"type":"Feature","properties":{"id":"relation/3159789","name":"Hatfield - Lynwood (Gautrain H2)","network":"Gautrain Bus"},"geometry":{"type":"LineString","coordinates":[[28.27617,-25.7636],[28.27627,-25.76377],[28.27645,-25.76406],[28.27654,-25.76423],[28.27657,-25.76434],[28.27659,-25.76441],[28.27662,-25.76457],[28.27661,-25.76468],[28.2766,-25.76486]]}},{"type":"Feature","properties":{"id":"relation/3159789","name":"Hatfield - Lynwood (Gautrain H2)","network":"Gautrain Bus"},"geometry":{"type":"LineString","coordinates":[[28.2766,-25.76486],[28.27655,-25.76505],[28.27645,-25.76526],[28.27625,-25.76558],[28.27605,-25.76586],[28.27585,-25.76609]]}},{"type":"Feature","properties":{"id":"relation/3159789","name":"Hatfield - Lynwood (Gautrain H2)","network":"Gautrain Bus"},"geometry":{"type":"LineString","coordinates":[[28.27585,-25.76609],[28.27583,-25.76611]]}},{"type":"Feature","properties":{"id":"relation/3159789","name":"Hatfield - Lynwood (Gautrain H2)","network":"Gautrain Bus"},"geometry":{"type":"LineString","coordinates":[[28.27583,-25.76611],[28.2758,-25.76613],[28.27573,-25.76617],[28.27568,-25.76619],[28.27555,-25.76624]]}},{"type":"Feature","properties":{"id":"relation/3159789","name":"Hatfield - Lynwood (Gautrain H2)","network":"Gautrain Bus"},"geometry":{"type":"LineString","coordinates":[[28.27555,-25.76624],[28.27529,-25.76621]]}},{"type":"Feature","properties":{"id":"relation/3159789","name":"Hatfield - Lynwood (Gautrain H2)","network":"Gautrain Bus"},"geometry":{"type":"LineString","coordinates":[[28.27529,-25.76621],[28.27466,-25.76612]]}},{"type":"Feature","properties":{"id":"relation/3159789","name":"Hatfield - Lynwood (Gautrain H2)","network":"Gautrain Bus"},"geometry":{"type":"LineString","coordinates":[[28.27466,-25.76612],[28.2746,-25.76611],[28.2741,-25.76603]]}},{"type":"Feature","properties":{"id":"relation/3159789","name":"Hatfield - Lynwood (Gautrain H2)","network":"Gautrain Bus"},"geometry":{"type":"LineString","coordinates":[[28.2741,-25.76603],[28.27216,-25.76577],[28.27152,-25.76567],[28.27146,-25.76566],[28.27118,-25.7656],[28.27086,-25.76554],[28.2699,-25.76531],[28.26856,-25.76494],[28.26798,-25.76478]]}},{"type":"Feature","properties":{"id":"relation/3159789","name":"Hatfield - Lynwood (Gautrain H2)","network":"Gautrain Bus"},"geometry":{"type":"LineString","coordinates":[[28.26798,-25.76478],[28.26794,-25.76477],[28.26788,-25.76475]]}},{"type":"Feature","properties":{"id":"relation/3159789","name":"Hatfield - Lynwood (Gautrain H2)","network":"Gautrain Bus"},"geometry":{"type":"LineString","coordinates":[[28.26788,-25.76475],[28.26782,-25.76473]]}},{"type":"Feature","properties":{"id":"relation/3159789","name":"Hatfield - Lynwood (Gautrain H2)","network":"Gautrain Bus"},"geometry":{"type":"LineString","coordinates":[[28.26782,-25.76473],[28.26731,-25.76456],[28.26684,-25.76436],[28.26663,-25.76425]]}},{"type":"Feature","properties":{"id":"relation/3159789","name":"Hatfield - Lynwood (Gautrain H2)","network":"Gautrain Bus"},"geometry":{"type":"LineString","coordinates":[[28.26663,-25.76425],[28.26649,-25.76416],[28.26633,-25.76405],[28.2663,-25.76404],[28.26602,-25.76387],[28.26572,-25.76368],[28.26536,-25.76346],[28.26524,-25.76339],[28.26494,-25.76321],[28.26477,-25.76313],[28.26463,-25.76307],[28.26413,-25.76291],[28.26386,-25.76282],[28.26349,-25.76274],[28.263,-25.76269],[28.26252,-25.76268],[28.2622,-25.7627],[28.26061,-25.76283]]}},{"type":"Feature","properties":{"id":"relation/3159789","name":"Hatfield - Lynwood (Gautrain H2)","network":"Gautrain Bus"},"geometry":{"type":"LineString","coordinates":[[28.26061,-25.76283],[28.2597,-25.76291]]}},{"type":"Feature","properties":{"id":"relation/3159789","name":"Hatfield - Lynwood (Gautrain H2)","network":"Gautrain Bus"},"geometry":{"type":"LineString","coordinates":[[28.2597,-25.76291],[28.25963,-25.76291]]}},{"type":"Feature","properties":{"id":"relation/3159789","name":"Hatfield - Lynwood (Gautrain H2)","network":"Gautrain Bus"},"geometry":{"type":"LineString","coordinates":[[28.25963,-25.76291],[28.2596,-25.76291],[28.25917,-25.7629],[28.25866,-25.76286],[28.25773,-25.76282],[28.25719,-25.76279],[28.25688,-25.76275],[28.25682,-25.76274],[28.25673,-25.76272],[28.25655,-25.76268],[28.25637,-25.76263],[28.25622,-25.7626]]}},{"type":"Feature","properties":{"id":"relation/3159789","name":"Hatfield - Lynwood (Gautrain H2)","network":"Gautrain Bus"},"geometry":{"type":"LineString","coordinates":[[28.25622,-25.7626],[28.2559,-25.76252],[28.25565,-25.76245]]}},{"type":"Feature","properties":{"id":"relation/3159789","name":"Hatfield - Lynwood (Gautrain H2)","network":"Gautrain Bus"},"geometry":{"type":"LineString","coordinates":[[28.25565,-25.76245],[28.25556,-25.76243]]}},{"type":"Feature","properties":{"id":"relation/3159789","name":"Hatfield - Lynwood (Gautrain H2)","network":"Gautrain Bus"},"geometry":{"type":"LineString","coordinates":[[28.25556,-25.76243],[28.25527,-25.76236],[28.25444,-25.76214],[28.25407,-25.76204]]}},{"type":"Feature","properties":{"id":"relation/3159789","name":"Hatfield - Lynwood (Gautrain H2)","network":"Gautrain Bus"},"geometry":{"type":"LineString","coordinates":[[28.25407,-25.76204],[28.25404,-25.76203],[28.25395,-25.76197]]}},{"type":"Feature","properties":{"id":"relation/3159789","name":"Hatfield - Lynwood (Gautrain H2)","network":"Gautrain Bus"},"geometry":{"type":"LineString","coordinates":[[28.25215,-25.76166],[28.25255,-25.7617],[28.25284,-25.76173],[28.25305,-25.76176],[28.25325,-25.7618],[28.25345,-25.76185],[28.25395,-25.76197]]}},{"type":"Feature","properties":{"id":"relation/3159789","name":"Hatfield - Lynwood (Gautrain H2)","network":"Gautrain Bus"},"geometry":{"type":"LineString","coordinates":[[28.25215,-25.76166],[28.25206,-25.76167],[28.25199,-25.76168],[28.25192,-25.76168],[28.25138,-25.76164]]}},{"type":"Feature","properties":{"id":"relation/3159789","name":"Hatfield - Lynwood (Gautrain H2)","network":"Gautrain Bus"},"geometry":{"type":"LineString","coordinates":[[28.25138,-25.76164],[28.25114,-25.76162],[28.25101,-25.7616],[28.25079,-25.76158],[28.25072,-25.76157],[28.25067,-25.76156],[28.25049,-25.76151]]}},{"type":"Feature","properties":{"id":"relation/3159789","name":"Hatfield - Lynwood (Gautrain H2)","network":"Gautrain Bus"},"geometry":{"type":"LineString","coordinates":[[28.25049,-25.76151],[28.25062,-25.7615],[28.25078,-25.7615],[28.25105,-25.76152],[28.25139,-25.76155]]}},{"type":"Feature","properties":{"id":"relation/3159789","name":"Hatfield - Lynwood (Gautrain H2)","network":"Gautrain Bus"},"geometry":{"type":"LineString","coordinates":[[28.25139,-25.76155],[28.25194,-25.7616],[28.25201,-25.76161],[28.25207,-25.76163],[28.25215,-25.76166]]}},{"type":"Feature","properties":{"id":"relation/3159789","name":"Hatfield - Lynwood (Gautrain H2)","network":"Gautrain Bus"},"geometry":{"type":"LineString","coordinates":[[28.25395,-25.76197],[28.25407,-25.76196],[28.25446,-25.76207],[28.25474,-25.76214],[28.2549,-25.76218]]}},{"type":"Feature","properties":{"id":"relation/3159789","name":"Hatfield - Lynwood (Gautrain H2)","network":"Gautrain Bus"},"geometry":{"type":"LineString","coordinates":[[28.2549,-25.76218],[28.25507,-25.76221],[28.25511,-25.76222],[28.25552,-25.76233]]}},{"type":"Feature","properties":{"id":"relation/3159789","name":"Hatfield - Lynwood (Gautrain H2)","network":"Gautrain Bus"},"geometry":{"type":"LineString","coordinates":[[28.25552,-25.76233],[28.25557,-25.76233]]}},{"type":"Feature","properties":{"id":"relation/3159789","name":"Hatfield - Lynwood (Gautrain H2)","network":"Gautrain Bus"},"geometry":{"type":"LineString","coordinates":[[28.25557,-25.76233],[28.25561,-25.76234]]}},{"type":"Feature","properties":{"id":"relation/3159789","name":"Hatfield - Lynwood (Gautrain H2)","network":"Gautrain Bus"},"geometry":{"type":"LineString","coordinates":[[28.25561,-25.76234],[28.25669,-25.7626],[28.2569,-25.76264],[28.25719,-25.76269],[28.25867,-25.76277]]}},{"type":"Feature","properties":{"id":"relation/3159789","name":"Hatfield - Lynwood (Gautrain H2)","network":"Gautrain Bus"},"geometry":{"type":"LineString","coordinates":[[28.25867,-25.76277],[28.2592,-25.7628],[28.25962,-25.76281],[28.25969,-25.76281]]}},{"type":"Feature","properties":{"id":"relation/3159789","name":"Hatfield - Lynwood (Gautrain H2)","network":"Gautrain Bus"},"geometry":{"type":"LineString","coordinates":[[28.25969,-25.76281],[28.2597,-25.76281],[28.26038,-25.76275],[28.26222,-25.76259],[28.26253,-25.76258],[28.26301,-25.76259],[28.26319,-25.76261],[28.26351,-25.76264],[28.26387,-25.76272],[28.26415,-25.76281],[28.26423,-25.76283],[28.26466,-25.76298],[28.26499,-25.76311],[28.2653,-25.7633],[28.26563,-25.7635],[28.26588,-25.76366],[28.2663,-25.76391],[28.26641,-25.76398],[28.26671,-25.76416],[28.26686,-25.76424],[28.26708,-25.76434],[28.26735,-25.76447]]}},{"type":"Feature","properties":{"id":"relation/3159789","name":"Hatfield - Lynwood (Gautrain H2)","network":"Gautrain Bus"},"geometry":{"type":"LineString","coordinates":[[28.24972,-25.76136],[28.24968,-25.76136],[28.24965,-25.76136],[28.2496,-25.76135],[28.24942,-25.7613]]}},{"type":"Feature","properties":{"id":"relation/3159789","name":"Hatfield - Lynwood (Gautrain H2)","network":"Gautrain Bus"},"geometry":{"type":"LineString","coordinates":[[28.24942,-25.7613],[28.24937,-25.76129],[28.24932,-25.76127],[28.24925,-25.76126],[28.24881,-25.76112],[28.24815,-25.76093]]}},{"type":"Feature","properties":{"id":"relation/3159789","name":"Hatfield - Lynwood (Gautrain H2)","network":"Gautrain Bus"},"geometry":{"type":"LineString","coordinates":[[28.24815,-25.76093],[28.24807,-25.76091],[28.24792,-25.76086],[28.24667,-25.76051],[28.24645,-25.76044],[28.24623,-25.76038]]}},{"type":"Feature","properties":{"id":"relation/3159789","name":"Hatfield - Lynwood (Gautrain H2)","network":"Gautrain Bus"},"geometry":{"type":"LineString","coordinates":[[28.24623,-25.76038],[28.24602,-25.76032],[28.24568,-25.76022],[28.2452,-25.76008],[28.24503,-25.76003],[28.24502,-25.76002]]}},{"type":"Feature","properties":{"id":"relation/3159789","name":"Hatfield - Lynwood (Gautrain H2)","network":"Gautrain Bus"},"geometry":{"type":"LineString","coordinates":[[28.24502,-25.76002],[28.24471,-25.75993],[28.24449,-25.75986]]}},{"type":"Feature","properties":{"id":"relation/3159789","name":"Hatfield - Lynwood (Gautrain H2)","network":"Gautrain Bus"},"geometry":{"type":"LineString","coordinates":[[28.24449,-25.75986],[28.24422,-25.75981],[28.24409,-25.75977],[28.2438,-25.75969],[28.24333,-25.75957],[28.24228,-25.75932],[28.24135,-25.7591],[28.24123,-25.75907],[28.24115,-25.75905],[28.24112,-25.75904],[28.24107,-25.75904],[28.24089,-25.75899],[28.23919,-25.75858],[28.23884,-25.7585],[28.23878,-25.75848],[28.23867,-25.75846]]}},{"type":"Feature","properties":{"id":"relation/3159789","name":"Hatfield - Lynwood (Gautrain H2)","network":"Gautrain Bus"},"geometry":{"type":"LineString","coordinates":[[28.23867,-25.75846],[28.23857,-25.75843]]}},{"type":"Feature","properties":{"id":"relation/3159789","name":"Hatfield - Lynwood (Gautrain H2)","network":"Gautrain Bus"},"geometry":{"type":"LineString","coordinates":[[28.23857,-25.75843],[28.2386,-25.75833],[28.23861,-25.75828],[28.23871,-25.75797],[28.2388,-25.75767]]}},{"type":"Feature","properties":{"id":"relation/3159789","name":"Hatfield - Lynwood (Gautrain H2)","network":"Gautrain Bus"},"geometry":{"type":"LineString","coordinates":[[28.2388,-25.75767],[28.23891,-25.75733]]}},{"type":"Feature","properties":{"id":"relation/3159789","name":"Hatfield - Lynwood (Gautrain H2)","network":"Gautrain Bus"},"geometry":{"type":"LineString","coordinates":[[28.23891,-25.75733],[28.23898,-25.75705],[28.23915,-25.75646]]}},{"type":"Feature","properties":{"id":"relation/3159789","name":"Hatfield - Lynwood (Gautrain H2)","network":"Gautrain Bus"},"geometry":{"type":"LineString","coordinates":[[28.23915,-25.75646],[28.23934,-25.75586],[28.23935,-25.7558]]}},{"type":"Feature","properties":{"id":"relation/3159789","name":"Hatfield - Lynwood (Gautrain H2)","network":"Gautrain Bus"},"geometry":{"type":"LineString","coordinates":[[28.23935,-25.7558],[28.23938,-25.75572],[28.23941,-25.75567],[28.23955,-25.75533],[28.23969,-25.75507],[28.23975,-25.75497],[28.23992,-25.75474],[28.24008,-25.7545],[28.24017,-25.75434],[28.24023,-25.75418],[28.24026,-25.75409],[28.24028,-25.75401]]}},{"type":"Feature","properties":{"id":"relation/3159789","name":"Hatfield - Lynwood (Gautrain H2)","network":"Gautrain Bus"},"geometry":{"type":"LineString","coordinates":[[28.24028,-25.75401],[28.24029,-25.75394],[28.2403,-25.75387],[28.24031,-25.75376],[28.24031,-25.75371]]}},{"type":"Feature","properties":{"id":"relation/3159789","name":"Hatfield - Lynwood (Gautrain H2)","network":"Gautrain Bus"},"geometry":{"type":"LineString","coordinates":[[28.24031,-25.75371],[28.24031,-25.75366],[28.2403,-25.75359],[28.24029,-25.75344],[28.24028,-25.7532]]}},{"type":"Feature","properties":{"id":"relation/3159789","name":"Hatfield - Lynwood (Gautrain H2)","network":"Gautrain Bus"},"geometry":{"type":"LineString","coordinates":[[28.24028,-25.7532],[28.24026,-25.75288],[28.24021,-25.75228],[28.24019,-25.75207],[28.24017,-25.75183],[28.24017,-25.75175]]}},{"type":"Feature","properties":{"id":"relation/3159789","name":"Hatfield - Lynwood (Gautrain H2)","network":"Gautrain Bus"},"geometry":{"type":"LineString","coordinates":[[28.24017,-25.75175],[28.24016,-25.75165],[28.24013,-25.75136],[28.24008,-25.75104]]}},{"type":"Feature","properties":{"id":"relation/3159789","name":"Hatfield - Lynwood (Gautrain H2)","network":"Gautrain Bus"},"geometry":{"type":"LineString","coordinates":[[28.24008,-25.75104],[28.24006,-25.75081]]}},{"type":"Feature","properties":{"id":"relation/3159789","name":"Hatfield - Lynwood (Gautrain H2)","network":"Gautrain Bus"},"geometry":{"type":"LineString","coordinates":[[28.24006,-25.75081],[28.24,-25.75063],[28.23998,-25.75058],[28.23995,-25.75054],[28.23989,-25.75048],[28.23986,-25.75045],[28.23978,-25.7504],[28.23972,-25.75036],[28.23965,-25.75034],[28.23959,-25.75032],[28.2395,-25.7503]]}},{"type":"Feature","properties":{"id":"relation/3159789","name":"Hatfield - Lynwood (Gautrain H2)","network":"Gautrain Bus"},"geometry":{"type":"LineString","coordinates":[[28.2395,-25.7503],[28.23942,-25.75031],[28.23882,-25.75035],[28.23762,-25.75043]]}},{"type":"Feature","properties":{"id":"relation/3159789","name":"Hatfield - Lynwood (Gautrain H2)","network":"Gautrain Bus"},"geometry":{"type":"LineString","coordinates":[[28.23762,-25.75043],[28.23757,-25.74987],[28.23756,-25.74982],[28.2375,-25.74913],[28.23749,-25.74904]]}},{"type":"Feature","properties":{"id":"relation/3159789","name":"Hatfield - Lynwood (Gautrain H2)","network":"Gautrain Bus"},"geometry":{"type":"LineString","coordinates":[[28.23751,-25.74896],[28.23749,-25.74904]]}},{"type":"Feature","properties":{"id":"relation/3159789","name":"Hatfield - Lynwood (Gautrain H2)","network":"Gautrain Bus"},"geometry":{"type":"LineString","coordinates":[[28.23751,-25.74896],[28.23788,-25.74892],[28.23822,-25.7489],[28.23836,-25.74889],[28.23844,-25.74888],[28.23893,-25.74884],[28.23899,-25.74884],[28.23939,-25.74881],[28.23987,-25.74878]]}},{"type":"Feature","properties":{"id":"relation/3159789","name":"Hatfield - Lynwood (Gautrain H2)","network":"Gautrain Bus"},"geometry":{"type":"LineString","coordinates":[[28.23987,-25.74878],[28.24,-25.74877]]}},{"type":"Feature","properties":{"id":"relation/3159789","name":"Hatfield - Lynwood (Gautrain H2)","network":"Gautrain Bus"},"geometry":{"type":"LineString","coordinates":[[28.24,-25.74877],[28.24005,-25.74963]]}},{"type":"Feature","properties":{"id":"relation/3159789","name":"Hatfield - Lynwood (Gautrain H2)","network":"Gautrain Bus"},"geometry":{"type":"LineString","coordinates":[[28.24005,-25.74963],[28.2401,-25.75026]]}},{"type":"Feature","properties":{"id":"relation/3159789","name":"Hatfield - Lynwood (Gautrain H2)","network":"Gautrain Bus"},"geometry":{"type":"LineString","coordinates":[[28.2401,-25.75026],[28.24017,-25.751]]}},{"type":"Feature","properties":{"id":"relation/3159789","name":"Hatfield - Lynwood (Gautrain H2)","network":"Gautrain Bus"},"geometry":{"type":"LineString","coordinates":[[28.24017,-25.751],[28.24023,-25.75165],[28.24024,-25.75174],[28.24024,-25.75183],[28.24028,-25.75225],[28.2403,-25.7525]]}},{"type":"Feature","properties":{"id":"relation/3159789","name":"Hatfield - Lynwood (Gautrain H2)","network":"Gautrain Bus"},"geometry":{"type":"LineString","coordinates":[[28.2403,-25.7525],[28.24033,-25.75274]]}},{"type":"Feature","properties":{"id":"relation/3159789","name":"Hatfield - Lynwood (Gautrain H2)","network":"Gautrain Bus"},"geometry":{"type":"LineString","coordinates":[[28.24033,-25.75274],[28.24035,-25.75287],[28.24038,-25.7532]]}},{"type":"Feature","properties":{"id":"relation/3159789","name":"Hatfield - Lynwood (Gautrain H2)","network":"Gautrain Bus"},"geometry":{"type":"LineString","coordinates":[[28.24038,-25.7532],[28.2404,-25.75343],[28.24041,-25.7536],[28.24041,-25.75372],[28.2404,-25.75378]]}},{"type":"Feature","properties":{"id":"relation/3159789","name":"Hatfield - Lynwood (Gautrain H2)","network":"Gautrain Bus"},"geometry":{"type":"LineString","coordinates":[[28.2404,-25.75378],[28.24039,-25.75385],[28.24038,-25.75393],[28.24036,-25.75403],[28.24033,-25.75413],[28.24031,-25.7542],[28.24025,-25.75433],[28.24023,-25.75436],[28.24013,-25.75456],[28.24,-25.75476],[28.23988,-25.75495],[28.23984,-25.75501],[28.23979,-25.75511]]}},{"type":"Feature","properties":{"id":"relation/3159789","name":"Hatfield - Lynwood (Gautrain H2)","network":"Gautrain Bus"},"geometry":{"type":"LineString","coordinates":[[28.23979,-25.75511],[28.23973,-25.75524]]}},{"type":"Feature","properties":{"id":"relation/3159789","name":"Hatfield - Lynwood (Gautrain H2)","network":"Gautrain Bus"},"geometry":{"type":"LineString","coordinates":[[28.23973,-25.75524],[28.23967,-25.75537]]}},{"type":"Feature","properties":{"id":"relation/3159789","name":"Hatfield - Lynwood (Gautrain H2)","network":"Gautrain Bus"},"geometry":{"type":"LineString","coordinates":[[28.23967,-25.75537],[28.23953,-25.7557],[28.23951,-25.75575],[28.23948,-25.75583]]}},{"type":"Feature","properties":{"id":"relation/3159789","name":"Hatfield - Lynwood (Gautrain H2)","network":"Gautrain Bus"},"geometry":{"type":"LineString","coordinates":[[28.23675,-25.7476],[28.23668,-25.74766],[28.23659,-25.74773],[28.23652,-25.74777],[28.23612,-25.74794]]}},{"type":"Feature","properties":{"id":"relation/3159789","name":"Hatfield - Lynwood (Gautrain H2)","network":"Gautrain Bus"},"geometry":{"type":"LineString","coordinates":[[28.23612,-25.74794],[28.23595,-25.748],[28.23588,-25.748],[28.23583,-25.74799],[28.23581,-25.74797],[28.23578,-25.74795],[28.23573,-25.74784],[28.23572,-25.74771],[28.23571,-25.74766]]}},{"type":"Feature","properties":{"id":"relation/3159789","name":"Hatfield - Lynwood (Gautrain H2)","network":"Gautrain Bus"},"geometry":{"type":"LineString","coordinates":[[28.23491,-25.74762],[28.23496,-25.7476],[28.23499,-25.74759],[28.23503,-25.74758],[28.23544,-25.74755],[28.23567,-25.74753]]}},{"type":"Feature","properties":{"id":"relation/3159789","name":"Hatfield - Lynwood (Gautrain H2)","network":"Gautrain Bus"},"geometry":{"type":"LineString","coordinates":[[28.23491,-25.74762],[28.23492,-25.74766],[28.23492,-25.7477],[28.23493,-25.74786]]}},{"type":"Feature","properties":{"id":"relation/3159789","name":"Hatfield - Lynwood (Gautrain H2)","network":"Gautrain Bus"},"geometry":{"type":"LineString","coordinates":[[28.23493,-25.74786],[28.23499,-25.74852]]}},{"type":"Feature","properties":{"id":"relation/3159789","name":"Hatfield - Lynwood (Gautrain H2)","network":"Gautrain Bus"},"geometry":{"type":"LineString","coordinates":[[28.23499,-25.74852],[28.23503,-25.74887]]}},{"type":"Feature","properties":{"id":"relation/3159789","name":"Hatfield - Lynwood (Gautrain H2)","network":"Gautrain Bus"},"geometry":{"type":"LineString","coordinates":[[28.23503,-25.74887],[28.23505,-25.74914]]}},{"type":"Feature","properties":{"id":"relation/3159789","name":"Hatfield - Lynwood (Gautrain H2)","network":"Gautrain Bus"},"geometry":{"type":"LineString","coordinates":[[28.23505,-25.74914],[28.23586,-25.74908],[28.23629,-25.74905],[28.23633,-25.74904],[28.23636,-25.74904],[28.23702,-25.74899],[28.23744,-25.74896],[28.23751,-25.74896]]}},{"type":"Feature","properties":{"id":"relation/3159789","name":"Hatfield - Lynwood (Gautrain H2)","network":"Gautrain Bus"},"geometry":{"type":"LineString","coordinates":[[28.23745,-25.74804],[28.23751,-25.74896]]}},{"type":"Feature","properties":{"id":"relation/3159789","name":"Hatfield - Lynwood (Gautrain H2)","network":"Gautrain Bus"},"geometry":{"type":"LineString","coordinates":[[28.23742,-25.74763],[28.23745,-25.74804]]}},{"type":"Feature","properties":{"id":"relation/3159789","name":"Hatfield - Lynwood (Gautrain H2)","network":"Gautrain Bus"},"geometry":{"type":"LineString","coordinates":[[28.23741,-25.74754],[28.23742,-25.74763]]}},{"type":"Feature","properties":{"id":"relation/3159789","name":"Hatfield - Lynwood (Gautrain H2)","network":"Gautrain Bus"},"geometry":{"type":"LineString","coordinates":[[28.2374,-25.74743],[28.23741,-25.74754]]}},{"type":"Feature","properties":{"id":"relation/3170386","name":"Midrand - Sunninghill (Gautrain M3)","network":"Gautrain Bus"},"geometry":{"type":"LineString","coordinates":[[28.13622,-25.9954],[28.13623,-25.99542],[28.13637,-25.99537],[28.13641,-25.99535],[28.13639,-25.99533],[28.13622,-25.9954]]}},{"type":"Feature","properties":{"id":"relation/3170386","name":"Midrand - Sunninghill (Gautrain M3)","network":"Gautrain Bus"},"geometry":{"type":"LineString","coordinates":[[28.13655,-25.99536],[28.13657,-25.9954],[28.13661,-25.99548],[28.13666,-25.99556],[28.1367,-25.99564],[28.13674,-25.99573]]}},{"type":"Feature","properties":{"id":"relation/3170386","name":"Midrand - Sunninghill (Gautrain M3)","network":"Gautrain Bus"},"geometry":{"type":"LineString","coordinates":[[28.13674,-25.99573],[28.13685,-25.99568],[28.13691,-25.99565],[28.13697,-25.99559],[28.13699,-25.99553],[28.13699,-25.99545],[28.13693,-25.9953],[28.13675,-25.99494],[28.1367,-25.99488],[28.13659,-25.99482],[28.13646,-25.9948],[28.13635,-25.99483],[28.13618,-25.9949],[28.13575,-25.9951]]}},{"type":"Feature","properties":{"id":"relation/3170386","name":"Midrand - Sunninghill (Gautrain M3)","network":"Gautrain Bus"},"geometry":{"type":"LineString","coordinates":[[28.13575,-25.9951],[28.13532,-25.99531],[28.13503,-25.99545],[28.13486,-25.99552]]}},{"type":"Feature","properties":{"id":"relation/3170386","name":"Midrand - Sunninghill (Gautrain M3)","network":"Gautrain Bus"},"geometry":{"type":"LineString","coordinates":[[28.13486,-25.99552],[28.13479,-25.99554]]}},{"type":"Feature","properties":{"id":"relation/3170386","name":"Midrand - Sunninghill (Gautrain M3)","network":"Gautrain Bus"},"geometry":{"type":"LineString","coordinates":[[28.13479,-25.99554],[28.13468,-25.99559]]}},{"type":"Feature","properties":{"id":"relation/3170386","name":"Midrand - Sunninghill (Gautrain M3)","network":"Gautrain Bus"},"geometry":{"type":"LineString","coordinates":[[28.13468,-25.99559],[28.13461,-25.99562]]}},{"type":"Feature","properties":{"id":"relation/3170386","name":"Midrand - Sunninghill (Gautrain M3)","network":"Gautrain Bus"},"geometry":{"type":"LineString","coordinates":[[28.13461,-25.99562],[28.13424,-25.99577]]}},{"type":"Feature","properties":{"id":"relation/3170386","name":"Midrand - Sunninghill (Gautrain M3)","network":"Gautrain Bus"},"geometry":{"type":"LineString","coordinates":[[28.13424,-25.99577],[28.1328,-25.99638],[28.1313,-25.99706],[28.13112,-25.99714]]}},{"type":"Feature","properties":{"id":"relation/3170386","name":"Midrand - Sunninghill (Gautrain M3)","network":"Gautrain Bus"},"geometry":{"type":"LineString","coordinates":[[28.13112,-25.99714],[28.13107,-25.99716]]}},{"type":"Feature","properties":{"id":"relation/3170386","name":"Midrand - Sunninghill (Gautrain M3)","network":"Gautrain Bus"},"geometry":{"type":"LineString","coordinates":[[28.13107,-25.99716],[28.13111,-25.99719]]}},{"type":"Feature","properties":{"id":"relation/3170386","name":"Midrand - Sunninghill (Gautrain M3)","network":"Gautrain Bus"},"geometry":{"type":"LineString","coordinates":[[28.13111,-25.99719],[28.13124,-25.99728],[28.13143,-25.99741],[28.13184,-25.99769],[28.13249,-25.99812],[28.13361,-25.99893]]}},{"type":"Feature","properties":{"id":"relation/3170386","name":"Midrand - Sunninghill (Gautrain M3)","network":"Gautrain Bus"},"geometry":{"type":"LineString","coordinates":[[28.13361,-25.99893],[28.13357,-25.99903]]}},{"type":"Feature","properties":{"id":"relation/3170386","name":"Midrand - Sunninghill (Gautrain M3)","network":"Gautrain Bus"},"geometry":{"type":"LineString","coordinates":[[28.13357,-25.99903],[28.13334,-25.99933],[28.13238,-26.00058],[28.13207,-26.00098]]}},{"type":"Feature","properties":{"id":"relation/3170386","name":"Midrand - Sunninghill (Gautrain M3)","network":"Gautrain Bus"},"geometry":{"type":"LineString","coordinates":[[28.13207,-26.00098],[28.13205,-26.0011]]}},{"type":"Feature","properties":{"id":"relation/3170386","name":"Midrand - Sunninghill (Gautrain M3)","network":"Gautrain Bus"},"geometry":{"type":"LineString","coordinates":[[28.13205,-26.0011],[28.13206,-26.00114],[28.13206,-26.00117],[28.13205,-26.00121],[28.13202,-26.00124],[28.13198,-26.00127],[28.13194,-26.00127],[28.13189,-26.00127]]}},{"type":"Feature","properties":{"id":"relation/3170386","name":"Midrand - Sunninghill (Gautrain M3)","network":"Gautrain Bus"},"geometry":{"type":"LineString","coordinates":[[28.13182,-26.00122],[28.1318,-26.00119],[28.1318,-26.00115],[28.13181,-26.00111],[28.13183,-26.00108],[28.13186,-26.00106],[28.13186,-26.00106],[28.1319,-26.00104],[28.13194,-26.00104]]}},{"type":"Feature","properties":{"id":"relation/3170386","name":"Midrand - Sunninghill (Gautrain M3)","network":"Gautrain Bus"},"geometry":{"type":"LineString","coordinates":[[28.13194,-26.00104],[28.13207,-26.00098]]}},{"type":"Feature","properties":{"id":"relation/3170386","name":"Midrand - Sunninghill (Gautrain M3)","network":"Gautrain Bus"},"geometry":{"type":"LineString","coordinates":[[28.13189,-26.00127],[28.13179,-26.00133]]}},{"type":"Feature","properties":{"id":"relation/3170386","name":"Midrand - Sunninghill (Gautrain M3)","network":"Gautrain Bus"},"geometry":{"type":"LineString","coordinates":[[28.13179,-26.00133],[28.13182,-26.00122]]}},{"type":"Feature","properties":{"id":"relation/3170386","name":"Midrand - Sunninghill (Gautrain M3)","network":"Gautrain Bus"},"geometry":{"type":"LineString","coordinates":[[28.13179,-26.00133],[28.13164,-26.00153],[28.13127,-26.002],[28.13089,-26.00247],[28.1308,-26.00257],[28.1304,-26.00307],[28.12978,-26.00385],[28.12975,-26.0039],[28.12973,-26.00392],[28.12956,-26.00414],[28.12947,-26.00425],[28.12927,-26.00451],[28.12923,-26.00455],[28.12895,-26.00491],[28.12884,-26.00505],[28.12881,-26.00508],[28.12875,-26.00516],[28.12854,-26.00543],[28.12833,-26.00569],[28.12827,-26.00576],[28.12791,-26.00621],[28.12768,-26.00651],[28.12753,-26.0067],[28.12696,-26.00741],[28.1263,-26.00825],[28.12612,-26.00846],[28.126,-26.00862],[28.12583,-26.00883],[28.12546,-26.0093],[28.1253,-26.0095],[28.1252,-26.00963],[28.12496,-26.00994],[28.1249,-26.01001],[28.12466,-26.01033]]}},{"type":"Feature","properties":{"id":"relation/3170386","name":"Midrand - Sunninghill (Gautrain M3)","network":"Gautrain Bus"},"geometry":{"type":"LineString","coordinates":[[28.12466,-26.01033],[28.12461,-26.01041],[28.12457,-26.01048],[28.12449,-26.01058],[28.1244,-26.01068],[28.12432,-26.01078]]}},{"type":"Feature","properties":{"id":"relation/3170386","name":"Midrand - Sunninghill (Gautrain M3)","network":"Gautrain Bus"},"geometry":{"type":"LineString","coordinates":[[28.12432,-26.01078],[28.12418,-26.01095]]}},{"type":"Feature","properties":{"id":"relation/3170386","name":"Midrand - Sunninghill (Gautrain M3)","network":"Gautrain Bus"},"geometry":{"type":"LineString","coordinates":[[28.12418,-26.01095],[28.12395,-26.01123]]}},{"type":"Feature","properties":{"id":"relation/3170386","name":"Midrand - Sunninghill (Gautrain M3)","network":"Gautrain Bus"},"geometry":{"type":"LineString","coordinates":[[28.12395,-26.01123],[28.12389,-26.01132]]}},{"type":"Feature","properties":{"id":"relation/3170386","name":"Midrand - Sunninghill (Gautrain M3)","network":"Gautrain Bus"},"geometry":{"type":"LineString","coordinates":[[28.12389,-26.01132],[28.12384,-26.01129]]}},{"type":"Feature","properties":{"id":"relation/3170386","name":"Midrand - Sunninghill (Gautrain M3)","network":"Gautrain Bus"},"geometry":{"type":"LineString","coordinates":[[28.12384,-26.01129],[28.12347,-26.01104]]}},{"type":"Feature","properties":{"id":"relation/3170386","name":"Midrand - Sunninghill (Gautrain M3)","network":"Gautrain Bus"},"geometry":{"type":"LineString","coordinates":[[28.12347,-26.01104],[28.1223,-26.01026]]}},{"type":"Feature","properties":{"id":"relation/3170386","name":"Midrand - Sunninghill (Gautrain M3)","network":"Gautrain Bus"},"geometry":{"type":"LineString","coordinates":[[28.1223,-26.01026],[28.12208,-26.01012],[28.12184,-26.00994],[28.12171,-26.00984]]}},{"type":"Feature","properties":{"id":"relation/3170386","name":"Midrand - Sunninghill (Gautrain M3)","network":"Gautrain Bus"},"geometry":{"type":"LineString","coordinates":[[28.12171,-26.00984],[28.12132,-26.00959]]}},{"type":"Feature","properties":{"id":"relation/3170386","name":"Midrand - Sunninghill (Gautrain M3)","network":"Gautrain Bus"},"geometry":{"type":"LineString","coordinates":[[28.12132,-26.00959],[28.12125,-26.00954]]}},{"type":"Feature","properties":{"id":"relation/3170386","name":"Midrand - Sunninghill (Gautrain M3)","network":"Gautrain Bus"},"geometry":{"type":"LineString","coordinates":[[28.12125,-26.00954],[28.12115,-26.00948]]}},{"type":"Feature","properties":{"id":"relation/3170386","name":"Midrand - Sunninghill (Gautrain M3)","network":"Gautrain Bus"},"geometry":{"type":"LineString","coordinates":[[28.12115,-26.00948],[28.12107,-26.00944]]}},{"type":"Feature","properties":{"id":"relation/3170386","name":"Midrand - Sunninghill (Gautrain M3)","network":"Gautrain Bus"},"geometry":{"type":"LineString","coordinates":[[28.12107,-26.00944],[28.12079,-26.00924]]}},{"type":"Feature","properties":{"id":"relation/3170386","name":"Midrand - Sunninghill (Gautrain M3)","network":"Gautrain Bus"},"geometry":{"type":"LineString","coordinates":[[28.12079,-26.00924],[28.11995,-26.00867],[28.11976,-26.00851],[28.11951,-26.00831]]}},{"type":"Feature","properties":{"id":"relation/3170386","name":"Midrand - Sunninghill (Gautrain M3)","network":"Gautrain Bus"},"geometry":{"type":"LineString","coordinates":[[28.12113,-26.00931],[28.12121,-26.00935]]}},{"type":"Feature","properties":{"id":"relation/3170386","name":"Midrand - Sunninghill (Gautrain M3)","network":"Gautrain Bus"},"geometry":{"type":"LineString","coordinates":[[28.12057,-26.00891],[28.12113,-26.00931]]}},{"type":"Feature","properties":{"id":"relation/3170386","name":"Midrand - Sunninghill (Gautrain M3)","network":"Gautrain Bus"},"geometry":{"type":"LineString","coordinates":[[28.12121,-26.00935],[28.12131,-26.00942]]}},{"type":"Feature","properties":{"id":"relation/3170386","name":"Midrand - Sunninghill (Gautrain M3)","network":"Gautrain Bus"},"geometry":{"type":"LineString","coordinates":[[28.12131,-26.00942],[28.12138,-26.00947]]}},{"type":"Feature","properties":{"id":"relation/3170386","name":"Midrand - Sunninghill (Gautrain M3)","network":"Gautrain Bus"},"geometry":{"type":"LineString","coordinates":[[28.12138,-26.00947],[28.12163,-26.00963]]}},{"type":"Feature","properties":{"id":"relation/3170386","name":"Midrand - Sunninghill (Gautrain M3)","network":"Gautrain Bus"},"geometry":{"type":"LineString","coordinates":[[28.12163,-26.00963],[28.12229,-26.01007],[28.12273,-26.01041],[28.12341,-26.01088],[28.12357,-26.01098]]}},{"type":"Feature","properties":{"id":"relation/3170386","name":"Midrand - Sunninghill (Gautrain M3)","network":"Gautrain Bus"},"geometry":{"type":"LineString","coordinates":[[28.12357,-26.01098],[28.12391,-26.0112]]}},{"type":"Feature","properties":{"id":"relation/3170386","name":"Midrand - Sunninghill (Gautrain M3)","network":"Gautrain Bus"},"geometry":{"type":"LineString","coordinates":[[28.12391,-26.0112],[28.12412,-26.01095],[28.12415,-26.01092]]}},{"type":"Feature","properties":{"id":"relation/3170386","name":"Midrand - Sunninghill (Gautrain M3)","network":"Gautrain Bus"},"geometry":{"type":"LineString","coordinates":[[28.12415,-26.01092],[28.12428,-26.01076],[28.12431,-26.01071],[28.12444,-26.01055],[28.12448,-26.01051],[28.12453,-26.01045],[28.12458,-26.01039],[28.12466,-26.01033]]}},{"type":"Feature","properties":{"id":"relation/3170386","name":"Midrand - Sunninghill (Gautrain M3)","network":"Gautrain Bus"},"geometry":{"type":"LineString","coordinates":[[28.13357,-25.99903],[28.1324,-25.99823],[28.13182,-25.99785],[28.13133,-25.99751],[28.13097,-25.99725]]}},{"type":"Feature","properties":{"id":"relation/3170386","name":"Midrand - Sunninghill (Gautrain M3)","network":"Gautrain Bus"},"geometry":{"type":"LineString","coordinates":[[28.13097,-25.99725],[28.13093,-25.99722]]}},{"type":"Feature","properties":{"id":"relation/3170386","name":"Midrand - Sunninghill (Gautrain M3)","network":"Gautrain Bus"},"geometry":{"type":"LineString","coordinates":[[28.13093,-25.99722],[28.13081,-25.99716]]}},{"type":"Feature","properties":{"id":"relation/3170386","name":"Midrand - Sunninghill (Gautrain M3)","network":"Gautrain Bus"},"geometry":{"type":"LineString","coordinates":[[28.11905,-26.0079],[28.11841,-26.00717],[28.11782,-26.00654],[28.11767,-26.00638]]}},{"type":"Feature","properties":{"id":"relation/3170386","name":"Midrand - Sunninghill (Gautrain M3)","network":"Gautrain Bus"},"geometry":{"type":"LineString","coordinates":[[28.11767,-26.00638],[28.11717,-26.00582]]}},{"type":"Feature","properties":{"id":"relation/3170386","name":"Midrand - Sunninghill (Gautrain M3)","network":"Gautrain Bus"},"geometry":{"type":"LineString","coordinates":[[28.11717,-26.00582],[28.11707,-26.00572]]}},{"type":"Feature","properties":{"id":"relation/3170386","name":"Midrand - Sunninghill (Gautrain M3)","network":"Gautrain Bus"},"geometry":{"type":"LineString","coordinates":[[28.11633,-26.00694],[28.11635,-26.00687],[28.1164,-26.00677],[28.11651,-26.00657],[28.1167,-26.00626]]}},{"type":"Feature","properties":{"id":"relation/3170386","name":"Midrand - Sunninghill (Gautrain M3)","network":"Gautrain Bus"},"geometry":{"type":"LineString","coordinates":[[28.1167,-26.00626],[28.11707,-26.00572]]}},{"type":"Feature","properties":{"id":"relation/3170386","name":"Midrand - Sunninghill (Gautrain M3)","network":"Gautrain Bus"},"geometry":{"type":"LineString","coordinates":[[28.11707,-26.00572],[28.11717,-26.00561]]}},{"type":"Feature","properties":{"id":"relation/3170386","name":"Midrand - Sunninghill (Gautrain M3)","network":"Gautrain Bus"},"geometry":{"type":"LineString","coordinates":[[28.11951,-26.00831],[28.11905,-26.0079]]}},{"type":"Feature","properties":{"id":"relation/3170386","name":"Midrand - Sunninghill (Gautrain M3)","network":"Gautrain Bus"},"geometry":{"type":"LineString","coordinates":[[28.11726,-26.0057],[28.11717,-26.00582]]}},{"type":"Feature","properties":{"id":"relation/3170386","name":"Midrand - Sunninghill (Gautrain M3)","network":"Gautrain Bus"},"geometry":{"type":"LineString","coordinates":[[28.11717,-26.00582],[28.11682,-26.00635],[28.11655,-26.00669],[28.11642,-26.00686],[28.11639,-26.0069],[28.11633,-26.00694]]}},{"type":"Feature","properties":{"id":"relation/3170386","name":"Midrand - Sunninghill (Gautrain M3)","network":"Gautrain Bus"},"geometry":{"type":"LineString","coordinates":[[28.11317,-26.01124],[28.11336,-26.01098]]}},{"type":"Feature","properties":{"id":"relation/3170386","name":"Midrand - Sunninghill (Gautrain M3)","network":"Gautrain Bus"},"geometry":{"type":"LineString","coordinates":[[28.11336,-26.01098],[28.11353,-26.01072],[28.11369,-26.01048]]}},{"type":"Feature","properties":{"id":"relation/3170386","name":"Midrand - Sunninghill (Gautrain M3)","network":"Gautrain Bus"},"geometry":{"type":"LineString","coordinates":[[28.11369,-26.01048],[28.11421,-26.0098]]}},{"type":"Feature","properties":{"id":"relation/3170386","name":"Midrand - Sunninghill (Gautrain M3)","network":"Gautrain Bus"},"geometry":{"type":"LineString","coordinates":[[28.11421,-26.0098],[28.11422,-26.00978],[28.11426,-26.00971]]}},{"type":"Feature","properties":{"id":"relation/3170386","name":"Midrand - Sunninghill (Gautrain M3)","network":"Gautrain Bus"},"geometry":{"type":"LineString","coordinates":[[28.11426,-26.00971],[28.11448,-26.00942]]}},{"type":"Feature","properties":{"id":"relation/3170386","name":"Midrand - Sunninghill (Gautrain M3)","network":"Gautrain Bus"},"geometry":{"type":"LineString","coordinates":[[28.11448,-26.00942],[28.11465,-26.00919]]}},{"type":"Feature","properties":{"id":"relation/3170386","name":"Midrand - Sunninghill (Gautrain M3)","network":"Gautrain Bus"},"geometry":{"type":"LineString","coordinates":[[28.11465,-26.00919],[28.11541,-26.00818],[28.11582,-26.00763],[28.11609,-26.00728],[28.11618,-26.00716],[28.11627,-26.00703],[28.11633,-26.00694]]}},{"type":"Feature","properties":{"id":"relation/3170386","name":"Midrand - Sunninghill (Gautrain M3)","network":"Gautrain Bus"},"geometry":{"type":"LineString","coordinates":[[28.09201,-26.01749],[28.09226,-26.01698],[28.09243,-26.01666],[28.09271,-26.01625],[28.09287,-26.01604],[28.0931,-26.01578],[28.09329,-26.0156],[28.09355,-26.01535],[28.09377,-26.01517],[28.09398,-26.01503],[28.09438,-26.01476],[28.09483,-26.01453],[28.09518,-26.01437],[28.09539,-26.0143]]}},{"type":"Feature","properties":{"id":"relation/3170386","name":"Midrand - Sunninghill (Gautrain M3)","network":"Gautrain Bus"},"geometry":{"type":"LineString","coordinates":[[28.09539,-26.0143],[28.09575,-26.01418]]}},{"type":"Feature","properties":{"id":"relation/3170386","name":"Midrand - Sunninghill (Gautrain M3)","network":"Gautrain Bus"},"geometry":{"type":"LineString","coordinates":[[28.09575,-26.01418],[28.09592,-26.01414]]}},{"type":"Feature","properties":{"id":"relation/3170386","name":"Midrand - Sunninghill (Gautrain M3)","network":"Gautrain Bus"},"geometry":{"type":"LineString","coordinates":[[28.09592,-26.01414],[28.09605,-26.01411]]}},{"type":"Feature","properties":{"id":"relation/3170386","name":"Midrand - Sunninghill (Gautrain M3)","network":"Gautrain Bus"},"geometry":{"type":"LineString","coordinates":[[28.09605,-26.01411],[28.09618,-26.01409]]}},{"type":"Feature","properties":{"id":"relation/3170386","name":"Midrand - Sunninghill (Gautrain M3)","network":"Gautrain Bus"},"geometry":{"type":"LineString","coordinates":[[28.09618,-26.01409],[28.09659,-26.01401],[28.09762,-26.01384],[28.09831,-26.01373]]}},{"type":"Feature","properties":{"id":"relation/3170386","name":"Midrand - Sunninghill (Gautrain M3)","network":"Gautrain Bus"},"geometry":{"type":"LineString","coordinates":[[28.09831,-26.01373],[28.09849,-26.0137],[28.09869,-26.01366],[28.09887,-26.01363],[28.09905,-26.01357]]}},{"type":"Feature","properties":{"id":"relation/3170386","name":"Midrand - Sunninghill (Gautrain M3)","network":"Gautrain Bus"},"geometry":{"type":"LineString","coordinates":[[28.09905,-26.01357],[28.0992,-26.01353]]}},{"type":"Feature","properties":{"id":"relation/3170386","name":"Midrand - Sunninghill (Gautrain M3)","network":"Gautrain Bus"},"geometry":{"type":"LineString","coordinates":[[28.0992,-26.01353],[28.09933,-26.01349]]}},{"type":"Feature","properties":{"id":"relation/3170386","name":"Midrand - Sunninghill (Gautrain M3)","network":"Gautrain Bus"},"geometry":{"type":"LineString","coordinates":[[28.09933,-26.01349],[28.09951,-26.01344]]}},{"type":"Feature","properties":{"id":"relation/3170386","name":"Midrand - Sunninghill (Gautrain M3)","network":"Gautrain Bus"},"geometry":{"type":"LineString","coordinates":[[28.09951,-26.01344],[28.09971,-26.01339],[28.09984,-26.01334],[28.09999,-26.01327],[28.10011,-26.01321],[28.10027,-26.01311],[28.1004,-26.01302],[28.10056,-26.01289],[28.1009,-26.0126],[28.10136,-26.01222],[28.10167,-26.01193],[28.10197,-26.01161],[28.10217,-26.01134],[28.10229,-26.01118],[28.1024,-26.011]]}},{"type":"Feature","properties":{"id":"relation/3170386","name":"Midrand - Sunninghill (Gautrain M3)","network":"Gautrain Bus"},"geometry":{"type":"LineString","coordinates":[[28.1024,-26.011],[28.10271,-26.01049],[28.10276,-26.01038]]}},{"type":"Feature","properties":{"id":"relation/3170386","name":"Midrand - Sunninghill (Gautrain M3)","network":"Gautrain Bus"},"geometry":{"type":"LineString","coordinates":[[28.10276,-26.01038],[28.10305,-26.00982]]}},{"type":"Feature","properties":{"id":"relation/3170386","name":"Midrand - Sunninghill (Gautrain M3)","network":"Gautrain Bus"},"geometry":{"type":"LineString","coordinates":[[28.10305,-26.00982],[28.10319,-26.00959]]}},{"type":"Feature","properties":{"id":"relation/3170386","name":"Midrand - Sunninghill (Gautrain M3)","network":"Gautrain Bus"},"geometry":{"type":"LineString","coordinates":[[28.10266,-26.00935],[28.10319,-26.00959]]}},{"type":"Feature","properties":{"id":"relation/3170386","name":"Midrand - Sunninghill (Gautrain M3)","network":"Gautrain Bus"},"geometry":{"type":"LineString","coordinates":[[28.10205,-26.00907],[28.10266,-26.00935]]}},{"type":"Feature","properties":{"id":"relation/3170386","name":"Midrand - Sunninghill (Gautrain M3)","network":"Gautrain Bus"},"geometry":{"type":"LineString","coordinates":[[28.101,-26.00867],[28.10147,-26.00884],[28.10205,-26.00907]]}},{"type":"Feature","properties":{"id":"relation/3170386","name":"Midrand - Sunninghill (Gautrain M3)","network":"Gautrain Bus"},"geometry":{"type":"LineString","coordinates":[[28.09933,-26.00804],[28.0996,-26.00813],[28.101,-26.00867]]}},{"type":"Feature","properties":{"id":"relation/3170386","name":"Midrand - Sunninghill (Gautrain M3)","network":"Gautrain Bus"},"geometry":{"type":"LineString","coordinates":[[28.10319,-26.00959],[28.10334,-26.00966]]}},{"type":"Feature","properties":{"id":"relation/3170386","name":"Midrand - Sunninghill (Gautrain M3)","network":"Gautrain Bus"},"geometry":{"type":"LineString","coordinates":[[28.10334,-26.00966],[28.10378,-26.00986]]}},{"type":"Feature","properties":{"id":"relation/3170386","name":"Midrand - Sunninghill (Gautrain M3)","network":"Gautrain Bus"},"geometry":{"type":"LineString","coordinates":[[28.10378,-26.00986],[28.10547,-26.01065]]}},{"type":"Feature","properties":{"id":"relation/3170386","name":"Midrand - Sunninghill (Gautrain M3)","network":"Gautrain Bus"},"geometry":{"type":"LineString","coordinates":[[28.10547,-26.01065],[28.10596,-26.01085],[28.10636,-26.01104]]}},{"type":"Feature","properties":{"id":"relation/3170386","name":"Midrand - Sunninghill (Gautrain M3)","network":"Gautrain Bus"},"geometry":{"type":"LineString","coordinates":[[28.10636,-26.01104],[28.10663,-26.01117],[28.10694,-26.01131],[28.10773,-26.01168]]}},{"type":"Feature","properties":{"id":"relation/3170386","name":"Midrand - Sunninghill (Gautrain M3)","network":"Gautrain Bus"},"geometry":{"type":"LineString","coordinates":[[28.10773,-26.01168],[28.10877,-26.01216]]}},{"type":"Feature","properties":{"id":"relation/3170386","name":"Midrand - Sunninghill (Gautrain M3)","network":"Gautrain Bus"},"geometry":{"type":"LineString","coordinates":[[28.10877,-26.01216],[28.10899,-26.01226]]}},{"type":"Feature","properties":{"id":"relation/3170386","name":"Midrand - Sunninghill (Gautrain M3)","network":"Gautrain Bus"},"geometry":{"type":"LineString","coordinates":[[28.10899,-26.01226],[28.10908,-26.0123]]}},{"type":"Feature","properties":{"id":"relation/3170386","name":"Midrand - Sunninghill (Gautrain M3)","network":"Gautrain Bus"},"geometry":{"type":"LineString","coordinates":[[28.10908,-26.0123],[28.10921,-26.01236]]}},{"type":"Feature","properties":{"id":"relation/3170386","name":"Midrand - Sunninghill (Gautrain M3)","network":"Gautrain Bus"},"geometry":{"type":"LineString","coordinates":[[28.10896,-26.01248],[28.10908,-26.0123]]}},{"type":"Feature","properties":{"id":"relation/3170386","name":"Midrand - Sunninghill (Gautrain M3)","network":"Gautrain Bus"},"geometry":{"type":"LineString","coordinates":[[28.10908,-26.0123],[28.10913,-26.01222]]}},{"type":"Feature","properties":{"id":"relation/3170386","name":"Midrand - Sunninghill (Gautrain M3)","network":"Gautrain Bus"},"geometry":{"type":"LineString","coordinates":[[28.10913,-26.01222],[28.10924,-26.01203]]}},{"type":"Feature","properties":{"id":"relation/3170386","name":"Midrand - Sunninghill (Gautrain M3)","network":"Gautrain Bus"},"geometry":{"type":"LineString","coordinates":[[28.10924,-26.01203],[28.10948,-26.01175]]}},{"type":"Feature","properties":{"id":"relation/3170386","name":"Midrand - Sunninghill (Gautrain M3)","network":"Gautrain Bus"},"geometry":{"type":"LineString","coordinates":[[28.10948,-26.01175],[28.10976,-26.01137],[28.10985,-26.01124],[28.10988,-26.01119]]}},{"type":"Feature","properties":{"id":"relation/3170386","name":"Midrand - Sunninghill (Gautrain M3)","network":"Gautrain Bus"},"geometry":{"type":"LineString","coordinates":[[28.10988,-26.01119],[28.11003,-26.01101]]}},{"type":"Feature","properties":{"id":"relation/3170386","name":"Midrand - Sunninghill (Gautrain M3)","network":"Gautrain Bus"},"geometry":{"type":"LineString","coordinates":[[28.11003,-26.01101],[28.11018,-26.0108]]}},{"type":"Feature","properties":{"id":"relation/3170386","name":"Midrand - Sunninghill (Gautrain M3)","network":"Gautrain Bus"},"geometry":{"type":"LineString","coordinates":[[28.11018,-26.0108],[28.11042,-26.01048]]}},{"type":"Feature","properties":{"id":"relation/3170386","name":"Midrand - Sunninghill (Gautrain M3)","network":"Gautrain Bus"},"geometry":{"type":"LineString","coordinates":[[28.11057,-26.01044],[28.1103,-26.01081]]}},{"type":"Feature","properties":{"id":"relation/3170386","name":"Midrand - Sunninghill (Gautrain M3)","network":"Gautrain Bus"},"geometry":{"type":"LineString","coordinates":[[28.1103,-26.01081],[28.11,-26.01121],[28.10986,-26.01141]]}},{"type":"Feature","properties":{"id":"relation/3170386","name":"Midrand - Sunninghill (Gautrain M3)","network":"Gautrain Bus"},"geometry":{"type":"LineString","coordinates":[[28.10986,-26.01141],[28.10947,-26.012]]}},{"type":"Feature","properties":{"id":"relation/3170386","name":"Midrand - Sunninghill (Gautrain M3)","network":"Gautrain Bus"},"geometry":{"type":"LineString","coordinates":[[28.10947,-26.012],[28.10926,-26.01228]]}},{"type":"Feature","properties":{"id":"relation/3170386","name":"Midrand - Sunninghill (Gautrain M3)","network":"Gautrain Bus"},"geometry":{"type":"LineString","coordinates":[[28.10926,-26.01228],[28.10921,-26.01236]]}},{"type":"Feature","properties":{"id":"relation/3170386","name":"Midrand - Sunninghill (Gautrain M3)","network":"Gautrain Bus"},"geometry":{"type":"LineString","coordinates":[[28.10921,-26.01236],[28.10909,-26.01254]]}},{"type":"Feature","properties":{"id":"relation/3170386","name":"Midrand - Sunninghill (Gautrain M3)","network":"Gautrain Bus"},"geometry":{"type":"LineString","coordinates":[[28.10909,-26.01254],[28.10896,-26.01248]]}},{"type":"Feature","properties":{"id":"relation/3170386","name":"Midrand - Sunninghill (Gautrain M3)","network":"Gautrain Bus"},"geometry":{"type":"LineString","coordinates":[[28.10896,-26.01248],[28.10885,-26.01243]]}},{"type":"Feature","properties":{"id":"relation/3170386","name":"Midrand - Sunninghill (Gautrain M3)","network":"Gautrain Bus"},"geometry":{"type":"LineString","coordinates":[[28.10885,-26.01243],[28.10849,-26.01225]]}},{"type":"Feature","properties":{"id":"relation/3170386","name":"Midrand - Sunninghill (Gautrain M3)","network":"Gautrain Bus"},"geometry":{"type":"LineString","coordinates":[[28.10849,-26.01225],[28.10817,-26.0121],[28.106,-26.01111],[28.10448,-26.01046]]}},{"type":"Feature","properties":{"id":"relation/3170386","name":"Midrand - Sunninghill (Gautrain M3)","network":"Gautrain Bus"},"geometry":{"type":"LineString","coordinates":[[28.10448,-26.01046],[28.10366,-26.01008]]}},{"type":"Feature","properties":{"id":"relation/3170386","name":"Midrand - Sunninghill (Gautrain M3)","network":"Gautrain Bus"},"geometry":{"type":"LineString","coordinates":[[28.10366,-26.01008],[28.10319,-26.00988]]}},{"type":"Feature","properties":{"id":"relation/3170386","name":"Midrand - Sunninghill (Gautrain M3)","network":"Gautrain Bus"},"geometry":{"type":"LineString","coordinates":[[28.10319,-26.00988],[28.10305,-26.00982]]}},{"type":"Feature","properties":{"id":"relation/3170386","name":"Midrand - Sunninghill (Gautrain M3)","network":"Gautrain Bus"},"geometry":{"type":"LineString","coordinates":[[28.10305,-26.00982],[28.10258,-26.0096]]}},{"type":"Feature","properties":{"id":"relation/3170386","name":"Midrand - Sunninghill (Gautrain M3)","network":"Gautrain Bus"},"geometry":{"type":"LineString","coordinates":[[28.10258,-26.0096],[28.10205,-26.00934],[28.10139,-26.00902],[28.10103,-26.00886]]}},{"type":"Feature","properties":{"id":"relation/3170386","name":"Midrand - Sunninghill (Gautrain M3)","network":"Gautrain Bus"},"geometry":{"type":"LineString","coordinates":[[28.10103,-26.00886],[28.10022,-26.00847],[28.09969,-26.00823],[28.09933,-26.00804]]}},{"type":"Feature","properties":{"id":"relation/3170386","name":"Midrand - Sunninghill (Gautrain M3)","network":"Gautrain Bus"},"geometry":{"type":"LineString","coordinates":[[28.10319,-26.00988],[28.10289,-26.01045]]}},{"type":"Feature","properties":{"id":"relation/3170386","name":"Midrand - Sunninghill (Gautrain M3)","network":"Gautrain Bus"},"geometry":{"type":"LineString","coordinates":[[28.10289,-26.01045],[28.10267,-26.01084]]}},{"type":"Feature","properties":{"id":"relation/3170386","name":"Midrand - Sunninghill (Gautrain M3)","network":"Gautrain Bus"},"geometry":{"type":"LineString","coordinates":[[28.10267,-26.01084],[28.10235,-26.01134],[28.10223,-26.0115],[28.10191,-26.01189],[28.10157,-26.01223],[28.10113,-26.0126],[28.10111,-26.01262],[28.10077,-26.0129],[28.10062,-26.01302],[28.1005,-26.01312],[28.10033,-26.01324],[28.10017,-26.01333],[28.09994,-26.01343]]}},{"type":"Feature","properties":{"id":"relation/3170386","name":"Midrand - Sunninghill (Gautrain M3)","network":"Gautrain Bus"},"geometry":{"type":"LineString","coordinates":[[28.09994,-26.01343],[28.09958,-26.01355]]}},{"type":"Feature","properties":{"id":"relation/3170386","name":"Midrand - Sunninghill (Gautrain M3)","network":"Gautrain Bus"},"geometry":{"type":"LineString","coordinates":[[28.09958,-26.01355],[28.09949,-26.01358],[28.0994,-26.0136]]}},{"type":"Feature","properties":{"id":"relation/3170386","name":"Midrand - Sunninghill (Gautrain M3)","network":"Gautrain Bus"},"geometry":{"type":"LineString","coordinates":[[28.0994,-26.0136],[28.09925,-26.01365]]}},{"type":"Feature","properties":{"id":"relation/3170386","name":"Midrand - Sunninghill (Gautrain M3)","network":"Gautrain Bus"},"geometry":{"type":"LineString","coordinates":[[28.09925,-26.01365],[28.09912,-26.01368]]}},{"type":"Feature","properties":{"id":"relation/3170386","name":"Midrand - Sunninghill (Gautrain M3)","network":"Gautrain Bus"},"geometry":{"type":"LineString","coordinates":[[28.09912,-26.01368],[28.09889,-26.01374],[28.09841,-26.01385],[28.09774,-26.01396],[28.09672,-26.01412]]}},{"type":"Feature","properties":{"id":"relation/3170386","name":"Midrand - Sunninghill (Gautrain M3)","network":"Gautrain Bus"},"geometry":{"type":"LineString","coordinates":[[28.09672,-26.01412],[28.09655,-26.01415],[28.09621,-26.01422]]}},{"type":"Feature","properties":{"id":"relation/3170386","name":"Midrand - Sunninghill (Gautrain M3)","network":"Gautrain Bus"},"geometry":{"type":"LineString","coordinates":[[28.09621,-26.01422],[28.09608,-26.01425]]}},{"type":"Feature","properties":{"id":"relation/3170386","name":"Midrand - Sunninghill (Gautrain M3)","network":"Gautrain Bus"},"geometry":{"type":"LineString","coordinates":[[28.09608,-26.01425],[28.09595,-26.01428]]}},{"type":"Feature","properties":{"id":"relation/3170386","name":"Midrand - Sunninghill (Gautrain M3)","network":"Gautrain Bus"},"geometry":{"type":"LineString","coordinates":[[28.09595,-26.01428],[28.09578,-26.01432]]}},{"type":"Feature","properties":{"id":"relation/3170386","name":"Midrand - Sunninghill (Gautrain M3)","network":"Gautrain Bus"},"geometry":{"type":"LineString","coordinates":[[28.09578,-26.01432],[28.09554,-26.01439],[28.09537,-26.01445]]}},{"type":"Feature","properties":{"id":"relation/3170386","name":"Midrand - Sunninghill (Gautrain M3)","network":"Gautrain Bus"},"geometry":{"type":"LineString","coordinates":[[28.09537,-26.01445],[28.0951,-26.01456],[28.09474,-26.01473],[28.09438,-26.01493],[28.09407,-26.01513],[28.09379,-26.01533],[28.09354,-26.01555],[28.09333,-26.01575],[28.09313,-26.01596],[28.09295,-26.01617],[28.09272,-26.01648],[28.09257,-26.01671],[28.09242,-26.01697],[28.09229,-26.01726],[28.09217,-26.01754]]}},{"type":"Feature","properties":{"id":"relation/3170386","name":"Midrand - Sunninghill (Gautrain M3)","network":"Gautrain Bus"},"geometry":{"type":"LineString","coordinates":[[28.09217,-26.01754],[28.09171,-26.01853]]}},{"type":"Feature","properties":{"id":"relation/3170386","name":"Midrand - Sunninghill (Gautrain M3)","network":"Gautrain Bus"},"geometry":{"type":"LineString","coordinates":[[28.09171,-26.01853],[28.09156,-26.01882],[28.09128,-26.01935],[28.09112,-26.01957],[28.09096,-26.01977],[28.09062,-26.02014],[28.0904,-26.02034]]}},{"type":"Feature","properties":{"id":"relation/3170386","name":"Midrand - Sunninghill (Gautrain M3)","network":"Gautrain Bus"},"geometry":{"type":"LineString","coordinates":[[28.0904,-26.02034],[28.09023,-26.02046],[28.09006,-26.02059]]}},{"type":"Feature","properties":{"id":"relation/3170386","name":"Midrand - Sunninghill (Gautrain M3)","network":"Gautrain Bus"},"geometry":{"type":"LineString","coordinates":[[28.09006,-26.02059],[28.08994,-26.02068]]}},{"type":"Feature","properties":{"id":"relation/3170386","name":"Midrand - Sunninghill (Gautrain M3)","network":"Gautrain Bus"},"geometry":{"type":"LineString","coordinates":[[28.08994,-26.02068],[28.08984,-26.02075],[28.08972,-26.02083],[28.08949,-26.02096],[28.08876,-26.02135]]}},{"type":"Feature","properties":{"id":"relation/3170386","name":"Midrand - Sunninghill (Gautrain M3)","network":"Gautrain Bus"},"geometry":{"type":"LineString","coordinates":[[28.08876,-26.02135],[28.08839,-26.02153],[28.08803,-26.02168],[28.08773,-26.02185]]}},{"type":"Feature","properties":{"id":"relation/3170386","name":"Midrand - Sunninghill (Gautrain M3)","network":"Gautrain Bus"},"geometry":{"type":"LineString","coordinates":[[28.08766,-26.02174],[28.08815,-26.02149],[28.08869,-26.02122]]}},{"type":"Feature","properties":{"id":"relation/3170386","name":"Midrand - Sunninghill (Gautrain M3)","network":"Gautrain Bus"},"geometry":{"type":"LineString","coordinates":[[28.08869,-26.02122],[28.08943,-26.02085]]}},{"type":"Feature","properties":{"id":"relation/3170386","name":"Midrand - Sunninghill (Gautrain M3)","network":"Gautrain Bus"},"geometry":{"type":"LineString","coordinates":[[28.08943,-26.02085],[28.08984,-26.02059]]}},{"type":"Feature","properties":{"id":"relation/3170386","name":"Midrand - Sunninghill (Gautrain M3)","network":"Gautrain Bus"},"geometry":{"type":"LineString","coordinates":[[28.08984,-26.02059],[28.08997,-26.02051]]}},{"type":"Feature","properties":{"id":"relation/3170386","name":"Midrand - Sunninghill (Gautrain M3)","network":"Gautrain Bus"},"geometry":{"type":"LineString","coordinates":[[28.08997,-26.02051],[28.09028,-26.02027],[28.09037,-26.02019],[28.09052,-26.02005],[28.09065,-26.0199],[28.09084,-26.01969],[28.09103,-26.01943],[28.09121,-26.01916],[28.09131,-26.01896],[28.09142,-26.01875],[28.09156,-26.01846]]}},{"type":"Feature","properties":{"id":"relation/3170386","name":"Midrand - Sunninghill (Gautrain M3)","network":"Gautrain Bus"},"geometry":{"type":"LineString","coordinates":[[28.09156,-26.01846],[28.09201,-26.01749]]}},{"type":"Feature","properties":{"id":"relation/3170386","name":"Midrand - Sunninghill (Gautrain M3)","network":"Gautrain Bus"},"geometry":{"type":"LineString","coordinates":[[28.08773,-26.02185],[28.0876,-26.02191]]}},{"type":"Feature","properties":{"id":"relation/3170386","name":"Midrand - Sunninghill (Gautrain M3)","network":"Gautrain Bus"},"geometry":{"type":"LineString","coordinates":[[28.0876,-26.02191],[28.08707,-26.02219]]}},{"type":"Feature","properties":{"id":"relation/3170386","name":"Midrand - Sunninghill (Gautrain M3)","network":"Gautrain Bus"},"geometry":{"type":"LineString","coordinates":[[28.08707,-26.02219],[28.08628,-26.02258],[28.08619,-26.02263]]}},{"type":"Feature","properties":{"id":"relation/3170386","name":"Midrand - Sunninghill (Gautrain M3)","network":"Gautrain Bus"},"geometry":{"type":"LineString","coordinates":[[28.08619,-26.02263],[28.08559,-26.02297],[28.08526,-26.02315]]}},{"type":"Feature","properties":{"id":"relation/3170386","name":"Midrand - Sunninghill (Gautrain M3)","network":"Gautrain Bus"},"geometry":{"type":"LineString","coordinates":[[28.08526,-26.02315],[28.08499,-26.02333],[28.08474,-26.0235],[28.08453,-26.02364]]}},{"type":"Feature","properties":{"id":"relation/3170386","name":"Midrand - Sunninghill (Gautrain M3)","network":"Gautrain Bus"},"geometry":{"type":"LineString","coordinates":[[28.08453,-26.02364],[28.08406,-26.02403],[28.08371,-26.02443],[28.08363,-26.02455],[28.08357,-26.02469]]}},{"type":"Feature","properties":{"id":"relation/3170386","name":"Midrand - Sunninghill (Gautrain M3)","network":"Gautrain Bus"},"geometry":{"type":"LineString","coordinates":[[28.08357,-26.02469],[28.08358,-26.02475],[28.08356,-26.02482],[28.08354,-26.02486],[28.08347,-26.02492],[28.08338,-26.02495],[28.08334,-26.02495],[28.08327,-26.02494],[28.08322,-26.02492],[28.08318,-26.02489],[28.08315,-26.02485],[28.08312,-26.02479],[28.08312,-26.02473],[28.08314,-26.02466],[28.08315,-26.02465],[28.08321,-26.02458],[28.0833,-26.02455],[28.08332,-26.02454],[28.08337,-26.02454],[28.08344,-26.02456],[28.08349,-26.02459],[28.08354,-26.02463],[28.08357,-26.02469]]}},{"type":"Feature","properties":{"id":"relation/3170386","name":"Midrand - Sunninghill (Gautrain M3)","network":"Gautrain Bus"},"geometry":{"type":"LineString","coordinates":[[28.08337,-26.02454],[28.08346,-26.02449],[28.08353,-26.02442],[28.08361,-26.02434],[28.08379,-26.02415],[28.08425,-26.0237],[28.08446,-26.02352],[28.08471,-26.02334],[28.08515,-26.02303],[28.08615,-26.02246],[28.08683,-26.02216]]}},{"type":"Feature","properties":{"id":"relation/3170386","name":"Midrand - Sunninghill (Gautrain M3)","network":"Gautrain Bus"},"geometry":{"type":"LineString","coordinates":[[28.08683,-26.02216],[28.08722,-26.02196],[28.08753,-26.02181]]}},{"type":"Feature","properties":{"id":"relation/3170386","name":"Midrand - Sunninghill (Gautrain M3)","network":"Gautrain Bus"},"geometry":{"type":"LineString","coordinates":[[28.08753,-26.02181],[28.08766,-26.02174]]}},{"type":"Feature","properties":{"id":"relation/3170386","name":"Midrand - Sunninghill (Gautrain M3)","network":"Gautrain Bus"},"geometry":{"type":"LineString","coordinates":[[28.08327,-26.02494],[28.08292,-26.02538],[28.08263,-26.02581],[28.08241,-26.02613],[28.08228,-26.02635],[28.08223,-26.02644],[28.08204,-26.02674],[28.08189,-26.02706],[28.08164,-26.02767],[28.08126,-26.0288],[28.08117,-26.02908],[28.08109,-26.0294]]}},{"type":"Feature","properties":{"id":"relation/3170386","name":"Midrand - Sunninghill (Gautrain M3)","network":"Gautrain Bus"},"geometry":{"type":"LineString","coordinates":[[28.08109,-26.0294],[28.08097,-26.03008],[28.08095,-26.03019]]}},{"type":"Feature","properties":{"id":"relation/3170386","name":"Midrand - Sunninghill (Gautrain M3)","network":"Gautrain Bus"},"geometry":{"type":"LineString","coordinates":[[28.08095,-26.03019],[28.08092,-26.03036],[28.08078,-26.03124]]}},{"type":"Feature","properties":{"id":"relation/3170386","name":"Midrand - Sunninghill (Gautrain M3)","network":"Gautrain Bus"},"geometry":{"type":"LineString","coordinates":[[28.08078,-26.03124],[28.08069,-26.03176],[28.08067,-26.03188]]}},{"type":"Feature","properties":{"id":"relation/3170386","name":"Midrand - Sunninghill (Gautrain M3)","network":"Gautrain Bus"},"geometry":{"type":"LineString","coordinates":[[28.08067,-26.03188],[28.08065,-26.03205],[28.08051,-26.03287],[28.08047,-26.03314]]}},{"type":"Feature","properties":{"id":"relation/3170386","name":"Midrand - Sunninghill (Gautrain M3)","network":"Gautrain Bus"},"geometry":{"type":"LineString","coordinates":[[28.08047,-26.03314],[28.08041,-26.03354]]}},{"type":"Feature","properties":{"id":"relation/3170386","name":"Midrand - Sunninghill (Gautrain M3)","network":"Gautrain Bus"},"geometry":{"type":"LineString","coordinates":[[28.08039,-26.0339],[28.0804,-26.03411]]}},{"type":"Feature","properties":{"id":"relation/3170386","name":"Midrand - Sunninghill (Gautrain M3)","network":"Gautrain Bus"},"geometry":{"type":"LineString","coordinates":[[28.0804,-26.03411],[28.08041,-26.0342],[28.08042,-26.03447]]}},{"type":"Feature","properties":{"id":"relation/3170386","name":"Midrand - Sunninghill (Gautrain M3)","network":"Gautrain Bus"},"geometry":{"type":"LineString","coordinates":[[28.08042,-26.03447],[28.08046,-26.03486],[28.0805,-26.03612]]}},{"type":"Feature","properties":{"id":"relation/3170386","name":"Midrand - Sunninghill (Gautrain M3)","network":"Gautrain Bus"},"geometry":{"type":"LineString","coordinates":[[28.0805,-26.03612],[28.08053,-26.03655]]}},{"type":"Feature","properties":{"id":"relation/3170386","name":"Midrand - Sunninghill (Gautrain M3)","network":"Gautrain Bus"},"geometry":{"type":"LineString","coordinates":[[28.08053,-26.03655],[28.08053,-26.03672],[28.08058,-26.03734]]}},{"type":"Feature","properties":{"id":"relation/3170386","name":"Midrand - Sunninghill (Gautrain M3)","network":"Gautrain Bus"},"geometry":{"type":"LineString","coordinates":[[28.08058,-26.03734],[28.08059,-26.03748]]}},{"type":"Feature","properties":{"id":"relation/3170386","name":"Midrand - Sunninghill (Gautrain M3)","network":"Gautrain Bus"},"geometry":{"type":"LineString","coordinates":[[28.08059,-26.03748],[28.08062,-26.03787]]}},{"type":"Feature","properties":{"id":"relation/3170386","name":"Midrand - Sunninghill (Gautrain M3)","network":"Gautrain Bus"},"geometry":{"type":"LineString","coordinates":[[28.08062,-26.03787],[28.08063,-26.03796],[28.08064,-26.03808]]}},{"type":"Feature","properties":{"id":"relation/3170386","name":"Midrand - Sunninghill (Gautrain M3)","network":"Gautrain Bus"},"geometry":{"type":"LineString","coordinates":[[28.08064,-26.03808],[28.08065,-26.03815]]}},{"type":"Feature","properties":{"id":"relation/3170386","name":"Midrand - Sunninghill (Gautrain M3)","network":"Gautrain Bus"},"geometry":{"type":"LineString","coordinates":[[28.08065,-26.03815],[28.08067,-26.03841],[28.08068,-26.03854],[28.08071,-26.03875],[28.08076,-26.03893],[28.08078,-26.03904],[28.08084,-26.03918],[28.08095,-26.03944],[28.08105,-26.03962],[28.08119,-26.03983],[28.08133,-26.04001],[28.08151,-26.0402],[28.08174,-26.04042],[28.08203,-26.04061],[28.08228,-26.04075],[28.08262,-26.04089],[28.08292,-26.04098],[28.0832,-26.04104],[28.08348,-26.04108],[28.08394,-26.04115],[28.08447,-26.04122],[28.08514,-26.04132],[28.08538,-26.04136]]}},{"type":"Feature","properties":{"id":"relation/3170386","name":"Midrand - Sunninghill (Gautrain M3)","network":"Gautrain Bus"},"geometry":{"type":"LineString","coordinates":[[28.08538,-26.04136],[28.08567,-26.0414]]}},{"type":"Feature","properties":{"id":"relation/3170386","name":"Midrand - Sunninghill (Gautrain M3)","network":"Gautrain Bus"},"geometry":{"type":"LineString","coordinates":[[28.08567,-26.0414],[28.08588,-26.04143],[28.08599,-26.04144]]}},{"type":"Feature","properties":{"id":"relation/3170386","name":"Midrand - Sunninghill (Gautrain M3)","network":"Gautrain Bus"},"geometry":{"type":"LineString","coordinates":[[28.08599,-26.04144],[28.08613,-26.04147]]}},{"type":"Feature","properties":{"id":"relation/3170386","name":"Midrand - Sunninghill (Gautrain M3)","network":"Gautrain Bus"},"geometry":{"type":"LineString","coordinates":[[28.08613,-26.04147],[28.08609,-26.04159]]}},{"type":"Feature","properties":{"id":"relation/3170386","name":"Midrand - Sunninghill (Gautrain M3)","network":"Gautrain Bus"},"geometry":{"type":"LineString","coordinates":[[28.08609,-26.04159],[28.08606,-26.04165],[28.08606,-26.04165],[28.08597,-26.04179],[28.08596,-26.04181],[28.08595,-26.04184],[28.08594,-26.04186],[28.08592,-26.04187],[28.0859,-26.04189],[28.08589,-26.04191],[28.08587,-26.04193],[28.08583,-26.04195]]}},{"type":"Feature","properties":{"id":"relation/3170386","name":"Midrand - Sunninghill (Gautrain M3)","network":"Gautrain Bus"},"geometry":{"type":"LineString","coordinates":[[28.08583,-26.04195],[28.0858,-26.04196],[28.08577,-26.04196],[28.08574,-26.04197],[28.08572,-26.04197],[28.08569,-26.04197],[28.08566,-26.04196],[28.08564,-26.04196],[28.08561,-26.04195],[28.08558,-26.04193],[28.0855,-26.04188]]}},{"type":"Feature","properties":{"id":"relation/3170386","name":"Midrand - Sunninghill (Gautrain M3)","network":"Gautrain Bus"},"geometry":{"type":"LineString","coordinates":[[28.0855,-26.04188],[28.08519,-26.04181],[28.08452,-26.04165],[28.08404,-26.04152],[28.08379,-26.04146],[28.08364,-26.04143],[28.08356,-26.04141],[28.08345,-26.04139],[28.08332,-26.04137],[28.08315,-26.04134],[28.08299,-26.04132],[28.0828,-26.0413],[28.08242,-26.04126],[28.082,-26.04123],[28.08022,-26.04107],[28.07991,-26.04104],[28.07968,-26.04102],[28.07953,-26.041],[28.07931,-26.04097],[28.07854,-26.04086],[28.07775,-26.04074],[28.07643,-26.04054],[28.07368,-26.04012],[28.07249,-26.0399],[28.07137,-26.03968]]}},{"type":"Feature","properties":{"id":"relation/3170386","name":"Midrand - Sunninghill (Gautrain M3)","network":"Gautrain Bus"},"geometry":{"type":"LineString","coordinates":[[28.07137,-26.03968],[28.07126,-26.03968]]}},{"type":"Feature","properties":{"id":"relation/3170386","name":"Midrand - Sunninghill (Gautrain M3)","network":"Gautrain Bus"},"geometry":{"type":"LineString","coordinates":[[28.07126,-26.03968],[28.07083,-26.03961]]}},{"type":"Feature","properties":{"id":"relation/3170386","name":"Midrand - Sunninghill (Gautrain M3)","network":"Gautrain Bus"},"geometry":{"type":"LineString","coordinates":[[28.07083,-26.03961],[28.07058,-26.03956],[28.07023,-26.03949],[28.07009,-26.03945],[28.06997,-26.03942]]}},{"type":"Feature","properties":{"id":"relation/3170386","name":"Midrand - Sunninghill (Gautrain M3)","network":"Gautrain Bus"},"geometry":{"type":"LineString","coordinates":[[28.06997,-26.03942],[28.06992,-26.03941]]}},{"type":"Feature","properties":{"id":"relation/3170386","name":"Midrand - Sunninghill (Gautrain M3)","network":"Gautrain Bus"},"geometry":{"type":"LineString","coordinates":[[28.06992,-26.03941],[28.06993,-26.03937]]}},{"type":"Feature","properties":{"id":"relation/3170386","name":"Midrand - Sunninghill (Gautrain M3)","network":"Gautrain Bus"},"geometry":{"type":"LineString","coordinates":[[28.06993,-26.03937],[28.06996,-26.03926],[28.06999,-26.03911],[28.07002,-26.03903]]}},{"type":"Feature","properties":{"id":"relation/3170386","name":"Midrand - Sunninghill (Gautrain M3)","network":"Gautrain Bus"},"geometry":{"type":"LineString","coordinates":[[28.07002,-26.03903],[28.07013,-26.03863]]}},{"type":"Feature","properties":{"id":"relation/3170386","name":"Midrand - Sunninghill (Gautrain M3)","network":"Gautrain Bus"},"geometry":{"type":"LineString","coordinates":[[28.07013,-26.03863],[28.07015,-26.03856],[28.07023,-26.03832]]}},{"type":"Feature","properties":{"id":"relation/3170386","name":"Midrand - Sunninghill (Gautrain M3)","network":"Gautrain Bus"},"geometry":{"type":"LineString","coordinates":[[28.07023,-26.03832],[28.07032,-26.03803]]}},{"type":"Feature","properties":{"id":"relation/3170386","name":"Midrand - Sunninghill (Gautrain M3)","network":"Gautrain Bus"},"geometry":{"type":"LineString","coordinates":[[28.07032,-26.03803],[28.07033,-26.03799]]}},{"type":"Feature","properties":{"id":"relation/3170386","name":"Midrand - Sunninghill (Gautrain M3)","network":"Gautrain Bus"},"geometry":{"type":"LineString","coordinates":[[28.07033,-26.03799],[28.0704,-26.03771]]}},{"type":"Feature","properties":{"id":"relation/3170386","name":"Midrand - Sunninghill (Gautrain M3)","network":"Gautrain Bus"},"geometry":{"type":"LineString","coordinates":[[28.0704,-26.03771],[28.07052,-26.03727]]}},{"type":"Feature","properties":{"id":"relation/3170386","name":"Midrand - Sunninghill (Gautrain M3)","network":"Gautrain Bus"},"geometry":{"type":"LineString","coordinates":[[28.07052,-26.03727],[28.07056,-26.03711]]}},{"type":"Feature","properties":{"id":"relation/3170386","name":"Midrand - Sunninghill (Gautrain M3)","network":"Gautrain Bus"},"geometry":{"type":"LineString","coordinates":[[28.07056,-26.03711],[28.07059,-26.03699]]}},{"type":"Feature","properties":{"id":"relation/3170386","name":"Midrand - Sunninghill (Gautrain M3)","network":"Gautrain Bus"},"geometry":{"type":"LineString","coordinates":[[28.07059,-26.03699],[28.07061,-26.03693],[28.07069,-26.03658]]}},{"type":"Feature","properties":{"id":"relation/3170386","name":"Midrand - Sunninghill (Gautrain M3)","network":"Gautrain Bus"},"geometry":{"type":"LineString","coordinates":[[28.07069,-26.03658],[28.07071,-26.03647],[28.07072,-26.03641],[28.07073,-26.03634],[28.07074,-26.03627]]}},{"type":"Feature","properties":{"id":"relation/3170386","name":"Midrand - Sunninghill (Gautrain M3)","network":"Gautrain Bus"},"geometry":{"type":"LineString","coordinates":[[28.07074,-26.03627],[28.07075,-26.03618],[28.07074,-26.03612],[28.07073,-26.03605],[28.07071,-26.036],[28.07068,-26.03593],[28.07062,-26.03586]]}},{"type":"Feature","properties":{"id":"relation/3170386","name":"Midrand - Sunninghill (Gautrain M3)","network":"Gautrain Bus"},"geometry":{"type":"LineString","coordinates":[[28.07062,-26.03586],[28.07046,-26.03569],[28.07035,-26.03557]]}},{"type":"Feature","properties":{"id":"relation/3170386","name":"Midrand - Sunninghill (Gautrain M3)","network":"Gautrain Bus"},"geometry":{"type":"LineString","coordinates":[[28.07035,-26.03557],[28.07004,-26.03531]]}},{"type":"Feature","properties":{"id":"relation/3170386","name":"Midrand - Sunninghill (Gautrain M3)","network":"Gautrain Bus"},"geometry":{"type":"LineString","coordinates":[[28.07004,-26.03531],[28.06996,-26.03523],[28.06984,-26.0351]]}},{"type":"Feature","properties":{"id":"relation/3170386","name":"Midrand - Sunninghill (Gautrain M3)","network":"Gautrain Bus"},"geometry":{"type":"LineString","coordinates":[[28.06984,-26.0351],[28.06958,-26.03484]]}},{"type":"Feature","properties":{"id":"relation/3170386","name":"Midrand - Sunninghill (Gautrain M3)","network":"Gautrain Bus"},"geometry":{"type":"LineString","coordinates":[[28.06958,-26.03484],[28.0695,-26.03477],[28.06944,-26.03472],[28.06938,-26.03466],[28.06934,-26.03462],[28.06931,-26.03458],[28.06928,-26.03454]]}},{"type":"Feature","properties":{"id":"relation/3170386","name":"Midrand - Sunninghill (Gautrain M3)","network":"Gautrain Bus"},"geometry":{"type":"LineString","coordinates":[[28.06928,-26.03454],[28.06926,-26.03448],[28.06923,-26.03439]]}},{"type":"Feature","properties":{"id":"relation/3170386","name":"Midrand - Sunninghill (Gautrain M3)","network":"Gautrain Bus"},"geometry":{"type":"LineString","coordinates":[[28.06931,-26.03438],[28.06923,-26.03439]]}},{"type":"Feature","properties":{"id":"relation/3170386","name":"Midrand - Sunninghill (Gautrain M3)","network":"Gautrain Bus"},"geometry":{"type":"LineString","coordinates":[[28.06931,-26.03438],[28.06932,-26.03442],[28.06933,-26.03446],[28.06935,-26.0345],[28.06938,-26.03455],[28.0694,-26.03459],[28.06943,-26.03462],[28.06947,-26.03466],[28.06961,-26.0348]]}},{"type":"Feature","properties":{"id":"relation/3170386","name":"Midrand - Sunninghill (Gautrain M3)","network":"Gautrain Bus"},"geometry":{"type":"LineString","coordinates":[[28.06961,-26.0348],[28.06982,-26.03498]]}},{"type":"Feature","properties":{"id":"relation/3170386","name":"Midrand - Sunninghill (Gautrain M3)","network":"Gautrain Bus"},"geometry":{"type":"LineString","coordinates":[[28.06982,-26.03498],[28.07003,-26.03518]]}},{"type":"Feature","properties":{"id":"relation/3170386","name":"Midrand - Sunninghill (Gautrain M3)","network":"Gautrain Bus"},"geometry":{"type":"LineString","coordinates":[[28.07003,-26.03518],[28.07011,-26.03526]]}},{"type":"Feature","properties":{"id":"relation/3170386","name":"Midrand - Sunninghill (Gautrain M3)","network":"Gautrain Bus"},"geometry":{"type":"LineString","coordinates":[[28.07011,-26.03526],[28.07041,-26.03553]]}},{"type":"Feature","properties":{"id":"relation/3170386","name":"Midrand - Sunninghill (Gautrain M3)","network":"Gautrain Bus"},"geometry":{"type":"LineString","coordinates":[[28.07041,-26.03553],[28.0705,-26.03561],[28.07061,-26.03571],[28.07068,-26.03579],[28.07072,-26.03583]]}},{"type":"Feature","properties":{"id":"relation/3170386","name":"Midrand - Sunninghill (Gautrain M3)","network":"Gautrain Bus"},"geometry":{"type":"LineString","coordinates":[[28.07072,-26.03583],[28.07074,-26.03587],[28.07076,-26.03592],[28.07079,-26.036],[28.0708,-26.03604],[28.07081,-26.03609]]}},{"type":"Feature","properties":{"id":"relation/3170386","name":"Midrand - Sunninghill (Gautrain M3)","network":"Gautrain Bus"},"geometry":{"type":"LineString","coordinates":[[28.07081,-26.03609],[28.07082,-26.03616],[28.07082,-26.0362],[28.07082,-26.03628],[28.0708,-26.03634],[28.07079,-26.03641],[28.07078,-26.03645],[28.07075,-26.03659]]}},{"type":"Feature","properties":{"id":"relation/3170386","name":"Midrand - Sunninghill (Gautrain M3)","network":"Gautrain Bus"},"geometry":{"type":"LineString","coordinates":[[28.07075,-26.03659],[28.07065,-26.03694],[28.07064,-26.037]]}},{"type":"Feature","properties":{"id":"relation/3170386","name":"Midrand - Sunninghill (Gautrain M3)","network":"Gautrain Bus"},"geometry":{"type":"LineString","coordinates":[[28.07064,-26.037],[28.07061,-26.03712]]}},{"type":"Feature","properties":{"id":"relation/3170386","name":"Midrand - Sunninghill (Gautrain M3)","network":"Gautrain Bus"},"geometry":{"type":"LineString","coordinates":[[28.06998,-26.03937],[28.06997,-26.03942]]}},{"type":"Feature","properties":{"id":"relation/3170386","name":"Midrand - Sunninghill (Gautrain M3)","network":"Gautrain Bus"},"geometry":{"type":"LineString","coordinates":[[28.07006,-26.03904],[28.06998,-26.03937]]}},{"type":"Feature","properties":{"id":"relation/3170386","name":"Midrand - Sunninghill (Gautrain M3)","network":"Gautrain Bus"},"geometry":{"type":"LineString","coordinates":[[28.07018,-26.03866],[28.07006,-26.03904]]}},{"type":"Feature","properties":{"id":"relation/3170386","name":"Midrand - Sunninghill (Gautrain M3)","network":"Gautrain Bus"},"geometry":{"type":"LineString","coordinates":[[28.07028,-26.03833],[28.07018,-26.03866]]}},{"type":"Feature","properties":{"id":"relation/3170386","name":"Midrand - Sunninghill (Gautrain M3)","network":"Gautrain Bus"},"geometry":{"type":"LineString","coordinates":[[28.07037,-26.03805],[28.07034,-26.03814],[28.07028,-26.03833]]}},{"type":"Feature","properties":{"id":"relation/3170386","name":"Midrand - Sunninghill (Gautrain M3)","network":"Gautrain Bus"},"geometry":{"type":"LineString","coordinates":[[28.07038,-26.038],[28.07037,-26.03805]]}},{"type":"Feature","properties":{"id":"relation/3170386","name":"Midrand - Sunninghill (Gautrain M3)","network":"Gautrain Bus"},"geometry":{"type":"LineString","coordinates":[[28.07048,-26.03766],[28.07038,-26.038]]}},{"type":"Feature","properties":{"id":"relation/3170386","name":"Midrand - Sunninghill (Gautrain M3)","network":"Gautrain Bus"},"geometry":{"type":"LineString","coordinates":[[28.07057,-26.03728],[28.07048,-26.03766]]}},{"type":"Feature","properties":{"id":"relation/3170386","name":"Midrand - Sunninghill (Gautrain M3)","network":"Gautrain Bus"},"geometry":{"type":"LineString","coordinates":[[28.07061,-26.03712],[28.07057,-26.03728]]}},{"type":"Feature","properties":{"id":"relation/3170386","name":"Midrand - Sunninghill (Gautrain M3)","network":"Gautrain Bus"},"geometry":{"type":"LineString","coordinates":[[28.08022,-26.03391],[28.08023,-26.0338],[28.08026,-26.03359]]}},{"type":"Feature","properties":{"id":"relation/3170386","name":"Midrand - Sunninghill (Gautrain M3)","network":"Gautrain Bus"},"geometry":{"type":"LineString","coordinates":[[28.08026,-26.03359],[28.08038,-26.03274],[28.08042,-26.03242]]}},{"type":"Feature","properties":{"id":"relation/3170386","name":"Midrand - Sunninghill (Gautrain M3)","network":"Gautrain Bus"},"geometry":{"type":"LineString","coordinates":[[28.08042,-26.03242],[28.08049,-26.03203],[28.08051,-26.0319]]}},{"type":"Feature","properties":{"id":"relation/3170386","name":"Midrand - Sunninghill (Gautrain M3)","network":"Gautrain Bus"},"geometry":{"type":"LineString","coordinates":[[28.08051,-26.0319],[28.08054,-26.03174],[28.0807,-26.03083]]}},{"type":"Feature","properties":{"id":"relation/3170386","name":"Midrand - Sunninghill (Gautrain M3)","network":"Gautrain Bus"},"geometry":{"type":"LineString","coordinates":[[28.0807,-26.03083],[28.08077,-26.03034],[28.0808,-26.03016]]}},{"type":"Feature","properties":{"id":"relation/3170386","name":"Midrand - Sunninghill (Gautrain M3)","network":"Gautrain Bus"},"geometry":{"type":"LineString","coordinates":[[28.0808,-26.03016],[28.08082,-26.03006],[28.08097,-26.02933],[28.08102,-26.0291],[28.08108,-26.02887],[28.08124,-26.02842],[28.08151,-26.0276],[28.08168,-26.02718],[28.08208,-26.02641],[28.08218,-26.02623],[28.08233,-26.02601],[28.08261,-26.02558],[28.08315,-26.02485]]}},{"type":"Feature","properties":{"id":"relation/3170386","name":"Midrand - Sunninghill (Gautrain M3)","network":"Gautrain Bus"},"geometry":{"type":"LineString","coordinates":[[28.06923,-26.03439],[28.06919,-26.03439],[28.06895,-26.03443]]}},{"type":"Feature","properties":{"id":"relation/3170386","name":"Midrand - Sunninghill (Gautrain M3)","network":"Gautrain Bus"},"geometry":{"type":"LineString","coordinates":[[28.06895,-26.03443],[28.06874,-26.03446],[28.06803,-26.03457],[28.0679,-26.03459]]}},{"type":"Feature","properties":{"id":"relation/3170386","name":"Midrand - Sunninghill (Gautrain M3)","network":"Gautrain Bus"},"geometry":{"type":"LineString","coordinates":[[28.0679,-26.03459],[28.06783,-26.03418],[28.06778,-26.03395],[28.06776,-26.03385],[28.06771,-26.03372],[28.06765,-26.03359],[28.06762,-26.03353],[28.06758,-26.03346],[28.06752,-26.03334],[28.06741,-26.0332],[28.06736,-26.03313],[28.06729,-26.03305],[28.0672,-26.03296],[28.06703,-26.03283],[28.06687,-26.03272],[28.06664,-26.03259],[28.06654,-26.03254],[28.06643,-26.03248],[28.06623,-26.03241],[28.06615,-26.03238],[28.06604,-26.03235],[28.0659,-26.03232],[28.06565,-26.03229]]}},{"type":"Feature","properties":{"id":"relation/3170386","name":"Midrand - Sunninghill (Gautrain M3)","network":"Gautrain Bus"},"geometry":{"type":"LineString","coordinates":[[28.06565,-26.03229],[28.06561,-26.03229],[28.06557,-26.03229],[28.06544,-26.03229],[28.06527,-26.03231],[28.06502,-26.03236],[28.06445,-26.03251],[28.06441,-26.03252]]}},{"type":"Feature","properties":{"id":"relation/3170386","name":"Midrand - Sunninghill (Gautrain M3)","network":"Gautrain Bus"},"geometry":{"type":"LineString","coordinates":[[28.06441,-26.03252],[28.06437,-26.03253],[28.06412,-26.03258]]}},{"type":"Feature","properties":{"id":"relation/3170386","name":"Midrand - Sunninghill (Gautrain M3)","network":"Gautrain Bus"},"geometry":{"type":"LineString","coordinates":[[28.06376,-26.03267],[28.06401,-26.0326],[28.06405,-26.03259],[28.06409,-26.03258],[28.06412,-26.03258]]}},{"type":"Feature","properties":{"id":"relation/3170386","name":"Midrand - Sunninghill (Gautrain M3)","network":"Gautrain Bus"},"geometry":{"type":"LineString","coordinates":[[28.06355,-26.03228],[28.06368,-26.03256],[28.06376,-26.03267]]}},{"type":"Feature","properties":{"id":"relation/3170386","name":"Midrand - Sunninghill (Gautrain M3)","network":"Gautrain Bus"},"geometry":{"type":"LineString","coordinates":[[28.06342,-26.03205],[28.06355,-26.03228]]}},{"type":"Feature","properties":{"id":"relation/3170386","name":"Midrand - Sunninghill (Gautrain M3)","network":"Gautrain Bus"},"geometry":{"type":"LineString","coordinates":[[28.06335,-26.03192],[28.06342,-26.03205]]}},{"type":"Feature","properties":{"id":"relation/3170386","name":"Midrand - Sunninghill (Gautrain M3)","network":"Gautrain Bus"},"geometry":{"type":"LineString","coordinates":[[28.06325,-26.03176],[28.06335,-26.03192]]}},{"type":"Feature","properties":{"id":"relation/3170386","name":"Midrand - Sunninghill (Gautrain M3)","network":"Gautrain Bus"},"geometry":{"type":"LineString","coordinates":[[28.06271,-26.0308],[28.06281,-26.03089],[28.06287,-26.03097],[28.06294,-26.03105],[28.06299,-26.03115],[28.06305,-26.03128],[28.06309,-26.03138],[28.06313,-26.0315],[28.06316,-26.03158],[28.06321,-26.03168],[28.06325,-26.03176]]}},{"type":"Feature","properties":{"id":"relation/3170386","name":"Midrand - Sunninghill (Gautrain M3)","network":"Gautrain Bus"},"geometry":{"type":"LineString","coordinates":[[28.06234,-26.0306],[28.06246,-26.03066],[28.06259,-26.03073],[28.06271,-26.0308]]}},{"type":"Feature","properties":{"id":"relation/3170386","name":"Midrand - Sunninghill (Gautrain M3)","network":"Gautrain Bus"},"geometry":{"type":"LineString","coordinates":[[28.06156,-26.03053],[28.06173,-26.03053],[28.06205,-26.03054],[28.06216,-26.03055],[28.06219,-26.03056],[28.06225,-26.03057],[28.06234,-26.0306]]}},{"type":"Feature","properties":{"id":"relation/3170386","name":"Midrand - Sunninghill (Gautrain M3)","network":"Gautrain Bus"},"geometry":{"type":"LineString","coordinates":[[28.06095,-26.03051],[28.06156,-26.03053]]}},{"type":"Feature","properties":{"id":"relation/3170386","name":"Midrand - Sunninghill (Gautrain M3)","network":"Gautrain Bus"},"geometry":{"type":"LineString","coordinates":[[28.06079,-26.03051],[28.06095,-26.03051]]}},{"type":"Feature","properties":{"id":"relation/3170386","name":"Midrand - Sunninghill (Gautrain M3)","network":"Gautrain Bus"},"geometry":{"type":"LineString","coordinates":[[28.06079,-26.03051],[28.06086,-26.03032]]}},{"type":"Feature","properties":{"id":"relation/3170386","name":"Midrand - Sunninghill (Gautrain M3)","network":"Gautrain Bus"},"geometry":{"type":"LineString","coordinates":[[28.06086,-26.03032],[28.061,-26.02995]]}},{"type":"Feature","properties":{"id":"relation/3170386","name":"Midrand - Sunninghill (Gautrain M3)","network":"Gautrain Bus"},"geometry":{"type":"LineString","coordinates":[[28.061,-26.02995],[28.06126,-26.02918]]}},{"type":"Feature","properties":{"id":"relation/3170386","name":"Midrand - Sunninghill (Gautrain M3)","network":"Gautrain Bus"},"geometry":{"type":"LineString","coordinates":[[28.06126,-26.02918],[28.06143,-26.02873]]}},{"type":"Feature","properties":{"id":"relation/3170386","name":"Midrand - Sunninghill (Gautrain M3)","network":"Gautrain Bus"},"geometry":{"type":"LineString","coordinates":[[28.06143,-26.02873],[28.0615,-26.02852],[28.06155,-26.02837]]}},{"type":"Feature","properties":{"id":"relation/3170386","name":"Midrand - Sunninghill (Gautrain M3)","network":"Gautrain Bus"},"geometry":{"type":"LineString","coordinates":[[28.06155,-26.02837],[28.06158,-26.02829]]}},{"type":"Feature","properties":{"id":"relation/3170386","name":"Midrand - Sunninghill (Gautrain M3)","network":"Gautrain Bus"},"geometry":{"type":"LineString","coordinates":[[28.06158,-26.02829],[28.06167,-26.02804]]}},{"type":"Feature","properties":{"id":"relation/3170386","name":"Midrand - Sunninghill (Gautrain M3)","network":"Gautrain Bus"},"geometry":{"type":"LineString","coordinates":[[28.06167,-26.02804],[28.0617,-26.02797]]}},{"type":"Feature","properties":{"id":"relation/3170386","name":"Midrand - Sunninghill (Gautrain M3)","network":"Gautrain Bus"},"geometry":{"type":"LineString","coordinates":[[28.0617,-26.02797],[28.06181,-26.02767]]}},{"type":"Feature","properties":{"id":"relation/3170386","name":"Midrand - Sunninghill (Gautrain M3)","network":"Gautrain Bus"},"geometry":{"type":"LineString","coordinates":[[28.06181,-26.02767],[28.06197,-26.0273]]}},{"type":"Feature","properties":{"id":"relation/3170386","name":"Midrand - Sunninghill (Gautrain M3)","network":"Gautrain Bus"},"geometry":{"type":"LineString","coordinates":[[28.06197,-26.0273],[28.0622,-26.02659]]}},{"type":"Feature","properties":{"id":"relation/3170386","name":"Midrand - Sunninghill (Gautrain M3)","network":"Gautrain Bus"},"geometry":{"type":"LineString","coordinates":[[28.0622,-26.02659],[28.06233,-26.02611],[28.06237,-26.02594],[28.0624,-26.02576]]}},{"type":"Feature","properties":{"id":"relation/3170386","name":"Midrand - Sunninghill (Gautrain M3)","network":"Gautrain Bus"},"geometry":{"type":"LineString","coordinates":[[28.0624,-26.02576],[28.06246,-26.02531]]}},{"type":"Feature","properties":{"id":"relation/3170386","name":"Midrand - Sunninghill (Gautrain M3)","network":"Gautrain Bus"},"geometry":{"type":"LineString","coordinates":[[28.06167,-26.02804],[28.06183,-26.02812]]}},{"type":"Feature","properties":{"id":"relation/3170386","name":"Midrand - Sunninghill (Gautrain M3)","network":"Gautrain Bus"},"geometry":{"type":"LineString","coordinates":[[28.06183,-26.02812],[28.06192,-26.02816]]}},{"type":"Feature","properties":{"id":"relation/3170386","name":"Midrand - Sunninghill (Gautrain M3)","network":"Gautrain Bus"},"geometry":{"type":"LineString","coordinates":[[28.06192,-26.02816],[28.06218,-26.02826]]}},{"type":"Feature","properties":{"id":"relation/3170386","name":"Midrand - Sunninghill (Gautrain M3)","network":"Gautrain Bus"},"geometry":{"type":"LineString","coordinates":[[28.06218,-26.02826],[28.06276,-26.02852],[28.06386,-26.02902],[28.06627,-26.03013],[28.06808,-26.03092],[28.06853,-26.03113]]}},{"type":"Feature","properties":{"id":"relation/3170386","name":"Midrand - Sunninghill (Gautrain M3)","network":"Gautrain Bus"},"geometry":{"type":"LineString","coordinates":[[28.06853,-26.03113],[28.06958,-26.03161],[28.06966,-26.03164]]}},{"type":"Feature","properties":{"id":"relation/3170386","name":"Midrand - Sunninghill (Gautrain M3)","network":"Gautrain Bus"},"geometry":{"type":"LineString","coordinates":[[28.06966,-26.03164],[28.06977,-26.03169]]}},{"type":"Feature","properties":{"id":"relation/3170386","name":"Midrand - Sunninghill (Gautrain M3)","network":"Gautrain Bus"},"geometry":{"type":"LineString","coordinates":[[28.06977,-26.03169],[28.06985,-26.03172],[28.0703,-26.03193]]}},{"type":"Feature","properties":{"id":"relation/3170386","name":"Midrand - Sunninghill (Gautrain M3)","network":"Gautrain Bus"},"geometry":{"type":"LineString","coordinates":[[28.0703,-26.03193],[28.07096,-26.03221]]}},{"type":"Feature","properties":{"id":"relation/3170386","name":"Midrand - Sunninghill (Gautrain M3)","network":"Gautrain Bus"},"geometry":{"type":"LineString","coordinates":[[28.07096,-26.03221],[28.0733,-26.03326],[28.07356,-26.03337],[28.07385,-26.03347],[28.07423,-26.0336],[28.0745,-26.03368],[28.07488,-26.03378],[28.07526,-26.03386],[28.07569,-26.03393],[28.07605,-26.03398],[28.07629,-26.034],[28.07665,-26.03403],[28.07692,-26.03403],[28.0772,-26.03403],[28.07773,-26.03402],[28.07812,-26.034],[28.0793,-26.03394]]}},{"type":"Feature","properties":{"id":"relation/3170386","name":"Midrand - Sunninghill (Gautrain M3)","network":"Gautrain Bus"},"geometry":{"type":"LineString","coordinates":[[28.0793,-26.03394],[28.07977,-26.03392]]}},{"type":"Feature","properties":{"id":"relation/3170386","name":"Midrand - Sunninghill (Gautrain M3)","network":"Gautrain Bus"},"geometry":{"type":"LineString","coordinates":[[28.07977,-26.03392],[28.08015,-26.03391],[28.08022,-26.03391]]}},{"type":"Feature","properties":{"id":"relation/3170386","name":"Midrand - Sunninghill (Gautrain M3)","network":"Gautrain Bus"},"geometry":{"type":"LineString","coordinates":[[28.13081,-25.99716],[28.13096,-25.99709]]}},{"type":"Feature","properties":{"id":"relation/3170386","name":"Midrand - Sunninghill (Gautrain M3)","network":"Gautrain Bus"},"geometry":{"type":"LineString","coordinates":[[28.13096,-25.99709],[28.13102,-25.99707]]}},{"type":"Feature","properties":{"id":"relation/3170386","name":"Midrand - Sunninghill (Gautrain M3)","network":"Gautrain Bus"},"geometry":{"type":"LineString","coordinates":[[28.13102,-25.99707],[28.13146,-25.99685],[28.13276,-25.99628],[28.13354,-25.99595],[28.13418,-25.99566]]}},{"type":"Feature","properties":{"id":"relation/3170386","name":"Midrand - Sunninghill (Gautrain M3)","network":"Gautrain Bus"},"geometry":{"type":"LineString","coordinates":[[28.13418,-25.99566],[28.13453,-25.9955]]}},{"type":"Feature","properties":{"id":"relation/3170386","name":"Midrand - Sunninghill (Gautrain M3)","network":"Gautrain Bus"},"geometry":{"type":"LineString","coordinates":[[28.13453,-25.9955],[28.13461,-25.99547]]}},{"type":"Feature","properties":{"id":"relation/3170386","name":"Midrand - Sunninghill (Gautrain M3)","network":"Gautrain Bus"},"geometry":{"type":"LineString","coordinates":[[28.13461,-25.99547],[28.13473,-25.99542]]}},{"type":"Feature","properties":{"id":"relation/3170386","name":"Midrand - Sunninghill (Gautrain M3)","network":"Gautrain Bus"},"geometry":{"type":"LineString","coordinates":[[28.13473,-25.99542],[28.1348,-25.99539]]}},{"type":"Feature","properties":{"id":"relation/3170386","name":"Midrand - Sunninghill (Gautrain M3)","network":"Gautrain Bus"},"geometry":{"type":"LineString","coordinates":[[28.1348,-25.99539],[28.135,-25.99531]]}},{"type":"Feature","properties":{"id":"relation/3170386","name":"Midrand - Sunninghill (Gautrain M3)","network":"Gautrain Bus"},"geometry":{"type":"LineString","coordinates":[[28.135,-25.99531],[28.1353,-25.99518],[28.13628,-25.99474],[28.1364,-25.9947],[28.13655,-25.99469],[28.13666,-25.99472],[28.13676,-25.9948],[28.13684,-25.99492],[28.13709,-25.99543],[28.1371,-25.9955],[28.13709,-25.99556],[28.13707,-25.99562],[28.13703,-25.99568],[28.13697,-25.99573],[28.13679,-25.99581],[28.13659,-25.99588],[28.13635,-25.99599],[28.13626,-25.99602],[28.13618,-25.99605]]}},{"type":"Feature","properties":{"id":"relation/3170386","name":"Midrand - Sunninghill (Gautrain M3)","network":"Gautrain Bus"},"geometry":{"type":"LineString","coordinates":[[28.13618,-25.99605],[28.13613,-25.99596]]}},{"type":"Feature","properties":{"id":"relation/3170386","name":"Midrand - Sunninghill (Gautrain M3)","network":"Gautrain Bus"},"geometry":{"type":"LineString","coordinates":[[28.13613,-25.99596],[28.1363,-25.9959]]}},{"type":"Feature","properties":{"id":"relation/3170386","name":"Midrand - Sunninghill (Gautrain M3)","network":"Gautrain Bus"},"geometry":{"type":"LineString","coordinates":[[28.13635,-25.99599],[28.1363,-25.9959],[28.13626,-25.99581],[28.13622,-25.99574],[28.13617,-25.99563],[28.13614,-25.99557],[28.13612,-25.99553]]}},{"type":"Feature","properties":{"id":"relation/3170386","name":"Midrand - Sunninghill (Gautrain M3)","network":"Gautrain Bus"},"geometry":{"type":"LineString","coordinates":[[28.13612,-25.99553],[28.13617,-25.99548],[28.13646,-25.99535],[28.13655,-25.99536]]}},{"type":"Feature","properties":{"id":"relation/3170386","name":"Midrand - Sunninghill (Gautrain M3)","network":"Gautrain Bus"},"geometry":{"type":"LineString","coordinates":[[28.11717,-26.00561],[28.11726,-26.0057],[28.11913,-26.00775]]}},{"type":"Feature","properties":{"id":"relation/3170386","name":"Midrand - Sunninghill (Gautrain M3)","network":"Gautrain Bus"},"geometry":{"type":"LineString","coordinates":[[28.11957,-26.00816],[28.11981,-26.00835],[28.12004,-26.00853],[28.12039,-26.00879]]}},{"type":"Feature","properties":{"id":"relation/3170386","name":"Midrand - Sunninghill (Gautrain M3)","network":"Gautrain Bus"},"geometry":{"type":"LineString","coordinates":[[28.12039,-26.00879],[28.12057,-26.00891]]}},{"type":"Feature","properties":{"id":"relation/3170386","name":"Midrand - Sunninghill (Gautrain M3)","network":"Gautrain Bus"},"geometry":{"type":"LineString","coordinates":[[28.11913,-26.00775],[28.11957,-26.00816]]}},{"type":"Feature","properties":{"id":"relation/3170386","name":"Midrand - Sunninghill (Gautrain M3)","network":"Gautrain Bus"},"geometry":{"type":"LineString","coordinates":[[28.10934,-26.01985],[28.10922,-26.01982],[28.10909,-26.01975],[28.10884,-26.01959]]}},{"type":"Feature","properties":{"id":"relation/3170386","name":"Midrand - Sunninghill (Gautrain M3)","network":"Gautrain Bus"},"geometry":{"type":"LineString","coordinates":[[28.10884,-26.01959],[28.10874,-26.01952]]}},{"type":"Feature","properties":{"id":"relation/3170386","name":"Midrand - Sunninghill (Gautrain M3)","network":"Gautrain Bus"},"geometry":{"type":"LineString","coordinates":[[28.10874,-26.01952],[28.10812,-26.01906],[28.10775,-26.01878],[28.1075,-26.01861],[28.10743,-26.01855],[28.10732,-26.01847],[28.1072,-26.01838],[28.10696,-26.01823],[28.10654,-26.01799],[28.1059,-26.01758]]}},{"type":"Feature","properties":{"id":"relation/3170386","name":"Midrand - Sunninghill (Gautrain M3)","network":"Gautrain Bus"},"geometry":{"type":"LineString","coordinates":[[28.1059,-26.01758],[28.10573,-26.01749],[28.10528,-26.01722],[28.10505,-26.01709]]}},{"type":"Feature","properties":{"id":"relation/3170386","name":"Midrand - Sunninghill (Gautrain M3)","network":"Gautrain Bus"},"geometry":{"type":"LineString","coordinates":[[28.10505,-26.01709],[28.10482,-26.01695],[28.10427,-26.0166]]}},{"type":"Feature","properties":{"id":"relation/3170386","name":"Midrand - Sunninghill (Gautrain M3)","network":"Gautrain Bus"},"geometry":{"type":"LineString","coordinates":[[28.10427,-26.0166],[28.10405,-26.01647],[28.10372,-26.01628]]}},{"type":"Feature","properties":{"id":"relation/3170386","name":"Midrand - Sunninghill (Gautrain M3)","network":"Gautrain Bus"},"geometry":{"type":"LineString","coordinates":[[28.10372,-26.01628],[28.10363,-26.01624]]}},{"type":"Feature","properties":{"id":"relation/3170386","name":"Midrand - Sunninghill (Gautrain M3)","network":"Gautrain Bus"},"geometry":{"type":"LineString","coordinates":[[28.10363,-26.01624],[28.10348,-26.01617]]}},{"type":"Feature","properties":{"id":"relation/3170386","name":"Midrand - Sunninghill (Gautrain M3)","network":"Gautrain Bus"},"geometry":{"type":"LineString","coordinates":[[28.10348,-26.01617],[28.10338,-26.01613]]}},{"type":"Feature","properties":{"id":"relation/3170386","name":"Midrand - Sunninghill (Gautrain M3)","network":"Gautrain Bus"},"geometry":{"type":"LineString","coordinates":[[28.10338,-26.01613],[28.10241,-26.01568],[28.10232,-26.01564]]}},{"type":"Feature","properties":{"id":"relation/3170386","name":"Midrand - Sunninghill (Gautrain M3)","network":"Gautrain Bus"},"geometry":{"type":"LineString","coordinates":[[28.10232,-26.01564],[28.10228,-26.01562],[28.10222,-26.01559],[28.10208,-26.01552],[28.10132,-26.01518],[28.10051,-26.01481]]}},{"type":"Feature","properties":{"id":"relation/3170386","name":"Midrand - Sunninghill (Gautrain M3)","network":"Gautrain Bus"},"geometry":{"type":"LineString","coordinates":[[28.10051,-26.01481],[28.10039,-26.01476]]}},{"type":"Feature","properties":{"id":"relation/3170386","name":"Midrand - Sunninghill (Gautrain M3)","network":"Gautrain Bus"},"geometry":{"type":"LineString","coordinates":[[28.10039,-26.01476],[28.10023,-26.01469],[28.10018,-26.01467],[28.09996,-26.01457],[28.09988,-26.01452],[28.09982,-26.01449],[28.09971,-26.0144],[28.09964,-26.01429],[28.09942,-26.01393]]}},{"type":"Feature","properties":{"id":"relation/3170386","name":"Midrand - Sunninghill (Gautrain M3)","network":"Gautrain Bus"},"geometry":{"type":"LineString","coordinates":[[28.09942,-26.01393],[28.09932,-26.01376]]}},{"type":"Feature","properties":{"id":"relation/3170386","name":"Midrand - Sunninghill (Gautrain M3)","network":"Gautrain Bus"},"geometry":{"type":"LineString","coordinates":[[28.09932,-26.01376],[28.09925,-26.01365]]}},{"type":"Feature","properties":{"id":"relation/3170386","name":"Midrand - Sunninghill (Gautrain M3)","network":"Gautrain Bus"},"geometry":{"type":"LineString","coordinates":[[28.10595,-26.0175],[28.10664,-26.01791]]}},{"type":"Feature","properties":{"id":"relation/3170386","name":"Midrand - Sunninghill (Gautrain M3)","network":"Gautrain Bus"},"geometry":{"type":"LineString","coordinates":[[28.10664,-26.01791],[28.10728,-26.01829],[28.10739,-26.01838]]}},{"type":"Feature","properties":{"id":"relation/3170386","name":"Midrand - Sunninghill (Gautrain M3)","network":"Gautrain Bus"},"geometry":{"type":"LineString","coordinates":[[28.10739,-26.01838],[28.10751,-26.01846]]}},{"type":"Feature","properties":{"id":"relation/3170386","name":"Midrand - Sunninghill (Gautrain M3)","network":"Gautrain Bus"},"geometry":{"type":"LineString","coordinates":[[28.10751,-26.01846],[28.10759,-26.01852],[28.10861,-26.01926],[28.10883,-26.01942]]}},{"type":"Feature","properties":{"id":"relation/3170386","name":"Midrand - Sunninghill (Gautrain M3)","network":"Gautrain Bus"},"geometry":{"type":"LineString","coordinates":[[28.10883,-26.01942],[28.10893,-26.01949]]}},{"type":"Feature","properties":{"id":"relation/3170386","name":"Midrand - Sunninghill (Gautrain M3)","network":"Gautrain Bus"},"geometry":{"type":"LineString","coordinates":[[28.10893,-26.01949],[28.1091,-26.01962],[28.10934,-26.01985]]}},{"type":"Feature","properties":{"id":"relation/3170386","name":"Midrand - Sunninghill (Gautrain M3)","network":"Gautrain Bus"},"geometry":{"type":"LineString","coordinates":[[28.1051,-26.01698],[28.10595,-26.0175]]}},{"type":"Feature","properties":{"id":"relation/3170386","name":"Midrand - Sunninghill (Gautrain M3)","network":"Gautrain Bus"},"geometry":{"type":"LineString","coordinates":[[28.0994,-26.0136],[28.09947,-26.01372]]}},{"type":"Feature","properties":{"id":"relation/3170386","name":"Midrand - Sunninghill (Gautrain M3)","network":"Gautrain Bus"},"geometry":{"type":"LineString","coordinates":[[28.09947,-26.01372],[28.09952,-26.01381],[28.09957,-26.01391],[28.09969,-26.01412],[28.09979,-26.01428],[28.09984,-26.01434],[28.0999,-26.0144],[28.09998,-26.01445],[28.10029,-26.01459]]}},{"type":"Feature","properties":{"id":"relation/3170386","name":"Midrand - Sunninghill (Gautrain M3)","network":"Gautrain Bus"},"geometry":{"type":"LineString","coordinates":[[28.10029,-26.01459],[28.10046,-26.01465]]}},{"type":"Feature","properties":{"id":"relation/3170386","name":"Midrand - Sunninghill (Gautrain M3)","network":"Gautrain Bus"},"geometry":{"type":"LineString","coordinates":[[28.10046,-26.01465],[28.10057,-26.01471]]}},{"type":"Feature","properties":{"id":"relation/3170386","name":"Midrand - Sunninghill (Gautrain M3)","network":"Gautrain Bus"},"geometry":{"type":"LineString","coordinates":[[28.10057,-26.01471],[28.10114,-26.01496],[28.10138,-26.01506],[28.10184,-26.01527],[28.10213,-26.01541],[28.10228,-26.01548],[28.10239,-26.01554]]}},{"type":"Feature","properties":{"id":"relation/3170386","name":"Midrand - Sunninghill (Gautrain M3)","network":"Gautrain Bus"},"geometry":{"type":"LineString","coordinates":[[28.10239,-26.01554],[28.10246,-26.01557],[28.10278,-26.01572]]}},{"type":"Feature","properties":{"id":"relation/3170386","name":"Midrand - Sunninghill (Gautrain M3)","network":"Gautrain Bus"},"geometry":{"type":"LineString","coordinates":[[28.10278,-26.01572],[28.10344,-26.01603]]}},{"type":"Feature","properties":{"id":"relation/3170386","name":"Midrand - Sunninghill (Gautrain M3)","network":"Gautrain Bus"},"geometry":{"type":"LineString","coordinates":[[28.10344,-26.01603],[28.10354,-26.01608]]}},{"type":"Feature","properties":{"id":"relation/3170386","name":"Midrand - Sunninghill (Gautrain M3)","network":"Gautrain Bus"},"geometry":{"type":"LineString","coordinates":[[28.10354,-26.01608],[28.10359,-26.0161],[28.10369,-26.01615]]}},{"type":"Feature","properties":{"id":"relation/3170386","name":"Midrand - Sunninghill (Gautrain M3)","network":"Gautrain Bus"},"geometry":{"type":"LineString","coordinates":[[28.10369,-26.01615],[28.10378,-26.01619]]}},{"type":"Feature","properties":{"id":"relation/3170386","name":"Midrand - Sunninghill (Gautrain M3)","network":"Gautrain Bus"},"geometry":{"type":"LineString","coordinates":[[28.10378,-26.01619],[28.10409,-26.01637],[28.10448,-26.01661],[28.105,-26.01692],[28.1051,-26.01698]]}},{"type":"Feature","properties":{"id":"relation/3273510","name":"Pretoria - Groenkloof (Gautrain Bus)","network":"Gautrain Bus"},"geometry":{"type":"LineString","coordinates":[[28.19875,-25.76239],[28.1983,-25.76276],[28.19781,-25.76315],[28.19771,-25.76323],[28.19761,-25.76332],[28.19754,-25.7634],[28.19742,-25.76352],[28.19736,-25.7636],[28.19723,-25.76378],[28.19668,-25.76448],[28.19648,-25.76476],[28.19629,-25.76504],[28.19623,-25.76513],[28.19618,-25.76522],[28.19614,-25.76529],[28.19612,-25.76534],[28.19611,-25.76538],[28.19607,-25.76549],[28.19605,-25.76555],[28.19603,-25.76563],[28.19602,-25.76569],[28.196,-25.76582],[28.19599,-25.76588],[28.19599,-25.76594],[28.19601,-25.7662],[28.19601,-25.76628],[28.19605,-25.76653],[28.19607,-25.76664],[28.19611,-25.76685],[28.19613,-25.76696],[28.19618,-25.76716]]}},{"type":"Feature","properties":{"id":"relation/3273510","name":"Pretoria - Groenkloof (Gautrain Bus)","network":"Gautrain Bus"},"geometry":{"type":"LineString","coordinates":[[28.19618,-25.76716],[28.19624,-25.7674],[28.19627,-25.7675],[28.19633,-25.76766],[28.1964,-25.76781],[28.19646,-25.76791],[28.19655,-25.76806],[28.19674,-25.7683],[28.1976,-25.76927]]}},{"type":"Feature","properties":{"id":"relation/3273510","name":"Pretoria - Groenkloof (Gautrain Bus)","network":"Gautrain Bus"},"geometry":{"type":"LineString","coordinates":[[28.1976,-25.76927],[28.1985,-25.77014],[28.19887,-25.77058],[28.19901,-25.77076],[28.19909,-25.77087],[28.19914,-25.77094],[28.19924,-25.77109],[28.19936,-25.7713],[28.19949,-25.77154],[28.19956,-25.77167],[28.1996,-25.77176],[28.19964,-25.77188],[28.19967,-25.77198],[28.1997,-25.77206],[28.19971,-25.77213],[28.19973,-25.77225],[28.19974,-25.77238],[28.19974,-25.7725],[28.19972,-25.77263],[28.19971,-25.77278]]}},{"type":"Feature","properties":{"id":"relation/3273510","name":"Pretoria - Groenkloof (Gautrain Bus)","network":"Gautrain Bus"},"geometry":{"type":"LineString","coordinates":[[28.19971,-25.77278],[28.1997,-25.773],[28.19971,-25.77307],[28.19974,-25.77315],[28.19976,-25.7732],[28.19981,-25.77327],[28.19986,-25.77332],[28.19992,-25.77336],[28.2,-25.7734],[28.20012,-25.77345]]}},{"type":"Feature","properties":{"id":"relation/3273510","name":"Pretoria - Groenkloof (Gautrain Bus)","network":"Gautrain Bus"},"geometry":{"type":"LineString","coordinates":[[28.20012,-25.77345],[28.20023,-25.77345],[28.20035,-25.77346],[28.2005,-25.77345],[28.20079,-25.77343],[28.20156,-25.77333],[28.20221,-25.77323],[28.20255,-25.77318],[28.20283,-25.77313],[28.20328,-25.773],[28.20412,-25.77275],[28.20465,-25.77259],[28.20504,-25.77248],[28.20529,-25.7724],[28.20571,-25.77227],[28.20616,-25.77214],[28.20685,-25.77194]]}},{"type":"Feature","properties":{"id":"relation/3273510","name":"Pretoria - Groenkloof (Gautrain Bus)","network":"Gautrain Bus"},"geometry":{"type":"LineString","coordinates":[[28.20685,-25.77194],[28.20732,-25.77179],[28.20762,-25.7717]]}},{"type":"Feature","properties":{"id":"relation/3273510","name":"Pretoria - Groenkloof (Gautrain Bus)","network":"Gautrain Bus"},"geometry":{"type":"LineString","coordinates":[[28.20762,-25.7717],[28.20775,-25.77166],[28.20793,-25.77162],[28.2081,-25.77158],[28.20841,-25.77152],[28.20858,-25.77149],[28.20879,-25.77146]]}},{"type":"Feature","properties":{"id":"relation/3273510","name":"Pretoria - Groenkloof (Gautrain Bus)","network":"Gautrain Bus"},"geometry":{"type":"LineString","coordinates":[[28.20879,-25.77146],[28.20932,-25.77138],[28.20972,-25.77131]]}},{"type":"Feature","properties":{"id":"relation/3273510","name":"Pretoria - Groenkloof (Gautrain Bus)","network":"Gautrain Bus"},"geometry":{"type":"LineString","coordinates":[[28.20972,-25.77131],[28.21027,-25.77123]]}},{"type":"Feature","properties":{"id":"relation/3273510","name":"Pretoria - Groenkloof (Gautrain Bus)","network":"Gautrain Bus"},"geometry":{"type":"LineString","coordinates":[[28.21027,-25.77123],[28.21039,-25.77121],[28.21049,-25.7712],[28.21176,-25.77101],[28.21218,-25.77095],[28.21229,-25.77093],[28.21241,-25.77092],[28.21255,-25.7709],[28.21283,-25.77091]]}},{"type":"Feature","properties":{"id":"relation/3273510","name":"Pretoria - Groenkloof (Gautrain Bus)","network":"Gautrain Bus"},"geometry":{"type":"LineString","coordinates":[[28.21283,-25.77091],[28.21305,-25.77092],[28.21323,-25.77093]]}},{"type":"Feature","properties":{"id":"relation/3273510","name":"Pretoria - Groenkloof (Gautrain Bus)","network":"Gautrain Bus"},"geometry":{"type":"LineString","coordinates":[[28.21323,-25.77093],[28.21377,-25.771],[28.21386,-25.77101],[28.21392,-25.77101],[28.21397,-25.77101],[28.21402,-25.77101],[28.21407,-25.771],[28.21412,-25.77098],[28.21416,-25.77096],[28.21424,-25.7709],[28.21433,-25.77082]]}},{"type":"Feature","properties":{"id":"relation/3273510","name":"Pretoria - Groenkloof (Gautrain Bus)","network":"Gautrain Bus"},"geometry":{"type":"LineString","coordinates":[[28.21433,-25.77082],[28.21435,-25.77077],[28.21439,-25.77072],[28.21441,-25.7707],[28.21446,-25.77065],[28.21448,-25.77063],[28.2145,-25.77062],[28.2146,-25.77054],[28.21466,-25.7705],[28.21472,-25.77047],[28.21493,-25.77036],[28.21501,-25.77032],[28.21511,-25.77027],[28.21565,-25.77005]]}},{"type":"Feature","properties":{"id":"relation/3273510","name":"Pretoria - Groenkloof (Gautrain Bus)","network":"Gautrain Bus"},"geometry":{"type":"LineString","coordinates":[[28.21565,-25.77005],[28.21571,-25.77003]]}},{"type":"Feature","properties":{"id":"relation/3273510","name":"Pretoria - Groenkloof (Gautrain Bus)","network":"Gautrain Bus"},"geometry":{"type":"LineString","coordinates":[[28.21571,-25.77003],[28.21625,-25.76977],[28.21631,-25.76974],[28.2174,-25.76922],[28.21746,-25.76919],[28.21749,-25.76918],[28.21758,-25.76914],[28.21797,-25.76895],[28.21802,-25.76892],[28.21815,-25.76885],[28.21843,-25.76868],[28.21917,-25.76824]]}},{"type":"Feature","properties":{"id":"relation/3273510","name":"Pretoria - Groenkloof (Gautrain Bus)","network":"Gautrain Bus"},"geometry":{"type":"LineString","coordinates":[[28.21917,-25.76824],[28.2194,-25.76808],[28.21945,-25.76805],[28.2195,-25.76801],[28.21959,-25.76792]]}},{"type":"Feature","properties":{"id":"relation/3273510","name":"Pretoria - Groenkloof (Gautrain Bus)","network":"Gautrain Bus"},"geometry":{"type":"LineString","coordinates":[[28.21959,-25.76792],[28.2196,-25.7679],[28.21962,-25.76788],[28.21964,-25.76786],[28.21967,-25.76785],[28.2197,-25.76786]]}},{"type":"Feature","properties":{"id":"relation/3273510","name":"Pretoria - Groenkloof (Gautrain Bus)","network":"Gautrain Bus"},"geometry":{"type":"LineString","coordinates":[[28.2197,-25.76786],[28.21972,-25.76785],[28.21984,-25.76781],[28.21989,-25.76778],[28.22,-25.76772],[28.22017,-25.76761],[28.22065,-25.76731]]}},{"type":"Feature","properties":{"id":"relation/3273510","name":"Pretoria - Groenkloof (Gautrain Bus)","network":"Gautrain Bus"},"geometry":{"type":"LineString","coordinates":[[28.22065,-25.76731],[28.22093,-25.76712]]}},{"type":"Feature","properties":{"id":"relation/3273510","name":"Pretoria - Groenkloof (Gautrain Bus)","network":"Gautrain Bus"},"geometry":{"type":"LineString","coordinates":[[28.22093,-25.76712],[28.22121,-25.76696]]}},{"type":"Feature","properties":{"id":"relation/3273510","name":"Pretoria - Groenkloof (Gautrain Bus)","network":"Gautrain Bus"},"geometry":{"type":"LineString","coordinates":[[28.22121,-25.76696],[28.22141,-25.76683],[28.22153,-25.76675],[28.2216,-25.76669]]}},{"type":"Feature","properties":{"id":"relation/3273510","name":"Pretoria - Groenkloof (Gautrain Bus)","network":"Gautrain Bus"},"geometry":{"type":"LineString","coordinates":[[28.2216,-25.76669],[28.22165,-25.76666]]}},{"type":"Feature","properties":{"id":"relation/3273510","name":"Pretoria - Groenkloof (Gautrain Bus)","network":"Gautrain Bus"},"geometry":{"type":"LineString","coordinates":[[28.22165,-25.76666],[28.22169,-25.76675]]}},{"type":"Feature","properties":{"id":"relation/3273510","name":"Pretoria - Groenkloof (Gautrain Bus)","network":"Gautrain Bus"},"geometry":{"type":"LineString","coordinates":[[28.22169,-25.76675],[28.22195,-25.76734]]}},{"type":"Feature","properties":{"id":"relation/3273510","name":"Pretoria - Groenkloof (Gautrain Bus)","network":"Gautrain Bus"},"geometry":{"type":"LineString","coordinates":[[28.22195,-25.76734],[28.22206,-25.76761],[28.22207,-25.76768],[28.22208,-25.76775]]}},{"type":"Feature","properties":{"id":"relation/3273510","name":"Pretoria - Groenkloof (Gautrain Bus)","network":"Gautrain Bus"},"geometry":{"type":"LineString","coordinates":[[28.22223,-25.76807],[28.22208,-25.76775]]}},{"type":"Feature","properties":{"id":"relation/3273510","name":"Pretoria - Groenkloof (Gautrain Bus)","network":"Gautrain Bus"},"geometry":{"type":"LineString","coordinates":[[28.22283,-25.76952],[28.22223,-25.76807]]}},{"type":"Feature","properties":{"id":"relation/3273510","name":"Pretoria - Groenkloof (Gautrain Bus)","network":"Gautrain Bus"},"geometry":{"type":"LineString","coordinates":[[28.22285,-25.76956],[28.22283,-25.76952]]}},{"type":"Feature","properties":{"id":"relation/3273510","name":"Pretoria - Groenkloof (Gautrain Bus)","network":"Gautrain Bus"},"geometry":{"type":"LineString","coordinates":[[28.22341,-25.7711],[28.22337,-25.771],[28.22319,-25.77058],[28.22292,-25.76979],[28.22288,-25.7697],[28.22285,-25.7696],[28.22285,-25.76956]]}},{"type":"Feature","properties":{"id":"relation/3273510","name":"Pretoria - Groenkloof (Gautrain Bus)","network":"Gautrain Bus"},"geometry":{"type":"LineString","coordinates":[[28.22362,-25.7716],[28.22347,-25.77123],[28.22341,-25.7711]]}},{"type":"Feature","properties":{"id":"relation/3273510","name":"Pretoria - Groenkloof (Gautrain Bus)","network":"Gautrain Bus"},"geometry":{"type":"LineString","coordinates":[[28.22431,-25.77316],[28.22421,-25.77305],[28.22395,-25.77244],[28.22372,-25.77188],[28.22362,-25.7716]]}},{"type":"Feature","properties":{"id":"relation/3273510","name":"Pretoria - Groenkloof (Gautrain Bus)","network":"Gautrain Bus"},"geometry":{"type":"LineString","coordinates":[[28.22448,-25.77356],[28.22431,-25.77316]]}},{"type":"Feature","properties":{"id":"relation/3273510","name":"Pretoria - Groenkloof (Gautrain Bus)","network":"Gautrain Bus"},"geometry":{"type":"LineString","coordinates":[[28.22452,-25.77365],[28.22448,-25.77356]]}},{"type":"Feature","properties":{"id":"relation/3273510","name":"Pretoria - Groenkloof (Gautrain Bus)","network":"Gautrain Bus"},"geometry":{"type":"LineString","coordinates":[[28.22457,-25.77376],[28.22446,-25.77379],[28.22444,-25.7738],[28.2242,-25.77385],[28.22385,-25.77388]]}},{"type":"Feature","properties":{"id":"relation/3273510","name":"Pretoria - Groenkloof (Gautrain Bus)","network":"Gautrain Bus"},"geometry":{"type":"LineString","coordinates":[[28.22385,-25.77388],[28.22361,-25.77388],[28.22347,-25.77386],[28.22316,-25.77382]]}},{"type":"Feature","properties":{"id":"relation/3273510","name":"Pretoria - Groenkloof (Gautrain Bus)","network":"Gautrain Bus"},"geometry":{"type":"LineString","coordinates":[[28.22316,-25.77382],[28.22286,-25.77374],[28.22105,-25.77324],[28.2208,-25.77317],[28.21983,-25.7729],[28.21899,-25.77266]]}},{"type":"Feature","properties":{"id":"relation/3273510","name":"Pretoria - Groenkloof (Gautrain Bus)","network":"Gautrain Bus"},"geometry":{"type":"LineString","coordinates":[[28.21899,-25.77266],[28.21818,-25.77243]]}},{"type":"Feature","properties":{"id":"relation/3273510","name":"Pretoria - Groenkloof (Gautrain Bus)","network":"Gautrain Bus"},"geometry":{"type":"LineString","coordinates":[[28.21818,-25.77243],[28.21715,-25.77215]]}},{"type":"Feature","properties":{"id":"relation/3273510","name":"Pretoria - Groenkloof (Gautrain Bus)","network":"Gautrain Bus"},"geometry":{"type":"LineString","coordinates":[[28.21715,-25.77215],[28.21639,-25.77195]]}},{"type":"Feature","properties":{"id":"relation/3273510","name":"Pretoria - Groenkloof (Gautrain Bus)","network":"Gautrain Bus"},"geometry":{"type":"LineString","coordinates":[[28.21639,-25.77195],[28.21631,-25.77193],[28.21625,-25.77191],[28.21596,-25.77183],[28.21531,-25.77165]]}},{"type":"Feature","properties":{"id":"relation/3273510","name":"Pretoria - Groenkloof (Gautrain Bus)","network":"Gautrain Bus"},"geometry":{"type":"LineString","coordinates":[[28.21531,-25.77165],[28.2147,-25.77148]]}},{"type":"Feature","properties":{"id":"relation/3273510","name":"Pretoria - Groenkloof (Gautrain Bus)","network":"Gautrain Bus"},"geometry":{"type":"LineString","coordinates":[[28.2147,-25.77148],[28.21437,-25.77138],[28.21423,-25.77134]]}},{"type":"Feature","properties":{"id":"relation/3273510","name":"Pretoria - Groenkloof (Gautrain Bus)","network":"Gautrain Bus"},"geometry":{"type":"LineString","coordinates":[[28.21423,-25.77134],[28.21411,-25.77131],[28.21386,-25.77125],[28.21372,-25.77122],[28.21351,-25.77117],[28.21339,-25.77115],[28.21321,-25.77113]]}},{"type":"Feature","properties":{"id":"relation/3273510","name":"Pretoria - Groenkloof (Gautrain Bus)","network":"Gautrain Bus"},"geometry":{"type":"LineString","coordinates":[[28.21321,-25.77113],[28.21298,-25.77111],[28.21284,-25.77111],[28.21275,-25.7711],[28.21253,-25.77111],[28.21233,-25.77112],[28.21211,-25.77114]]}},{"type":"Feature","properties":{"id":"relation/3273510","name":"Pretoria - Groenkloof (Gautrain Bus)","network":"Gautrain Bus"},"geometry":{"type":"LineString","coordinates":[[28.21211,-25.77114],[28.21192,-25.77117],[28.21164,-25.77122],[28.21124,-25.77127]]}},{"type":"Feature","properties":{"id":"relation/3273510","name":"Pretoria - Groenkloof (Gautrain Bus)","network":"Gautrain Bus"},"geometry":{"type":"LineString","coordinates":[[28.21124,-25.77127],[28.21092,-25.77132],[28.21067,-25.77136],[28.21043,-25.7714],[28.2103,-25.77142]]}},{"type":"Feature","properties":{"id":"relation/3273510","name":"Pretoria - Groenkloof (Gautrain Bus)","network":"Gautrain Bus"},"geometry":{"type":"LineString","coordinates":[[28.2103,-25.77142],[28.2096,-25.77152],[28.20868,-25.77167],[28.20845,-25.7717],[28.20829,-25.77173],[28.20822,-25.77174],[28.20811,-25.77177],[28.20802,-25.77179],[28.20794,-25.77181],[28.20774,-25.77186],[28.20766,-25.77188],[28.2075,-25.77193],[28.20693,-25.7721]]}},{"type":"Feature","properties":{"id":"relation/3273510","name":"Pretoria - Groenkloof (Gautrain Bus)","network":"Gautrain Bus"},"geometry":{"type":"LineString","coordinates":[[28.20693,-25.7721],[28.20638,-25.77227],[28.20563,-25.77249],[28.20496,-25.7727],[28.20438,-25.77287],[28.20383,-25.77303],[28.20339,-25.77315],[28.20313,-25.77321],[28.20284,-25.77326],[28.2023,-25.77333],[28.20164,-25.77343]]}},{"type":"Feature","properties":{"id":"relation/3273510","name":"Pretoria - Groenkloof (Gautrain Bus)","network":"Gautrain Bus"},"geometry":{"type":"LineString","coordinates":[[28.20164,-25.77343],[28.20111,-25.77351],[28.20051,-25.77359],[28.20012,-25.77364],[28.19992,-25.77366],[28.19977,-25.7737],[28.19965,-25.77376],[28.19956,-25.77381],[28.19939,-25.77392]]}},{"type":"Feature","properties":{"id":"relation/3273510","name":"Pretoria - Groenkloof (Gautrain Bus)","network":"Gautrain Bus"},"geometry":{"type":"LineString","coordinates":[[28.19939,-25.77392],[28.19932,-25.77402],[28.19926,-25.77409],[28.19917,-25.77417]]}},{"type":"Feature","properties":{"id":"relation/3273510","name":"Pretoria - Groenkloof (Gautrain Bus)","network":"Gautrain Bus"},"geometry":{"type":"LineString","coordinates":[[28.19917,-25.77417],[28.19906,-25.77422]]}},{"type":"Feature","properties":{"id":"relation/3273510","name":"Pretoria - Groenkloof (Gautrain Bus)","network":"Gautrain Bus"},"geometry":{"type":"LineString","coordinates":[[28.19906,-25.77422],[28.19893,-25.77422],[28.19886,-25.77422],[28.19879,-25.77421],[28.19871,-25.77418],[28.19861,-25.77413],[28.19854,-25.77407],[28.19848,-25.77398]]}},{"type":"Feature","properties":{"id":"relation/3273510","name":"Pretoria - Groenkloof (Gautrain Bus)","network":"Gautrain Bus"},"geometry":{"type":"LineString","coordinates":[[28.19848,-25.77398],[28.19845,-25.77384],[28.19844,-25.77367],[28.19845,-25.77351],[28.19849,-25.77337],[28.19862,-25.77302]]}},{"type":"Feature","properties":{"id":"relation/3273510","name":"Pretoria - Groenkloof (Gautrain Bus)","network":"Gautrain Bus"},"geometry":{"type":"LineString","coordinates":[[28.19862,-25.77302],[28.1987,-25.77275],[28.19873,-25.77264],[28.19875,-25.77253],[28.19876,-25.7724],[28.19876,-25.77227],[28.19875,-25.77216],[28.19874,-25.77207],[28.19872,-25.77196],[28.19869,-25.77187],[28.19866,-25.77178],[28.19862,-25.77168],[28.19859,-25.7716],[28.19854,-25.77151],[28.19838,-25.7712]]}},{"type":"Feature","properties":{"id":"relation/3273510","name":"Pretoria - Groenkloof (Gautrain Bus)","network":"Gautrain Bus"},"geometry":{"type":"LineString","coordinates":[[28.19838,-25.7712],[28.19809,-25.77085],[28.19783,-25.77058],[28.19727,-25.7701],[28.19684,-25.76966],[28.19662,-25.76944]]}},{"type":"Feature","properties":{"id":"relation/3273510","name":"Pretoria - Groenkloof (Gautrain Bus)","network":"Gautrain Bus"},"geometry":{"type":"LineString","coordinates":[[28.19662,-25.76944],[28.1965,-25.76929],[28.19642,-25.76919],[28.19636,-25.76912],[28.19629,-25.76902],[28.19622,-25.76889],[28.19616,-25.76877],[28.19613,-25.76869],[28.19609,-25.76856]]}},{"type":"Feature","properties":{"id":"relation/3273510","name":"Pretoria - Groenkloof (Gautrain Bus)","network":"Gautrain Bus"},"geometry":{"type":"LineString","coordinates":[[28.19609,-25.76856],[28.19604,-25.76833],[28.19601,-25.76817],[28.19598,-25.76789],[28.19598,-25.76779],[28.19595,-25.76739],[28.19593,-25.7672]]}},{"type":"Feature","properties":{"id":"relation/3273510","name":"Pretoria - Groenkloof (Gautrain Bus)","network":"Gautrain Bus"},"geometry":{"type":"LineString","coordinates":[[28.19593,-25.7672],[28.19592,-25.76709],[28.19585,-25.7667],[28.19582,-25.76648],[28.1958,-25.76636],[28.19578,-25.76619],[28.19577,-25.766],[28.19579,-25.76586],[28.19581,-25.76571],[28.19584,-25.76556],[28.1959,-25.7654],[28.19595,-25.76526],[28.19602,-25.76513],[28.19609,-25.76501],[28.19619,-25.76486],[28.19637,-25.7646],[28.19662,-25.76424],[28.19675,-25.76405],[28.19687,-25.76389],[28.19696,-25.76376],[28.19705,-25.76365],[28.1971,-25.76359],[28.19715,-25.76354],[28.19722,-25.76347],[28.19731,-25.76339],[28.19744,-25.76328],[28.19768,-25.76311],[28.19784,-25.76297],[28.19803,-25.76283]]}},{"type":"Feature","properties":{"id":"relation/3273510","name":"Pretoria - Groenkloof (Gautrain Bus)","network":"Gautrain Bus"},"geometry":{"type":"LineString","coordinates":[[28.19803,-25.76283],[28.19858,-25.7624],[28.19869,-25.7623]]}},{"type":"Feature","properties":{"id":"relation/3273510","name":"Pretoria - Groenkloof (Gautrain Bus)","network":"Gautrain Bus"},"geometry":{"type":"LineString","coordinates":[[28.19869,-25.7623],[28.19875,-25.76239]]}},{"type":"Feature","properties":{"id":"relation/3273510","name":"Pretoria - Groenkloof (Gautrain Bus)","network":"Gautrain Bus"},"geometry":{"type":"LineString","coordinates":[[28.19875,-25.76239],[28.19887,-25.76265],[28.19888,-25.76268],[28.1989,-25.76271]]}},{"type":"Feature","properties":{"id":"relation/3273510","name":"Pretoria - Groenkloof (Gautrain Bus)","network":"Gautrain Bus"},"geometry":{"type":"LineString","coordinates":[[28.19497,-25.76203],[28.19512,-25.76206]]}},{"type":"Feature","properties":{"id":"relation/3273510","name":"Pretoria - Groenkloof (Gautrain Bus)","network":"Gautrain Bus"},"geometry":{"type":"LineString","coordinates":[[28.19512,-25.76206],[28.19544,-25.76212]]}},{"type":"Feature","properties":{"id":"relation/3273510","name":"Pretoria - Groenkloof (Gautrain Bus)","network":"Gautrain Bus"},"geometry":{"type":"LineString","coordinates":[[28.19544,-25.76212],[28.19549,-25.76214],[28.1958,-25.76219],[28.19601,-25.76221],[28.19631,-25.76226],[28.19684,-25.76233],[28.19694,-25.76233],[28.19699,-25.76233],[28.19704,-25.76232],[28.19712,-25.76231],[28.1972,-25.7623],[28.19725,-25.76228],[28.19789,-25.76208],[28.19802,-25.76205],[28.19809,-25.76204],[28.19814,-25.76203],[28.19819,-25.76203]]}},{"type":"Feature","properties":{"id":"relation/3273510","name":"Pretoria - Groenkloof (Gautrain Bus)","network":"Gautrain Bus"},"geometry":{"type":"LineString","coordinates":[[28.19819,-25.76203],[28.19822,-25.76203],[28.19824,-25.76203],[28.19827,-25.76204],[28.19828,-25.76204],[28.19832,-25.76205],[28.19835,-25.76206],[28.1984,-25.76208],[28.19845,-25.76211],[28.19851,-25.76215],[28.19857,-25.76219],[28.1986,-25.76221],[28.19864,-25.76224]]}},{"type":"Feature","properties":{"id":"relation/3273510","name":"Pretoria - Groenkloof (Gautrain Bus)","network":"Gautrain Bus"},"geometry":{"type":"LineString","coordinates":[[28.19864,-25.76224],[28.19869,-25.7623]]}},{"type":"Feature","properties":{"id":"relation/3273510","name":"Pretoria - Groenkloof (Gautrain Bus)","network":"Gautrain Bus"},"geometry":{"type":"LineString","coordinates":[[28.19497,-25.76203],[28.19498,-25.76132]]}},{"type":"Feature","properties":{"id":"relation/3273510","name":"Pretoria - Groenkloof (Gautrain Bus)","network":"Gautrain Bus"},"geometry":{"type":"LineString","coordinates":[[28.19498,-25.76132],[28.19496,-25.7612],[28.19494,-25.76107],[28.19491,-25.76093],[28.19487,-25.76077],[28.19482,-25.76062],[28.19474,-25.76044],[28.19466,-25.7603],[28.19448,-25.76008],[28.19433,-25.75994],[28.19412,-25.75972],[28.19403,-25.75962],[28.19395,-25.7595]]}},{"type":"Feature","properties":{"id":"relation/3273510","name":"Pretoria - Groenkloof (Gautrain Bus)","network":"Gautrain Bus"},"geometry":{"type":"LineString","coordinates":[[28.19395,-25.7595],[28.19383,-25.75932],[28.19376,-25.75917],[28.19373,-25.75908],[28.19371,-25.75902],[28.19363,-25.75852],[28.19357,-25.75775],[28.19356,-25.7575],[28.19357,-25.7573],[28.1936,-25.75714]]}},{"type":"Feature","properties":{"id":"relation/3273510","name":"Pretoria - Groenkloof (Gautrain Bus)","network":"Gautrain Bus"},"geometry":{"type":"LineString","coordinates":[[28.1936,-25.75714],[28.19371,-25.75679],[28.19377,-25.75647]]}},{"type":"Feature","properties":{"id":"relation/3273510","name":"Pretoria - Groenkloof (Gautrain Bus)","network":"Gautrain Bus"},"geometry":{"type":"LineString","coordinates":[[28.19377,-25.75647],[28.19366,-25.75645],[28.19354,-25.75644],[28.19339,-25.75644],[28.19253,-25.75648]]}},{"type":"Feature","properties":{"id":"relation/3273510","name":"Pretoria - Groenkloof (Gautrain Bus)","network":"Gautrain Bus"},"geometry":{"type":"LineString","coordinates":[[28.19253,-25.75648],[28.19168,-25.75655],[28.19137,-25.75657]]}},{"type":"Feature","properties":{"id":"relation/3273510","name":"Pretoria - Groenkloof (Gautrain Bus)","network":"Gautrain Bus"},"geometry":{"type":"LineString","coordinates":[[28.19137,-25.75657],[28.19139,-25.75682],[28.19142,-25.75716],[28.19144,-25.75733]]}},{"type":"Feature","properties":{"id":"relation/3273510","name":"Pretoria - Groenkloof (Gautrain Bus)","network":"Gautrain Bus"},"geometry":{"type":"LineString","coordinates":[[28.19144,-25.75733],[28.19149,-25.75801],[28.1915,-25.7581],[28.1916,-25.75865]]}},{"type":"Feature","properties":{"id":"relation/3273510","name":"Pretoria - Groenkloof (Gautrain Bus)","network":"Gautrain Bus"},"geometry":{"type":"LineString","coordinates":[[28.1916,-25.75865],[28.19166,-25.75888],[28.1918,-25.75941],[28.19182,-25.75944],[28.19188,-25.75963],[28.19202,-25.7601],[28.19211,-25.76038],[28.19214,-25.76044]]}},{"type":"Feature","properties":{"id":"relation/3273510","name":"Pretoria - Groenkloof (Gautrain Bus)","network":"Gautrain Bus"},"geometry":{"type":"LineString","coordinates":[[28.19214,-25.76044],[28.19217,-25.76051]]}},{"type":"Feature","properties":{"id":"relation/3273510","name":"Pretoria - Groenkloof (Gautrain Bus)","network":"Gautrain Bus"},"geometry":{"type":"LineString","coordinates":[[28.19217,-25.76051],[28.19209,-25.76055],[28.19204,-25.76057]]}},{"type":"Feature","properties":{"id":"relation/3273510","name":"Pretoria - Groenkloof (Gautrain Bus)","network":"Gautrain Bus"},"geometry":{"type":"LineString","coordinates":[[28.19204,-25.76057],[28.19193,-25.76059],[28.1919,-25.7606],[28.19168,-25.76066],[28.19159,-25.76067],[28.19153,-25.76066],[28.19148,-25.76064],[28.19144,-25.7606],[28.19139,-25.76054],[28.19128,-25.76036],[28.19048,-25.75931],[28.19045,-25.75924],[28.19044,-25.7592],[28.19044,-25.75917],[28.19045,-25.75914],[28.19047,-25.7591],[28.19055,-25.75902],[28.19056,-25.75898],[28.19057,-25.75895],[28.19055,-25.7589],[28.19052,-25.75886],[28.19013,-25.75836]]}},{"type":"Feature","properties":{"id":"relation/3273510","name":"Pretoria - Groenkloof (Gautrain Bus)","network":"Gautrain Bus"},"geometry":{"type":"LineString","coordinates":[[28.19013,-25.75836],[28.19005,-25.75823],[28.19005,-25.7582],[28.19005,-25.75817],[28.19007,-25.75814],[28.19009,-25.75812],[28.19019,-25.75804],[28.19028,-25.75797]]}},{"type":"Feature","properties":{"id":"relation/3273510","name":"Pretoria - Groenkloof (Gautrain Bus)","network":"Gautrain Bus"},"geometry":{"type":"LineString","coordinates":[[28.19028,-25.75797],[28.19048,-25.75797],[28.19059,-25.75799],[28.19072,-25.75801],[28.19101,-25.75805]]}},{"type":"Feature","properties":{"id":"relation/3273510","name":"Pretoria - Groenkloof (Gautrain Bus)","network":"Gautrain Bus"},"geometry":{"type":"LineString","coordinates":[[28.19101,-25.75805],[28.1912,-25.75811],[28.19133,-25.75817],[28.19138,-25.75821],[28.19144,-25.75825],[28.19152,-25.75838],[28.1916,-25.75865]]}},{"type":"Feature","properties":{"id":"relation/3273510","name":"Pretoria - Groenkloof (Gautrain Bus)","network":"Gautrain Bus"},"geometry":{"type":"LineString","coordinates":[[28.19217,-25.76051],[28.19225,-25.76062],[28.19239,-25.76081],[28.19242,-25.76084],[28.1925,-25.76092],[28.19269,-25.76105],[28.19345,-25.76141],[28.19405,-25.76171],[28.19435,-25.76183],[28.1945,-25.76189]]}},{"type":"Feature","properties":{"id":"relation/3273510","name":"Pretoria - Groenkloof (Gautrain Bus)","network":"Gautrain Bus"},"geometry":{"type":"LineString","coordinates":[[28.22285,-25.76956],[28.22288,-25.76959],[28.22292,-25.76968],[28.22295,-25.76974],[28.22316,-25.77021],[28.22322,-25.77036]]}},{"type":"Feature","properties":{"id":"relation/3273510","name":"Pretoria - Groenkloof (Gautrain Bus)","network":"Gautrain Bus"},"geometry":{"type":"LineString","coordinates":[[28.22322,-25.77036],[28.22347,-25.77097],[28.22351,-25.77107]]}},{"type":"Feature","properties":{"id":"relation/3273510","name":"Pretoria - Groenkloof (Gautrain Bus)","network":"Gautrain Bus"},"geometry":{"type":"LineString","coordinates":[[28.22351,-25.77107],[28.22356,-25.7712],[28.22358,-25.77125],[28.22368,-25.77149]]}},{"type":"Feature","properties":{"id":"relation/3273510","name":"Pretoria - Groenkloof (Gautrain Bus)","network":"Gautrain Bus"},"geometry":{"type":"LineString","coordinates":[[28.22368,-25.77149],[28.22374,-25.77163]]}},{"type":"Feature","properties":{"id":"relation/3273510","name":"Pretoria - Groenkloof (Gautrain Bus)","network":"Gautrain Bus"},"geometry":{"type":"LineString","coordinates":[[28.22374,-25.77163],[28.22404,-25.77235],[28.2241,-25.77246]]}},{"type":"Feature","properties":{"id":"relation/3273510","name":"Pretoria - Groenkloof (Gautrain Bus)","network":"Gautrain Bus"},"geometry":{"type":"LineString","coordinates":[[28.2241,-25.77246],[28.2243,-25.77301],[28.22431,-25.77316]]}},{"type":"Feature","properties":{"id":"relation/3278185","name":"Centurion - Techno Park (Gautrain C1)","network":"Gautrain Bus"},"geometry":{"type":"LineString","coordinates":[[28.19778,-25.88583],[28.19769,-25.88578],[28.19759,-25.8857],[28.19752,-25.88563],[28.1974,-25.88548],[28.19733,-25.88537],[28.19715,-25.88502],[28.19684,-25.88439],[28.19649,-25.88367],[28.19642,-25.88354],[28.19636,-25.88344],[28.1963,-25.88336],[28.19615,-25.88324],[28.19601,-25.88315],[28.19586,-25.88308],[28.19571,-25.88305],[28.19554,-25.88302],[28.19524,-25.88297],[28.19502,-25.88294]]}},{"type":"Feature","properties":{"id":"relation/3278185","name":"Centurion - Techno Park (Gautrain C1)","network":"Gautrain Bus"},"geometry":{"type":"LineString","coordinates":[[28.19502,-25.88294],[28.19504,-25.88273],[28.19504,-25.8821],[28.19505,-25.8812],[28.19506,-25.881],[28.19506,-25.88031],[28.19506,-25.88005],[28.19507,-25.87997],[28.19508,-25.87986],[28.1951,-25.87976],[28.19511,-25.87967],[28.19514,-25.87959],[28.19517,-25.87948],[28.1952,-25.87938],[28.19523,-25.8793],[28.19529,-25.87919],[28.19534,-25.8791],[28.19544,-25.87893],[28.19558,-25.87873],[28.19577,-25.8785],[28.19601,-25.87818],[28.19618,-25.87798],[28.19631,-25.87784],[28.19639,-25.87777],[28.19645,-25.87771],[28.19668,-25.87754],[28.19679,-25.87745],[28.19699,-25.8773],[28.19769,-25.87678],[28.19821,-25.87639],[28.1983,-25.87632],[28.19838,-25.87625],[28.19852,-25.87616],[28.19857,-25.87612]]}},{"type":"Feature","properties":{"id":"relation/3278185","name":"Centurion - Techno Park (Gautrain C1)","network":"Gautrain Bus"},"geometry":{"type":"LineString","coordinates":[[28.19857,-25.87612],[28.19867,-25.87599],[28.19869,-25.87593],[28.1987,-25.87587],[28.19869,-25.87575]]}},{"type":"Feature","properties":{"id":"relation/3278185","name":"Centurion - Techno Park (Gautrain C1)","network":"Gautrain Bus"},"geometry":{"type":"LineString","coordinates":[[28.19869,-25.87575],[28.19677,-25.87364],[28.19653,-25.87337],[28.19624,-25.87305],[28.19608,-25.87281],[28.19575,-25.87242]]}},{"type":"Feature","properties":{"id":"relation/3278185","name":"Centurion - Techno Park (Gautrain C1)","network":"Gautrain Bus"},"geometry":{"type":"LineString","coordinates":[[28.19575,-25.87242],[28.19568,-25.87235],[28.19555,-25.87221]]}},{"type":"Feature","properties":{"id":"relation/3278185","name":"Centurion - Techno Park (Gautrain C1)","network":"Gautrain Bus"},"geometry":{"type":"LineString","coordinates":[[28.19555,-25.87221],[28.19566,-25.87214]]}},{"type":"Feature","properties":{"id":"relation/3278185","name":"Centurion - Techno Park (Gautrain C1)","network":"Gautrain Bus"},"geometry":{"type":"LineString","coordinates":[[28.19566,-25.87214],[28.19574,-25.87207]]}},{"type":"Feature","properties":{"id":"relation/3278185","name":"Centurion - Techno Park (Gautrain C1)","network":"Gautrain Bus"},"geometry":{"type":"LineString","coordinates":[[28.19574,-25.87207],[28.19586,-25.87199],[28.19605,-25.87185],[28.19682,-25.87134],[28.19754,-25.87092],[28.19865,-25.87039]]}},{"type":"Feature","properties":{"id":"relation/3278185","name":"Centurion - Techno Park (Gautrain C1)","network":"Gautrain Bus"},"geometry":{"type":"LineString","coordinates":[[28.19865,-25.87039],[28.19859,-25.8703],[28.19846,-25.8701],[28.19833,-25.86993],[28.19821,-25.86981],[28.19784,-25.86961],[28.19753,-25.86944],[28.19728,-25.86925]]}},{"type":"Feature","properties":{"id":"relation/3278185","name":"Centurion - Techno Park (Gautrain C1)","network":"Gautrain Bus"},"geometry":{"type":"LineString","coordinates":[[28.19728,-25.86925],[28.19725,-25.86922],[28.19716,-25.86914],[28.19662,-25.86862],[28.19586,-25.86801]]}},{"type":"Feature","properties":{"id":"relation/3278185","name":"Centurion - Techno Park (Gautrain C1)","network":"Gautrain Bus"},"geometry":{"type":"LineString","coordinates":[[28.19586,-25.86801],[28.19544,-25.86771]]}},{"type":"Feature","properties":{"id":"relation/3278185","name":"Centurion - Techno Park (Gautrain C1)","network":"Gautrain Bus"},"geometry":{"type":"LineString","coordinates":[[28.19544,-25.86771],[28.19533,-25.86762],[28.19518,-25.8675]]}},{"type":"Feature","properties":{"id":"relation/3278185","name":"Centurion - Techno Park (Gautrain C1)","network":"Gautrain Bus"},"geometry":{"type":"LineString","coordinates":[[28.19518,-25.8675],[28.19509,-25.86743]]}},{"type":"Feature","properties":{"id":"relation/3278185","name":"Centurion - Techno Park (Gautrain C1)","network":"Gautrain Bus"},"geometry":{"type":"LineString","coordinates":[[28.19509,-25.86743],[28.19514,-25.86737],[28.19526,-25.86722],[28.19534,-25.86712],[28.19542,-25.86701],[28.19547,-25.86694],[28.19552,-25.86687],[28.19555,-25.86681],[28.19559,-25.86674],[28.19563,-25.86663],[28.19567,-25.86655],[28.19571,-25.86645],[28.19579,-25.86622],[28.19581,-25.86615],[28.19582,-25.86609],[28.19582,-25.86604],[28.19581,-25.86596]]}},{"type":"Feature","properties":{"id":"relation/3278185","name":"Centurion - Techno Park (Gautrain C1)","network":"Gautrain Bus"},"geometry":{"type":"LineString","coordinates":[[28.19581,-25.86596],[28.19578,-25.86588],[28.19576,-25.86584],[28.19548,-25.86535],[28.19541,-25.86521],[28.19526,-25.86495],[28.19488,-25.86431],[28.19484,-25.86424],[28.19476,-25.8641],[28.19472,-25.86403],[28.1947,-25.86399],[28.19466,-25.86389],[28.19464,-25.86383],[28.19461,-25.86374],[28.1946,-25.86369],[28.19459,-25.86363],[28.19458,-25.8635],[28.19458,-25.86336],[28.19458,-25.86331],[28.19459,-25.86311],[28.1946,-25.86306],[28.19461,-25.86298]]}},{"type":"Feature","properties":{"id":"relation/3278185","name":"Centurion - Techno Park (Gautrain C1)","network":"Gautrain Bus"},"geometry":{"type":"LineString","coordinates":[[28.19461,-25.86298],[28.19463,-25.86288]]}},{"type":"Feature","properties":{"id":"relation/3278185","name":"Centurion - Techno Park (Gautrain C1)","network":"Gautrain Bus"},"geometry":{"type":"LineString","coordinates":[[28.19463,-25.86288],[28.19466,-25.86279],[28.19481,-25.86248]]}},{"type":"Feature","properties":{"id":"relation/3278185","name":"Centurion - Techno Park (Gautrain C1)","network":"Gautrain Bus"},"geometry":{"type":"LineString","coordinates":[[28.19481,-25.86248],[28.19484,-25.86242],[28.19496,-25.86224]]}},{"type":"Feature","properties":{"id":"relation/3278185","name":"Centurion - Techno Park (Gautrain C1)","network":"Gautrain Bus"},"geometry":{"type":"LineString","coordinates":[[28.19496,-25.86224],[28.1951,-25.86208],[28.19524,-25.86196],[28.19534,-25.86188]]}},{"type":"Feature","properties":{"id":"relation/3278185","name":"Centurion - Techno Park (Gautrain C1)","network":"Gautrain Bus"},"geometry":{"type":"LineString","coordinates":[[28.19534,-25.86188],[28.1963,-25.86106]]}},{"type":"Feature","properties":{"id":"relation/3278185","name":"Centurion - Techno Park (Gautrain C1)","network":"Gautrain Bus"},"geometry":{"type":"LineString","coordinates":[[28.1963,-25.86106],[28.19651,-25.86087],[28.19661,-25.86077]]}},{"type":"Feature","properties":{"id":"relation/3278185","name":"Centurion - Techno Park (Gautrain C1)","network":"Gautrain Bus"},"geometry":{"type":"LineString","coordinates":[[28.19661,-25.86077],[28.19665,-25.86072],[28.19672,-25.86064],[28.19681,-25.86054],[28.19716,-25.86006]]}},{"type":"Feature","properties":{"id":"relation/3278185","name":"Centurion - Techno Park (Gautrain C1)","network":"Gautrain Bus"},"geometry":{"type":"LineString","coordinates":[[28.19716,-25.86006],[28.1972,-25.85999],[28.19722,-25.85993],[28.19724,-25.85988],[28.19725,-25.85982],[28.19726,-25.85975]]}},{"type":"Feature","properties":{"id":"relation/3278185","name":"Centurion - Techno Park (Gautrain C1)","network":"Gautrain Bus"},"geometry":{"type":"LineString","coordinates":[[28.19726,-25.85975],[28.19725,-25.8596],[28.19724,-25.85953],[28.19722,-25.85948],[28.19721,-25.85942],[28.19718,-25.85936],[28.19713,-25.85927],[28.19709,-25.85921],[28.19705,-25.85917],[28.19699,-25.8591],[28.19693,-25.85905],[28.19681,-25.85896],[28.19672,-25.8589],[28.19628,-25.85858],[28.19609,-25.85843],[28.19589,-25.85827],[28.19584,-25.85823],[28.19564,-25.85806],[28.19557,-25.85799],[28.19553,-25.85796],[28.19549,-25.85792],[28.19517,-25.85759],[28.195,-25.85741],[28.19493,-25.85734],[28.19477,-25.85716],[28.19458,-25.85695],[28.19435,-25.8567]]}},{"type":"Feature","properties":{"id":"relation/3278185","name":"Centurion - Techno Park (Gautrain C1)","network":"Gautrain Bus"},"geometry":{"type":"LineString","coordinates":[[28.19435,-25.8567],[28.19405,-25.85643],[28.19367,-25.85612],[28.1936,-25.85606]]}},{"type":"Feature","properties":{"id":"relation/3278185","name":"Centurion - Techno Park (Gautrain C1)","network":"Gautrain Bus"},"geometry":{"type":"LineString","coordinates":[[28.1936,-25.85606],[28.19282,-25.85543]]}},{"type":"Feature","properties":{"id":"relation/3278185","name":"Centurion - Techno Park (Gautrain C1)","network":"Gautrain Bus"},"geometry":{"type":"LineString","coordinates":[[28.19282,-25.85543],[28.19269,-25.85535]]}},{"type":"Feature","properties":{"id":"relation/3278185","name":"Centurion - Techno Park (Gautrain C1)","network":"Gautrain Bus"},"geometry":{"type":"LineString","coordinates":[[28.19269,-25.85535],[28.19198,-25.85482]]}},{"type":"Feature","properties":{"id":"relation/3278185","name":"Centurion - Techno Park (Gautrain C1)","network":"Gautrain Bus"},"geometry":{"type":"LineString","coordinates":[[28.19198,-25.85482],[28.19185,-25.85473],[28.19177,-25.85467],[28.19146,-25.85443],[28.19137,-25.85436],[28.19127,-25.85429]]}},{"type":"Feature","properties":{"id":"relation/3278185","name":"Centurion - Techno Park (Gautrain C1)","network":"Gautrain Bus"},"geometry":{"type":"LineString","coordinates":[[28.19127,-25.85429],[28.19086,-25.85399],[28.19066,-25.85385]]}},{"type":"Feature","properties":{"id":"relation/3278185","name":"Centurion - Techno Park (Gautrain C1)","network":"Gautrain Bus"},"geometry":{"type":"LineString","coordinates":[[28.19066,-25.85385],[28.19007,-25.85342],[28.18995,-25.85328],[28.18991,-25.85321],[28.18977,-25.85297]]}},{"type":"Feature","properties":{"id":"relation/3278185","name":"Centurion - Techno Park (Gautrain C1)","network":"Gautrain Bus"},"geometry":{"type":"LineString","coordinates":[[28.18977,-25.85297],[28.18941,-25.85242],[28.18934,-25.85231]]}},{"type":"Feature","properties":{"id":"relation/3278185","name":"Centurion - Techno Park (Gautrain C1)","network":"Gautrain Bus"},"geometry":{"type":"LineString","coordinates":[[28.18934,-25.85231],[28.18899,-25.85182]]}},{"type":"Feature","properties":{"id":"relation/3278185","name":"Centurion - Techno Park (Gautrain C1)","network":"Gautrain Bus"},"geometry":{"type":"LineString","coordinates":[[28.18899,-25.85182],[28.18896,-25.85177]]}},{"type":"Feature","properties":{"id":"relation/3278185","name":"Centurion - Techno Park (Gautrain C1)","network":"Gautrain Bus"},"geometry":{"type":"LineString","coordinates":[[28.18896,-25.85177],[28.18912,-25.85168]]}},{"type":"Feature","properties":{"id":"relation/3278185","name":"Centurion - Techno Park (Gautrain C1)","network":"Gautrain Bus"},"geometry":{"type":"LineString","coordinates":[[28.18912,-25.85168],[28.18926,-25.85153]]}},{"type":"Feature","properties":{"id":"relation/3278185","name":"Centurion - Techno Park (Gautrain C1)","network":"Gautrain Bus"},"geometry":{"type":"LineString","coordinates":[[28.18926,-25.85153],[28.18942,-25.85144]]}},{"type":"Feature","properties":{"id":"relation/3278185","name":"Centurion - Techno Park (Gautrain C1)","network":"Gautrain Bus"},"geometry":{"type":"LineString","coordinates":[[28.18942,-25.85144],[28.18951,-25.85139]]}},{"type":"Feature","properties":{"id":"relation/3278185","name":"Centurion - Techno Park (Gautrain C1)","network":"Gautrain Bus"},"geometry":{"type":"LineString","coordinates":[[28.18951,-25.85139],[28.18951,-25.85137],[28.1895,-25.85135],[28.18951,-25.85132],[28.18954,-25.85129],[28.18957,-25.85127],[28.1896,-25.85125],[28.18964,-25.85125],[28.18968,-25.85125],[28.18971,-25.85127],[28.18975,-25.8513],[28.18976,-25.85132],[28.18977,-25.85134],[28.18977,-25.85137],[28.18977,-25.85139]]}},{"type":"Feature","properties":{"id":"relation/3278185","name":"Centurion - Techno Park (Gautrain C1)","network":"Gautrain Bus"},"geometry":{"type":"LineString","coordinates":[[28.18977,-25.85139],[28.18979,-25.8514],[28.1899,-25.85141],[28.18993,-25.85141],[28.18995,-25.85143],[28.19044,-25.85179],[28.19052,-25.85185],[28.19054,-25.85187],[28.19054,-25.85189],[28.19054,-25.8519],[28.19055,-25.85191],[28.19054,-25.85193],[28.19053,-25.85195],[28.19052,-25.85197],[28.19028,-25.85225],[28.19026,-25.85226],[28.19025,-25.85227],[28.19023,-25.85227],[28.19021,-25.85227],[28.19018,-25.85226],[28.19016,-25.85225],[28.19014,-25.85222],[28.19012,-25.85219],[28.19007,-25.85214],[28.19003,-25.85209],[28.18983,-25.85181]]}},{"type":"Feature","properties":{"id":"relation/3278185","name":"Centurion - Techno Park (Gautrain C1)","network":"Gautrain Bus"},"geometry":{"type":"LineString","coordinates":[[28.18983,-25.85181],[28.18981,-25.85179],[28.1898,-25.85175],[28.1898,-25.85172],[28.18979,-25.85169],[28.1898,-25.85163],[28.18979,-25.85159]]}},{"type":"Feature","properties":{"id":"relation/3278185","name":"Centurion - Techno Park (Gautrain C1)","network":"Gautrain Bus"},"geometry":{"type":"LineString","coordinates":[[28.18979,-25.85159],[28.18977,-25.85155],[28.1897,-25.85147]]}},{"type":"Feature","properties":{"id":"relation/3278185","name":"Centurion - Techno Park (Gautrain C1)","network":"Gautrain Bus"},"geometry":{"type":"LineString","coordinates":[[28.1897,-25.85147],[28.18968,-25.85148],[28.18965,-25.85149],[28.18962,-25.85149],[28.1896,-25.85148],[28.18957,-25.85147]]}},{"type":"Feature","properties":{"id":"relation/3278185","name":"Centurion - Techno Park (Gautrain C1)","network":"Gautrain Bus"},"geometry":{"type":"LineString","coordinates":[[28.18957,-25.85147],[28.18953,-25.85149]]}},{"type":"Feature","properties":{"id":"relation/3278185","name":"Centurion - Techno Park (Gautrain C1)","network":"Gautrain Bus"},"geometry":{"type":"LineString","coordinates":[[28.18953,-25.85149],[28.18927,-25.85163]]}},{"type":"Feature","properties":{"id":"relation/3278185","name":"Centurion - Techno Park (Gautrain C1)","network":"Gautrain Bus"},"geometry":{"type":"LineString","coordinates":[[28.18927,-25.85163],[28.18916,-25.85175]]}},{"type":"Feature","properties":{"id":"relation/3278185","name":"Centurion - Techno Park (Gautrain C1)","network":"Gautrain Bus"},"geometry":{"type":"LineString","coordinates":[[28.18916,-25.85175],[28.18931,-25.85198],[28.18999,-25.85298],[28.19007,-25.85309],[28.19016,-25.85321]]}},{"type":"Feature","properties":{"id":"relation/3278185","name":"Centurion - Techno Park (Gautrain C1)","network":"Gautrain Bus"},"geometry":{"type":"LineString","coordinates":[[28.19016,-25.85321],[28.19024,-25.85329],[28.19042,-25.85343],[28.19081,-25.85372]]}},{"type":"Feature","properties":{"id":"relation/3278185","name":"Centurion - Techno Park (Gautrain C1)","network":"Gautrain Bus"},"geometry":{"type":"LineString","coordinates":[[28.19081,-25.85372],[28.19108,-25.85396]]}},{"type":"Feature","properties":{"id":"relation/3278185","name":"Centurion - Techno Park (Gautrain C1)","network":"Gautrain Bus"},"geometry":{"type":"LineString","coordinates":[[28.19108,-25.85396],[28.19127,-25.8541]]}},{"type":"Feature","properties":{"id":"relation/3278185","name":"Centurion - Techno Park (Gautrain C1)","network":"Gautrain Bus"},"geometry":{"type":"LineString","coordinates":[[28.19127,-25.8541],[28.19135,-25.85415],[28.19151,-25.85426]]}},{"type":"Feature","properties":{"id":"relation/3278185","name":"Centurion - Techno Park (Gautrain C1)","network":"Gautrain Bus"},"geometry":{"type":"LineString","coordinates":[[28.19151,-25.85426],[28.19161,-25.85434],[28.19199,-25.85462]]}},{"type":"Feature","properties":{"id":"relation/3278185","name":"Centurion - Techno Park (Gautrain C1)","network":"Gautrain Bus"},"geometry":{"type":"LineString","coordinates":[[28.19199,-25.85462],[28.19235,-25.85488],[28.1928,-25.85523]]}},{"type":"Feature","properties":{"id":"relation/3278185","name":"Centurion - Techno Park (Gautrain C1)","network":"Gautrain Bus"},"geometry":{"type":"LineString","coordinates":[[28.1928,-25.85523],[28.19291,-25.85532]]}},{"type":"Feature","properties":{"id":"relation/3278185","name":"Centurion - Techno Park (Gautrain C1)","network":"Gautrain Bus"},"geometry":{"type":"LineString","coordinates":[[28.19291,-25.85532],[28.19325,-25.85557],[28.19342,-25.85571],[28.19369,-25.85597],[28.19373,-25.85602],[28.19376,-25.85605],[28.19412,-25.85638],[28.19442,-25.85669],[28.19483,-25.85712],[28.19514,-25.85746],[28.19523,-25.85755],[28.19559,-25.8579]]}},{"type":"Feature","properties":{"id":"relation/3278185","name":"Centurion - Techno Park (Gautrain C1)","network":"Gautrain Bus"},"geometry":{"type":"LineString","coordinates":[[28.19559,-25.8579],[28.1957,-25.858]]}},{"type":"Feature","properties":{"id":"relation/3278185","name":"Centurion - Techno Park (Gautrain C1)","network":"Gautrain Bus"},"geometry":{"type":"LineString","coordinates":[[28.1957,-25.858],[28.1959,-25.85819],[28.19606,-25.85832],[28.19614,-25.85838],[28.19677,-25.85885],[28.19688,-25.85894],[28.19712,-25.85914]]}},{"type":"Feature","properties":{"id":"relation/3278185","name":"Centurion - Techno Park (Gautrain C1)","network":"Gautrain Bus"},"geometry":{"type":"LineString","coordinates":[[28.19712,-25.85914],[28.19719,-25.85921],[28.19724,-25.85927],[28.19727,-25.85933],[28.19731,-25.8594],[28.19734,-25.85947],[28.19735,-25.85952],[28.19737,-25.85958],[28.19738,-25.85964],[28.19738,-25.85971]]}},{"type":"Feature","properties":{"id":"relation/3278185","name":"Centurion - Techno Park (Gautrain C1)","network":"Gautrain Bus"},"geometry":{"type":"LineString","coordinates":[[28.19738,-25.85971],[28.19739,-25.85981],[28.19738,-25.85989],[28.19737,-25.85995],[28.19734,-25.86002],[28.19731,-25.86008],[28.19728,-25.86014],[28.19725,-25.86018],[28.19721,-25.86024],[28.19705,-25.86044],[28.19683,-25.86071],[28.19681,-25.86074],[28.19672,-25.86084]]}},{"type":"Feature","properties":{"id":"relation/3278185","name":"Centurion - Techno Park (Gautrain C1)","network":"Gautrain Bus"},"geometry":{"type":"LineString","coordinates":[[28.19672,-25.86084],[28.19661,-25.86095],[28.19628,-25.86126],[28.19597,-25.86152]]}},{"type":"Feature","properties":{"id":"relation/3278185","name":"Centurion - Techno Park (Gautrain C1)","network":"Gautrain Bus"},"geometry":{"type":"LineString","coordinates":[[28.19597,-25.86152],[28.19542,-25.86195]]}},{"type":"Feature","properties":{"id":"relation/3278185","name":"Centurion - Techno Park (Gautrain C1)","network":"Gautrain Bus"},"geometry":{"type":"LineString","coordinates":[[28.19542,-25.86195],[28.19516,-25.86218],[28.1951,-25.86225]]}},{"type":"Feature","properties":{"id":"relation/3278185","name":"Centurion - Techno Park (Gautrain C1)","network":"Gautrain Bus"},"geometry":{"type":"LineString","coordinates":[[28.1951,-25.86225],[28.19497,-25.86241],[28.19491,-25.86251]]}},{"type":"Feature","properties":{"id":"relation/3278185","name":"Centurion - Techno Park (Gautrain C1)","network":"Gautrain Bus"},"geometry":{"type":"LineString","coordinates":[[28.19491,-25.86251],[28.19483,-25.86267],[28.19474,-25.8629]]}},{"type":"Feature","properties":{"id":"relation/3278185","name":"Centurion - Techno Park (Gautrain C1)","network":"Gautrain Bus"},"geometry":{"type":"LineString","coordinates":[[28.19474,-25.8629],[28.19472,-25.86299],[28.1947,-25.86308],[28.19469,-25.86315],[28.19469,-25.86321],[28.19469,-25.86341]]}},{"type":"Feature","properties":{"id":"relation/3278185","name":"Centurion - Techno Park (Gautrain C1)","network":"Gautrain Bus"},"geometry":{"type":"LineString","coordinates":[[28.19469,-25.86341],[28.19471,-25.86357],[28.19472,-25.86364],[28.19478,-25.86384],[28.1948,-25.86389],[28.19484,-25.86401]]}},{"type":"Feature","properties":{"id":"relation/3278185","name":"Centurion - Techno Park (Gautrain C1)","network":"Gautrain Bus"},"geometry":{"type":"LineString","coordinates":[[28.19484,-25.86401],[28.19506,-25.86444],[28.19552,-25.86528]]}},{"type":"Feature","properties":{"id":"relation/3278185","name":"Centurion - Techno Park (Gautrain C1)","network":"Gautrain Bus"},"geometry":{"type":"LineString","coordinates":[[28.19552,-25.86528],[28.19583,-25.86586],[28.19586,-25.86594]]}},{"type":"Feature","properties":{"id":"relation/3278185","name":"Centurion - Techno Park (Gautrain C1)","network":"Gautrain Bus"},"geometry":{"type":"LineString","coordinates":[[28.19586,-25.86594],[28.19588,-25.86602],[28.19588,-25.86606],[28.19587,-25.8661],[28.19586,-25.86617],[28.19585,-25.86623],[28.19576,-25.86649],[28.19571,-25.86662],[28.19563,-25.86682],[28.19553,-25.867]]}},{"type":"Feature","properties":{"id":"relation/3278185","name":"Centurion - Techno Park (Gautrain C1)","network":"Gautrain Bus"},"geometry":{"type":"LineString","coordinates":[[28.19553,-25.867],[28.19548,-25.8672],[28.19544,-25.86729],[28.19543,-25.86732],[28.19543,-25.86736],[28.19543,-25.86741],[28.19544,-25.86745],[28.19546,-25.8675],[28.19556,-25.86761]]}},{"type":"Feature","properties":{"id":"relation/3278185","name":"Centurion - Techno Park (Gautrain C1)","network":"Gautrain Bus"},"geometry":{"type":"LineString","coordinates":[[28.19556,-25.86761],[28.19574,-25.86776],[28.19595,-25.86793]]}},{"type":"Feature","properties":{"id":"relation/3278185","name":"Centurion - Techno Park (Gautrain C1)","network":"Gautrain Bus"},"geometry":{"type":"LineString","coordinates":[[28.19595,-25.86793],[28.19644,-25.86831],[28.19728,-25.86903],[28.1973,-25.86905],[28.19738,-25.86913],[28.19741,-25.86915]]}},{"type":"Feature","properties":{"id":"relation/3278185","name":"Centurion - Techno Park (Gautrain C1)","network":"Gautrain Bus"},"geometry":{"type":"LineString","coordinates":[[28.19741,-25.86915],[28.19759,-25.86931],[28.19784,-25.86947],[28.19821,-25.86968],[28.19836,-25.8698],[28.1985,-25.86994],[28.19865,-25.87011],[28.19874,-25.87024]]}},{"type":"Feature","properties":{"id":"relation/3278185","name":"Centurion - Techno Park (Gautrain C1)","network":"Gautrain Bus"},"geometry":{"type":"LineString","coordinates":[[28.19874,-25.87024],[28.1988,-25.87032],[28.19889,-25.87046]]}},{"type":"Feature","properties":{"id":"relation/3278185","name":"Centurion - Techno Park (Gautrain C1)","network":"Gautrain Bus"},"geometry":{"type":"LineString","coordinates":[[28.19889,-25.87046],[28.19875,-25.87053],[28.19785,-25.87094],[28.19771,-25.871],[28.19736,-25.87121],[28.19676,-25.87161],[28.19605,-25.87207],[28.19587,-25.87221]]}},{"type":"Feature","properties":{"id":"relation/3278185","name":"Centurion - Techno Park (Gautrain C1)","network":"Gautrain Bus"},"geometry":{"type":"LineString","coordinates":[[28.19587,-25.87221],[28.19579,-25.87228]]}},{"type":"Feature","properties":{"id":"relation/3278185","name":"Centurion - Techno Park (Gautrain C1)","network":"Gautrain Bus"},"geometry":{"type":"LineString","coordinates":[[28.19579,-25.87228],[28.19568,-25.87235],[28.19556,-25.87245]]}},{"type":"Feature","properties":{"id":"relation/3278185","name":"Centurion - Techno Park (Gautrain C1)","network":"Gautrain Bus"},"geometry":{"type":"LineString","coordinates":[[28.19556,-25.87245],[28.19549,-25.8725],[28.19538,-25.87256],[28.19492,-25.87296],[28.19403,-25.87368],[28.19364,-25.874],[28.19348,-25.87414],[28.19321,-25.87436]]}},{"type":"Feature","properties":{"id":"relation/3278185","name":"Centurion - Techno Park (Gautrain C1)","network":"Gautrain Bus"},"geometry":{"type":"LineString","coordinates":[[28.19321,-25.87436],[28.1929,-25.87465],[28.19252,-25.87507],[28.19242,-25.8752]]}},{"type":"Feature","properties":{"id":"relation/3278185","name":"Centurion - Techno Park (Gautrain C1)","network":"Gautrain Bus"},"geometry":{"type":"LineString","coordinates":[[28.19242,-25.8752],[28.19238,-25.87526]]}},{"type":"Feature","properties":{"id":"relation/3278185","name":"Centurion - Techno Park (Gautrain C1)","network":"Gautrain Bus"},"geometry":{"type":"LineString","coordinates":[[28.19238,-25.87526],[28.1922,-25.87517]]}},{"type":"Feature","properties":{"id":"relation/3278185","name":"Centurion - Techno Park (Gautrain C1)","network":"Gautrain Bus"},"geometry":{"type":"LineString","coordinates":[[28.1922,-25.87517],[28.19184,-25.87493],[28.19176,-25.87489],[28.19171,-25.87486],[28.19156,-25.8748],[28.19149,-25.87478],[28.19136,-25.87475],[28.19107,-25.87472],[28.19087,-25.87469],[28.19057,-25.87466],[28.19016,-25.8746],[28.19,-25.87458],[28.18991,-25.87458],[28.18971,-25.87458]]}},{"type":"Feature","properties":{"id":"relation/3278185","name":"Centurion - Techno Park (Gautrain C1)","network":"Gautrain Bus"},"geometry":{"type":"LineString","coordinates":[[28.18948,-25.87379],[28.18947,-25.87375],[28.18945,-25.87369],[28.18938,-25.8735],[28.18931,-25.87335],[28.18921,-25.87319],[28.18903,-25.87296],[28.18893,-25.87287],[28.18871,-25.87267]]}},{"type":"Feature","properties":{"id":"relation/3278185","name":"Centurion - Techno Park (Gautrain C1)","network":"Gautrain Bus"},"geometry":{"type":"LineString","coordinates":[[28.18871,-25.87267],[28.18842,-25.87241]]}},{"type":"Feature","properties":{"id":"relation/3278185","name":"Centurion - Techno Park (Gautrain C1)","network":"Gautrain Bus"},"geometry":{"type":"LineString","coordinates":[[28.18842,-25.87241],[28.18841,-25.87241],[28.1883,-25.87231],[28.1882,-25.87222],[28.18809,-25.87215],[28.18801,-25.8721],[28.18794,-25.87207],[28.18786,-25.87203],[28.18781,-25.87201],[28.18773,-25.87197],[28.18767,-25.87195],[28.18759,-25.87193],[28.18753,-25.87191],[28.18746,-25.8719],[28.18698,-25.87182],[28.18685,-25.87181],[28.18675,-25.87181],[28.18663,-25.87181],[28.18645,-25.8718],[28.18644,-25.8718],[28.18638,-25.87181],[28.18622,-25.87183],[28.18611,-25.87185],[28.1861,-25.87185],[28.18606,-25.87186],[28.186,-25.87187],[28.18584,-25.87192],[28.18575,-25.87195],[28.18555,-25.87202],[28.18538,-25.87208],[28.18521,-25.87214],[28.18483,-25.8723],[28.18466,-25.87237],[28.18441,-25.87249],[28.18424,-25.87257],[28.18405,-25.87266],[28.18385,-25.87277],[28.1835,-25.87297],[28.18338,-25.87304],[28.18321,-25.87315],[28.18301,-25.87328],[28.18288,-25.87337],[28.18271,-25.87349],[28.18236,-25.87375]]}},{"type":"Feature","properties":{"id":"relation/3278185","name":"Centurion - Techno Park (Gautrain C1)","network":"Gautrain Bus"},"geometry":{"type":"LineString","coordinates":[[28.18236,-25.87375],[28.18221,-25.8739]]}},{"type":"Feature","properties":{"id":"relation/3278185","name":"Centurion - Techno Park (Gautrain C1)","network":"Gautrain Bus"},"geometry":{"type":"LineString","coordinates":[[28.18221,-25.8739],[28.18222,-25.87392],[28.18222,-25.87393],[28.18221,-25.87395],[28.18221,-25.87397],[28.18216,-25.87401],[28.18213,-25.87401],[28.18211,-25.87401],[28.18208,-25.87401]]}},{"type":"Feature","properties":{"id":"relation/3278185","name":"Centurion - Techno Park (Gautrain C1)","network":"Gautrain Bus"},"geometry":{"type":"LineString","coordinates":[[28.18208,-25.87401],[28.18195,-25.87408]]}},{"type":"Feature","properties":{"id":"relation/3278185","name":"Centurion - Techno Park (Gautrain C1)","network":"Gautrain Bus"},"geometry":{"type":"LineString","coordinates":[[28.18195,-25.87408],[28.18192,-25.87411],[28.18178,-25.87424],[28.18161,-25.87439],[28.18155,-25.87445],[28.18153,-25.87447],[28.18145,-25.87455],[28.18137,-25.87463],[28.18126,-25.87474],[28.18121,-25.8748],[28.18118,-25.87482],[28.18108,-25.87493],[28.18104,-25.87499],[28.18099,-25.87506],[28.18095,-25.87514],[28.18092,-25.87522],[28.18089,-25.87531],[28.18087,-25.87536],[28.18086,-25.87541],[28.18084,-25.87556]]}},{"type":"Feature","properties":{"id":"relation/3278185","name":"Centurion - Techno Park (Gautrain C1)","network":"Gautrain Bus"},"geometry":{"type":"LineString","coordinates":[[28.18084,-25.87556],[28.18081,-25.87572],[28.18078,-25.87592]]}},{"type":"Feature","properties":{"id":"relation/3278185","name":"Centurion - Techno Park (Gautrain C1)","network":"Gautrain Bus"},"geometry":{"type":"LineString","coordinates":[[28.18078,-25.87592],[28.18073,-25.8762]]}},{"type":"Feature","properties":{"id":"relation/3278185","name":"Centurion - Techno Park (Gautrain C1)","network":"Gautrain Bus"},"geometry":{"type":"LineString","coordinates":[[28.18065,-25.87642],[28.18073,-25.8762]]}},{"type":"Feature","properties":{"id":"relation/3278185","name":"Centurion - Techno Park (Gautrain C1)","network":"Gautrain Bus"},"geometry":{"type":"LineString","coordinates":[[28.18061,-25.87652],[28.18061,-25.87651],[28.1806,-25.87651],[28.1806,-25.87649],[28.1806,-25.87647],[28.18061,-25.87645],[28.18063,-25.87643],[28.18065,-25.87642]]}},{"type":"Feature","properties":{"id":"relation/3278185","name":"Centurion - Techno Park (Gautrain C1)","network":"Gautrain Bus"},"geometry":{"type":"LineString","coordinates":[[28.18061,-25.87674],[28.18062,-25.87667],[28.18062,-25.87658],[28.18061,-25.87652]]}},{"type":"Feature","properties":{"id":"relation/3278185","name":"Centurion - Techno Park (Gautrain C1)","network":"Gautrain Bus"},"geometry":{"type":"LineString","coordinates":[[28.18071,-25.87655],[28.18061,-25.87674]]}},{"type":"Feature","properties":{"id":"relation/3278185","name":"Centurion - Techno Park (Gautrain C1)","network":"Gautrain Bus"},"geometry":{"type":"LineString","coordinates":[[28.18075,-25.87646],[28.18075,-25.87648],[28.18075,-25.8765],[28.18074,-25.87652],[28.18073,-25.87653],[28.18073,-25.87654],[28.18071,-25.87655]]}},{"type":"Feature","properties":{"id":"relation/3278185","name":"Centurion - Techno Park (Gautrain C1)","network":"Gautrain Bus"},"geometry":{"type":"LineString","coordinates":[[28.18073,-25.8762],[28.18073,-25.87631],[28.18074,-25.87639],[28.18074,-25.87645]]}},{"type":"Feature","properties":{"id":"relation/3278185","name":"Centurion - Techno Park (Gautrain C1)","network":"Gautrain Bus"},"geometry":{"type":"LineString","coordinates":[[28.18061,-25.87674],[28.18058,-25.87681],[28.18053,-25.87688],[28.1805,-25.87692],[28.18045,-25.87698],[28.18041,-25.87702],[28.18033,-25.87709]]}},{"type":"Feature","properties":{"id":"relation/3278185","name":"Centurion - Techno Park (Gautrain C1)","network":"Gautrain Bus"},"geometry":{"type":"LineString","coordinates":[[28.18033,-25.87709],[28.18029,-25.87713],[28.18027,-25.87715],[28.18023,-25.87717],[28.18018,-25.87721],[28.1801,-25.87725],[28.17971,-25.87744],[28.17922,-25.87765],[28.1792,-25.87766],[28.17895,-25.87778],[28.17852,-25.87797],[28.17837,-25.87804],[28.1783,-25.87806],[28.17822,-25.87809],[28.17814,-25.87811],[28.17806,-25.87812],[28.17802,-25.87812],[28.17794,-25.87813],[28.17788,-25.87813],[28.17786,-25.87812],[28.17784,-25.87811]]}},{"type":"Feature","properties":{"id":"relation/3278185","name":"Centurion - Techno Park (Gautrain C1)","network":"Gautrain Bus"},"geometry":{"type":"LineString","coordinates":[[28.17784,-25.87811],[28.17778,-25.87811],[28.17677,-25.878]]}},{"type":"Feature","properties":{"id":"relation/3278185","name":"Centurion - Techno Park (Gautrain C1)","network":"Gautrain Bus"},"geometry":{"type":"LineString","coordinates":[[28.17677,-25.878],[28.17671,-25.878],[28.17664,-25.87801],[28.17657,-25.87802]]}},{"type":"Feature","properties":{"id":"relation/3278185","name":"Centurion - Techno Park (Gautrain C1)","network":"Gautrain Bus"},"geometry":{"type":"LineString","coordinates":[[28.17657,-25.87802],[28.17656,-25.87805],[28.17653,-25.87807],[28.1765,-25.87809],[28.17647,-25.8781],[28.17642,-25.8781],[28.17637,-25.8781],[28.17633,-25.87808],[28.1763,-25.87805],[28.17628,-25.87803],[28.17626,-25.878]]}},{"type":"Feature","properties":{"id":"relation/3278185","name":"Centurion - Techno Park (Gautrain C1)","network":"Gautrain Bus"},"geometry":{"type":"LineString","coordinates":[[28.17626,-25.878],[28.17621,-25.87797],[28.1761,-25.87794],[28.17604,-25.87791]]}},{"type":"Feature","properties":{"id":"relation/3278185","name":"Centurion - Techno Park (Gautrain C1)","network":"Gautrain Bus"},"geometry":{"type":"LineString","coordinates":[[28.17573,-25.87788],[28.17565,-25.87789],[28.17536,-25.87788]]}},{"type":"Feature","properties":{"id":"relation/3278185","name":"Centurion - Techno Park (Gautrain C1)","network":"Gautrain Bus"},"geometry":{"type":"LineString","coordinates":[[28.17536,-25.87788],[28.17519,-25.87787],[28.17502,-25.87786],[28.1749,-25.87786],[28.17474,-25.87788]]}},{"type":"Feature","properties":{"id":"relation/3278185","name":"Centurion - Techno Park (Gautrain C1)","network":"Gautrain Bus"},"geometry":{"type":"LineString","coordinates":[[28.17474,-25.87788],[28.17456,-25.87793],[28.17442,-25.87798]]}},{"type":"Feature","properties":{"id":"relation/3278185","name":"Centurion - Techno Park (Gautrain C1)","network":"Gautrain Bus"},"geometry":{"type":"LineString","coordinates":[[28.17442,-25.87798],[28.17436,-25.87801],[28.17428,-25.87805],[28.17396,-25.87825]]}},{"type":"Feature","properties":{"id":"relation/3278185","name":"Centurion - Techno Park (Gautrain C1)","network":"Gautrain Bus"},"geometry":{"type":"LineString","coordinates":[[28.17396,-25.87825],[28.1738,-25.87837],[28.17367,-25.87844],[28.17356,-25.87851],[28.17343,-25.87858]]}},{"type":"Feature","properties":{"id":"relation/3278185","name":"Centurion - Techno Park (Gautrain C1)","network":"Gautrain Bus"},"geometry":{"type":"LineString","coordinates":[[28.17343,-25.87858],[28.17327,-25.8787],[28.17318,-25.87877],[28.17305,-25.8789],[28.17291,-25.87906],[28.1727,-25.87929],[28.17242,-25.87962]]}},{"type":"Feature","properties":{"id":"relation/3278185","name":"Centurion - Techno Park (Gautrain C1)","network":"Gautrain Bus"},"geometry":{"type":"LineString","coordinates":[[28.17242,-25.87962],[28.17238,-25.8797],[28.17214,-25.88003]]}},{"type":"Feature","properties":{"id":"relation/3278185","name":"Centurion - Techno Park (Gautrain C1)","network":"Gautrain Bus"},"geometry":{"type":"LineString","coordinates":[[28.17214,-25.88003],[28.17183,-25.88045]]}},{"type":"Feature","properties":{"id":"relation/3278185","name":"Centurion - Techno Park (Gautrain C1)","network":"Gautrain Bus"},"geometry":{"type":"LineString","coordinates":[[28.17183,-25.88045],[28.17176,-25.88055],[28.17168,-25.88066],[28.17156,-25.88079],[28.17137,-25.88102],[28.17131,-25.88106]]}},{"type":"Feature","properties":{"id":"relation/3278185","name":"Centurion - Techno Park (Gautrain C1)","network":"Gautrain Bus"},"geometry":{"type":"LineString","coordinates":[[28.17099,-25.88148],[28.17095,-25.88156],[28.17069,-25.88195],[28.17058,-25.88212]]}},{"type":"Feature","properties":{"id":"relation/3278185","name":"Centurion - Techno Park (Gautrain C1)","network":"Gautrain Bus"},"geometry":{"type":"LineString","coordinates":[[28.17058,-25.88212],[28.17033,-25.88259]]}},{"type":"Feature","properties":{"id":"relation/3278185","name":"Centurion - Techno Park (Gautrain C1)","network":"Gautrain Bus"},"geometry":{"type":"LineString","coordinates":[[28.17033,-25.88259],[28.1703,-25.88265]]}},{"type":"Feature","properties":{"id":"relation/3278185","name":"Centurion - Techno Park (Gautrain C1)","network":"Gautrain Bus"},"geometry":{"type":"LineString","coordinates":[[28.1703,-25.88265],[28.17024,-25.88279],[28.17017,-25.88292]]}},{"type":"Feature","properties":{"id":"relation/3278185","name":"Centurion - Techno Park (Gautrain C1)","network":"Gautrain Bus"},"geometry":{"type":"LineString","coordinates":[[28.17017,-25.88292],[28.17002,-25.88329]]}},{"type":"Feature","properties":{"id":"relation/3278185","name":"Centurion - Techno Park (Gautrain C1)","network":"Gautrain Bus"},"geometry":{"type":"LineString","coordinates":[[28.17002,-25.88329],[28.16992,-25.88357]]}},{"type":"Feature","properties":{"id":"relation/3278185","name":"Centurion - Techno Park (Gautrain C1)","network":"Gautrain Bus"},"geometry":{"type":"LineString","coordinates":[[28.16992,-25.88357],[28.16991,-25.88359]]}},{"type":"Feature","properties":{"id":"relation/3278185","name":"Centurion - Techno Park (Gautrain C1)","network":"Gautrain Bus"},"geometry":{"type":"LineString","coordinates":[[28.16991,-25.88359],[28.16977,-25.88401]]}},{"type":"Feature","properties":{"id":"relation/3278185","name":"Centurion - Techno Park (Gautrain C1)","network":"Gautrain Bus"},"geometry":{"type":"LineString","coordinates":[[28.16935,-25.88523],[28.16933,-25.88528],[28.1693,-25.88537],[28.16929,-25.8855],[28.16928,-25.88561],[28.16929,-25.88574],[28.16931,-25.88584],[28.16932,-25.88593],[28.16937,-25.88609]]}},{"type":"Feature","properties":{"id":"relation/3278185","name":"Centurion - Techno Park (Gautrain C1)","network":"Gautrain Bus"},"geometry":{"type":"LineString","coordinates":[[28.16937,-25.88609],[28.16951,-25.88622]]}},{"type":"Feature","properties":{"id":"relation/3278185","name":"Centurion - Techno Park (Gautrain C1)","network":"Gautrain Bus"},"geometry":{"type":"LineString","coordinates":[[28.16944,-25.88625],[28.16947,-25.88623],[28.16951,-25.88622],[28.16955,-25.88622],[28.16959,-25.88622],[28.16963,-25.88623],[28.16968,-25.88627],[28.16971,-25.88631],[28.16973,-25.88636],[28.16973,-25.88641],[28.16971,-25.88646],[28.16968,-25.88649],[28.16964,-25.88652],[28.1696,-25.88654],[28.16955,-25.88654],[28.1695,-25.88654],[28.16945,-25.88651],[28.16941,-25.88648],[28.16938,-25.88644],[28.16937,-25.88639],[28.16937,-25.88635],[28.16939,-25.88631],[28.16941,-25.88628],[28.16944,-25.88625]]}},{"type":"Feature","properties":{"id":"relation/3278185","name":"Centurion - Techno Park (Gautrain C1)","network":"Gautrain Bus"},"geometry":{"type":"LineString","coordinates":[[28.16971,-25.88646],[28.16974,-25.88653],[28.16975,-25.88655],[28.16978,-25.88663]]}},{"type":"Feature","properties":{"id":"relation/3278185","name":"Centurion - Techno Park (Gautrain C1)","network":"Gautrain Bus"},"geometry":{"type":"LineString","coordinates":[[28.16978,-25.88663],[28.1699,-25.88671],[28.17007,-25.8868],[28.1704,-25.88692],[28.17071,-25.88704]]}},{"type":"Feature","properties":{"id":"relation/3278185","name":"Centurion - Techno Park (Gautrain C1)","network":"Gautrain Bus"},"geometry":{"type":"LineString","coordinates":[[28.17071,-25.88704],[28.17085,-25.88705],[28.17092,-25.88705],[28.17096,-25.88705],[28.17105,-25.88704]]}},{"type":"Feature","properties":{"id":"relation/3278185","name":"Centurion - Techno Park (Gautrain C1)","network":"Gautrain Bus"},"geometry":{"type":"LineString","coordinates":[[28.17127,-25.88707],[28.17129,-25.8871],[28.17131,-25.88713],[28.17132,-25.88717],[28.17131,-25.88722],[28.17129,-25.88726],[28.17126,-25.88729],[28.17123,-25.88731],[28.17119,-25.88732],[28.17114,-25.88733],[28.17109,-25.88732],[28.17104,-25.8873],[28.17101,-25.88726],[28.17098,-25.88721],[28.17097,-25.88717],[28.17099,-25.88712],[28.17101,-25.88708],[28.17105,-25.88704],[28.17108,-25.88703],[28.1711,-25.88703],[28.17114,-25.88702],[28.17117,-25.88702],[28.17121,-25.88703],[28.17124,-25.88705],[28.17127,-25.88707]]}},{"type":"Feature","properties":{"id":"relation/3278185","name":"Centurion - Techno Park (Gautrain C1)","network":"Gautrain Bus"},"geometry":{"type":"LineString","coordinates":[[28.17131,-25.88713],[28.17141,-25.88719],[28.17149,-25.88724],[28.17166,-25.88731],[28.17219,-25.88752],[28.17229,-25.88757],[28.17267,-25.88781]]}},{"type":"Feature","properties":{"id":"relation/3278185","name":"Centurion - Techno Park (Gautrain C1)","network":"Gautrain Bus"},"geometry":{"type":"LineString","coordinates":[[28.17267,-25.88781],[28.17312,-25.88818],[28.17352,-25.88864],[28.17355,-25.88868],[28.17367,-25.88884],[28.17382,-25.88905],[28.17419,-25.88967]]}},{"type":"Feature","properties":{"id":"relation/3278185","name":"Centurion - Techno Park (Gautrain C1)","network":"Gautrain Bus"},"geometry":{"type":"LineString","coordinates":[[28.17419,-25.88967],[28.17405,-25.8897],[28.17361,-25.88977]]}},{"type":"Feature","properties":{"id":"relation/3278185","name":"Centurion - Techno Park (Gautrain C1)","network":"Gautrain Bus"},"geometry":{"type":"LineString","coordinates":[[28.17361,-25.88977],[28.17317,-25.88984],[28.17295,-25.8899],[28.17264,-25.89003],[28.17253,-25.89007]]}},{"type":"Feature","properties":{"id":"relation/3278185","name":"Centurion - Techno Park (Gautrain C1)","network":"Gautrain Bus"},"geometry":{"type":"LineString","coordinates":[[28.17253,-25.89007],[28.17204,-25.89037],[28.17167,-25.89071],[28.17142,-25.89101],[28.17131,-25.89118],[28.17121,-25.89134],[28.17102,-25.89183],[28.17092,-25.89209]]}},{"type":"Feature","properties":{"id":"relation/3278185","name":"Centurion - Techno Park (Gautrain C1)","network":"Gautrain Bus"},"geometry":{"type":"LineString","coordinates":[[28.1858,-25.89257],[28.18601,-25.89257],[28.18691,-25.89255],[28.18723,-25.89253],[28.18779,-25.89246],[28.18792,-25.89244]]}},{"type":"Feature","properties":{"id":"relation/3278185","name":"Centurion - Techno Park (Gautrain C1)","network":"Gautrain Bus"},"geometry":{"type":"LineString","coordinates":[[28.19065,-25.89206],[28.18888,-25.8923],[28.18845,-25.89237],[28.18825,-25.8924],[28.18804,-25.89243],[28.18792,-25.89244]]}},{"type":"Feature","properties":{"id":"relation/3278185","name":"Centurion - Techno Park (Gautrain C1)","network":"Gautrain Bus"},"geometry":{"type":"LineString","coordinates":[[28.19065,-25.89206],[28.19124,-25.89192]]}},{"type":"Feature","properties":{"id":"relation/3278185","name":"Centurion - Techno Park (Gautrain C1)","network":"Gautrain Bus"},"geometry":{"type":"LineString","coordinates":[[28.19124,-25.89192],[28.19127,-25.89188],[28.19132,-25.89186],[28.19138,-25.89186],[28.19141,-25.89189]]}},{"type":"Feature","properties":{"id":"relation/3278185","name":"Centurion - Techno Park (Gautrain C1)","network":"Gautrain Bus"},"geometry":{"type":"LineString","coordinates":[[28.19141,-25.89189],[28.19165,-25.89186],[28.19188,-25.8918],[28.19228,-25.89165]]}},{"type":"Feature","properties":{"id":"relation/3278185","name":"Centurion - Techno Park (Gautrain C1)","network":"Gautrain Bus"},"geometry":{"type":"LineString","coordinates":[[28.19228,-25.89165],[28.19267,-25.89147],[28.19318,-25.89121],[28.19405,-25.89079],[28.19436,-25.89062],[28.19453,-25.8905],[28.19463,-25.8904],[28.19539,-25.8893],[28.19568,-25.88886],[28.19601,-25.88849],[28.19628,-25.88824],[28.19683,-25.88773],[28.19756,-25.88707],[28.19773,-25.8869],[28.1978,-25.88683],[28.19798,-25.88661]]}},{"type":"Feature","properties":{"id":"relation/3278185","name":"Centurion - Techno Park (Gautrain C1)","network":"Gautrain Bus"},"geometry":{"type":"LineString","coordinates":[[28.19228,-25.89165],[28.19211,-25.89176],[28.19193,-25.89185],[28.1917,-25.89192],[28.19152,-25.89198],[28.19141,-25.89202]]}},{"type":"Feature","properties":{"id":"relation/3278185","name":"Centurion - Techno Park (Gautrain C1)","network":"Gautrain Bus"},"geometry":{"type":"LineString","coordinates":[[28.19141,-25.89202],[28.19139,-25.89203],[28.19136,-25.89204],[28.19131,-25.89204],[28.19129,-25.89202]]}},{"type":"Feature","properties":{"id":"relation/3278185","name":"Centurion - Techno Park (Gautrain C1)","network":"Gautrain Bus"},"geometry":{"type":"LineString","coordinates":[[28.19129,-25.89202],[28.19065,-25.89206]]}},{"type":"Feature","properties":{"id":"relation/3278185","name":"Centurion - Techno Park (Gautrain C1)","network":"Gautrain Bus"},"geometry":{"type":"LineString","coordinates":[[28.18434,-25.89264],[28.18301,-25.89263]]}},{"type":"Feature","properties":{"id":"relation/3278185","name":"Centurion - Techno Park (Gautrain C1)","network":"Gautrain Bus"},"geometry":{"type":"LineString","coordinates":[[28.18442,-25.89263],[28.18434,-25.89264]]}},{"type":"Feature","properties":{"id":"relation/3278185","name":"Centurion - Techno Park (Gautrain C1)","network":"Gautrain Bus"},"geometry":{"type":"LineString","coordinates":[[28.18482,-25.89262],[28.18442,-25.89263]]}},{"type":"Feature","properties":{"id":"relation/3278185","name":"Centurion - Techno Park (Gautrain C1)","network":"Gautrain Bus"},"geometry":{"type":"LineString","coordinates":[[28.18525,-25.89261],[28.18482,-25.89262]]}},{"type":"Feature","properties":{"id":"relation/3278185","name":"Centurion - Techno Park (Gautrain C1)","network":"Gautrain Bus"},"geometry":{"type":"LineString","coordinates":[[28.1858,-25.89257],[28.18525,-25.89261]]}},{"type":"Feature","properties":{"id":"relation/3278185","name":"Centurion - Techno Park (Gautrain C1)","network":"Gautrain Bus"},"geometry":{"type":"LineString","coordinates":[[28.18525,-25.89255],[28.1858,-25.89257]]}},{"type":"Feature","properties":{"id":"relation/3278185","name":"Centurion - Techno Park (Gautrain C1)","network":"Gautrain Bus"},"geometry":{"type":"LineString","coordinates":[[28.18441,-25.89256],[28.1851,-25.89255],[28.18525,-25.89255]]}},{"type":"Feature","properties":{"id":"relation/3278185","name":"Centurion - Techno Park (Gautrain C1)","network":"Gautrain Bus"},"geometry":{"type":"LineString","coordinates":[[28.18433,-25.89256],[28.18441,-25.89256]]}},{"type":"Feature","properties":{"id":"relation/3278185","name":"Centurion - Techno Park (Gautrain C1)","network":"Gautrain Bus"},"geometry":{"type":"LineString","coordinates":[[28.18371,-25.89258],[28.18433,-25.89256]]}},{"type":"Feature","properties":{"id":"relation/3278185","name":"Centurion - Techno Park (Gautrain C1)","network":"Gautrain Bus"},"geometry":{"type":"LineString","coordinates":[[28.18301,-25.89263],[28.18371,-25.89258]]}},{"type":"Feature","properties":{"id":"relation/3278185","name":"Centurion - Techno Park (Gautrain C1)","network":"Gautrain Bus"},"geometry":{"type":"LineString","coordinates":[[28.18301,-25.89263],[28.18245,-25.89264]]}},{"type":"Feature","properties":{"id":"relation/3278185","name":"Centurion - Techno Park (Gautrain C1)","network":"Gautrain Bus"},"geometry":{"type":"LineString","coordinates":[[28.18127,-25.89266],[28.18245,-25.89264]]}},{"type":"Feature","properties":{"id":"relation/3278185","name":"Centurion - Techno Park (Gautrain C1)","network":"Gautrain Bus"},"geometry":{"type":"LineString","coordinates":[[28.1807,-25.89268],[28.18116,-25.89267],[28.18127,-25.89266]]}},{"type":"Feature","properties":{"id":"relation/3278185","name":"Centurion - Techno Park (Gautrain C1)","network":"Gautrain Bus"},"geometry":{"type":"LineString","coordinates":[[28.17855,-25.89269],[28.17937,-25.89267],[28.17996,-25.89266],[28.18042,-25.89267],[28.1807,-25.89268]]}},{"type":"Feature","properties":{"id":"relation/3278185","name":"Centurion - Techno Park (Gautrain C1)","network":"Gautrain Bus"},"geometry":{"type":"LineString","coordinates":[[28.17761,-25.89271],[28.17808,-25.8927],[28.17855,-25.89269]]}},{"type":"Feature","properties":{"id":"relation/3278185","name":"Centurion - Techno Park (Gautrain C1)","network":"Gautrain Bus"},"geometry":{"type":"LineString","coordinates":[[28.17641,-25.89271],[28.17674,-25.89273],[28.17695,-25.89273],[28.17761,-25.89271]]}},{"type":"Feature","properties":{"id":"relation/3278185","name":"Centurion - Techno Park (Gautrain C1)","network":"Gautrain Bus"},"geometry":{"type":"LineString","coordinates":[[28.17583,-25.89265],[28.17605,-25.89268],[28.17641,-25.89271]]}},{"type":"Feature","properties":{"id":"relation/3278185","name":"Centurion - Techno Park (Gautrain C1)","network":"Gautrain Bus"},"geometry":{"type":"LineString","coordinates":[[28.17368,-25.89234],[28.1738,-25.89236],[28.17568,-25.89263],[28.17583,-25.89265]]}},{"type":"Feature","properties":{"id":"relation/3278185","name":"Centurion - Techno Park (Gautrain C1)","network":"Gautrain Bus"},"geometry":{"type":"LineString","coordinates":[[28.16668,-25.89178],[28.16728,-25.89177],[28.16753,-25.89179],[28.16807,-25.89185],[28.16896,-25.89193],[28.16957,-25.89198],[28.1702,-25.89203],[28.1707,-25.89207],[28.17091,-25.89209],[28.17092,-25.89209],[28.17165,-25.89215],[28.17262,-25.89224],[28.17314,-25.89228],[28.17368,-25.89234]]}},{"type":"Feature","properties":{"id":"relation/3278185","name":"Centurion - Techno Park (Gautrain C1)","network":"Gautrain Bus"},"geometry":{"type":"LineString","coordinates":[[28.17581,-25.89281],[28.17366,-25.89261],[28.17285,-25.89253],[28.17236,-25.89248],[28.17197,-25.89244],[28.17166,-25.8924],[28.17084,-25.8923],[28.17073,-25.89229],[28.17062,-25.89228],[28.16954,-25.89213],[28.1688,-25.89206],[28.16828,-25.892],[28.16728,-25.89186],[28.16668,-25.89178]]}},{"type":"Feature","properties":{"id":"relation/3278185","name":"Centurion - Techno Park (Gautrain C1)","network":"Gautrain Bus"},"geometry":{"type":"LineString","coordinates":[[28.1807,-25.89268],[28.18043,-25.89269],[28.17992,-25.89272],[28.17967,-25.89273]]}},{"type":"Feature","properties":{"id":"relation/3278185","name":"Centurion - Techno Park (Gautrain C1)","network":"Gautrain Bus"},"geometry":{"type":"LineString","coordinates":[[28.17967,-25.89273],[28.17854,-25.89277]]}},{"type":"Feature","properties":{"id":"relation/3278185","name":"Centurion - Techno Park (Gautrain C1)","network":"Gautrain Bus"},"geometry":{"type":"LineString","coordinates":[[28.17854,-25.89277],[28.17799,-25.8928]]}},{"type":"Feature","properties":{"id":"relation/3278185","name":"Centurion - Techno Park (Gautrain C1)","network":"Gautrain Bus"},"geometry":{"type":"LineString","coordinates":[[28.17799,-25.8928],[28.17739,-25.89282],[28.17689,-25.89284],[28.17668,-25.89284],[28.17639,-25.89284]]}},{"type":"Feature","properties":{"id":"relation/3278185","name":"Centurion - Techno Park (Gautrain C1)","network":"Gautrain Bus"},"geometry":{"type":"LineString","coordinates":[[28.19859,-25.88582],[28.19873,-25.88563],[28.19884,-25.88547],[28.19899,-25.8852],[28.19917,-25.88486],[28.19986,-25.88364],[28.2001,-25.88322],[28.20036,-25.88285]]}},{"type":"Feature","properties":{"id":"relation/3278185","name":"Centurion - Techno Park (Gautrain C1)","network":"Gautrain Bus"},"geometry":{"type":"LineString","coordinates":[[28.20036,-25.88285],[28.20052,-25.8825]]}},{"type":"Feature","properties":{"id":"relation/3278185","name":"Centurion - Techno Park (Gautrain C1)","network":"Gautrain Bus"},"geometry":{"type":"LineString","coordinates":[[28.20066,-25.8826],[28.20036,-25.88285]]}},{"type":"Feature","properties":{"id":"relation/3278185","name":"Centurion - Techno Park (Gautrain C1)","network":"Gautrain Bus"},"geometry":{"type":"LineString","coordinates":[[28.20052,-25.8825],[28.20051,-25.88245],[28.20052,-25.8824],[28.20054,-25.88236],[28.20058,-25.88232],[28.20063,-25.8823],[28.20068,-25.88229],[28.20074,-25.8823]]}},{"type":"Feature","properties":{"id":"relation/3278185","name":"Centurion - Techno Park (Gautrain C1)","network":"Gautrain Bus"},"geometry":{"type":"LineString","coordinates":[[28.20074,-25.8823],[28.20078,-25.88232],[28.20082,-25.88235],[28.20084,-25.88239],[28.20085,-25.88243],[28.20085,-25.88248],[28.20083,-25.88252],[28.2008,-25.88256],[28.20076,-25.88258],[28.20071,-25.8826],[28.20066,-25.8826],[28.20062,-25.88259],[28.20058,-25.88257],[28.20054,-25.88254],[28.20052,-25.8825]]}},{"type":"Feature","properties":{"id":"relation/3278185","name":"Centurion - Techno Park (Gautrain C1)","network":"Gautrain Bus"},"geometry":{"type":"LineString","coordinates":[[28.20074,-25.8823],[28.20089,-25.88225],[28.20104,-25.88219]]}},{"type":"Feature","properties":{"id":"relation/3278185","name":"Centurion - Techno Park (Gautrain C1)","network":"Gautrain Bus"},"geometry":{"type":"LineString","coordinates":[[28.20107,-25.88227],[28.20102,-25.88229],[28.20096,-25.88233],[28.20085,-25.88243]]}},{"type":"Feature","properties":{"id":"relation/3278185","name":"Centurion - Techno Park (Gautrain C1)","network":"Gautrain Bus"},"geometry":{"type":"LineString","coordinates":[[28.20104,-25.88219],[28.20136,-25.88204],[28.20282,-25.88135]]}},{"type":"Feature","properties":{"id":"relation/3278185","name":"Centurion - Techno Park (Gautrain C1)","network":"Gautrain Bus"},"geometry":{"type":"LineString","coordinates":[[28.20339,-25.88119],[28.20145,-25.8821],[28.20107,-25.88227]]}},{"type":"Feature","properties":{"id":"relation/3278185","name":"Centurion - Techno Park (Gautrain C1)","network":"Gautrain Bus"},"geometry":{"type":"LineString","coordinates":[[28.20282,-25.88135],[28.20304,-25.88123]]}},{"type":"Feature","properties":{"id":"relation/3278185","name":"Centurion - Techno Park (Gautrain C1)","network":"Gautrain Bus"},"geometry":{"type":"LineString","coordinates":[[28.20304,-25.88123],[28.20354,-25.881]]}},{"type":"Feature","properties":{"id":"relation/3278185","name":"Centurion - Techno Park (Gautrain C1)","network":"Gautrain Bus"},"geometry":{"type":"LineString","coordinates":[[28.20361,-25.88107],[28.20339,-25.88119]]}},{"type":"Feature","properties":{"id":"relation/3278185","name":"Centurion - Techno Park (Gautrain C1)","network":"Gautrain Bus"},"geometry":{"type":"LineString","coordinates":[[28.20354,-25.881],[28.20372,-25.88091]]}},{"type":"Feature","properties":{"id":"relation/3278185","name":"Centurion - Techno Park (Gautrain C1)","network":"Gautrain Bus"},"geometry":{"type":"LineString","coordinates":[[28.20379,-25.88099],[28.20361,-25.88107]]}},{"type":"Feature","properties":{"id":"relation/3278185","name":"Centurion - Techno Park (Gautrain C1)","network":"Gautrain Bus"},"geometry":{"type":"LineString","coordinates":[[28.20372,-25.88091],[28.20424,-25.88066]]}},{"type":"Feature","properties":{"id":"relation/3278185","name":"Centurion - Techno Park (Gautrain C1)","network":"Gautrain Bus"},"geometry":{"type":"LineString","coordinates":[[28.20428,-25.88072],[28.20379,-25.88099]]}},{"type":"Feature","properties":{"id":"relation/3278185","name":"Centurion - Techno Park (Gautrain C1)","network":"Gautrain Bus"},"geometry":{"type":"LineString","coordinates":[[28.20424,-25.88066],[28.2049,-25.88035],[28.20511,-25.88026],[28.20525,-25.8802],[28.20536,-25.88016]]}},{"type":"Feature","properties":{"id":"relation/3278185","name":"Centurion - Techno Park (Gautrain C1)","network":"Gautrain Bus"},"geometry":{"type":"LineString","coordinates":[[28.20459,-25.88057],[28.20428,-25.88072]]}},{"type":"Feature","properties":{"id":"relation/3278185","name":"Centurion - Techno Park (Gautrain C1)","network":"Gautrain Bus"},"geometry":{"type":"LineString","coordinates":[[28.20495,-25.88039],[28.20459,-25.88057]]}},{"type":"Feature","properties":{"id":"relation/3278185","name":"Centurion - Techno Park (Gautrain C1)","network":"Gautrain Bus"},"geometry":{"type":"LineString","coordinates":[[28.20536,-25.88016],[28.20526,-25.88024],[28.20512,-25.88031],[28.20495,-25.88039]]}},{"type":"Feature","properties":{"id":"relation/3278185","name":"Centurion - Techno Park (Gautrain C1)","network":"Gautrain Bus"},"geometry":{"type":"LineString","coordinates":[[28.20536,-25.88016],[28.20579,-25.87994],[28.20639,-25.87962],[28.20699,-25.8793],[28.20742,-25.87907],[28.20799,-25.87878],[28.20838,-25.87859]]}},{"type":"Feature","properties":{"id":"relation/3278185","name":"Centurion - Techno Park (Gautrain C1)","network":"Gautrain Bus"},"geometry":{"type":"LineString","coordinates":[[28.20838,-25.87859],[28.20847,-25.87855],[28.20862,-25.87846]]}},{"type":"Feature","properties":{"id":"relation/3278185","name":"Centurion - Techno Park (Gautrain C1)","network":"Gautrain Bus"},"geometry":{"type":"LineString","coordinates":[[28.20862,-25.87846],[28.20916,-25.87816],[28.20949,-25.87799],[28.20983,-25.8778],[28.21018,-25.87761],[28.21053,-25.87741],[28.21068,-25.87733],[28.21087,-25.87722]]}},{"type":"Feature","properties":{"id":"relation/3278185","name":"Centurion - Techno Park (Gautrain C1)","network":"Gautrain Bus"},"geometry":{"type":"LineString","coordinates":[[28.21087,-25.87722],[28.21102,-25.87712],[28.21119,-25.87701],[28.21132,-25.87692],[28.21143,-25.87682]]}},{"type":"Feature","properties":{"id":"relation/3278185","name":"Centurion - Techno Park (Gautrain C1)","network":"Gautrain Bus"},"geometry":{"type":"LineString","coordinates":[[28.21143,-25.87682],[28.21144,-25.8768],[28.21145,-25.87679],[28.21147,-25.87677],[28.21149,-25.87676],[28.21152,-25.87676],[28.21156,-25.87677]]}},{"type":"Feature","properties":{"id":"relation/3278185","name":"Centurion - Techno Park (Gautrain C1)","network":"Gautrain Bus"},"geometry":{"type":"LineString","coordinates":[[28.21156,-25.87677],[28.21158,-25.87679],[28.21159,-25.87682],[28.21159,-25.87685],[28.21158,-25.87687],[28.21156,-25.87689],[28.21153,-25.8769],[28.2115,-25.8769],[28.21147,-25.87689],[28.21145,-25.87687],[28.21144,-25.87685],[28.21143,-25.87682]]}},{"type":"Feature","properties":{"id":"relation/3278185","name":"Centurion - Techno Park (Gautrain C1)","network":"Gautrain Bus"},"geometry":{"type":"LineString","coordinates":[[28.2115,-25.8769],[28.21135,-25.87698],[28.21122,-25.87705],[28.21111,-25.87711],[28.21104,-25.87715],[28.21097,-25.87718],[28.21087,-25.87722]]}},{"type":"Feature","properties":{"id":"relation/3278185","name":"Centurion - Techno Park (Gautrain C1)","network":"Gautrain Bus"},"geometry":{"type":"LineString","coordinates":[[28.21156,-25.87677],[28.2116,-25.87675],[28.21164,-25.87674],[28.21167,-25.87674],[28.21169,-25.87673],[28.21178,-25.8767],[28.2119,-25.87665],[28.21199,-25.87662]]}},{"type":"Feature","properties":{"id":"relation/3278185","name":"Centurion - Techno Park (Gautrain C1)","network":"Gautrain Bus"},"geometry":{"type":"LineString","coordinates":[[28.21199,-25.87662],[28.21192,-25.87667],[28.21179,-25.87674],[28.21173,-25.87678],[28.2117,-25.87679],[28.21167,-25.87681],[28.21164,-25.87682],[28.21159,-25.87685]]}},{"type":"Feature","properties":{"id":"relation/3278185","name":"Centurion - Techno Park (Gautrain C1)","network":"Gautrain Bus"},"geometry":{"type":"LineString","coordinates":[[28.21199,-25.87662],[28.2121,-25.87656],[28.21221,-25.8765],[28.21226,-25.87648],[28.21247,-25.87637],[28.21258,-25.87633],[28.21268,-25.8763],[28.21274,-25.87629],[28.2128,-25.87628],[28.21284,-25.87628],[28.21294,-25.87629],[28.21304,-25.8763],[28.21316,-25.87633],[28.21325,-25.87637],[28.21332,-25.8764],[28.21338,-25.87643],[28.21349,-25.87651]]}},{"type":"Feature","properties":{"id":"relation/3278185","name":"Centurion - Techno Park (Gautrain C1)","network":"Gautrain Bus"},"geometry":{"type":"LineString","coordinates":[[28.21349,-25.87651],[28.21367,-25.87658]]}},{"type":"Feature","properties":{"id":"relation/3278185","name":"Centurion - Techno Park (Gautrain C1)","network":"Gautrain Bus"},"geometry":{"type":"LineString","coordinates":[[28.21367,-25.87658],[28.21368,-25.87657],[28.21371,-25.87658],[28.21373,-25.87659],[28.21374,-25.8766],[28.21375,-25.87662]]}},{"type":"Feature","properties":{"id":"relation/3278185","name":"Centurion - Techno Park (Gautrain C1)","network":"Gautrain Bus"},"geometry":{"type":"LineString","coordinates":[[28.21392,-25.87679],[28.21387,-25.87677],[28.21381,-25.87674],[28.2137,-25.87668]]}},{"type":"Feature","properties":{"id":"relation/3278185","name":"Centurion - Techno Park (Gautrain C1)","network":"Gautrain Bus"},"geometry":{"type":"LineString","coordinates":[[28.21363,-25.87662],[28.21357,-25.87658],[28.21353,-25.87655],[28.21351,-25.87653],[28.21349,-25.87651]]}},{"type":"Feature","properties":{"id":"relation/3278185","name":"Centurion - Techno Park (Gautrain C1)","network":"Gautrain Bus"},"geometry":{"type":"LineString","coordinates":[[28.21375,-25.87662],[28.21375,-25.87664],[28.21374,-25.87666],[28.21372,-25.87667],[28.2137,-25.87668],[28.21367,-25.87668],[28.21365,-25.87667],[28.21363,-25.87664],[28.21363,-25.87662]]}},{"type":"Feature","properties":{"id":"relation/3278185","name":"Centurion - Techno Park (Gautrain C1)","network":"Gautrain Bus"},"geometry":{"type":"LineString","coordinates":[[28.21363,-25.87662],[28.21364,-25.8766],[28.21365,-25.87659],[28.21367,-25.87658]]}},{"type":"Feature","properties":{"id":"relation/3278185","name":"Centurion - Techno Park (Gautrain C1)","network":"Gautrain Bus"},"geometry":{"type":"LineString","coordinates":[[28.21375,-25.87662],[28.21385,-25.87671],[28.21389,-25.87675],[28.21392,-25.87679]]}},{"type":"Feature","properties":{"id":"relation/3278185","name":"Centurion - Techno Park (Gautrain C1)","network":"Gautrain Bus"},"geometry":{"type":"LineString","coordinates":[[28.21392,-25.87679],[28.21397,-25.87682],[28.21408,-25.87689],[28.21414,-25.87693],[28.21502,-25.8775],[28.21518,-25.87759],[28.2152,-25.87761],[28.21525,-25.87764],[28.21532,-25.87766],[28.21539,-25.87768],[28.21564,-25.87774],[28.21593,-25.87781],[28.2161,-25.87783],[28.21626,-25.87786],[28.21642,-25.87788],[28.21652,-25.8779],[28.2166,-25.87791],[28.21669,-25.87792],[28.21676,-25.87793],[28.21687,-25.87793],[28.21693,-25.87794],[28.21705,-25.87794],[28.21713,-25.87793],[28.21722,-25.87793],[28.21744,-25.87792],[28.21765,-25.8779],[28.21797,-25.87787],[28.21814,-25.87786],[28.21848,-25.87783]]}},{"type":"Feature","properties":{"id":"relation/3278185","name":"Centurion - Techno Park (Gautrain C1)","network":"Gautrain Bus"},"geometry":{"type":"LineString","coordinates":[[28.21848,-25.87783],[28.2187,-25.87781],[28.21907,-25.87778],[28.21915,-25.87777],[28.21942,-25.87774]]}},{"type":"Feature","properties":{"id":"relation/3278185","name":"Centurion - Techno Park (Gautrain C1)","network":"Gautrain Bus"},"geometry":{"type":"LineString","coordinates":[[28.21942,-25.87774],[28.22032,-25.87767]]}},{"type":"Feature","properties":{"id":"relation/3278185","name":"Centurion - Techno Park (Gautrain C1)","network":"Gautrain Bus"},"geometry":{"type":"LineString","coordinates":[[28.22032,-25.87767],[28.22067,-25.87764],[28.2214,-25.87757],[28.22147,-25.87756],[28.22233,-25.87748],[28.223,-25.87743]]}},{"type":"Feature","properties":{"id":"relation/3278185","name":"Centurion - Techno Park (Gautrain C1)","network":"Gautrain Bus"},"geometry":{"type":"LineString","coordinates":[[28.223,-25.87743],[28.22348,-25.87738]]}},{"type":"Feature","properties":{"id":"relation/3278185","name":"Centurion - Techno Park (Gautrain C1)","network":"Gautrain Bus"},"geometry":{"type":"LineString","coordinates":[[28.22348,-25.87738],[28.22439,-25.87731]]}},{"type":"Feature","properties":{"id":"relation/3278185","name":"Centurion - Techno Park (Gautrain C1)","network":"Gautrain Bus"},"geometry":{"type":"LineString","coordinates":[[28.22439,-25.87731],[28.22451,-25.8773]]}},{"type":"Feature","properties":{"id":"relation/3278185","name":"Centurion - Techno Park (Gautrain C1)","network":"Gautrain Bus"},"geometry":{"type":"LineString","coordinates":[[28.22451,-25.8773],[28.22482,-25.87727],[28.22545,-25.87721],[28.22613,-25.87714],[28.22668,-25.87707],[28.22686,-25.87704],[28.22695,-25.87702],[28.22776,-25.87683],[28.2278,-25.87682],[28.22804,-25.87674],[28.22815,-25.87671],[28.22824,-25.87667],[28.22833,-25.87664],[28.22861,-25.87652],[28.22872,-25.87648],[28.2288,-25.87644],[28.22898,-25.87636],[28.22908,-25.8763],[28.22918,-25.87626],[28.22935,-25.87616],[28.22948,-25.87609],[28.22958,-25.87604],[28.22968,-25.87597],[28.22978,-25.87591],[28.22994,-25.87581],[28.23003,-25.87575],[28.23008,-25.87571],[28.23018,-25.87564],[28.23024,-25.8756],[28.23036,-25.87551],[28.23045,-25.87543],[28.23054,-25.87537],[28.23061,-25.87531],[28.23066,-25.87526],[28.2307,-25.87522],[28.23088,-25.87506],[28.23108,-25.87487],[28.23118,-25.87477],[28.23127,-25.87466],[28.23137,-25.87456],[28.23141,-25.8745],[28.23147,-25.87444],[28.23152,-25.87438],[28.23164,-25.87422],[28.23178,-25.87404],[28.23194,-25.87381]]}},{"type":"Feature","properties":{"id":"relation/3278185","name":"Centurion - Techno Park (Gautrain C1)","network":"Gautrain Bus"},"geometry":{"type":"LineString","coordinates":[[28.23194,-25.87381],[28.23201,-25.87372],[28.23218,-25.87347],[28.23247,-25.87305]]}},{"type":"Feature","properties":{"id":"relation/3278185","name":"Centurion - Techno Park (Gautrain C1)","network":"Gautrain Bus"},"geometry":{"type":"LineString","coordinates":[[28.23247,-25.87305],[28.23273,-25.87267],[28.23289,-25.87243],[28.23293,-25.87238]]}},{"type":"Feature","properties":{"id":"relation/3278185","name":"Centurion - Techno Park (Gautrain C1)","network":"Gautrain Bus"},"geometry":{"type":"LineString","coordinates":[[28.23293,-25.87238],[28.23318,-25.87201],[28.23336,-25.87175]]}},{"type":"Feature","properties":{"id":"relation/3278185","name":"Centurion - Techno Park (Gautrain C1)","network":"Gautrain Bus"},"geometry":{"type":"LineString","coordinates":[[28.23336,-25.87175],[28.2335,-25.87156],[28.23361,-25.8714],[28.23374,-25.87122],[28.23391,-25.87096],[28.23411,-25.87068],[28.2343,-25.87042],[28.2345,-25.87013],[28.23486,-25.8696]]}},{"type":"Feature","properties":{"id":"relation/3278185","name":"Centurion - Techno Park (Gautrain C1)","network":"Gautrain Bus"},"geometry":{"type":"LineString","coordinates":[[28.23486,-25.8696],[28.23503,-25.86934],[28.23521,-25.86909]]}},{"type":"Feature","properties":{"id":"relation/3278185","name":"Centurion - Techno Park (Gautrain C1)","network":"Gautrain Bus"},"geometry":{"type":"LineString","coordinates":[[28.23521,-25.86909],[28.23532,-25.86893]]}},{"type":"Feature","properties":{"id":"relation/3278185","name":"Centurion - Techno Park (Gautrain C1)","network":"Gautrain Bus"},"geometry":{"type":"LineString","coordinates":[[28.23532,-25.86893],[28.23551,-25.86865],[28.23559,-25.86854]]}},{"type":"Feature","properties":{"id":"relation/3278185","name":"Centurion - Techno Park (Gautrain C1)","network":"Gautrain Bus"},"geometry":{"type":"LineString","coordinates":[[28.23559,-25.86854],[28.23569,-25.86839],[28.23585,-25.86815],[28.23607,-25.86784],[28.23648,-25.86721],[28.23762,-25.86561],[28.2381,-25.86493],[28.23839,-25.86454],[28.23879,-25.86413],[28.23901,-25.86393],[28.23939,-25.86363],[28.23966,-25.86343],[28.23995,-25.86327],[28.24036,-25.86305],[28.24087,-25.86283],[28.24128,-25.8627],[28.24175,-25.86257],[28.24246,-25.86246],[28.24272,-25.86244],[28.24356,-25.86243],[28.24371,-25.86244],[28.24416,-25.86249],[28.24431,-25.86251]]}},{"type":"Feature","properties":{"id":"relation/3278185","name":"Centurion - Techno Park (Gautrain C1)","network":"Gautrain Bus"},"geometry":{"type":"LineString","coordinates":[[28.24431,-25.86251],[28.24449,-25.86253],[28.24462,-25.86255],[28.24506,-25.86264]]}},{"type":"Feature","properties":{"id":"relation/3278188","name":"Centurion - Rooihuiskraal (Gautrain C2)","network":"Gautrain Bus"},"geometry":{"type":"LineString","coordinates":[[28.18983,-25.85181],[28.18981,-25.85179],[28.1898,-25.85175],[28.1898,-25.85172],[28.18979,-25.85169],[28.1898,-25.85163],[28.18979,-25.85159]]}},{"type":"Feature","properties":{"id":"relation/3278188","name":"Centurion - Rooihuiskraal (Gautrain C2)","network":"Gautrain Bus"},"geometry":{"type":"LineString","coordinates":[[28.18979,-25.85159],[28.18977,-25.85155],[28.1897,-25.85147]]}},{"type":"Feature","properties":{"id":"relation/3278188","name":"Centurion - Rooihuiskraal (Gautrain C2)","network":"Gautrain Bus"},"geometry":{"type":"LineString","coordinates":[[28.1897,-25.85147],[28.18968,-25.85148],[28.18965,-25.85149],[28.18962,-25.85149],[28.1896,-25.85148],[28.18957,-25.85147]]}},{"type":"Feature","properties":{"id":"relation/3278188","name":"Centurion - Rooihuiskraal (Gautrain C2)","network":"Gautrain Bus"},"geometry":{"type":"LineString","coordinates":[[28.18957,-25.85147],[28.18953,-25.85149]]}},{"type":"Feature","properties":{"id":"relation/3278188","name":"Centurion - Rooihuiskraal (Gautrain C2)","network":"Gautrain Bus"},"geometry":{"type":"LineString","coordinates":[[28.18953,-25.85149],[28.18927,-25.85163]]}},{"type":"Feature","properties":{"id":"relation/3278188","name":"Centurion - Rooihuiskraal (Gautrain C2)","network":"Gautrain Bus"},"geometry":{"type":"LineString","coordinates":[[28.18927,-25.85163],[28.18916,-25.85175]]}},{"type":"Feature","properties":{"id":"relation/3278188","name":"Centurion - Rooihuiskraal (Gautrain C2)","network":"Gautrain Bus"},"geometry":{"type":"LineString","coordinates":[[28.18916,-25.85175],[28.18931,-25.85198],[28.18999,-25.85298],[28.19007,-25.85309],[28.19016,-25.85321]]}},{"type":"Feature","properties":{"id":"relation/3278188","name":"Centurion - Rooihuiskraal (Gautrain C2)","network":"Gautrain Bus"},"geometry":{"type":"LineString","coordinates":[[28.19016,-25.85321],[28.19024,-25.85329],[28.19042,-25.85343],[28.19081,-25.85372]]}},{"type":"Feature","properties":{"id":"relation/3278188","name":"Centurion - Rooihuiskraal (Gautrain C2)","network":"Gautrain Bus"},"geometry":{"type":"LineString","coordinates":[[28.19081,-25.85372],[28.19108,-25.85396]]}},{"type":"Feature","properties":{"id":"relation/3278188","name":"Centurion - Rooihuiskraal (Gautrain C2)","network":"Gautrain Bus"},"geometry":{"type":"LineString","coordinates":[[28.19108,-25.85396],[28.19127,-25.8541]]}},{"type":"Feature","properties":{"id":"relation/3278188","name":"Centurion - Rooihuiskraal (Gautrain C2)","network":"Gautrain Bus"},"geometry":{"type":"LineString","coordinates":[[28.19127,-25.8541],[28.19135,-25.85415],[28.19151,-25.85426]]}},{"type":"Feature","properties":{"id":"relation/3278188","name":"Centurion - Rooihuiskraal (Gautrain C2)","network":"Gautrain Bus"},"geometry":{"type":"LineString","coordinates":[[28.19151,-25.85426],[28.19161,-25.85434],[28.19199,-25.85462]]}},{"type":"Feature","properties":{"id":"relation/3278188","name":"Centurion - Rooihuiskraal (Gautrain C2)","network":"Gautrain Bus"},"geometry":{"type":"LineString","coordinates":[[28.19199,-25.85462],[28.19235,-25.85488],[28.1928,-25.85523]]}},{"type":"Feature","properties":{"id":"relation/3278188","name":"Centurion - Rooihuiskraal (Gautrain C2)","network":"Gautrain Bus"},"geometry":{"type":"LineString","coordinates":[[28.1928,-25.85523],[28.19291,-25.85532]]}},{"type":"Feature","properties":{"id":"relation/3278188","name":"Centurion - Rooihuiskraal (Gautrain C2)","network":"Gautrain Bus"},"geometry":{"type":"LineString","coordinates":[[28.19291,-25.85532],[28.19282,-25.85543]]}},{"type":"Feature","properties":{"id":"relation/3278188","name":"Centurion - Rooihuiskraal (Gautrain C2)","network":"Gautrain Bus"},"geometry":{"type":"LineString","coordinates":[[28.19282,-25.85543],[28.19252,-25.85578],[28.19233,-25.85607]]}},{"type":"Feature","properties":{"id":"relation/3278188","name":"Centurion - Rooihuiskraal (Gautrain C2)","network":"Gautrain Bus"},"geometry":{"type":"LineString","coordinates":[[28.19233,-25.85607],[28.19225,-25.85624],[28.19195,-25.85695]]}},{"type":"Feature","properties":{"id":"relation/3278188","name":"Centurion - Rooihuiskraal (Gautrain C2)","network":"Gautrain Bus"},"geometry":{"type":"LineString","coordinates":[[28.19195,-25.85695],[28.19183,-25.85722]]}},{"type":"Feature","properties":{"id":"relation/3278188","name":"Centurion - Rooihuiskraal (Gautrain C2)","network":"Gautrain Bus"},"geometry":{"type":"LineString","coordinates":[[28.19183,-25.85722],[28.19158,-25.85783]]}},{"type":"Feature","properties":{"id":"relation/3278188","name":"Centurion - Rooihuiskraal (Gautrain C2)","network":"Gautrain Bus"},"geometry":{"type":"LineString","coordinates":[[28.19158,-25.85783],[28.19151,-25.85796],[28.19147,-25.85804],[28.19129,-25.85838]]}},{"type":"Feature","properties":{"id":"relation/3278188","name":"Centurion - Rooihuiskraal (Gautrain C2)","network":"Gautrain Bus"},"geometry":{"type":"LineString","coordinates":[[28.19129,-25.85838],[28.19122,-25.85847],[28.19085,-25.8589],[28.19082,-25.85895]]}},{"type":"Feature","properties":{"id":"relation/3278188","name":"Centurion - Rooihuiskraal (Gautrain C2)","network":"Gautrain Bus"},"geometry":{"type":"LineString","coordinates":[[28.19082,-25.85895],[28.19061,-25.85917],[28.19056,-25.85923],[28.19045,-25.85934],[28.18986,-25.85999]]}},{"type":"Feature","properties":{"id":"relation/3278188","name":"Centurion - Rooihuiskraal (Gautrain C2)","network":"Gautrain Bus"},"geometry":{"type":"LineString","coordinates":[[28.18986,-25.85999],[28.18966,-25.86021]]}},{"type":"Feature","properties":{"id":"relation/3278188","name":"Centurion - Rooihuiskraal (Gautrain C2)","network":"Gautrain Bus"},"geometry":{"type":"LineString","coordinates":[[28.18966,-25.86021],[28.18927,-25.86064],[28.18923,-25.86068],[28.18882,-25.86112]]}},{"type":"Feature","properties":{"id":"relation/3278188","name":"Centurion - Rooihuiskraal (Gautrain C2)","network":"Gautrain Bus"},"geometry":{"type":"LineString","coordinates":[[28.18882,-25.86112],[28.18847,-25.8615]]}},{"type":"Feature","properties":{"id":"relation/3278188","name":"Centurion - Rooihuiskraal (Gautrain C2)","network":"Gautrain Bus"},"geometry":{"type":"LineString","coordinates":[[28.18847,-25.8615],[28.18817,-25.86184]]}},{"type":"Feature","properties":{"id":"relation/3278188","name":"Centurion - Rooihuiskraal (Gautrain C2)","network":"Gautrain Bus"},"geometry":{"type":"LineString","coordinates":[[28.18817,-25.86184],[28.18813,-25.86188],[28.18784,-25.86221],[28.18774,-25.86232],[28.18751,-25.86256]]}},{"type":"Feature","properties":{"id":"relation/3278188","name":"Centurion - Rooihuiskraal (Gautrain C2)","network":"Gautrain Bus"},"geometry":{"type":"LineString","coordinates":[[28.18751,-25.86256],[28.18736,-25.86272],[28.18714,-25.86293]]}},{"type":"Feature","properties":{"id":"relation/3278188","name":"Centurion - Rooihuiskraal (Gautrain C2)","network":"Gautrain Bus"},"geometry":{"type":"LineString","coordinates":[[28.18714,-25.86293],[28.18688,-25.86319]]}},{"type":"Feature","properties":{"id":"relation/3278188","name":"Centurion - Rooihuiskraal (Gautrain C2)","network":"Gautrain Bus"},"geometry":{"type":"LineString","coordinates":[[28.18688,-25.86319],[28.1867,-25.86339]]}},{"type":"Feature","properties":{"id":"relation/3278188","name":"Centurion - Rooihuiskraal (Gautrain C2)","network":"Gautrain Bus"},"geometry":{"type":"LineString","coordinates":[[28.1867,-25.86339],[28.18645,-25.86367]]}},{"type":"Feature","properties":{"id":"relation/3278188","name":"Centurion - Rooihuiskraal (Gautrain C2)","network":"Gautrain Bus"},"geometry":{"type":"LineString","coordinates":[[28.18645,-25.86367],[28.18629,-25.86384],[28.18615,-25.86396]]}},{"type":"Feature","properties":{"id":"relation/3278188","name":"Centurion - Rooihuiskraal (Gautrain C2)","network":"Gautrain Bus"},"geometry":{"type":"LineString","coordinates":[[28.18615,-25.86396],[28.18599,-25.86411],[28.1859,-25.86416],[28.18548,-25.86443],[28.18519,-25.86461],[28.18518,-25.86462],[28.18507,-25.86469],[28.1848,-25.86486],[28.18476,-25.86488],[28.18423,-25.86518],[28.18297,-25.86596]]}},{"type":"Feature","properties":{"id":"relation/3278188","name":"Centurion - Rooihuiskraal (Gautrain C2)","network":"Gautrain Bus"},"geometry":{"type":"LineString","coordinates":[[28.18297,-25.86596],[28.1827,-25.86625]]}},{"type":"Feature","properties":{"id":"relation/3278188","name":"Centurion - Rooihuiskraal (Gautrain C2)","network":"Gautrain Bus"},"geometry":{"type":"LineString","coordinates":[[28.1827,-25.86625],[28.18237,-25.86661]]}},{"type":"Feature","properties":{"id":"relation/3278188","name":"Centurion - Rooihuiskraal (Gautrain C2)","network":"Gautrain Bus"},"geometry":{"type":"LineString","coordinates":[[28.18237,-25.86661],[28.18201,-25.86699]]}},{"type":"Feature","properties":{"id":"relation/3278188","name":"Centurion - Rooihuiskraal (Gautrain C2)","network":"Gautrain Bus"},"geometry":{"type":"LineString","coordinates":[[28.18201,-25.86699],[28.18175,-25.86726],[28.18128,-25.86773],[28.1806,-25.86831],[28.18007,-25.86867],[28.17994,-25.86875]]}},{"type":"Feature","properties":{"id":"relation/3278188","name":"Centurion - Rooihuiskraal (Gautrain C2)","network":"Gautrain Bus"},"geometry":{"type":"LineString","coordinates":[[28.17994,-25.86875],[28.17947,-25.86904]]}},{"type":"Feature","properties":{"id":"relation/3278188","name":"Centurion - Rooihuiskraal (Gautrain C2)","network":"Gautrain Bus"},"geometry":{"type":"LineString","coordinates":[[28.17947,-25.86904],[28.17924,-25.86918],[28.17902,-25.86932]]}},{"type":"Feature","properties":{"id":"relation/3278188","name":"Centurion - Rooihuiskraal (Gautrain C2)","network":"Gautrain Bus"},"geometry":{"type":"LineString","coordinates":[[28.17902,-25.86932],[28.17704,-25.87052]]}},{"type":"Feature","properties":{"id":"relation/3278188","name":"Centurion - Rooihuiskraal (Gautrain C2)","network":"Gautrain Bus"},"geometry":{"type":"LineString","coordinates":[[28.17704,-25.87052],[28.17698,-25.87056],[28.17692,-25.87061],[28.17682,-25.87068],[28.1763,-25.87098]]}},{"type":"Feature","properties":{"id":"relation/3278188","name":"Centurion - Rooihuiskraal (Gautrain C2)","network":"Gautrain Bus"},"geometry":{"type":"LineString","coordinates":[[28.1763,-25.87098],[28.17602,-25.87115],[28.17579,-25.8713]]}},{"type":"Feature","properties":{"id":"relation/3278188","name":"Centurion - Rooihuiskraal (Gautrain C2)","network":"Gautrain Bus"},"geometry":{"type":"LineString","coordinates":[[28.17579,-25.8713],[28.17549,-25.87148]]}},{"type":"Feature","properties":{"id":"relation/3278188","name":"Centurion - Rooihuiskraal (Gautrain C2)","network":"Gautrain Bus"},"geometry":{"type":"LineString","coordinates":[[28.17549,-25.87148],[28.17509,-25.87172],[28.17461,-25.87202],[28.17448,-25.87209],[28.17436,-25.87216],[28.17426,-25.87222]]}},{"type":"Feature","properties":{"id":"relation/3278188","name":"Centurion - Rooihuiskraal (Gautrain C2)","network":"Gautrain Bus"},"geometry":{"type":"LineString","coordinates":[[28.17426,-25.87222],[28.17403,-25.87233],[28.17394,-25.87237],[28.1737,-25.8725]]}},{"type":"Feature","properties":{"id":"relation/3278188","name":"Centurion - Rooihuiskraal (Gautrain C2)","network":"Gautrain Bus"},"geometry":{"type":"LineString","coordinates":[[28.1737,-25.8725],[28.17352,-25.87257],[28.17334,-25.87264],[28.1732,-25.87269]]}},{"type":"Feature","properties":{"id":"relation/3278188","name":"Centurion - Rooihuiskraal (Gautrain C2)","network":"Gautrain Bus"},"geometry":{"type":"LineString","coordinates":[[28.1732,-25.87269],[28.17302,-25.87275],[28.17283,-25.87279],[28.17274,-25.87282],[28.17254,-25.87286],[28.17246,-25.87288]]}},{"type":"Feature","properties":{"id":"relation/3278188","name":"Centurion - Rooihuiskraal (Gautrain C2)","network":"Gautrain Bus"},"geometry":{"type":"LineString","coordinates":[[28.17246,-25.87288],[28.17207,-25.87296],[28.17168,-25.87303],[28.17133,-25.87308],[28.17109,-25.87311],[28.17092,-25.87312],[28.17067,-25.87314]]}},{"type":"Feature","properties":{"id":"relation/3278188","name":"Centurion - Rooihuiskraal (Gautrain C2)","network":"Gautrain Bus"},"geometry":{"type":"LineString","coordinates":[[28.16929,-25.87309],[28.1696,-25.87312],[28.16989,-25.87314],[28.17027,-25.87315],[28.17048,-25.87315],[28.17067,-25.87314]]}},{"type":"Feature","properties":{"id":"relation/3278188","name":"Centurion - Rooihuiskraal (Gautrain C2)","network":"Gautrain Bus"},"geometry":{"type":"LineString","coordinates":[[28.16883,-25.87303],[28.16929,-25.87309]]}},{"type":"Feature","properties":{"id":"relation/3278188","name":"Centurion - Rooihuiskraal (Gautrain C2)","network":"Gautrain Bus"},"geometry":{"type":"LineString","coordinates":[[28.16883,-25.87303],[28.16859,-25.87303],[28.1684,-25.87303],[28.16821,-25.87302],[28.16804,-25.87301],[28.16787,-25.87303],[28.16769,-25.87306],[28.16748,-25.87312],[28.16737,-25.87317],[28.16729,-25.8732],[28.16718,-25.87327],[28.16704,-25.87335],[28.16688,-25.87348],[28.16675,-25.87361],[28.16663,-25.87375],[28.16615,-25.87428],[28.16577,-25.8747],[28.16515,-25.87543],[28.16509,-25.87549],[28.16498,-25.8756],[28.16495,-25.87564],[28.1647,-25.8759],[28.1643,-25.87637],[28.16406,-25.87662],[28.1637,-25.877],[28.16364,-25.87708],[28.16355,-25.87718],[28.16344,-25.87728],[28.16331,-25.87737],[28.16316,-25.87745],[28.16305,-25.8775],[28.16291,-25.87754]]}},{"type":"Feature","properties":{"id":"relation/3278188","name":"Centurion - Rooihuiskraal (Gautrain C2)","network":"Gautrain Bus"},"geometry":{"type":"LineString","coordinates":[[28.16291,-25.87754],[28.16222,-25.87767]]}},{"type":"Feature","properties":{"id":"relation/3278188","name":"Centurion - Rooihuiskraal (Gautrain C2)","network":"Gautrain Bus"},"geometry":{"type":"LineString","coordinates":[[28.16222,-25.87767],[28.16182,-25.87776]]}},{"type":"Feature","properties":{"id":"relation/3278188","name":"Centurion - Rooihuiskraal (Gautrain C2)","network":"Gautrain Bus"},"geometry":{"type":"LineString","coordinates":[[28.16182,-25.87776],[28.16153,-25.87781]]}},{"type":"Feature","properties":{"id":"relation/3278188","name":"Centurion - Rooihuiskraal (Gautrain C2)","network":"Gautrain Bus"},"geometry":{"type":"LineString","coordinates":[[28.16153,-25.87781],[28.16153,-25.87772]]}},{"type":"Feature","properties":{"id":"relation/3278188","name":"Centurion - Rooihuiskraal (Gautrain C2)","network":"Gautrain Bus"},"geometry":{"type":"LineString","coordinates":[[28.16153,-25.87772],[28.16157,-25.87717]]}},{"type":"Feature","properties":{"id":"relation/3278188","name":"Centurion - Rooihuiskraal (Gautrain C2)","network":"Gautrain Bus"},"geometry":{"type":"LineString","coordinates":[[28.16157,-25.87717],[28.16159,-25.87682]]}},{"type":"Feature","properties":{"id":"relation/3278188","name":"Centurion - Rooihuiskraal (Gautrain C2)","network":"Gautrain Bus"},"geometry":{"type":"LineString","coordinates":[[28.16159,-25.87682],[28.16162,-25.87653],[28.16165,-25.8764],[28.16168,-25.87624],[28.16174,-25.87601],[28.16184,-25.8757],[28.1619,-25.87552],[28.16194,-25.87536],[28.16196,-25.8752],[28.16199,-25.87495]]}},{"type":"Feature","properties":{"id":"relation/3278188","name":"Centurion - Rooihuiskraal (Gautrain C2)","network":"Gautrain Bus"},"geometry":{"type":"LineString","coordinates":[[28.16199,-25.87495],[28.16203,-25.87439],[28.16206,-25.87394]]}},{"type":"Feature","properties":{"id":"relation/3278188","name":"Centurion - Rooihuiskraal (Gautrain C2)","network":"Gautrain Bus"},"geometry":{"type":"LineString","coordinates":[[28.16206,-25.87394],[28.16207,-25.87373]]}},{"type":"Feature","properties":{"id":"relation/3278188","name":"Centurion - Rooihuiskraal (Gautrain C2)","network":"Gautrain Bus"},"geometry":{"type":"LineString","coordinates":[[28.16207,-25.87373],[28.16204,-25.87336],[28.16207,-25.87259],[28.16206,-25.87251],[28.16204,-25.87245],[28.162,-25.8724],[28.16195,-25.87236],[28.16189,-25.87232],[28.16177,-25.87229],[28.16135,-25.87224],[28.16115,-25.8722],[28.16101,-25.87217]]}},{"type":"Feature","properties":{"id":"relation/3278188","name":"Centurion - Rooihuiskraal (Gautrain C2)","network":"Gautrain Bus"},"geometry":{"type":"LineString","coordinates":[[28.16101,-25.87217],[28.16093,-25.87216],[28.16079,-25.87215]]}},{"type":"Feature","properties":{"id":"relation/3278188","name":"Centurion - Rooihuiskraal (Gautrain C2)","network":"Gautrain Bus"},"geometry":{"type":"LineString","coordinates":[[28.16079,-25.87215],[28.16053,-25.87214]]}},{"type":"Feature","properties":{"id":"relation/3278188","name":"Centurion - Rooihuiskraal (Gautrain C2)","network":"Gautrain Bus"},"geometry":{"type":"LineString","coordinates":[[28.16053,-25.87214],[28.16026,-25.87213],[28.16006,-25.87213]]}},{"type":"Feature","properties":{"id":"relation/3278188","name":"Centurion - Rooihuiskraal (Gautrain C2)","network":"Gautrain Bus"},"geometry":{"type":"LineString","coordinates":[[28.16006,-25.87213],[28.15945,-25.87217]]}},{"type":"Feature","properties":{"id":"relation/3278188","name":"Centurion - Rooihuiskraal (Gautrain C2)","network":"Gautrain Bus"},"geometry":{"type":"LineString","coordinates":[[28.15945,-25.87217],[28.15926,-25.87218],[28.15914,-25.87219],[28.15897,-25.8722],[28.1588,-25.87221],[28.15872,-25.87221]]}},{"type":"Feature","properties":{"id":"relation/3278188","name":"Centurion - Rooihuiskraal (Gautrain C2)","network":"Gautrain Bus"},"geometry":{"type":"LineString","coordinates":[[28.15872,-25.87221],[28.15817,-25.87225],[28.15697,-25.87233],[28.15675,-25.87235],[28.15655,-25.87237],[28.15577,-25.87242],[28.15416,-25.87253],[28.15396,-25.87255],[28.1532,-25.87261]]}},{"type":"Feature","properties":{"id":"relation/3278188","name":"Centurion - Rooihuiskraal (Gautrain C2)","network":"Gautrain Bus"},"geometry":{"type":"LineString","coordinates":[[28.1532,-25.87261],[28.15241,-25.87267]]}},{"type":"Feature","properties":{"id":"relation/3278188","name":"Centurion - Rooihuiskraal (Gautrain C2)","network":"Gautrain Bus"},"geometry":{"type":"LineString","coordinates":[[28.15241,-25.87267],[28.15246,-25.87313]]}},{"type":"Feature","properties":{"id":"relation/3278188","name":"Centurion - Rooihuiskraal (Gautrain C2)","network":"Gautrain Bus"},"geometry":{"type":"LineString","coordinates":[[28.15246,-25.87313],[28.15247,-25.87335],[28.15247,-25.87344],[28.15246,-25.87356],[28.15232,-25.87436],[28.15216,-25.87508],[28.1521,-25.87537],[28.15185,-25.87648],[28.15179,-25.87681],[28.15173,-25.87708],[28.1516,-25.87767],[28.15157,-25.87784],[28.15153,-25.87807],[28.1515,-25.87818],[28.15145,-25.87834],[28.15137,-25.8785],[28.15131,-25.87861],[28.15122,-25.87872],[28.15107,-25.87888],[28.15082,-25.87906],[28.1505,-25.87924]]}},{"type":"Feature","properties":{"id":"relation/3278188","name":"Centurion - Rooihuiskraal (Gautrain C2)","network":"Gautrain Bus"},"geometry":{"type":"LineString","coordinates":[[28.14978,-25.87935],[28.14995,-25.87933],[28.15011,-25.87931],[28.15022,-25.87929],[28.15035,-25.87926],[28.15043,-25.87925],[28.1505,-25.87924]]}},{"type":"Feature","properties":{"id":"relation/3278188","name":"Centurion - Rooihuiskraal (Gautrain C2)","network":"Gautrain Bus"},"geometry":{"type":"LineString","coordinates":[[28.1505,-25.87924],[28.15045,-25.87928],[28.1504,-25.87929],[28.15033,-25.87932],[28.15021,-25.87935],[28.15011,-25.87937],[28.15001,-25.87939]]}},{"type":"Feature","properties":{"id":"relation/3278188","name":"Centurion - Rooihuiskraal (Gautrain C2)","network":"Gautrain Bus"},"geometry":{"type":"LineString","coordinates":[[28.15001,-25.87939],[28.14996,-25.87939],[28.14985,-25.87942],[28.14979,-25.87942]]}},{"type":"Feature","properties":{"id":"relation/3278188","name":"Centurion - Rooihuiskraal (Gautrain C2)","network":"Gautrain Bus"},"geometry":{"type":"LineString","coordinates":[[28.14974,-25.87945],[28.14972,-25.87945],[28.1497,-25.87944],[28.14969,-25.87943],[28.14968,-25.87942],[28.14968,-25.87939],[28.14968,-25.87937],[28.14969,-25.87936],[28.1497,-25.87935],[28.14972,-25.87934],[28.14973,-25.87934],[28.14975,-25.87934],[28.14977,-25.87934],[28.14978,-25.87935],[28.14979,-25.87937],[28.1498,-25.87939],[28.1498,-25.87941],[28.14979,-25.87942],[28.14979,-25.87943],[28.14977,-25.87944],[28.14974,-25.87945]]}},{"type":"Feature","properties":{"id":"relation/3278188","name":"Centurion - Rooihuiskraal (Gautrain C2)","network":"Gautrain Bus"},"geometry":{"type":"LineString","coordinates":[[28.14875,-25.87954],[28.14887,-25.87951],[28.14918,-25.87945],[28.14931,-25.87942],[28.14947,-25.8794],[28.14969,-25.87936]]}},{"type":"Feature","properties":{"id":"relation/3278188","name":"Centurion - Rooihuiskraal (Gautrain C2)","network":"Gautrain Bus"},"geometry":{"type":"LineString","coordinates":[[28.14969,-25.87943],[28.14964,-25.87944],[28.14958,-25.87945],[28.14944,-25.87947],[28.14932,-25.87948],[28.1492,-25.8795],[28.14903,-25.87952],[28.14887,-25.87953],[28.14875,-25.87954]]}},{"type":"Feature","properties":{"id":"relation/3278188","name":"Centurion - Rooihuiskraal (Gautrain C2)","network":"Gautrain Bus"},"geometry":{"type":"LineString","coordinates":[[28.14875,-25.87954],[28.14782,-25.87967]]}},{"type":"Feature","properties":{"id":"relation/3278188","name":"Centurion - Rooihuiskraal (Gautrain C2)","network":"Gautrain Bus"},"geometry":{"type":"LineString","coordinates":[[28.14782,-25.87967],[28.14732,-25.87975]]}},{"type":"Feature","properties":{"id":"relation/3278188","name":"Centurion - Rooihuiskraal (Gautrain C2)","network":"Gautrain Bus"},"geometry":{"type":"LineString","coordinates":[[28.14732,-25.87975],[28.14608,-25.87993],[28.14591,-25.87996],[28.14509,-25.88008],[28.14479,-25.88013],[28.14478,-25.88013]]}},{"type":"Feature","properties":{"id":"relation/3278188","name":"Centurion - Rooihuiskraal (Gautrain C2)","network":"Gautrain Bus"},"geometry":{"type":"LineString","coordinates":[[28.1446,-25.88014],[28.14478,-25.88013]]}},{"type":"Feature","properties":{"id":"relation/3278188","name":"Centurion - Rooihuiskraal (Gautrain C2)","network":"Gautrain Bus"},"geometry":{"type":"LineString","coordinates":[[28.14478,-25.88013],[28.14462,-25.88018]]}},{"type":"Feature","properties":{"id":"relation/3278188","name":"Centurion - Rooihuiskraal (Gautrain C2)","network":"Gautrain Bus"},"geometry":{"type":"LineString","coordinates":[[28.14454,-25.88014],[28.14456,-25.88013],[28.14458,-25.88013],[28.1446,-25.88014],[28.14461,-25.88015],[28.14462,-25.88017],[28.14462,-25.88018],[28.14462,-25.88018],[28.14462,-25.88019],[28.1446,-25.88021]]}},{"type":"Feature","properties":{"id":"relation/3278188","name":"Centurion - Rooihuiskraal (Gautrain C2)","network":"Gautrain Bus"},"geometry":{"type":"LineString","coordinates":[[28.1446,-25.88021],[28.14459,-25.88022],[28.14456,-25.88022],[28.14454,-25.88021],[28.14454,-25.88021]]}},{"type":"Feature","properties":{"id":"relation/3278188","name":"Centurion - Rooihuiskraal (Gautrain C2)","network":"Gautrain Bus"},"geometry":{"type":"LineString","coordinates":[[28.14454,-25.88021],[28.14453,-25.8802]]}},{"type":"Feature","properties":{"id":"relation/3278188","name":"Centurion - Rooihuiskraal (Gautrain C2)","network":"Gautrain Bus"},"geometry":{"type":"LineString","coordinates":[[28.14453,-25.8802],[28.14452,-25.88018],[28.14453,-25.88016],[28.14454,-25.88014]]}},{"type":"Feature","properties":{"id":"relation/3278188","name":"Centurion - Rooihuiskraal (Gautrain C2)","network":"Gautrain Bus"},"geometry":{"type":"LineString","coordinates":[[28.14436,-25.88019],[28.14454,-25.88014]]}},{"type":"Feature","properties":{"id":"relation/3278188","name":"Centurion - Rooihuiskraal (Gautrain C2)","network":"Gautrain Bus"},"geometry":{"type":"LineString","coordinates":[[28.14453,-25.8802],[28.14436,-25.88019]]}},{"type":"Feature","properties":{"id":"relation/3278188","name":"Centurion - Rooihuiskraal (Gautrain C2)","network":"Gautrain Bus"},"geometry":{"type":"LineString","coordinates":[[28.14436,-25.88019],[28.14427,-25.88021],[28.1442,-25.88021],[28.14413,-25.88022],[28.14407,-25.88023],[28.14361,-25.8803],[28.14358,-25.88031],[28.14353,-25.88031],[28.1433,-25.88035],[28.14239,-25.88048]]}},{"type":"Feature","properties":{"id":"relation/3278188","name":"Centurion - Rooihuiskraal (Gautrain C2)","network":"Gautrain Bus"},"geometry":{"type":"LineString","coordinates":[[28.14239,-25.88048],[28.14199,-25.88053]]}},{"type":"Feature","properties":{"id":"relation/3278188","name":"Centurion - Rooihuiskraal (Gautrain C2)","network":"Gautrain Bus"},"geometry":{"type":"LineString","coordinates":[[28.14199,-25.88053],[28.14124,-25.88065]]}},{"type":"Feature","properties":{"id":"relation/3278188","name":"Centurion - Rooihuiskraal (Gautrain C2)","network":"Gautrain Bus"},"geometry":{"type":"LineString","coordinates":[[28.14124,-25.88065],[28.14136,-25.88137]]}},{"type":"Feature","properties":{"id":"relation/3278188","name":"Centurion - Rooihuiskraal (Gautrain C2)","network":"Gautrain Bus"},"geometry":{"type":"LineString","coordinates":[[28.14136,-25.88137],[28.14137,-25.88158]]}},{"type":"Feature","properties":{"id":"relation/3278188","name":"Centurion - Rooihuiskraal (Gautrain C2)","network":"Gautrain Bus"},"geometry":{"type":"LineString","coordinates":[[28.14137,-25.88158],[28.14144,-25.88234]]}},{"type":"Feature","properties":{"id":"relation/3278188","name":"Centurion - Rooihuiskraal (Gautrain C2)","network":"Gautrain Bus"},"geometry":{"type":"LineString","coordinates":[[28.14144,-25.88234],[28.14145,-25.88247]]}},{"type":"Feature","properties":{"id":"relation/3278188","name":"Centurion - Rooihuiskraal (Gautrain C2)","network":"Gautrain Bus"},"geometry":{"type":"LineString","coordinates":[[28.14145,-25.88247],[28.14145,-25.8826]]}},{"type":"Feature","properties":{"id":"relation/3278188","name":"Centurion - Rooihuiskraal (Gautrain C2)","network":"Gautrain Bus"},"geometry":{"type":"LineString","coordinates":[[28.14145,-25.8826],[28.14132,-25.8826]]}},{"type":"Feature","properties":{"id":"relation/3278188","name":"Centurion - Rooihuiskraal (Gautrain C2)","network":"Gautrain Bus"},"geometry":{"type":"LineString","coordinates":[[28.14132,-25.8826],[28.14119,-25.88259]]}},{"type":"Feature","properties":{"id":"relation/3278188","name":"Centurion - Rooihuiskraal (Gautrain C2)","network":"Gautrain Bus"},"geometry":{"type":"LineString","coordinates":[[28.14119,-25.88259],[28.1409,-25.88256]]}},{"type":"Feature","properties":{"id":"relation/3278188","name":"Centurion - Rooihuiskraal (Gautrain C2)","network":"Gautrain Bus"},"geometry":{"type":"LineString","coordinates":[[28.1409,-25.88256],[28.14088,-25.88256],[28.14073,-25.88253],[28.14057,-25.88249],[28.14045,-25.88245],[28.14035,-25.88241],[28.14027,-25.88237]]}},{"type":"Feature","properties":{"id":"relation/3278188","name":"Centurion - Rooihuiskraal (Gautrain C2)","network":"Gautrain Bus"},"geometry":{"type":"LineString","coordinates":[[28.14027,-25.88237],[28.14015,-25.88231],[28.13996,-25.88221],[28.13971,-25.88202],[28.13962,-25.88195]]}},{"type":"Feature","properties":{"id":"relation/3278188","name":"Centurion - Rooihuiskraal (Gautrain C2)","network":"Gautrain Bus"},"geometry":{"type":"LineString","coordinates":[[28.13962,-25.88195],[28.13955,-25.8819],[28.13938,-25.88179],[28.13931,-25.88175],[28.13921,-25.8817],[28.13905,-25.88161]]}},{"type":"Feature","properties":{"id":"relation/3278188","name":"Centurion - Rooihuiskraal (Gautrain C2)","network":"Gautrain Bus"},"geometry":{"type":"LineString","coordinates":[[28.13905,-25.88161],[28.13897,-25.88158],[28.13879,-25.8815],[28.1386,-25.88144],[28.13842,-25.88141],[28.13812,-25.88135],[28.13805,-25.88134]]}},{"type":"Feature","properties":{"id":"relation/3278188","name":"Centurion - Rooihuiskraal (Gautrain C2)","network":"Gautrain Bus"},"geometry":{"type":"LineString","coordinates":[[28.13805,-25.88134],[28.13795,-25.88133],[28.13783,-25.88132],[28.13768,-25.88133],[28.1374,-25.88136]]}},{"type":"Feature","properties":{"id":"relation/3278188","name":"Centurion - Rooihuiskraal (Gautrain C2)","network":"Gautrain Bus"},"geometry":{"type":"LineString","coordinates":[[28.1374,-25.88136],[28.13692,-25.88143],[28.13673,-25.88146],[28.13654,-25.88147],[28.13624,-25.88147],[28.13578,-25.88143]]}},{"type":"Feature","properties":{"id":"relation/3278188","name":"Centurion - Rooihuiskraal (Gautrain C2)","network":"Gautrain Bus"},"geometry":{"type":"LineString","coordinates":[[28.13576,-25.87385],[28.13502,-25.87402],[28.13486,-25.87406],[28.13462,-25.87414],[28.13323,-25.87467],[28.1328,-25.87483],[28.13181,-25.8752],[28.13177,-25.87523],[28.13172,-25.87525],[28.13167,-25.87528],[28.13144,-25.87549],[28.13124,-25.87571],[28.1312,-25.87577],[28.13117,-25.87583],[28.13114,-25.87592],[28.13067,-25.87749]]}},{"type":"Feature","properties":{"id":"relation/3278188","name":"Centurion - Rooihuiskraal (Gautrain C2)","network":"Gautrain Bus"},"geometry":{"type":"LineString","coordinates":[[28.1356,-25.87311],[28.13567,-25.87344],[28.13576,-25.87385]]}},{"type":"Feature","properties":{"id":"relation/3278188","name":"Centurion - Rooihuiskraal (Gautrain C2)","network":"Gautrain Bus"},"geometry":{"type":"LineString","coordinates":[[28.1356,-25.87311],[28.13558,-25.87307],[28.13556,-25.87303],[28.13549,-25.87275],[28.13546,-25.87263]]}},{"type":"Feature","properties":{"id":"relation/3278188","name":"Centurion - Rooihuiskraal (Gautrain C2)","network":"Gautrain Bus"},"geometry":{"type":"LineString","coordinates":[[28.13546,-25.87263],[28.13545,-25.87257]]}},{"type":"Feature","properties":{"id":"relation/3278188","name":"Centurion - Rooihuiskraal (Gautrain C2)","network":"Gautrain Bus"},"geometry":{"type":"LineString","coordinates":[[28.13545,-25.87257],[28.13537,-25.87222]]}},{"type":"Feature","properties":{"id":"relation/3278188","name":"Centurion - Rooihuiskraal (Gautrain C2)","network":"Gautrain Bus"},"geometry":{"type":"LineString","coordinates":[[28.13537,-25.87222],[28.13532,-25.87198]]}},{"type":"Feature","properties":{"id":"relation/3278188","name":"Centurion - Rooihuiskraal (Gautrain C2)","network":"Gautrain Bus"},"geometry":{"type":"LineString","coordinates":[[28.13532,-25.87198],[28.13526,-25.87167]]}},{"type":"Feature","properties":{"id":"relation/3278188","name":"Centurion - Rooihuiskraal (Gautrain C2)","network":"Gautrain Bus"},"geometry":{"type":"LineString","coordinates":[[28.13526,-25.87167],[28.13519,-25.87132],[28.13519,-25.87128]]}},{"type":"Feature","properties":{"id":"relation/3278188","name":"Centurion - Rooihuiskraal (Gautrain C2)","network":"Gautrain Bus"},"geometry":{"type":"LineString","coordinates":[[28.13511,-25.87093],[28.13519,-25.87128]]}},{"type":"Feature","properties":{"id":"relation/3278188","name":"Centurion - Rooihuiskraal (Gautrain C2)","network":"Gautrain Bus"},"geometry":{"type":"LineString","coordinates":[[28.13511,-25.87093],[28.13504,-25.87078]]}},{"type":"Feature","properties":{"id":"relation/3278188","name":"Centurion - Rooihuiskraal (Gautrain C2)","network":"Gautrain Bus"},"geometry":{"type":"LineString","coordinates":[[28.13504,-25.87078],[28.13502,-25.87078],[28.135,-25.87076],[28.13498,-25.87075],[28.13497,-25.87073],[28.13496,-25.87071],[28.13497,-25.87067],[28.13497,-25.87066],[28.13498,-25.87064]]}},{"type":"Feature","properties":{"id":"relation/3278188","name":"Centurion - Rooihuiskraal (Gautrain C2)","network":"Gautrain Bus"},"geometry":{"type":"LineString","coordinates":[[28.13498,-25.87064],[28.13501,-25.87063],[28.13504,-25.87061],[28.13507,-25.87061],[28.1351,-25.87062]]}},{"type":"Feature","properties":{"id":"relation/3278188","name":"Centurion - Rooihuiskraal (Gautrain C2)","network":"Gautrain Bus"},"geometry":{"type":"LineString","coordinates":[[28.1351,-25.87062],[28.13513,-25.87064]]}},{"type":"Feature","properties":{"id":"relation/3278188","name":"Centurion - Rooihuiskraal (Gautrain C2)","network":"Gautrain Bus"},"geometry":{"type":"LineString","coordinates":[[28.13513,-25.87064],[28.13534,-25.87065]]}},{"type":"Feature","properties":{"id":"relation/3278188","name":"Centurion - Rooihuiskraal (Gautrain C2)","network":"Gautrain Bus"},"geometry":{"type":"LineString","coordinates":[[28.13534,-25.87065],[28.13602,-25.87054]]}},{"type":"Feature","properties":{"id":"relation/3278188","name":"Centurion - Rooihuiskraal (Gautrain C2)","network":"Gautrain Bus"},"geometry":{"type":"LineString","coordinates":[[28.13602,-25.87054],[28.13645,-25.87044],[28.13693,-25.87037]]}},{"type":"Feature","properties":{"id":"relation/3278188","name":"Centurion - Rooihuiskraal (Gautrain C2)","network":"Gautrain Bus"},"geometry":{"type":"LineString","coordinates":[[28.13693,-25.87037],[28.13727,-25.87032]]}},{"type":"Feature","properties":{"id":"relation/3278188","name":"Centurion - Rooihuiskraal (Gautrain C2)","network":"Gautrain Bus"},"geometry":{"type":"LineString","coordinates":[[28.13727,-25.87032],[28.13763,-25.87024]]}},{"type":"Feature","properties":{"id":"relation/3278188","name":"Centurion - Rooihuiskraal (Gautrain C2)","network":"Gautrain Bus"},"geometry":{"type":"LineString","coordinates":[[28.13763,-25.87024],[28.13836,-25.87012]]}},{"type":"Feature","properties":{"id":"relation/3278188","name":"Centurion - Rooihuiskraal (Gautrain C2)","network":"Gautrain Bus"},"geometry":{"type":"LineString","coordinates":[[28.13836,-25.87012],[28.13846,-25.87011]]}},{"type":"Feature","properties":{"id":"relation/3278188","name":"Centurion - Rooihuiskraal (Gautrain C2)","network":"Gautrain Bus"},"geometry":{"type":"LineString","coordinates":[[28.13846,-25.87011],[28.13859,-25.87008]]}},{"type":"Feature","properties":{"id":"relation/3278188","name":"Centurion - Rooihuiskraal (Gautrain C2)","network":"Gautrain Bus"},"geometry":{"type":"LineString","coordinates":[[28.13859,-25.87008],[28.1386,-25.87012],[28.13861,-25.87015]]}},{"type":"Feature","properties":{"id":"relation/3278188","name":"Centurion - Rooihuiskraal (Gautrain C2)","network":"Gautrain Bus"},"geometry":{"type":"LineString","coordinates":[[28.13861,-25.87015],[28.13862,-25.87022]]}},{"type":"Feature","properties":{"id":"relation/3278188","name":"Centurion - Rooihuiskraal (Gautrain C2)","network":"Gautrain Bus"},"geometry":{"type":"LineString","coordinates":[[28.13862,-25.87022],[28.13868,-25.87045],[28.13871,-25.87062],[28.13879,-25.87095],[28.13895,-25.87171],[28.13902,-25.87202]]}},{"type":"Feature","properties":{"id":"relation/3278188","name":"Centurion - Rooihuiskraal (Gautrain C2)","network":"Gautrain Bus"},"geometry":{"type":"LineString","coordinates":[[28.13902,-25.87202],[28.13921,-25.87294],[28.13928,-25.8732]]}},{"type":"Feature","properties":{"id":"relation/3278188","name":"Centurion - Rooihuiskraal (Gautrain C2)","network":"Gautrain Bus"},"geometry":{"type":"LineString","coordinates":[[28.13928,-25.8732],[28.13944,-25.87316]]}},{"type":"Feature","properties":{"id":"relation/3278188","name":"Centurion - Rooihuiskraal (Gautrain C2)","network":"Gautrain Bus"},"geometry":{"type":"LineString","coordinates":[[28.13944,-25.87316],[28.13955,-25.87312],[28.13969,-25.87307]]}},{"type":"Feature","properties":{"id":"relation/3278188","name":"Centurion - Rooihuiskraal (Gautrain C2)","network":"Gautrain Bus"},"geometry":{"type":"LineString","coordinates":[[28.13969,-25.87307],[28.13979,-25.87305]]}},{"type":"Feature","properties":{"id":"relation/3278188","name":"Centurion - Rooihuiskraal (Gautrain C2)","network":"Gautrain Bus"},"geometry":{"type":"LineString","coordinates":[[28.14096,-25.87269],[28.1406,-25.87279],[28.14016,-25.87294],[28.13992,-25.87302],[28.13979,-25.87305]]}},{"type":"Feature","properties":{"id":"relation/3278188","name":"Centurion - Rooihuiskraal (Gautrain C2)","network":"Gautrain Bus"},"geometry":{"type":"LineString","coordinates":[[28.14109,-25.87264],[28.14096,-25.87269]]}},{"type":"Feature","properties":{"id":"relation/3278188","name":"Centurion - Rooihuiskraal (Gautrain C2)","network":"Gautrain Bus"},"geometry":{"type":"LineString","coordinates":[[28.14175,-25.87243],[28.14135,-25.87256],[28.14109,-25.87264]]}},{"type":"Feature","properties":{"id":"relation/3278188","name":"Centurion - Rooihuiskraal (Gautrain C2)","network":"Gautrain Bus"},"geometry":{"type":"LineString","coordinates":[[28.13035,-25.87848],[28.13047,-25.87808],[28.13062,-25.8776],[28.13064,-25.87753],[28.13067,-25.87749]]}},{"type":"Feature","properties":{"id":"relation/3278188","name":"Centurion - Rooihuiskraal (Gautrain C2)","network":"Gautrain Bus"},"geometry":{"type":"LineString","coordinates":[[28.13033,-25.87855],[28.13035,-25.87848]]}},{"type":"Feature","properties":{"id":"relation/3278188","name":"Centurion - Rooihuiskraal (Gautrain C2)","network":"Gautrain Bus"},"geometry":{"type":"LineString","coordinates":[[28.14202,-25.87234],[28.14175,-25.87243]]}},{"type":"Feature","properties":{"id":"relation/3278188","name":"Centurion - Rooihuiskraal (Gautrain C2)","network":"Gautrain Bus"},"geometry":{"type":"LineString","coordinates":[[28.15209,-25.87047],[28.15179,-25.8705],[28.15111,-25.87058],[28.15004,-25.8707],[28.14997,-25.87071],[28.14991,-25.87073],[28.14985,-25.87076],[28.1498,-25.87081],[28.14936,-25.87127],[28.14909,-25.87157],[28.14902,-25.87162],[28.14894,-25.87166],[28.14887,-25.87167],[28.14852,-25.8717],[28.14833,-25.87171],[28.14755,-25.87177],[28.14665,-25.87183],[28.14587,-25.87189],[28.14488,-25.87195],[28.14402,-25.87203],[28.14307,-25.87209],[28.14289,-25.87211],[28.14277,-25.87213],[28.14266,-25.87215],[28.14254,-25.87219],[28.14202,-25.87234]]}},{"type":"Feature","properties":{"id":"relation/3278188","name":"Centurion - Rooihuiskraal (Gautrain C2)","network":"Gautrain Bus"},"geometry":{"type":"LineString","coordinates":[[28.15213,-25.87046],[28.15209,-25.87047]]}},{"type":"Feature","properties":{"id":"relation/3278188","name":"Centurion - Rooihuiskraal (Gautrain C2)","network":"Gautrain Bus"},"geometry":{"type":"LineString","coordinates":[[28.15212,-25.87054],[28.15209,-25.87047]]}},{"type":"Feature","properties":{"id":"relation/3278188","name":"Centurion - Rooihuiskraal (Gautrain C2)","network":"Gautrain Bus"},"geometry":{"type":"LineString","coordinates":[[28.15213,-25.87046],[28.15212,-25.87054]]}},{"type":"Feature","properties":{"id":"relation/3278188","name":"Centurion - Rooihuiskraal (Gautrain C2)","network":"Gautrain Bus"},"geometry":{"type":"LineString","coordinates":[[28.15212,-25.87054],[28.15223,-25.87134],[28.15232,-25.87199]]}},{"type":"Feature","properties":{"id":"relation/3278188","name":"Centurion - Rooihuiskraal (Gautrain C2)","network":"Gautrain Bus"},"geometry":{"type":"LineString","coordinates":[[28.15232,-25.87199],[28.15236,-25.87231],[28.15239,-25.87256],[28.15241,-25.87267]]}},{"type":"Feature","properties":{"id":"relation/3278188","name":"Centurion - Rooihuiskraal (Gautrain C2)","network":"Gautrain Bus"},"geometry":{"type":"LineString","coordinates":[[28.15872,-25.87221],[28.15878,-25.87219],[28.15897,-25.87217],[28.15926,-25.87213],[28.15944,-25.87211]]}},{"type":"Feature","properties":{"id":"relation/3278188","name":"Centurion - Rooihuiskraal (Gautrain C2)","network":"Gautrain Bus"},"geometry":{"type":"LineString","coordinates":[[28.15944,-25.87211],[28.15971,-25.87209],[28.16006,-25.87207]]}},{"type":"Feature","properties":{"id":"relation/3278188","name":"Centurion - Rooihuiskraal (Gautrain C2)","network":"Gautrain Bus"},"geometry":{"type":"LineString","coordinates":[[28.16006,-25.87207],[28.16024,-25.87207],[28.16052,-25.87208]]}},{"type":"Feature","properties":{"id":"relation/3278188","name":"Centurion - Rooihuiskraal (Gautrain C2)","network":"Gautrain Bus"},"geometry":{"type":"LineString","coordinates":[[28.16052,-25.87208],[28.16079,-25.87209]]}},{"type":"Feature","properties":{"id":"relation/3278188","name":"Centurion - Rooihuiskraal (Gautrain C2)","network":"Gautrain Bus"},"geometry":{"type":"LineString","coordinates":[[28.16079,-25.87209],[28.16107,-25.87211]]}},{"type":"Feature","properties":{"id":"relation/3278188","name":"Centurion - Rooihuiskraal (Gautrain C2)","network":"Gautrain Bus"},"geometry":{"type":"LineString","coordinates":[[28.16107,-25.87211],[28.16138,-25.87212],[28.16206,-25.87215],[28.16216,-25.87215]]}},{"type":"Feature","properties":{"id":"relation/3278188","name":"Centurion - Rooihuiskraal (Gautrain C2)","network":"Gautrain Bus"},"geometry":{"type":"LineString","coordinates":[[28.16216,-25.87215],[28.16227,-25.87215]]}},{"type":"Feature","properties":{"id":"relation/3278188","name":"Centurion - Rooihuiskraal (Gautrain C2)","network":"Gautrain Bus"},"geometry":{"type":"LineString","coordinates":[[28.16227,-25.87215],[28.16227,-25.87227]]}},{"type":"Feature","properties":{"id":"relation/3278188","name":"Centurion - Rooihuiskraal (Gautrain C2)","network":"Gautrain Bus"},"geometry":{"type":"LineString","coordinates":[[28.16227,-25.87227],[28.16225,-25.87269],[28.16219,-25.87341],[28.16215,-25.87374]]}},{"type":"Feature","properties":{"id":"relation/3278188","name":"Centurion - Rooihuiskraal (Gautrain C2)","network":"Gautrain Bus"},"geometry":{"type":"LineString","coordinates":[[28.16215,-25.87374],[28.16212,-25.87395]]}},{"type":"Feature","properties":{"id":"relation/3278188","name":"Centurion - Rooihuiskraal (Gautrain C2)","network":"Gautrain Bus"},"geometry":{"type":"LineString","coordinates":[[28.16212,-25.87395],[28.16207,-25.8744],[28.16203,-25.87496]]}},{"type":"Feature","properties":{"id":"relation/3278188","name":"Centurion - Rooihuiskraal (Gautrain C2)","network":"Gautrain Bus"},"geometry":{"type":"LineString","coordinates":[[28.16203,-25.87496],[28.162,-25.87528],[28.16198,-25.87552],[28.16192,-25.87621]]}},{"type":"Feature","properties":{"id":"relation/3278188","name":"Centurion - Rooihuiskraal (Gautrain C2)","network":"Gautrain Bus"},"geometry":{"type":"LineString","coordinates":[[28.16192,-25.87621],[28.16184,-25.87721]]}},{"type":"Feature","properties":{"id":"relation/3278188","name":"Centurion - Rooihuiskraal (Gautrain C2)","network":"Gautrain Bus"},"geometry":{"type":"LineString","coordinates":[[28.16184,-25.87721],[28.16193,-25.87742],[28.16197,-25.87746],[28.16202,-25.8775],[28.16207,-25.87753],[28.16215,-25.87755],[28.16226,-25.87757]]}},{"type":"Feature","properties":{"id":"relation/3278188","name":"Centurion - Rooihuiskraal (Gautrain C2)","network":"Gautrain Bus"},"geometry":{"type":"LineString","coordinates":[[28.16226,-25.87757],[28.16246,-25.87752],[28.1628,-25.87745],[28.16297,-25.87741],[28.16312,-25.87734],[28.16325,-25.87726],[28.16338,-25.87717],[28.16355,-25.87701],[28.16361,-25.87694],[28.16381,-25.87672],[28.16439,-25.8761],[28.16498,-25.87542],[28.16503,-25.87536],[28.16596,-25.87436],[28.16658,-25.87367]]}},{"type":"Feature","properties":{"id":"relation/3278188","name":"Centurion - Rooihuiskraal (Gautrain C2)","network":"Gautrain Bus"},"geometry":{"type":"LineString","coordinates":[[28.16658,-25.87367],[28.16715,-25.87304]]}},{"type":"Feature","properties":{"id":"relation/3278188","name":"Centurion - Rooihuiskraal (Gautrain C2)","network":"Gautrain Bus"},"geometry":{"type":"LineString","coordinates":[[28.16715,-25.87304],[28.16725,-25.87293],[28.1673,-25.87287],[28.16735,-25.87281]]}},{"type":"Feature","properties":{"id":"relation/3278188","name":"Centurion - Rooihuiskraal (Gautrain C2)","network":"Gautrain Bus"},"geometry":{"type":"LineString","coordinates":[[28.16735,-25.87281],[28.16738,-25.87281]]}},{"type":"Feature","properties":{"id":"relation/3278188","name":"Centurion - Rooihuiskraal (Gautrain C2)","network":"Gautrain Bus"},"geometry":{"type":"LineString","coordinates":[[28.16738,-25.87281],[28.16761,-25.87284],[28.16784,-25.87287],[28.16794,-25.87289],[28.16802,-25.87291],[28.16811,-25.87293]]}},{"type":"Feature","properties":{"id":"relation/3278188","name":"Centurion - Rooihuiskraal (Gautrain C2)","network":"Gautrain Bus"},"geometry":{"type":"LineString","coordinates":[[28.16883,-25.87303],[28.16811,-25.87293]]}},{"type":"Feature","properties":{"id":"relation/3278188","name":"Centurion - Rooihuiskraal (Gautrain C2)","network":"Gautrain Bus"},"geometry":{"type":"LineString","coordinates":[[28.17629,-25.87091],[28.17678,-25.87064],[28.17689,-25.87058],[28.17695,-25.87055],[28.17704,-25.87052]]}},{"type":"Feature","properties":{"id":"relation/3278188","name":"Centurion - Rooihuiskraal (Gautrain C2)","network":"Gautrain Bus"},"geometry":{"type":"LineString","coordinates":[[28.17574,-25.87125],[28.17629,-25.87091]]}},{"type":"Feature","properties":{"id":"relation/3278188","name":"Centurion - Rooihuiskraal (Gautrain C2)","network":"Gautrain Bus"},"geometry":{"type":"LineString","coordinates":[[28.17546,-25.87141],[28.17574,-25.87125]]}},{"type":"Feature","properties":{"id":"relation/3278188","name":"Centurion - Rooihuiskraal (Gautrain C2)","network":"Gautrain Bus"},"geometry":{"type":"LineString","coordinates":[[28.17422,-25.87218],[28.17435,-25.87211],[28.17446,-25.87205],[28.17458,-25.87198],[28.17506,-25.87168],[28.17524,-25.87156],[28.17539,-25.87146],[28.17546,-25.87141]]}},{"type":"Feature","properties":{"id":"relation/3278188","name":"Centurion - Rooihuiskraal (Gautrain C2)","network":"Gautrain Bus"},"geometry":{"type":"LineString","coordinates":[[28.17367,-25.87244],[28.17397,-25.8723],[28.17422,-25.87218]]}},{"type":"Feature","properties":{"id":"relation/3278188","name":"Centurion - Rooihuiskraal (Gautrain C2)","network":"Gautrain Bus"},"geometry":{"type":"LineString","coordinates":[[28.17314,-25.87264],[28.1733,-25.87259],[28.17348,-25.87252],[28.17367,-25.87244]]}},{"type":"Feature","properties":{"id":"relation/3278188","name":"Centurion - Rooihuiskraal (Gautrain C2)","network":"Gautrain Bus"},"geometry":{"type":"LineString","coordinates":[[28.17246,-25.87288],[28.17255,-25.87284],[28.17276,-25.87277],[28.17282,-25.87275],[28.17301,-25.87269],[28.17314,-25.87264]]}},{"type":"Feature","properties":{"id":"relation/3278188","name":"Centurion - Rooihuiskraal (Gautrain C2)","network":"Gautrain Bus"},"geometry":{"type":"LineString","coordinates":[[28.18297,-25.86596],[28.18356,-25.86519]]}},{"type":"Feature","properties":{"id":"relation/3278188","name":"Centurion - Rooihuiskraal (Gautrain C2)","network":"Gautrain Bus"},"geometry":{"type":"LineString","coordinates":[[28.18356,-25.86519],[28.18368,-25.86504],[28.18385,-25.86477]]}},{"type":"Feature","properties":{"id":"relation/3278188","name":"Centurion - Rooihuiskraal (Gautrain C2)","network":"Gautrain Bus"},"geometry":{"type":"LineString","coordinates":[[28.18385,-25.86477],[28.18402,-25.8645],[28.18413,-25.86433]]}},{"type":"Feature","properties":{"id":"relation/3278188","name":"Centurion - Rooihuiskraal (Gautrain C2)","network":"Gautrain Bus"},"geometry":{"type":"LineString","coordinates":[[28.18413,-25.86433],[28.18428,-25.86411]]}},{"type":"Feature","properties":{"id":"relation/3278188","name":"Centurion - Rooihuiskraal (Gautrain C2)","network":"Gautrain Bus"},"geometry":{"type":"LineString","coordinates":[[28.18428,-25.86411],[28.18436,-25.864],[28.18454,-25.86373],[28.18462,-25.86362]]}},{"type":"Feature","properties":{"id":"relation/3278188","name":"Centurion - Rooihuiskraal (Gautrain C2)","network":"Gautrain Bus"},"geometry":{"type":"LineString","coordinates":[[28.18462,-25.86362],[28.18464,-25.86359],[28.18517,-25.86296],[28.18521,-25.86291]]}},{"type":"Feature","properties":{"id":"relation/3278188","name":"Centurion - Rooihuiskraal (Gautrain C2)","network":"Gautrain Bus"},"geometry":{"type":"LineString","coordinates":[[28.18521,-25.86291],[28.18536,-25.86273],[28.18539,-25.8627]]}},{"type":"Feature","properties":{"id":"relation/3278188","name":"Centurion - Rooihuiskraal (Gautrain C2)","network":"Gautrain Bus"},"geometry":{"type":"LineString","coordinates":[[28.18539,-25.8627],[28.18544,-25.86265],[28.18588,-25.86217],[28.18592,-25.86213]]}},{"type":"Feature","properties":{"id":"relation/3278188","name":"Centurion - Rooihuiskraal (Gautrain C2)","network":"Gautrain Bus"},"geometry":{"type":"LineString","coordinates":[[28.18592,-25.86213],[28.18637,-25.86164],[28.18642,-25.86158],[28.18665,-25.86134],[28.18684,-25.86112]]}},{"type":"Feature","properties":{"id":"relation/3278188","name":"Centurion - Rooihuiskraal (Gautrain C2)","network":"Gautrain Bus"},"geometry":{"type":"LineString","coordinates":[[28.18684,-25.86112],[28.18731,-25.86062]]}},{"type":"Feature","properties":{"id":"relation/3278188","name":"Centurion - Rooihuiskraal (Gautrain C2)","network":"Gautrain Bus"},"geometry":{"type":"LineString","coordinates":[[28.18731,-25.86062],[28.18774,-25.86015],[28.18788,-25.86],[28.18806,-25.8598]]}},{"type":"Feature","properties":{"id":"relation/3278188","name":"Centurion - Rooihuiskraal (Gautrain C2)","network":"Gautrain Bus"},"geometry":{"type":"LineString","coordinates":[[28.18806,-25.8598],[28.18849,-25.85933]]}},{"type":"Feature","properties":{"id":"relation/3278188","name":"Centurion - Rooihuiskraal (Gautrain C2)","network":"Gautrain Bus"},"geometry":{"type":"LineString","coordinates":[[28.18849,-25.85933],[28.1888,-25.85899],[28.18887,-25.85891],[28.18888,-25.8589],[28.18929,-25.85844]]}},{"type":"Feature","properties":{"id":"relation/3278188","name":"Centurion - Rooihuiskraal (Gautrain C2)","network":"Gautrain Bus"},"geometry":{"type":"LineString","coordinates":[[28.18929,-25.85844],[28.18963,-25.85808]]}},{"type":"Feature","properties":{"id":"relation/3278188","name":"Centurion - Rooihuiskraal (Gautrain C2)","network":"Gautrain Bus"},"geometry":{"type":"LineString","coordinates":[[28.18963,-25.85808],[28.18994,-25.8577],[28.19014,-25.85749]]}},{"type":"Feature","properties":{"id":"relation/3278188","name":"Centurion - Rooihuiskraal (Gautrain C2)","network":"Gautrain Bus"},"geometry":{"type":"LineString","coordinates":[[28.19014,-25.85749],[28.19018,-25.85745],[28.19033,-25.85731],[28.19035,-25.8573],[28.19053,-25.85716],[28.19087,-25.8569],[28.19113,-25.85671]]}},{"type":"Feature","properties":{"id":"relation/3278188","name":"Centurion - Rooihuiskraal (Gautrain C2)","network":"Gautrain Bus"},"geometry":{"type":"LineString","coordinates":[[28.19113,-25.85671],[28.19147,-25.8565]]}},{"type":"Feature","properties":{"id":"relation/3278188","name":"Centurion - Rooihuiskraal (Gautrain C2)","network":"Gautrain Bus"},"geometry":{"type":"LineString","coordinates":[[28.19147,-25.8565],[28.19149,-25.85649],[28.19192,-25.8562],[28.19204,-25.85611],[28.19219,-25.85597]]}},{"type":"Feature","properties":{"id":"relation/3278188","name":"Centurion - Rooihuiskraal (Gautrain C2)","network":"Gautrain Bus"},"geometry":{"type":"LineString","coordinates":[[28.19219,-25.85597],[28.19269,-25.85535]]}},{"type":"Feature","properties":{"id":"relation/3278188","name":"Centurion - Rooihuiskraal (Gautrain C2)","network":"Gautrain Bus"},"geometry":{"type":"LineString","coordinates":[[28.19269,-25.85535],[28.19198,-25.85482]]}},{"type":"Feature","properties":{"id":"relation/3278188","name":"Centurion - Rooihuiskraal (Gautrain C2)","network":"Gautrain Bus"},"geometry":{"type":"LineString","coordinates":[[28.19198,-25.85482],[28.19185,-25.85473],[28.19177,-25.85467],[28.19146,-25.85443],[28.19137,-25.85436],[28.19127,-25.85429]]}},{"type":"Feature","properties":{"id":"relation/3278188","name":"Centurion - Rooihuiskraal (Gautrain C2)","network":"Gautrain Bus"},"geometry":{"type":"LineString","coordinates":[[28.19127,-25.85429],[28.19086,-25.85399],[28.19066,-25.85385]]}},{"type":"Feature","properties":{"id":"relation/3278188","name":"Centurion - Rooihuiskraal (Gautrain C2)","network":"Gautrain Bus"},"geometry":{"type":"LineString","coordinates":[[28.19066,-25.85385],[28.19007,-25.85342],[28.18995,-25.85328],[28.18991,-25.85321],[28.18977,-25.85297]]}},{"type":"Feature","properties":{"id":"relation/3278188","name":"Centurion - Rooihuiskraal (Gautrain C2)","network":"Gautrain Bus"},"geometry":{"type":"LineString","coordinates":[[28.18977,-25.85297],[28.18941,-25.85242],[28.18934,-25.85231]]}},{"type":"Feature","properties":{"id":"relation/3278188","name":"Centurion - Rooihuiskraal (Gautrain C2)","network":"Gautrain Bus"},"geometry":{"type":"LineString","coordinates":[[28.18934,-25.85231],[28.18899,-25.85182]]}},{"type":"Feature","properties":{"id":"relation/3278188","name":"Centurion - Rooihuiskraal (Gautrain C2)","network":"Gautrain Bus"},"geometry":{"type":"LineString","coordinates":[[28.18899,-25.85182],[28.18896,-25.85177]]}},{"type":"Feature","properties":{"id":"relation/3278188","name":"Centurion - Rooihuiskraal (Gautrain C2)","network":"Gautrain Bus"},"geometry":{"type":"LineString","coordinates":[[28.18896,-25.85177],[28.18912,-25.85168]]}},{"type":"Feature","properties":{"id":"relation/3278188","name":"Centurion - Rooihuiskraal (Gautrain C2)","network":"Gautrain Bus"},"geometry":{"type":"LineString","coordinates":[[28.18912,-25.85168],[28.18926,-25.85153]]}},{"type":"Feature","properties":{"id":"relation/3278188","name":"Centurion - Rooihuiskraal (Gautrain C2)","network":"Gautrain Bus"},"geometry":{"type":"LineString","coordinates":[[28.18926,-25.85153],[28.18942,-25.85144]]}},{"type":"Feature","properties":{"id":"relation/3278188","name":"Centurion - Rooihuiskraal (Gautrain C2)","network":"Gautrain Bus"},"geometry":{"type":"LineString","coordinates":[[28.18942,-25.85144],[28.18951,-25.85139]]}},{"type":"Feature","properties":{"id":"relation/3278188","name":"Centurion - Rooihuiskraal (Gautrain C2)","network":"Gautrain Bus"},"geometry":{"type":"LineString","coordinates":[[28.18951,-25.85139],[28.18951,-25.85137],[28.1895,-25.85135],[28.18951,-25.85132],[28.18954,-25.85129],[28.18957,-25.85127],[28.1896,-25.85125],[28.18964,-25.85125],[28.18968,-25.85125],[28.18971,-25.85127],[28.18975,-25.8513],[28.18976,-25.85132],[28.18977,-25.85134],[28.18977,-25.85137],[28.18977,-25.85139]]}},{"type":"Feature","properties":{"id":"relation/3278188","name":"Centurion - Rooihuiskraal (Gautrain C2)","network":"Gautrain Bus"},"geometry":{"type":"LineString","coordinates":[[28.18977,-25.85139],[28.18979,-25.8514],[28.1899,-25.85141],[28.18993,-25.85141],[28.18995,-25.85143],[28.19044,-25.85179],[28.19052,-25.85185],[28.19054,-25.85187],[28.19054,-25.85189],[28.19054,-25.8519],[28.19055,-25.85191],[28.19054,-25.85193],[28.19053,-25.85195],[28.19052,-25.85197],[28.19028,-25.85225],[28.19026,-25.85226],[28.19025,-25.85227],[28.19023,-25.85227],[28.19021,-25.85227],[28.19018,-25.85226],[28.19016,-25.85225],[28.19014,-25.85222],[28.19012,-25.85219],[28.19007,-25.85214],[28.19003,-25.85209],[28.18983,-25.85181]]}},{"type":"Feature","properties":{"id":"relation/3278188","name":"Centurion - Rooihuiskraal (Gautrain C2)","network":"Gautrain Bus"},"geometry":{"type":"LineString","coordinates":[[28.13578,-25.88143],[28.13542,-25.8814],[28.1351,-25.88134],[28.13494,-25.88131],[28.13469,-25.88124],[28.13434,-25.88112],[28.13407,-25.88101],[28.13401,-25.88098],[28.13367,-25.88075],[28.13159,-25.87915]]}},{"type":"Feature","properties":{"id":"relation/3278188","name":"Centurion - Rooihuiskraal (Gautrain C2)","network":"Gautrain Bus"},"geometry":{"type":"LineString","coordinates":[[28.13159,-25.87915],[28.13149,-25.87912],[28.13133,-25.87902],[28.13107,-25.87889],[28.131,-25.87885]]}},{"type":"Feature","properties":{"id":"relation/3278188","name":"Centurion - Rooihuiskraal (Gautrain C2)","network":"Gautrain Bus"},"geometry":{"type":"LineString","coordinates":[[28.131,-25.87885],[28.13091,-25.87881],[28.13038,-25.87857]]}},{"type":"Feature","properties":{"id":"relation/3278188","name":"Centurion - Rooihuiskraal (Gautrain C2)","network":"Gautrain Bus"},"geometry":{"type":"LineString","coordinates":[[28.13038,-25.87857],[28.13033,-25.87855]]}},{"type":"Feature","properties":{"id":"relation/3278220","name":"Centurion - Wierda Park (Gautrain C3)","network":"Gautrain Bus"},"geometry":{"type":"LineString","coordinates":[[28.18983,-25.85181],[28.18981,-25.85179],[28.1898,-25.85175],[28.1898,-25.85172],[28.18979,-25.85169],[28.1898,-25.85163],[28.18979,-25.85159]]}},{"type":"Feature","properties":{"id":"relation/3278220","name":"Centurion - Wierda Park (Gautrain C3)","network":"Gautrain Bus"},"geometry":{"type":"LineString","coordinates":[[28.18979,-25.85159],[28.18977,-25.85155],[28.1897,-25.85147]]}},{"type":"Feature","properties":{"id":"relation/3278220","name":"Centurion - Wierda Park (Gautrain C3)","network":"Gautrain Bus"},"geometry":{"type":"LineString","coordinates":[[28.1897,-25.85147],[28.18968,-25.85148],[28.18965,-25.85149],[28.18962,-25.85149],[28.1896,-25.85148],[28.18957,-25.85147]]}},{"type":"Feature","properties":{"id":"relation/3278220","name":"Centurion - Wierda Park (Gautrain C3)","network":"Gautrain Bus"},"geometry":{"type":"LineString","coordinates":[[28.18957,-25.85147],[28.18953,-25.85149]]}},{"type":"Feature","properties":{"id":"relation/3278220","name":"Centurion - Wierda Park (Gautrain C3)","network":"Gautrain Bus"},"geometry":{"type":"LineString","coordinates":[[28.18953,-25.85149],[28.18927,-25.85163]]}},{"type":"Feature","properties":{"id":"relation/3278220","name":"Centurion - Wierda Park (Gautrain C3)","network":"Gautrain Bus"},"geometry":{"type":"LineString","coordinates":[[28.18927,-25.85163],[28.18916,-25.85175]]}},{"type":"Feature","properties":{"id":"relation/3278220","name":"Centurion - Wierda Park (Gautrain C3)","network":"Gautrain Bus"},"geometry":{"type":"LineString","coordinates":[[28.18916,-25.85175],[28.18899,-25.85182]]}},{"type":"Feature","properties":{"id":"relation/3278220","name":"Centurion - Wierda Park (Gautrain C3)","network":"Gautrain Bus"},"geometry":{"type":"LineString","coordinates":[[28.18899,-25.85182],[28.18896,-25.85177]]}},{"type":"Feature","properties":{"id":"relation/3278220","name":"Centurion - Wierda Park (Gautrain C3)","network":"Gautrain Bus"},"geometry":{"type":"LineString","coordinates":[[28.18896,-25.85177],[28.18854,-25.85115]]}},{"type":"Feature","properties":{"id":"relation/3278220","name":"Centurion - Wierda Park (Gautrain C3)","network":"Gautrain Bus"},"geometry":{"type":"LineString","coordinates":[[28.18854,-25.85115],[28.18817,-25.8506]]}},{"type":"Feature","properties":{"id":"relation/3278220","name":"Centurion - Wierda Park (Gautrain C3)","network":"Gautrain Bus"},"geometry":{"type":"LineString","coordinates":[[28.18817,-25.8506],[28.18784,-25.85099],[28.18762,-25.85121]]}},{"type":"Feature","properties":{"id":"relation/3278220","name":"Centurion - Wierda Park (Gautrain C3)","network":"Gautrain Bus"},"geometry":{"type":"LineString","coordinates":[[28.18508,-25.85453],[28.18506,-25.85463]]}},{"type":"Feature","properties":{"id":"relation/3278220","name":"Centurion - Wierda Park (Gautrain C3)","network":"Gautrain Bus"},"geometry":{"type":"LineString","coordinates":[[28.18506,-25.85463],[28.185,-25.8547],[28.18471,-25.85502],[28.1844,-25.85534]]}},{"type":"Feature","properties":{"id":"relation/3278220","name":"Centurion - Wierda Park (Gautrain C3)","network":"Gautrain Bus"},"geometry":{"type":"LineString","coordinates":[[28.1844,-25.85534],[28.18434,-25.8554],[28.18388,-25.85591]]}},{"type":"Feature","properties":{"id":"relation/3278220","name":"Centurion - Wierda Park (Gautrain C3)","network":"Gautrain Bus"},"geometry":{"type":"LineString","coordinates":[[28.18388,-25.85591],[28.18346,-25.85638],[28.18323,-25.85661]]}},{"type":"Feature","properties":{"id":"relation/3278220","name":"Centurion - Wierda Park (Gautrain C3)","network":"Gautrain Bus"},"geometry":{"type":"LineString","coordinates":[[28.18323,-25.85661],[28.18272,-25.8572]]}},{"type":"Feature","properties":{"id":"relation/3278220","name":"Centurion - Wierda Park (Gautrain C3)","network":"Gautrain Bus"},"geometry":{"type":"LineString","coordinates":[[28.18272,-25.8572],[28.18221,-25.85772],[28.18192,-25.858],[28.18171,-25.85817]]}},{"type":"Feature","properties":{"id":"relation/3278220","name":"Centurion - Wierda Park (Gautrain C3)","network":"Gautrain Bus"},"geometry":{"type":"LineString","coordinates":[[28.18171,-25.85817],[28.18142,-25.85836],[28.18114,-25.85852],[28.18104,-25.85857]]}},{"type":"Feature","properties":{"id":"relation/3278220","name":"Centurion - Wierda Park (Gautrain C3)","network":"Gautrain Bus"},"geometry":{"type":"LineString","coordinates":[[28.18104,-25.85857],[28.18026,-25.85897]]}},{"type":"Feature","properties":{"id":"relation/3278220","name":"Centurion - Wierda Park (Gautrain C3)","network":"Gautrain Bus"},"geometry":{"type":"LineString","coordinates":[[28.18026,-25.85897],[28.18004,-25.85902]]}},{"type":"Feature","properties":{"id":"relation/3278220","name":"Centurion - Wierda Park (Gautrain C3)","network":"Gautrain Bus"},"geometry":{"type":"LineString","coordinates":[[28.18004,-25.85902],[28.17926,-25.85919]]}},{"type":"Feature","properties":{"id":"relation/3278220","name":"Centurion - Wierda Park (Gautrain C3)","network":"Gautrain Bus"},"geometry":{"type":"LineString","coordinates":[[28.17926,-25.85919],[28.17847,-25.85935]]}},{"type":"Feature","properties":{"id":"relation/3278220","name":"Centurion - Wierda Park (Gautrain C3)","network":"Gautrain Bus"},"geometry":{"type":"LineString","coordinates":[[28.17847,-25.85935],[28.17786,-25.85949],[28.17757,-25.85958]]}},{"type":"Feature","properties":{"id":"relation/3278220","name":"Centurion - Wierda Park (Gautrain C3)","network":"Gautrain Bus"},"geometry":{"type":"LineString","coordinates":[[28.17757,-25.85958],[28.17735,-25.85969],[28.17677,-25.86]]}},{"type":"Feature","properties":{"id":"relation/3278220","name":"Centurion - Wierda Park (Gautrain C3)","network":"Gautrain Bus"},"geometry":{"type":"LineString","coordinates":[[28.17677,-25.86],[28.17642,-25.86018],[28.17532,-25.86078]]}},{"type":"Feature","properties":{"id":"relation/3278220","name":"Centurion - Wierda Park (Gautrain C3)","network":"Gautrain Bus"},"geometry":{"type":"LineString","coordinates":[[28.17532,-25.86078],[28.17506,-25.86092]]}},{"type":"Feature","properties":{"id":"relation/3278220","name":"Centurion - Wierda Park (Gautrain C3)","network":"Gautrain Bus"},"geometry":{"type":"LineString","coordinates":[[28.17506,-25.86092],[28.17485,-25.86104]]}},{"type":"Feature","properties":{"id":"relation/3278220","name":"Centurion - Wierda Park (Gautrain C3)","network":"Gautrain Bus"},"geometry":{"type":"LineString","coordinates":[[28.17485,-25.86104],[28.1748,-25.86107],[28.17465,-25.86115],[28.17429,-25.86136]]}},{"type":"Feature","properties":{"id":"relation/3278220","name":"Centurion - Wierda Park (Gautrain C3)","network":"Gautrain Bus"},"geometry":{"type":"LineString","coordinates":[[28.17429,-25.86136],[28.17382,-25.86165]]}},{"type":"Feature","properties":{"id":"relation/3278220","name":"Centurion - Wierda Park (Gautrain C3)","network":"Gautrain Bus"},"geometry":{"type":"LineString","coordinates":[[28.17382,-25.86165],[28.17352,-25.86183],[28.17338,-25.86191],[28.1732,-25.86199]]}},{"type":"Feature","properties":{"id":"relation/3278220","name":"Centurion - Wierda Park (Gautrain C3)","network":"Gautrain Bus"},"geometry":{"type":"LineString","coordinates":[[28.1732,-25.86199],[28.17295,-25.8621],[28.17274,-25.86219],[28.17254,-25.86225],[28.17215,-25.86236]]}},{"type":"Feature","properties":{"id":"relation/3278220","name":"Centurion - Wierda Park (Gautrain C3)","network":"Gautrain Bus"},"geometry":{"type":"LineString","coordinates":[[28.17215,-25.86236],[28.17179,-25.86243],[28.17138,-25.86248],[28.17129,-25.86249],[28.1712,-25.86249],[28.17088,-25.86251]]}},{"type":"Feature","properties":{"id":"relation/3278220","name":"Centurion - Wierda Park (Gautrain C3)","network":"Gautrain Bus"},"geometry":{"type":"LineString","coordinates":[[28.17088,-25.86251],[28.16869,-25.86245],[28.1682,-25.86244],[28.16769,-25.86243],[28.16738,-25.86242],[28.16726,-25.86241]]}},{"type":"Feature","properties":{"id":"relation/3278220","name":"Centurion - Wierda Park (Gautrain C3)","network":"Gautrain Bus"},"geometry":{"type":"LineString","coordinates":[[28.16726,-25.86241],[28.1666,-25.8624]]}},{"type":"Feature","properties":{"id":"relation/3278220","name":"Centurion - Wierda Park (Gautrain C3)","network":"Gautrain Bus"},"geometry":{"type":"LineString","coordinates":[[28.1666,-25.8624],[28.16653,-25.8624]]}},{"type":"Feature","properties":{"id":"relation/3278220","name":"Centurion - Wierda Park (Gautrain C3)","network":"Gautrain Bus"},"geometry":{"type":"LineString","coordinates":[[28.16653,-25.8624],[28.16623,-25.86239],[28.16602,-25.86239],[28.16564,-25.86238]]}},{"type":"Feature","properties":{"id":"relation/3278220","name":"Centurion - Wierda Park (Gautrain C3)","network":"Gautrain Bus"},"geometry":{"type":"LineString","coordinates":[[28.16564,-25.86238],[28.16552,-25.86238],[28.1653,-25.86238],[28.16436,-25.86236],[28.16376,-25.86235]]}},{"type":"Feature","properties":{"id":"relation/3278220","name":"Centurion - Wierda Park (Gautrain C3)","network":"Gautrain Bus"},"geometry":{"type":"LineString","coordinates":[[28.16376,-25.86235],[28.16307,-25.86235],[28.16297,-25.86234],[28.16293,-25.86234]]}},{"type":"Feature","properties":{"id":"relation/3278220","name":"Centurion - Wierda Park (Gautrain C3)","network":"Gautrain Bus"},"geometry":{"type":"LineString","coordinates":[[28.16293,-25.86234],[28.16287,-25.86234]]}},{"type":"Feature","properties":{"id":"relation/3278220","name":"Centurion - Wierda Park (Gautrain C3)","network":"Gautrain Bus"},"geometry":{"type":"LineString","coordinates":[[28.16287,-25.86234],[28.16231,-25.86233],[28.16207,-25.86233],[28.16186,-25.86232],[28.16163,-25.86231]]}},{"type":"Feature","properties":{"id":"relation/3278220","name":"Centurion - Wierda Park (Gautrain C3)","network":"Gautrain Bus"},"geometry":{"type":"LineString","coordinates":[[28.16163,-25.86231],[28.16139,-25.8623]]}},{"type":"Feature","properties":{"id":"relation/3278220","name":"Centurion - Wierda Park (Gautrain C3)","network":"Gautrain Bus"},"geometry":{"type":"LineString","coordinates":[[28.16139,-25.8623],[28.16115,-25.86229],[28.1608,-25.86229],[28.16046,-25.86231],[28.16015,-25.86235],[28.15989,-25.86241],[28.15967,-25.86247]]}},{"type":"Feature","properties":{"id":"relation/3278220","name":"Centurion - Wierda Park (Gautrain C3)","network":"Gautrain Bus"},"geometry":{"type":"LineString","coordinates":[[28.15967,-25.86247],[28.15935,-25.86262],[28.15918,-25.86271]]}},{"type":"Feature","properties":{"id":"relation/3278220","name":"Centurion - Wierda Park (Gautrain C3)","network":"Gautrain Bus"},"geometry":{"type":"LineString","coordinates":[[28.15918,-25.86271],[28.15915,-25.86266]]}},{"type":"Feature","properties":{"id":"relation/3278220","name":"Centurion - Wierda Park (Gautrain C3)","network":"Gautrain Bus"},"geometry":{"type":"LineString","coordinates":[[28.15915,-25.86266],[28.15891,-25.86224]]}},{"type":"Feature","properties":{"id":"relation/3278220","name":"Centurion - Wierda Park (Gautrain C3)","network":"Gautrain Bus"},"geometry":{"type":"LineString","coordinates":[[28.15891,-25.86224],[28.15854,-25.8617],[28.15845,-25.86156]]}},{"type":"Feature","properties":{"id":"relation/3278220","name":"Centurion - Wierda Park (Gautrain C3)","network":"Gautrain Bus"},"geometry":{"type":"LineString","coordinates":[[28.15845,-25.86156],[28.15822,-25.86123],[28.15806,-25.86102],[28.15797,-25.86091],[28.15788,-25.86082],[28.15756,-25.86049],[28.15735,-25.86038],[28.15717,-25.86031],[28.15682,-25.86022],[28.15633,-25.86008],[28.1562,-25.86005],[28.15603,-25.86],[28.15588,-25.85997],[28.15568,-25.85993],[28.15531,-25.85993],[28.15516,-25.85994],[28.15496,-25.85997],[28.15324,-25.86025],[28.15321,-25.86026],[28.15318,-25.86026],[28.15315,-25.86026],[28.15312,-25.86026],[28.15199,-25.86026],[28.15057,-25.86027],[28.14913,-25.86026],[28.14824,-25.86025]]}},{"type":"Feature","properties":{"id":"relation/3278220","name":"Centurion - Wierda Park (Gautrain C3)","network":"Gautrain Bus"},"geometry":{"type":"LineString","coordinates":[[28.14824,-25.86025],[28.14773,-25.86026]]}},{"type":"Feature","properties":{"id":"relation/3278220","name":"Centurion - Wierda Park (Gautrain C3)","network":"Gautrain Bus"},"geometry":{"type":"LineString","coordinates":[[28.14773,-25.86026],[28.14771,-25.86028],[28.14769,-25.86029],[28.14765,-25.8603],[28.14762,-25.86029],[28.14758,-25.86027]]}},{"type":"Feature","properties":{"id":"relation/3278220","name":"Centurion - Wierda Park (Gautrain C3)","network":"Gautrain Bus"},"geometry":{"type":"LineString","coordinates":[[28.14758,-25.86027],[28.14757,-25.86026],[28.14756,-25.86024],[28.14756,-25.86021]]}},{"type":"Feature","properties":{"id":"relation/3278220","name":"Centurion - Wierda Park (Gautrain C3)","network":"Gautrain Bus"},"geometry":{"type":"LineString","coordinates":[[28.14756,-25.86021],[28.14736,-25.85996],[28.14729,-25.85982],[28.14721,-25.85967]]}},{"type":"Feature","properties":{"id":"relation/3278220","name":"Centurion - Wierda Park (Gautrain C3)","network":"Gautrain Bus"},"geometry":{"type":"LineString","coordinates":[[28.14562,-25.85793],[28.14581,-25.85814],[28.14585,-25.85819],[28.1465,-25.8589],[28.14676,-25.85918],[28.147,-25.85944],[28.14721,-25.85967]]}},{"type":"Feature","properties":{"id":"relation/3278220","name":"Centurion - Wierda Park (Gautrain C3)","network":"Gautrain Bus"},"geometry":{"type":"LineString","coordinates":[[28.14562,-25.85793],[28.14553,-25.85785],[28.14529,-25.85764],[28.14523,-25.85759],[28.14516,-25.85753]]}},{"type":"Feature","properties":{"id":"relation/3278220","name":"Centurion - Wierda Park (Gautrain C3)","network":"Gautrain Bus"},"geometry":{"type":"LineString","coordinates":[[28.14516,-25.85753],[28.1451,-25.85748],[28.14488,-25.85727]]}},{"type":"Feature","properties":{"id":"relation/3278220","name":"Centurion - Wierda Park (Gautrain C3)","network":"Gautrain Bus"},"geometry":{"type":"LineString","coordinates":[[28.14488,-25.85727],[28.14398,-25.85629]]}},{"type":"Feature","properties":{"id":"relation/3278220","name":"Centurion - Wierda Park (Gautrain C3)","network":"Gautrain Bus"},"geometry":{"type":"LineString","coordinates":[[28.14398,-25.85629],[28.14394,-25.85623]]}},{"type":"Feature","properties":{"id":"relation/3278220","name":"Centurion - Wierda Park (Gautrain C3)","network":"Gautrain Bus"},"geometry":{"type":"LineString","coordinates":[[28.14394,-25.85623],[28.14373,-25.85601],[28.14329,-25.85553]]}},{"type":"Feature","properties":{"id":"relation/3278220","name":"Centurion - Wierda Park (Gautrain C3)","network":"Gautrain Bus"},"geometry":{"type":"LineString","coordinates":[[28.14329,-25.85553],[28.14294,-25.85518]]}},{"type":"Feature","properties":{"id":"relation/3278220","name":"Centurion - Wierda Park (Gautrain C3)","network":"Gautrain Bus"},"geometry":{"type":"LineString","coordinates":[[28.14212,-25.85582],[28.14294,-25.85518]]}},{"type":"Feature","properties":{"id":"relation/3278220","name":"Centurion - Wierda Park (Gautrain C3)","network":"Gautrain Bus"},"geometry":{"type":"LineString","coordinates":[[28.14158,-25.85622],[28.14212,-25.85582]]}},{"type":"Feature","properties":{"id":"relation/3278220","name":"Centurion - Wierda Park (Gautrain C3)","network":"Gautrain Bus"},"geometry":{"type":"LineString","coordinates":[[28.14103,-25.85661],[28.14158,-25.85622]]}},{"type":"Feature","properties":{"id":"relation/3278220","name":"Centurion - Wierda Park (Gautrain C3)","network":"Gautrain Bus"},"geometry":{"type":"LineString","coordinates":[[28.14103,-25.85661],[28.14136,-25.85697]]}},{"type":"Feature","properties":{"id":"relation/3278220","name":"Centurion - Wierda Park (Gautrain C3)","network":"Gautrain Bus"},"geometry":{"type":"LineString","coordinates":[[28.14136,-25.85697],[28.14149,-25.85711],[28.14171,-25.85736],[28.14201,-25.8577]]}},{"type":"Feature","properties":{"id":"relation/3278220","name":"Centurion - Wierda Park (Gautrain C3)","network":"Gautrain Bus"},"geometry":{"type":"LineString","coordinates":[[28.14201,-25.8577],[28.14207,-25.85777]]}},{"type":"Feature","properties":{"id":"relation/3278220","name":"Centurion - Wierda Park (Gautrain C3)","network":"Gautrain Bus"},"geometry":{"type":"LineString","coordinates":[[28.14207,-25.85777],[28.14269,-25.85845],[28.14289,-25.85867]]}},{"type":"Feature","properties":{"id":"relation/3278220","name":"Centurion - Wierda Park (Gautrain C3)","network":"Gautrain Bus"},"geometry":{"type":"LineString","coordinates":[[28.14289,-25.85867],[28.14297,-25.85876]]}},{"type":"Feature","properties":{"id":"relation/3278220","name":"Centurion - Wierda Park (Gautrain C3)","network":"Gautrain Bus"},"geometry":{"type":"LineString","coordinates":[[28.14297,-25.85876],[28.14383,-25.85969],[28.14474,-25.8607],[28.14543,-25.86147],[28.14545,-25.86149],[28.14548,-25.86152],[28.1455,-25.86154],[28.14553,-25.86156],[28.14558,-25.86159],[28.14567,-25.86166]]}},{"type":"Feature","properties":{"id":"relation/3278220","name":"Centurion - Wierda Park (Gautrain C3)","network":"Gautrain Bus"},"geometry":{"type":"LineString","coordinates":[[28.14758,-25.86027],[28.14751,-25.8603],[28.14745,-25.86034],[28.14741,-25.86037],[28.14567,-25.86166]]}},{"type":"Feature","properties":{"id":"relation/3278220","name":"Centurion - Wierda Park (Gautrain C3)","network":"Gautrain Bus"},"geometry":{"type":"LineString","coordinates":[[28.14756,-25.86021],[28.14757,-25.86019],[28.14758,-25.86017],[28.1476,-25.86016],[28.14762,-25.86015],[28.14764,-25.86014],[28.14766,-25.86014],[28.14769,-25.86015]]}},{"type":"Feature","properties":{"id":"relation/3278220","name":"Centurion - Wierda Park (Gautrain C3)","network":"Gautrain Bus"},"geometry":{"type":"LineString","coordinates":[[28.14769,-25.86015],[28.14798,-25.86017],[28.14804,-25.86019],[28.1481,-25.8602],[28.14824,-25.86025]]}},{"type":"Feature","properties":{"id":"relation/3278220","name":"Centurion - Wierda Park (Gautrain C3)","network":"Gautrain Bus"},"geometry":{"type":"LineString","coordinates":[[28.15891,-25.86224],[28.15901,-25.86233],[28.15905,-25.86238],[28.15909,-25.86243],[28.15914,-25.86247],[28.15915,-25.86248],[28.15921,-25.8625],[28.15925,-25.86251],[28.1593,-25.86251],[28.15938,-25.86251],[28.15942,-25.8625],[28.15949,-25.86249]]}},{"type":"Feature","properties":{"id":"relation/3278220","name":"Centurion - Wierda Park (Gautrain C3)","network":"Gautrain Bus"},"geometry":{"type":"LineString","coordinates":[[28.15949,-25.86249],[28.15965,-25.86242]]}},{"type":"Feature","properties":{"id":"relation/3278220","name":"Centurion - Wierda Park (Gautrain C3)","network":"Gautrain Bus"},"geometry":{"type":"LineString","coordinates":[[28.15965,-25.86242],[28.15987,-25.86235],[28.16013,-25.86229],[28.16043,-25.86226],[28.16079,-25.86224],[28.16116,-25.86224],[28.16139,-25.86225]]}},{"type":"Feature","properties":{"id":"relation/3278220","name":"Centurion - Wierda Park (Gautrain C3)","network":"Gautrain Bus"},"geometry":{"type":"LineString","coordinates":[[28.16139,-25.86225],[28.1619,-25.86226]]}},{"type":"Feature","properties":{"id":"relation/3278220","name":"Centurion - Wierda Park (Gautrain C3)","network":"Gautrain Bus"},"geometry":{"type":"LineString","coordinates":[[28.1619,-25.86226],[28.16228,-25.86227],[28.16286,-25.86227],[28.16287,-25.86227]]}},{"type":"Feature","properties":{"id":"relation/3278220","name":"Centurion - Wierda Park (Gautrain C3)","network":"Gautrain Bus"},"geometry":{"type":"LineString","coordinates":[[28.16287,-25.86227],[28.16293,-25.86227]]}},{"type":"Feature","properties":{"id":"relation/3278220","name":"Centurion - Wierda Park (Gautrain C3)","network":"Gautrain Bus"},"geometry":{"type":"LineString","coordinates":[[28.16293,-25.86227],[28.16295,-25.86227],[28.16309,-25.86227],[28.16356,-25.86227]]}},{"type":"Feature","properties":{"id":"relation/3278220","name":"Centurion - Wierda Park (Gautrain C3)","network":"Gautrain Bus"},"geometry":{"type":"LineString","coordinates":[[28.16356,-25.86227],[28.16461,-25.86228],[28.16492,-25.86228],[28.16564,-25.86229]]}},{"type":"Feature","properties":{"id":"relation/3278220","name":"Centurion - Wierda Park (Gautrain C3)","network":"Gautrain Bus"},"geometry":{"type":"LineString","coordinates":[[28.16564,-25.86229],[28.16654,-25.86231]]}},{"type":"Feature","properties":{"id":"relation/3278220","name":"Centurion - Wierda Park (Gautrain C3)","network":"Gautrain Bus"},"geometry":{"type":"LineString","coordinates":[[28.16654,-25.86231],[28.16661,-25.86231]]}},{"type":"Feature","properties":{"id":"relation/3278220","name":"Centurion - Wierda Park (Gautrain C3)","network":"Gautrain Bus"},"geometry":{"type":"LineString","coordinates":[[28.16661,-25.86231],[28.16692,-25.86231],[28.16745,-25.86233]]}},{"type":"Feature","properties":{"id":"relation/3278220","name":"Centurion - Wierda Park (Gautrain C3)","network":"Gautrain Bus"},"geometry":{"type":"LineString","coordinates":[[28.16745,-25.86233],[28.16775,-25.86235],[28.16808,-25.86235],[28.16869,-25.86238],[28.17062,-25.86244],[28.17088,-25.86244]]}},{"type":"Feature","properties":{"id":"relation/3278220","name":"Centurion - Wierda Park (Gautrain C3)","network":"Gautrain Bus"},"geometry":{"type":"LineString","coordinates":[[28.17088,-25.86244],[28.17126,-25.86245],[28.17136,-25.86244],[28.17177,-25.86239],[28.17213,-25.86232]]}},{"type":"Feature","properties":{"id":"relation/3278220","name":"Centurion - Wierda Park (Gautrain C3)","network":"Gautrain Bus"},"geometry":{"type":"LineString","coordinates":[[28.17213,-25.86232],[28.17246,-25.86223],[28.1727,-25.86215],[28.17282,-25.8621],[28.17299,-25.86202],[28.17317,-25.86195]]}},{"type":"Feature","properties":{"id":"relation/3278220","name":"Centurion - Wierda Park (Gautrain C3)","network":"Gautrain Bus"},"geometry":{"type":"LineString","coordinates":[[28.17317,-25.86195],[28.17348,-25.86179],[28.17379,-25.86162]]}},{"type":"Feature","properties":{"id":"relation/3278220","name":"Centurion - Wierda Park (Gautrain C3)","network":"Gautrain Bus"},"geometry":{"type":"LineString","coordinates":[[28.17379,-25.86162],[28.17426,-25.86129]]}},{"type":"Feature","properties":{"id":"relation/3278220","name":"Centurion - Wierda Park (Gautrain C3)","network":"Gautrain Bus"},"geometry":{"type":"LineString","coordinates":[[28.17426,-25.86129],[28.17449,-25.86114],[28.17475,-25.86099]]}},{"type":"Feature","properties":{"id":"relation/3278220","name":"Centurion - Wierda Park (Gautrain C3)","network":"Gautrain Bus"},"geometry":{"type":"LineString","coordinates":[[28.17475,-25.86099],[28.1748,-25.86096]]}},{"type":"Feature","properties":{"id":"relation/3278220","name":"Centurion - Wierda Park (Gautrain C3)","network":"Gautrain Bus"},"geometry":{"type":"LineString","coordinates":[[28.1748,-25.86096],[28.17508,-25.86081],[28.1754,-25.86064]]}},{"type":"Feature","properties":{"id":"relation/3278220","name":"Centurion - Wierda Park (Gautrain C3)","network":"Gautrain Bus"},"geometry":{"type":"LineString","coordinates":[[28.1754,-25.86064],[28.17666,-25.85997],[28.1769,-25.85984]]}},{"type":"Feature","properties":{"id":"relation/3278220","name":"Centurion - Wierda Park (Gautrain C3)","network":"Gautrain Bus"},"geometry":{"type":"LineString","coordinates":[[28.1769,-25.85984],[28.17753,-25.85951]]}},{"type":"Feature","properties":{"id":"relation/3278220","name":"Centurion - Wierda Park (Gautrain C3)","network":"Gautrain Bus"},"geometry":{"type":"LineString","coordinates":[[28.17753,-25.85951],[28.17783,-25.85942],[28.17817,-25.85933]]}},{"type":"Feature","properties":{"id":"relation/3278220","name":"Centurion - Wierda Park (Gautrain C3)","network":"Gautrain Bus"},"geometry":{"type":"LineString","coordinates":[[28.17817,-25.85933],[28.17891,-25.85916]]}},{"type":"Feature","properties":{"id":"relation/3278220","name":"Centurion - Wierda Park (Gautrain C3)","network":"Gautrain Bus"},"geometry":{"type":"LineString","coordinates":[[28.17891,-25.85916],[28.17996,-25.85892]]}},{"type":"Feature","properties":{"id":"relation/3278220","name":"Centurion - Wierda Park (Gautrain C3)","network":"Gautrain Bus"},"geometry":{"type":"LineString","coordinates":[[28.17996,-25.85892],[28.18019,-25.85885]]}},{"type":"Feature","properties":{"id":"relation/3278220","name":"Centurion - Wierda Park (Gautrain C3)","network":"Gautrain Bus"},"geometry":{"type":"LineString","coordinates":[[28.18019,-25.85885],[28.18068,-25.85863],[28.18106,-25.85844],[28.18153,-25.85817]]}},{"type":"Feature","properties":{"id":"relation/3278220","name":"Centurion - Wierda Park (Gautrain C3)","network":"Gautrain Bus"},"geometry":{"type":"LineString","coordinates":[[28.18153,-25.85817],[28.18173,-25.85802],[28.18192,-25.85785],[28.18226,-25.8575]]}},{"type":"Feature","properties":{"id":"relation/3278220","name":"Centurion - Wierda Park (Gautrain C3)","network":"Gautrain Bus"},"geometry":{"type":"LineString","coordinates":[[28.18226,-25.8575],[28.18262,-25.85712]]}},{"type":"Feature","properties":{"id":"relation/3278220","name":"Centurion - Wierda Park (Gautrain C3)","network":"Gautrain Bus"},"geometry":{"type":"LineString","coordinates":[[28.18262,-25.85712],[28.18286,-25.85687],[28.18323,-25.85647]]}},{"type":"Feature","properties":{"id":"relation/3278220","name":"Centurion - Wierda Park (Gautrain C3)","network":"Gautrain Bus"},"geometry":{"type":"LineString","coordinates":[[28.18323,-25.85647],[28.18338,-25.85632],[28.1838,-25.85585]]}},{"type":"Feature","properties":{"id":"relation/3278220","name":"Centurion - Wierda Park (Gautrain C3)","network":"Gautrain Bus"},"geometry":{"type":"LineString","coordinates":[[28.1838,-25.85585],[28.18445,-25.85515]]}},{"type":"Feature","properties":{"id":"relation/3278220","name":"Centurion - Wierda Park (Gautrain C3)","network":"Gautrain Bus"},"geometry":{"type":"LineString","coordinates":[[28.18445,-25.85515],[28.18456,-25.85505],[28.18492,-25.85464],[28.18499,-25.85457]]}},{"type":"Feature","properties":{"id":"relation/3278220","name":"Centurion - Wierda Park (Gautrain C3)","network":"Gautrain Bus"},"geometry":{"type":"LineString","coordinates":[[28.18499,-25.85457],[28.18508,-25.85453]]}},{"type":"Feature","properties":{"id":"relation/3278220","name":"Centurion - Wierda Park (Gautrain C3)","network":"Gautrain Bus"},"geometry":{"type":"LineString","coordinates":[[28.18508,-25.85453],[28.18551,-25.85405],[28.18563,-25.85389],[28.18585,-25.85361],[28.18596,-25.85346],[28.18622,-25.8531],[28.18661,-25.85259],[28.18676,-25.85237]]}},{"type":"Feature","properties":{"id":"relation/3278220","name":"Centurion - Wierda Park (Gautrain C3)","network":"Gautrain Bus"},"geometry":{"type":"LineString","coordinates":[[28.18676,-25.85237],[28.18731,-25.85158]]}},{"type":"Feature","properties":{"id":"relation/3278220","name":"Centurion - Wierda Park (Gautrain C3)","network":"Gautrain Bus"},"geometry":{"type":"LineString","coordinates":[[28.18731,-25.85158],[28.18762,-25.85121]]}},{"type":"Feature","properties":{"id":"relation/3278220","name":"Centurion - Wierda Park (Gautrain C3)","network":"Gautrain Bus"},"geometry":{"type":"LineString","coordinates":[[28.18762,-25.85121],[28.18771,-25.85101]]}},{"type":"Feature","properties":{"id":"relation/3278220","name":"Centurion - Wierda Park (Gautrain C3)","network":"Gautrain Bus"},"geometry":{"type":"LineString","coordinates":[[28.18771,-25.85101],[28.18776,-25.85088],[28.1879,-25.85065],[28.18805,-25.85043]]}},{"type":"Feature","properties":{"id":"relation/3278220","name":"Centurion - Wierda Park (Gautrain C3)","network":"Gautrain Bus"},"geometry":{"type":"LineString","coordinates":[[28.18805,-25.85043],[28.1882,-25.85025]]}},{"type":"Feature","properties":{"id":"relation/3278220","name":"Centurion - Wierda Park (Gautrain C3)","network":"Gautrain Bus"},"geometry":{"type":"LineString","coordinates":[[28.1882,-25.85025],[28.18833,-25.85045]]}},{"type":"Feature","properties":{"id":"relation/3278220","name":"Centurion - Wierda Park (Gautrain C3)","network":"Gautrain Bus"},"geometry":{"type":"LineString","coordinates":[[28.18833,-25.85045],[28.18846,-25.85063]]}},{"type":"Feature","properties":{"id":"relation/3278220","name":"Centurion - Wierda Park (Gautrain C3)","network":"Gautrain Bus"},"geometry":{"type":"LineString","coordinates":[[28.18846,-25.85063],[28.1886,-25.85084],[28.18872,-25.85104]]}},{"type":"Feature","properties":{"id":"relation/3278220","name":"Centurion - Wierda Park (Gautrain C3)","network":"Gautrain Bus"},"geometry":{"type":"LineString","coordinates":[[28.18872,-25.85104],[28.18896,-25.85143],[28.18912,-25.85168]]}},{"type":"Feature","properties":{"id":"relation/3278220","name":"Centurion - Wierda Park (Gautrain C3)","network":"Gautrain Bus"},"geometry":{"type":"LineString","coordinates":[[28.18912,-25.85168],[28.18926,-25.85153]]}},{"type":"Feature","properties":{"id":"relation/3278220","name":"Centurion - Wierda Park (Gautrain C3)","network":"Gautrain Bus"},"geometry":{"type":"LineString","coordinates":[[28.18926,-25.85153],[28.18942,-25.85144]]}},{"type":"Feature","properties":{"id":"relation/3278220","name":"Centurion - Wierda Park (Gautrain C3)","network":"Gautrain Bus"},"geometry":{"type":"LineString","coordinates":[[28.18942,-25.85144],[28.18951,-25.85139]]}},{"type":"Feature","properties":{"id":"relation/3278220","name":"Centurion - Wierda Park (Gautrain C3)","network":"Gautrain Bus"},"geometry":{"type":"LineString","coordinates":[[28.18951,-25.85139],[28.18951,-25.85137],[28.1895,-25.85135],[28.18951,-25.85132],[28.18954,-25.85129],[28.18957,-25.85127],[28.1896,-25.85125],[28.18964,-25.85125],[28.18968,-25.85125],[28.18971,-25.85127],[28.18975,-25.8513],[28.18976,-25.85132],[28.18977,-25.85134],[28.18977,-25.85137],[28.18977,-25.85139]]}},{"type":"Feature","properties":{"id":"relation/3278220","name":"Centurion - Wierda Park (Gautrain C3)","network":"Gautrain Bus"},"geometry":{"type":"LineString","coordinates":[[28.18977,-25.85139],[28.18979,-25.8514],[28.1899,-25.85141],[28.18993,-25.85141],[28.18995,-25.85143],[28.19044,-25.85179],[28.19052,-25.85185],[28.19054,-25.85187],[28.19054,-25.85189],[28.19054,-25.8519],[28.19055,-25.85191],[28.19054,-25.85193],[28.19053,-25.85195],[28.19052,-25.85197],[28.19028,-25.85225],[28.19026,-25.85226],[28.19025,-25.85227],[28.19023,-25.85227],[28.19021,-25.85227],[28.19018,-25.85226],[28.19016,-25.85225],[28.19014,-25.85222],[28.19012,-25.85219],[28.19007,-25.85214],[28.19003,-25.85209],[28.18983,-25.85181]]}},{"type":"Feature","properties":{"id":"relation/3279698","name":"Centurion - Southdowns (Gautrain C4)","network":"Gautrain Bus"},"geometry":{"type":"LineString","coordinates":[[28.18983,-25.85181],[28.18981,-25.85179],[28.1898,-25.85175],[28.1898,-25.85172],[28.18979,-25.85169],[28.1898,-25.85163],[28.18979,-25.85159]]}},{"type":"Feature","properties":{"id":"relation/3279698","name":"Centurion - Southdowns (Gautrain C4)","network":"Gautrain Bus"},"geometry":{"type":"LineString","coordinates":[[28.18979,-25.85159],[28.18977,-25.85155],[28.1897,-25.85147]]}},{"type":"Feature","properties":{"id":"relation/3279698","name":"Centurion - Southdowns (Gautrain C4)","network":"Gautrain Bus"},"geometry":{"type":"LineString","coordinates":[[28.1897,-25.85147],[28.18968,-25.85148],[28.18965,-25.85149],[28.18962,-25.85149],[28.1896,-25.85148],[28.18957,-25.85147]]}},{"type":"Feature","properties":{"id":"relation/3279698","name":"Centurion - Southdowns (Gautrain C4)","network":"Gautrain Bus"},"geometry":{"type":"LineString","coordinates":[[28.18957,-25.85147],[28.18953,-25.85149]]}},{"type":"Feature","properties":{"id":"relation/3279698","name":"Centurion - Southdowns (Gautrain C4)","network":"Gautrain Bus"},"geometry":{"type":"LineString","coordinates":[[28.18953,-25.85149],[28.18927,-25.85163]]}},{"type":"Feature","properties":{"id":"relation/3279698","name":"Centurion - Southdowns (Gautrain C4)","network":"Gautrain Bus"},"geometry":{"type":"LineString","coordinates":[[28.18927,-25.85163],[28.18916,-25.85175]]}},{"type":"Feature","properties":{"id":"relation/3279698","name":"Centurion - Southdowns (Gautrain C4)","network":"Gautrain Bus"},"geometry":{"type":"LineString","coordinates":[[28.18916,-25.85175],[28.18899,-25.85182]]}},{"type":"Feature","properties":{"id":"relation/3279698","name":"Centurion - Southdowns (Gautrain C4)","network":"Gautrain Bus"},"geometry":{"type":"LineString","coordinates":[[28.18899,-25.85182],[28.18896,-25.85177]]}},{"type":"Feature","properties":{"id":"relation/3279698","name":"Centurion - Southdowns (Gautrain C4)","network":"Gautrain Bus"},"geometry":{"type":"LineString","coordinates":[[28.18896,-25.85177],[28.18854,-25.85115]]}},{"type":"Feature","properties":{"id":"relation/3279698","name":"Centurion - Southdowns (Gautrain C4)","network":"Gautrain Bus"},"geometry":{"type":"LineString","coordinates":[[28.18854,-25.85115],[28.18817,-25.8506]]}},{"type":"Feature","properties":{"id":"relation/3279698","name":"Centurion - Southdowns (Gautrain C4)","network":"Gautrain Bus"},"geometry":{"type":"LineString","coordinates":[[28.18817,-25.8506],[28.18812,-25.85053]]}},{"type":"Feature","properties":{"id":"relation/3279698","name":"Centurion - Southdowns (Gautrain C4)","network":"Gautrain Bus"},"geometry":{"type":"LineString","coordinates":[[28.18812,-25.85053],[28.18805,-25.85043]]}},{"type":"Feature","properties":{"id":"relation/3279698","name":"Centurion - Southdowns (Gautrain C4)","network":"Gautrain Bus"},"geometry":{"type":"LineString","coordinates":[[28.18805,-25.85043],[28.1882,-25.85025]]}},{"type":"Feature","properties":{"id":"relation/3279698","name":"Centurion - Southdowns (Gautrain C4)","network":"Gautrain Bus"},"geometry":{"type":"LineString","coordinates":[[28.1882,-25.85025],[28.18907,-25.8493],[28.18922,-25.84913]]}},{"type":"Feature","properties":{"id":"relation/3279698","name":"Centurion - Southdowns (Gautrain C4)","network":"Gautrain Bus"},"geometry":{"type":"LineString","coordinates":[[28.18922,-25.84913],[28.18977,-25.84859]]}},{"type":"Feature","properties":{"id":"relation/3279698","name":"Centurion - Southdowns (Gautrain C4)","network":"Gautrain Bus"},"geometry":{"type":"LineString","coordinates":[[28.18977,-25.84859],[28.19043,-25.84784]]}},{"type":"Feature","properties":{"id":"relation/3279698","name":"Centurion - Southdowns (Gautrain C4)","network":"Gautrain Bus"},"geometry":{"type":"LineString","coordinates":[[28.19043,-25.84784],[28.1908,-25.84745],[28.1909,-25.84733],[28.19097,-25.84726],[28.19123,-25.84695],[28.19143,-25.84672]]}},{"type":"Feature","properties":{"id":"relation/3279698","name":"Centurion - Southdowns (Gautrain C4)","network":"Gautrain Bus"},"geometry":{"type":"LineString","coordinates":[[28.19143,-25.84672],[28.19167,-25.84647]]}},{"type":"Feature","properties":{"id":"relation/3279698","name":"Centurion - Southdowns (Gautrain C4)","network":"Gautrain Bus"},"geometry":{"type":"LineString","coordinates":[[28.19167,-25.84647],[28.19187,-25.84629],[28.19227,-25.84584],[28.19235,-25.84576]]}},{"type":"Feature","properties":{"id":"relation/3279698","name":"Centurion - Southdowns (Gautrain C4)","network":"Gautrain Bus"},"geometry":{"type":"LineString","coordinates":[[28.19235,-25.84576],[28.19241,-25.8458],[28.19249,-25.84586]]}},{"type":"Feature","properties":{"id":"relation/3279698","name":"Centurion - Southdowns (Gautrain C4)","network":"Gautrain Bus"},"geometry":{"type":"LineString","coordinates":[[28.19249,-25.84586],[28.19289,-25.84616]]}},{"type":"Feature","properties":{"id":"relation/3279698","name":"Centurion - Southdowns (Gautrain C4)","network":"Gautrain Bus"},"geometry":{"type":"LineString","coordinates":[[28.19289,-25.84616],[28.19336,-25.84651],[28.1943,-25.84723],[28.19486,-25.84764],[28.19678,-25.84908],[28.19697,-25.84921]]}},{"type":"Feature","properties":{"id":"relation/3279698","name":"Centurion - Southdowns (Gautrain C4)","network":"Gautrain Bus"},"geometry":{"type":"LineString","coordinates":[[28.19697,-25.84921],[28.19706,-25.84928],[28.19724,-25.84941],[28.19774,-25.8498]]}},{"type":"Feature","properties":{"id":"relation/3279698","name":"Centurion - Southdowns (Gautrain C4)","network":"Gautrain Bus"},"geometry":{"type":"LineString","coordinates":[[28.19774,-25.8498],[28.19784,-25.84987]]}},{"type":"Feature","properties":{"id":"relation/3279698","name":"Centurion - Southdowns (Gautrain C4)","network":"Gautrain Bus"},"geometry":{"type":"LineString","coordinates":[[28.19784,-25.84987],[28.19823,-25.85017]]}},{"type":"Feature","properties":{"id":"relation/3279698","name":"Centurion - Southdowns (Gautrain C4)","network":"Gautrain Bus"},"geometry":{"type":"LineString","coordinates":[[28.19823,-25.85017],[28.1984,-25.8503],[28.19843,-25.85033],[28.19868,-25.8505]]}},{"type":"Feature","properties":{"id":"relation/3279698","name":"Centurion - Southdowns (Gautrain C4)","network":"Gautrain Bus"},"geometry":{"type":"LineString","coordinates":[[28.19868,-25.8505],[28.20009,-25.85157],[28.20131,-25.85248],[28.20177,-25.85282],[28.20185,-25.85288],[28.20192,-25.85295]]}},{"type":"Feature","properties":{"id":"relation/3279698","name":"Centurion - Southdowns (Gautrain C4)","network":"Gautrain Bus"},"geometry":{"type":"LineString","coordinates":[[28.20192,-25.85295],[28.20227,-25.85336]]}},{"type":"Feature","properties":{"id":"relation/3279698","name":"Centurion - Southdowns (Gautrain C4)","network":"Gautrain Bus"},"geometry":{"type":"LineString","coordinates":[[28.20227,-25.85336],[28.20232,-25.85342]]}},{"type":"Feature","properties":{"id":"relation/3279698","name":"Centurion - Southdowns (Gautrain C4)","network":"Gautrain Bus"},"geometry":{"type":"LineString","coordinates":[[28.20232,-25.85342],[28.20272,-25.85391]]}},{"type":"Feature","properties":{"id":"relation/3279698","name":"Centurion - Southdowns (Gautrain C4)","network":"Gautrain Bus"},"geometry":{"type":"LineString","coordinates":[[28.20272,-25.85391],[28.20325,-25.85457]]}},{"type":"Feature","properties":{"id":"relation/3279698","name":"Centurion - Southdowns (Gautrain C4)","network":"Gautrain Bus"},"geometry":{"type":"LineString","coordinates":[[28.20325,-25.85457],[28.20363,-25.85504]]}},{"type":"Feature","properties":{"id":"relation/3279698","name":"Centurion - Southdowns (Gautrain C4)","network":"Gautrain Bus"},"geometry":{"type":"LineString","coordinates":[[28.20363,-25.85504],[28.20368,-25.8551]]}},{"type":"Feature","properties":{"id":"relation/3279698","name":"Centurion - Southdowns (Gautrain C4)","network":"Gautrain Bus"},"geometry":{"type":"LineString","coordinates":[[28.20368,-25.8551],[28.20411,-25.85559]]}},{"type":"Feature","properties":{"id":"relation/3279698","name":"Centurion - Southdowns (Gautrain C4)","network":"Gautrain Bus"},"geometry":{"type":"LineString","coordinates":[[28.20411,-25.85559],[28.20435,-25.85587],[28.20466,-25.85623]]}},{"type":"Feature","properties":{"id":"relation/3279698","name":"Centurion - Southdowns (Gautrain C4)","network":"Gautrain Bus"},"geometry":{"type":"LineString","coordinates":[[28.20466,-25.85623],[28.20512,-25.85676]]}},{"type":"Feature","properties":{"id":"relation/3279698","name":"Centurion - Southdowns (Gautrain C4)","network":"Gautrain Bus"},"geometry":{"type":"LineString","coordinates":[[28.20512,-25.85676],[28.20553,-25.85727]]}},{"type":"Feature","properties":{"id":"relation/3279698","name":"Centurion - Southdowns (Gautrain C4)","network":"Gautrain Bus"},"geometry":{"type":"LineString","coordinates":[[28.20553,-25.85727],[28.20623,-25.8581],[28.20633,-25.85823],[28.20693,-25.85896]]}},{"type":"Feature","properties":{"id":"relation/3279698","name":"Centurion - Southdowns (Gautrain C4)","network":"Gautrain Bus"},"geometry":{"type":"LineString","coordinates":[[28.20693,-25.85896],[28.20726,-25.85936]]}},{"type":"Feature","properties":{"id":"relation/3279698","name":"Centurion - Southdowns (Gautrain C4)","network":"Gautrain Bus"},"geometry":{"type":"LineString","coordinates":[[28.20726,-25.85936],[28.20732,-25.85943],[28.20888,-25.86136]]}},{"type":"Feature","properties":{"id":"relation/3279698","name":"Centurion - Southdowns (Gautrain C4)","network":"Gautrain Bus"},"geometry":{"type":"LineString","coordinates":[[28.20888,-25.86136],[28.20933,-25.86192]]}},{"type":"Feature","properties":{"id":"relation/3279698","name":"Centurion - Southdowns (Gautrain C4)","network":"Gautrain Bus"},"geometry":{"type":"LineString","coordinates":[[28.20933,-25.86192],[28.20971,-25.8624]]}},{"type":"Feature","properties":{"id":"relation/3279698","name":"Centurion - Southdowns (Gautrain C4)","network":"Gautrain Bus"},"geometry":{"type":"LineString","coordinates":[[28.20971,-25.8624],[28.21,-25.86276]]}},{"type":"Feature","properties":{"id":"relation/3279698","name":"Centurion - Southdowns (Gautrain C4)","network":"Gautrain Bus"},"geometry":{"type":"LineString","coordinates":[[28.21,-25.86276],[28.21009,-25.86288]]}},{"type":"Feature","properties":{"id":"relation/3279698","name":"Centurion - Southdowns (Gautrain C4)","network":"Gautrain Bus"},"geometry":{"type":"LineString","coordinates":[[28.21009,-25.86288],[28.21021,-25.86302]]}},{"type":"Feature","properties":{"id":"relation/3279698","name":"Centurion - Southdowns (Gautrain C4)","network":"Gautrain Bus"},"geometry":{"type":"LineString","coordinates":[[28.21021,-25.86302],[28.21035,-25.8632],[28.21044,-25.8633]]}},{"type":"Feature","properties":{"id":"relation/3279698","name":"Centurion - Southdowns (Gautrain C4)","network":"Gautrain Bus"},"geometry":{"type":"LineString","coordinates":[[28.21044,-25.8633],[28.21077,-25.86372]]}},{"type":"Feature","properties":{"id":"relation/3279698","name":"Centurion - Southdowns (Gautrain C4)","network":"Gautrain Bus"},"geometry":{"type":"LineString","coordinates":[[28.21077,-25.86372],[28.21083,-25.86379]]}},{"type":"Feature","properties":{"id":"relation/3279698","name":"Centurion - Southdowns (Gautrain C4)","network":"Gautrain Bus"},"geometry":{"type":"LineString","coordinates":[[28.21083,-25.86379],[28.21094,-25.86394]]}},{"type":"Feature","properties":{"id":"relation/3279698","name":"Centurion - Southdowns (Gautrain C4)","network":"Gautrain Bus"},"geometry":{"type":"LineString","coordinates":[[28.21094,-25.86394],[28.21083,-25.864]]}},{"type":"Feature","properties":{"id":"relation/3279698","name":"Centurion - Southdowns (Gautrain C4)","network":"Gautrain Bus"},"geometry":{"type":"LineString","coordinates":[[28.21083,-25.864],[28.21073,-25.86406]]}},{"type":"Feature","properties":{"id":"relation/3279698","name":"Centurion - Southdowns (Gautrain C4)","network":"Gautrain Bus"},"geometry":{"type":"LineString","coordinates":[[28.21073,-25.86406],[28.20991,-25.8645]]}},{"type":"Feature","properties":{"id":"relation/3279698","name":"Centurion - Southdowns (Gautrain C4)","network":"Gautrain Bus"},"geometry":{"type":"LineString","coordinates":[[28.20991,-25.8645],[28.20928,-25.86483],[28.20827,-25.86541],[28.2082,-25.86545],[28.20648,-25.86641]]}},{"type":"Feature","properties":{"id":"relation/3279698","name":"Centurion - Southdowns (Gautrain C4)","network":"Gautrain Bus"},"geometry":{"type":"LineString","coordinates":[[28.206,-25.86666],[28.20648,-25.86641]]}},{"type":"Feature","properties":{"id":"relation/3279698","name":"Centurion - Southdowns (Gautrain C4)","network":"Gautrain Bus"},"geometry":{"type":"LineString","coordinates":[[28.20539,-25.867],[28.206,-25.86666]]}},{"type":"Feature","properties":{"id":"relation/3279698","name":"Centurion - Southdowns (Gautrain C4)","network":"Gautrain Bus"},"geometry":{"type":"LineString","coordinates":[[28.20469,-25.8674],[28.20539,-25.867]]}},{"type":"Feature","properties":{"id":"relation/3279698","name":"Centurion - Southdowns (Gautrain C4)","network":"Gautrain Bus"},"geometry":{"type":"LineString","coordinates":[[28.20469,-25.8674],[28.20427,-25.86765],[28.20396,-25.86782],[28.20349,-25.86808],[28.20224,-25.86875],[28.20217,-25.86879],[28.20212,-25.86882],[28.20176,-25.86903],[28.20072,-25.86959],[28.19977,-25.87004],[28.19899,-25.87042],[28.19889,-25.87046]]}},{"type":"Feature","properties":{"id":"relation/3279698","name":"Centurion - Southdowns (Gautrain C4)","network":"Gautrain Bus"},"geometry":{"type":"LineString","coordinates":[[28.19889,-25.87046],[28.19875,-25.87053],[28.19785,-25.87094],[28.19771,-25.871],[28.19736,-25.87121],[28.19676,-25.87161],[28.19605,-25.87207],[28.19587,-25.87221]]}},{"type":"Feature","properties":{"id":"relation/3279698","name":"Centurion - Southdowns (Gautrain C4)","network":"Gautrain Bus"},"geometry":{"type":"LineString","coordinates":[[28.19587,-25.87221],[28.19579,-25.87228]]}},{"type":"Feature","properties":{"id":"relation/3279698","name":"Centurion - Southdowns (Gautrain C4)","network":"Gautrain Bus"},"geometry":{"type":"LineString","coordinates":[[28.19579,-25.87228],[28.19586,-25.87234]]}},{"type":"Feature","properties":{"id":"relation/3279698","name":"Centurion - Southdowns (Gautrain C4)","network":"Gautrain Bus"},"geometry":{"type":"LineString","coordinates":[[28.19586,-25.87234],[28.19598,-25.87245],[28.19906,-25.8758],[28.20087,-25.87778],[28.20096,-25.87787],[28.20121,-25.87813],[28.20196,-25.87896],[28.20256,-25.87964]]}},{"type":"Feature","properties":{"id":"relation/3279698","name":"Centurion - Southdowns (Gautrain C4)","network":"Gautrain Bus"},"geometry":{"type":"LineString","coordinates":[[28.20256,-25.87964],[28.20333,-25.88048]]}},{"type":"Feature","properties":{"id":"relation/3279698","name":"Centurion - Southdowns (Gautrain C4)","network":"Gautrain Bus"},"geometry":{"type":"LineString","coordinates":[[28.20333,-25.88048],[28.20372,-25.88091],[28.20379,-25.88099]]}},{"type":"Feature","properties":{"id":"relation/3279698","name":"Centurion - Southdowns (Gautrain C4)","network":"Gautrain Bus"},"geometry":{"type":"LineString","coordinates":[[28.20379,-25.88099],[28.20399,-25.88121],[28.20433,-25.88159],[28.20487,-25.88226],[28.20561,-25.88331],[28.20601,-25.88399],[28.20642,-25.88475],[28.20663,-25.8852],[28.20669,-25.88529],[28.2068,-25.88542]]}},{"type":"Feature","properties":{"id":"relation/3279698","name":"Centurion - Southdowns (Gautrain C4)","network":"Gautrain Bus"},"geometry":{"type":"LineString","coordinates":[[28.2068,-25.88542],[28.20682,-25.88544],[28.20686,-25.88548],[28.20687,-25.88553],[28.20687,-25.88558],[28.20686,-25.88562]]}},{"type":"Feature","properties":{"id":"relation/3279698","name":"Centurion - Southdowns (Gautrain C4)","network":"Gautrain Bus"},"geometry":{"type":"LineString","coordinates":[[28.20686,-25.88562],[28.20687,-25.88579],[28.20688,-25.88585],[28.20689,-25.88592],[28.20693,-25.88602],[28.207,-25.88624],[28.2071,-25.88654],[28.20729,-25.88721],[28.20739,-25.8876],[28.20745,-25.88789],[28.20747,-25.88797],[28.20748,-25.88803],[28.20751,-25.88835]]}},{"type":"Feature","properties":{"id":"relation/3279698","name":"Centurion - Southdowns (Gautrain C4)","network":"Gautrain Bus"},"geometry":{"type":"LineString","coordinates":[[28.20751,-25.88835],[28.20757,-25.88877],[28.20759,-25.88902],[28.20762,-25.88936],[28.20763,-25.88972],[28.20764,-25.88998],[28.20765,-25.89005],[28.20768,-25.8901],[28.2077,-25.89014],[28.20775,-25.89018],[28.20785,-25.89022],[28.20807,-25.89027],[28.20859,-25.89038],[28.20871,-25.89041],[28.20891,-25.89049],[28.20923,-25.89063]]}},{"type":"Feature","properties":{"id":"relation/3279698","name":"Centurion - Southdowns (Gautrain C4)","network":"Gautrain Bus"},"geometry":{"type":"LineString","coordinates":[[28.20923,-25.89063],[28.20937,-25.89066]]}},{"type":"Feature","properties":{"id":"relation/3279698","name":"Centurion - Southdowns (Gautrain C4)","network":"Gautrain Bus"},"geometry":{"type":"LineString","coordinates":[[28.20937,-25.89066],[28.20941,-25.89063],[28.20946,-25.89062],[28.20951,-25.89063],[28.20955,-25.89065],[28.20959,-25.89068],[28.20961,-25.89073]]}},{"type":"Feature","properties":{"id":"relation/3279698","name":"Centurion - Southdowns (Gautrain C4)","network":"Gautrain Bus"},"geometry":{"type":"LineString","coordinates":[[28.20961,-25.89073],[28.20964,-25.89076],[28.20966,-25.89078],[28.20969,-25.89081],[28.20972,-25.89084]]}},{"type":"Feature","properties":{"id":"relation/3279698","name":"Centurion - Southdowns (Gautrain C4)","network":"Gautrain Bus"},"geometry":{"type":"LineString","coordinates":[[28.20972,-25.89084],[28.21013,-25.89105],[28.21054,-25.89128]]}},{"type":"Feature","properties":{"id":"relation/3279698","name":"Centurion - Southdowns (Gautrain C4)","network":"Gautrain Bus"},"geometry":{"type":"LineString","coordinates":[[28.21054,-25.89128],[28.21059,-25.89129],[28.21062,-25.8913],[28.21065,-25.8913],[28.21072,-25.89131]]}},{"type":"Feature","properties":{"id":"relation/3279698","name":"Centurion - Southdowns (Gautrain C4)","network":"Gautrain Bus"},"geometry":{"type":"LineString","coordinates":[[28.21072,-25.89131],[28.21077,-25.8913],[28.21081,-25.8913],[28.21086,-25.89132],[28.2109,-25.89135],[28.21092,-25.89139],[28.21092,-25.89143],[28.21091,-25.89147]]}},{"type":"Feature","properties":{"id":"relation/3279698","name":"Centurion - Southdowns (Gautrain C4)","network":"Gautrain Bus"},"geometry":{"type":"LineString","coordinates":[[28.21091,-25.89147],[28.21088,-25.89151],[28.21084,-25.89154],[28.21079,-25.89155],[28.21074,-25.89154],[28.21069,-25.89152],[28.21067,-25.89149],[28.21065,-25.89146],[28.21064,-25.89142]]}},{"type":"Feature","properties":{"id":"relation/3279698","name":"Centurion - Southdowns (Gautrain C4)","network":"Gautrain Bus"},"geometry":{"type":"LineString","coordinates":[[28.21064,-25.89142],[28.21061,-25.89138],[28.2106,-25.89135],[28.21058,-25.89133],[28.21056,-25.8913],[28.21054,-25.89128]]}},{"type":"Feature","properties":{"id":"relation/3279698","name":"Centurion - Southdowns (Gautrain C4)","network":"Gautrain Bus"},"geometry":{"type":"LineString","coordinates":[[28.20972,-25.89084],[28.2097,-25.89084],[28.20967,-25.89084],[28.20964,-25.89084],[28.20956,-25.89085]]}},{"type":"Feature","properties":{"id":"relation/3279698","name":"Centurion - Southdowns (Gautrain C4)","network":"Gautrain Bus"},"geometry":{"type":"LineString","coordinates":[[28.20956,-25.89085],[28.20953,-25.89087],[28.20949,-25.89088],[28.20945,-25.89088],[28.20941,-25.89087],[28.20938,-25.89085],[28.20935,-25.89083],[28.20934,-25.8908],[28.20933,-25.89078],[28.20933,-25.89075]]}},{"type":"Feature","properties":{"id":"relation/3279698","name":"Centurion - Southdowns (Gautrain C4)","network":"Gautrain Bus"},"geometry":{"type":"LineString","coordinates":[[28.20933,-25.89075],[28.20923,-25.89063]]}},{"type":"Feature","properties":{"id":"relation/3279698","name":"Centurion - Southdowns (Gautrain C4)","network":"Gautrain Bus"},"geometry":{"type":"LineString","coordinates":[[28.20751,-25.88835],[28.20738,-25.88784],[28.20674,-25.88596],[28.20668,-25.88581],[28.20666,-25.88576],[28.20664,-25.88571]]}},{"type":"Feature","properties":{"id":"relation/3279698","name":"Centurion - Southdowns (Gautrain C4)","network":"Gautrain Bus"},"geometry":{"type":"LineString","coordinates":[[28.20664,-25.88571],[28.2066,-25.88569],[28.20655,-25.88565],[28.20652,-25.8856],[28.20651,-25.88554],[28.20653,-25.88547]]}},{"type":"Feature","properties":{"id":"relation/3279698","name":"Centurion - Southdowns (Gautrain C4)","network":"Gautrain Bus"},"geometry":{"type":"LineString","coordinates":[[28.20653,-25.88547],[28.20636,-25.88504],[28.20617,-25.88461],[28.20586,-25.88404],[28.20562,-25.88363],[28.20542,-25.88333],[28.20514,-25.88291],[28.20492,-25.8826],[28.20481,-25.88246],[28.20463,-25.88223],[28.20438,-25.88194],[28.20416,-25.88167],[28.20403,-25.88153],[28.2039,-25.88138]]}},{"type":"Feature","properties":{"id":"relation/3279698","name":"Centurion - Southdowns (Gautrain C4)","network":"Gautrain Bus"},"geometry":{"type":"LineString","coordinates":[[28.2039,-25.88138],[28.20369,-25.88115],[28.20361,-25.88107]]}},{"type":"Feature","properties":{"id":"relation/3279698","name":"Centurion - Southdowns (Gautrain C4)","network":"Gautrain Bus"},"geometry":{"type":"LineString","coordinates":[[28.20361,-25.88107],[28.20354,-25.881]]}},{"type":"Feature","properties":{"id":"relation/3279698","name":"Centurion - Southdowns (Gautrain C4)","network":"Gautrain Bus"},"geometry":{"type":"LineString","coordinates":[[28.20354,-25.881],[28.20323,-25.88067],[28.20241,-25.87978]]}},{"type":"Feature","properties":{"id":"relation/3279698","name":"Centurion - Southdowns (Gautrain C4)","network":"Gautrain Bus"},"geometry":{"type":"LineString","coordinates":[[28.20241,-25.87978],[28.20183,-25.87916],[28.20138,-25.87868]]}},{"type":"Feature","properties":{"id":"relation/3279698","name":"Centurion - Southdowns (Gautrain C4)","network":"Gautrain Bus"},"geometry":{"type":"LineString","coordinates":[[28.20138,-25.87868],[28.20073,-25.87799]]}},{"type":"Feature","properties":{"id":"relation/3279698","name":"Centurion - Southdowns (Gautrain C4)","network":"Gautrain Bus"},"geometry":{"type":"LineString","coordinates":[[28.20073,-25.87799],[28.20067,-25.87793],[28.19946,-25.87658],[28.19916,-25.87625],[28.19886,-25.87593],[28.19869,-25.87575]]}},{"type":"Feature","properties":{"id":"relation/3279698","name":"Centurion - Southdowns (Gautrain C4)","network":"Gautrain Bus"},"geometry":{"type":"LineString","coordinates":[[28.19869,-25.87575],[28.19677,-25.87364],[28.19653,-25.87337],[28.19624,-25.87305],[28.19608,-25.87281],[28.19575,-25.87242]]}},{"type":"Feature","properties":{"id":"relation/3279698","name":"Centurion - Southdowns (Gautrain C4)","network":"Gautrain Bus"},"geometry":{"type":"LineString","coordinates":[[28.19575,-25.87242],[28.19568,-25.87235],[28.19555,-25.87221]]}},{"type":"Feature","properties":{"id":"relation/3279698","name":"Centurion - Southdowns (Gautrain C4)","network":"Gautrain Bus"},"geometry":{"type":"LineString","coordinates":[[28.19555,-25.87221],[28.19566,-25.87214]]}},{"type":"Feature","properties":{"id":"relation/3279698","name":"Centurion - Southdowns (Gautrain C4)","network":"Gautrain Bus"},"geometry":{"type":"LineString","coordinates":[[28.19566,-25.87214],[28.19574,-25.87207]]}},{"type":"Feature","properties":{"id":"relation/3279698","name":"Centurion - Southdowns (Gautrain C4)","network":"Gautrain Bus"},"geometry":{"type":"LineString","coordinates":[[28.19574,-25.87207],[28.19586,-25.87199],[28.19605,-25.87185],[28.19682,-25.87134],[28.19754,-25.87092],[28.19865,-25.87039]]}},{"type":"Feature","properties":{"id":"relation/3279698","name":"Centurion - Southdowns (Gautrain C4)","network":"Gautrain Bus"},"geometry":{"type":"LineString","coordinates":[[28.19865,-25.87039],[28.1988,-25.87032],[28.1989,-25.87028]]}},{"type":"Feature","properties":{"id":"relation/3279698","name":"Centurion - Southdowns (Gautrain C4)","network":"Gautrain Bus"},"geometry":{"type":"LineString","coordinates":[[28.1989,-25.87028],[28.1997,-25.86991],[28.20078,-25.86937],[28.20181,-25.86881],[28.20203,-25.86869],[28.20207,-25.86868],[28.20214,-25.86863],[28.20219,-25.8686],[28.20304,-25.86814],[28.20324,-25.86805],[28.20337,-25.86799],[28.20343,-25.86796],[28.20373,-25.86782],[28.20441,-25.86753],[28.20469,-25.8674]]}},{"type":"Feature","properties":{"id":"relation/3279698","name":"Centurion - Southdowns (Gautrain C4)","network":"Gautrain Bus"},"geometry":{"type":"LineString","coordinates":[[28.20648,-25.86641],[28.20737,-25.86571],[28.20768,-25.86553],[28.20809,-25.8653],[28.20817,-25.86526],[28.20923,-25.86466],[28.20969,-25.86441],[28.2099,-25.86429]]}},{"type":"Feature","properties":{"id":"relation/3279698","name":"Centurion - Southdowns (Gautrain C4)","network":"Gautrain Bus"},"geometry":{"type":"LineString","coordinates":[[28.2099,-25.86429],[28.21062,-25.86391]]}},{"type":"Feature","properties":{"id":"relation/3279698","name":"Centurion - Southdowns (Gautrain C4)","network":"Gautrain Bus"},"geometry":{"type":"LineString","coordinates":[[28.21062,-25.86391],[28.21072,-25.86385]]}},{"type":"Feature","properties":{"id":"relation/3279698","name":"Centurion - Southdowns (Gautrain C4)","network":"Gautrain Bus"},"geometry":{"type":"LineString","coordinates":[[28.21072,-25.86385],[28.21066,-25.86378]]}},{"type":"Feature","properties":{"id":"relation/3279698","name":"Centurion - Southdowns (Gautrain C4)","network":"Gautrain Bus"},"geometry":{"type":"LineString","coordinates":[[28.21066,-25.86378],[28.21055,-25.86364],[28.21024,-25.86326]]}},{"type":"Feature","properties":{"id":"relation/3279698","name":"Centurion - Southdowns (Gautrain C4)","network":"Gautrain Bus"},"geometry":{"type":"LineString","coordinates":[[28.21024,-25.86326],[28.21008,-25.86303]]}},{"type":"Feature","properties":{"id":"relation/3279698","name":"Centurion - Southdowns (Gautrain C4)","network":"Gautrain Bus"},"geometry":{"type":"LineString","coordinates":[[28.21008,-25.86303],[28.20999,-25.86291]]}},{"type":"Feature","properties":{"id":"relation/3279698","name":"Centurion - Southdowns (Gautrain C4)","network":"Gautrain Bus"},"geometry":{"type":"LineString","coordinates":[[28.20999,-25.86291],[28.20992,-25.86283]]}},{"type":"Feature","properties":{"id":"relation/3279698","name":"Centurion - Southdowns (Gautrain C4)","network":"Gautrain Bus"},"geometry":{"type":"LineString","coordinates":[[28.20992,-25.86283],[28.20981,-25.86269]]}},{"type":"Feature","properties":{"id":"relation/3279698","name":"Centurion - Southdowns (Gautrain C4)","network":"Gautrain Bus"},"geometry":{"type":"LineString","coordinates":[[28.20981,-25.86269],[28.2092,-25.86197]]}},{"type":"Feature","properties":{"id":"relation/3279698","name":"Centurion - Southdowns (Gautrain C4)","network":"Gautrain Bus"},"geometry":{"type":"LineString","coordinates":[[28.2092,-25.86197],[28.20875,-25.8614]]}},{"type":"Feature","properties":{"id":"relation/3279698","name":"Centurion - Southdowns (Gautrain C4)","network":"Gautrain Bus"},"geometry":{"type":"LineString","coordinates":[[28.20875,-25.8614],[28.20748,-25.85983]]}},{"type":"Feature","properties":{"id":"relation/3279698","name":"Centurion - Southdowns (Gautrain C4)","network":"Gautrain Bus"},"geometry":{"type":"LineString","coordinates":[[28.20748,-25.85983],[28.20715,-25.85943]]}},{"type":"Feature","properties":{"id":"relation/3279698","name":"Centurion - Southdowns (Gautrain C4)","network":"Gautrain Bus"},"geometry":{"type":"LineString","coordinates":[[28.20715,-25.85943],[28.20683,-25.85903]]}},{"type":"Feature","properties":{"id":"relation/3279698","name":"Centurion - Southdowns (Gautrain C4)","network":"Gautrain Bus"},"geometry":{"type":"LineString","coordinates":[[28.20683,-25.85903],[28.20676,-25.85894],[28.20644,-25.85856],[28.20541,-25.85731]]}},{"type":"Feature","properties":{"id":"relation/3279698","name":"Centurion - Southdowns (Gautrain C4)","network":"Gautrain Bus"},"geometry":{"type":"LineString","coordinates":[[28.20541,-25.85731],[28.20501,-25.85684]]}},{"type":"Feature","properties":{"id":"relation/3279698","name":"Centurion - Southdowns (Gautrain C4)","network":"Gautrain Bus"},"geometry":{"type":"LineString","coordinates":[[28.20501,-25.85684],[28.20463,-25.85639]]}},{"type":"Feature","properties":{"id":"relation/3279698","name":"Centurion - Southdowns (Gautrain C4)","network":"Gautrain Bus"},"geometry":{"type":"LineString","coordinates":[[28.20463,-25.85639],[28.20456,-25.8563],[28.20436,-25.85605],[28.20404,-25.85566]]}},{"type":"Feature","properties":{"id":"relation/3279698","name":"Centurion - Southdowns (Gautrain C4)","network":"Gautrain Bus"},"geometry":{"type":"LineString","coordinates":[[28.20404,-25.85566],[28.20361,-25.85519]]}},{"type":"Feature","properties":{"id":"relation/3279698","name":"Centurion - Southdowns (Gautrain C4)","network":"Gautrain Bus"},"geometry":{"type":"LineString","coordinates":[[28.20361,-25.85519],[28.20356,-25.85513]]}},{"type":"Feature","properties":{"id":"relation/3279698","name":"Centurion - Southdowns (Gautrain C4)","network":"Gautrain Bus"},"geometry":{"type":"LineString","coordinates":[[28.20356,-25.85513],[28.20316,-25.85462]]}},{"type":"Feature","properties":{"id":"relation/3279698","name":"Centurion - Southdowns (Gautrain C4)","network":"Gautrain Bus"},"geometry":{"type":"LineString","coordinates":[[28.20316,-25.85462],[28.20273,-25.8541]]}},{"type":"Feature","properties":{"id":"relation/3279698","name":"Centurion - Southdowns (Gautrain C4)","network":"Gautrain Bus"},"geometry":{"type":"LineString","coordinates":[[28.20273,-25.8541],[28.20225,-25.85351]]}},{"type":"Feature","properties":{"id":"relation/3279698","name":"Centurion - Southdowns (Gautrain C4)","network":"Gautrain Bus"},"geometry":{"type":"LineString","coordinates":[[28.20225,-25.85351],[28.20219,-25.85346]]}},{"type":"Feature","properties":{"id":"relation/3279698","name":"Centurion - Southdowns (Gautrain C4)","network":"Gautrain Bus"},"geometry":{"type":"LineString","coordinates":[[28.20219,-25.85346],[28.20208,-25.85332],[28.20181,-25.85301]]}},{"type":"Feature","properties":{"id":"relation/3279698","name":"Centurion - Southdowns (Gautrain C4)","network":"Gautrain Bus"},"geometry":{"type":"LineString","coordinates":[[28.20181,-25.85301],[28.20177,-25.85297],[28.20173,-25.85292],[28.20125,-25.85255],[28.19923,-25.85107]]}},{"type":"Feature","properties":{"id":"relation/3279698","name":"Centurion - Southdowns (Gautrain C4)","network":"Gautrain Bus"},"geometry":{"type":"LineString","coordinates":[[28.19923,-25.85107],[28.1986,-25.8506]]}},{"type":"Feature","properties":{"id":"relation/3279698","name":"Centurion - Southdowns (Gautrain C4)","network":"Gautrain Bus"},"geometry":{"type":"LineString","coordinates":[[28.1986,-25.8506],[28.19776,-25.84996]]}},{"type":"Feature","properties":{"id":"relation/3279698","name":"Centurion - Southdowns (Gautrain C4)","network":"Gautrain Bus"},"geometry":{"type":"LineString","coordinates":[[28.19776,-25.84996],[28.19766,-25.84989]]}},{"type":"Feature","properties":{"id":"relation/3279698","name":"Centurion - Southdowns (Gautrain C4)","network":"Gautrain Bus"},"geometry":{"type":"LineString","coordinates":[[28.19766,-25.84989],[28.19706,-25.84942]]}},{"type":"Feature","properties":{"id":"relation/3279698","name":"Centurion - Southdowns (Gautrain C4)","network":"Gautrain Bus"},"geometry":{"type":"LineString","coordinates":[[28.19706,-25.84942],[28.19688,-25.84928],[28.19655,-25.84905],[28.19614,-25.84874],[28.19584,-25.84852],[28.19512,-25.84799],[28.19408,-25.8472],[28.19377,-25.84696],[28.19327,-25.84659],[28.19325,-25.84657],[28.19241,-25.84595]]}},{"type":"Feature","properties":{"id":"relation/3279698","name":"Centurion - Southdowns (Gautrain C4)","network":"Gautrain Bus"},"geometry":{"type":"LineString","coordinates":[[28.19241,-25.84595],[28.19204,-25.84634]]}},{"type":"Feature","properties":{"id":"relation/3279698","name":"Centurion - Southdowns (Gautrain C4)","network":"Gautrain Bus"},"geometry":{"type":"LineString","coordinates":[[28.19204,-25.84634],[28.19199,-25.84639],[28.1914,-25.84704]]}},{"type":"Feature","properties":{"id":"relation/3279698","name":"Centurion - Southdowns (Gautrain C4)","network":"Gautrain Bus"},"geometry":{"type":"LineString","coordinates":[[28.1914,-25.84704],[28.19092,-25.84757],[28.19072,-25.84779]]}},{"type":"Feature","properties":{"id":"relation/3279698","name":"Centurion - Southdowns (Gautrain C4)","network":"Gautrain Bus"},"geometry":{"type":"LineString","coordinates":[[28.19072,-25.84779],[28.19059,-25.84792]]}},{"type":"Feature","properties":{"id":"relation/3279698","name":"Centurion - Southdowns (Gautrain C4)","network":"Gautrain Bus"},"geometry":{"type":"LineString","coordinates":[[28.19059,-25.84792],[28.19032,-25.84821],[28.1899,-25.84869]]}},{"type":"Feature","properties":{"id":"relation/3279698","name":"Centurion - Southdowns (Gautrain C4)","network":"Gautrain Bus"},"geometry":{"type":"LineString","coordinates":[[28.1899,-25.84869],[28.1896,-25.849]]}},{"type":"Feature","properties":{"id":"relation/3279698","name":"Centurion - Southdowns (Gautrain C4)","network":"Gautrain Bus"},"geometry":{"type":"LineString","coordinates":[[28.1896,-25.849],[28.18934,-25.84932]]}},{"type":"Feature","properties":{"id":"relation/3279698","name":"Centurion - Southdowns (Gautrain C4)","network":"Gautrain Bus"},"geometry":{"type":"LineString","coordinates":[[28.18934,-25.84932],[28.18906,-25.84965]]}},{"type":"Feature","properties":{"id":"relation/3279698","name":"Centurion - Southdowns (Gautrain C4)","network":"Gautrain Bus"},"geometry":{"type":"LineString","coordinates":[[28.18906,-25.84965],[28.18873,-25.84999]]}},{"type":"Feature","properties":{"id":"relation/3279698","name":"Centurion - Southdowns (Gautrain C4)","network":"Gautrain Bus"},"geometry":{"type":"LineString","coordinates":[[28.18873,-25.84999],[28.18852,-25.85023],[28.18849,-25.85026]]}},{"type":"Feature","properties":{"id":"relation/3279698","name":"Centurion - Southdowns (Gautrain C4)","network":"Gautrain Bus"},"geometry":{"type":"LineString","coordinates":[[28.18849,-25.85026],[28.18833,-25.85045]]}},{"type":"Feature","properties":{"id":"relation/3279698","name":"Centurion - Southdowns (Gautrain C4)","network":"Gautrain Bus"},"geometry":{"type":"LineString","coordinates":[[28.18833,-25.85045],[28.18846,-25.85063]]}},{"type":"Feature","properties":{"id":"relation/3279698","name":"Centurion - Southdowns (Gautrain C4)","network":"Gautrain Bus"},"geometry":{"type":"LineString","coordinates":[[28.18846,-25.85063],[28.1886,-25.85084],[28.18872,-25.85104]]}},{"type":"Feature","properties":{"id":"relation/3279698","name":"Centurion - Southdowns (Gautrain C4)","network":"Gautrain Bus"},"geometry":{"type":"LineString","coordinates":[[28.18872,-25.85104],[28.18896,-25.85143],[28.18912,-25.85168]]}},{"type":"Feature","properties":{"id":"relation/3279698","name":"Centurion - Southdowns (Gautrain C4)","network":"Gautrain Bus"},"geometry":{"type":"LineString","coordinates":[[28.18912,-25.85168],[28.18926,-25.85153]]}},{"type":"Feature","properties":{"id":"relation/3279698","name":"Centurion - Southdowns (Gautrain C4)","network":"Gautrain Bus"},"geometry":{"type":"LineString","coordinates":[[28.18926,-25.85153],[28.18942,-25.85144]]}},{"type":"Feature","properties":{"id":"relation/3279698","name":"Centurion - Southdowns (Gautrain C4)","network":"Gautrain Bus"},"geometry":{"type":"LineString","coordinates":[[28.18942,-25.85144],[28.18951,-25.85139]]}},{"type":"Feature","properties":{"id":"relation/3279698","name":"Centurion - Southdowns (Gautrain C4)","network":"Gautrain Bus"},"geometry":{"type":"LineString","coordinates":[[28.18951,-25.85139],[28.18951,-25.85137],[28.1895,-25.85135],[28.18951,-25.85132],[28.18954,-25.85129],[28.18957,-25.85127],[28.1896,-25.85125],[28.18964,-25.85125],[28.18968,-25.85125],[28.18971,-25.85127],[28.18975,-25.8513],[28.18976,-25.85132],[28.18977,-25.85134],[28.18977,-25.85137],[28.18977,-25.85139]]}},{"type":"Feature","properties":{"id":"relation/3279698","name":"Centurion - Southdowns (Gautrain C4)","network":"Gautrain Bus"},"geometry":{"type":"LineString","coordinates":[[28.18977,-25.85139],[28.18979,-25.8514],[28.1899,-25.85141],[28.18993,-25.85141],[28.18995,-25.85143],[28.19044,-25.85179],[28.19052,-25.85185],[28.19054,-25.85187],[28.19054,-25.85189],[28.19054,-25.8519],[28.19055,-25.85191],[28.19054,-25.85193],[28.19053,-25.85195],[28.19052,-25.85197],[28.19028,-25.85225],[28.19026,-25.85226],[28.19025,-25.85227],[28.19023,-25.85227],[28.19021,-25.85227],[28.19018,-25.85226],[28.19016,-25.85225],[28.19014,-25.85222],[28.19012,-25.85219],[28.19007,-25.85214],[28.19003,-25.85209],[28.18983,-25.85181]]}},{"type":"Feature","properties":{"id":"relation/3281059","name":"Sandton - Gallo Manor (Gautrain S2)","network":"Gautrain Bus"},"geometry":{"type":"LineString","coordinates":[[28.05673,-26.10807],[28.05699,-26.10834],[28.05707,-26.10843]]}},{"type":"Feature","properties":{"id":"relation/3281059","name":"Sandton - Gallo Manor (Gautrain S2)","network":"Gautrain Bus"},"geometry":{"type":"LineString","coordinates":[[28.05707,-26.10843],[28.05763,-26.10806]]}},{"type":"Feature","properties":{"id":"relation/3281059","name":"Sandton - Gallo Manor (Gautrain S2)","network":"Gautrain Bus"},"geometry":{"type":"LineString","coordinates":[[28.05763,-26.10806],[28.05789,-26.10789]]}},{"type":"Feature","properties":{"id":"relation/3281059","name":"Sandton - Gallo Manor (Gautrain S2)","network":"Gautrain Bus"},"geometry":{"type":"LineString","coordinates":[[28.05789,-26.10789],[28.05798,-26.10782]]}},{"type":"Feature","properties":{"id":"relation/3281059","name":"Sandton - Gallo Manor (Gautrain S2)","network":"Gautrain Bus"},"geometry":{"type":"LineString","coordinates":[[28.05798,-26.10782],[28.05811,-26.10773]]}},{"type":"Feature","properties":{"id":"relation/3281059","name":"Sandton - Gallo Manor (Gautrain S2)","network":"Gautrain Bus"},"geometry":{"type":"LineString","coordinates":[[28.05811,-26.10773],[28.05822,-26.1078]]}},{"type":"Feature","properties":{"id":"relation/3281059","name":"Sandton - Gallo Manor (Gautrain S2)","network":"Gautrain Bus"},"geometry":{"type":"LineString","coordinates":[[28.05822,-26.1078],[28.05831,-26.10787]]}},{"type":"Feature","properties":{"id":"relation/3281059","name":"Sandton - Gallo Manor (Gautrain S2)","network":"Gautrain Bus"},"geometry":{"type":"LineString","coordinates":[[28.05831,-26.10787],[28.0586,-26.10811],[28.05906,-26.10849]]}},{"type":"Feature","properties":{"id":"relation/3281059","name":"Sandton - Gallo Manor (Gautrain S2)","network":"Gautrain Bus"},"geometry":{"type":"LineString","coordinates":[[28.05906,-26.10849],[28.05934,-26.10871],[28.05943,-26.10878]]}},{"type":"Feature","properties":{"id":"relation/3281059","name":"Sandton - Gallo Manor (Gautrain S2)","network":"Gautrain Bus"},"geometry":{"type":"LineString","coordinates":[[28.05943,-26.10878],[28.05947,-26.10877],[28.05952,-26.10874],[28.05966,-26.10869],[28.05985,-26.10861],[28.06122,-26.10806],[28.06138,-26.10799],[28.06145,-26.10796],[28.06187,-26.1078],[28.06206,-26.10773],[28.06232,-26.10763]]}},{"type":"Feature","properties":{"id":"relation/3281059","name":"Sandton - Gallo Manor (Gautrain S2)","network":"Gautrain Bus"},"geometry":{"type":"LineString","coordinates":[[28.06232,-26.10763],[28.063,-26.10736],[28.06336,-26.10721],[28.06408,-26.10693],[28.06429,-26.10685],[28.06483,-26.10663]]}},{"type":"Feature","properties":{"id":"relation/3281059","name":"Sandton - Gallo Manor (Gautrain S2)","network":"Gautrain Bus"},"geometry":{"type":"LineString","coordinates":[[28.06483,-26.10663],[28.06529,-26.10645]]}},{"type":"Feature","properties":{"id":"relation/3281059","name":"Sandton - Gallo Manor (Gautrain S2)","network":"Gautrain Bus"},"geometry":{"type":"LineString","coordinates":[[28.06529,-26.10645],[28.06582,-26.10621],[28.06597,-26.10614]]}},{"type":"Feature","properties":{"id":"relation/3281059","name":"Sandton - Gallo Manor (Gautrain S2)","network":"Gautrain Bus"},"geometry":{"type":"LineString","coordinates":[[28.06597,-26.10614],[28.06612,-26.10607],[28.06648,-26.10591]]}},{"type":"Feature","properties":{"id":"relation/3281059","name":"Sandton - Gallo Manor (Gautrain S2)","network":"Gautrain Bus"},"geometry":{"type":"LineString","coordinates":[[28.06648,-26.10591],[28.06664,-26.10583],[28.06712,-26.10561],[28.06806,-26.1052],[28.0689,-26.10486],[28.06924,-26.10472],[28.06988,-26.10445],[28.07023,-26.10432],[28.07039,-26.10425],[28.07048,-26.10421],[28.07063,-26.10414]]}},{"type":"Feature","properties":{"id":"relation/3281059","name":"Sandton - Gallo Manor (Gautrain S2)","network":"Gautrain Bus"},"geometry":{"type":"LineString","coordinates":[[28.07063,-26.10414],[28.07087,-26.10401],[28.07099,-26.10393],[28.07109,-26.10385]]}},{"type":"Feature","properties":{"id":"relation/3281059","name":"Sandton - Gallo Manor (Gautrain S2)","network":"Gautrain Bus"},"geometry":{"type":"LineString","coordinates":[[28.07109,-26.10385],[28.07146,-26.10357],[28.07165,-26.1034]]}},{"type":"Feature","properties":{"id":"relation/3281059","name":"Sandton - Gallo Manor (Gautrain S2)","network":"Gautrain Bus"},"geometry":{"type":"LineString","coordinates":[[28.07165,-26.1034],[28.07188,-26.1032]]}},{"type":"Feature","properties":{"id":"relation/3281059","name":"Sandton - Gallo Manor (Gautrain S2)","network":"Gautrain Bus"},"geometry":{"type":"LineString","coordinates":[[28.07188,-26.1032],[28.07216,-26.10291],[28.07238,-26.10267],[28.07275,-26.10228],[28.07281,-26.1022],[28.07286,-26.10213],[28.07289,-26.10206],[28.07294,-26.10195],[28.07298,-26.10184],[28.07303,-26.10169],[28.07307,-26.10155],[28.0731,-26.10148],[28.0733,-26.10097],[28.07336,-26.10085],[28.07342,-26.10074],[28.07355,-26.10056],[28.07366,-26.10045],[28.07382,-26.10031],[28.07406,-26.10015]]}},{"type":"Feature","properties":{"id":"relation/3281059","name":"Sandton - Gallo Manor (Gautrain S2)","network":"Gautrain Bus"},"geometry":{"type":"LineString","coordinates":[[28.07406,-26.10015],[28.07421,-26.10007],[28.07428,-26.10003],[28.07463,-26.09989]]}},{"type":"Feature","properties":{"id":"relation/3281059","name":"Sandton - Gallo Manor (Gautrain S2)","network":"Gautrain Bus"},"geometry":{"type":"LineString","coordinates":[[28.07463,-26.09989],[28.07492,-26.09977]]}},{"type":"Feature","properties":{"id":"relation/3281059","name":"Sandton - Gallo Manor (Gautrain S2)","network":"Gautrain Bus"},"geometry":{"type":"LineString","coordinates":[[28.07492,-26.09977],[28.07559,-26.09951]]}},{"type":"Feature","properties":{"id":"relation/3281059","name":"Sandton - Gallo Manor (Gautrain S2)","network":"Gautrain Bus"},"geometry":{"type":"LineString","coordinates":[[28.07559,-26.09951],[28.0758,-26.09943]]}},{"type":"Feature","properties":{"id":"relation/3281059","name":"Sandton - Gallo Manor (Gautrain S2)","network":"Gautrain Bus"},"geometry":{"type":"LineString","coordinates":[[28.0758,-26.09943],[28.07706,-26.09892]]}},{"type":"Feature","properties":{"id":"relation/3281059","name":"Sandton - Gallo Manor (Gautrain S2)","network":"Gautrain Bus"},"geometry":{"type":"LineString","coordinates":[[28.07706,-26.09892],[28.07869,-26.0983],[28.08026,-26.0977],[28.08064,-26.09755],[28.08095,-26.09744],[28.08102,-26.0974]]}},{"type":"Feature","properties":{"id":"relation/3281059","name":"Sandton - Gallo Manor (Gautrain S2)","network":"Gautrain Bus"},"geometry":{"type":"LineString","coordinates":[[28.08102,-26.0974],[28.08104,-26.09739],[28.08107,-26.09738],[28.08119,-26.09732],[28.0812,-26.09731],[28.08125,-26.09729],[28.08151,-26.09716],[28.08162,-26.09709],[28.0817,-26.09704],[28.08176,-26.09698],[28.08185,-26.09692],[28.08201,-26.09676],[28.08218,-26.09658],[28.0823,-26.09643],[28.08241,-26.09625],[28.08252,-26.09607],[28.08259,-26.09591],[28.08265,-26.09567],[28.08269,-26.09548],[28.08272,-26.09532],[28.08273,-26.0951],[28.08271,-26.0949],[28.08264,-26.09463],[28.08259,-26.09442],[28.08253,-26.09429],[28.08248,-26.0942],[28.08243,-26.09411],[28.08232,-26.09396]]}},{"type":"Feature","properties":{"id":"relation/3281059","name":"Sandton - Gallo Manor (Gautrain S2)","network":"Gautrain Bus"},"geometry":{"type":"LineString","coordinates":[[28.08232,-26.09396],[28.08223,-26.09386],[28.08217,-26.09378],[28.08212,-26.09373],[28.08199,-26.09361]]}},{"type":"Feature","properties":{"id":"relation/3281059","name":"Sandton - Gallo Manor (Gautrain S2)","network":"Gautrain Bus"},"geometry":{"type":"LineString","coordinates":[[28.08199,-26.09361],[28.08196,-26.09359],[28.08181,-26.09348],[28.08163,-26.09337],[28.08139,-26.09324],[28.08098,-26.09305],[28.0808,-26.09294],[28.0806,-26.09282],[28.08052,-26.09275],[28.08035,-26.09261],[28.08013,-26.0924]]}},{"type":"Feature","properties":{"id":"relation/3281059","name":"Sandton - Gallo Manor (Gautrain S2)","network":"Gautrain Bus"},"geometry":{"type":"LineString","coordinates":[[28.08013,-26.0924],[28.08008,-26.09235],[28.07999,-26.09225],[28.0799,-26.09213],[28.07963,-26.0917],[28.07957,-26.09161]]}},{"type":"Feature","properties":{"id":"relation/3281059","name":"Sandton - Gallo Manor (Gautrain S2)","network":"Gautrain Bus"},"geometry":{"type":"LineString","coordinates":[[28.07957,-26.09161],[28.07952,-26.09149]]}},{"type":"Feature","properties":{"id":"relation/3281059","name":"Sandton - Gallo Manor (Gautrain S2)","network":"Gautrain Bus"},"geometry":{"type":"LineString","coordinates":[[28.07952,-26.09149],[28.07943,-26.09119],[28.07941,-26.09111],[28.07938,-26.09102],[28.07933,-26.09068],[28.07933,-26.09061],[28.07932,-26.09044],[28.07932,-26.09032],[28.07932,-26.09006],[28.07932,-26.08995],[28.07932,-26.08983],[28.07934,-26.08909],[28.07934,-26.08888],[28.07935,-26.08808]]}},{"type":"Feature","properties":{"id":"relation/3281059","name":"Sandton - Gallo Manor (Gautrain S2)","network":"Gautrain Bus"},"geometry":{"type":"LineString","coordinates":[[28.07935,-26.08808],[28.07934,-26.08768]]}},{"type":"Feature","properties":{"id":"relation/3281059","name":"Sandton - Gallo Manor (Gautrain S2)","network":"Gautrain Bus"},"geometry":{"type":"LineString","coordinates":[[28.07934,-26.08768],[28.07935,-26.08757]]}},{"type":"Feature","properties":{"id":"relation/3281059","name":"Sandton - Gallo Manor (Gautrain S2)","network":"Gautrain Bus"},"geometry":{"type":"LineString","coordinates":[[28.07935,-26.08757],[28.07936,-26.0873],[28.07937,-26.08678]]}},{"type":"Feature","properties":{"id":"relation/3281059","name":"Sandton - Gallo Manor (Gautrain S2)","network":"Gautrain Bus"},"geometry":{"type":"LineString","coordinates":[[28.07937,-26.08678],[28.07938,-26.08658],[28.07939,-26.08635],[28.0794,-26.08616]]}},{"type":"Feature","properties":{"id":"relation/3281059","name":"Sandton - Gallo Manor (Gautrain S2)","network":"Gautrain Bus"},"geometry":{"type":"LineString","coordinates":[[28.0794,-26.08616],[28.07943,-26.0859]]}},{"type":"Feature","properties":{"id":"relation/3281059","name":"Sandton - Gallo Manor (Gautrain S2)","network":"Gautrain Bus"},"geometry":{"type":"LineString","coordinates":[[28.07943,-26.0859],[28.07952,-26.08534]]}},{"type":"Feature","properties":{"id":"relation/3281059","name":"Sandton - Gallo Manor (Gautrain S2)","network":"Gautrain Bus"},"geometry":{"type":"LineString","coordinates":[[28.07952,-26.08534],[28.07953,-26.08527],[28.07954,-26.0852],[28.07954,-26.08514],[28.07955,-26.08504],[28.07954,-26.08495],[28.07953,-26.08489]]}},{"type":"Feature","properties":{"id":"relation/3281059","name":"Sandton - Gallo Manor (Gautrain S2)","network":"Gautrain Bus"},"geometry":{"type":"LineString","coordinates":[[28.07953,-26.08489],[28.07952,-26.0845],[28.07951,-26.0844]]}},{"type":"Feature","properties":{"id":"relation/3281059","name":"Sandton - Gallo Manor (Gautrain S2)","network":"Gautrain Bus"},"geometry":{"type":"LineString","coordinates":[[28.07951,-26.0844],[28.07951,-26.08433],[28.07953,-26.08401]]}},{"type":"Feature","properties":{"id":"relation/3281059","name":"Sandton - Gallo Manor (Gautrain S2)","network":"Gautrain Bus"},"geometry":{"type":"LineString","coordinates":[[28.07953,-26.08401],[28.07953,-26.08361]]}},{"type":"Feature","properties":{"id":"relation/3281059","name":"Sandton - Gallo Manor (Gautrain S2)","network":"Gautrain Bus"},"geometry":{"type":"LineString","coordinates":[[28.07953,-26.08361],[28.07954,-26.08273]]}},{"type":"Feature","properties":{"id":"relation/3281059","name":"Sandton - Gallo Manor (Gautrain S2)","network":"Gautrain Bus"},"geometry":{"type":"LineString","coordinates":[[28.07954,-26.08273],[28.07953,-26.08241]]}},{"type":"Feature","properties":{"id":"relation/3281059","name":"Sandton - Gallo Manor (Gautrain S2)","network":"Gautrain Bus"},"geometry":{"type":"LineString","coordinates":[[28.07953,-26.08241],[28.07953,-26.08216],[28.07954,-26.08213]]}},{"type":"Feature","properties":{"id":"relation/3281059","name":"Sandton - Gallo Manor (Gautrain S2)","network":"Gautrain Bus"},"geometry":{"type":"LineString","coordinates":[[28.07954,-26.08213],[28.07954,-26.08209],[28.07954,-26.08205]]}},{"type":"Feature","properties":{"id":"relation/3281059","name":"Sandton - Gallo Manor (Gautrain S2)","network":"Gautrain Bus"},"geometry":{"type":"LineString","coordinates":[[28.07954,-26.08205],[28.07954,-26.082]]}},{"type":"Feature","properties":{"id":"relation/3281059","name":"Sandton - Gallo Manor (Gautrain S2)","network":"Gautrain Bus"},"geometry":{"type":"LineString","coordinates":[[28.07954,-26.082],[28.07954,-26.08189],[28.07954,-26.08154],[28.07959,-26.08048],[28.07961,-26.07996],[28.07963,-26.07959],[28.07963,-26.07945],[28.07964,-26.07938],[28.07964,-26.07925],[28.07967,-26.07898],[28.07969,-26.07874],[28.07971,-26.07846],[28.07973,-26.07807]]}},{"type":"Feature","properties":{"id":"relation/3281059","name":"Sandton - Gallo Manor (Gautrain S2)","network":"Gautrain Bus"},"geometry":{"type":"LineString","coordinates":[[28.07973,-26.07807],[28.07973,-26.07789],[28.07973,-26.07779],[28.07972,-26.0776]]}},{"type":"Feature","properties":{"id":"relation/3281059","name":"Sandton - Gallo Manor (Gautrain S2)","network":"Gautrain Bus"},"geometry":{"type":"LineString","coordinates":[[28.07972,-26.0776],[28.0797,-26.0775],[28.07967,-26.07739],[28.07964,-26.07732],[28.07959,-26.07717]]}},{"type":"Feature","properties":{"id":"relation/3281059","name":"Sandton - Gallo Manor (Gautrain S2)","network":"Gautrain Bus"},"geometry":{"type":"LineString","coordinates":[[28.07959,-26.07717],[28.07957,-26.07713]]}},{"type":"Feature","properties":{"id":"relation/3281059","name":"Sandton - Gallo Manor (Gautrain S2)","network":"Gautrain Bus"},"geometry":{"type":"LineString","coordinates":[[28.07957,-26.07713],[28.07944,-26.07676],[28.07922,-26.07616],[28.07909,-26.0758],[28.07885,-26.07512],[28.07884,-26.0751],[28.07852,-26.07418]]}},{"type":"Feature","properties":{"id":"relation/3281059","name":"Sandton - Gallo Manor (Gautrain S2)","network":"Gautrain Bus"},"geometry":{"type":"LineString","coordinates":[[28.07852,-26.07418],[28.07835,-26.07372]]}},{"type":"Feature","properties":{"id":"relation/3281059","name":"Sandton - Gallo Manor (Gautrain S2)","network":"Gautrain Bus"},"geometry":{"type":"LineString","coordinates":[[28.07835,-26.07372],[28.07808,-26.07298]]}},{"type":"Feature","properties":{"id":"relation/3281059","name":"Sandton - Gallo Manor (Gautrain S2)","network":"Gautrain Bus"},"geometry":{"type":"LineString","coordinates":[[28.07808,-26.07298],[28.07798,-26.07272],[28.07794,-26.07258]]}},{"type":"Feature","properties":{"id":"relation/3281059","name":"Sandton - Gallo Manor (Gautrain S2)","network":"Gautrain Bus"},"geometry":{"type":"LineString","coordinates":[[28.07794,-26.07258],[28.0779,-26.07248],[28.07775,-26.07205],[28.07752,-26.07142]]}},{"type":"Feature","properties":{"id":"relation/3281059","name":"Sandton - Gallo Manor (Gautrain S2)","network":"Gautrain Bus"},"geometry":{"type":"LineString","coordinates":[[28.07752,-26.07142],[28.07736,-26.07094]]}},{"type":"Feature","properties":{"id":"relation/3281059","name":"Sandton - Gallo Manor (Gautrain S2)","network":"Gautrain Bus"},"geometry":{"type":"LineString","coordinates":[[28.07736,-26.07094],[28.07669,-26.06908],[28.07637,-26.0684],[28.07591,-26.06759]]}},{"type":"Feature","properties":{"id":"relation/3281059","name":"Sandton - Gallo Manor (Gautrain S2)","network":"Gautrain Bus"},"geometry":{"type":"LineString","coordinates":[[28.07591,-26.06759],[28.07575,-26.06735]]}},{"type":"Feature","properties":{"id":"relation/3281059","name":"Sandton - Gallo Manor (Gautrain S2)","network":"Gautrain Bus"},"geometry":{"type":"LineString","coordinates":[[28.07575,-26.06735],[28.07573,-26.06732],[28.07564,-26.06724],[28.07556,-26.06716],[28.07551,-26.06713],[28.07545,-26.06711],[28.07539,-26.06712],[28.07532,-26.06713],[28.07519,-26.06716]]}},{"type":"Feature","properties":{"id":"relation/3281059","name":"Sandton - Gallo Manor (Gautrain S2)","network":"Gautrain Bus"},"geometry":{"type":"LineString","coordinates":[[28.07519,-26.06716],[28.07507,-26.06722],[28.07486,-26.06732],[28.07445,-26.06751]]}},{"type":"Feature","properties":{"id":"relation/3281475","name":"Sandton - Fourways (Gautrain S5)","network":"Gautrain Bus"},"geometry":{"type":"LineString","coordinates":[[28.05673,-26.10807],[28.05699,-26.10834],[28.05707,-26.10843]]}},{"type":"Feature","properties":{"id":"relation/3281475","name":"Sandton - Fourways (Gautrain S5)","network":"Gautrain Bus"},"geometry":{"type":"LineString","coordinates":[[28.05707,-26.10843],[28.05763,-26.10806]]}},{"type":"Feature","properties":{"id":"relation/3281475","name":"Sandton - Fourways (Gautrain S5)","network":"Gautrain Bus"},"geometry":{"type":"LineString","coordinates":[[28.05763,-26.10806],[28.05789,-26.10789]]}},{"type":"Feature","properties":{"id":"relation/3281475","name":"Sandton - Fourways (Gautrain S5)","network":"Gautrain Bus"},"geometry":{"type":"LineString","coordinates":[[28.05789,-26.10789],[28.05798,-26.10782]]}},{"type":"Feature","properties":{"id":"relation/3281475","name":"Sandton - Fourways (Gautrain S5)","network":"Gautrain Bus"},"geometry":{"type":"LineString","coordinates":[[28.05798,-26.10782],[28.05786,-26.10773]]}},{"type":"Feature","properties":{"id":"relation/3281475","name":"Sandton - Fourways (Gautrain S5)","network":"Gautrain Bus"},"geometry":{"type":"LineString","coordinates":[[28.05786,-26.10773],[28.0577,-26.1076]]}},{"type":"Feature","properties":{"id":"relation/3281475","name":"Sandton - Fourways (Gautrain S5)","network":"Gautrain Bus"},"geometry":{"type":"LineString","coordinates":[[28.0577,-26.1076],[28.05708,-26.10709]]}},{"type":"Feature","properties":{"id":"relation/3281475","name":"Sandton - Fourways (Gautrain S5)","network":"Gautrain Bus"},"geometry":{"type":"LineString","coordinates":[[28.05708,-26.10709],[28.05707,-26.10707],[28.0569,-26.10695]]}},{"type":"Feature","properties":{"id":"relation/3281475","name":"Sandton - Fourways (Gautrain S5)","network":"Gautrain Bus"},"geometry":{"type":"LineString","coordinates":[[28.0569,-26.10695],[28.05679,-26.10686],[28.05668,-26.10677]]}},{"type":"Feature","properties":{"id":"relation/3281475","name":"Sandton - Fourways (Gautrain S5)","network":"Gautrain Bus"},"geometry":{"type":"LineString","coordinates":[[28.05668,-26.10677],[28.05622,-26.10638],[28.05609,-26.10628],[28.05607,-26.10626],[28.05572,-26.10599],[28.05535,-26.10569]]}},{"type":"Feature","properties":{"id":"relation/3281475","name":"Sandton - Fourways (Gautrain S5)","network":"Gautrain Bus"},"geometry":{"type":"LineString","coordinates":[[28.05535,-26.10569],[28.05496,-26.10537]]}},{"type":"Feature","properties":{"id":"relation/3281475","name":"Sandton - Fourways (Gautrain S5)","network":"Gautrain Bus"},"geometry":{"type":"LineString","coordinates":[[28.05496,-26.10537],[28.05491,-26.10533]]}},{"type":"Feature","properties":{"id":"relation/3281475","name":"Sandton - Fourways (Gautrain S5)","network":"Gautrain Bus"},"geometry":{"type":"LineString","coordinates":[[28.05491,-26.10533],[28.05484,-26.10528]]}},{"type":"Feature","properties":{"id":"relation/3281475","name":"Sandton - Fourways (Gautrain S5)","network":"Gautrain Bus"},"geometry":{"type":"LineString","coordinates":[[28.05484,-26.10528],[28.05479,-26.10525]]}},{"type":"Feature","properties":{"id":"relation/3281475","name":"Sandton - Fourways (Gautrain S5)","network":"Gautrain Bus"},"geometry":{"type":"LineString","coordinates":[[28.05479,-26.10525],[28.05426,-26.10479]]}},{"type":"Feature","properties":{"id":"relation/3281475","name":"Sandton - Fourways (Gautrain S5)","network":"Gautrain Bus"},"geometry":{"type":"LineString","coordinates":[[28.05426,-26.10479],[28.05409,-26.10465]]}},{"type":"Feature","properties":{"id":"relation/3281475","name":"Sandton - Fourways (Gautrain S5)","network":"Gautrain Bus"},"geometry":{"type":"LineString","coordinates":[[28.05409,-26.10465],[28.05405,-26.10461]]}},{"type":"Feature","properties":{"id":"relation/3281475","name":"Sandton - Fourways (Gautrain S5)","network":"Gautrain Bus"},"geometry":{"type":"LineString","coordinates":[[28.05405,-26.10461],[28.05394,-26.10452]]}},{"type":"Feature","properties":{"id":"relation/3281475","name":"Sandton - Fourways (Gautrain S5)","network":"Gautrain Bus"},"geometry":{"type":"LineString","coordinates":[[28.05394,-26.10452],[28.05386,-26.10445]]}},{"type":"Feature","properties":{"id":"relation/3281475","name":"Sandton - Fourways (Gautrain S5)","network":"Gautrain Bus"},"geometry":{"type":"LineString","coordinates":[[28.05386,-26.10445],[28.05358,-26.10421],[28.05348,-26.10412],[28.05298,-26.10368],[28.05275,-26.10349]]}},{"type":"Feature","properties":{"id":"relation/3281475","name":"Sandton - Fourways (Gautrain S5)","network":"Gautrain Bus"},"geometry":{"type":"LineString","coordinates":[[28.05275,-26.10349],[28.05247,-26.10329]]}},{"type":"Feature","properties":{"id":"relation/3281475","name":"Sandton - Fourways (Gautrain S5)","network":"Gautrain Bus"},"geometry":{"type":"LineString","coordinates":[[28.05247,-26.10329],[28.05239,-26.10323]]}},{"type":"Feature","properties":{"id":"relation/3281475","name":"Sandton - Fourways (Gautrain S5)","network":"Gautrain Bus"},"geometry":{"type":"LineString","coordinates":[[28.05239,-26.10323],[28.0523,-26.10316]]}},{"type":"Feature","properties":{"id":"relation/3281475","name":"Sandton - Fourways (Gautrain S5)","network":"Gautrain Bus"},"geometry":{"type":"LineString","coordinates":[[28.0523,-26.10316],[28.05222,-26.10309]]}},{"type":"Feature","properties":{"id":"relation/3281475","name":"Sandton - Fourways (Gautrain S5)","network":"Gautrain Bus"},"geometry":{"type":"LineString","coordinates":[[28.05222,-26.10309],[28.052,-26.10293],[28.05197,-26.1029],[28.05118,-26.10224],[28.05113,-26.10219],[28.05107,-26.10213],[28.05102,-26.10207],[28.05096,-26.102],[28.05091,-26.10192],[28.05087,-26.10186],[28.05083,-26.10177],[28.05076,-26.10161]]}},{"type":"Feature","properties":{"id":"relation/3281475","name":"Sandton - Fourways (Gautrain S5)","network":"Gautrain Bus"},"geometry":{"type":"LineString","coordinates":[[28.05076,-26.10161],[28.05063,-26.10128]]}},{"type":"Feature","properties":{"id":"relation/3281475","name":"Sandton - Fourways (Gautrain S5)","network":"Gautrain Bus"},"geometry":{"type":"LineString","coordinates":[[28.05063,-26.10128],[28.05049,-26.10097]]}},{"type":"Feature","properties":{"id":"relation/3281475","name":"Sandton - Fourways (Gautrain S5)","network":"Gautrain Bus"},"geometry":{"type":"LineString","coordinates":[[28.05049,-26.10097],[28.05045,-26.10088]]}},{"type":"Feature","properties":{"id":"relation/3281475","name":"Sandton - Fourways (Gautrain S5)","network":"Gautrain Bus"},"geometry":{"type":"LineString","coordinates":[[28.05045,-26.10088],[28.0504,-26.10077]]}},{"type":"Feature","properties":{"id":"relation/3281475","name":"Sandton - Fourways (Gautrain S5)","network":"Gautrain Bus"},"geometry":{"type":"LineString","coordinates":[[28.0504,-26.10077],[28.05037,-26.1007]]}},{"type":"Feature","properties":{"id":"relation/3281475","name":"Sandton - Fourways (Gautrain S5)","network":"Gautrain Bus"},"geometry":{"type":"LineString","coordinates":[[28.05037,-26.1007],[28.05029,-26.10049],[28.05026,-26.10039],[28.05022,-26.10027],[28.05018,-26.10014],[28.05016,-26.10004],[28.05015,-26.09998],[28.05014,-26.09993],[28.05014,-26.09988],[28.05014,-26.09982],[28.05015,-26.09977],[28.05017,-26.0997],[28.05018,-26.09963],[28.0502,-26.09958],[28.05036,-26.09914],[28.0504,-26.09902]]}},{"type":"Feature","properties":{"id":"relation/3281475","name":"Sandton - Fourways (Gautrain S5)","network":"Gautrain Bus"},"geometry":{"type":"LineString","coordinates":[[28.0504,-26.09902],[28.05045,-26.09889],[28.05051,-26.09873]]}},{"type":"Feature","properties":{"id":"relation/3281475","name":"Sandton - Fourways (Gautrain S5)","network":"Gautrain Bus"},"geometry":{"type":"LineString","coordinates":[[28.05051,-26.09873],[28.05057,-26.09859],[28.05075,-26.09808],[28.05094,-26.09755]]}},{"type":"Feature","properties":{"id":"relation/3281475","name":"Sandton - Fourways (Gautrain S5)","network":"Gautrain Bus"},"geometry":{"type":"LineString","coordinates":[[28.05094,-26.09755],[28.05103,-26.09729]]}},{"type":"Feature","properties":{"id":"relation/3281475","name":"Sandton - Fourways (Gautrain S5)","network":"Gautrain Bus"},"geometry":{"type":"LineString","coordinates":[[28.05103,-26.09729],[28.0511,-26.09711],[28.05125,-26.09668],[28.05138,-26.09632],[28.05138,-26.09631],[28.05178,-26.0952],[28.05186,-26.09497]]}},{"type":"Feature","properties":{"id":"relation/3281475","name":"Sandton - Fourways (Gautrain S5)","network":"Gautrain Bus"},"geometry":{"type":"LineString","coordinates":[[28.05186,-26.09497],[28.05186,-26.09495],[28.05186,-26.09494]]}},{"type":"Feature","properties":{"id":"relation/3281475","name":"Sandton - Fourways (Gautrain S5)","network":"Gautrain Bus"},"geometry":{"type":"LineString","coordinates":[[28.05186,-26.09494],[28.05175,-26.09475],[28.05169,-26.09457]]}},{"type":"Feature","properties":{"id":"relation/3281475","name":"Sandton - Fourways (Gautrain S5)","network":"Gautrain Bus"},"geometry":{"type":"LineString","coordinates":[[28.05169,-26.09457],[28.05118,-26.09356],[28.05083,-26.09289]]}},{"type":"Feature","properties":{"id":"relation/3281475","name":"Sandton - Fourways (Gautrain S5)","network":"Gautrain Bus"},"geometry":{"type":"LineString","coordinates":[[28.05083,-26.09289],[28.05067,-26.09258]]}},{"type":"Feature","properties":{"id":"relation/3281475","name":"Sandton - Fourways (Gautrain S5)","network":"Gautrain Bus"},"geometry":{"type":"LineString","coordinates":[[28.05056,-26.0923],[28.05067,-26.09258]]}},{"type":"Feature","properties":{"id":"relation/3281475","name":"Sandton - Fourways (Gautrain S5)","network":"Gautrain Bus"},"geometry":{"type":"LineString","coordinates":[[28.05025,-26.09172],[28.05036,-26.09193],[28.05056,-26.0923]]}},{"type":"Feature","properties":{"id":"relation/3281475","name":"Sandton - Fourways (Gautrain S5)","network":"Gautrain Bus"},"geometry":{"type":"LineString","coordinates":[[28.04991,-26.09111],[28.04995,-26.09116],[28.04999,-26.09121],[28.05002,-26.09127],[28.05011,-26.09146],[28.05025,-26.09172]]}},{"type":"Feature","properties":{"id":"relation/3281475","name":"Sandton - Fourways (Gautrain S5)","network":"Gautrain Bus"},"geometry":{"type":"LineString","coordinates":[[28.04952,-26.09075],[28.04986,-26.09106],[28.04991,-26.09111]]}},{"type":"Feature","properties":{"id":"relation/3281475","name":"Sandton - Fourways (Gautrain S5)","network":"Gautrain Bus"},"geometry":{"type":"LineString","coordinates":[[28.04636,-26.08697],[28.04663,-26.08734],[28.04681,-26.0876],[28.04697,-26.08781],[28.0471,-26.08799],[28.04765,-26.08875],[28.04802,-26.08925],[28.04806,-26.08931],[28.04812,-26.08938],[28.04817,-26.08944],[28.04827,-26.08956],[28.04842,-26.08971],[28.04869,-26.08997],[28.04903,-26.09029],[28.04952,-26.09075]]}},{"type":"Feature","properties":{"id":"relation/3281475","name":"Sandton - Fourways (Gautrain S5)","network":"Gautrain Bus"},"geometry":{"type":"LineString","coordinates":[[28.04636,-26.08697],[28.04665,-26.08688],[28.04674,-26.08685],[28.04684,-26.08683],[28.04692,-26.08679],[28.04701,-26.08676],[28.04711,-26.08672],[28.04717,-26.08669],[28.04727,-26.08664],[28.04734,-26.0866],[28.04752,-26.08651],[28.0477,-26.08641],[28.04784,-26.08633],[28.04799,-26.08625],[28.04855,-26.08595],[28.04907,-26.08568],[28.04937,-26.08552],[28.04952,-26.08544],[28.04968,-26.08535],[28.04979,-26.0853],[28.04997,-26.0852],[28.05092,-26.08471],[28.05129,-26.08451]]}},{"type":"Feature","properties":{"id":"relation/3281475","name":"Sandton - Fourways (Gautrain S5)","network":"Gautrain Bus"},"geometry":{"type":"LineString","coordinates":[[28.05121,-26.08408],[28.05125,-26.08431],[28.05129,-26.08451]]}},{"type":"Feature","properties":{"id":"relation/3281475","name":"Sandton - Fourways (Gautrain S5)","network":"Gautrain Bus"},"geometry":{"type":"LineString","coordinates":[[28.04685,-26.07591],[28.04732,-26.07618],[28.04739,-26.07622],[28.04745,-26.07626],[28.0475,-26.0763],[28.04769,-26.07649],[28.0479,-26.07678],[28.04814,-26.07722],[28.04861,-26.07806],[28.04863,-26.0781],[28.04866,-26.07815],[28.04889,-26.07864],[28.04988,-26.08088],[28.05053,-26.08235],[28.05054,-26.08237],[28.05099,-26.08341],[28.05112,-26.08379],[28.05121,-26.08408]]}},{"type":"Feature","properties":{"id":"relation/3281475","name":"Sandton - Fourways (Gautrain S5)","network":"Gautrain Bus"},"geometry":{"type":"LineString","coordinates":[[28.04685,-26.07591],[28.04672,-26.07586],[28.04657,-26.07577],[28.04605,-26.07549]]}},{"type":"Feature","properties":{"id":"relation/3281475","name":"Sandton - Fourways (Gautrain S5)","network":"Gautrain Bus"},"geometry":{"type":"LineString","coordinates":[[28.04605,-26.07549],[28.04532,-26.07505]]}},{"type":"Feature","properties":{"id":"relation/3281475","name":"Sandton - Fourways (Gautrain S5)","network":"Gautrain Bus"},"geometry":{"type":"LineString","coordinates":[[28.0441,-26.07448],[28.04478,-26.07476],[28.04502,-26.07489],[28.04532,-26.07505]]}},{"type":"Feature","properties":{"id":"relation/3281475","name":"Sandton - Fourways (Gautrain S5)","network":"Gautrain Bus"},"geometry":{"type":"LineString","coordinates":[[28.03925,-26.07365],[28.03995,-26.07365],[28.04091,-26.07369],[28.04151,-26.07374],[28.04226,-26.07386],[28.04253,-26.07393],[28.04281,-26.07402],[28.04312,-26.07413],[28.0436,-26.07428],[28.0441,-26.07448]]}},{"type":"Feature","properties":{"id":"relation/3281475","name":"Sandton - Fourways (Gautrain S5)","network":"Gautrain Bus"},"geometry":{"type":"LineString","coordinates":[[28.03839,-26.07359],[28.03859,-26.07363],[28.03884,-26.07366],[28.03925,-26.07365]]}},{"type":"Feature","properties":{"id":"relation/3281475","name":"Sandton - Fourways (Gautrain S5)","network":"Gautrain Bus"},"geometry":{"type":"LineString","coordinates":[[28.0378,-26.07333],[28.03816,-26.0735],[28.03839,-26.07359]]}},{"type":"Feature","properties":{"id":"relation/3281475","name":"Sandton - Fourways (Gautrain S5)","network":"Gautrain Bus"},"geometry":{"type":"LineString","coordinates":[[28.03645,-26.07368],[28.0369,-26.07358],[28.03703,-26.07354],[28.03716,-26.07349],[28.03727,-26.0734],[28.03736,-26.07331],[28.03741,-26.07327],[28.03746,-26.07325],[28.03754,-26.07324],[28.03763,-26.07325],[28.03769,-26.07327],[28.0378,-26.07333]]}},{"type":"Feature","properties":{"id":"relation/3281475","name":"Sandton - Fourways (Gautrain S5)","network":"Gautrain Bus"},"geometry":{"type":"LineString","coordinates":[[28.03645,-26.07368],[28.03641,-26.07371],[28.03634,-26.07373],[28.0362,-26.07377],[28.03609,-26.07379],[28.03584,-26.07386],[28.03572,-26.07389],[28.03558,-26.07392],[28.03524,-26.074],[28.03509,-26.07405]]}},{"type":"Feature","properties":{"id":"relation/3281475","name":"Sandton - Fourways (Gautrain S5)","network":"Gautrain Bus"},"geometry":{"type":"LineString","coordinates":[[28.03509,-26.07405],[28.03505,-26.07405],[28.03498,-26.07407]]}},{"type":"Feature","properties":{"id":"relation/3281475","name":"Sandton - Fourways (Gautrain S5)","network":"Gautrain Bus"},"geometry":{"type":"LineString","coordinates":[[28.03498,-26.07407],[28.03487,-26.0741],[28.03483,-26.07411],[28.03285,-26.07456],[28.03188,-26.0748],[28.03159,-26.07488],[28.03107,-26.075],[28.03103,-26.07501],[28.03099,-26.07502],[28.03088,-26.07504],[28.03022,-26.07519],[28.02968,-26.07532],[28.02941,-26.07539]]}},{"type":"Feature","properties":{"id":"relation/3281475","name":"Sandton - Fourways (Gautrain S5)","network":"Gautrain Bus"},"geometry":{"type":"LineString","coordinates":[[28.02941,-26.07539],[28.02896,-26.07552],[28.02859,-26.07561],[28.02826,-26.0757],[28.02805,-26.07575],[28.02779,-26.07581],[28.02772,-26.07583],[28.0275,-26.07586],[28.0274,-26.07587]]}},{"type":"Feature","properties":{"id":"relation/3281475","name":"Sandton - Fourways (Gautrain S5)","network":"Gautrain Bus"},"geometry":{"type":"LineString","coordinates":[[28.0274,-26.07587],[28.02733,-26.07587]]}},{"type":"Feature","properties":{"id":"relation/3281475","name":"Sandton - Fourways (Gautrain S5)","network":"Gautrain Bus"},"geometry":{"type":"LineString","coordinates":[[28.02733,-26.07587],[28.02725,-26.07587],[28.02718,-26.07586],[28.02713,-26.07585]]}},{"type":"Feature","properties":{"id":"relation/3281475","name":"Sandton - Fourways (Gautrain S5)","network":"Gautrain Bus"},"geometry":{"type":"LineString","coordinates":[[28.02713,-26.07585],[28.02697,-26.07582],[28.02679,-26.07578]]}},{"type":"Feature","properties":{"id":"relation/3281475","name":"Sandton - Fourways (Gautrain S5)","network":"Gautrain Bus"},"geometry":{"type":"LineString","coordinates":[[28.02679,-26.07578],[28.02669,-26.07576]]}},{"type":"Feature","properties":{"id":"relation/3281475","name":"Sandton - Fourways (Gautrain S5)","network":"Gautrain Bus"},"geometry":{"type":"LineString","coordinates":[[28.02669,-26.07576],[28.0265,-26.07573]]}},{"type":"Feature","properties":{"id":"relation/3281475","name":"Sandton - Fourways (Gautrain S5)","network":"Gautrain Bus"},"geometry":{"type":"LineString","coordinates":[[28.0265,-26.07573],[28.02644,-26.07572]]}},{"type":"Feature","properties":{"id":"relation/3281475","name":"Sandton - Fourways (Gautrain S5)","network":"Gautrain Bus"},"geometry":{"type":"LineString","coordinates":[[28.02644,-26.07572],[28.0263,-26.07569]]}},{"type":"Feature","properties":{"id":"relation/3281475","name":"Sandton - Fourways (Gautrain S5)","network":"Gautrain Bus"},"geometry":{"type":"LineString","coordinates":[[28.0263,-26.07569],[28.02632,-26.07564],[28.02632,-26.0756],[28.02634,-26.07553]]}},{"type":"Feature","properties":{"id":"relation/3281475","name":"Sandton - Fourways (Gautrain S5)","network":"Gautrain Bus"},"geometry":{"type":"LineString","coordinates":[[28.02634,-26.07553],[28.02645,-26.07507],[28.02649,-26.07488],[28.02657,-26.07453],[28.02661,-26.0743],[28.02662,-26.07419],[28.02664,-26.0739],[28.02665,-26.07369],[28.02665,-26.0735],[28.02665,-26.07333],[28.02664,-26.07305],[28.02664,-26.07287],[28.02663,-26.07275],[28.0266,-26.07253],[28.02659,-26.07236],[28.02656,-26.07219],[28.02649,-26.07185],[28.02642,-26.07151],[28.02629,-26.07106],[28.02618,-26.07068]]}},{"type":"Feature","properties":{"id":"relation/3281475","name":"Sandton - Fourways (Gautrain S5)","network":"Gautrain Bus"},"geometry":{"type":"LineString","coordinates":[[28.02618,-26.07068],[28.02578,-26.06929],[28.02544,-26.06808]]}},{"type":"Feature","properties":{"id":"relation/3281475","name":"Sandton - Fourways (Gautrain S5)","network":"Gautrain Bus"},"geometry":{"type":"LineString","coordinates":[[28.02544,-26.06808],[28.02534,-26.06773],[28.02523,-26.06735],[28.02522,-26.06729]]}},{"type":"Feature","properties":{"id":"relation/3281475","name":"Sandton - Fourways (Gautrain S5)","network":"Gautrain Bus"},"geometry":{"type":"LineString","coordinates":[[28.02522,-26.06729],[28.02516,-26.06708],[28.02491,-26.06626],[28.02458,-26.06507],[28.02448,-26.0647],[28.02444,-26.0645],[28.02439,-26.06427]]}},{"type":"Feature","properties":{"id":"relation/3281475","name":"Sandton - Fourways (Gautrain S5)","network":"Gautrain Bus"},"geometry":{"type":"LineString","coordinates":[[28.02439,-26.06427],[28.02435,-26.06406],[28.0243,-26.06381],[28.0243,-26.06378]]}},{"type":"Feature","properties":{"id":"relation/3281475","name":"Sandton - Fourways (Gautrain S5)","network":"Gautrain Bus"},"geometry":{"type":"LineString","coordinates":[[28.0243,-26.06378],[28.02429,-26.06374],[28.02424,-26.0635],[28.02418,-26.06324],[28.02409,-26.06286],[28.02403,-26.0626],[28.02372,-26.06136]]}},{"type":"Feature","properties":{"id":"relation/3281475","name":"Sandton - Fourways (Gautrain S5)","network":"Gautrain Bus"},"geometry":{"type":"LineString","coordinates":[[28.02372,-26.06136],[28.02355,-26.06068],[28.02353,-26.0606]]}},{"type":"Feature","properties":{"id":"relation/3281475","name":"Sandton - Fourways (Gautrain S5)","network":"Gautrain Bus"},"geometry":{"type":"LineString","coordinates":[[28.02353,-26.0606],[28.0235,-26.06049]]}},{"type":"Feature","properties":{"id":"relation/3281475","name":"Sandton - Fourways (Gautrain S5)","network":"Gautrain Bus"},"geometry":{"type":"LineString","coordinates":[[28.0235,-26.06049],[28.02335,-26.05994],[28.02322,-26.05945]]}},{"type":"Feature","properties":{"id":"relation/3281475","name":"Sandton - Fourways (Gautrain S5)","network":"Gautrain Bus"},"geometry":{"type":"LineString","coordinates":[[28.02322,-26.05945],[28.02302,-26.05877],[28.02292,-26.05845]]}},{"type":"Feature","properties":{"id":"relation/3281475","name":"Sandton - Fourways (Gautrain S5)","network":"Gautrain Bus"},"geometry":{"type":"LineString","coordinates":[[28.02292,-26.05845],[28.02271,-26.05773],[28.02267,-26.05761]]}},{"type":"Feature","properties":{"id":"relation/3281475","name":"Sandton - Fourways (Gautrain S5)","network":"Gautrain Bus"},"geometry":{"type":"LineString","coordinates":[[28.02267,-26.05761],[28.02261,-26.05742]]}},{"type":"Feature","properties":{"id":"relation/3281475","name":"Sandton - Fourways (Gautrain S5)","network":"Gautrain Bus"},"geometry":{"type":"LineString","coordinates":[[28.02261,-26.05742],[28.02257,-26.05726],[28.02218,-26.05585]]}},{"type":"Feature","properties":{"id":"relation/3281475","name":"Sandton - Fourways (Gautrain S5)","network":"Gautrain Bus"},"geometry":{"type":"LineString","coordinates":[[28.02218,-26.05585],[28.02189,-26.05488]]}},{"type":"Feature","properties":{"id":"relation/3281475","name":"Sandton - Fourways (Gautrain S5)","network":"Gautrain Bus"},"geometry":{"type":"LineString","coordinates":[[28.02189,-26.05488],[28.02176,-26.05441],[28.02163,-26.05398],[28.02144,-26.05343],[28.02142,-26.05337],[28.02134,-26.053],[28.02127,-26.05249],[28.02123,-26.05213],[28.02113,-26.05158],[28.0211,-26.05123],[28.02103,-26.05058],[28.02102,-26.05053],[28.02097,-26.05006],[28.02091,-26.04955],[28.02085,-26.04922],[28.0208,-26.04896],[28.02076,-26.04884],[28.0207,-26.04863],[28.02065,-26.04844]]}},{"type":"Feature","properties":{"id":"relation/3281475","name":"Sandton - Fourways (Gautrain S5)","network":"Gautrain Bus"},"geometry":{"type":"LineString","coordinates":[[28.02065,-26.04844],[28.02055,-26.04811],[28.02046,-26.04786]]}},{"type":"Feature","properties":{"id":"relation/3281475","name":"Sandton - Fourways (Gautrain S5)","network":"Gautrain Bus"},"geometry":{"type":"LineString","coordinates":[[28.02046,-26.04786],[28.02032,-26.04752],[28.02029,-26.04743]]}},{"type":"Feature","properties":{"id":"relation/3281475","name":"Sandton - Fourways (Gautrain S5)","network":"Gautrain Bus"},"geometry":{"type":"LineString","coordinates":[[28.02029,-26.04743],[28.02021,-26.04728],[28.02011,-26.04707],[28.02006,-26.04696],[28.01983,-26.04657],[28.01963,-26.04628]]}},{"type":"Feature","properties":{"id":"relation/3281475","name":"Sandton - Fourways (Gautrain S5)","network":"Gautrain Bus"},"geometry":{"type":"LineString","coordinates":[[28.01963,-26.04628],[28.01943,-26.04602],[28.01906,-26.04556],[28.01852,-26.04503],[28.01841,-26.04493],[28.01835,-26.04488],[28.01831,-26.04485],[28.01828,-26.04483],[28.01752,-26.04417],[28.01716,-26.04388],[28.01651,-26.04333]]}},{"type":"Feature","properties":{"id":"relation/3281475","name":"Sandton - Fourways (Gautrain S5)","network":"Gautrain Bus"},"geometry":{"type":"LineString","coordinates":[[28.01651,-26.04333],[28.01629,-26.04315],[28.01572,-26.04267]]}},{"type":"Feature","properties":{"id":"relation/3281475","name":"Sandton - Fourways (Gautrain S5)","network":"Gautrain Bus"},"geometry":{"type":"LineString","coordinates":[[28.01572,-26.04267],[28.01563,-26.0426]]}},{"type":"Feature","properties":{"id":"relation/3281475","name":"Sandton - Fourways (Gautrain S5)","network":"Gautrain Bus"},"geometry":{"type":"LineString","coordinates":[[28.01563,-26.0426],[28.01541,-26.0424],[28.01529,-26.04228],[28.01487,-26.04176],[28.01444,-26.04105],[28.01405,-26.04039]]}},{"type":"Feature","properties":{"id":"relation/3281475","name":"Sandton - Fourways (Gautrain S5)","network":"Gautrain Bus"},"geometry":{"type":"LineString","coordinates":[[28.01405,-26.04039],[28.01383,-26.04004]]}},{"type":"Feature","properties":{"id":"relation/3281475","name":"Sandton - Fourways (Gautrain S5)","network":"Gautrain Bus"},"geometry":{"type":"LineString","coordinates":[[28.01383,-26.04004],[28.01324,-26.03908]]}},{"type":"Feature","properties":{"id":"relation/3281475","name":"Sandton - Fourways (Gautrain S5)","network":"Gautrain Bus"},"geometry":{"type":"LineString","coordinates":[[28.01324,-26.03908],[28.0132,-26.03902]]}},{"type":"Feature","properties":{"id":"relation/3281475","name":"Sandton - Fourways (Gautrain S5)","network":"Gautrain Bus"},"geometry":{"type":"LineString","coordinates":[[28.0132,-26.03902],[28.01304,-26.03879]]}},{"type":"Feature","properties":{"id":"relation/3281475","name":"Sandton - Fourways (Gautrain S5)","network":"Gautrain Bus"},"geometry":{"type":"LineString","coordinates":[[28.01304,-26.03879],[28.01291,-26.03859]]}},{"type":"Feature","properties":{"id":"relation/3281475","name":"Sandton - Fourways (Gautrain S5)","network":"Gautrain Bus"},"geometry":{"type":"LineString","coordinates":[[28.01291,-26.03859],[28.01286,-26.03852]]}},{"type":"Feature","properties":{"id":"relation/3281475","name":"Sandton - Fourways (Gautrain S5)","network":"Gautrain Bus"},"geometry":{"type":"LineString","coordinates":[[28.01286,-26.03852],[28.01239,-26.03774]]}},{"type":"Feature","properties":{"id":"relation/3281475","name":"Sandton - Fourways (Gautrain S5)","network":"Gautrain Bus"},"geometry":{"type":"LineString","coordinates":[[28.01239,-26.03774],[28.01232,-26.03765],[28.01225,-26.03753],[28.0118,-26.03683]]}},{"type":"Feature","properties":{"id":"relation/3281475","name":"Sandton - Fourways (Gautrain S5)","network":"Gautrain Bus"},"geometry":{"type":"LineString","coordinates":[[28.0118,-26.03683],[28.01177,-26.03679],[28.01145,-26.03626],[28.01129,-26.03601]]}},{"type":"Feature","properties":{"id":"relation/3281475","name":"Sandton - Fourways (Gautrain S5)","network":"Gautrain Bus"},"geometry":{"type":"LineString","coordinates":[[28.01129,-26.03601],[28.01119,-26.03584],[28.01105,-26.03554],[28.011,-26.03545]]}},{"type":"Feature","properties":{"id":"relation/3281475","name":"Sandton - Fourways (Gautrain S5)","network":"Gautrain Bus"},"geometry":{"type":"LineString","coordinates":[[28.011,-26.03545],[28.01094,-26.03533],[28.0109,-26.03525],[28.01045,-26.03432]]}},{"type":"Feature","properties":{"id":"relation/3281475","name":"Sandton - Fourways (Gautrain S5)","network":"Gautrain Bus"},"geometry":{"type":"LineString","coordinates":[[28.01045,-26.03432],[28.01021,-26.03382]]}},{"type":"Feature","properties":{"id":"relation/3281475","name":"Sandton - Fourways (Gautrain S5)","network":"Gautrain Bus"},"geometry":{"type":"LineString","coordinates":[[28.01021,-26.03382],[28.01013,-26.03362],[28.00994,-26.03308],[28.00986,-26.03281],[28.00985,-26.03277],[28.00982,-26.03268]]}},{"type":"Feature","properties":{"id":"relation/3281475","name":"Sandton - Fourways (Gautrain S5)","network":"Gautrain Bus"},"geometry":{"type":"LineString","coordinates":[[28.00982,-26.03268],[28.00966,-26.0321],[28.00957,-26.03135],[28.00953,-26.03028],[28.00954,-26.02958],[28.0095,-26.02884],[28.00944,-26.02821],[28.00939,-26.02768]]}},{"type":"Feature","properties":{"id":"relation/3281475","name":"Sandton - Fourways (Gautrain S5)","network":"Gautrain Bus"},"geometry":{"type":"LineString","coordinates":[[28.00939,-26.02768],[28.00934,-26.02726]]}},{"type":"Feature","properties":{"id":"relation/3281475","name":"Sandton - Fourways (Gautrain S5)","network":"Gautrain Bus"},"geometry":{"type":"LineString","coordinates":[[28.00934,-26.02726],[28.00926,-26.02686],[28.00926,-26.02681]]}},{"type":"Feature","properties":{"id":"relation/3281475","name":"Sandton - Fourways (Gautrain S5)","network":"Gautrain Bus"},"geometry":{"type":"LineString","coordinates":[[28.00926,-26.02681],[28.00924,-26.02673]]}},{"type":"Feature","properties":{"id":"relation/3281475","name":"Sandton - Fourways (Gautrain S5)","network":"Gautrain Bus"},"geometry":{"type":"LineString","coordinates":[[28.00924,-26.02673],[28.00947,-26.02669]]}},{"type":"Feature","properties":{"id":"relation/3281475","name":"Sandton - Fourways (Gautrain S5)","network":"Gautrain Bus"},"geometry":{"type":"LineString","coordinates":[[28.00947,-26.02669],[28.00955,-26.02667],[28.0099,-26.02659],[28.01019,-26.0265]]}},{"type":"Feature","properties":{"id":"relation/3281475","name":"Sandton - Fourways (Gautrain S5)","network":"Gautrain Bus"},"geometry":{"type":"LineString","coordinates":[[28.01019,-26.0265],[28.01115,-26.02622]]}},{"type":"Feature","properties":{"id":"relation/3281475","name":"Sandton - Fourways (Gautrain S5)","network":"Gautrain Bus"},"geometry":{"type":"LineString","coordinates":[[28.01115,-26.02622],[28.01129,-26.02615],[28.01137,-26.02611],[28.01142,-26.02606],[28.01146,-26.02601],[28.0115,-26.02596],[28.01152,-26.02591],[28.01152,-26.0259]]}},{"type":"Feature","properties":{"id":"relation/3281475","name":"Sandton - Fourways (Gautrain S5)","network":"Gautrain Bus"},"geometry":{"type":"LineString","coordinates":[[28.01152,-26.0259],[28.01151,-26.02584],[28.0115,-26.02577],[28.01147,-26.02562],[28.01144,-26.02541],[28.01144,-26.02535],[28.01148,-26.02503],[28.01149,-26.02488],[28.0115,-26.02481]]}},{"type":"Feature","properties":{"id":"relation/3281475","name":"Sandton - Fourways (Gautrain S5)","network":"Gautrain Bus"},"geometry":{"type":"LineString","coordinates":[[28.0115,-26.02481],[28.01148,-26.02481],[28.01146,-26.02478],[28.01143,-26.02473],[28.01143,-26.02468],[28.01143,-26.02466],[28.01145,-26.02462]]}},{"type":"Feature","properties":{"id":"relation/3281475","name":"Sandton - Fourways (Gautrain S5)","network":"Gautrain Bus"},"geometry":{"type":"LineString","coordinates":[[28.01145,-26.02462],[28.01147,-26.0246],[28.01153,-26.02457],[28.01158,-26.02456],[28.01164,-26.02458],[28.01168,-26.02461],[28.0117,-26.02463],[28.01171,-26.02465],[28.01172,-26.02467],[28.01172,-26.02471],[28.0117,-26.02475],[28.01168,-26.02478],[28.01165,-26.02481],[28.01161,-26.02482]]}},{"type":"Feature","properties":{"id":"relation/3281475","name":"Sandton - Fourways (Gautrain S5)","network":"Gautrain Bus"},"geometry":{"type":"LineString","coordinates":[[28.01161,-26.02482],[28.01159,-26.02502],[28.01155,-26.02535],[28.01155,-26.02541],[28.01156,-26.02557],[28.01158,-26.02566],[28.0116,-26.02573],[28.01166,-26.02585],[28.01172,-26.02602]]}},{"type":"Feature","properties":{"id":"relation/3281475","name":"Sandton - Fourways (Gautrain S5)","network":"Gautrain Bus"},"geometry":{"type":"LineString","coordinates":[[28.01172,-26.02602],[28.01177,-26.02603],[28.01179,-26.02605],[28.01181,-26.02606],[28.01185,-26.02612],[28.01185,-26.02619],[28.01184,-26.02624],[28.0118,-26.02627],[28.01176,-26.0263]]}},{"type":"Feature","properties":{"id":"relation/3281475","name":"Sandton - Fourways (Gautrain S5)","network":"Gautrain Bus"},"geometry":{"type":"LineString","coordinates":[[28.01176,-26.0263],[28.01171,-26.02631],[28.01165,-26.02631],[28.0116,-26.02629]]}},{"type":"Feature","properties":{"id":"relation/3281475","name":"Sandton - Fourways (Gautrain S5)","network":"Gautrain Bus"},"geometry":{"type":"LineString","coordinates":[[28.0116,-26.02629],[28.01135,-26.02633],[28.01083,-26.02647],[28.01052,-26.02656],[28.01027,-26.02663],[28.01011,-26.02666]]}},{"type":"Feature","properties":{"id":"relation/3281475","name":"Sandton - Fourways (Gautrain S5)","network":"Gautrain Bus"},"geometry":{"type":"LineString","coordinates":[[28.01011,-26.02666],[28.00986,-26.02676],[28.00975,-26.02683],[28.00968,-26.02689],[28.00964,-26.02697],[28.0096,-26.02711],[28.00958,-26.02727],[28.00958,-26.0275]]}},{"type":"Feature","properties":{"id":"relation/3281475","name":"Sandton - Fourways (Gautrain S5)","network":"Gautrain Bus"},"geometry":{"type":"LineString","coordinates":[[28.00958,-26.0275],[28.00959,-26.02771],[28.00965,-26.02829],[28.0097,-26.02882],[28.00975,-26.02958],[28.00974,-26.03026],[28.00979,-26.03128],[28.00985,-26.0318]]}},{"type":"Feature","properties":{"id":"relation/3281475","name":"Sandton - Fourways (Gautrain S5)","network":"Gautrain Bus"},"geometry":{"type":"LineString","coordinates":[[28.00985,-26.0318],[28.00989,-26.03209],[28.01003,-26.03265],[28.01006,-26.03276]]}},{"type":"Feature","properties":{"id":"relation/3281475","name":"Sandton - Fourways (Gautrain S5)","network":"Gautrain Bus"},"geometry":{"type":"LineString","coordinates":[[28.01006,-26.03276],[28.01018,-26.03321]]}},{"type":"Feature","properties":{"id":"relation/3281475","name":"Sandton - Fourways (Gautrain S5)","network":"Gautrain Bus"},"geometry":{"type":"LineString","coordinates":[[28.01018,-26.03321],[28.01034,-26.03363],[28.01042,-26.03382]]}},{"type":"Feature","properties":{"id":"relation/3281475","name":"Sandton - Fourways (Gautrain S5)","network":"Gautrain Bus"},"geometry":{"type":"LineString","coordinates":[[28.01042,-26.03382],[28.01053,-26.03408],[28.01066,-26.03435]]}},{"type":"Feature","properties":{"id":"relation/3281475","name":"Sandton - Fourways (Gautrain S5)","network":"Gautrain Bus"},"geometry":{"type":"LineString","coordinates":[[28.01066,-26.03435],[28.01076,-26.03457],[28.011,-26.03504]]}},{"type":"Feature","properties":{"id":"relation/3281475","name":"Sandton - Fourways (Gautrain S5)","network":"Gautrain Bus"},"geometry":{"type":"LineString","coordinates":[[28.011,-26.03504],[28.01138,-26.03577],[28.01198,-26.0368],[28.01221,-26.03715]]}},{"type":"Feature","properties":{"id":"relation/3281475","name":"Sandton - Fourways (Gautrain S5)","network":"Gautrain Bus"},"geometry":{"type":"LineString","coordinates":[[28.01221,-26.03715],[28.01245,-26.03752]]}},{"type":"Feature","properties":{"id":"relation/3281475","name":"Sandton - Fourways (Gautrain S5)","network":"Gautrain Bus"},"geometry":{"type":"LineString","coordinates":[[28.01245,-26.03752],[28.01303,-26.03845]]}},{"type":"Feature","properties":{"id":"relation/3281475","name":"Sandton - Fourways (Gautrain S5)","network":"Gautrain Bus"},"geometry":{"type":"LineString","coordinates":[[28.01303,-26.03845],[28.01309,-26.03857]]}},{"type":"Feature","properties":{"id":"relation/3281475","name":"Sandton - Fourways (Gautrain S5)","network":"Gautrain Bus"},"geometry":{"type":"LineString","coordinates":[[28.01309,-26.03857],[28.01318,-26.03872]]}},{"type":"Feature","properties":{"id":"relation/3281475","name":"Sandton - Fourways (Gautrain S5)","network":"Gautrain Bus"},"geometry":{"type":"LineString","coordinates":[[28.01318,-26.03872],[28.01338,-26.03903]]}},{"type":"Feature","properties":{"id":"relation/3281475","name":"Sandton - Fourways (Gautrain S5)","network":"Gautrain Bus"},"geometry":{"type":"LineString","coordinates":[[28.01338,-26.03903],[28.01394,-26.03987]]}},{"type":"Feature","properties":{"id":"relation/3281475","name":"Sandton - Fourways (Gautrain S5)","network":"Gautrain Bus"},"geometry":{"type":"LineString","coordinates":[[28.01394,-26.03987],[28.01426,-26.04042]]}},{"type":"Feature","properties":{"id":"relation/3281475","name":"Sandton - Fourways (Gautrain S5)","network":"Gautrain Bus"},"geometry":{"type":"LineString","coordinates":[[28.01426,-26.04042],[28.01458,-26.04093],[28.01501,-26.04162],[28.01518,-26.04191]]}},{"type":"Feature","properties":{"id":"relation/3281475","name":"Sandton - Fourways (Gautrain S5)","network":"Gautrain Bus"},"geometry":{"type":"LineString","coordinates":[[28.01518,-26.04191],[28.01545,-26.0422],[28.01561,-26.04235],[28.01578,-26.0425],[28.01587,-26.04258]]}},{"type":"Feature","properties":{"id":"relation/3281475","name":"Sandton - Fourways (Gautrain S5)","network":"Gautrain Bus"},"geometry":{"type":"LineString","coordinates":[[28.01587,-26.04258],[28.01622,-26.04289],[28.01757,-26.04401],[28.01815,-26.04452],[28.0184,-26.04473],[28.01842,-26.04475],[28.01846,-26.04478],[28.01863,-26.04495],[28.01921,-26.04554],[28.0195,-26.04586],[28.01974,-26.04618],[28.01996,-26.04652],[28.02005,-26.04667],[28.02017,-26.04689],[28.02023,-26.047]]}},{"type":"Feature","properties":{"id":"relation/3281475","name":"Sandton - Fourways (Gautrain S5)","network":"Gautrain Bus"},"geometry":{"type":"LineString","coordinates":[[28.02023,-26.047],[28.02029,-26.04711],[28.02042,-26.04737],[28.02046,-26.04746]]}},{"type":"Feature","properties":{"id":"relation/3281475","name":"Sandton - Fourways (Gautrain S5)","network":"Gautrain Bus"},"geometry":{"type":"LineString","coordinates":[[28.02046,-26.04746],[28.02067,-26.04797]]}},{"type":"Feature","properties":{"id":"relation/3281475","name":"Sandton - Fourways (Gautrain S5)","network":"Gautrain Bus"},"geometry":{"type":"LineString","coordinates":[[28.02067,-26.04797],[28.02075,-26.04818],[28.02079,-26.04831],[28.02084,-26.04848],[28.0209,-26.04867],[28.02096,-26.04894],[28.02105,-26.04943],[28.02114,-26.05002],[28.02116,-26.05019],[28.02123,-26.05082],[28.02127,-26.05119],[28.0213,-26.05142],[28.0214,-26.05238],[28.02144,-26.05264],[28.0215,-26.05294],[28.0216,-26.05336]]}},{"type":"Feature","properties":{"id":"relation/3281475","name":"Sandton - Fourways (Gautrain S5)","network":"Gautrain Bus"},"geometry":{"type":"LineString","coordinates":[[28.0216,-26.05336],[28.02187,-26.05431],[28.0221,-26.05508],[28.02226,-26.0555],[28.02271,-26.05671],[28.02278,-26.0569]]}},{"type":"Feature","properties":{"id":"relation/3281475","name":"Sandton - Fourways (Gautrain S5)","network":"Gautrain Bus"},"geometry":{"type":"LineString","coordinates":[[28.02278,-26.0569],[28.02284,-26.05709],[28.02294,-26.05745],[28.02306,-26.05794]]}},{"type":"Feature","properties":{"id":"relation/3281475","name":"Sandton - Fourways (Gautrain S5)","network":"Gautrain Bus"},"geometry":{"type":"LineString","coordinates":[[28.02306,-26.05794],[28.0232,-26.05863],[28.02329,-26.05906]]}},{"type":"Feature","properties":{"id":"relation/3281475","name":"Sandton - Fourways (Gautrain S5)","network":"Gautrain Bus"},"geometry":{"type":"LineString","coordinates":[[28.02329,-26.05906],[28.02351,-26.05993]]}},{"type":"Feature","properties":{"id":"relation/3281475","name":"Sandton - Fourways (Gautrain S5)","network":"Gautrain Bus"},"geometry":{"type":"LineString","coordinates":[[28.02351,-26.05993],[28.02366,-26.06052]]}},{"type":"Feature","properties":{"id":"relation/3281475","name":"Sandton - Fourways (Gautrain S5)","network":"Gautrain Bus"},"geometry":{"type":"LineString","coordinates":[[28.02366,-26.06052],[28.02368,-26.06063]]}},{"type":"Feature","properties":{"id":"relation/3281475","name":"Sandton - Fourways (Gautrain S5)","network":"Gautrain Bus"},"geometry":{"type":"LineString","coordinates":[[28.02368,-26.06063],[28.0237,-26.06068],[28.02374,-26.06087],[28.02378,-26.06104]]}},{"type":"Feature","properties":{"id":"relation/3281475","name":"Sandton - Fourways (Gautrain S5)","network":"Gautrain Bus"},"geometry":{"type":"LineString","coordinates":[[28.02378,-26.06104],[28.02421,-26.06274],[28.02435,-26.06332]]}},{"type":"Feature","properties":{"id":"relation/3281475","name":"Sandton - Fourways (Gautrain S5)","network":"Gautrain Bus"},"geometry":{"type":"LineString","coordinates":[[28.02435,-26.06332],[28.02446,-26.06372],[28.02447,-26.06375]]}},{"type":"Feature","properties":{"id":"relation/3281475","name":"Sandton - Fourways (Gautrain S5)","network":"Gautrain Bus"},"geometry":{"type":"LineString","coordinates":[[28.02447,-26.06375],[28.02448,-26.06378],[28.02459,-26.06422]]}},{"type":"Feature","properties":{"id":"relation/3281475","name":"Sandton - Fourways (Gautrain S5)","network":"Gautrain Bus"},"geometry":{"type":"LineString","coordinates":[[28.02459,-26.06422],[28.0248,-26.06505],[28.02516,-26.06634]]}},{"type":"Feature","properties":{"id":"relation/3281475","name":"Sandton - Fourways (Gautrain S5)","network":"Gautrain Bus"},"geometry":{"type":"LineString","coordinates":[[28.02516,-26.06634],[28.02529,-26.06677]]}},{"type":"Feature","properties":{"id":"relation/3281475","name":"Sandton - Fourways (Gautrain S5)","network":"Gautrain Bus"},"geometry":{"type":"LineString","coordinates":[[28.02529,-26.06677],[28.02542,-26.06725],[28.02543,-26.0673]]}},{"type":"Feature","properties":{"id":"relation/3281475","name":"Sandton - Fourways (Gautrain S5)","network":"Gautrain Bus"},"geometry":{"type":"LineString","coordinates":[[28.02543,-26.0673],[28.02544,-26.06732],[28.02551,-26.0676],[28.02561,-26.06785]]}},{"type":"Feature","properties":{"id":"relation/3281475","name":"Sandton - Fourways (Gautrain S5)","network":"Gautrain Bus"},"geometry":{"type":"LineString","coordinates":[[28.02561,-26.06785],[28.02574,-26.06837],[28.02582,-26.06867]]}},{"type":"Feature","properties":{"id":"relation/3281475","name":"Sandton - Fourways (Gautrain S5)","network":"Gautrain Bus"},"geometry":{"type":"LineString","coordinates":[[28.02582,-26.06867],[28.02639,-26.07069],[28.02643,-26.07082],[28.02651,-26.07114],[28.02656,-26.07134],[28.02659,-26.07146],[28.02663,-26.07163],[28.02666,-26.07178],[28.02668,-26.07189],[28.02673,-26.07228],[28.02676,-26.07255],[28.02677,-26.07272],[28.02679,-26.07285],[28.02679,-26.07301],[28.02679,-26.07325],[28.02679,-26.07343],[28.02677,-26.07395],[28.02675,-26.07418],[28.02674,-26.07429],[28.02671,-26.07448],[28.02669,-26.07468],[28.02665,-26.07485],[28.02663,-26.07493]]}},{"type":"Feature","properties":{"id":"relation/3281475","name":"Sandton - Fourways (Gautrain S5)","network":"Gautrain Bus"},"geometry":{"type":"LineString","coordinates":[[28.02663,-26.07493],[28.02652,-26.07542]]}},{"type":"Feature","properties":{"id":"relation/3281475","name":"Sandton - Fourways (Gautrain S5)","network":"Gautrain Bus"},"geometry":{"type":"LineString","coordinates":[[28.02652,-26.07542],[28.02657,-26.07553],[28.02659,-26.07558],[28.02662,-26.07562],[28.02669,-26.07568]]}},{"type":"Feature","properties":{"id":"relation/3281475","name":"Sandton - Fourways (Gautrain S5)","network":"Gautrain Bus"},"geometry":{"type":"LineString","coordinates":[[28.02669,-26.07568],[28.02682,-26.07572]]}},{"type":"Feature","properties":{"id":"relation/3281475","name":"Sandton - Fourways (Gautrain S5)","network":"Gautrain Bus"},"geometry":{"type":"LineString","coordinates":[[28.02682,-26.07572],[28.02695,-26.07575],[28.02702,-26.07576],[28.02709,-26.07577],[28.02713,-26.07578]]}},{"type":"Feature","properties":{"id":"relation/3281475","name":"Sandton - Fourways (Gautrain S5)","network":"Gautrain Bus"},"geometry":{"type":"LineString","coordinates":[[28.02713,-26.07578],[28.02724,-26.07579],[28.02732,-26.07579]]}},{"type":"Feature","properties":{"id":"relation/3281475","name":"Sandton - Fourways (Gautrain S5)","network":"Gautrain Bus"},"geometry":{"type":"LineString","coordinates":[[28.02732,-26.07579],[28.0274,-26.07579]]}},{"type":"Feature","properties":{"id":"relation/3281475","name":"Sandton - Fourways (Gautrain S5)","network":"Gautrain Bus"},"geometry":{"type":"LineString","coordinates":[[28.0274,-26.07579],[28.02746,-26.07579],[28.0276,-26.07577],[28.02779,-26.07573],[28.02797,-26.07568],[28.02824,-26.07563],[28.02861,-26.07553],[28.02894,-26.07546],[28.02915,-26.07541],[28.02929,-26.07537],[28.02941,-26.07534]]}},{"type":"Feature","properties":{"id":"relation/3281475","name":"Sandton - Fourways (Gautrain S5)","network":"Gautrain Bus"},"geometry":{"type":"LineString","coordinates":[[28.02941,-26.07534],[28.02967,-26.07527],[28.0302,-26.07514],[28.03086,-26.07499],[28.03097,-26.07496]]}},{"type":"Feature","properties":{"id":"relation/3281475","name":"Sandton - Fourways (Gautrain S5)","network":"Gautrain Bus"},"geometry":{"type":"LineString","coordinates":[[28.03097,-26.07496],[28.03101,-26.07495],[28.03105,-26.07494]]}},{"type":"Feature","properties":{"id":"relation/3281475","name":"Sandton - Fourways (Gautrain S5)","network":"Gautrain Bus"},"geometry":{"type":"LineString","coordinates":[[28.03105,-26.07494],[28.03284,-26.07451],[28.03484,-26.07403],[28.03497,-26.074]]}},{"type":"Feature","properties":{"id":"relation/3281475","name":"Sandton - Fourways (Gautrain S5)","network":"Gautrain Bus"},"geometry":{"type":"LineString","coordinates":[[28.03497,-26.074],[28.035,-26.07399],[28.03507,-26.07398]]}},{"type":"Feature","properties":{"id":"relation/3281475","name":"Sandton - Fourways (Gautrain S5)","network":"Gautrain Bus"},"geometry":{"type":"LineString","coordinates":[[28.03507,-26.07398],[28.03533,-26.07392],[28.03555,-26.07387],[28.03575,-26.07383],[28.03582,-26.07381]]}},{"type":"Feature","properties":{"id":"relation/3281475","name":"Sandton - Fourways (Gautrain S5)","network":"Gautrain Bus"},"geometry":{"type":"LineString","coordinates":[[28.03582,-26.07381],[28.03584,-26.07381],[28.03602,-26.07377],[28.03618,-26.07373],[28.0363,-26.0737],[28.03638,-26.07369],[28.03645,-26.07368]]}},{"type":"Feature","properties":{"id":"relation/3281475","name":"Sandton - Fourways (Gautrain S5)","network":"Gautrain Bus"},"geometry":{"type":"LineString","coordinates":[[28.04532,-26.07505],[28.0461,-26.07542]]}},{"type":"Feature","properties":{"id":"relation/3281475","name":"Sandton - Fourways (Gautrain S5)","network":"Gautrain Bus"},"geometry":{"type":"LineString","coordinates":[[28.0461,-26.07542],[28.04659,-26.07573],[28.04674,-26.07582],[28.04685,-26.07591]]}},{"type":"Feature","properties":{"id":"relation/3281475","name":"Sandton - Fourways (Gautrain S5)","network":"Gautrain Bus"},"geometry":{"type":"LineString","coordinates":[[28.05169,-26.09457],[28.05175,-26.09464],[28.05192,-26.09486]]}},{"type":"Feature","properties":{"id":"relation/3281475","name":"Sandton - Fourways (Gautrain S5)","network":"Gautrain Bus"},"geometry":{"type":"LineString","coordinates":[[28.05192,-26.09486],[28.05194,-26.09486],[28.05197,-26.09486],[28.052,-26.09487],[28.05202,-26.09488],[28.05204,-26.0949],[28.05205,-26.09492],[28.05205,-26.09495],[28.05204,-26.09497],[28.05203,-26.095],[28.05201,-26.09502],[28.05198,-26.09503],[28.05195,-26.09503],[28.05192,-26.09503]]}},{"type":"Feature","properties":{"id":"relation/3281475","name":"Sandton - Fourways (Gautrain S5)","network":"Gautrain Bus"},"geometry":{"type":"LineString","coordinates":[[28.05192,-26.09503],[28.05145,-26.09635],[28.05131,-26.09675],[28.05122,-26.097],[28.0511,-26.09732]]}},{"type":"Feature","properties":{"id":"relation/3281475","name":"Sandton - Fourways (Gautrain S5)","network":"Gautrain Bus"},"geometry":{"type":"LineString","coordinates":[[28.0511,-26.09732],[28.05101,-26.09758]]}},{"type":"Feature","properties":{"id":"relation/3281475","name":"Sandton - Fourways (Gautrain S5)","network":"Gautrain Bus"},"geometry":{"type":"LineString","coordinates":[[28.05101,-26.09758],[28.05069,-26.09845]]}},{"type":"Feature","properties":{"id":"relation/3281475","name":"Sandton - Fourways (Gautrain S5)","network":"Gautrain Bus"},"geometry":{"type":"LineString","coordinates":[[28.05069,-26.09845],[28.05058,-26.09875]]}},{"type":"Feature","properties":{"id":"relation/3281475","name":"Sandton - Fourways (Gautrain S5)","network":"Gautrain Bus"},"geometry":{"type":"LineString","coordinates":[[28.05058,-26.09875],[28.05053,-26.09891],[28.05048,-26.09904]]}},{"type":"Feature","properties":{"id":"relation/3281475","name":"Sandton - Fourways (Gautrain S5)","network":"Gautrain Bus"},"geometry":{"type":"LineString","coordinates":[[28.05048,-26.09904],[28.05043,-26.09916],[28.0503,-26.09957],[28.05028,-26.09962],[28.05027,-26.09967],[28.05026,-26.09972],[28.05025,-26.09978],[28.05025,-26.09986],[28.05026,-26.09991],[28.05027,-26.09998],[28.05028,-26.10006]]}},{"type":"Feature","properties":{"id":"relation/3281475","name":"Sandton - Fourways (Gautrain S5)","network":"Gautrain Bus"},"geometry":{"type":"LineString","coordinates":[[28.05028,-26.10006],[28.05039,-26.10039],[28.0505,-26.10065]]}},{"type":"Feature","properties":{"id":"relation/3281475","name":"Sandton - Fourways (Gautrain S5)","network":"Gautrain Bus"},"geometry":{"type":"LineString","coordinates":[[28.0505,-26.10065],[28.05052,-26.10072]]}},{"type":"Feature","properties":{"id":"relation/3281475","name":"Sandton - Fourways (Gautrain S5)","network":"Gautrain Bus"},"geometry":{"type":"LineString","coordinates":[[28.05052,-26.10072],[28.05057,-26.10084]]}},{"type":"Feature","properties":{"id":"relation/3281475","name":"Sandton - Fourways (Gautrain S5)","network":"Gautrain Bus"},"geometry":{"type":"LineString","coordinates":[[28.05057,-26.10084],[28.05061,-26.10094]]}},{"type":"Feature","properties":{"id":"relation/3281475","name":"Sandton - Fourways (Gautrain S5)","network":"Gautrain Bus"},"geometry":{"type":"LineString","coordinates":[[28.05061,-26.10094],[28.05071,-26.10117],[28.05087,-26.10152],[28.05098,-26.10174],[28.05102,-26.10182],[28.05105,-26.10187],[28.05109,-26.10191],[28.05113,-26.10196],[28.05118,-26.10202],[28.05124,-26.10208],[28.05128,-26.10211],[28.05133,-26.10216],[28.05204,-26.10275]]}},{"type":"Feature","properties":{"id":"relation/3281475","name":"Sandton - Fourways (Gautrain S5)","network":"Gautrain Bus"},"geometry":{"type":"LineString","coordinates":[[28.05204,-26.10275],[28.05235,-26.103]]}},{"type":"Feature","properties":{"id":"relation/3281475","name":"Sandton - Fourways (Gautrain S5)","network":"Gautrain Bus"},"geometry":{"type":"LineString","coordinates":[[28.05235,-26.103],[28.05246,-26.10309]]}},{"type":"Feature","properties":{"id":"relation/3281475","name":"Sandton - Fourways (Gautrain S5)","network":"Gautrain Bus"},"geometry":{"type":"LineString","coordinates":[[28.05246,-26.10309],[28.05255,-26.10316]]}},{"type":"Feature","properties":{"id":"relation/3281475","name":"Sandton - Fourways (Gautrain S5)","network":"Gautrain Bus"},"geometry":{"type":"LineString","coordinates":[[28.05255,-26.10316],[28.05239,-26.10323]]}},{"type":"Feature","properties":{"id":"relation/3281475","name":"Sandton - Fourways (Gautrain S5)","network":"Gautrain Bus"},"geometry":{"type":"LineString","coordinates":[[28.05239,-26.10323],[28.0523,-26.10326]]}},{"type":"Feature","properties":{"id":"relation/3281475","name":"Sandton - Fourways (Gautrain S5)","network":"Gautrain Bus"},"geometry":{"type":"LineString","coordinates":[[28.0523,-26.10326],[28.05212,-26.10334],[28.05195,-26.10341],[28.05177,-26.1035],[28.05151,-26.10365],[28.05142,-26.10371],[28.05135,-26.10377],[28.05119,-26.10394],[28.05107,-26.10409],[28.05076,-26.10455],[28.05073,-26.10459],[28.05053,-26.10488],[28.05035,-26.1052],[28.05031,-26.10526]]}},{"type":"Feature","properties":{"id":"relation/3281475","name":"Sandton - Fourways (Gautrain S5)","network":"Gautrain Bus"},"geometry":{"type":"LineString","coordinates":[[28.05031,-26.10526],[28.05008,-26.1056]]}},{"type":"Feature","properties":{"id":"relation/3281475","name":"Sandton - Fourways (Gautrain S5)","network":"Gautrain Bus"},"geometry":{"type":"LineString","coordinates":[[28.05008,-26.1056],[28.05005,-26.10567],[28.05004,-26.10574],[28.05004,-26.10579],[28.05005,-26.10585],[28.05008,-26.1059],[28.05011,-26.10594],[28.05016,-26.10599]]}},{"type":"Feature","properties":{"id":"relation/3281475","name":"Sandton - Fourways (Gautrain S5)","network":"Gautrain Bus"},"geometry":{"type":"LineString","coordinates":[[28.05016,-26.10599],[28.05171,-26.1068]]}},{"type":"Feature","properties":{"id":"relation/3281475","name":"Sandton - Fourways (Gautrain S5)","network":"Gautrain Bus"},"geometry":{"type":"LineString","coordinates":[[28.05171,-26.1068],[28.05186,-26.10686]]}},{"type":"Feature","properties":{"id":"relation/3281475","name":"Sandton - Fourways (Gautrain S5)","network":"Gautrain Bus"},"geometry":{"type":"LineString","coordinates":[[28.05186,-26.10686],[28.05238,-26.10713],[28.05284,-26.10734],[28.05293,-26.10738]]}},{"type":"Feature","properties":{"id":"relation/3281475","name":"Sandton - Fourways (Gautrain S5)","network":"Gautrain Bus"},"geometry":{"type":"LineString","coordinates":[[28.05293,-26.10738],[28.05383,-26.10788]]}},{"type":"Feature","properties":{"id":"relation/3281475","name":"Sandton - Fourways (Gautrain S5)","network":"Gautrain Bus"},"geometry":{"type":"LineString","coordinates":[[28.05383,-26.10788],[28.05399,-26.10796],[28.05414,-26.10804]]}},{"type":"Feature","properties":{"id":"relation/3281475","name":"Sandton - Fourways (Gautrain S5)","network":"Gautrain Bus"},"geometry":{"type":"LineString","coordinates":[[28.05414,-26.10804],[28.05459,-26.10822]]}},{"type":"Feature","properties":{"id":"relation/3281475","name":"Sandton - Fourways (Gautrain S5)","network":"Gautrain Bus"},"geometry":{"type":"LineString","coordinates":[[28.05459,-26.10822],[28.05487,-26.10837],[28.05511,-26.10851],[28.05542,-26.10868]]}},{"type":"Feature","properties":{"id":"relation/3281475","name":"Sandton - Fourways (Gautrain S5)","network":"Gautrain Bus"},"geometry":{"type":"LineString","coordinates":[[28.05542,-26.10868],[28.05561,-26.10879]]}},{"type":"Feature","properties":{"id":"relation/3281475","name":"Sandton - Fourways (Gautrain S5)","network":"Gautrain Bus"},"geometry":{"type":"LineString","coordinates":[[28.05561,-26.10879],[28.05615,-26.10905]]}},{"type":"Feature","properties":{"id":"relation/3281475","name":"Sandton - Fourways (Gautrain S5)","network":"Gautrain Bus"},"geometry":{"type":"LineString","coordinates":[[28.05615,-26.10905],[28.05699,-26.10847]]}},{"type":"Feature","properties":{"id":"relation/3281475","name":"Sandton - Fourways (Gautrain S5)","network":"Gautrain Bus"},"geometry":{"type":"LineString","coordinates":[[28.05699,-26.10847],[28.05692,-26.10839],[28.05665,-26.10809],[28.05659,-26.10749],[28.05669,-26.10748],[28.05673,-26.10807]]}},{"type":"Feature","properties":{"id":"relation/3284350","name":"Rosebank - Melrose Arch (Gautrain RB2)","network":"Gautrain Bus"},"geometry":{"type":"LineString","coordinates":[[28.04459,-26.14685],[28.04461,-26.14694],[28.04462,-26.147],[28.04462,-26.14704],[28.04461,-26.14707],[28.04459,-26.14718]]}},{"type":"Feature","properties":{"id":"relation/3284350","name":"Rosebank - Melrose Arch (Gautrain RB2)","network":"Gautrain Bus"},"geometry":{"type":"LineString","coordinates":[[28.04459,-26.14718],[28.04459,-26.14724],[28.04461,-26.14734]]}},{"type":"Feature","properties":{"id":"relation/3284350","name":"Rosebank - Melrose Arch (Gautrain RB2)","network":"Gautrain Bus"},"geometry":{"type":"LineString","coordinates":[[28.04461,-26.14734],[28.04463,-26.14749],[28.04471,-26.14792],[28.04476,-26.1485]]}},{"type":"Feature","properties":{"id":"relation/3284350","name":"Rosebank - Melrose Arch (Gautrain RB2)","network":"Gautrain Bus"},"geometry":{"type":"LineString","coordinates":[[28.04476,-26.1485],[28.04476,-26.14857],[28.04481,-26.14885],[28.04481,-26.14886]]}},{"type":"Feature","properties":{"id":"relation/3284350","name":"Rosebank - Melrose Arch (Gautrain RB2)","network":"Gautrain Bus"},"geometry":{"type":"LineString","coordinates":[[28.04481,-26.14886],[28.04488,-26.14904],[28.04492,-26.14912],[28.04494,-26.14916],[28.04497,-26.14919],[28.04502,-26.14921],[28.04506,-26.14921],[28.04511,-26.14921],[28.04525,-26.1492]]}},{"type":"Feature","properties":{"id":"relation/3284350","name":"Rosebank - Melrose Arch (Gautrain RB2)","network":"Gautrain Bus"},"geometry":{"type":"LineString","coordinates":[[28.04525,-26.1492],[28.0455,-26.14914],[28.04562,-26.14912]]}},{"type":"Feature","properties":{"id":"relation/3284350","name":"Rosebank - Melrose Arch (Gautrain RB2)","network":"Gautrain Bus"},"geometry":{"type":"LineString","coordinates":[[28.04562,-26.14912],[28.0457,-26.14912]]}},{"type":"Feature","properties":{"id":"relation/3284350","name":"Rosebank - Melrose Arch (Gautrain RB2)","network":"Gautrain Bus"},"geometry":{"type":"LineString","coordinates":[[28.0457,-26.14912],[28.04589,-26.14907],[28.0463,-26.14898]]}},{"type":"Feature","properties":{"id":"relation/3284350","name":"Rosebank - Melrose Arch (Gautrain RB2)","network":"Gautrain Bus"},"geometry":{"type":"LineString","coordinates":[[28.0463,-26.14898],[28.04679,-26.14886]]}},{"type":"Feature","properties":{"id":"relation/3284350","name":"Rosebank - Melrose Arch (Gautrain RB2)","network":"Gautrain Bus"},"geometry":{"type":"LineString","coordinates":[[28.04679,-26.14886],[28.04759,-26.14866],[28.04921,-26.14827]]}},{"type":"Feature","properties":{"id":"relation/3284350","name":"Rosebank - Melrose Arch (Gautrain RB2)","network":"Gautrain Bus"},"geometry":{"type":"LineString","coordinates":[[28.04921,-26.14827],[28.04965,-26.14815]]}},{"type":"Feature","properties":{"id":"relation/3284350","name":"Rosebank - Melrose Arch (Gautrain RB2)","network":"Gautrain Bus"},"geometry":{"type":"LineString","coordinates":[[28.04965,-26.14815],[28.05001,-26.14807]]}},{"type":"Feature","properties":{"id":"relation/3284350","name":"Rosebank - Melrose Arch (Gautrain RB2)","network":"Gautrain Bus"},"geometry":{"type":"LineString","coordinates":[[28.05001,-26.14807],[28.05081,-26.14787]]}},{"type":"Feature","properties":{"id":"relation/3284350","name":"Rosebank - Melrose Arch (Gautrain RB2)","network":"Gautrain Bus"},"geometry":{"type":"LineString","coordinates":[[28.05081,-26.14787],[28.05086,-26.14783],[28.05136,-26.1477]]}},{"type":"Feature","properties":{"id":"relation/3284350","name":"Rosebank - Melrose Arch (Gautrain RB2)","network":"Gautrain Bus"},"geometry":{"type":"LineString","coordinates":[[28.05136,-26.1477],[28.05168,-26.14761]]}},{"type":"Feature","properties":{"id":"relation/3284350","name":"Rosebank - Melrose Arch (Gautrain RB2)","network":"Gautrain Bus"},"geometry":{"type":"LineString","coordinates":[[28.05168,-26.14761],[28.05192,-26.14756]]}},{"type":"Feature","properties":{"id":"relation/3284350","name":"Rosebank - Melrose Arch (Gautrain RB2)","network":"Gautrain Bus"},"geometry":{"type":"LineString","coordinates":[[28.05192,-26.14756],[28.05241,-26.14745],[28.05248,-26.14746]]}},{"type":"Feature","properties":{"id":"relation/3284350","name":"Rosebank - Melrose Arch (Gautrain RB2)","network":"Gautrain Bus"},"geometry":{"type":"LineString","coordinates":[[28.05248,-26.14746],[28.05277,-26.14738],[28.05285,-26.14736],[28.05325,-26.14726]]}},{"type":"Feature","properties":{"id":"relation/3284350","name":"Rosebank - Melrose Arch (Gautrain RB2)","network":"Gautrain Bus"},"geometry":{"type":"LineString","coordinates":[[28.05325,-26.14726],[28.05373,-26.14714]]}},{"type":"Feature","properties":{"id":"relation/3284350","name":"Rosebank - Melrose Arch (Gautrain RB2)","network":"Gautrain Bus"},"geometry":{"type":"LineString","coordinates":[[28.05373,-26.14714],[28.05429,-26.147]]}},{"type":"Feature","properties":{"id":"relation/3284350","name":"Rosebank - Melrose Arch (Gautrain RB2)","network":"Gautrain Bus"},"geometry":{"type":"LineString","coordinates":[[28.05429,-26.147],[28.05484,-26.14686],[28.05514,-26.14678]]}},{"type":"Feature","properties":{"id":"relation/3284350","name":"Rosebank - Melrose Arch (Gautrain RB2)","network":"Gautrain Bus"},"geometry":{"type":"LineString","coordinates":[[28.05514,-26.14678],[28.05533,-26.14673],[28.05556,-26.14667],[28.05566,-26.14664]]}},{"type":"Feature","properties":{"id":"relation/3284350","name":"Rosebank - Melrose Arch (Gautrain RB2)","network":"Gautrain Bus"},"geometry":{"type":"LineString","coordinates":[[28.05566,-26.14664],[28.05577,-26.14661],[28.05591,-26.14658],[28.05639,-26.14648]]}},{"type":"Feature","properties":{"id":"relation/3284350","name":"Rosebank - Melrose Arch (Gautrain RB2)","network":"Gautrain Bus"},"geometry":{"type":"LineString","coordinates":[[28.05639,-26.14648],[28.05649,-26.14644],[28.05661,-26.14642],[28.05672,-26.14641],[28.05686,-26.1464],[28.05703,-26.1464]]}},{"type":"Feature","properties":{"id":"relation/3284350","name":"Rosebank - Melrose Arch (Gautrain RB2)","network":"Gautrain Bus"},"geometry":{"type":"LineString","coordinates":[[28.05703,-26.1464],[28.0573,-26.14642]]}},{"type":"Feature","properties":{"id":"relation/3284350","name":"Rosebank - Melrose Arch (Gautrain RB2)","network":"Gautrain Bus"},"geometry":{"type":"LineString","coordinates":[[28.0573,-26.14642],[28.05738,-26.14643],[28.05768,-26.14647],[28.05773,-26.14647],[28.05791,-26.1465]]}},{"type":"Feature","properties":{"id":"relation/3284350","name":"Rosebank - Melrose Arch (Gautrain RB2)","network":"Gautrain Bus"},"geometry":{"type":"LineString","coordinates":[[28.05791,-26.1465],[28.05836,-26.14657]]}},{"type":"Feature","properties":{"id":"relation/3284350","name":"Rosebank - Melrose Arch (Gautrain RB2)","network":"Gautrain Bus"},"geometry":{"type":"LineString","coordinates":[[28.05836,-26.14657],[28.05859,-26.1466],[28.05864,-26.1466]]}},{"type":"Feature","properties":{"id":"relation/3284350","name":"Rosebank - Melrose Arch (Gautrain RB2)","network":"Gautrain Bus"},"geometry":{"type":"LineString","coordinates":[[28.05864,-26.1466],[28.05873,-26.14661],[28.05881,-26.14662],[28.05921,-26.14667],[28.05944,-26.14669],[28.05956,-26.14671],[28.05979,-26.14674],[28.05997,-26.14675],[28.06012,-26.14676],[28.06038,-26.14676],[28.06045,-26.14678]]}},{"type":"Feature","properties":{"id":"relation/3284350","name":"Rosebank - Melrose Arch (Gautrain RB2)","network":"Gautrain Bus"},"geometry":{"type":"LineString","coordinates":[[28.06045,-26.14678],[28.06075,-26.14679],[28.06132,-26.1468],[28.06147,-26.1468],[28.06159,-26.14679]]}},{"type":"Feature","properties":{"id":"relation/3284350","name":"Rosebank - Melrose Arch (Gautrain RB2)","network":"Gautrain Bus"},"geometry":{"type":"LineString","coordinates":[[28.06159,-26.14679],[28.06191,-26.14671],[28.06251,-26.14656],[28.06307,-26.14642],[28.06323,-26.14638]]}},{"type":"Feature","properties":{"id":"relation/3284350","name":"Rosebank - Melrose Arch (Gautrain RB2)","network":"Gautrain Bus"},"geometry":{"type":"LineString","coordinates":[[28.06358,-26.14558],[28.06339,-26.146],[28.06323,-26.14638]]}},{"type":"Feature","properties":{"id":"relation/3284350","name":"Rosebank - Melrose Arch (Gautrain RB2)","network":"Gautrain Bus"},"geometry":{"type":"LineString","coordinates":[[28.06568,-26.14265],[28.0656,-26.14276],[28.06542,-26.143],[28.06521,-26.14329],[28.06487,-26.14376],[28.06471,-26.14399],[28.06443,-26.14437],[28.06421,-26.14466],[28.06408,-26.14485],[28.06396,-26.14501],[28.06389,-26.14511],[28.06377,-26.14527],[28.06369,-26.14538],[28.06364,-26.14546],[28.06361,-26.14552],[28.06358,-26.14558]]}},{"type":"Feature","properties":{"id":"relation/3284350","name":"Rosebank - Melrose Arch (Gautrain RB2)","network":"Gautrain Bus"},"geometry":{"type":"LineString","coordinates":[[28.06597,-26.14225],[28.06568,-26.14265]]}},{"type":"Feature","properties":{"id":"relation/3284350","name":"Rosebank - Melrose Arch (Gautrain RB2)","network":"Gautrain Bus"},"geometry":{"type":"LineString","coordinates":[[28.067,-26.14083],[28.06676,-26.14115],[28.06658,-26.14141],[28.06645,-26.14158],[28.06618,-26.14196],[28.06597,-26.14225]]}},{"type":"Feature","properties":{"id":"relation/3284350","name":"Rosebank - Melrose Arch (Gautrain RB2)","network":"Gautrain Bus"},"geometry":{"type":"LineString","coordinates":[[28.067,-26.14083],[28.06705,-26.14073],[28.06731,-26.14033],[28.06749,-26.14004]]}},{"type":"Feature","properties":{"id":"relation/3284350","name":"Rosebank - Melrose Arch (Gautrain RB2)","network":"Gautrain Bus"},"geometry":{"type":"LineString","coordinates":[[28.06749,-26.14004],[28.0675,-26.13999],[28.06749,-26.13991],[28.06747,-26.13984],[28.06744,-26.13977],[28.06744,-26.13973],[28.06744,-26.13971]]}},{"type":"Feature","properties":{"id":"relation/3284350","name":"Rosebank - Melrose Arch (Gautrain RB2)","network":"Gautrain Bus"},"geometry":{"type":"LineString","coordinates":[[28.06744,-26.13971],[28.06743,-26.13969]]}},{"type":"Feature","properties":{"id":"relation/3284350","name":"Rosebank - Melrose Arch (Gautrain RB2)","network":"Gautrain Bus"},"geometry":{"type":"LineString","coordinates":[[28.06743,-26.13969],[28.06732,-26.13955],[28.06728,-26.13949]]}},{"type":"Feature","properties":{"id":"relation/3284350","name":"Rosebank - Melrose Arch (Gautrain RB2)","network":"Gautrain Bus"},"geometry":{"type":"LineString","coordinates":[[28.06728,-26.13949],[28.06726,-26.13942]]}},{"type":"Feature","properties":{"id":"relation/3284350","name":"Rosebank - Melrose Arch (Gautrain RB2)","network":"Gautrain Bus"},"geometry":{"type":"LineString","coordinates":[[28.06726,-26.13942],[28.06715,-26.13918],[28.06711,-26.13909],[28.06705,-26.1389]]}},{"type":"Feature","properties":{"id":"relation/3284350","name":"Rosebank - Melrose Arch (Gautrain RB2)","network":"Gautrain Bus"},"geometry":{"type":"LineString","coordinates":[[28.06705,-26.1389],[28.06702,-26.13882]]}},{"type":"Feature","properties":{"id":"relation/3284350","name":"Rosebank - Melrose Arch (Gautrain RB2)","network":"Gautrain Bus"},"geometry":{"type":"LineString","coordinates":[[28.06702,-26.13882],[28.067,-26.13873],[28.06699,-26.13866],[28.06698,-26.13858],[28.06698,-26.13846],[28.067,-26.13829],[28.06707,-26.13783],[28.0671,-26.13751],[28.06712,-26.13732],[28.06715,-26.13685],[28.06715,-26.13676],[28.06715,-26.13669],[28.06715,-26.13661],[28.06716,-26.13634],[28.06717,-26.13602],[28.06717,-26.13587],[28.06716,-26.13575],[28.06715,-26.13566],[28.06709,-26.13531]]}},{"type":"Feature","properties":{"id":"relation/3284350","name":"Rosebank - Melrose Arch (Gautrain RB2)","network":"Gautrain Bus"},"geometry":{"type":"LineString","coordinates":[[28.06709,-26.13531],[28.06708,-26.13523]]}},{"type":"Feature","properties":{"id":"relation/3284350","name":"Rosebank - Melrose Arch (Gautrain RB2)","network":"Gautrain Bus"},"geometry":{"type":"LineString","coordinates":[[28.06708,-26.13523],[28.06719,-26.13522]]}},{"type":"Feature","properties":{"id":"relation/3284350","name":"Rosebank - Melrose Arch (Gautrain RB2)","network":"Gautrain Bus"},"geometry":{"type":"LineString","coordinates":[[28.06719,-26.13522],[28.06727,-26.1352]]}},{"type":"Feature","properties":{"id":"relation/3284350","name":"Rosebank - Melrose Arch (Gautrain RB2)","network":"Gautrain Bus"},"geometry":{"type":"LineString","coordinates":[[28.06727,-26.1352],[28.06765,-26.13512],[28.0678,-26.13508],[28.06788,-26.13506],[28.06798,-26.13501],[28.06813,-26.13494],[28.0682,-26.13489],[28.06826,-26.13483],[28.06833,-26.13474],[28.06837,-26.13468],[28.0684,-26.13461],[28.06842,-26.13451],[28.06846,-26.1344],[28.0685,-26.13425],[28.06852,-26.13417],[28.06853,-26.13409],[28.06857,-26.13395],[28.06869,-26.13349],[28.06873,-26.13336],[28.06878,-26.13324],[28.06892,-26.13297],[28.06897,-26.13285],[28.06899,-26.13281],[28.06901,-26.13276],[28.0693,-26.13217],[28.06932,-26.13213],[28.06943,-26.13186],[28.06952,-26.13166],[28.06954,-26.1316],[28.06955,-26.13153],[28.06954,-26.13145],[28.06953,-26.13138],[28.0695,-26.13129],[28.06946,-26.13116],[28.06939,-26.131]]}},{"type":"Feature","properties":{"id":"relation/3284350","name":"Rosebank - Melrose Arch (Gautrain RB2)","network":"Gautrain Bus"},"geometry":{"type":"LineString","coordinates":[[28.06939,-26.131],[28.06934,-26.13091],[28.0693,-26.13084],[28.06926,-26.1308],[28.06922,-26.13076],[28.06917,-26.13072],[28.06911,-26.13067],[28.06905,-26.13062],[28.06898,-26.13056],[28.06894,-26.13052],[28.0689,-26.13046],[28.06885,-26.13036],[28.06882,-26.13029]]}},{"type":"Feature","properties":{"id":"relation/3284350","name":"Rosebank - Melrose Arch (Gautrain RB2)","network":"Gautrain Bus"},"geometry":{"type":"LineString","coordinates":[[28.06882,-26.13029],[28.06869,-26.12996],[28.06858,-26.1297]]}},{"type":"Feature","properties":{"id":"relation/3284350","name":"Rosebank - Melrose Arch (Gautrain RB2)","network":"Gautrain Bus"},"geometry":{"type":"LineString","coordinates":[[28.06858,-26.1297],[28.06856,-26.12966],[28.06853,-26.12959]]}},{"type":"Feature","properties":{"id":"relation/3284350","name":"Rosebank - Melrose Arch (Gautrain RB2)","network":"Gautrain Bus"},"geometry":{"type":"LineString","coordinates":[[28.06853,-26.12959],[28.06853,-26.12953]]}},{"type":"Feature","properties":{"id":"relation/3284350","name":"Rosebank - Melrose Arch (Gautrain RB2)","network":"Gautrain Bus"},"geometry":{"type":"LineString","coordinates":[[28.06853,-26.12953],[28.06854,-26.1295]]}},{"type":"Feature","properties":{"id":"relation/3284350","name":"Rosebank - Melrose Arch (Gautrain RB2)","network":"Gautrain Bus"},"geometry":{"type":"LineString","coordinates":[[28.06854,-26.1295],[28.06841,-26.12924]]}},{"type":"Feature","properties":{"id":"relation/3284350","name":"Rosebank - Melrose Arch (Gautrain RB2)","network":"Gautrain Bus"},"geometry":{"type":"LineString","coordinates":[[28.06841,-26.12924],[28.0683,-26.12896],[28.06822,-26.12887],[28.06818,-26.12882],[28.06813,-26.12878],[28.0681,-26.12876],[28.06806,-26.12873],[28.06799,-26.12871],[28.06794,-26.1287],[28.06785,-26.12869],[28.06777,-26.12869],[28.06756,-26.12872]]}},{"type":"Feature","properties":{"id":"relation/3284350","name":"Rosebank - Melrose Arch (Gautrain RB2)","network":"Gautrain Bus"},"geometry":{"type":"LineString","coordinates":[[28.06756,-26.12872],[28.06698,-26.12879],[28.06615,-26.12889]]}},{"type":"Feature","properties":{"id":"relation/3284350","name":"Rosebank - Melrose Arch (Gautrain RB2)","network":"Gautrain Bus"},"geometry":{"type":"LineString","coordinates":[[28.06615,-26.12889],[28.06599,-26.12892],[28.06596,-26.12892],[28.06589,-26.12894],[28.06564,-26.12899],[28.0654,-26.12903],[28.0653,-26.12904],[28.06477,-26.12909]]}},{"type":"Feature","properties":{"id":"relation/3284350","name":"Rosebank - Melrose Arch (Gautrain RB2)","network":"Gautrain Bus"},"geometry":{"type":"LineString","coordinates":[[28.06477,-26.12909],[28.06467,-26.1291]]}},{"type":"Feature","properties":{"id":"relation/3284350","name":"Rosebank - Melrose Arch (Gautrain RB2)","network":"Gautrain Bus"},"geometry":{"type":"LineString","coordinates":[[28.06467,-26.1291],[28.06468,-26.12916],[28.06471,-26.12939],[28.06473,-26.12945],[28.06475,-26.12955],[28.06478,-26.12962],[28.06483,-26.12977]]}},{"type":"Feature","properties":{"id":"relation/3284350","name":"Rosebank - Melrose Arch (Gautrain RB2)","network":"Gautrain Bus"},"geometry":{"type":"LineString","coordinates":[[28.06483,-26.12977],[28.06502,-26.13006]]}},{"type":"Feature","properties":{"id":"relation/3284350","name":"Rosebank - Melrose Arch (Gautrain RB2)","network":"Gautrain Bus"},"geometry":{"type":"LineString","coordinates":[[28.06502,-26.13006],[28.06531,-26.13051]]}},{"type":"Feature","properties":{"id":"relation/3284350","name":"Rosebank - Melrose Arch (Gautrain RB2)","network":"Gautrain Bus"},"geometry":{"type":"LineString","coordinates":[[28.06531,-26.13051],[28.0654,-26.1306],[28.06541,-26.13061]]}},{"type":"Feature","properties":{"id":"relation/3284350","name":"Rosebank - Melrose Arch (Gautrain RB2)","network":"Gautrain Bus"},"geometry":{"type":"LineString","coordinates":[[28.06541,-26.13061],[28.06546,-26.13071],[28.06549,-26.13077]]}},{"type":"Feature","properties":{"id":"relation/3284350","name":"Rosebank - Melrose Arch (Gautrain RB2)","network":"Gautrain Bus"},"geometry":{"type":"LineString","coordinates":[[28.06549,-26.13077],[28.06578,-26.13129],[28.06587,-26.13148],[28.06603,-26.13182],[28.06612,-26.13203]]}},{"type":"Feature","properties":{"id":"relation/3284350","name":"Rosebank - Melrose Arch (Gautrain RB2)","network":"Gautrain Bus"},"geometry":{"type":"LineString","coordinates":[[28.06612,-26.13203],[28.06614,-26.13208],[28.06617,-26.13213],[28.06618,-26.13217]]}},{"type":"Feature","properties":{"id":"relation/3284350","name":"Rosebank - Melrose Arch (Gautrain RB2)","network":"Gautrain Bus"},"geometry":{"type":"LineString","coordinates":[[28.06618,-26.13217],[28.06623,-26.13227]]}},{"type":"Feature","properties":{"id":"relation/3284350","name":"Rosebank - Melrose Arch (Gautrain RB2)","network":"Gautrain Bus"},"geometry":{"type":"LineString","coordinates":[[28.06623,-26.13227],[28.06625,-26.13231],[28.06634,-26.1325]]}},{"type":"Feature","properties":{"id":"relation/3284350","name":"Rosebank - Melrose Arch (Gautrain RB2)","network":"Gautrain Bus"},"geometry":{"type":"LineString","coordinates":[[28.06634,-26.1325],[28.06642,-26.13268],[28.06649,-26.13283]]}},{"type":"Feature","properties":{"id":"relation/3284350","name":"Rosebank - Melrose Arch (Gautrain RB2)","network":"Gautrain Bus"},"geometry":{"type":"LineString","coordinates":[[28.06649,-26.13283],[28.06652,-26.1329],[28.06655,-26.13298],[28.06691,-26.13394],[28.06699,-26.13415],[28.06702,-26.13429],[28.06705,-26.1344]]}},{"type":"Feature","properties":{"id":"relation/3284350","name":"Rosebank - Melrose Arch (Gautrain RB2)","network":"Gautrain Bus"},"geometry":{"type":"LineString","coordinates":[[28.06705,-26.1344],[28.06711,-26.13475],[28.06714,-26.1349]]}},{"type":"Feature","properties":{"id":"relation/3284350","name":"Rosebank - Melrose Arch (Gautrain RB2)","network":"Gautrain Bus"},"geometry":{"type":"LineString","coordinates":[[28.06714,-26.1349],[28.06718,-26.13517]]}},{"type":"Feature","properties":{"id":"relation/3284350","name":"Rosebank - Melrose Arch (Gautrain RB2)","network":"Gautrain Bus"},"geometry":{"type":"LineString","coordinates":[[28.06718,-26.13517],[28.06719,-26.13522]]}},{"type":"Feature","properties":{"id":"relation/3284350","name":"Rosebank - Melrose Arch (Gautrain RB2)","network":"Gautrain Bus"},"geometry":{"type":"LineString","coordinates":[[28.06719,-26.13522],[28.0672,-26.13529]]}},{"type":"Feature","properties":{"id":"relation/3284350","name":"Rosebank - Melrose Arch (Gautrain RB2)","network":"Gautrain Bus"},"geometry":{"type":"LineString","coordinates":[[28.0672,-26.13529],[28.06722,-26.1355],[28.06725,-26.13578],[28.06726,-26.13615],[28.06724,-26.13676],[28.06724,-26.13684],[28.06723,-26.13714],[28.06721,-26.13739],[28.06717,-26.1377],[28.0671,-26.13821],[28.06709,-26.13836],[28.06709,-26.13846],[28.06709,-26.13858],[28.0671,-26.13867],[28.06711,-26.13876]]}},{"type":"Feature","properties":{"id":"relation/3284350","name":"Rosebank - Melrose Arch (Gautrain RB2)","network":"Gautrain Bus"},"geometry":{"type":"LineString","coordinates":[[28.06711,-26.13876],[28.06713,-26.13888]]}},{"type":"Feature","properties":{"id":"relation/3284350","name":"Rosebank - Melrose Arch (Gautrain RB2)","network":"Gautrain Bus"},"geometry":{"type":"LineString","coordinates":[[28.06713,-26.13888],[28.06716,-26.13899],[28.06721,-26.13913],[28.06728,-26.13929],[28.06733,-26.13937]]}},{"type":"Feature","properties":{"id":"relation/3284350","name":"Rosebank - Melrose Arch (Gautrain RB2)","network":"Gautrain Bus"},"geometry":{"type":"LineString","coordinates":[[28.06733,-26.13937],[28.06737,-26.13944]]}},{"type":"Feature","properties":{"id":"relation/3284350","name":"Rosebank - Melrose Arch (Gautrain RB2)","network":"Gautrain Bus"},"geometry":{"type":"LineString","coordinates":[[28.06737,-26.13944],[28.06741,-26.1395],[28.06742,-26.13952]]}},{"type":"Feature","properties":{"id":"relation/3284350","name":"Rosebank - Melrose Arch (Gautrain RB2)","network":"Gautrain Bus"},"geometry":{"type":"LineString","coordinates":[[28.06742,-26.13952],[28.06749,-26.13962],[28.06757,-26.1397],[28.06764,-26.13977]]}},{"type":"Feature","properties":{"id":"relation/3284350","name":"Rosebank - Melrose Arch (Gautrain RB2)","network":"Gautrain Bus"},"geometry":{"type":"LineString","coordinates":[[28.06764,-26.13977],[28.06768,-26.13979]]}},{"type":"Feature","properties":{"id":"relation/3284350","name":"Rosebank - Melrose Arch (Gautrain RB2)","network":"Gautrain Bus"},"geometry":{"type":"LineString","coordinates":[[28.06768,-26.13979],[28.06773,-26.13982]]}},{"type":"Feature","properties":{"id":"relation/3284350","name":"Rosebank - Melrose Arch (Gautrain RB2)","network":"Gautrain Bus"},"geometry":{"type":"LineString","coordinates":[[28.06773,-26.13982],[28.06769,-26.13988]]}},{"type":"Feature","properties":{"id":"relation/3284350","name":"Rosebank - Melrose Arch (Gautrain RB2)","network":"Gautrain Bus"},"geometry":{"type":"LineString","coordinates":[[28.06769,-26.13988],[28.06767,-26.13991],[28.06754,-26.1401]]}},{"type":"Feature","properties":{"id":"relation/3284350","name":"Rosebank - Melrose Arch (Gautrain RB2)","network":"Gautrain Bus"},"geometry":{"type":"LineString","coordinates":[[28.06754,-26.1401],[28.06736,-26.14037],[28.06708,-26.14075],[28.067,-26.14083]]}},{"type":"Feature","properties":{"id":"relation/3284350","name":"Rosebank - Melrose Arch (Gautrain RB2)","network":"Gautrain Bus"},"geometry":{"type":"LineString","coordinates":[[28.06045,-26.14678],[28.06035,-26.1468],[28.05988,-26.1468]]}},{"type":"Feature","properties":{"id":"relation/3284350","name":"Rosebank - Melrose Arch (Gautrain RB2)","network":"Gautrain Bus"},"geometry":{"type":"LineString","coordinates":[[28.05988,-26.1468],[28.05964,-26.14679],[28.05943,-26.14678],[28.05929,-26.14677],[28.05915,-26.14675]]}},{"type":"Feature","properties":{"id":"relation/3284350","name":"Rosebank - Melrose Arch (Gautrain RB2)","network":"Gautrain Bus"},"geometry":{"type":"LineString","coordinates":[[28.05915,-26.14675],[28.0588,-26.14671],[28.05873,-26.1467],[28.05862,-26.14668]]}},{"type":"Feature","properties":{"id":"relation/3284350","name":"Rosebank - Melrose Arch (Gautrain RB2)","network":"Gautrain Bus"},"geometry":{"type":"LineString","coordinates":[[28.05862,-26.14668],[28.05857,-26.14668],[28.05838,-26.14666]]}},{"type":"Feature","properties":{"id":"relation/3284350","name":"Rosebank - Melrose Arch (Gautrain RB2)","network":"Gautrain Bus"},"geometry":{"type":"LineString","coordinates":[[28.05838,-26.14666],[28.05789,-26.14658]]}},{"type":"Feature","properties":{"id":"relation/3284350","name":"Rosebank - Melrose Arch (Gautrain RB2)","network":"Gautrain Bus"},"geometry":{"type":"LineString","coordinates":[[28.05789,-26.14658],[28.0577,-26.14657],[28.05766,-26.14656],[28.05731,-26.14652],[28.05728,-26.14652]]}},{"type":"Feature","properties":{"id":"relation/3284350","name":"Rosebank - Melrose Arch (Gautrain RB2)","network":"Gautrain Bus"},"geometry":{"type":"LineString","coordinates":[[28.05728,-26.14652],[28.05702,-26.14648]]}},{"type":"Feature","properties":{"id":"relation/3284350","name":"Rosebank - Melrose Arch (Gautrain RB2)","network":"Gautrain Bus"},"geometry":{"type":"LineString","coordinates":[[28.05702,-26.14648],[28.05688,-26.14646],[28.05674,-26.14646],[28.05663,-26.14646],[28.0565,-26.14647],[28.05639,-26.14648]]}},{"type":"Feature","properties":{"id":"relation/3284350","name":"Rosebank - Melrose Arch (Gautrain RB2)","network":"Gautrain Bus"},"geometry":{"type":"LineString","coordinates":[[28.05248,-26.14746],[28.05244,-26.14749],[28.05194,-26.14762]]}},{"type":"Feature","properties":{"id":"relation/3284350","name":"Rosebank - Melrose Arch (Gautrain RB2)","network":"Gautrain Bus"},"geometry":{"type":"LineString","coordinates":[[28.05194,-26.14762],[28.0517,-26.14768]]}},{"type":"Feature","properties":{"id":"relation/3284350","name":"Rosebank - Melrose Arch (Gautrain RB2)","network":"Gautrain Bus"},"geometry":{"type":"LineString","coordinates":[[28.0517,-26.14768],[28.05138,-26.14775]]}},{"type":"Feature","properties":{"id":"relation/3284350","name":"Rosebank - Melrose Arch (Gautrain RB2)","network":"Gautrain Bus"},"geometry":{"type":"LineString","coordinates":[[28.05138,-26.14775],[28.05087,-26.14787],[28.05081,-26.14787]]}},{"type":"Feature","properties":{"id":"relation/3284350","name":"Rosebank - Melrose Arch (Gautrain RB2)","network":"Gautrain Bus"},"geometry":{"type":"LineString","coordinates":[[28.0457,-26.14912],[28.04563,-26.14916]]}},{"type":"Feature","properties":{"id":"relation/3284350","name":"Rosebank - Melrose Arch (Gautrain RB2)","network":"Gautrain Bus"},"geometry":{"type":"LineString","coordinates":[[28.04563,-26.14916],[28.04554,-26.1492],[28.04538,-26.14926]]}},{"type":"Feature","properties":{"id":"relation/3284350","name":"Rosebank - Melrose Arch (Gautrain RB2)","network":"Gautrain Bus"},"geometry":{"type":"LineString","coordinates":[[28.04538,-26.14926],[28.04513,-26.14933],[28.04489,-26.14937]]}},{"type":"Feature","properties":{"id":"relation/3284350","name":"Rosebank - Melrose Arch (Gautrain RB2)","network":"Gautrain Bus"},"geometry":{"type":"LineString","coordinates":[[28.04489,-26.14937],[28.04477,-26.14938]]}},{"type":"Feature","properties":{"id":"relation/3284350","name":"Rosebank - Melrose Arch (Gautrain RB2)","network":"Gautrain Bus"},"geometry":{"type":"LineString","coordinates":[[28.04477,-26.14938],[28.04473,-26.14926],[28.04466,-26.1489],[28.04463,-26.14872]]}},{"type":"Feature","properties":{"id":"relation/3284350","name":"Rosebank - Melrose Arch (Gautrain RB2)","network":"Gautrain Bus"},"geometry":{"type":"LineString","coordinates":[[28.04463,-26.14872],[28.04461,-26.14852]]}},{"type":"Feature","properties":{"id":"relation/3284350","name":"Rosebank - Melrose Arch (Gautrain RB2)","network":"Gautrain Bus"},"geometry":{"type":"LineString","coordinates":[[28.04461,-26.14852],[28.04459,-26.14829],[28.04457,-26.14808],[28.04455,-26.14791],[28.04451,-26.14772],[28.04447,-26.14754],[28.04447,-26.14752],[28.04443,-26.14738],[28.0444,-26.14727],[28.04439,-26.14722]]}},{"type":"Feature","properties":{"id":"relation/3284350","name":"Rosebank - Melrose Arch (Gautrain RB2)","network":"Gautrain Bus"},"geometry":{"type":"LineString","coordinates":[[28.04439,-26.14722],[28.04433,-26.14717],[28.04428,-26.14714],[28.04425,-26.14712],[28.04424,-26.14711],[28.04424,-26.14709],[28.04421,-26.14698],[28.0442,-26.14694],[28.04419,-26.14691],[28.04417,-26.14677],[28.04415,-26.1466]]}},{"type":"Feature","properties":{"id":"relation/3284815","name":"Rosebank - Killarney (Gautrain RB5)","network":"Gautrain Bus"},"geometry":{"type":"LineString","coordinates":[[28.04459,-26.14685],[28.04461,-26.14694],[28.04462,-26.147],[28.04462,-26.14704],[28.04461,-26.14707],[28.04459,-26.14718]]}},{"type":"Feature","properties":{"id":"relation/3284815","name":"Rosebank - Killarney (Gautrain RB5)","network":"Gautrain Bus"},"geometry":{"type":"LineString","coordinates":[[28.04459,-26.14718],[28.04459,-26.14724],[28.04461,-26.14734]]}},{"type":"Feature","properties":{"id":"relation/3284815","name":"Rosebank - Killarney (Gautrain RB5)","network":"Gautrain Bus"},"geometry":{"type":"LineString","coordinates":[[28.04461,-26.14734],[28.04463,-26.14749],[28.04471,-26.14792],[28.04476,-26.1485]]}},{"type":"Feature","properties":{"id":"relation/3284815","name":"Rosebank - Killarney (Gautrain RB5)","network":"Gautrain Bus"},"geometry":{"type":"LineString","coordinates":[[28.04476,-26.1485],[28.04476,-26.14857],[28.04481,-26.14885],[28.04481,-26.14886]]}},{"type":"Feature","properties":{"id":"relation/3284815","name":"Rosebank - Killarney (Gautrain RB5)","network":"Gautrain Bus"},"geometry":{"type":"LineString","coordinates":[[28.04481,-26.14886],[28.04487,-26.14926],[28.04489,-26.14937],[28.04494,-26.14966],[28.04498,-26.14987],[28.04505,-26.15017],[28.04515,-26.15065],[28.04518,-26.15078],[28.04529,-26.1513],[28.04534,-26.15155]]}},{"type":"Feature","properties":{"id":"relation/3284815","name":"Rosebank - Killarney (Gautrain RB5)","network":"Gautrain Bus"},"geometry":{"type":"LineString","coordinates":[[28.04534,-26.15155],[28.04536,-26.15166],[28.04552,-26.15244]]}},{"type":"Feature","properties":{"id":"relation/3284815","name":"Rosebank - Killarney (Gautrain RB5)","network":"Gautrain Bus"},"geometry":{"type":"LineString","coordinates":[[28.04552,-26.15244],[28.04554,-26.15254],[28.04563,-26.15297],[28.04569,-26.15324],[28.04573,-26.15341],[28.04576,-26.15352],[28.04585,-26.15391],[28.04597,-26.15445],[28.04603,-26.15476],[28.04613,-26.15522]]}},{"type":"Feature","properties":{"id":"relation/3284815","name":"Rosebank - Killarney (Gautrain RB5)","network":"Gautrain Bus"},"geometry":{"type":"LineString","coordinates":[[28.04613,-26.15522],[28.04622,-26.15558]]}},{"type":"Feature","properties":{"id":"relation/3284815","name":"Rosebank - Killarney (Gautrain RB5)","network":"Gautrain Bus"},"geometry":{"type":"LineString","coordinates":[[28.04622,-26.15558],[28.04633,-26.15621],[28.04649,-26.15697],[28.04665,-26.1577],[28.04678,-26.15833],[28.0471,-26.15987],[28.04716,-26.16018]]}},{"type":"Feature","properties":{"id":"relation/3284815","name":"Rosebank - Killarney (Gautrain RB5)","network":"Gautrain Bus"},"geometry":{"type":"LineString","coordinates":[[28.04716,-26.16018],[28.0472,-26.16036],[28.04721,-26.16041],[28.04728,-26.16073],[28.04734,-26.16103],[28.04741,-26.16135],[28.04744,-26.1615],[28.04752,-26.1619],[28.04761,-26.16232]]}},{"type":"Feature","properties":{"id":"relation/3284815","name":"Rosebank - Killarney (Gautrain RB5)","network":"Gautrain Bus"},"geometry":{"type":"LineString","coordinates":[[28.04761,-26.16232],[28.04764,-26.16248],[28.04774,-26.16295],[28.04784,-26.16343],[28.04791,-26.16379],[28.04796,-26.164],[28.04805,-26.16447]]}},{"type":"Feature","properties":{"id":"relation/3284815","name":"Rosebank - Killarney (Gautrain RB5)","network":"Gautrain Bus"},"geometry":{"type":"LineString","coordinates":[[28.04805,-26.16447],[28.04812,-26.1648],[28.04812,-26.16483],[28.04811,-26.16487]]}},{"type":"Feature","properties":{"id":"relation/3284815","name":"Rosebank - Killarney (Gautrain RB5)","network":"Gautrain Bus"},"geometry":{"type":"LineString","coordinates":[[28.04811,-26.16487],[28.0481,-26.16489],[28.04808,-26.16494],[28.04806,-26.165],[28.04802,-26.16505],[28.04799,-26.1651],[28.04796,-26.16514],[28.04778,-26.16532],[28.0475,-26.1656],[28.04703,-26.16608]]}},{"type":"Feature","properties":{"id":"relation/3284815","name":"Rosebank - Killarney (Gautrain RB5)","network":"Gautrain Bus"},"geometry":{"type":"LineString","coordinates":[[28.04783,-26.16744],[28.04775,-26.16704],[28.04772,-26.16695],[28.04768,-26.16688],[28.04765,-26.16681],[28.04761,-26.16675],[28.04755,-26.16664],[28.04748,-26.16654],[28.04742,-26.16646],[28.04737,-26.1664],[28.04726,-26.16629],[28.04703,-26.16608]]}},{"type":"Feature","properties":{"id":"relation/3284815","name":"Rosebank - Killarney (Gautrain RB5)","network":"Gautrain Bus"},"geometry":{"type":"LineString","coordinates":[[28.04816,-26.16892],[28.04811,-26.16864],[28.04808,-26.16852],[28.04804,-26.16835],[28.04783,-26.16744]]}},{"type":"Feature","properties":{"id":"relation/3284815","name":"Rosebank - Killarney (Gautrain RB5)","network":"Gautrain Bus"},"geometry":{"type":"LineString","coordinates":[[28.04826,-26.16938],[28.04816,-26.16892]]}},{"type":"Feature","properties":{"id":"relation/3284815","name":"Rosebank - Killarney (Gautrain RB5)","network":"Gautrain Bus"},"geometry":{"type":"LineString","coordinates":[[28.04833,-26.1697],[28.04826,-26.16938]]}},{"type":"Feature","properties":{"id":"relation/3284815","name":"Rosebank - Killarney (Gautrain RB5)","network":"Gautrain Bus"},"geometry":{"type":"LineString","coordinates":[[28.04891,-26.16972],[28.04833,-26.1697]]}},{"type":"Feature","properties":{"id":"relation/3284815","name":"Rosebank - Killarney (Gautrain RB5)","network":"Gautrain Bus"},"geometry":{"type":"LineString","coordinates":[[28.04891,-26.16972],[28.04894,-26.1697],[28.04907,-26.16969]]}},{"type":"Feature","properties":{"id":"relation/3284815","name":"Rosebank - Killarney (Gautrain RB5)","network":"Gautrain Bus"},"geometry":{"type":"LineString","coordinates":[[28.04907,-26.16969],[28.04908,-26.16966],[28.0491,-26.16965]]}},{"type":"Feature","properties":{"id":"relation/3284815","name":"Rosebank - Killarney (Gautrain RB5)","network":"Gautrain Bus"},"geometry":{"type":"LineString","coordinates":[[28.0491,-26.16965],[28.04913,-26.16947]]}},{"type":"Feature","properties":{"id":"relation/3284815","name":"Rosebank - Killarney (Gautrain RB5)","network":"Gautrain Bus"},"geometry":{"type":"LineString","coordinates":[[28.04913,-26.16947],[28.04918,-26.16904]]}},{"type":"Feature","properties":{"id":"relation/3284815","name":"Rosebank - Killarney (Gautrain RB5)","network":"Gautrain Bus"},"geometry":{"type":"LineString","coordinates":[[28.04918,-26.16904],[28.04927,-26.16837],[28.04935,-26.1677],[28.04943,-26.16703]]}},{"type":"Feature","properties":{"id":"relation/3284815","name":"Rosebank - Killarney (Gautrain RB5)","network":"Gautrain Bus"},"geometry":{"type":"LineString","coordinates":[[28.04943,-26.16703],[28.04949,-26.16704]]}},{"type":"Feature","properties":{"id":"relation/3284815","name":"Rosebank - Killarney (Gautrain RB5)","network":"Gautrain Bus"},"geometry":{"type":"LineString","coordinates":[[28.04949,-26.16704],[28.05156,-26.16726],[28.05216,-26.16732],[28.05273,-26.16738]]}},{"type":"Feature","properties":{"id":"relation/3284815","name":"Rosebank - Killarney (Gautrain RB5)","network":"Gautrain Bus"},"geometry":{"type":"LineString","coordinates":[[28.05305,-26.16529],[28.05304,-26.16534],[28.05302,-26.16547],[28.05302,-26.16549],[28.05299,-26.16569],[28.05295,-26.16602],[28.05293,-26.16624],[28.0529,-26.16649],[28.05288,-26.16669],[28.05279,-26.16732],[28.05277,-26.16736],[28.05273,-26.16738]]}},{"type":"Feature","properties":{"id":"relation/3284815","name":"Rosebank - Killarney (Gautrain RB5)","network":"Gautrain Bus"},"geometry":{"type":"LineString","coordinates":[[28.05305,-26.16529],[28.0535,-26.16532],[28.05403,-26.16538]]}},{"type":"Feature","properties":{"id":"relation/3284815","name":"Rosebank - Killarney (Gautrain RB5)","network":"Gautrain Bus"},"geometry":{"type":"LineString","coordinates":[[28.05403,-26.16538],[28.05455,-26.16543]]}},{"type":"Feature","properties":{"id":"relation/3284815","name":"Rosebank - Killarney (Gautrain RB5)","network":"Gautrain Bus"},"geometry":{"type":"LineString","coordinates":[[28.05455,-26.16543],[28.05483,-26.16545],[28.05502,-26.16547],[28.05523,-26.16549],[28.05539,-26.1655]]}},{"type":"Feature","properties":{"id":"relation/3284815","name":"Rosebank - Killarney (Gautrain RB5)","network":"Gautrain Bus"},"geometry":{"type":"LineString","coordinates":[[28.05539,-26.1655],[28.05545,-26.16551]]}},{"type":"Feature","properties":{"id":"relation/3284815","name":"Rosebank - Killarney (Gautrain RB5)","network":"Gautrain Bus"},"geometry":{"type":"LineString","coordinates":[[28.05545,-26.16551],[28.05574,-26.16554]]}},{"type":"Feature","properties":{"id":"relation/3284815","name":"Rosebank - Killarney (Gautrain RB5)","network":"Gautrain Bus"},"geometry":{"type":"LineString","coordinates":[[28.05574,-26.16554],[28.05595,-26.16557]]}},{"type":"Feature","properties":{"id":"relation/3284815","name":"Rosebank - Killarney (Gautrain RB5)","network":"Gautrain Bus"},"geometry":{"type":"LineString","coordinates":[[28.05595,-26.16557],[28.056,-26.16558],[28.05604,-26.16559]]}},{"type":"Feature","properties":{"id":"relation/3284815","name":"Rosebank - Killarney (Gautrain RB5)","network":"Gautrain Bus"},"geometry":{"type":"LineString","coordinates":[[28.05604,-26.16559],[28.05636,-26.16567]]}},{"type":"Feature","properties":{"id":"relation/3284815","name":"Rosebank - Killarney (Gautrain RB5)","network":"Gautrain Bus"},"geometry":{"type":"LineString","coordinates":[[28.05636,-26.16567],[28.05659,-26.16575],[28.05676,-26.16581],[28.05684,-26.16584],[28.05691,-26.16585]]}},{"type":"Feature","properties":{"id":"relation/3284815","name":"Rosebank - Killarney (Gautrain RB5)","network":"Gautrain Bus"},"geometry":{"type":"LineString","coordinates":[[28.05809,-26.16264],[28.05798,-26.16295],[28.05781,-26.1634],[28.05775,-26.16357],[28.05774,-26.16359],[28.05773,-26.16363],[28.05772,-26.16368],[28.05755,-26.16411],[28.05729,-26.16487],[28.05716,-26.1652],[28.05694,-26.16578],[28.05691,-26.16585]]}},{"type":"Feature","properties":{"id":"relation/3284815","name":"Rosebank - Killarney (Gautrain RB5)","network":"Gautrain Bus"},"geometry":{"type":"LineString","coordinates":[[28.05809,-26.16264],[28.05809,-26.16259],[28.05814,-26.16245],[28.05821,-26.16225],[28.05831,-26.16195]]}},{"type":"Feature","properties":{"id":"relation/3284815","name":"Rosebank - Killarney (Gautrain RB5)","network":"Gautrain Bus"},"geometry":{"type":"LineString","coordinates":[[28.05831,-26.16195],[28.05835,-26.16187],[28.05837,-26.16178],[28.05839,-26.16165],[28.05839,-26.1616],[28.0584,-26.16155],[28.05841,-26.16151]]}},{"type":"Feature","properties":{"id":"relation/3284815","name":"Rosebank - Killarney (Gautrain RB5)","network":"Gautrain Bus"},"geometry":{"type":"LineString","coordinates":[[28.05841,-26.16151],[28.05841,-26.16133],[28.05841,-26.16098],[28.05842,-26.1604],[28.05845,-26.15967],[28.05845,-26.15936],[28.05847,-26.15835],[28.05848,-26.15705],[28.05849,-26.15645],[28.05849,-26.15577]]}},{"type":"Feature","properties":{"id":"relation/3284815","name":"Rosebank - Killarney (Gautrain RB5)","network":"Gautrain Bus"},"geometry":{"type":"LineString","coordinates":[[28.05849,-26.15577],[28.05849,-26.15571],[28.05851,-26.15513],[28.05852,-26.15484]]}},{"type":"Feature","properties":{"id":"relation/3284815","name":"Rosebank - Killarney (Gautrain RB5)","network":"Gautrain Bus"},"geometry":{"type":"LineString","coordinates":[[28.05852,-26.15484],[28.05854,-26.15443],[28.05854,-26.1543],[28.05855,-26.15416],[28.05857,-26.15345],[28.05857,-26.1534],[28.05858,-26.15314],[28.05858,-26.15296],[28.05858,-26.1529],[28.05859,-26.15183],[28.05861,-26.15118],[28.05861,-26.15094],[28.05862,-26.15053],[28.05863,-26.15018],[28.05864,-26.15002],[28.05864,-26.14951],[28.05864,-26.1492],[28.05864,-26.14879]]}},{"type":"Feature","properties":{"id":"relation/3284815","name":"Rosebank - Killarney (Gautrain RB5)","network":"Gautrain Bus"},"geometry":{"type":"LineString","coordinates":[[28.05864,-26.14879],[28.0586,-26.14871],[28.05857,-26.14803],[28.05857,-26.14794],[28.05857,-26.14785],[28.05857,-26.14757],[28.05858,-26.14737]]}},{"type":"Feature","properties":{"id":"relation/3284815","name":"Rosebank - Killarney (Gautrain RB5)","network":"Gautrain Bus"},"geometry":{"type":"LineString","coordinates":[[28.05858,-26.14737],[28.0586,-26.14701],[28.05862,-26.14673],[28.05862,-26.14668]]}},{"type":"Feature","properties":{"id":"relation/3284815","name":"Rosebank - Killarney (Gautrain RB5)","network":"Gautrain Bus"},"geometry":{"type":"LineString","coordinates":[[28.05862,-26.14668],[28.05857,-26.14668],[28.05838,-26.14666]]}},{"type":"Feature","properties":{"id":"relation/3284815","name":"Rosebank - Killarney (Gautrain RB5)","network":"Gautrain Bus"},"geometry":{"type":"LineString","coordinates":[[28.05838,-26.14666],[28.05789,-26.14658]]}},{"type":"Feature","properties":{"id":"relation/3284815","name":"Rosebank - Killarney (Gautrain RB5)","network":"Gautrain Bus"},"geometry":{"type":"LineString","coordinates":[[28.05789,-26.14658],[28.0577,-26.14657],[28.05766,-26.14656],[28.05731,-26.14652],[28.05728,-26.14652]]}},{"type":"Feature","properties":{"id":"relation/3284815","name":"Rosebank - Killarney (Gautrain RB5)","network":"Gautrain Bus"},"geometry":{"type":"LineString","coordinates":[[28.05728,-26.14652],[28.05702,-26.14648]]}},{"type":"Feature","properties":{"id":"relation/3284815","name":"Rosebank - Killarney (Gautrain RB5)","network":"Gautrain Bus"},"geometry":{"type":"LineString","coordinates":[[28.05702,-26.14648],[28.05688,-26.14646],[28.05674,-26.14646],[28.05663,-26.14646],[28.0565,-26.14647],[28.05639,-26.14648]]}},{"type":"Feature","properties":{"id":"relation/3284815","name":"Rosebank - Killarney (Gautrain RB5)","network":"Gautrain Bus"},"geometry":{"type":"LineString","coordinates":[[28.05566,-26.14664],[28.05577,-26.14661],[28.05591,-26.14658],[28.05639,-26.14648]]}},{"type":"Feature","properties":{"id":"relation/3284815","name":"Rosebank - Killarney (Gautrain RB5)","network":"Gautrain Bus"},"geometry":{"type":"LineString","coordinates":[[28.05514,-26.14678],[28.05533,-26.14673],[28.05556,-26.14667],[28.05566,-26.14664]]}},{"type":"Feature","properties":{"id":"relation/3284815","name":"Rosebank - Killarney (Gautrain RB5)","network":"Gautrain Bus"},"geometry":{"type":"LineString","coordinates":[[28.05429,-26.147],[28.05484,-26.14686],[28.05514,-26.14678]]}},{"type":"Feature","properties":{"id":"relation/3284815","name":"Rosebank - Killarney (Gautrain RB5)","network":"Gautrain Bus"},"geometry":{"type":"LineString","coordinates":[[28.05373,-26.14714],[28.05429,-26.147]]}},{"type":"Feature","properties":{"id":"relation/3284815","name":"Rosebank - Killarney (Gautrain RB5)","network":"Gautrain Bus"},"geometry":{"type":"LineString","coordinates":[[28.05325,-26.14726],[28.05373,-26.14714]]}},{"type":"Feature","properties":{"id":"relation/3284815","name":"Rosebank - Killarney (Gautrain RB5)","network":"Gautrain Bus"},"geometry":{"type":"LineString","coordinates":[[28.05248,-26.14746],[28.05277,-26.14738],[28.05285,-26.14736],[28.05325,-26.14726]]}},{"type":"Feature","properties":{"id":"relation/3284815","name":"Rosebank - Killarney (Gautrain RB5)","network":"Gautrain Bus"},"geometry":{"type":"LineString","coordinates":[[28.05248,-26.14746],[28.05244,-26.14749],[28.05194,-26.14762]]}},{"type":"Feature","properties":{"id":"relation/3284815","name":"Rosebank - Killarney (Gautrain RB5)","network":"Gautrain Bus"},"geometry":{"type":"LineString","coordinates":[[28.05194,-26.14762],[28.0517,-26.14768]]}},{"type":"Feature","properties":{"id":"relation/3284815","name":"Rosebank - Killarney (Gautrain RB5)","network":"Gautrain Bus"},"geometry":{"type":"LineString","coordinates":[[28.0517,-26.14768],[28.05138,-26.14775]]}},{"type":"Feature","properties":{"id":"relation/3284815","name":"Rosebank - Killarney (Gautrain RB5)","network":"Gautrain Bus"},"geometry":{"type":"LineString","coordinates":[[28.05138,-26.14775],[28.05087,-26.14787],[28.05081,-26.14787]]}},{"type":"Feature","properties":{"id":"relation/3284815","name":"Rosebank - Killarney (Gautrain RB5)","network":"Gautrain Bus"},"geometry":{"type":"LineString","coordinates":[[28.05001,-26.14807],[28.05081,-26.14787]]}},{"type":"Feature","properties":{"id":"relation/3284815","name":"Rosebank - Killarney (Gautrain RB5)","network":"Gautrain Bus"},"geometry":{"type":"LineString","coordinates":[[28.04965,-26.14815],[28.05001,-26.14807]]}},{"type":"Feature","properties":{"id":"relation/3284815","name":"Rosebank - Killarney (Gautrain RB5)","network":"Gautrain Bus"},"geometry":{"type":"LineString","coordinates":[[28.04921,-26.14827],[28.04965,-26.14815]]}},{"type":"Feature","properties":{"id":"relation/3284815","name":"Rosebank - Killarney (Gautrain RB5)","network":"Gautrain Bus"},"geometry":{"type":"LineString","coordinates":[[28.04679,-26.14886],[28.04759,-26.14866],[28.04921,-26.14827]]}},{"type":"Feature","properties":{"id":"relation/3284815","name":"Rosebank - Killarney (Gautrain RB5)","network":"Gautrain Bus"},"geometry":{"type":"LineString","coordinates":[[28.0463,-26.14898],[28.04679,-26.14886]]}},{"type":"Feature","properties":{"id":"relation/3284815","name":"Rosebank - Killarney (Gautrain RB5)","network":"Gautrain Bus"},"geometry":{"type":"LineString","coordinates":[[28.0457,-26.14912],[28.04589,-26.14907],[28.0463,-26.14898]]}},{"type":"Feature","properties":{"id":"relation/3284815","name":"Rosebank - Killarney (Gautrain RB5)","network":"Gautrain Bus"},"geometry":{"type":"LineString","coordinates":[[28.0457,-26.14912],[28.04563,-26.14916]]}},{"type":"Feature","properties":{"id":"relation/3284815","name":"Rosebank - Killarney (Gautrain RB5)","network":"Gautrain Bus"},"geometry":{"type":"LineString","coordinates":[[28.04563,-26.14916],[28.04554,-26.1492],[28.04538,-26.14926]]}},{"type":"Feature","properties":{"id":"relation/3284815","name":"Rosebank - Killarney (Gautrain RB5)","network":"Gautrain Bus"},"geometry":{"type":"LineString","coordinates":[[28.04538,-26.14926],[28.04513,-26.14933],[28.04489,-26.14937]]}},{"type":"Feature","properties":{"id":"relation/3284815","name":"Rosebank - Killarney (Gautrain RB5)","network":"Gautrain Bus"},"geometry":{"type":"LineString","coordinates":[[28.04489,-26.14937],[28.04477,-26.14938]]}},{"type":"Feature","properties":{"id":"relation/3284815","name":"Rosebank - Killarney (Gautrain RB5)","network":"Gautrain Bus"},"geometry":{"type":"LineString","coordinates":[[28.04477,-26.14938],[28.04473,-26.14926],[28.04466,-26.1489],[28.04463,-26.14872]]}},{"type":"Feature","properties":{"id":"relation/3284815","name":"Rosebank - Killarney (Gautrain RB5)","network":"Gautrain Bus"},"geometry":{"type":"LineString","coordinates":[[28.04463,-26.14872],[28.04461,-26.14852]]}},{"type":"Feature","properties":{"id":"relation/3284815","name":"Rosebank - Killarney (Gautrain RB5)","network":"Gautrain Bus"},"geometry":{"type":"LineString","coordinates":[[28.04461,-26.14852],[28.04459,-26.14829],[28.04457,-26.14808],[28.04455,-26.14791],[28.04451,-26.14772],[28.04447,-26.14754],[28.04447,-26.14752],[28.04443,-26.14738],[28.0444,-26.14727],[28.04439,-26.14722]]}},{"type":"Feature","properties":{"id":"relation/3284815","name":"Rosebank - Killarney (Gautrain RB5)","network":"Gautrain Bus"},"geometry":{"type":"LineString","coordinates":[[28.04439,-26.14722],[28.04433,-26.14717],[28.04428,-26.14714],[28.04425,-26.14712],[28.04424,-26.14711],[28.04424,-26.14709],[28.04421,-26.14698],[28.0442,-26.14694],[28.04419,-26.14691],[28.04417,-26.14677],[28.04415,-26.1466]]}},{"type":"Feature","properties":{"id":"relation/3293441","name":"Sandton - Randburg (Gautrain S4)","network":"Gautrain Bus"},"geometry":{"type":"LineString","coordinates":[[27.98424,-26.09785],[27.98425,-26.09778],[27.98427,-26.09743],[27.98429,-26.0974],[27.98431,-26.0974],[27.98438,-26.09738],[27.98457,-26.09738],[27.98483,-26.09738],[27.9849,-26.09736],[27.98493,-26.09732],[27.98493,-26.0969],[27.98493,-26.09683],[27.98493,-26.09663]]}},{"type":"Feature","properties":{"id":"relation/3293441","name":"Sandton - Randburg (Gautrain S4)","network":"Gautrain Bus"},"geometry":{"type":"LineString","coordinates":[[27.98424,-26.09785],[27.98594,-26.09812]]}},{"type":"Feature","properties":{"id":"relation/3293441","name":"Sandton - Randburg (Gautrain S4)","network":"Gautrain Bus"},"geometry":{"type":"LineString","coordinates":[[27.98594,-26.09812],[27.9863,-26.09817],[27.98645,-26.09819],[27.98655,-26.0982]]}},{"type":"Feature","properties":{"id":"relation/3293441","name":"Sandton - Randburg (Gautrain S4)","network":"Gautrain Bus"},"geometry":{"type":"LineString","coordinates":[[27.98655,-26.0982],[27.98663,-26.0982]]}},{"type":"Feature","properties":{"id":"relation/3293441","name":"Sandton - Randburg (Gautrain S4)","network":"Gautrain Bus"},"geometry":{"type":"LineString","coordinates":[[27.98663,-26.0982],[27.98679,-26.0982]]}},{"type":"Feature","properties":{"id":"relation/3293441","name":"Sandton - Randburg (Gautrain S4)","network":"Gautrain Bus"},"geometry":{"type":"LineString","coordinates":[[27.98679,-26.0982],[27.98686,-26.0982]]}},{"type":"Feature","properties":{"id":"relation/3293441","name":"Sandton - Randburg (Gautrain S4)","network":"Gautrain Bus"},"geometry":{"type":"LineString","coordinates":[[27.98686,-26.0982],[27.98711,-26.0982],[27.98726,-26.0982]]}},{"type":"Feature","properties":{"id":"relation/3293441","name":"Sandton - Randburg (Gautrain S4)","network":"Gautrain Bus"},"geometry":{"type":"LineString","coordinates":[[27.98726,-26.0982],[27.98761,-26.0982],[27.98794,-26.0982]]}},{"type":"Feature","properties":{"id":"relation/3293441","name":"Sandton - Randburg (Gautrain S4)","network":"Gautrain Bus"},"geometry":{"type":"LineString","coordinates":[[27.98794,-26.0982],[27.98843,-26.0982],[27.98867,-26.09821]]}},{"type":"Feature","properties":{"id":"relation/3293441","name":"Sandton - Randburg (Gautrain S4)","network":"Gautrain Bus"},"geometry":{"type":"LineString","coordinates":[[27.98867,-26.09821],[27.98888,-26.0982],[27.98916,-26.0982]]}},{"type":"Feature","properties":{"id":"relation/3293441","name":"Sandton - Randburg (Gautrain S4)","network":"Gautrain Bus"},"geometry":{"type":"LineString","coordinates":[[27.98916,-26.0982],[27.98941,-26.09821],[27.9897,-26.09823],[27.99004,-26.09827],[27.9904,-26.09832],[27.99048,-26.09833]]}},{"type":"Feature","properties":{"id":"relation/3293441","name":"Sandton - Randburg (Gautrain S4)","network":"Gautrain Bus"},"geometry":{"type":"LineString","coordinates":[[27.99048,-26.09833],[27.99058,-26.09834]]}},{"type":"Feature","properties":{"id":"relation/3293441","name":"Sandton - Randburg (Gautrain S4)","network":"Gautrain Bus"},"geometry":{"type":"LineString","coordinates":[[27.99058,-26.09834],[27.99064,-26.09835],[27.99118,-26.09844],[27.99189,-26.09855],[27.99259,-26.09867],[27.99301,-26.09873]]}},{"type":"Feature","properties":{"id":"relation/3293441","name":"Sandton - Randburg (Gautrain S4)","network":"Gautrain Bus"},"geometry":{"type":"LineString","coordinates":[[27.99301,-26.09873],[27.99347,-26.09881],[27.99355,-26.09882],[27.99363,-26.09883]]}},{"type":"Feature","properties":{"id":"relation/3293441","name":"Sandton - Randburg (Gautrain S4)","network":"Gautrain Bus"},"geometry":{"type":"LineString","coordinates":[[27.99363,-26.09883],[27.99368,-26.09885],[27.99379,-26.0989]]}},{"type":"Feature","properties":{"id":"relation/3293441","name":"Sandton - Randburg (Gautrain S4)","network":"Gautrain Bus"},"geometry":{"type":"LineString","coordinates":[[27.99379,-26.0989],[27.99461,-26.09902]]}},{"type":"Feature","properties":{"id":"relation/3293441","name":"Sandton - Randburg (Gautrain S4)","network":"Gautrain Bus"},"geometry":{"type":"LineString","coordinates":[[27.99461,-26.09902],[27.99535,-26.09913],[27.99547,-26.09915]]}},{"type":"Feature","properties":{"id":"relation/3293441","name":"Sandton - Randburg (Gautrain S4)","network":"Gautrain Bus"},"geometry":{"type":"LineString","coordinates":[[27.99547,-26.09915],[27.99554,-26.09916],[27.9963,-26.09929]]}},{"type":"Feature","properties":{"id":"relation/3293441","name":"Sandton - Randburg (Gautrain S4)","network":"Gautrain Bus"},"geometry":{"type":"LineString","coordinates":[[27.9963,-26.09929],[27.99676,-26.09937],[27.99731,-26.09946]]}},{"type":"Feature","properties":{"id":"relation/3293441","name":"Sandton - Randburg (Gautrain S4)","network":"Gautrain Bus"},"geometry":{"type":"LineString","coordinates":[[27.99731,-26.09946],[27.99747,-26.09948],[27.998,-26.09956],[27.99847,-26.09963]]}},{"type":"Feature","properties":{"id":"relation/3293441","name":"Sandton - Randburg (Gautrain S4)","network":"Gautrain Bus"},"geometry":{"type":"LineString","coordinates":[[27.99847,-26.09963],[27.99904,-26.09972],[27.99912,-26.09973]]}},{"type":"Feature","properties":{"id":"relation/3293441","name":"Sandton - Randburg (Gautrain S4)","network":"Gautrain Bus"},"geometry":{"type":"LineString","coordinates":[[27.99912,-26.09973],[27.99922,-26.09975],[28.00034,-26.09992]]}},{"type":"Feature","properties":{"id":"relation/3293441","name":"Sandton - Randburg (Gautrain S4)","network":"Gautrain Bus"},"geometry":{"type":"LineString","coordinates":[[28.00034,-26.09992],[28.00087,-26.1]]}},{"type":"Feature","properties":{"id":"relation/3293441","name":"Sandton - Randburg (Gautrain S4)","network":"Gautrain Bus"},"geometry":{"type":"LineString","coordinates":[[28.00087,-26.1],[28.00097,-26.09998],[28.00107,-26.1],[28.0015,-26.10007]]}},{"type":"Feature","properties":{"id":"relation/3293441","name":"Sandton - Randburg (Gautrain S4)","network":"Gautrain Bus"},"geometry":{"type":"LineString","coordinates":[[28.0015,-26.10007],[28.00157,-26.10008],[28.00195,-26.10013]]}},{"type":"Feature","properties":{"id":"relation/3293441","name":"Sandton - Randburg (Gautrain S4)","network":"Gautrain Bus"},"geometry":{"type":"LineString","coordinates":[[28.00195,-26.10013],[28.00242,-26.10021]]}},{"type":"Feature","properties":{"id":"relation/3293441","name":"Sandton - Randburg (Gautrain S4)","network":"Gautrain Bus"},"geometry":{"type":"LineString","coordinates":[[28.00242,-26.10021],[28.00268,-26.10023],[28.00275,-26.10023]]}},{"type":"Feature","properties":{"id":"relation/3293441","name":"Sandton - Randburg (Gautrain S4)","network":"Gautrain Bus"},"geometry":{"type":"LineString","coordinates":[[28.00275,-26.10023],[28.00288,-26.10025]]}},{"type":"Feature","properties":{"id":"relation/3293441","name":"Sandton - Randburg (Gautrain S4)","network":"Gautrain Bus"},"geometry":{"type":"LineString","coordinates":[[28.00288,-26.10025],[28.00293,-26.10026],[28.00326,-26.10032],[28.0039,-26.10047],[28.00425,-26.10053],[28.00483,-26.10062],[28.00492,-26.10063],[28.005,-26.10065]]}},{"type":"Feature","properties":{"id":"relation/3293441","name":"Sandton - Randburg (Gautrain S4)","network":"Gautrain Bus"},"geometry":{"type":"LineString","coordinates":[[28.005,-26.10065],[28.00516,-26.10062],[28.00575,-26.10051],[28.00678,-26.1003],[28.00781,-26.10009],[28.00857,-26.09992],[28.00881,-26.09987],[28.00903,-26.0998],[28.00925,-26.09969],[28.00953,-26.09954]]}},{"type":"Feature","properties":{"id":"relation/3293441","name":"Sandton - Randburg (Gautrain S4)","network":"Gautrain Bus"},"geometry":{"type":"LineString","coordinates":[[28.00953,-26.09954],[28.0096,-26.09946],[28.00964,-26.09942],[28.00998,-26.09925]]}},{"type":"Feature","properties":{"id":"relation/3293441","name":"Sandton - Randburg (Gautrain S4)","network":"Gautrain Bus"},"geometry":{"type":"LineString","coordinates":[[28.00998,-26.09925],[28.01032,-26.09908]]}},{"type":"Feature","properties":{"id":"relation/3293441","name":"Sandton - Randburg (Gautrain S4)","network":"Gautrain Bus"},"geometry":{"type":"LineString","coordinates":[[28.01032,-26.09908],[28.01044,-26.09903],[28.01051,-26.099]]}},{"type":"Feature","properties":{"id":"relation/3293441","name":"Sandton - Randburg (Gautrain S4)","network":"Gautrain Bus"},"geometry":{"type":"LineString","coordinates":[[28.01051,-26.099],[28.01064,-26.09895]]}},{"type":"Feature","properties":{"id":"relation/3293441","name":"Sandton - Randburg (Gautrain S4)","network":"Gautrain Bus"},"geometry":{"type":"LineString","coordinates":[[28.01064,-26.09895],[28.01071,-26.09893],[28.01091,-26.09888],[28.01114,-26.09883],[28.01136,-26.09876],[28.01176,-26.09856],[28.01291,-26.09791]]}},{"type":"Feature","properties":{"id":"relation/3293441","name":"Sandton - Randburg (Gautrain S4)","network":"Gautrain Bus"},"geometry":{"type":"LineString","coordinates":[[28.01291,-26.09791],[28.01318,-26.09776],[28.01319,-26.09776],[28.01326,-26.09772]]}},{"type":"Feature","properties":{"id":"relation/3293441","name":"Sandton - Randburg (Gautrain S4)","network":"Gautrain Bus"},"geometry":{"type":"LineString","coordinates":[[28.01326,-26.09772],[28.01331,-26.0977],[28.01354,-26.09757]]}},{"type":"Feature","properties":{"id":"relation/3293441","name":"Sandton - Randburg (Gautrain S4)","network":"Gautrain Bus"},"geometry":{"type":"LineString","coordinates":[[28.01354,-26.09757],[28.0136,-26.09754],[28.01378,-26.09745],[28.01429,-26.09717]]}},{"type":"Feature","properties":{"id":"relation/3293441","name":"Sandton - Randburg (Gautrain S4)","network":"Gautrain Bus"},"geometry":{"type":"LineString","coordinates":[[28.01429,-26.09717],[28.01479,-26.09687]]}},{"type":"Feature","properties":{"id":"relation/3293441","name":"Sandton - Randburg (Gautrain S4)","network":"Gautrain Bus"},"geometry":{"type":"LineString","coordinates":[[28.01479,-26.09687],[28.01528,-26.09658],[28.0159,-26.09619]]}},{"type":"Feature","properties":{"id":"relation/3293441","name":"Sandton - Randburg (Gautrain S4)","network":"Gautrain Bus"},"geometry":{"type":"LineString","coordinates":[[28.0159,-26.09619],[28.0162,-26.09599],[28.01695,-26.09549],[28.01752,-26.09506],[28.01812,-26.09456],[28.01871,-26.09411],[28.01906,-26.09385]]}},{"type":"Feature","properties":{"id":"relation/3293441","name":"Sandton - Randburg (Gautrain S4)","network":"Gautrain Bus"},"geometry":{"type":"LineString","coordinates":[[28.01906,-26.09385],[28.01949,-26.09354]]}},{"type":"Feature","properties":{"id":"relation/3293441","name":"Sandton - Randburg (Gautrain S4)","network":"Gautrain Bus"},"geometry":{"type":"LineString","coordinates":[[28.01949,-26.09354],[28.02002,-26.0932],[28.02041,-26.09295],[28.02062,-26.09281],[28.0212,-26.09245],[28.0214,-26.09233],[28.0219,-26.09202],[28.02229,-26.09177]]}},{"type":"Feature","properties":{"id":"relation/3293441","name":"Sandton - Randburg (Gautrain S4)","network":"Gautrain Bus"},"geometry":{"type":"LineString","coordinates":[[28.02229,-26.09177],[28.02271,-26.09152],[28.02327,-26.09116]]}},{"type":"Feature","properties":{"id":"relation/3293441","name":"Sandton - Randburg (Gautrain S4)","network":"Gautrain Bus"},"geometry":{"type":"LineString","coordinates":[[28.02327,-26.09116],[28.02369,-26.09091],[28.02379,-26.09085]]}},{"type":"Feature","properties":{"id":"relation/3293441","name":"Sandton - Randburg (Gautrain S4)","network":"Gautrain Bus"},"geometry":{"type":"LineString","coordinates":[[28.02379,-26.09085],[28.02388,-26.09079],[28.02476,-26.09026]]}},{"type":"Feature","properties":{"id":"relation/3293441","name":"Sandton - Randburg (Gautrain S4)","network":"Gautrain Bus"},"geometry":{"type":"LineString","coordinates":[[28.02476,-26.09026],[28.02546,-26.0898],[28.02556,-26.08973]]}},{"type":"Feature","properties":{"id":"relation/3293441","name":"Sandton - Randburg (Gautrain S4)","network":"Gautrain Bus"},"geometry":{"type":"LineString","coordinates":[[28.02556,-26.08973],[28.02571,-26.08963]]}},{"type":"Feature","properties":{"id":"relation/3293441","name":"Sandton - Randburg (Gautrain S4)","network":"Gautrain Bus"},"geometry":{"type":"LineString","coordinates":[[28.02571,-26.08963],[28.02579,-26.08975]]}},{"type":"Feature","properties":{"id":"relation/3293441","name":"Sandton - Randburg (Gautrain S4)","network":"Gautrain Bus"},"geometry":{"type":"LineString","coordinates":[[28.02579,-26.08975],[28.02606,-26.09009]]}},{"type":"Feature","properties":{"id":"relation/3293441","name":"Sandton - Randburg (Gautrain S4)","network":"Gautrain Bus"},"geometry":{"type":"LineString","coordinates":[[28.02606,-26.09009],[28.02636,-26.09042],[28.02675,-26.09081],[28.02684,-26.0909],[28.02713,-26.09116],[28.02742,-26.09141]]}},{"type":"Feature","properties":{"id":"relation/3293441","name":"Sandton - Randburg (Gautrain S4)","network":"Gautrain Bus"},"geometry":{"type":"LineString","coordinates":[[28.02742,-26.09141],[28.02757,-26.09153],[28.02773,-26.09167]]}},{"type":"Feature","properties":{"id":"relation/3293441","name":"Sandton - Randburg (Gautrain S4)","network":"Gautrain Bus"},"geometry":{"type":"LineString","coordinates":[[28.02773,-26.09167],[28.02884,-26.09257],[28.02909,-26.09276],[28.02912,-26.09278]]}},{"type":"Feature","properties":{"id":"relation/3293441","name":"Sandton - Randburg (Gautrain S4)","network":"Gautrain Bus"},"geometry":{"type":"LineString","coordinates":[[28.02912,-26.09278],[28.02919,-26.09284],[28.02926,-26.09289],[28.02932,-26.09294]]}},{"type":"Feature","properties":{"id":"relation/3293441","name":"Sandton - Randburg (Gautrain S4)","network":"Gautrain Bus"},"geometry":{"type":"LineString","coordinates":[[28.02932,-26.09294],[28.02974,-26.09332],[28.03001,-26.0936],[28.0302,-26.0938],[28.03028,-26.09388],[28.03051,-26.09414],[28.03073,-26.09441],[28.03093,-26.09468],[28.03116,-26.09502],[28.03122,-26.09511],[28.03128,-26.09521],[28.03136,-26.09533],[28.03152,-26.09563],[28.03168,-26.09594],[28.03178,-26.09615],[28.03188,-26.0964],[28.03201,-26.09673],[28.03206,-26.09688],[28.03213,-26.09709],[28.03223,-26.09748],[28.03227,-26.09769],[28.03236,-26.09812],[28.03241,-26.0984],[28.03247,-26.09898]]}},{"type":"Feature","properties":{"id":"relation/3293441","name":"Sandton - Randburg (Gautrain S4)","network":"Gautrain Bus"},"geometry":{"type":"LineString","coordinates":[[28.03247,-26.09898],[28.03257,-26.09921],[28.03265,-26.09938],[28.03274,-26.09951],[28.03287,-26.09967],[28.03301,-26.09979],[28.0332,-26.09989],[28.03332,-26.09992],[28.03348,-26.09997],[28.034,-26.1001]]}},{"type":"Feature","properties":{"id":"relation/3293441","name":"Sandton - Randburg (Gautrain S4)","network":"Gautrain Bus"},"geometry":{"type":"LineString","coordinates":[[28.034,-26.1001],[28.03437,-26.10014],[28.03466,-26.10019],[28.03514,-26.10025],[28.03575,-26.10034],[28.03609,-26.10037],[28.0364,-26.10041]]}},{"type":"Feature","properties":{"id":"relation/3293441","name":"Sandton - Randburg (Gautrain S4)","network":"Gautrain Bus"},"geometry":{"type":"LineString","coordinates":[[28.0364,-26.10041],[28.0368,-26.10045],[28.03693,-26.10047]]}},{"type":"Feature","properties":{"id":"relation/3293441","name":"Sandton - Randburg (Gautrain S4)","network":"Gautrain Bus"},"geometry":{"type":"LineString","coordinates":[[28.03693,-26.10047],[28.03704,-26.10049],[28.03711,-26.1005]]}},{"type":"Feature","properties":{"id":"relation/3293441","name":"Sandton - Randburg (Gautrain S4)","network":"Gautrain Bus"},"geometry":{"type":"LineString","coordinates":[[28.03711,-26.1005],[28.03735,-26.10055]]}},{"type":"Feature","properties":{"id":"relation/3293441","name":"Sandton - Randburg (Gautrain S4)","network":"Gautrain Bus"},"geometry":{"type":"LineString","coordinates":[[28.03735,-26.10055],[28.03747,-26.10059],[28.03759,-26.10063],[28.03773,-26.10068],[28.03788,-26.10073],[28.03807,-26.10083],[28.03833,-26.10097],[28.04052,-26.10215]]}},{"type":"Feature","properties":{"id":"relation/3293441","name":"Sandton - Randburg (Gautrain S4)","network":"Gautrain Bus"},"geometry":{"type":"LineString","coordinates":[[28.04052,-26.10215],[28.04508,-26.10464],[28.04551,-26.10486],[28.0461,-26.1052]]}},{"type":"Feature","properties":{"id":"relation/3293441","name":"Sandton - Randburg (Gautrain S4)","network":"Gautrain Bus"},"geometry":{"type":"LineString","coordinates":[[28.0461,-26.1052],[28.04619,-26.10525]]}},{"type":"Feature","properties":{"id":"relation/3293441","name":"Sandton - Randburg (Gautrain S4)","network":"Gautrain Bus"},"geometry":{"type":"LineString","coordinates":[[28.04619,-26.10525],[28.04629,-26.10532]]}},{"type":"Feature","properties":{"id":"relation/3293441","name":"Sandton - Randburg (Gautrain S4)","network":"Gautrain Bus"},"geometry":{"type":"LineString","coordinates":[[28.04629,-26.10532],[28.04634,-26.10536]]}},{"type":"Feature","properties":{"id":"relation/3293441","name":"Sandton - Randburg (Gautrain S4)","network":"Gautrain Bus"},"geometry":{"type":"LineString","coordinates":[[28.04634,-26.10536],[28.04656,-26.10555]]}},{"type":"Feature","properties":{"id":"relation/3293441","name":"Sandton - Randburg (Gautrain S4)","network":"Gautrain Bus"},"geometry":{"type":"LineString","coordinates":[[28.04656,-26.10555],[28.04671,-26.10571],[28.04682,-26.10583],[28.0469,-26.10594],[28.04698,-26.10606],[28.04705,-26.1062],[28.04713,-26.10635],[28.04719,-26.1065],[28.04724,-26.10666],[28.04728,-26.10683],[28.04731,-26.10699],[28.04734,-26.10718],[28.04737,-26.10735],[28.04742,-26.10754],[28.0475,-26.10772],[28.04758,-26.10789],[28.04769,-26.10807],[28.04782,-26.10824],[28.04795,-26.10839],[28.0481,-26.10853],[28.04826,-26.10864],[28.04861,-26.10885]]}},{"type":"Feature","properties":{"id":"relation/3293441","name":"Sandton - Randburg (Gautrain S4)","network":"Gautrain Bus"},"geometry":{"type":"LineString","coordinates":[[28.04861,-26.10885],[28.04887,-26.10896],[28.04907,-26.10903],[28.04918,-26.10906],[28.04928,-26.10907],[28.04929,-26.10907],[28.04936,-26.10906],[28.04943,-26.10904],[28.04954,-26.109]]}},{"type":"Feature","properties":{"id":"relation/3293441","name":"Sandton - Randburg (Gautrain S4)","network":"Gautrain Bus"},"geometry":{"type":"LineString","coordinates":[[28.04954,-26.109],[28.05018,-26.10835],[28.05047,-26.10806],[28.05095,-26.10758],[28.05134,-26.10719],[28.05163,-26.10689],[28.05171,-26.1068]]}},{"type":"Feature","properties":{"id":"relation/3293441","name":"Sandton - Randburg (Gautrain S4)","network":"Gautrain Bus"},"geometry":{"type":"LineString","coordinates":[[28.05171,-26.1068],[28.05186,-26.10686]]}},{"type":"Feature","properties":{"id":"relation/3293441","name":"Sandton - Randburg (Gautrain S4)","network":"Gautrain Bus"},"geometry":{"type":"LineString","coordinates":[[28.05186,-26.10686],[28.05238,-26.10713],[28.05284,-26.10734],[28.05293,-26.10738]]}},{"type":"Feature","properties":{"id":"relation/3293441","name":"Sandton - Randburg (Gautrain S4)","network":"Gautrain Bus"},"geometry":{"type":"LineString","coordinates":[[28.05293,-26.10738],[28.05383,-26.10788]]}},{"type":"Feature","properties":{"id":"relation/3293441","name":"Sandton - Randburg (Gautrain S4)","network":"Gautrain Bus"},"geometry":{"type":"LineString","coordinates":[[28.05383,-26.10788],[28.05399,-26.10796],[28.05414,-26.10804]]}},{"type":"Feature","properties":{"id":"relation/3293441","name":"Sandton - Randburg (Gautrain S4)","network":"Gautrain Bus"},"geometry":{"type":"LineString","coordinates":[[28.05414,-26.10804],[28.05459,-26.10822]]}},{"type":"Feature","properties":{"id":"relation/3293441","name":"Sandton - Randburg (Gautrain S4)","network":"Gautrain Bus"},"geometry":{"type":"LineString","coordinates":[[28.05459,-26.10822],[28.05487,-26.10837],[28.05511,-26.10851],[28.05542,-26.10868]]}},{"type":"Feature","properties":{"id":"relation/3293441","name":"Sandton - Randburg (Gautrain S4)","network":"Gautrain Bus"},"geometry":{"type":"LineString","coordinates":[[28.05542,-26.10868],[28.05561,-26.10879]]}},{"type":"Feature","properties":{"id":"relation/3293441","name":"Sandton - Randburg (Gautrain S4)","network":"Gautrain Bus"},"geometry":{"type":"LineString","coordinates":[[28.05561,-26.10879],[28.05615,-26.10905]]}},{"type":"Feature","properties":{"id":"relation/3293441","name":"Sandton - Randburg (Gautrain S4)","network":"Gautrain Bus"},"geometry":{"type":"LineString","coordinates":[[28.05615,-26.10905],[28.05699,-26.10847]]}},{"type":"Feature","properties":{"id":"relation/3293441","name":"Sandton - Randburg (Gautrain S4)","network":"Gautrain Bus"},"geometry":{"type":"LineString","coordinates":[[28.05699,-26.10847],[28.05692,-26.10839],[28.05665,-26.10809],[28.05659,-26.10749],[28.05669,-26.10748],[28.05673,-26.10807]]}},{"type":"Feature","properties":{"id":"relation/3294014","name":"Midrand - Randjespark (Gautrain M1)","network":"Gautrain Bus"},"geometry":{"type":"LineString","coordinates":[[28.13648,-25.99524],[28.13652,-25.99529]]}},{"type":"Feature","properties":{"id":"relation/3294014","name":"Midrand - Randjespark (Gautrain M1)","network":"Gautrain Bus"},"geometry":{"type":"LineString","coordinates":[[28.13652,-25.99529],[28.13655,-25.99536]]}},{"type":"Feature","properties":{"id":"relation/3294014","name":"Midrand - Randjespark (Gautrain M1)","network":"Gautrain Bus"},"geometry":{"type":"LineString","coordinates":[[28.13655,-25.99536],[28.13657,-25.9954],[28.13661,-25.99548],[28.13666,-25.99556],[28.1367,-25.99564],[28.13674,-25.99573]]}},{"type":"Feature","properties":{"id":"relation/3294014","name":"Midrand - Randjespark (Gautrain M1)","network":"Gautrain Bus"},"geometry":{"type":"LineString","coordinates":[[28.13674,-25.99573],[28.13685,-25.99568],[28.13691,-25.99565],[28.13697,-25.99559],[28.13699,-25.99553],[28.13699,-25.99545],[28.13693,-25.9953],[28.13675,-25.99494],[28.1367,-25.99488],[28.13659,-25.99482],[28.13646,-25.9948],[28.13635,-25.99483],[28.13618,-25.9949],[28.13575,-25.9951]]}},{"type":"Feature","properties":{"id":"relation/3294014","name":"Midrand - Randjespark (Gautrain M1)","network":"Gautrain Bus"},"geometry":{"type":"LineString","coordinates":[[28.13575,-25.9951],[28.13532,-25.99531],[28.13503,-25.99545],[28.13486,-25.99552]]}},{"type":"Feature","properties":{"id":"relation/3294014","name":"Midrand - Randjespark (Gautrain M1)","network":"Gautrain Bus"},"geometry":{"type":"LineString","coordinates":[[28.13486,-25.99552],[28.13479,-25.99554]]}},{"type":"Feature","properties":{"id":"relation/3294014","name":"Midrand - Randjespark (Gautrain M1)","network":"Gautrain Bus"},"geometry":{"type":"LineString","coordinates":[[28.13479,-25.99554],[28.13468,-25.99559]]}},{"type":"Feature","properties":{"id":"relation/3294014","name":"Midrand - Randjespark (Gautrain M1)","network":"Gautrain Bus"},"geometry":{"type":"LineString","coordinates":[[28.13468,-25.99559],[28.13461,-25.99562]]}},{"type":"Feature","properties":{"id":"relation/3294014","name":"Midrand - Randjespark (Gautrain M1)","network":"Gautrain Bus"},"geometry":{"type":"LineString","coordinates":[[28.13461,-25.99562],[28.13424,-25.99577]]}},{"type":"Feature","properties":{"id":"relation/3294014","name":"Midrand - Randjespark (Gautrain M1)","network":"Gautrain Bus"},"geometry":{"type":"LineString","coordinates":[[28.13424,-25.99577],[28.1328,-25.99638],[28.1313,-25.99706],[28.13112,-25.99714]]}},{"type":"Feature","properties":{"id":"relation/3294014","name":"Midrand - Randjespark (Gautrain M1)","network":"Gautrain Bus"},"geometry":{"type":"LineString","coordinates":[[28.13112,-25.99714],[28.13107,-25.99716]]}},{"type":"Feature","properties":{"id":"relation/3294014","name":"Midrand - Randjespark (Gautrain M1)","network":"Gautrain Bus"},"geometry":{"type":"LineString","coordinates":[[28.13107,-25.99716],[28.13093,-25.99722]]}},{"type":"Feature","properties":{"id":"relation/3294014","name":"Midrand - Randjespark (Gautrain M1)","network":"Gautrain Bus"},"geometry":{"type":"LineString","coordinates":[[28.13093,-25.99722],[28.13081,-25.99716]]}},{"type":"Feature","properties":{"id":"relation/3294014","name":"Midrand - Randjespark (Gautrain M1)","network":"Gautrain Bus"},"geometry":{"type":"LineString","coordinates":[[28.13081,-25.99716],[28.13073,-25.99712]]}},{"type":"Feature","properties":{"id":"relation/3294014","name":"Midrand - Randjespark (Gautrain M1)","network":"Gautrain Bus"},"geometry":{"type":"LineString","coordinates":[[28.13073,-25.99712],[28.13062,-25.99706],[28.12991,-25.99668],[28.12866,-25.99595],[28.12854,-25.9959]]}},{"type":"Feature","properties":{"id":"relation/3294014","name":"Midrand - Randjespark (Gautrain M1)","network":"Gautrain Bus"},"geometry":{"type":"LineString","coordinates":[[28.12863,-25.9956],[28.12867,-25.99548],[28.12872,-25.99533],[28.12876,-25.9952]]}},{"type":"Feature","properties":{"id":"relation/3294014","name":"Midrand - Randjespark (Gautrain M1)","network":"Gautrain Bus"},"geometry":{"type":"LineString","coordinates":[[28.12876,-25.9952],[28.12874,-25.99508],[28.1287,-25.99499],[28.12865,-25.99492],[28.12858,-25.99486]]}},{"type":"Feature","properties":{"id":"relation/3294014","name":"Midrand - Randjespark (Gautrain M1)","network":"Gautrain Bus"},"geometry":{"type":"LineString","coordinates":[[28.12858,-25.99486],[28.12849,-25.99484],[28.12822,-25.99477],[28.12749,-25.99458],[28.12729,-25.99449]]}},{"type":"Feature","properties":{"id":"relation/3294014","name":"Midrand - Randjespark (Gautrain M1)","network":"Gautrain Bus"},"geometry":{"type":"LineString","coordinates":[[28.12688,-25.99438],[28.12729,-25.99449]]}},{"type":"Feature","properties":{"id":"relation/3294014","name":"Midrand - Randjespark (Gautrain M1)","network":"Gautrain Bus"},"geometry":{"type":"LineString","coordinates":[[28.12688,-25.99438],[28.12705,-25.99382],[28.12707,-25.99369],[28.12707,-25.99353],[28.12703,-25.99333],[28.12697,-25.99303],[28.12692,-25.99274]]}},{"type":"Feature","properties":{"id":"relation/3294014","name":"Midrand - Randjespark (Gautrain M1)","network":"Gautrain Bus"},"geometry":{"type":"LineString","coordinates":[[28.12692,-25.99274],[28.12694,-25.99256],[28.12708,-25.99206]]}},{"type":"Feature","properties":{"id":"relation/3294014","name":"Midrand - Randjespark (Gautrain M1)","network":"Gautrain Bus"},"geometry":{"type":"LineString","coordinates":[[28.12708,-25.99206],[28.12712,-25.99191],[28.12721,-25.99162],[28.12727,-25.99142],[28.12744,-25.99087],[28.12812,-25.9887],[28.12836,-25.9879],[28.12841,-25.98772],[28.12848,-25.98749]]}},{"type":"Feature","properties":{"id":"relation/3294014","name":"Midrand - Randjespark (Gautrain M1)","network":"Gautrain Bus"},"geometry":{"type":"LineString","coordinates":[[28.12848,-25.98749],[28.12851,-25.98733],[28.12858,-25.9871],[28.12866,-25.98683],[28.12882,-25.98629],[28.12891,-25.98604],[28.12897,-25.98586]]}},{"type":"Feature","properties":{"id":"relation/3294014","name":"Midrand - Randjespark (Gautrain M1)","network":"Gautrain Bus"},"geometry":{"type":"LineString","coordinates":[[28.12897,-25.98586],[28.12905,-25.98562],[28.12908,-25.98551],[28.12908,-25.98541],[28.12908,-25.98534],[28.12906,-25.98523],[28.12903,-25.98513],[28.12897,-25.985],[28.12891,-25.98487],[28.12888,-25.98478],[28.12886,-25.98468],[28.12884,-25.98456],[28.12887,-25.98439],[28.12911,-25.98372],[28.12921,-25.98343],[28.12936,-25.98301],[28.12942,-25.98282],[28.12953,-25.98251],[28.12957,-25.98239],[28.12973,-25.98195],[28.1298,-25.98175],[28.13,-25.98118],[28.13005,-25.98104],[28.13025,-25.98043],[28.13039,-25.98004],[28.13051,-25.97973],[28.13071,-25.97922],[28.13077,-25.97903],[28.13091,-25.97862]]}},{"type":"Feature","properties":{"id":"relation/3294014","name":"Midrand - Randjespark (Gautrain M1)","network":"Gautrain Bus"},"geometry":{"type":"LineString","coordinates":[[28.13091,-25.97862],[28.13132,-25.97743],[28.1316,-25.97666],[28.13182,-25.97604],[28.13213,-25.97516],[28.13238,-25.97447]]}},{"type":"Feature","properties":{"id":"relation/3294014","name":"Midrand - Randjespark (Gautrain M1)","network":"Gautrain Bus"},"geometry":{"type":"LineString","coordinates":[[28.13238,-25.97447],[28.13175,-25.97431],[28.13134,-25.97421],[28.1304,-25.97399],[28.13012,-25.97393],[28.13004,-25.97391],[28.13,-25.97389],[28.12996,-25.97387],[28.12994,-25.97384],[28.12992,-25.97381]]}},{"type":"Feature","properties":{"id":"relation/3294014","name":"Midrand - Randjespark (Gautrain M1)","network":"Gautrain Bus"},"geometry":{"type":"LineString","coordinates":[[28.12992,-25.97381],[28.12991,-25.97377],[28.12991,-25.97373],[28.12993,-25.97368],[28.12995,-25.9736],[28.12997,-25.97356],[28.13,-25.97345],[28.13047,-25.97214],[28.13063,-25.97168],[28.13065,-25.97163],[28.13067,-25.97156],[28.13075,-25.97135],[28.13104,-25.9705],[28.13106,-25.97042],[28.13124,-25.96992],[28.13125,-25.96989],[28.13129,-25.9698],[28.13142,-25.96943],[28.13165,-25.96877],[28.13173,-25.96854],[28.13181,-25.96832],[28.13196,-25.96789],[28.13213,-25.9674],[28.1322,-25.96722],[28.13233,-25.96686],[28.13239,-25.9667],[28.13249,-25.96643],[28.13264,-25.96604],[28.13266,-25.96597],[28.13271,-25.96583],[28.13279,-25.96561],[28.13287,-25.96538],[28.1329,-25.96528],[28.13291,-25.96525],[28.13306,-25.96482],[28.13333,-25.96404],[28.13363,-25.96317],[28.13367,-25.96307],[28.13369,-25.96302],[28.13395,-25.96226],[28.13423,-25.96145],[28.1343,-25.96127],[28.13452,-25.96064],[28.13455,-25.96057],[28.13462,-25.96037],[28.13483,-25.95981],[28.13487,-25.95966],[28.1349,-25.95958],[28.13517,-25.95881],[28.1352,-25.95872],[28.13543,-25.9581],[28.13568,-25.95737],[28.13591,-25.9567],[28.13595,-25.95663],[28.136,-25.95658],[28.13605,-25.95655],[28.13611,-25.95653],[28.13618,-25.95653],[28.1363,-25.95652]]}},{"type":"Feature","properties":{"id":"relation/3294014","name":"Midrand - Randjespark (Gautrain M1)","network":"Gautrain Bus"},"geometry":{"type":"LineString","coordinates":[[28.13789,-25.95709],[28.13785,-25.95701],[28.13782,-25.95698],[28.13778,-25.95695],[28.13773,-25.95693],[28.13723,-25.95678],[28.1363,-25.95652]]}},{"type":"Feature","properties":{"id":"relation/3294014","name":"Midrand - Randjespark (Gautrain M1)","network":"Gautrain Bus"},"geometry":{"type":"LineString","coordinates":[[28.13585,-25.96462],[28.13631,-25.96329],[28.13693,-25.96152],[28.13699,-25.96137],[28.13705,-25.96119],[28.13706,-25.96114],[28.13707,-25.96108],[28.13707,-25.96104],[28.13707,-25.96095],[28.13706,-25.96089],[28.13699,-25.96064],[28.13695,-25.96053],[28.13692,-25.96043],[28.13688,-25.96027],[28.13688,-25.96017],[28.13689,-25.96009],[28.13691,-25.96002],[28.1372,-25.95921],[28.13775,-25.95762],[28.13779,-25.95751],[28.13787,-25.95729],[28.13789,-25.9572],[28.1379,-25.95714],[28.1379,-25.95711],[28.13789,-25.95709]]}},{"type":"Feature","properties":{"id":"relation/3294014","name":"Midrand - Randjespark (Gautrain M1)","network":"Gautrain Bus"},"geometry":{"type":"LineString","coordinates":[[28.13238,-25.97447],[28.13239,-25.97444],[28.13246,-25.97426],[28.13277,-25.97331],[28.13308,-25.97247],[28.1331,-25.97242],[28.13316,-25.97223],[28.13349,-25.97128],[28.13378,-25.97054],[28.13409,-25.96964],[28.13414,-25.96953],[28.13418,-25.96941],[28.13447,-25.96856],[28.13451,-25.96844],[28.13454,-25.96832],[28.13456,-25.96826],[28.13487,-25.96744],[28.13491,-25.9673],[28.13511,-25.96673],[28.13513,-25.96669],[28.13516,-25.9666],[28.13525,-25.96637],[28.1353,-25.96622],[28.13532,-25.96616],[28.13534,-25.96608],[28.13562,-25.96529],[28.13565,-25.96521],[28.13585,-25.96462]]}},{"type":"Feature","properties":{"id":"relation/3294014","name":"Midrand - Randjespark (Gautrain M1)","network":"Gautrain Bus"},"geometry":{"type":"LineString","coordinates":[[28.12897,-25.98586],[28.12894,-25.98605],[28.12888,-25.98631],[28.1288,-25.98657],[28.12872,-25.98684],[28.12864,-25.98709],[28.12856,-25.9873],[28.12848,-25.98749]]}},{"type":"Feature","properties":{"id":"relation/3294014","name":"Midrand - Randjespark (Gautrain M1)","network":"Gautrain Bus"},"geometry":{"type":"LineString","coordinates":[[28.12729,-25.99449],[28.12753,-25.99453],[28.12783,-25.9946],[28.128,-25.99464],[28.12826,-25.9947],[28.12837,-25.99473]]}},{"type":"Feature","properties":{"id":"relation/3294014","name":"Midrand - Randjespark (Gautrain M1)","network":"Gautrain Bus"},"geometry":{"type":"LineString","coordinates":[[28.12837,-25.99473],[28.12862,-25.99479],[28.12878,-25.99483]]}},{"type":"Feature","properties":{"id":"relation/3294014","name":"Midrand - Randjespark (Gautrain M1)","network":"Gautrain Bus"},"geometry":{"type":"LineString","coordinates":[[28.12878,-25.99483],[28.12887,-25.99485]]}},{"type":"Feature","properties":{"id":"relation/3294014","name":"Midrand - Randjespark (Gautrain M1)","network":"Gautrain Bus"},"geometry":{"type":"LineString","coordinates":[[28.12887,-25.99485],[28.129,-25.99488]]}},{"type":"Feature","properties":{"id":"relation/3294014","name":"Midrand - Randjespark (Gautrain M1)","network":"Gautrain Bus"},"geometry":{"type":"LineString","coordinates":[[28.12897,-25.99501],[28.12885,-25.99541]]}},{"type":"Feature","properties":{"id":"relation/3294014","name":"Midrand - Randjespark (Gautrain M1)","network":"Gautrain Bus"},"geometry":{"type":"LineString","coordinates":[[28.12898,-25.99495],[28.12897,-25.99501]]}},{"type":"Feature","properties":{"id":"relation/3294014","name":"Midrand - Randjespark (Gautrain M1)","network":"Gautrain Bus"},"geometry":{"type":"LineString","coordinates":[[28.12869,-25.99587],[28.12925,-25.99617],[28.12998,-25.99657],[28.13055,-25.99688],[28.13089,-25.99706]]}},{"type":"Feature","properties":{"id":"relation/3294014","name":"Midrand - Randjespark (Gautrain M1)","network":"Gautrain Bus"},"geometry":{"type":"LineString","coordinates":[[28.13089,-25.99706],[28.13096,-25.99709]]}},{"type":"Feature","properties":{"id":"relation/3294014","name":"Midrand - Randjespark (Gautrain M1)","network":"Gautrain Bus"},"geometry":{"type":"LineString","coordinates":[[28.13096,-25.99709],[28.13102,-25.99707]]}},{"type":"Feature","properties":{"id":"relation/3294014","name":"Midrand - Randjespark (Gautrain M1)","network":"Gautrain Bus"},"geometry":{"type":"LineString","coordinates":[[28.13102,-25.99707],[28.13146,-25.99685],[28.13276,-25.99628],[28.13354,-25.99595],[28.13418,-25.99566]]}},{"type":"Feature","properties":{"id":"relation/3294014","name":"Midrand - Randjespark (Gautrain M1)","network":"Gautrain Bus"},"geometry":{"type":"LineString","coordinates":[[28.13418,-25.99566],[28.13453,-25.9955]]}},{"type":"Feature","properties":{"id":"relation/3294014","name":"Midrand - Randjespark (Gautrain M1)","network":"Gautrain Bus"},"geometry":{"type":"LineString","coordinates":[[28.13453,-25.9955],[28.13461,-25.99547]]}},{"type":"Feature","properties":{"id":"relation/3294014","name":"Midrand - Randjespark (Gautrain M1)","network":"Gautrain Bus"},"geometry":{"type":"LineString","coordinates":[[28.13461,-25.99547],[28.13473,-25.99542]]}},{"type":"Feature","properties":{"id":"relation/3294014","name":"Midrand - Randjespark (Gautrain M1)","network":"Gautrain Bus"},"geometry":{"type":"LineString","coordinates":[[28.13473,-25.99542],[28.1348,-25.99539]]}},{"type":"Feature","properties":{"id":"relation/3294014","name":"Midrand - Randjespark (Gautrain M1)","network":"Gautrain Bus"},"geometry":{"type":"LineString","coordinates":[[28.1348,-25.99539],[28.135,-25.99531]]}},{"type":"Feature","properties":{"id":"relation/3294014","name":"Midrand - Randjespark (Gautrain M1)","network":"Gautrain Bus"},"geometry":{"type":"LineString","coordinates":[[28.135,-25.99531],[28.1353,-25.99518],[28.13628,-25.99474],[28.1364,-25.9947],[28.13655,-25.99469],[28.13666,-25.99472],[28.13676,-25.9948],[28.13684,-25.99492],[28.13709,-25.99543],[28.1371,-25.9955],[28.13709,-25.99556],[28.13707,-25.99562],[28.13703,-25.99568],[28.13697,-25.99573],[28.13679,-25.99581],[28.13659,-25.99588],[28.13635,-25.99599],[28.13626,-25.99602],[28.13618,-25.99605]]}},{"type":"Feature","properties":{"id":"relation/3294014","name":"Midrand - Randjespark (Gautrain M1)","network":"Gautrain Bus"},"geometry":{"type":"LineString","coordinates":[[28.13618,-25.99605],[28.13613,-25.99596]]}},{"type":"Feature","properties":{"id":"relation/3294014","name":"Midrand - Randjespark (Gautrain M1)","network":"Gautrain Bus"},"geometry":{"type":"LineString","coordinates":[[28.13613,-25.99596],[28.1363,-25.9959]]}},{"type":"Feature","properties":{"id":"relation/3294014","name":"Midrand - Randjespark (Gautrain M1)","network":"Gautrain Bus"},"geometry":{"type":"LineString","coordinates":[[28.13635,-25.99599],[28.1363,-25.9959],[28.13626,-25.99581],[28.13622,-25.99574],[28.13617,-25.99563],[28.13614,-25.99557],[28.13612,-25.99553]]}},{"type":"Feature","properties":{"id":"relation/3294014","name":"Midrand - Randjespark (Gautrain M1)","network":"Gautrain Bus"},"geometry":{"type":"LineString","coordinates":[[28.13612,-25.99553],[28.13609,-25.99548]]}},{"type":"Feature","properties":{"id":"relation/3294014","name":"Midrand - Randjespark (Gautrain M1)","network":"Gautrain Bus"},"geometry":{"type":"LineString","coordinates":[[28.13609,-25.99548],[28.13607,-25.99544]]}},{"type":"Feature","properties":{"id":"relation/3294014","name":"Midrand - Randjespark (Gautrain M1)","network":"Gautrain Bus"},"geometry":{"type":"LineString","coordinates":[[28.13617,-25.99529],[28.13618,-25.99532],[28.13636,-25.99524],[28.13634,-25.99522],[28.13619,-25.99529],[28.13617,-25.99529]]}},{"type":"Feature","properties":{"id":"relation/3294014","name":"Midrand - Randjespark (Gautrain M1)","network":"Gautrain Bus"},"geometry":{"type":"LineString","coordinates":[[28.13607,-25.99544],[28.13612,-25.99536],[28.13638,-25.99525],[28.13648,-25.99524]]}},{"type":"Feature","properties":{"id":"relation/3294014","name":"Midrand - Randjespark (Gautrain M1)","network":"Gautrain Bus"},"geometry":{"type":"LineString","coordinates":[[28.129,-25.99488],[28.12898,-25.99495]]}},{"type":"Feature","properties":{"id":"relation/3299266","name":"Midrand - Noordwyk (Gautrain M2)","network":"Gautrain Bus"},"geometry":{"type":"LineString","coordinates":[[28.13619,-25.99535],[28.1362,-25.99536],[28.13621,-25.99537],[28.13638,-25.9953],[28.13637,-25.99527],[28.13619,-25.99535]]}},{"type":"Feature","properties":{"id":"relation/3299266","name":"Midrand - Noordwyk (Gautrain M2)","network":"Gautrain Bus"},"geometry":{"type":"LineString","coordinates":[[28.13073,-25.99712],[28.13062,-25.99706],[28.12991,-25.99668],[28.12866,-25.99595],[28.12854,-25.9959]]}},{"type":"Feature","properties":{"id":"relation/3299266","name":"Midrand - Noordwyk (Gautrain M2)","network":"Gautrain Bus"},"geometry":{"type":"LineString","coordinates":[[28.13081,-25.99716],[28.13073,-25.99712]]}},{"type":"Feature","properties":{"id":"relation/3299266","name":"Midrand - Noordwyk (Gautrain M2)","network":"Gautrain Bus"},"geometry":{"type":"LineString","coordinates":[[28.13093,-25.99722],[28.13081,-25.99716]]}},{"type":"Feature","properties":{"id":"relation/3299266","name":"Midrand - Noordwyk (Gautrain M2)","network":"Gautrain Bus"},"geometry":{"type":"LineString","coordinates":[[28.13107,-25.99716],[28.13093,-25.99722]]}},{"type":"Feature","properties":{"id":"relation/3299266","name":"Midrand - Noordwyk (Gautrain M2)","network":"Gautrain Bus"},"geometry":{"type":"LineString","coordinates":[[28.13112,-25.99714],[28.13107,-25.99716]]}},{"type":"Feature","properties":{"id":"relation/3299266","name":"Midrand - Noordwyk (Gautrain M2)","network":"Gautrain Bus"},"geometry":{"type":"LineString","coordinates":[[28.13424,-25.99577],[28.1328,-25.99638],[28.1313,-25.99706],[28.13112,-25.99714]]}},{"type":"Feature","properties":{"id":"relation/3299266","name":"Midrand - Noordwyk (Gautrain M2)","network":"Gautrain Bus"},"geometry":{"type":"LineString","coordinates":[[28.13461,-25.99562],[28.13424,-25.99577]]}},{"type":"Feature","properties":{"id":"relation/3299266","name":"Midrand - Noordwyk (Gautrain M2)","network":"Gautrain Bus"},"geometry":{"type":"LineString","coordinates":[[28.13468,-25.99559],[28.13461,-25.99562]]}},{"type":"Feature","properties":{"id":"relation/3299266","name":"Midrand - Noordwyk (Gautrain M2)","network":"Gautrain Bus"},"geometry":{"type":"LineString","coordinates":[[28.13479,-25.99554],[28.13468,-25.99559]]}},{"type":"Feature","properties":{"id":"relation/3299266","name":"Midrand - Noordwyk (Gautrain M2)","network":"Gautrain Bus"},"geometry":{"type":"LineString","coordinates":[[28.13486,-25.99552],[28.13479,-25.99554]]}},{"type":"Feature","properties":{"id":"relation/3299266","name":"Midrand - Noordwyk (Gautrain M2)","network":"Gautrain Bus"},"geometry":{"type":"LineString","coordinates":[[28.13575,-25.9951],[28.13532,-25.99531],[28.13503,-25.99545],[28.13486,-25.99552]]}},{"type":"Feature","properties":{"id":"relation/3299266","name":"Midrand - Noordwyk (Gautrain M2)","network":"Gautrain Bus"},"geometry":{"type":"LineString","coordinates":[[28.13674,-25.99573],[28.13685,-25.99568],[28.13691,-25.99565],[28.13697,-25.99559],[28.13699,-25.99553],[28.13699,-25.99545],[28.13693,-25.9953],[28.13675,-25.99494],[28.1367,-25.99488],[28.13659,-25.99482],[28.13646,-25.9948],[28.13635,-25.99483],[28.13618,-25.9949],[28.13575,-25.9951]]}},{"type":"Feature","properties":{"id":"relation/3299266","name":"Midrand - Noordwyk (Gautrain M2)","network":"Gautrain Bus"},"geometry":{"type":"LineString","coordinates":[[28.13655,-25.99536],[28.13657,-25.9954],[28.13661,-25.99548],[28.13666,-25.99556],[28.1367,-25.99564],[28.13674,-25.99573]]}},{"type":"Feature","properties":{"id":"relation/3299266","name":"Midrand - Noordwyk (Gautrain M2)","network":"Gautrain Bus"},"geometry":{"type":"LineString","coordinates":[[28.13652,-25.99529],[28.13655,-25.99536]]}},{"type":"Feature","properties":{"id":"relation/3299266","name":"Midrand - Noordwyk (Gautrain M2)","network":"Gautrain Bus"},"geometry":{"type":"LineString","coordinates":[[28.13609,-25.99548],[28.13614,-25.99541],[28.13643,-25.9953],[28.13652,-25.99529]]}},{"type":"Feature","properties":{"id":"relation/3299266","name":"Midrand - Noordwyk (Gautrain M2)","network":"Gautrain Bus"},"geometry":{"type":"LineString","coordinates":[[28.13612,-25.99553],[28.13609,-25.99548]]}},{"type":"Feature","properties":{"id":"relation/3299266","name":"Midrand - Noordwyk (Gautrain M2)","network":"Gautrain Bus"},"geometry":{"type":"LineString","coordinates":[[28.13635,-25.99599],[28.1363,-25.9959],[28.13626,-25.99581],[28.13622,-25.99574],[28.13617,-25.99563],[28.13614,-25.99557],[28.13612,-25.99553]]}},{"type":"Feature","properties":{"id":"relation/3299266","name":"Midrand - Noordwyk (Gautrain M2)","network":"Gautrain Bus"},"geometry":{"type":"LineString","coordinates":[[28.12863,-25.9956],[28.12867,-25.99548],[28.12872,-25.99533],[28.12876,-25.9952]]}},{"type":"Feature","properties":{"id":"relation/3299266","name":"Midrand - Noordwyk (Gautrain M2)","network":"Gautrain Bus"},"geometry":{"type":"LineString","coordinates":[[28.12876,-25.9952],[28.12874,-25.99508],[28.1287,-25.99499],[28.12865,-25.99492],[28.12858,-25.99486]]}},{"type":"Feature","properties":{"id":"relation/3299266","name":"Midrand - Noordwyk (Gautrain M2)","network":"Gautrain Bus"},"geometry":{"type":"LineString","coordinates":[[28.12858,-25.99486],[28.12849,-25.99484],[28.12822,-25.99477],[28.12749,-25.99458],[28.12729,-25.99449]]}},{"type":"Feature","properties":{"id":"relation/3299266","name":"Midrand - Noordwyk (Gautrain M2)","network":"Gautrain Bus"},"geometry":{"type":"LineString","coordinates":[[28.12688,-25.99438],[28.12729,-25.99449]]}},{"type":"Feature","properties":{"id":"relation/3299266","name":"Midrand - Noordwyk (Gautrain M2)","network":"Gautrain Bus"},"geometry":{"type":"LineString","coordinates":[[28.12272,-25.99334],[28.12342,-25.99352],[28.12373,-25.9936],[28.12586,-25.99412],[28.12622,-25.99421],[28.12688,-25.99438]]}},{"type":"Feature","properties":{"id":"relation/3299266","name":"Midrand - Noordwyk (Gautrain M2)","network":"Gautrain Bus"},"geometry":{"type":"LineString","coordinates":[[28.12204,-25.99318],[28.12272,-25.99334]]}},{"type":"Feature","properties":{"id":"relation/3299266","name":"Midrand - Noordwyk (Gautrain M2)","network":"Gautrain Bus"},"geometry":{"type":"LineString","coordinates":[[28.12146,-25.99227],[28.1215,-25.99244],[28.12162,-25.99283],[28.12165,-25.99291],[28.1217,-25.99298],[28.12175,-25.99304],[28.12182,-25.99309],[28.12204,-25.99318]]}},{"type":"Feature","properties":{"id":"relation/3299266","name":"Midrand - Noordwyk (Gautrain M2)","network":"Gautrain Bus"},"geometry":{"type":"LineString","coordinates":[[28.12146,-25.99227],[28.1214,-25.99216],[28.12136,-25.99203],[28.12131,-25.99186],[28.12128,-25.99174],[28.12123,-25.99157]]}},{"type":"Feature","properties":{"id":"relation/3299266","name":"Midrand - Noordwyk (Gautrain M2)","network":"Gautrain Bus"},"geometry":{"type":"LineString","coordinates":[[28.12123,-25.99157],[28.1212,-25.9915],[28.12117,-25.99145],[28.12113,-25.99139],[28.12105,-25.99128]]}},{"type":"Feature","properties":{"id":"relation/3299266","name":"Midrand - Noordwyk (Gautrain M2)","network":"Gautrain Bus"},"geometry":{"type":"LineString","coordinates":[[28.12105,-25.99128],[28.12098,-25.99119],[28.12085,-25.99104]]}},{"type":"Feature","properties":{"id":"relation/3299266","name":"Midrand - Noordwyk (Gautrain M2)","network":"Gautrain Bus"},"geometry":{"type":"LineString","coordinates":[[28.12085,-25.99104],[28.12088,-25.99098]]}},{"type":"Feature","properties":{"id":"relation/3299266","name":"Midrand - Noordwyk (Gautrain M2)","network":"Gautrain Bus"},"geometry":{"type":"LineString","coordinates":[[28.12088,-25.99098],[28.12113,-25.99054]]}},{"type":"Feature","properties":{"id":"relation/3299266","name":"Midrand - Noordwyk (Gautrain M2)","network":"Gautrain Bus"},"geometry":{"type":"LineString","coordinates":[[28.12113,-25.99054],[28.12133,-25.99024]]}},{"type":"Feature","properties":{"id":"relation/3299266","name":"Midrand - Noordwyk (Gautrain M2)","network":"Gautrain Bus"},"geometry":{"type":"LineString","coordinates":[[28.12133,-25.99024],[28.12149,-25.9899],[28.12157,-25.98968],[28.12164,-25.98945],[28.12168,-25.98927],[28.1217,-25.98916],[28.12171,-25.9891],[28.12171,-25.989]]}},{"type":"Feature","properties":{"id":"relation/3299266","name":"Midrand - Noordwyk (Gautrain M2)","network":"Gautrain Bus"},"geometry":{"type":"LineString","coordinates":[[28.12171,-25.989],[28.12172,-25.98889],[28.12173,-25.9887],[28.12169,-25.98846]]}},{"type":"Feature","properties":{"id":"relation/3299266","name":"Midrand - Noordwyk (Gautrain M2)","network":"Gautrain Bus"},"geometry":{"type":"LineString","coordinates":[[28.12169,-25.98846],[28.12167,-25.98833],[28.12165,-25.98822],[28.1216,-25.98802],[28.12152,-25.9878],[28.12144,-25.98762],[28.12133,-25.98741],[28.12103,-25.98691]]}},{"type":"Feature","properties":{"id":"relation/3299266","name":"Midrand - Noordwyk (Gautrain M2)","network":"Gautrain Bus"},"geometry":{"type":"LineString","coordinates":[[28.12103,-25.98691],[28.12097,-25.98682],[28.12088,-25.98673]]}},{"type":"Feature","properties":{"id":"relation/3299266","name":"Midrand - Noordwyk (Gautrain M2)","network":"Gautrain Bus"},"geometry":{"type":"LineString","coordinates":[[28.12088,-25.98673],[28.12077,-25.98664],[28.12066,-25.98656],[28.12053,-25.98647],[28.12043,-25.9864]]}},{"type":"Feature","properties":{"id":"relation/3299266","name":"Midrand - Noordwyk (Gautrain M2)","network":"Gautrain Bus"},"geometry":{"type":"LineString","coordinates":[[28.12043,-25.9864],[28.12014,-25.98619],[28.12003,-25.9861],[28.11994,-25.98601]]}},{"type":"Feature","properties":{"id":"relation/3299266","name":"Midrand - Noordwyk (Gautrain M2)","network":"Gautrain Bus"},"geometry":{"type":"LineString","coordinates":[[28.11994,-25.98601],[28.11986,-25.98591],[28.1198,-25.9858],[28.1197,-25.98559],[28.11938,-25.98488],[28.11919,-25.98444]]}},{"type":"Feature","properties":{"id":"relation/3299266","name":"Midrand - Noordwyk (Gautrain M2)","network":"Gautrain Bus"},"geometry":{"type":"LineString","coordinates":[[28.11919,-25.98444],[28.1191,-25.98428],[28.11904,-25.98413],[28.119,-25.984],[28.11897,-25.98385],[28.11896,-25.98373],[28.11897,-25.98363],[28.119,-25.98349]]}},{"type":"Feature","properties":{"id":"relation/3299266","name":"Midrand - Noordwyk (Gautrain M2)","network":"Gautrain Bus"},"geometry":{"type":"LineString","coordinates":[[28.119,-25.98349],[28.11913,-25.98301]]}},{"type":"Feature","properties":{"id":"relation/3299266","name":"Midrand - Noordwyk (Gautrain M2)","network":"Gautrain Bus"},"geometry":{"type":"LineString","coordinates":[[28.11913,-25.98301],[28.11953,-25.98167]]}},{"type":"Feature","properties":{"id":"relation/3299266","name":"Midrand - Noordwyk (Gautrain M2)","network":"Gautrain Bus"},"geometry":{"type":"LineString","coordinates":[[28.11953,-25.98167],[28.1197,-25.98105]]}},{"type":"Feature","properties":{"id":"relation/3299266","name":"Midrand - Noordwyk (Gautrain M2)","network":"Gautrain Bus"},"geometry":{"type":"LineString","coordinates":[[28.1197,-25.98105],[28.11984,-25.98047],[28.11995,-25.98011],[28.12014,-25.9795]]}},{"type":"Feature","properties":{"id":"relation/3299266","name":"Midrand - Noordwyk (Gautrain M2)","network":"Gautrain Bus"},"geometry":{"type":"LineString","coordinates":[[28.12014,-25.9795],[28.12026,-25.97914]]}},{"type":"Feature","properties":{"id":"relation/3299266","name":"Midrand - Noordwyk (Gautrain M2)","network":"Gautrain Bus"},"geometry":{"type":"LineString","coordinates":[[28.12026,-25.97914],[28.12027,-25.97904],[28.12026,-25.97899],[28.12025,-25.97895],[28.12024,-25.97892],[28.12022,-25.97887]]}},{"type":"Feature","properties":{"id":"relation/3299266","name":"Midrand - Noordwyk (Gautrain M2)","network":"Gautrain Bus"},"geometry":{"type":"LineString","coordinates":[[28.12022,-25.97887],[28.1198,-25.97877],[28.11961,-25.97873]]}},{"type":"Feature","properties":{"id":"relation/3299266","name":"Midrand - Noordwyk (Gautrain M2)","network":"Gautrain Bus"},"geometry":{"type":"LineString","coordinates":[[28.11961,-25.97873],[28.11886,-25.97856]]}},{"type":"Feature","properties":{"id":"relation/3299266","name":"Midrand - Noordwyk (Gautrain M2)","network":"Gautrain Bus"},"geometry":{"type":"LineString","coordinates":[[28.11886,-25.97856],[28.11848,-25.97845]]}},{"type":"Feature","properties":{"id":"relation/3299266","name":"Midrand - Noordwyk (Gautrain M2)","network":"Gautrain Bus"},"geometry":{"type":"LineString","coordinates":[[28.11848,-25.97845],[28.11835,-25.97843]]}},{"type":"Feature","properties":{"id":"relation/3299266","name":"Midrand - Noordwyk (Gautrain M2)","network":"Gautrain Bus"},"geometry":{"type":"LineString","coordinates":[[28.11835,-25.97843],[28.11838,-25.97831]]}},{"type":"Feature","properties":{"id":"relation/3299266","name":"Midrand - Noordwyk (Gautrain M2)","network":"Gautrain Bus"},"geometry":{"type":"LineString","coordinates":[[28.11838,-25.97831],[28.1185,-25.97787]]}},{"type":"Feature","properties":{"id":"relation/3299266","name":"Midrand - Noordwyk (Gautrain M2)","network":"Gautrain Bus"},"geometry":{"type":"LineString","coordinates":[[28.1185,-25.97787],[28.11861,-25.97748],[28.11866,-25.97729],[28.11877,-25.97694]]}},{"type":"Feature","properties":{"id":"relation/3299266","name":"Midrand - Noordwyk (Gautrain M2)","network":"Gautrain Bus"},"geometry":{"type":"LineString","coordinates":[[28.11877,-25.97694],[28.1189,-25.97653]]}},{"type":"Feature","properties":{"id":"relation/3299266","name":"Midrand - Noordwyk (Gautrain M2)","network":"Gautrain Bus"},"geometry":{"type":"LineString","coordinates":[[28.1189,-25.97653],[28.11894,-25.97638],[28.119,-25.97616]]}},{"type":"Feature","properties":{"id":"relation/3299266","name":"Midrand - Noordwyk (Gautrain M2)","network":"Gautrain Bus"},"geometry":{"type":"LineString","coordinates":[[28.119,-25.97616],[28.11902,-25.97608]]}},{"type":"Feature","properties":{"id":"relation/3299266","name":"Midrand - Noordwyk (Gautrain M2)","network":"Gautrain Bus"},"geometry":{"type":"LineString","coordinates":[[28.11902,-25.97608],[28.11929,-25.97511],[28.11936,-25.97485],[28.11941,-25.9746],[28.11947,-25.97432],[28.11958,-25.97382],[28.11963,-25.9736],[28.11978,-25.97286],[28.11989,-25.97233],[28.11997,-25.97192],[28.12018,-25.97107]]}},{"type":"Feature","properties":{"id":"relation/3299266","name":"Midrand - Noordwyk (Gautrain M2)","network":"Gautrain Bus"},"geometry":{"type":"LineString","coordinates":[[28.12018,-25.97107],[28.12025,-25.97038],[28.12026,-25.97028]]}},{"type":"Feature","properties":{"id":"relation/3299266","name":"Midrand - Noordwyk (Gautrain M2)","network":"Gautrain Bus"},"geometry":{"type":"LineString","coordinates":[[28.12026,-25.97028],[28.12027,-25.97016],[28.12029,-25.97003],[28.12032,-25.96987],[28.12037,-25.96969],[28.12042,-25.96953],[28.12048,-25.96936],[28.12054,-25.96921],[28.12059,-25.96903],[28.12065,-25.96872],[28.12066,-25.96869],[28.12067,-25.9686]]}},{"type":"Feature","properties":{"id":"relation/3299266","name":"Midrand - Noordwyk (Gautrain M2)","network":"Gautrain Bus"},"geometry":{"type":"LineString","coordinates":[[28.1208,-25.96862],[28.12086,-25.96863],[28.12095,-25.96865],[28.12188,-25.9688],[28.12194,-25.96881],[28.1228,-25.96896],[28.12289,-25.96897],[28.12295,-25.96897],[28.12305,-25.96897],[28.1232,-25.96897],[28.12355,-25.96896],[28.12383,-25.96898],[28.12424,-25.96908],[28.12483,-25.96925],[28.12506,-25.96932],[28.12519,-25.96934],[28.12526,-25.96934],[28.12537,-25.96931],[28.12553,-25.96926],[28.12566,-25.9692],[28.12572,-25.96919],[28.12578,-25.96919],[28.12584,-25.96919],[28.1259,-25.96919],[28.12601,-25.96923],[28.1261,-25.96926]]}},{"type":"Feature","properties":{"id":"relation/3299266","name":"Midrand - Noordwyk (Gautrain M2)","network":"Gautrain Bus"},"geometry":{"type":"LineString","coordinates":[[28.12635,-25.96852],[28.12614,-25.96913],[28.1261,-25.96926]]}},{"type":"Feature","properties":{"id":"relation/3299266","name":"Midrand - Noordwyk (Gautrain M2)","network":"Gautrain Bus"},"geometry":{"type":"LineString","coordinates":[[28.12733,-25.96571],[28.12728,-25.96584],[28.12713,-25.96632],[28.12709,-25.96642],[28.12702,-25.96663],[28.12681,-25.96721],[28.12677,-25.96731],[28.12674,-25.9674],[28.12659,-25.96781],[28.12655,-25.96793],[28.12638,-25.96841],[28.12635,-25.96852]]}},{"type":"Feature","properties":{"id":"relation/3299266","name":"Midrand - Noordwyk (Gautrain M2)","network":"Gautrain Bus"},"geometry":{"type":"LineString","coordinates":[[28.12733,-25.96571],[28.12737,-25.96553],[28.12749,-25.96517]]}},{"type":"Feature","properties":{"id":"relation/3299266","name":"Midrand - Noordwyk (Gautrain M2)","network":"Gautrain Bus"},"geometry":{"type":"LineString","coordinates":[[28.12749,-25.96517],[28.12759,-25.96488],[28.12759,-25.96484],[28.12759,-25.96478]]}},{"type":"Feature","properties":{"id":"relation/3299266","name":"Midrand - Noordwyk (Gautrain M2)","network":"Gautrain Bus"},"geometry":{"type":"LineString","coordinates":[[28.12766,-25.96461],[28.12769,-25.96456],[28.12772,-25.96452],[28.12775,-25.96445],[28.12781,-25.96429],[28.12788,-25.96406],[28.12793,-25.96393]]}},{"type":"Feature","properties":{"id":"relation/3299266","name":"Midrand - Noordwyk (Gautrain M2)","network":"Gautrain Bus"},"geometry":{"type":"LineString","coordinates":[[28.12793,-25.96393],[28.1281,-25.96347],[28.12826,-25.963],[28.12831,-25.96286]]}},{"type":"Feature","properties":{"id":"relation/3299266","name":"Midrand - Noordwyk (Gautrain M2)","network":"Gautrain Bus"},"geometry":{"type":"LineString","coordinates":[[28.12831,-25.96286],[28.1284,-25.96257]]}},{"type":"Feature","properties":{"id":"relation/3299266","name":"Midrand - Noordwyk (Gautrain M2)","network":"Gautrain Bus"},"geometry":{"type":"LineString","coordinates":[[28.1284,-25.96257],[28.12843,-25.96248],[28.12846,-25.9624],[28.12855,-25.96213]]}},{"type":"Feature","properties":{"id":"relation/3299266","name":"Midrand - Noordwyk (Gautrain M2)","network":"Gautrain Bus"},"geometry":{"type":"LineString","coordinates":[[28.12855,-25.96213],[28.12872,-25.96166]]}},{"type":"Feature","properties":{"id":"relation/3299266","name":"Midrand - Noordwyk (Gautrain M2)","network":"Gautrain Bus"},"geometry":{"type":"LineString","coordinates":[[28.12872,-25.96166],[28.12881,-25.96142],[28.12894,-25.96105],[28.12902,-25.96084],[28.12906,-25.96074],[28.12913,-25.96056],[28.12929,-25.96014]]}},{"type":"Feature","properties":{"id":"relation/3299266","name":"Midrand - Noordwyk (Gautrain M2)","network":"Gautrain Bus"},"geometry":{"type":"LineString","coordinates":[[28.12929,-25.96014],[28.1293,-25.96011],[28.12933,-25.96005]]}},{"type":"Feature","properties":{"id":"relation/3299266","name":"Midrand - Noordwyk (Gautrain M2)","network":"Gautrain Bus"},"geometry":{"type":"LineString","coordinates":[[28.12933,-25.96005],[28.12943,-25.95975]]}},{"type":"Feature","properties":{"id":"relation/3299266","name":"Midrand - Noordwyk (Gautrain M2)","network":"Gautrain Bus"},"geometry":{"type":"LineString","coordinates":[[28.12946,-25.95966],[28.12956,-25.95938]]}},{"type":"Feature","properties":{"id":"relation/3299266","name":"Midrand - Noordwyk (Gautrain M2)","network":"Gautrain Bus"},"geometry":{"type":"LineString","coordinates":[[28.12956,-25.95938],[28.12959,-25.95928],[28.12987,-25.95846],[28.1299,-25.9584]]}},{"type":"Feature","properties":{"id":"relation/3299266","name":"Midrand - Noordwyk (Gautrain M2)","network":"Gautrain Bus"},"geometry":{"type":"LineString","coordinates":[[28.1299,-25.9584],[28.12994,-25.95826]]}},{"type":"Feature","properties":{"id":"relation/3299266","name":"Midrand - Noordwyk (Gautrain M2)","network":"Gautrain Bus"},"geometry":{"type":"LineString","coordinates":[[28.12994,-25.95826],[28.13004,-25.95796],[28.13005,-25.95793]]}},{"type":"Feature","properties":{"id":"relation/3299266","name":"Midrand - Noordwyk (Gautrain M2)","network":"Gautrain Bus"},"geometry":{"type":"LineString","coordinates":[[28.13005,-25.95793],[28.13007,-25.95787]]}},{"type":"Feature","properties":{"id":"relation/3299266","name":"Midrand - Noordwyk (Gautrain M2)","network":"Gautrain Bus"},"geometry":{"type":"LineString","coordinates":[[28.13007,-25.95787],[28.13014,-25.95768]]}},{"type":"Feature","properties":{"id":"relation/3299266","name":"Midrand - Noordwyk (Gautrain M2)","network":"Gautrain Bus"},"geometry":{"type":"LineString","coordinates":[[28.13014,-25.95768],[28.13027,-25.95738]]}},{"type":"Feature","properties":{"id":"relation/3299266","name":"Midrand - Noordwyk (Gautrain M2)","network":"Gautrain Bus"},"geometry":{"type":"LineString","coordinates":[[28.13089,-25.95493],[28.13094,-25.95503],[28.13097,-25.95514],[28.13098,-25.95529],[28.13094,-25.95545],[28.13068,-25.9562],[28.13065,-25.95626],[28.13046,-25.95682],[28.13044,-25.95687],[28.1304,-25.95698],[28.1303,-25.95728],[28.13027,-25.95738]]}},{"type":"Feature","properties":{"id":"relation/3299266","name":"Midrand - Noordwyk (Gautrain M2)","network":"Gautrain Bus"},"geometry":{"type":"LineString","coordinates":[[28.12785,-25.95378],[28.12868,-25.9541],[28.12951,-25.9544],[28.12958,-25.95442],[28.13052,-25.95469],[28.13071,-25.95477],[28.13081,-25.95486],[28.13089,-25.95493]]}},{"type":"Feature","properties":{"id":"relation/3299266","name":"Midrand - Noordwyk (Gautrain M2)","network":"Gautrain Bus"},"geometry":{"type":"LineString","coordinates":[[28.12761,-25.95368],[28.12785,-25.95378]]}},{"type":"Feature","properties":{"id":"relation/3299266","name":"Midrand - Noordwyk (Gautrain M2)","network":"Gautrain Bus"},"geometry":{"type":"LineString","coordinates":[[28.12387,-25.95281],[28.12439,-25.95288],[28.12444,-25.95289],[28.12525,-25.953],[28.12584,-25.95307],[28.12613,-25.95312],[28.12624,-25.95314],[28.12634,-25.95317],[28.12637,-25.95318],[28.1264,-25.95319],[28.12657,-25.95326],[28.1269,-25.95339],[28.12732,-25.95357],[28.12761,-25.95368]]}},{"type":"Feature","properties":{"id":"relation/3299266","name":"Midrand - Noordwyk (Gautrain M2)","network":"Gautrain Bus"},"geometry":{"type":"LineString","coordinates":[[28.12311,-25.95272],[28.12319,-25.95273],[28.12342,-25.95276],[28.12371,-25.95279],[28.12387,-25.95281]]}},{"type":"Feature","properties":{"id":"relation/3299266","name":"Midrand - Noordwyk (Gautrain M2)","network":"Gautrain Bus"},"geometry":{"type":"LineString","coordinates":[[28.12298,-25.9527],[28.12311,-25.95272]]}},{"type":"Feature","properties":{"id":"relation/3299266","name":"Midrand - Noordwyk (Gautrain M2)","network":"Gautrain Bus"},"geometry":{"type":"LineString","coordinates":[[28.12283,-25.95354],[28.12285,-25.95344],[28.12297,-25.95276],[28.12298,-25.9527]]}},{"type":"Feature","properties":{"id":"relation/3299266","name":"Midrand - Noordwyk (Gautrain M2)","network":"Gautrain Bus"},"geometry":{"type":"LineString","coordinates":[[28.12278,-25.9553],[28.12278,-25.9552],[28.12278,-25.95508],[28.12278,-25.95492],[28.12278,-25.95443],[28.12279,-25.95393],[28.12282,-25.95366],[28.12283,-25.95354]]}},{"type":"Feature","properties":{"id":"relation/3299266","name":"Midrand - Noordwyk (Gautrain M2)","network":"Gautrain Bus"},"geometry":{"type":"LineString","coordinates":[[28.12291,-25.95787],[28.12292,-25.95773],[28.12294,-25.95751],[28.12295,-25.95726],[28.12293,-25.95689],[28.12289,-25.9566],[28.12285,-25.95625],[28.1228,-25.95577],[28.12279,-25.95555],[28.12278,-25.95542],[28.12278,-25.9553]]}},{"type":"Feature","properties":{"id":"relation/3299266","name":"Midrand - Noordwyk (Gautrain M2)","network":"Gautrain Bus"},"geometry":{"type":"LineString","coordinates":[[28.1226,-25.9594],[28.12261,-25.95933],[28.12271,-25.9588],[28.12273,-25.95874],[28.12279,-25.95841],[28.12281,-25.95831],[28.12291,-25.95787]]}},{"type":"Feature","properties":{"id":"relation/3299266","name":"Midrand - Noordwyk (Gautrain M2)","network":"Gautrain Bus"},"geometry":{"type":"LineString","coordinates":[[28.12246,-25.95999],[28.1226,-25.9594]]}},{"type":"Feature","properties":{"id":"relation/3299266","name":"Midrand - Noordwyk (Gautrain M2)","network":"Gautrain Bus"},"geometry":{"type":"LineString","coordinates":[[28.12229,-25.96092],[28.12244,-25.96009],[28.12246,-25.95999]]}},{"type":"Feature","properties":{"id":"relation/3299266","name":"Midrand - Noordwyk (Gautrain M2)","network":"Gautrain Bus"},"geometry":{"type":"LineString","coordinates":[[28.12227,-25.96101],[28.12229,-25.96092]]}},{"type":"Feature","properties":{"id":"relation/3299266","name":"Midrand - Noordwyk (Gautrain M2)","network":"Gautrain Bus"},"geometry":{"type":"LineString","coordinates":[[28.12227,-25.96101],[28.12233,-25.96102]]}},{"type":"Feature","properties":{"id":"relation/3299266","name":"Midrand - Noordwyk (Gautrain M2)","network":"Gautrain Bus"},"geometry":{"type":"LineString","coordinates":[[28.12233,-25.96102],[28.12237,-25.96103]]}},{"type":"Feature","properties":{"id":"relation/3299266","name":"Midrand - Noordwyk (Gautrain M2)","network":"Gautrain Bus"},"geometry":{"type":"LineString","coordinates":[[28.12237,-25.96103],[28.12257,-25.9611],[28.12258,-25.9611]]}},{"type":"Feature","properties":{"id":"relation/3299266","name":"Midrand - Noordwyk (Gautrain M2)","network":"Gautrain Bus"},"geometry":{"type":"LineString","coordinates":[[28.12258,-25.9611],[28.12361,-25.96141],[28.12369,-25.96143],[28.1247,-25.96177],[28.1249,-25.96184]]}},{"type":"Feature","properties":{"id":"relation/3299266","name":"Midrand - Noordwyk (Gautrain M2)","network":"Gautrain Bus"},"geometry":{"type":"LineString","coordinates":[[28.1249,-25.96184],[28.12508,-25.9619]]}},{"type":"Feature","properties":{"id":"relation/3299266","name":"Midrand - Noordwyk (Gautrain M2)","network":"Gautrain Bus"},"geometry":{"type":"LineString","coordinates":[[28.12508,-25.9619],[28.12731,-25.96258]]}},{"type":"Feature","properties":{"id":"relation/3299266","name":"Midrand - Noordwyk (Gautrain M2)","network":"Gautrain Bus"},"geometry":{"type":"LineString","coordinates":[[28.12731,-25.96258],[28.12831,-25.96286]]}},{"type":"Feature","properties":{"id":"relation/3299266","name":"Midrand - Noordwyk (Gautrain M2)","network":"Gautrain Bus"},"geometry":{"type":"LineString","coordinates":[[28.12831,-25.96286],[28.12836,-25.96287]]}},{"type":"Feature","properties":{"id":"relation/3299266","name":"Midrand - Noordwyk (Gautrain M2)","network":"Gautrain Bus"},"geometry":{"type":"LineString","coordinates":[[28.12836,-25.96287],[28.12785,-25.96426]]}},{"type":"Feature","properties":{"id":"relation/3299266","name":"Midrand - Noordwyk (Gautrain M2)","network":"Gautrain Bus"},"geometry":{"type":"LineString","coordinates":[[28.12785,-25.96426],[28.12784,-25.96432],[28.12779,-25.96444],[28.12777,-25.96451],[28.12776,-25.96456],[28.12777,-25.96459],[28.12777,-25.96465]]}},{"type":"Feature","properties":{"id":"relation/3299266","name":"Midrand - Noordwyk (Gautrain M2)","network":"Gautrain Bus"},"geometry":{"type":"LineString","coordinates":[[28.12777,-25.96465],[28.12779,-25.96468],[28.12779,-25.96471],[28.12779,-25.96474],[28.12777,-25.96477],[28.12775,-25.9648],[28.12771,-25.96481],[28.1277,-25.96482],[28.12768,-25.96482],[28.12764,-25.96481],[28.1276,-25.9648],[28.12759,-25.96478],[28.12758,-25.96477],[28.12756,-25.96474],[28.12756,-25.9647],[28.12757,-25.96467],[28.12759,-25.96464],[28.12763,-25.96462],[28.12766,-25.96461],[28.1277,-25.96461],[28.12774,-25.96462],[28.12777,-25.96465]]}},{"type":"Feature","properties":{"id":"relation/3299266","name":"Midrand - Noordwyk (Gautrain M2)","network":"Gautrain Bus"},"geometry":{"type":"LineString","coordinates":[[28.1277,-25.96482],[28.12766,-25.96485],[28.12763,-25.96489],[28.12759,-25.96503],[28.12751,-25.96525],[28.12741,-25.96556],[28.12733,-25.96571]]}},{"type":"Feature","properties":{"id":"relation/3299266","name":"Midrand - Noordwyk (Gautrain M2)","network":"Gautrain Bus"},"geometry":{"type":"LineString","coordinates":[[28.1261,-25.96926],[28.12607,-25.96935],[28.12593,-25.96973],[28.12588,-25.96987]]}},{"type":"Feature","properties":{"id":"relation/3299266","name":"Midrand - Noordwyk (Gautrain M2)","network":"Gautrain Bus"},"geometry":{"type":"LineString","coordinates":[[28.12588,-25.96987],[28.12579,-25.96984],[28.1257,-25.9698],[28.12564,-25.96976],[28.12552,-25.96968],[28.12544,-25.96958],[28.12538,-25.96953],[28.12526,-25.96948],[28.12512,-25.96943],[28.12479,-25.96934],[28.12431,-25.96922],[28.12384,-25.96907],[28.12365,-25.96907],[28.12345,-25.96906],[28.12315,-25.96907],[28.12296,-25.96908],[28.12276,-25.96907],[28.12257,-25.96904],[28.12186,-25.9689],[28.12098,-25.96875],[28.12085,-25.96873],[28.12078,-25.96872]]}},{"type":"Feature","properties":{"id":"relation/3299266","name":"Midrand - Noordwyk (Gautrain M2)","network":"Gautrain Bus"},"geometry":{"type":"LineString","coordinates":[[28.12078,-25.96872],[28.12078,-25.96874]]}},{"type":"Feature","properties":{"id":"relation/3299266","name":"Midrand - Noordwyk (Gautrain M2)","network":"Gautrain Bus"},"geometry":{"type":"LineString","coordinates":[[28.12078,-25.96874],[28.12076,-25.96884],[28.12072,-25.96903],[28.12061,-25.96933],[28.12052,-25.96958]]}},{"type":"Feature","properties":{"id":"relation/3299266","name":"Midrand - Noordwyk (Gautrain M2)","network":"Gautrain Bus"},"geometry":{"type":"LineString","coordinates":[[28.12052,-25.96958],[28.12045,-25.96979],[28.12041,-25.96997]]}},{"type":"Feature","properties":{"id":"relation/3299266","name":"Midrand - Noordwyk (Gautrain M2)","network":"Gautrain Bus"},"geometry":{"type":"LineString","coordinates":[[28.12041,-25.96997],[28.12039,-25.97018],[28.12038,-25.97027]]}},{"type":"Feature","properties":{"id":"relation/3299266","name":"Midrand - Noordwyk (Gautrain M2)","network":"Gautrain Bus"},"geometry":{"type":"LineString","coordinates":[[28.12038,-25.97027],[28.12037,-25.97039],[28.12036,-25.97053],[28.12032,-25.97082],[28.12029,-25.971],[28.12025,-25.97121],[28.12022,-25.9714],[28.12014,-25.97172],[28.11999,-25.97246],[28.1199,-25.97288]]}},{"type":"Feature","properties":{"id":"relation/3299266","name":"Midrand - Noordwyk (Gautrain M2)","network":"Gautrain Bus"},"geometry":{"type":"LineString","coordinates":[[28.1199,-25.97288],[28.11975,-25.97362]]}},{"type":"Feature","properties":{"id":"relation/3299266","name":"Midrand - Noordwyk (Gautrain M2)","network":"Gautrain Bus"},"geometry":{"type":"LineString","coordinates":[[28.11975,-25.97362],[28.11966,-25.97408],[28.11954,-25.97464],[28.11944,-25.97508],[28.11934,-25.97544],[28.11932,-25.97554]]}},{"type":"Feature","properties":{"id":"relation/3299266","name":"Midrand - Noordwyk (Gautrain M2)","network":"Gautrain Bus"},"geometry":{"type":"LineString","coordinates":[[28.11932,-25.97554],[28.1192,-25.97594],[28.11916,-25.97611]]}},{"type":"Feature","properties":{"id":"relation/3299266","name":"Midrand - Noordwyk (Gautrain M2)","network":"Gautrain Bus"},"geometry":{"type":"LineString","coordinates":[[28.11916,-25.97611],[28.11914,-25.97619]]}},{"type":"Feature","properties":{"id":"relation/3299266","name":"Midrand - Noordwyk (Gautrain M2)","network":"Gautrain Bus"},"geometry":{"type":"LineString","coordinates":[[28.11914,-25.97619],[28.11904,-25.97652],[28.11895,-25.97682],[28.11878,-25.97741]]}},{"type":"Feature","properties":{"id":"relation/3299266","name":"Midrand - Noordwyk (Gautrain M2)","network":"Gautrain Bus"},"geometry":{"type":"LineString","coordinates":[[28.11878,-25.97741],[28.11859,-25.97805]]}},{"type":"Feature","properties":{"id":"relation/3299266","name":"Midrand - Noordwyk (Gautrain M2)","network":"Gautrain Bus"},"geometry":{"type":"LineString","coordinates":[[28.11859,-25.97805],[28.11863,-25.97818],[28.11865,-25.97824],[28.11868,-25.97828],[28.11871,-25.97832],[28.11876,-25.97835],[28.11887,-25.97841]]}},{"type":"Feature","properties":{"id":"relation/3299266","name":"Midrand - Noordwyk (Gautrain M2)","network":"Gautrain Bus"},"geometry":{"type":"LineString","coordinates":[[28.11887,-25.97841],[28.11966,-25.97861]]}},{"type":"Feature","properties":{"id":"relation/3299266","name":"Midrand - Noordwyk (Gautrain M2)","network":"Gautrain Bus"},"geometry":{"type":"LineString","coordinates":[[28.11966,-25.97861],[28.12035,-25.97876]]}},{"type":"Feature","properties":{"id":"relation/3299266","name":"Midrand - Noordwyk (Gautrain M2)","network":"Gautrain Bus"},"geometry":{"type":"LineString","coordinates":[[28.12035,-25.97876],[28.12048,-25.9788]]}},{"type":"Feature","properties":{"id":"relation/3299266","name":"Midrand - Noordwyk (Gautrain M2)","network":"Gautrain Bus"},"geometry":{"type":"LineString","coordinates":[[28.12048,-25.9788],[28.12045,-25.97892]]}},{"type":"Feature","properties":{"id":"relation/3299266","name":"Midrand - Noordwyk (Gautrain M2)","network":"Gautrain Bus"},"geometry":{"type":"LineString","coordinates":[[28.12045,-25.97892],[28.12033,-25.97934]]}},{"type":"Feature","properties":{"id":"relation/3299266","name":"Midrand - Noordwyk (Gautrain M2)","network":"Gautrain Bus"},"geometry":{"type":"LineString","coordinates":[[28.12033,-25.97934],[28.12021,-25.97976],[28.12,-25.98046]]}},{"type":"Feature","properties":{"id":"relation/3299266","name":"Midrand - Noordwyk (Gautrain M2)","network":"Gautrain Bus"},"geometry":{"type":"LineString","coordinates":[[28.12,-25.98046],[28.11983,-25.98109]]}},{"type":"Feature","properties":{"id":"relation/3299266","name":"Midrand - Noordwyk (Gautrain M2)","network":"Gautrain Bus"},"geometry":{"type":"LineString","coordinates":[[28.11983,-25.98109],[28.11945,-25.98238]]}},{"type":"Feature","properties":{"id":"relation/3299266","name":"Midrand - Noordwyk (Gautrain M2)","network":"Gautrain Bus"},"geometry":{"type":"LineString","coordinates":[[28.11945,-25.98238],[28.11926,-25.98303]]}},{"type":"Feature","properties":{"id":"relation/3299266","name":"Midrand - Noordwyk (Gautrain M2)","network":"Gautrain Bus"},"geometry":{"type":"LineString","coordinates":[[28.11926,-25.98303],[28.11911,-25.98356],[28.11908,-25.9837],[28.11906,-25.98382],[28.11907,-25.98394],[28.11908,-25.98408],[28.1191,-25.98418],[28.11919,-25.98444]]}},{"type":"Feature","properties":{"id":"relation/3299266","name":"Midrand - Noordwyk (Gautrain M2)","network":"Gautrain Bus"},"geometry":{"type":"LineString","coordinates":[[28.12088,-25.99098],[28.12103,-25.99117],[28.12106,-25.9912]]}},{"type":"Feature","properties":{"id":"relation/3299266","name":"Midrand - Noordwyk (Gautrain M2)","network":"Gautrain Bus"},"geometry":{"type":"LineString","coordinates":[[28.12106,-25.9912],[28.1212,-25.99137],[28.12125,-25.99143],[28.12128,-25.99149],[28.12129,-25.99154],[28.12132,-25.99162],[28.1214,-25.99193],[28.12145,-25.99215],[28.12146,-25.99227]]}},{"type":"Feature","properties":{"id":"relation/3299266","name":"Midrand - Noordwyk (Gautrain M2)","network":"Gautrain Bus"},"geometry":{"type":"LineString","coordinates":[[28.12729,-25.99449],[28.12753,-25.99453],[28.12783,-25.9946],[28.128,-25.99464],[28.12826,-25.9947],[28.12837,-25.99473]]}},{"type":"Feature","properties":{"id":"relation/3299266","name":"Midrand - Noordwyk (Gautrain M2)","network":"Gautrain Bus"},"geometry":{"type":"LineString","coordinates":[[28.12837,-25.99473],[28.12862,-25.99479],[28.12878,-25.99483]]}},{"type":"Feature","properties":{"id":"relation/3299266","name":"Midrand - Noordwyk (Gautrain M2)","network":"Gautrain Bus"},"geometry":{"type":"LineString","coordinates":[[28.12878,-25.99483],[28.12887,-25.99485]]}},{"type":"Feature","properties":{"id":"relation/3299266","name":"Midrand - Noordwyk (Gautrain M2)","network":"Gautrain Bus"},"geometry":{"type":"LineString","coordinates":[[28.12887,-25.99485],[28.129,-25.99488]]}},{"type":"Feature","properties":{"id":"relation/3299266","name":"Midrand - Noordwyk (Gautrain M2)","network":"Gautrain Bus"},"geometry":{"type":"LineString","coordinates":[[28.12897,-25.99501],[28.12885,-25.99541]]}},{"type":"Feature","properties":{"id":"relation/3299266","name":"Midrand - Noordwyk (Gautrain M2)","network":"Gautrain Bus"},"geometry":{"type":"LineString","coordinates":[[28.12898,-25.99495],[28.12897,-25.99501]]}},{"type":"Feature","properties":{"id":"relation/3299266","name":"Midrand - Noordwyk (Gautrain M2)","network":"Gautrain Bus"},"geometry":{"type":"LineString","coordinates":[[28.12869,-25.99587],[28.12925,-25.99617],[28.12998,-25.99657],[28.13055,-25.99688],[28.13089,-25.99706]]}},{"type":"Feature","properties":{"id":"relation/3299266","name":"Midrand - Noordwyk (Gautrain M2)","network":"Gautrain Bus"},"geometry":{"type":"LineString","coordinates":[[28.13089,-25.99706],[28.13096,-25.99709]]}},{"type":"Feature","properties":{"id":"relation/3299266","name":"Midrand - Noordwyk (Gautrain M2)","network":"Gautrain Bus"},"geometry":{"type":"LineString","coordinates":[[28.13096,-25.99709],[28.13102,-25.99707]]}},{"type":"Feature","properties":{"id":"relation/3299266","name":"Midrand - Noordwyk (Gautrain M2)","network":"Gautrain Bus"},"geometry":{"type":"LineString","coordinates":[[28.13102,-25.99707],[28.13146,-25.99685],[28.13276,-25.99628],[28.13354,-25.99595],[28.13418,-25.99566]]}},{"type":"Feature","properties":{"id":"relation/3299266","name":"Midrand - Noordwyk (Gautrain M2)","network":"Gautrain Bus"},"geometry":{"type":"LineString","coordinates":[[28.13418,-25.99566],[28.13453,-25.9955]]}},{"type":"Feature","properties":{"id":"relation/3299266","name":"Midrand - Noordwyk (Gautrain M2)","network":"Gautrain Bus"},"geometry":{"type":"LineString","coordinates":[[28.13453,-25.9955],[28.13461,-25.99547]]}},{"type":"Feature","properties":{"id":"relation/3299266","name":"Midrand - Noordwyk (Gautrain M2)","network":"Gautrain Bus"},"geometry":{"type":"LineString","coordinates":[[28.13461,-25.99547],[28.13473,-25.99542]]}},{"type":"Feature","properties":{"id":"relation/3299266","name":"Midrand - Noordwyk (Gautrain M2)","network":"Gautrain Bus"},"geometry":{"type":"LineString","coordinates":[[28.13473,-25.99542],[28.1348,-25.99539]]}},{"type":"Feature","properties":{"id":"relation/3299266","name":"Midrand - Noordwyk (Gautrain M2)","network":"Gautrain Bus"},"geometry":{"type":"LineString","coordinates":[[28.1348,-25.99539],[28.135,-25.99531]]}},{"type":"Feature","properties":{"id":"relation/3299266","name":"Midrand - Noordwyk (Gautrain M2)","network":"Gautrain Bus"},"geometry":{"type":"LineString","coordinates":[[28.135,-25.99531],[28.1353,-25.99518],[28.13628,-25.99474],[28.1364,-25.9947],[28.13655,-25.99469],[28.13666,-25.99472],[28.13676,-25.9948],[28.13684,-25.99492],[28.13709,-25.99543],[28.1371,-25.9955],[28.13709,-25.99556],[28.13707,-25.99562],[28.13703,-25.99568],[28.13697,-25.99573],[28.13679,-25.99581],[28.13659,-25.99588],[28.13635,-25.99599],[28.13626,-25.99602],[28.13618,-25.99605]]}},{"type":"Feature","properties":{"id":"relation/3299266","name":"Midrand - Noordwyk (Gautrain M2)","network":"Gautrain Bus"},"geometry":{"type":"LineString","coordinates":[[28.13618,-25.99605],[28.13613,-25.99596]]}},{"type":"Feature","properties":{"id":"relation/3299266","name":"Midrand - Noordwyk (Gautrain M2)","network":"Gautrain Bus"},"geometry":{"type":"LineString","coordinates":[[28.13613,-25.99596],[28.1363,-25.9959]]}},{"type":"Feature","properties":{"id":"relation/3299266","name":"Midrand - Noordwyk (Gautrain M2)","network":"Gautrain Bus"},"geometry":{"type":"LineString","coordinates":[[28.12311,-25.95272],[28.12309,-25.95278],[28.12302,-25.95317],[28.12296,-25.95346],[28.12294,-25.95355]]}},{"type":"Feature","properties":{"id":"relation/3299266","name":"Midrand - Noordwyk (Gautrain M2)","network":"Gautrain Bus"},"geometry":{"type":"LineString","coordinates":[[28.12294,-25.95355],[28.12293,-25.95366],[28.1229,-25.95393],[28.12287,-25.95433],[28.12283,-25.95484],[28.12282,-25.95529]]}},{"type":"Feature","properties":{"id":"relation/3299266","name":"Midrand - Noordwyk (Gautrain M2)","network":"Gautrain Bus"},"geometry":{"type":"LineString","coordinates":[[28.12282,-25.95529],[28.12281,-25.95541],[28.12282,-25.95554],[28.12284,-25.95576],[28.12287,-25.956],[28.12295,-25.95677],[28.12297,-25.95702],[28.12298,-25.95722],[28.12297,-25.9575],[28.12296,-25.95774],[28.12294,-25.95787]]}},{"type":"Feature","properties":{"id":"relation/3299266","name":"Midrand - Noordwyk (Gautrain M2)","network":"Gautrain Bus"},"geometry":{"type":"LineString","coordinates":[[28.12294,-25.95787],[28.12285,-25.95852],[28.12281,-25.95876],[28.1228,-25.95878],[28.1227,-25.95935],[28.12269,-25.95941]]}},{"type":"Feature","properties":{"id":"relation/3299266","name":"Midrand - Noordwyk (Gautrain M2)","network":"Gautrain Bus"},"geometry":{"type":"LineString","coordinates":[[28.12269,-25.95941],[28.12255,-25.95987],[28.12252,-25.95999],[28.12248,-25.96017],[28.12243,-25.96047]]}},{"type":"Feature","properties":{"id":"relation/3299266","name":"Midrand - Noordwyk (Gautrain M2)","network":"Gautrain Bus"},"geometry":{"type":"LineString","coordinates":[[28.12243,-25.96047],[28.12241,-25.96064],[28.12239,-25.96075]]}},{"type":"Feature","properties":{"id":"relation/3299266","name":"Midrand - Noordwyk (Gautrain M2)","network":"Gautrain Bus"},"geometry":{"type":"LineString","coordinates":[[28.12239,-25.96075],[28.12235,-25.96093]]}},{"type":"Feature","properties":{"id":"relation/3299266","name":"Midrand - Noordwyk (Gautrain M2)","network":"Gautrain Bus"},"geometry":{"type":"LineString","coordinates":[[28.12235,-25.96093],[28.12233,-25.96102]]}},{"type":"Feature","properties":{"id":"relation/3299266","name":"Midrand - Noordwyk (Gautrain M2)","network":"Gautrain Bus"},"geometry":{"type":"LineString","coordinates":[[28.129,-25.99488],[28.12898,-25.99495]]}},{"type":"Feature","properties":{"id":"relation/3307841","name":"Hatfield - Arcadia (Gautrain H3)","network":"Gautrain Bus"},"geometry":{"type":"LineString","coordinates":[[28.22361,-25.74402],[28.22322,-25.74404]]}},{"type":"Feature","properties":{"id":"relation/3307841","name":"Hatfield - Arcadia (Gautrain H3)","network":"Gautrain Bus"},"geometry":{"type":"LineString","coordinates":[[28.22322,-25.74404],[28.22286,-25.74407]]}},{"type":"Feature","properties":{"id":"relation/3307841","name":"Hatfield - Arcadia (Gautrain H3)","network":"Gautrain Bus"},"geometry":{"type":"LineString","coordinates":[[28.22286,-25.74407],[28.22255,-25.74409]]}},{"type":"Feature","properties":{"id":"relation/3307841","name":"Hatfield - Arcadia (Gautrain H3)","network":"Gautrain Bus"},"geometry":{"type":"LineString","coordinates":[[28.22255,-25.74409],[28.22229,-25.74411],[28.2222,-25.74412]]}},{"type":"Feature","properties":{"id":"relation/3307841","name":"Hatfield - Arcadia (Gautrain H3)","network":"Gautrain Bus"},"geometry":{"type":"LineString","coordinates":[[28.2222,-25.74412],[28.22217,-25.74412],[28.22213,-25.74412],[28.22172,-25.74416]]}},{"type":"Feature","properties":{"id":"relation/3307841","name":"Hatfield - Arcadia (Gautrain H3)","network":"Gautrain Bus"},"geometry":{"type":"LineString","coordinates":[[28.22172,-25.74416],[28.22056,-25.74424],[28.2203,-25.74426],[28.22008,-25.74428]]}},{"type":"Feature","properties":{"id":"relation/3307841","name":"Hatfield - Arcadia (Gautrain H3)","network":"Gautrain Bus"},"geometry":{"type":"LineString","coordinates":[[28.22008,-25.74428],[28.21978,-25.74429]]}},{"type":"Feature","properties":{"id":"relation/3307841","name":"Hatfield - Arcadia (Gautrain H3)","network":"Gautrain Bus"},"geometry":{"type":"LineString","coordinates":[[28.21978,-25.74429],[28.21941,-25.74431]]}},{"type":"Feature","properties":{"id":"relation/3307841","name":"Hatfield - Arcadia (Gautrain H3)","network":"Gautrain Bus"},"geometry":{"type":"LineString","coordinates":[[28.21941,-25.74431],[28.21884,-25.74436]]}},{"type":"Feature","properties":{"id":"relation/3307841","name":"Hatfield - Arcadia (Gautrain H3)","network":"Gautrain Bus"},"geometry":{"type":"LineString","coordinates":[[28.21884,-25.74436],[28.21842,-25.74439]]}},{"type":"Feature","properties":{"id":"relation/3307841","name":"Hatfield - Arcadia (Gautrain H3)","network":"Gautrain Bus"},"geometry":{"type":"LineString","coordinates":[[28.21842,-25.74439],[28.21818,-25.74441]]}},{"type":"Feature","properties":{"id":"relation/3307841","name":"Hatfield - Arcadia (Gautrain H3)","network":"Gautrain Bus"},"geometry":{"type":"LineString","coordinates":[[28.21818,-25.74441],[28.21785,-25.74443]]}},{"type":"Feature","properties":{"id":"relation/3307841","name":"Hatfield - Arcadia (Gautrain H3)","network":"Gautrain Bus"},"geometry":{"type":"LineString","coordinates":[[28.21785,-25.74443],[28.21745,-25.74446],[28.21732,-25.74447]]}},{"type":"Feature","properties":{"id":"relation/3307841","name":"Hatfield - Arcadia (Gautrain H3)","network":"Gautrain Bus"},"geometry":{"type":"LineString","coordinates":[[28.21732,-25.74447],[28.21722,-25.74447],[28.21677,-25.7445]]}},{"type":"Feature","properties":{"id":"relation/3307841","name":"Hatfield - Arcadia (Gautrain H3)","network":"Gautrain Bus"},"geometry":{"type":"LineString","coordinates":[[28.21677,-25.7445],[28.2162,-25.74453],[28.21517,-25.74461],[28.21501,-25.74462],[28.21451,-25.74466],[28.21437,-25.74467],[28.21417,-25.74468],[28.21391,-25.74469]]}},{"type":"Feature","properties":{"id":"relation/3307841","name":"Hatfield - Arcadia (Gautrain H3)","network":"Gautrain Bus"},"geometry":{"type":"LineString","coordinates":[[28.21391,-25.74469],[28.21358,-25.74472]]}},{"type":"Feature","properties":{"id":"relation/3307841","name":"Hatfield - Arcadia (Gautrain H3)","network":"Gautrain Bus"},"geometry":{"type":"LineString","coordinates":[[28.21358,-25.74472],[28.21332,-25.74474],[28.21311,-25.74475]]}},{"type":"Feature","properties":{"id":"relation/3307841","name":"Hatfield - Arcadia (Gautrain H3)","network":"Gautrain Bus"},"geometry":{"type":"LineString","coordinates":[[28.21311,-25.74475],[28.21295,-25.74477],[28.21275,-25.74478]]}},{"type":"Feature","properties":{"id":"relation/3307841","name":"Hatfield - Arcadia (Gautrain H3)","network":"Gautrain Bus"},"geometry":{"type":"LineString","coordinates":[[28.21275,-25.74478],[28.21255,-25.7448],[28.21248,-25.7448]]}},{"type":"Feature","properties":{"id":"relation/3307841","name":"Hatfield - Arcadia (Gautrain H3)","network":"Gautrain Bus"},"geometry":{"type":"LineString","coordinates":[[28.21248,-25.7448],[28.21205,-25.74483]]}},{"type":"Feature","properties":{"id":"relation/3307841","name":"Hatfield - Arcadia (Gautrain H3)","network":"Gautrain Bus"},"geometry":{"type":"LineString","coordinates":[[28.21205,-25.74483],[28.21167,-25.74482]]}},{"type":"Feature","properties":{"id":"relation/3307841","name":"Hatfield - Arcadia (Gautrain H3)","network":"Gautrain Bus"},"geometry":{"type":"LineString","coordinates":[[28.21167,-25.74482],[28.21122,-25.74484],[28.21082,-25.74487],[28.21081,-25.74487]]}},{"type":"Feature","properties":{"id":"relation/3307841","name":"Hatfield - Arcadia (Gautrain H3)","network":"Gautrain Bus"},"geometry":{"type":"LineString","coordinates":[[28.21081,-25.74487],[28.2105,-25.74489],[28.21046,-25.74489],[28.21005,-25.74492],[28.20972,-25.74494],[28.20943,-25.74495]]}},{"type":"Feature","properties":{"id":"relation/3307841","name":"Hatfield - Arcadia (Gautrain H3)","network":"Gautrain Bus"},"geometry":{"type":"LineString","coordinates":[[28.20943,-25.74495],[28.20894,-25.74498],[28.20889,-25.74499]]}},{"type":"Feature","properties":{"id":"relation/3307841","name":"Hatfield - Arcadia (Gautrain H3)","network":"Gautrain Bus"},"geometry":{"type":"LineString","coordinates":[[28.20889,-25.74499],[28.2083,-25.74503]]}},{"type":"Feature","properties":{"id":"relation/3307841","name":"Hatfield - Arcadia (Gautrain H3)","network":"Gautrain Bus"},"geometry":{"type":"LineString","coordinates":[[28.2083,-25.74503],[28.2079,-25.74506],[28.20774,-25.74507],[28.20744,-25.7451],[28.20702,-25.74513],[28.20697,-25.74513],[28.20665,-25.74516],[28.20632,-25.74518]]}},{"type":"Feature","properties":{"id":"relation/3307841","name":"Hatfield - Arcadia (Gautrain H3)","network":"Gautrain Bus"},"geometry":{"type":"LineString","coordinates":[[28.20632,-25.74518],[28.20593,-25.74521]]}},{"type":"Feature","properties":{"id":"relation/3307841","name":"Hatfield - Arcadia (Gautrain H3)","network":"Gautrain Bus"},"geometry":{"type":"LineString","coordinates":[[28.20593,-25.74521],[28.20598,-25.74588],[28.206,-25.74603],[28.20602,-25.74627]]}},{"type":"Feature","properties":{"id":"relation/3307841","name":"Hatfield - Arcadia (Gautrain H3)","network":"Gautrain Bus"},"geometry":{"type":"LineString","coordinates":[[28.20602,-25.74627],[28.20604,-25.74658],[28.20605,-25.74668]]}},{"type":"Feature","properties":{"id":"relation/3307841","name":"Hatfield - Arcadia (Gautrain H3)","network":"Gautrain Bus"},"geometry":{"type":"LineString","coordinates":[[28.20605,-25.74668],[28.20606,-25.7468],[28.20608,-25.74701],[28.20609,-25.74717],[28.20613,-25.74764]]}},{"type":"Feature","properties":{"id":"relation/3307841","name":"Hatfield - Arcadia (Gautrain H3)","network":"Gautrain Bus"},"geometry":{"type":"LineString","coordinates":[[28.20613,-25.74764],[28.20617,-25.74814]]}},{"type":"Feature","properties":{"id":"relation/3307841","name":"Hatfield - Arcadia (Gautrain H3)","network":"Gautrain Bus"},"geometry":{"type":"LineString","coordinates":[[28.20617,-25.74814],[28.20622,-25.74868],[28.20623,-25.74875]]}},{"type":"Feature","properties":{"id":"relation/3307841","name":"Hatfield - Arcadia (Gautrain H3)","network":"Gautrain Bus"},"geometry":{"type":"LineString","coordinates":[[28.20623,-25.74875],[28.2066,-25.7488],[28.20689,-25.74884]]}},{"type":"Feature","properties":{"id":"relation/3307841","name":"Hatfield - Arcadia (Gautrain H3)","network":"Gautrain Bus"},"geometry":{"type":"LineString","coordinates":[[28.20689,-25.74884],[28.20769,-25.74894],[28.20773,-25.74894],[28.2078,-25.74895],[28.20877,-25.74907]]}},{"type":"Feature","properties":{"id":"relation/3307841","name":"Hatfield - Arcadia (Gautrain H3)","network":"Gautrain Bus"},"geometry":{"type":"LineString","coordinates":[[28.20877,-25.74907],[28.20915,-25.74911],[28.20927,-25.74912]]}},{"type":"Feature","properties":{"id":"relation/3307841","name":"Hatfield - Arcadia (Gautrain H3)","network":"Gautrain Bus"},"geometry":{"type":"LineString","coordinates":[[28.20927,-25.74912],[28.20944,-25.74914],[28.20962,-25.74916]]}},{"type":"Feature","properties":{"id":"relation/3307841","name":"Hatfield - Arcadia (Gautrain H3)","network":"Gautrain Bus"},"geometry":{"type":"LineString","coordinates":[[28.20962,-25.74916],[28.21063,-25.74928],[28.21084,-25.74931],[28.21128,-25.74936],[28.2119,-25.74942]]}},{"type":"Feature","properties":{"id":"relation/3307841","name":"Hatfield - Arcadia (Gautrain H3)","network":"Gautrain Bus"},"geometry":{"type":"LineString","coordinates":[[28.2119,-25.74942],[28.21248,-25.74947]]}},{"type":"Feature","properties":{"id":"relation/3307841","name":"Hatfield - Arcadia (Gautrain H3)","network":"Gautrain Bus"},"geometry":{"type":"LineString","coordinates":[[28.21248,-25.74947],[28.21306,-25.74953]]}},{"type":"Feature","properties":{"id":"relation/3307841","name":"Hatfield - Arcadia (Gautrain H3)","network":"Gautrain Bus"},"geometry":{"type":"LineString","coordinates":[[28.21306,-25.74953],[28.21341,-25.74958],[28.21354,-25.74959],[28.21367,-25.74962],[28.21384,-25.74964],[28.21429,-25.74969],[28.21454,-25.74972],[28.21491,-25.74976],[28.21523,-25.7498],[28.21548,-25.74983],[28.21613,-25.7499],[28.21619,-25.74991],[28.21656,-25.74995],[28.21676,-25.74997],[28.21687,-25.74998],[28.21715,-25.75],[28.21738,-25.75002]]}},{"type":"Feature","properties":{"id":"relation/3307841","name":"Hatfield - Arcadia (Gautrain H3)","network":"Gautrain Bus"},"geometry":{"type":"LineString","coordinates":[[28.21738,-25.75002],[28.2178,-25.75006]]}},{"type":"Feature","properties":{"id":"relation/3307841","name":"Hatfield - Arcadia (Gautrain H3)","network":"Gautrain Bus"},"geometry":{"type":"LineString","coordinates":[[28.2178,-25.75006],[28.21789,-25.75007],[28.21824,-25.75011]]}},{"type":"Feature","properties":{"id":"relation/3307841","name":"Hatfield - Arcadia (Gautrain H3)","network":"Gautrain Bus"},"geometry":{"type":"LineString","coordinates":[[28.21824,-25.75011],[28.21839,-25.75013],[28.21862,-25.75016],[28.21869,-25.75016],[28.21893,-25.75019],[28.21902,-25.7502]]}},{"type":"Feature","properties":{"id":"relation/3307841","name":"Hatfield - Arcadia (Gautrain H3)","network":"Gautrain Bus"},"geometry":{"type":"LineString","coordinates":[[28.21902,-25.7502],[28.2191,-25.7502],[28.21921,-25.7502],[28.21956,-25.75018],[28.2202,-25.75013]]}},{"type":"Feature","properties":{"id":"relation/3307841","name":"Hatfield - Arcadia (Gautrain H3)","network":"Gautrain Bus"},"geometry":{"type":"LineString","coordinates":[[28.2202,-25.75013],[28.22028,-25.75012],[28.22035,-25.75012]]}},{"type":"Feature","properties":{"id":"relation/3307841","name":"Hatfield - Arcadia (Gautrain H3)","network":"Gautrain Bus"},"geometry":{"type":"LineString","coordinates":[[28.22035,-25.75012],[28.22145,-25.75003]]}},{"type":"Feature","properties":{"id":"relation/3307841","name":"Hatfield - Arcadia (Gautrain H3)","network":"Gautrain Bus"},"geometry":{"type":"LineString","coordinates":[[28.22145,-25.75003],[28.22179,-25.75002],[28.22236,-25.74998],[28.22248,-25.74996]]}},{"type":"Feature","properties":{"id":"relation/3307841","name":"Hatfield - Arcadia (Gautrain H3)","network":"Gautrain Bus"},"geometry":{"type":"LineString","coordinates":[[28.22248,-25.74996],[28.22257,-25.74996]]}},{"type":"Feature","properties":{"id":"relation/3307841","name":"Hatfield - Arcadia (Gautrain H3)","network":"Gautrain Bus"},"geometry":{"type":"LineString","coordinates":[[28.22257,-25.74996],[28.2229,-25.74994],[28.22369,-25.74989],[28.22383,-25.74989],[28.22392,-25.74989],[28.22402,-25.7499]]}},{"type":"Feature","properties":{"id":"relation/3307841","name":"Hatfield - Arcadia (Gautrain H3)","network":"Gautrain Bus"},"geometry":{"type":"LineString","coordinates":[[28.22402,-25.7499],[28.22427,-25.74988],[28.22515,-25.74982],[28.22602,-25.74975],[28.22604,-25.74975]]}},{"type":"Feature","properties":{"id":"relation/3307841","name":"Hatfield - Arcadia (Gautrain H3)","network":"Gautrain Bus"},"geometry":{"type":"LineString","coordinates":[[28.22604,-25.74975],[28.22719,-25.74966]]}},{"type":"Feature","properties":{"id":"relation/3307841","name":"Hatfield - Arcadia (Gautrain H3)","network":"Gautrain Bus"},"geometry":{"type":"LineString","coordinates":[[28.22719,-25.74966],[28.2275,-25.74963],[28.22759,-25.74962]]}},{"type":"Feature","properties":{"id":"relation/3307841","name":"Hatfield - Arcadia (Gautrain H3)","network":"Gautrain Bus"},"geometry":{"type":"LineString","coordinates":[[28.22759,-25.74962],[28.22774,-25.74961],[28.2281,-25.74958],[28.22814,-25.74958],[28.22835,-25.74956],[28.2286,-25.74955],[28.22866,-25.74955],[28.22945,-25.7495],[28.2295,-25.74949],[28.23082,-25.74941],[28.23104,-25.74939],[28.23128,-25.74934],[28.23216,-25.74897],[28.23225,-25.74893],[28.23232,-25.7489],[28.23239,-25.74887],[28.23257,-25.74876]]}},{"type":"Feature","properties":{"id":"relation/3307841","name":"Hatfield - Arcadia (Gautrain H3)","network":"Gautrain Bus"},"geometry":{"type":"LineString","coordinates":[[28.23257,-25.74876],[28.23256,-25.74864],[28.23255,-25.74857],[28.23254,-25.7485],[28.23252,-25.74835]]}},{"type":"Feature","properties":{"id":"relation/3307841","name":"Hatfield - Arcadia (Gautrain H3)","network":"Gautrain Bus"},"geometry":{"type":"LineString","coordinates":[[28.23252,-25.74835],[28.23247,-25.74782]]}},{"type":"Feature","properties":{"id":"relation/3307841","name":"Hatfield - Arcadia (Gautrain H3)","network":"Gautrain Bus"},"geometry":{"type":"LineString","coordinates":[[28.23247,-25.74782],[28.23293,-25.74778],[28.23437,-25.74768]]}},{"type":"Feature","properties":{"id":"relation/3307841","name":"Hatfield - Arcadia (Gautrain H3)","network":"Gautrain Bus"},"geometry":{"type":"LineString","coordinates":[[28.23437,-25.74768],[28.2347,-25.74769],[28.23475,-25.7477],[28.23478,-25.7477],[28.23483,-25.74772],[28.23486,-25.74774],[28.23489,-25.74779],[28.23493,-25.74786]]}},{"type":"Feature","properties":{"id":"relation/3307841","name":"Hatfield - Arcadia (Gautrain H3)","network":"Gautrain Bus"},"geometry":{"type":"LineString","coordinates":[[28.23493,-25.74786],[28.23499,-25.74852]]}},{"type":"Feature","properties":{"id":"relation/3307841","name":"Hatfield - Arcadia (Gautrain H3)","network":"Gautrain Bus"},"geometry":{"type":"LineString","coordinates":[[28.23499,-25.74852],[28.23503,-25.74887]]}},{"type":"Feature","properties":{"id":"relation/3307841","name":"Hatfield - Arcadia (Gautrain H3)","network":"Gautrain Bus"},"geometry":{"type":"LineString","coordinates":[[28.23503,-25.74887],[28.23505,-25.74914]]}},{"type":"Feature","properties":{"id":"relation/3307841","name":"Hatfield - Arcadia (Gautrain H3)","network":"Gautrain Bus"},"geometry":{"type":"LineString","coordinates":[[28.23505,-25.74914],[28.23586,-25.74908],[28.23629,-25.74905],[28.23633,-25.74904],[28.23636,-25.74904],[28.23702,-25.74899],[28.23744,-25.74896],[28.23751,-25.74896]]}},{"type":"Feature","properties":{"id":"relation/3307841","name":"Hatfield - Arcadia (Gautrain H3)","network":"Gautrain Bus"},"geometry":{"type":"LineString","coordinates":[[28.23745,-25.74804],[28.23751,-25.74896]]}},{"type":"Feature","properties":{"id":"relation/3307841","name":"Hatfield - Arcadia (Gautrain H3)","network":"Gautrain Bus"},"geometry":{"type":"LineString","coordinates":[[28.23742,-25.74763],[28.23745,-25.74804]]}},{"type":"Feature","properties":{"id":"relation/3307841","name":"Hatfield - Arcadia (Gautrain H3)","network":"Gautrain Bus"},"geometry":{"type":"LineString","coordinates":[[28.23741,-25.74754],[28.23742,-25.74763]]}},{"type":"Feature","properties":{"id":"relation/3307841","name":"Hatfield - Arcadia (Gautrain H3)","network":"Gautrain Bus"},"geometry":{"type":"LineString","coordinates":[[28.2374,-25.74743],[28.23741,-25.74754]]}},{"type":"Feature","properties":{"id":"relation/3307841","name":"Hatfield - Arcadia (Gautrain H3)","network":"Gautrain Bus"},"geometry":{"type":"LineString","coordinates":[[28.23675,-25.7476],[28.23668,-25.74766],[28.23659,-25.74773],[28.23652,-25.74777],[28.23612,-25.74794]]}},{"type":"Feature","properties":{"id":"relation/3307841","name":"Hatfield - Arcadia (Gautrain H3)","network":"Gautrain Bus"},"geometry":{"type":"LineString","coordinates":[[28.23612,-25.74794],[28.23595,-25.748],[28.23588,-25.748],[28.23583,-25.74799],[28.23581,-25.74797],[28.23578,-25.74795],[28.23573,-25.74784],[28.23572,-25.74771],[28.23571,-25.74766]]}},{"type":"Feature","properties":{"id":"relation/3307841","name":"Hatfield - Arcadia (Gautrain H3)","network":"Gautrain Bus"},"geometry":{"type":"LineString","coordinates":[[28.23491,-25.74762],[28.23496,-25.7476],[28.23499,-25.74759],[28.23503,-25.74758],[28.23544,-25.74755],[28.23567,-25.74753]]}},{"type":"Feature","properties":{"id":"relation/3307841","name":"Hatfield - Arcadia (Gautrain H3)","network":"Gautrain Bus"},"geometry":{"type":"LineString","coordinates":[[28.23491,-25.74762],[28.23492,-25.74766],[28.23492,-25.7477],[28.23493,-25.74786]]}},{"type":"Feature","properties":{"id":"relation/3307841","name":"Hatfield - Arcadia (Gautrain H3)","network":"Gautrain Bus"},"geometry":{"type":"LineString","coordinates":[[28.23751,-25.74896],[28.23788,-25.74892],[28.23822,-25.7489],[28.23836,-25.74889],[28.23844,-25.74888],[28.23893,-25.74884],[28.23899,-25.74884],[28.23939,-25.74881],[28.23987,-25.74878]]}},{"type":"Feature","properties":{"id":"relation/3307841","name":"Hatfield - Arcadia (Gautrain H3)","network":"Gautrain Bus"},"geometry":{"type":"LineString","coordinates":[[28.23987,-25.74878],[28.23984,-25.74803],[28.23982,-25.74765],[28.23981,-25.74745],[28.2398,-25.74723],[28.2398,-25.74719]]}},{"type":"Feature","properties":{"id":"relation/3307841","name":"Hatfield - Arcadia (Gautrain H3)","network":"Gautrain Bus"},"geometry":{"type":"LineString","coordinates":[[28.2398,-25.74719],[28.23978,-25.74692]]}},{"type":"Feature","properties":{"id":"relation/3307841","name":"Hatfield - Arcadia (Gautrain H3)","network":"Gautrain Bus"},"geometry":{"type":"LineString","coordinates":[[28.23978,-25.74692],[28.23977,-25.74685],[28.23977,-25.74682],[28.23975,-25.74663],[28.23974,-25.74654],[28.23968,-25.74595],[28.23967,-25.74586]]}},{"type":"Feature","properties":{"id":"relation/3307841","name":"Hatfield - Arcadia (Gautrain H3)","network":"Gautrain Bus"},"geometry":{"type":"LineString","coordinates":[[28.23967,-25.74586],[28.23967,-25.74577],[28.23965,-25.74549],[28.23964,-25.74542],[28.2396,-25.7449],[28.23957,-25.74438]]}},{"type":"Feature","properties":{"id":"relation/3307841","name":"Hatfield - Arcadia (Gautrain H3)","network":"Gautrain Bus"},"geometry":{"type":"LineString","coordinates":[[28.23957,-25.74438],[28.23951,-25.74388],[28.23948,-25.74363]]}},{"type":"Feature","properties":{"id":"relation/3307841","name":"Hatfield - Arcadia (Gautrain H3)","network":"Gautrain Bus"},"geometry":{"type":"LineString","coordinates":[[28.23948,-25.74363],[28.23943,-25.74294]]}},{"type":"Feature","properties":{"id":"relation/3307841","name":"Hatfield - Arcadia (Gautrain H3)","network":"Gautrain Bus"},"geometry":{"type":"LineString","coordinates":[[28.23943,-25.74294],[28.23902,-25.74296],[28.23899,-25.74296]]}},{"type":"Feature","properties":{"id":"relation/3307841","name":"Hatfield - Arcadia (Gautrain H3)","network":"Gautrain Bus"},"geometry":{"type":"LineString","coordinates":[[28.23899,-25.74296],[28.23846,-25.743],[28.23808,-25.74303],[28.23795,-25.74303]]}},{"type":"Feature","properties":{"id":"relation/3307841","name":"Hatfield - Arcadia (Gautrain H3)","network":"Gautrain Bus"},"geometry":{"type":"LineString","coordinates":[[28.23795,-25.74303],[28.23741,-25.74308]]}},{"type":"Feature","properties":{"id":"relation/3307841","name":"Hatfield - Arcadia (Gautrain H3)","network":"Gautrain Bus"},"geometry":{"type":"LineString","coordinates":[[28.23741,-25.74308],[28.23701,-25.7431]]}},{"type":"Feature","properties":{"id":"relation/3307841","name":"Hatfield - Arcadia (Gautrain H3)","network":"Gautrain Bus"},"geometry":{"type":"LineString","coordinates":[[28.23701,-25.7431],[28.23632,-25.74315]]}},{"type":"Feature","properties":{"id":"relation/3307841","name":"Hatfield - Arcadia (Gautrain H3)","network":"Gautrain Bus"},"geometry":{"type":"LineString","coordinates":[[28.23632,-25.74315],[28.23608,-25.74316],[28.23528,-25.74322],[28.23455,-25.74327]]}},{"type":"Feature","properties":{"id":"relation/3307841","name":"Hatfield - Arcadia (Gautrain H3)","network":"Gautrain Bus"},"geometry":{"type":"LineString","coordinates":[[28.23455,-25.74327],[28.23414,-25.7433]]}},{"type":"Feature","properties":{"id":"relation/3307841","name":"Hatfield - Arcadia (Gautrain H3)","network":"Gautrain Bus"},"geometry":{"type":"LineString","coordinates":[[28.23414,-25.7433],[28.23236,-25.74342]]}},{"type":"Feature","properties":{"id":"relation/3307841","name":"Hatfield - Arcadia (Gautrain H3)","network":"Gautrain Bus"},"geometry":{"type":"LineString","coordinates":[[28.23236,-25.74342],[28.23211,-25.74344]]}},{"type":"Feature","properties":{"id":"relation/3307841","name":"Hatfield - Arcadia (Gautrain H3)","network":"Gautrain Bus"},"geometry":{"type":"LineString","coordinates":[[28.23211,-25.74344],[28.23171,-25.74347]]}},{"type":"Feature","properties":{"id":"relation/3307841","name":"Hatfield - Arcadia (Gautrain H3)","network":"Gautrain Bus"},"geometry":{"type":"LineString","coordinates":[[28.23171,-25.74347],[28.23147,-25.74349]]}},{"type":"Feature","properties":{"id":"relation/3307841","name":"Hatfield - Arcadia (Gautrain H3)","network":"Gautrain Bus"},"geometry":{"type":"LineString","coordinates":[[28.23147,-25.74349],[28.23016,-25.74358]]}},{"type":"Feature","properties":{"id":"relation/3307841","name":"Hatfield - Arcadia (Gautrain H3)","network":"Gautrain Bus"},"geometry":{"type":"LineString","coordinates":[[28.23016,-25.74358],[28.22996,-25.74359]]}},{"type":"Feature","properties":{"id":"relation/3307841","name":"Hatfield - Arcadia (Gautrain H3)","network":"Gautrain Bus"},"geometry":{"type":"LineString","coordinates":[[28.22996,-25.74359],[28.22974,-25.74361],[28.22965,-25.74362]]}},{"type":"Feature","properties":{"id":"relation/3307841","name":"Hatfield - Arcadia (Gautrain H3)","network":"Gautrain Bus"},"geometry":{"type":"LineString","coordinates":[[28.22965,-25.74362],[28.22947,-25.74363]]}},{"type":"Feature","properties":{"id":"relation/3307841","name":"Hatfield - Arcadia (Gautrain H3)","network":"Gautrain Bus"},"geometry":{"type":"LineString","coordinates":[[28.22947,-25.74363],[28.22928,-25.74364]]}},{"type":"Feature","properties":{"id":"relation/3307841","name":"Hatfield - Arcadia (Gautrain H3)","network":"Gautrain Bus"},"geometry":{"type":"LineString","coordinates":[[28.22928,-25.74364],[28.22877,-25.74368]]}},{"type":"Feature","properties":{"id":"relation/3307841","name":"Hatfield - Arcadia (Gautrain H3)","network":"Gautrain Bus"},"geometry":{"type":"LineString","coordinates":[[28.22877,-25.74368],[28.22799,-25.74373],[28.22749,-25.74376]]}},{"type":"Feature","properties":{"id":"relation/3307841","name":"Hatfield - Arcadia (Gautrain H3)","network":"Gautrain Bus"},"geometry":{"type":"LineString","coordinates":[[28.22749,-25.74376],[28.2271,-25.7438]]}},{"type":"Feature","properties":{"id":"relation/3307841","name":"Hatfield - Arcadia (Gautrain H3)","network":"Gautrain Bus"},"geometry":{"type":"LineString","coordinates":[[28.2271,-25.7438],[28.22673,-25.74382]]}},{"type":"Feature","properties":{"id":"relation/3307841","name":"Hatfield - Arcadia (Gautrain H3)","network":"Gautrain Bus"},"geometry":{"type":"LineString","coordinates":[[28.22673,-25.74382],[28.22634,-25.74385],[28.22522,-25.74393]]}},{"type":"Feature","properties":{"id":"relation/3307841","name":"Hatfield - Arcadia (Gautrain H3)","network":"Gautrain Bus"},"geometry":{"type":"LineString","coordinates":[[28.22522,-25.74393],[28.22495,-25.74394]]}},{"type":"Feature","properties":{"id":"relation/3307841","name":"Hatfield - Arcadia (Gautrain H3)","network":"Gautrain Bus"},"geometry":{"type":"LineString","coordinates":[[28.22495,-25.74394],[28.22483,-25.74395]]}},{"type":"Feature","properties":{"id":"relation/3307841","name":"Hatfield - Arcadia (Gautrain H3)","network":"Gautrain Bus"},"geometry":{"type":"LineString","coordinates":[[28.22483,-25.74395],[28.22466,-25.74396]]}},{"type":"Feature","properties":{"id":"relation/3307841","name":"Hatfield - Arcadia (Gautrain H3)","network":"Gautrain Bus"},"geometry":{"type":"LineString","coordinates":[[28.22466,-25.74396],[28.22439,-25.74397]]}},{"type":"Feature","properties":{"id":"relation/3307841","name":"Hatfield - Arcadia (Gautrain H3)","network":"Gautrain Bus"},"geometry":{"type":"LineString","coordinates":[[28.22439,-25.74397],[28.22422,-25.74398]]}},{"type":"Feature","properties":{"id":"relation/3307841","name":"Hatfield - Arcadia (Gautrain H3)","network":"Gautrain Bus"},"geometry":{"type":"LineString","coordinates":[[28.22422,-25.74398],[28.22396,-25.744]]}},{"type":"Feature","properties":{"id":"relation/3307841","name":"Hatfield - Arcadia (Gautrain H3)","network":"Gautrain Bus"},"geometry":{"type":"LineString","coordinates":[[28.22396,-25.744],[28.22361,-25.74402]]}},{"type":"Feature","properties":{"id":"relation/3307842","name":"Hatfield - Queenswood (Gautrain H6)","network":"Gautrain Bus"},"geometry":{"type":"LineString","coordinates":[[28.24406,-25.74043],[28.24432,-25.74016],[28.24444,-25.74003]]}},{"type":"Feature","properties":{"id":"relation/3307842","name":"Hatfield - Queenswood (Gautrain H6)","network":"Gautrain Bus"},"geometry":{"type":"LineString","coordinates":[[28.24444,-25.74003],[28.24467,-25.73979],[28.24478,-25.73966],[28.24485,-25.73958]]}},{"type":"Feature","properties":{"id":"relation/3307842","name":"Hatfield - Queenswood (Gautrain H6)","network":"Gautrain Bus"},"geometry":{"type":"LineString","coordinates":[[28.24485,-25.73958],[28.24492,-25.73948],[28.24506,-25.73926],[28.24513,-25.73914],[28.24517,-25.73908],[28.24523,-25.73901]]}},{"type":"Feature","properties":{"id":"relation/3307842","name":"Hatfield - Queenswood (Gautrain H6)","network":"Gautrain Bus"},"geometry":{"type":"LineString","coordinates":[[28.24523,-25.73901],[28.24545,-25.73861],[28.24574,-25.73807],[28.24599,-25.73762],[28.2461,-25.7374],[28.24617,-25.73722],[28.24623,-25.73707],[28.24627,-25.73692],[28.24631,-25.73675],[28.24642,-25.73608],[28.2465,-25.73557]]}},{"type":"Feature","properties":{"id":"relation/3307842","name":"Hatfield - Queenswood (Gautrain H6)","network":"Gautrain Bus"},"geometry":{"type":"LineString","coordinates":[[28.2465,-25.73557],[28.24649,-25.73539],[28.24652,-25.73515],[28.24656,-25.73484],[28.24657,-25.73459],[28.24655,-25.73428],[28.24653,-25.73396]]}},{"type":"Feature","properties":{"id":"relation/3307842","name":"Hatfield - Queenswood (Gautrain H6)","network":"Gautrain Bus"},"geometry":{"type":"LineString","coordinates":[[28.24653,-25.73396],[28.2465,-25.73375]]}},{"type":"Feature","properties":{"id":"relation/3307842","name":"Hatfield - Queenswood (Gautrain H6)","network":"Gautrain Bus"},"geometry":{"type":"LineString","coordinates":[[28.2465,-25.73375],[28.24648,-25.73365],[28.24646,-25.73359],[28.24644,-25.73353],[28.24642,-25.73349],[28.2464,-25.73343],[28.24637,-25.73337],[28.24622,-25.73304],[28.24621,-25.73301],[28.24618,-25.73293]]}},{"type":"Feature","properties":{"id":"relation/3307842","name":"Hatfield - Queenswood (Gautrain H6)","network":"Gautrain Bus"},"geometry":{"type":"LineString","coordinates":[[28.24618,-25.73293],[28.24605,-25.73293],[28.2457,-25.73294],[28.24475,-25.73298],[28.24396,-25.73302],[28.24325,-25.73305],[28.24286,-25.73307]]}},{"type":"Feature","properties":{"id":"relation/3307842","name":"Hatfield - Queenswood (Gautrain H6)","network":"Gautrain Bus"},"geometry":{"type":"LineString","coordinates":[[28.24286,-25.73307],[28.24237,-25.73309]]}},{"type":"Feature","properties":{"id":"relation/3307842","name":"Hatfield - Queenswood (Gautrain H6)","network":"Gautrain Bus"},"geometry":{"type":"LineString","coordinates":[[28.24237,-25.73309],[28.2419,-25.73311],[28.23857,-25.73322]]}},{"type":"Feature","properties":{"id":"relation/3307842","name":"Hatfield - Queenswood (Gautrain H6)","network":"Gautrain Bus"},"geometry":{"type":"LineString","coordinates":[[28.23857,-25.73322],[28.23684,-25.73328],[28.23562,-25.73335],[28.23503,-25.73335]]}},{"type":"Feature","properties":{"id":"relation/3307842","name":"Hatfield - Queenswood (Gautrain H6)","network":"Gautrain Bus"},"geometry":{"type":"LineString","coordinates":[[28.23503,-25.73335],[28.23498,-25.73338],[28.23491,-25.7334],[28.23484,-25.73341],[28.23477,-25.73342],[28.23472,-25.73345],[28.23467,-25.7335],[28.23464,-25.73355],[28.23462,-25.73359],[28.23458,-25.73367]]}},{"type":"Feature","properties":{"id":"relation/3307842","name":"Hatfield - Queenswood (Gautrain H6)","network":"Gautrain Bus"},"geometry":{"type":"LineString","coordinates":[[28.23458,-25.73367],[28.2346,-25.73384]]}},{"type":"Feature","properties":{"id":"relation/3307842","name":"Hatfield - Queenswood (Gautrain H6)","network":"Gautrain Bus"},"geometry":{"type":"LineString","coordinates":[[28.2346,-25.73384],[28.23445,-25.73385]]}},{"type":"Feature","properties":{"id":"relation/3307842","name":"Hatfield - Queenswood (Gautrain H6)","network":"Gautrain Bus"},"geometry":{"type":"LineString","coordinates":[[28.23445,-25.73385],[28.23426,-25.73386]]}},{"type":"Feature","properties":{"id":"relation/3307842","name":"Hatfield - Queenswood (Gautrain H6)","network":"Gautrain Bus"},"geometry":{"type":"LineString","coordinates":[[28.23426,-25.73386],[28.23408,-25.73387],[28.23402,-25.73388]]}},{"type":"Feature","properties":{"id":"relation/3307842","name":"Hatfield - Queenswood (Gautrain H6)","network":"Gautrain Bus"},"geometry":{"type":"LineString","coordinates":[[28.23402,-25.73388],[28.23397,-25.73388],[28.23394,-25.73386],[28.23392,-25.73383],[28.23391,-25.73378],[28.2339,-25.73371],[28.23391,-25.73369],[28.23393,-25.73366],[28.23395,-25.73366],[28.23404,-25.73365]]}},{"type":"Feature","properties":{"id":"relation/3307842","name":"Hatfield - Queenswood (Gautrain H6)","network":"Gautrain Bus"},"geometry":{"type":"LineString","coordinates":[[28.23404,-25.73365],[28.2341,-25.73365],[28.23413,-25.73366],[28.23416,-25.73366],[28.23418,-25.73368],[28.23423,-25.73378],[28.23426,-25.73386]]}},{"type":"Feature","properties":{"id":"relation/3307842","name":"Hatfield - Queenswood (Gautrain H6)","network":"Gautrain Bus"},"geometry":{"type":"LineString","coordinates":[[28.23445,-25.73385],[28.23442,-25.73347],[28.23442,-25.73339],[28.23441,-25.73331]]}},{"type":"Feature","properties":{"id":"relation/3307842","name":"Hatfield - Queenswood (Gautrain H6)","network":"Gautrain Bus"},"geometry":{"type":"LineString","coordinates":[[28.23455,-25.7333],[28.23463,-25.7333],[28.23526,-25.73327],[28.23562,-25.73326],[28.23855,-25.73313],[28.24168,-25.73301]]}},{"type":"Feature","properties":{"id":"relation/3307842","name":"Hatfield - Queenswood (Gautrain H6)","network":"Gautrain Bus"},"geometry":{"type":"LineString","coordinates":[[28.24168,-25.73301],[28.24217,-25.733]]}},{"type":"Feature","properties":{"id":"relation/3307842","name":"Hatfield - Queenswood (Gautrain H6)","network":"Gautrain Bus"},"geometry":{"type":"LineString","coordinates":[[28.24217,-25.733],[28.24237,-25.73298]]}},{"type":"Feature","properties":{"id":"relation/3307842","name":"Hatfield - Queenswood (Gautrain H6)","network":"Gautrain Bus"},"geometry":{"type":"LineString","coordinates":[[28.24237,-25.73298],[28.24254,-25.73298],[28.24472,-25.73291],[28.24511,-25.73289]]}},{"type":"Feature","properties":{"id":"relation/3307842","name":"Hatfield - Queenswood (Gautrain H6)","network":"Gautrain Bus"},"geometry":{"type":"LineString","coordinates":[[28.24511,-25.73289],[28.2457,-25.73286]]}},{"type":"Feature","properties":{"id":"relation/3307842","name":"Hatfield - Queenswood (Gautrain H6)","network":"Gautrain Bus"},"geometry":{"type":"LineString","coordinates":[[28.2457,-25.73286],[28.24597,-25.73285],[28.24604,-25.73285],[28.24614,-25.73284]]}},{"type":"Feature","properties":{"id":"relation/3307842","name":"Hatfield - Queenswood (Gautrain H6)","network":"Gautrain Bus"},"geometry":{"type":"LineString","coordinates":[[28.24614,-25.73284],[28.24627,-25.73284]]}},{"type":"Feature","properties":{"id":"relation/3307842","name":"Hatfield - Queenswood (Gautrain H6)","network":"Gautrain Bus"},"geometry":{"type":"LineString","coordinates":[[28.24627,-25.73284],[28.2464,-25.73277],[28.24658,-25.73282],[28.24829,-25.73269]]}},{"type":"Feature","properties":{"id":"relation/3307842","name":"Hatfield - Queenswood (Gautrain H6)","network":"Gautrain Bus"},"geometry":{"type":"LineString","coordinates":[[28.24829,-25.73269],[28.24828,-25.73251],[28.24828,-25.73245],[28.24828,-25.73242],[28.24825,-25.73191],[28.24821,-25.73122],[28.2482,-25.73109],[28.24815,-25.73021],[28.24815,-25.73014],[28.24813,-25.72981],[28.2481,-25.72924],[28.24808,-25.72908],[28.24805,-25.72826]]}},{"type":"Feature","properties":{"id":"relation/3307842","name":"Hatfield - Queenswood (Gautrain H6)","network":"Gautrain Bus"},"geometry":{"type":"LineString","coordinates":[[28.24689,-25.72831],[28.24793,-25.72827],[28.24805,-25.72826]]}},{"type":"Feature","properties":{"id":"relation/3307842","name":"Hatfield - Queenswood (Gautrain H6)","network":"Gautrain Bus"},"geometry":{"type":"LineString","coordinates":[[28.2458,-25.72836],[28.24656,-25.72833],[28.24689,-25.72831]]}},{"type":"Feature","properties":{"id":"relation/3307842","name":"Hatfield - Queenswood (Gautrain H6)","network":"Gautrain Bus"},"geometry":{"type":"LineString","coordinates":[[28.24583,-25.72882],[28.24582,-25.72859],[28.2458,-25.72836]]}},{"type":"Feature","properties":{"id":"relation/3307842","name":"Hatfield - Queenswood (Gautrain H6)","network":"Gautrain Bus"},"geometry":{"type":"LineString","coordinates":[[28.24587,-25.72953],[28.24585,-25.72913],[28.24583,-25.72882]]}},{"type":"Feature","properties":{"id":"relation/3307842","name":"Hatfield - Queenswood (Gautrain H6)","network":"Gautrain Bus"},"geometry":{"type":"LineString","coordinates":[[28.24587,-25.72953],[28.24592,-25.72975],[28.24592,-25.72983],[28.24593,-25.72988],[28.24594,-25.73]]}},{"type":"Feature","properties":{"id":"relation/3307842","name":"Hatfield - Queenswood (Gautrain H6)","network":"Gautrain Bus"},"geometry":{"type":"LineString","coordinates":[[28.24594,-25.73],[28.24594,-25.73013],[28.24595,-25.73019]]}},{"type":"Feature","properties":{"id":"relation/3307842","name":"Hatfield - Queenswood (Gautrain H6)","network":"Gautrain Bus"},"geometry":{"type":"LineString","coordinates":[[28.24595,-25.73019],[28.24595,-25.7302],[28.24595,-25.73023],[28.24597,-25.73073],[28.246,-25.73118]]}},{"type":"Feature","properties":{"id":"relation/3307842","name":"Hatfield - Queenswood (Gautrain H6)","network":"Gautrain Bus"},"geometry":{"type":"LineString","coordinates":[[28.246,-25.73118],[28.24604,-25.73167]]}},{"type":"Feature","properties":{"id":"relation/3307842","name":"Hatfield - Queenswood (Gautrain H6)","network":"Gautrain Bus"},"geometry":{"type":"LineString","coordinates":[[28.24604,-25.73167],[28.24606,-25.73202]]}},{"type":"Feature","properties":{"id":"relation/3307842","name":"Hatfield - Queenswood (Gautrain H6)","network":"Gautrain Bus"},"geometry":{"type":"LineString","coordinates":[[28.24606,-25.73202],[28.24607,-25.73212],[28.24608,-25.73223],[28.24609,-25.73226],[28.2461,-25.73232],[28.24611,-25.73237]]}},{"type":"Feature","properties":{"id":"relation/3307842","name":"Hatfield - Queenswood (Gautrain H6)","network":"Gautrain Bus"},"geometry":{"type":"LineString","coordinates":[[28.24611,-25.73237],[28.24612,-25.73242],[28.24614,-25.73248],[28.24614,-25.7325],[28.24615,-25.73254]]}},{"type":"Feature","properties":{"id":"relation/3307842","name":"Hatfield - Queenswood (Gautrain H6)","network":"Gautrain Bus"},"geometry":{"type":"LineString","coordinates":[[28.24615,-25.73254],[28.24621,-25.73271],[28.24624,-25.73277],[28.24627,-25.73284]]}},{"type":"Feature","properties":{"id":"relation/3307842","name":"Hatfield - Queenswood (Gautrain H6)","network":"Gautrain Bus"},"geometry":{"type":"LineString","coordinates":[[28.24627,-25.73284],[28.24631,-25.73293]]}},{"type":"Feature","properties":{"id":"relation/3307842","name":"Hatfield - Queenswood (Gautrain H6)","network":"Gautrain Bus"},"geometry":{"type":"LineString","coordinates":[[28.24631,-25.73293],[28.24635,-25.733],[28.24642,-25.73317],[28.24651,-25.73337],[28.24656,-25.73349],[28.2466,-25.73369]]}},{"type":"Feature","properties":{"id":"relation/3307842","name":"Hatfield - Queenswood (Gautrain H6)","network":"Gautrain Bus"},"geometry":{"type":"LineString","coordinates":[[28.2466,-25.73369],[28.24662,-25.73379],[28.24665,-25.73405],[28.24667,-25.73427],[28.24669,-25.73458],[28.24668,-25.73481],[28.24663,-25.73512],[28.24657,-25.73541],[28.2465,-25.73557]]}},{"type":"Feature","properties":{"id":"relation/3307842","name":"Hatfield - Queenswood (Gautrain H6)","network":"Gautrain Bus"},"geometry":{"type":"LineString","coordinates":[[28.24523,-25.73901],[28.24521,-25.7391],[28.24517,-25.73918],[28.24514,-25.73925]]}},{"type":"Feature","properties":{"id":"relation/3307842","name":"Hatfield - Queenswood (Gautrain H6)","network":"Gautrain Bus"},"geometry":{"type":"LineString","coordinates":[[28.24514,-25.73925],[28.24499,-25.73953],[28.24495,-25.73959]]}},{"type":"Feature","properties":{"id":"relation/3307842","name":"Hatfield - Queenswood (Gautrain H6)","network":"Gautrain Bus"},"geometry":{"type":"LineString","coordinates":[[28.24495,-25.73959],[28.2449,-25.73965],[28.24484,-25.73973],[28.24474,-25.73982],[28.24457,-25.74],[28.24439,-25.74018],[28.24409,-25.74048]]}},{"type":"Feature","properties":{"id":"relation/3307842","name":"Hatfield - Queenswood (Gautrain H6)","network":"Gautrain Bus"},"geometry":{"type":"LineString","coordinates":[[28.24409,-25.74048],[28.24391,-25.74066],[28.24378,-25.74079],[28.24369,-25.74088],[28.24344,-25.74115],[28.24334,-25.74124],[28.24299,-25.74157]]}},{"type":"Feature","properties":{"id":"relation/3307842","name":"Hatfield - Queenswood (Gautrain H6)","network":"Gautrain Bus"},"geometry":{"type":"LineString","coordinates":[[28.24299,-25.74157],[28.24274,-25.74179],[28.24236,-25.74217]]}},{"type":"Feature","properties":{"id":"relation/3307842","name":"Hatfield - Queenswood (Gautrain H6)","network":"Gautrain Bus"},"geometry":{"type":"LineString","coordinates":[[28.24236,-25.74217],[28.24222,-25.7423],[28.2421,-25.74242],[28.24199,-25.74254],[28.24195,-25.7426],[28.24193,-25.74265],[28.24189,-25.74271]]}},{"type":"Feature","properties":{"id":"relation/3307842","name":"Hatfield - Queenswood (Gautrain H6)","network":"Gautrain Bus"},"geometry":{"type":"LineString","coordinates":[[28.24189,-25.74271],[28.2419,-25.74277]]}},{"type":"Feature","properties":{"id":"relation/3307842","name":"Hatfield - Queenswood (Gautrain H6)","network":"Gautrain Bus"},"geometry":{"type":"LineString","coordinates":[[28.2419,-25.74277],[28.24191,-25.74289],[28.24193,-25.74317],[28.24194,-25.74331],[28.24197,-25.74364]]}},{"type":"Feature","properties":{"id":"relation/3307842","name":"Hatfield - Queenswood (Gautrain H6)","network":"Gautrain Bus"},"geometry":{"type":"LineString","coordinates":[[28.24197,-25.74364],[28.24202,-25.7442]]}},{"type":"Feature","properties":{"id":"relation/3307842","name":"Hatfield - Queenswood (Gautrain H6)","network":"Gautrain Bus"},"geometry":{"type":"LineString","coordinates":[[28.24202,-25.7442],[28.24203,-25.74434]]}},{"type":"Feature","properties":{"id":"relation/3307842","name":"Hatfield - Queenswood (Gautrain H6)","network":"Gautrain Bus"},"geometry":{"type":"LineString","coordinates":[[28.24203,-25.74434],[28.24204,-25.7445],[28.24202,-25.74465],[28.242,-25.74477],[28.24197,-25.74486],[28.24193,-25.74495],[28.24186,-25.74511],[28.24175,-25.74529]]}},{"type":"Feature","properties":{"id":"relation/3307842","name":"Hatfield - Queenswood (Gautrain H6)","network":"Gautrain Bus"},"geometry":{"type":"LineString","coordinates":[[28.24175,-25.74529],[28.24135,-25.74574]]}},{"type":"Feature","properties":{"id":"relation/3307842","name":"Hatfield - Queenswood (Gautrain H6)","network":"Gautrain Bus"},"geometry":{"type":"LineString","coordinates":[[28.24135,-25.74574],[28.24101,-25.74611],[28.24061,-25.74658]]}},{"type":"Feature","properties":{"id":"relation/3307842","name":"Hatfield - Queenswood (Gautrain H6)","network":"Gautrain Bus"},"geometry":{"type":"LineString","coordinates":[[28.24061,-25.74658],[28.24026,-25.74703]]}},{"type":"Feature","properties":{"id":"relation/3307842","name":"Hatfield - Queenswood (Gautrain H6)","network":"Gautrain Bus"},"geometry":{"type":"LineString","coordinates":[[28.24026,-25.74703],[28.24019,-25.74712]]}},{"type":"Feature","properties":{"id":"relation/3307842","name":"Hatfield - Queenswood (Gautrain H6)","network":"Gautrain Bus"},"geometry":{"type":"LineString","coordinates":[[28.24019,-25.74712],[28.24018,-25.74715],[28.24013,-25.74725],[28.24009,-25.74735],[28.24007,-25.74742],[28.24001,-25.74762],[28.23999,-25.74772],[28.23998,-25.74782],[28.23998,-25.74794],[28.23998,-25.74808],[28.23998,-25.74824]]}},{"type":"Feature","properties":{"id":"relation/3307842","name":"Hatfield - Queenswood (Gautrain H6)","network":"Gautrain Bus"},"geometry":{"type":"LineString","coordinates":[[28.23998,-25.74824],[28.23998,-25.74837],[28.23999,-25.74854],[28.24,-25.74877]]}},{"type":"Feature","properties":{"id":"relation/3307842","name":"Hatfield - Queenswood (Gautrain H6)","network":"Gautrain Bus"},"geometry":{"type":"LineString","coordinates":[[28.24,-25.74877],[28.24005,-25.74963]]}},{"type":"Feature","properties":{"id":"relation/3307842","name":"Hatfield - Queenswood (Gautrain H6)","network":"Gautrain Bus"},"geometry":{"type":"LineString","coordinates":[[28.24005,-25.74963],[28.2401,-25.75026]]}},{"type":"Feature","properties":{"id":"relation/3307842","name":"Hatfield - Queenswood (Gautrain H6)","network":"Gautrain Bus"},"geometry":{"type":"LineString","coordinates":[[28.2401,-25.75026],[28.24,-25.75026]]}},{"type":"Feature","properties":{"id":"relation/3307842","name":"Hatfield - Queenswood (Gautrain H6)","network":"Gautrain Bus"},"geometry":{"type":"LineString","coordinates":[[28.24,-25.75026],[28.2395,-25.7503]]}},{"type":"Feature","properties":{"id":"relation/3307842","name":"Hatfield - Queenswood (Gautrain H6)","network":"Gautrain Bus"},"geometry":{"type":"LineString","coordinates":[[28.2395,-25.7503],[28.23942,-25.75031],[28.23882,-25.75035],[28.23762,-25.75043]]}},{"type":"Feature","properties":{"id":"relation/3307842","name":"Hatfield - Queenswood (Gautrain H6)","network":"Gautrain Bus"},"geometry":{"type":"LineString","coordinates":[[28.23762,-25.75043],[28.23757,-25.74987],[28.23756,-25.74982],[28.2375,-25.74913],[28.23749,-25.74904]]}},{"type":"Feature","properties":{"id":"relation/3307842","name":"Hatfield - Queenswood (Gautrain H6)","network":"Gautrain Bus"},"geometry":{"type":"LineString","coordinates":[[28.23751,-25.74896],[28.23749,-25.74904]]}},{"type":"Feature","properties":{"id":"relation/3307842","name":"Hatfield - Queenswood (Gautrain H6)","network":"Gautrain Bus"},"geometry":{"type":"LineString","coordinates":[[28.23745,-25.74804],[28.23751,-25.74896]]}},{"type":"Feature","properties":{"id":"relation/3307842","name":"Hatfield - Queenswood (Gautrain H6)","network":"Gautrain Bus"},"geometry":{"type":"LineString","coordinates":[[28.23742,-25.74763],[28.23745,-25.74804]]}},{"type":"Feature","properties":{"id":"relation/3307842","name":"Hatfield - Queenswood (Gautrain H6)","network":"Gautrain Bus"},"geometry":{"type":"LineString","coordinates":[[28.23741,-25.74754],[28.23742,-25.74763]]}},{"type":"Feature","properties":{"id":"relation/3307842","name":"Hatfield - Queenswood (Gautrain H6)","network":"Gautrain Bus"},"geometry":{"type":"LineString","coordinates":[[28.2374,-25.74743],[28.23741,-25.74754]]}},{"type":"Feature","properties":{"id":"relation/3307842","name":"Hatfield - Queenswood (Gautrain H6)","network":"Gautrain Bus"},"geometry":{"type":"LineString","coordinates":[[28.23675,-25.7476],[28.23668,-25.74766],[28.23659,-25.74773],[28.23652,-25.74777],[28.23612,-25.74794]]}},{"type":"Feature","properties":{"id":"relation/3307842","name":"Hatfield - Queenswood (Gautrain H6)","network":"Gautrain Bus"},"geometry":{"type":"LineString","coordinates":[[28.23612,-25.74794],[28.23595,-25.748],[28.23588,-25.748],[28.23583,-25.74799],[28.23581,-25.74797],[28.23578,-25.74795],[28.23573,-25.74784],[28.23572,-25.74771],[28.23571,-25.74766]]}},{"type":"Feature","properties":{"id":"relation/3307842","name":"Hatfield - Queenswood (Gautrain H6)","network":"Gautrain Bus"},"geometry":{"type":"LineString","coordinates":[[28.23491,-25.74762],[28.23496,-25.7476],[28.23499,-25.74759],[28.23503,-25.74758],[28.23544,-25.74755],[28.23567,-25.74753]]}},{"type":"Feature","properties":{"id":"relation/3307842","name":"Hatfield - Queenswood (Gautrain H6)","network":"Gautrain Bus"},"geometry":{"type":"LineString","coordinates":[[28.23491,-25.74762],[28.23492,-25.74766],[28.23492,-25.7477],[28.23493,-25.74786]]}},{"type":"Feature","properties":{"id":"relation/3307842","name":"Hatfield - Queenswood (Gautrain H6)","network":"Gautrain Bus"},"geometry":{"type":"LineString","coordinates":[[28.23493,-25.74786],[28.23499,-25.74852]]}},{"type":"Feature","properties":{"id":"relation/3307842","name":"Hatfield - Queenswood (Gautrain H6)","network":"Gautrain Bus"},"geometry":{"type":"LineString","coordinates":[[28.23499,-25.74852],[28.23503,-25.74887]]}},{"type":"Feature","properties":{"id":"relation/3307842","name":"Hatfield - Queenswood (Gautrain H6)","network":"Gautrain Bus"},"geometry":{"type":"LineString","coordinates":[[28.23503,-25.74887],[28.23505,-25.74914]]}},{"type":"Feature","properties":{"id":"relation/3307842","name":"Hatfield - Queenswood (Gautrain H6)","network":"Gautrain Bus"},"geometry":{"type":"LineString","coordinates":[[28.23505,-25.74914],[28.23586,-25.74908],[28.23629,-25.74905],[28.23633,-25.74904],[28.23636,-25.74904],[28.23702,-25.74899],[28.23744,-25.74896],[28.23751,-25.74896]]}},{"type":"Feature","properties":{"id":"relation/3307842","name":"Hatfield - Queenswood (Gautrain H6)","network":"Gautrain Bus"},"geometry":{"type":"LineString","coordinates":[[28.23751,-25.74896],[28.23788,-25.74892],[28.23822,-25.7489],[28.23836,-25.74889],[28.23844,-25.74888],[28.23893,-25.74884],[28.23899,-25.74884],[28.23939,-25.74881],[28.23987,-25.74878]]}},{"type":"Feature","properties":{"id":"relation/3307842","name":"Hatfield - Queenswood (Gautrain H6)","network":"Gautrain Bus"},"geometry":{"type":"LineString","coordinates":[[28.23987,-25.74878],[28.23984,-25.74803],[28.23982,-25.74765],[28.23981,-25.74745],[28.2398,-25.74723],[28.2398,-25.74719]]}},{"type":"Feature","properties":{"id":"relation/3307842","name":"Hatfield - Queenswood (Gautrain H6)","network":"Gautrain Bus"},"geometry":{"type":"LineString","coordinates":[[28.2398,-25.74719],[28.23978,-25.74692]]}},{"type":"Feature","properties":{"id":"relation/3307842","name":"Hatfield - Queenswood (Gautrain H6)","network":"Gautrain Bus"},"geometry":{"type":"LineString","coordinates":[[28.23978,-25.74692],[28.23977,-25.74685],[28.23977,-25.74682],[28.23975,-25.74663],[28.23974,-25.74654],[28.23968,-25.74595],[28.23967,-25.74586]]}},{"type":"Feature","properties":{"id":"relation/3307842","name":"Hatfield - Queenswood (Gautrain H6)","network":"Gautrain Bus"},"geometry":{"type":"LineString","coordinates":[[28.23967,-25.74586],[28.23967,-25.74577],[28.23965,-25.74549],[28.23964,-25.74542],[28.2396,-25.7449],[28.23957,-25.74438]]}},{"type":"Feature","properties":{"id":"relation/3307842","name":"Hatfield - Queenswood (Gautrain H6)","network":"Gautrain Bus"},"geometry":{"type":"LineString","coordinates":[[28.23957,-25.74438],[28.23951,-25.74388],[28.23948,-25.74363]]}},{"type":"Feature","properties":{"id":"relation/3307842","name":"Hatfield - Queenswood (Gautrain H6)","network":"Gautrain Bus"},"geometry":{"type":"LineString","coordinates":[[28.23948,-25.74363],[28.23943,-25.74294]]}},{"type":"Feature","properties":{"id":"relation/3307842","name":"Hatfield - Queenswood (Gautrain H6)","network":"Gautrain Bus"},"geometry":{"type":"LineString","coordinates":[[28.23943,-25.74294],[28.23942,-25.74288]]}},{"type":"Feature","properties":{"id":"relation/3307842","name":"Hatfield - Queenswood (Gautrain H6)","network":"Gautrain Bus"},"geometry":{"type":"LineString","coordinates":[[28.23942,-25.74288],[28.23945,-25.7428],[28.23949,-25.74274],[28.23955,-25.74268],[28.23972,-25.74252],[28.24001,-25.74227],[28.24024,-25.74208],[28.24066,-25.7417],[28.2408,-25.74159],[28.24096,-25.74148],[28.24108,-25.74141],[28.24121,-25.74136],[28.24132,-25.74133],[28.24145,-25.74131],[28.2416,-25.74129],[28.24177,-25.74128],[28.24196,-25.74129],[28.24213,-25.7413],[28.2424,-25.74133],[28.24254,-25.74132],[28.24262,-25.74132],[28.24273,-25.7413],[28.2428,-25.74129]]}},{"type":"Feature","properties":{"id":"relation/3307842","name":"Hatfield - Queenswood (Gautrain H6)","network":"Gautrain Bus"},"geometry":{"type":"LineString","coordinates":[[28.2428,-25.74129],[28.24284,-25.74128],[28.24291,-25.74126],[28.24301,-25.74122],[28.24314,-25.74117],[28.24322,-25.74112],[28.24332,-25.74106],[28.24347,-25.74096],[28.24361,-25.74085],[28.24376,-25.74072],[28.24406,-25.74043]]}},{"type":"Feature","properties":{"id":"relation/3308040","name":"Hatfield - Menlyn (Gautrain H5)","network":"Gautrain Bus"},"geometry":{"type":"LineString","coordinates":[[28.23974,-25.7558],[28.24098,-25.75609],[28.24148,-25.7562],[28.24169,-25.75626],[28.24182,-25.75629],[28.2419,-25.75632],[28.24196,-25.75635],[28.24202,-25.75639],[28.24207,-25.75642],[28.2421,-25.75645],[28.24223,-25.75657],[28.24251,-25.75687],[28.24261,-25.757],[28.24267,-25.75707],[28.24271,-25.75711],[28.24274,-25.75715],[28.24276,-25.75718]]}},{"type":"Feature","properties":{"id":"relation/3308040","name":"Hatfield - Menlyn (Gautrain H5)","network":"Gautrain Bus"},"geometry":{"type":"LineString","coordinates":[[28.24276,-25.75718],[28.24281,-25.75725]]}},{"type":"Feature","properties":{"id":"relation/3308040","name":"Hatfield - Menlyn (Gautrain H5)","network":"Gautrain Bus"},"geometry":{"type":"LineString","coordinates":[[28.24281,-25.75725],[28.24286,-25.75734],[28.24288,-25.75737],[28.24288,-25.7574],[28.24288,-25.75744]]}},{"type":"Feature","properties":{"id":"relation/3308040","name":"Hatfield - Menlyn (Gautrain H5)","network":"Gautrain Bus"},"geometry":{"type":"LineString","coordinates":[[28.24326,-25.75801],[28.24288,-25.75744]]}},{"type":"Feature","properties":{"id":"relation/3308040","name":"Hatfield - Menlyn (Gautrain H5)","network":"Gautrain Bus"},"geometry":{"type":"LineString","coordinates":[[28.2439,-25.75897],[28.24383,-25.75887],[28.24326,-25.75801]]}},{"type":"Feature","properties":{"id":"relation/3308040","name":"Hatfield - Menlyn (Gautrain H5)","network":"Gautrain Bus"},"geometry":{"type":"LineString","coordinates":[[28.2444,-25.75971],[28.24432,-25.75959],[28.24421,-25.75943],[28.24409,-25.75925],[28.2439,-25.75897]]}},{"type":"Feature","properties":{"id":"relation/3308040","name":"Hatfield - Menlyn (Gautrain H5)","network":"Gautrain Bus"},"geometry":{"type":"LineString","coordinates":[[28.25131,-25.77009],[28.25128,-25.77003],[28.25112,-25.76979],[28.25108,-25.76973],[28.25075,-25.76923],[28.25056,-25.76895],[28.25019,-25.7684],[28.24971,-25.76766]]}},{"type":"Feature","properties":{"id":"relation/3308040","name":"Hatfield - Menlyn (Gautrain H5)","network":"Gautrain Bus"},"geometry":{"type":"LineString","coordinates":[[28.25198,-25.77115],[28.25185,-25.77091],[28.25181,-25.77083]]}},{"type":"Feature","properties":{"id":"relation/3308040","name":"Hatfield - Menlyn (Gautrain H5)","network":"Gautrain Bus"},"geometry":{"type":"LineString","coordinates":[[28.25379,-25.7738],[28.25357,-25.7735],[28.25301,-25.77265],[28.25293,-25.77251],[28.25245,-25.77179],[28.25198,-25.77115]]}},{"type":"Feature","properties":{"id":"relation/3308040","name":"Hatfield - Menlyn (Gautrain H5)","network":"Gautrain Bus"},"geometry":{"type":"LineString","coordinates":[[28.254,-25.77412],[28.25398,-25.7741],[28.25379,-25.7738]]}},{"type":"Feature","properties":{"id":"relation/3308040","name":"Hatfield - Menlyn (Gautrain H5)","network":"Gautrain Bus"},"geometry":{"type":"LineString","coordinates":[[28.25555,-25.77704],[28.25594,-25.77774]]}},{"type":"Feature","properties":{"id":"relation/3308040","name":"Hatfield - Menlyn (Gautrain H5)","network":"Gautrain Bus"},"geometry":{"type":"LineString","coordinates":[[28.25594,-25.77774],[28.25607,-25.77796]]}},{"type":"Feature","properties":{"id":"relation/3308040","name":"Hatfield - Menlyn (Gautrain H5)","network":"Gautrain Bus"},"geometry":{"type":"LineString","coordinates":[[28.25607,-25.77796],[28.25638,-25.77844],[28.25657,-25.77875]]}},{"type":"Feature","properties":{"id":"relation/3308040","name":"Hatfield - Menlyn (Gautrain H5)","network":"Gautrain Bus"},"geometry":{"type":"LineString","coordinates":[[28.25657,-25.77875],[28.2567,-25.77896]]}},{"type":"Feature","properties":{"id":"relation/3308040","name":"Hatfield - Menlyn (Gautrain H5)","network":"Gautrain Bus"},"geometry":{"type":"LineString","coordinates":[[28.2567,-25.77896],[28.25708,-25.77956],[28.25722,-25.77977],[28.25745,-25.78015],[28.25748,-25.78025]]}},{"type":"Feature","properties":{"id":"relation/3308040","name":"Hatfield - Menlyn (Gautrain H5)","network":"Gautrain Bus"},"geometry":{"type":"LineString","coordinates":[[28.25814,-25.78129],[28.25748,-25.78025]]}},{"type":"Feature","properties":{"id":"relation/3308040","name":"Hatfield - Menlyn (Gautrain H5)","network":"Gautrain Bus"},"geometry":{"type":"LineString","coordinates":[[28.25814,-25.78129],[28.25821,-25.78139],[28.25827,-25.78147],[28.25838,-25.78164],[28.25847,-25.78177]]}},{"type":"Feature","properties":{"id":"relation/3308040","name":"Hatfield - Menlyn (Gautrain H5)","network":"Gautrain Bus"},"geometry":{"type":"LineString","coordinates":[[28.25847,-25.78177],[28.25862,-25.782]]}},{"type":"Feature","properties":{"id":"relation/3308040","name":"Hatfield - Menlyn (Gautrain H5)","network":"Gautrain Bus"},"geometry":{"type":"LineString","coordinates":[[28.25862,-25.782],[28.25873,-25.78215]]}},{"type":"Feature","properties":{"id":"relation/3308040","name":"Hatfield - Menlyn (Gautrain H5)","network":"Gautrain Bus"},"geometry":{"type":"LineString","coordinates":[[28.25873,-25.78215],[28.2589,-25.7824]]}},{"type":"Feature","properties":{"id":"relation/3308040","name":"Hatfield - Menlyn (Gautrain H5)","network":"Gautrain Bus"},"geometry":{"type":"LineString","coordinates":[[28.2589,-25.7824],[28.25902,-25.78259],[28.25915,-25.7828],[28.25922,-25.78291],[28.25932,-25.78305]]}},{"type":"Feature","properties":{"id":"relation/3308040","name":"Hatfield - Menlyn (Gautrain H5)","network":"Gautrain Bus"},"geometry":{"type":"LineString","coordinates":[[28.25932,-25.78305],[28.26016,-25.7829]]}},{"type":"Feature","properties":{"id":"relation/3308040","name":"Hatfield - Menlyn (Gautrain H5)","network":"Gautrain Bus"},"geometry":{"type":"LineString","coordinates":[[28.26016,-25.7829],[28.26049,-25.78286],[28.26056,-25.78285],[28.2609,-25.78282]]}},{"type":"Feature","properties":{"id":"relation/3308040","name":"Hatfield - Menlyn (Gautrain H5)","network":"Gautrain Bus"},"geometry":{"type":"LineString","coordinates":[[28.2609,-25.78282],[28.26115,-25.7828],[28.26144,-25.7828]]}},{"type":"Feature","properties":{"id":"relation/3308040","name":"Hatfield - Menlyn (Gautrain H5)","network":"Gautrain Bus"},"geometry":{"type":"LineString","coordinates":[[28.26144,-25.7828],[28.26164,-25.78281],[28.26176,-25.78283],[28.26197,-25.78288],[28.26206,-25.78291]]}},{"type":"Feature","properties":{"id":"relation/3308040","name":"Hatfield - Menlyn (Gautrain H5)","network":"Gautrain Bus"},"geometry":{"type":"LineString","coordinates":[[28.26206,-25.78291],[28.26245,-25.78304],[28.26311,-25.7833],[28.26319,-25.78333]]}},{"type":"Feature","properties":{"id":"relation/3308040","name":"Hatfield - Menlyn (Gautrain H5)","network":"Gautrain Bus"},"geometry":{"type":"LineString","coordinates":[[28.26319,-25.78333],[28.26337,-25.78338],[28.26348,-25.78341]]}},{"type":"Feature","properties":{"id":"relation/3308040","name":"Hatfield - Menlyn (Gautrain H5)","network":"Gautrain Bus"},"geometry":{"type":"LineString","coordinates":[[28.26348,-25.78341],[28.26358,-25.78344],[28.26389,-25.78355]]}},{"type":"Feature","properties":{"id":"relation/3308040","name":"Hatfield - Menlyn (Gautrain H5)","network":"Gautrain Bus"},"geometry":{"type":"LineString","coordinates":[[28.26389,-25.78355],[28.26399,-25.78359]]}},{"type":"Feature","properties":{"id":"relation/3308040","name":"Hatfield - Menlyn (Gautrain H5)","network":"Gautrain Bus"},"geometry":{"type":"LineString","coordinates":[[28.26399,-25.78359],[28.26402,-25.78361]]}},{"type":"Feature","properties":{"id":"relation/3308040","name":"Hatfield - Menlyn (Gautrain H5)","network":"Gautrain Bus"},"geometry":{"type":"LineString","coordinates":[[28.26402,-25.78361],[28.26411,-25.78364]]}},{"type":"Feature","properties":{"id":"relation/3308040","name":"Hatfield - Menlyn (Gautrain H5)","network":"Gautrain Bus"},"geometry":{"type":"LineString","coordinates":[[28.26411,-25.78364],[28.26467,-25.78384]]}},{"type":"Feature","properties":{"id":"relation/3308040","name":"Hatfield - Menlyn (Gautrain H5)","network":"Gautrain Bus"},"geometry":{"type":"LineString","coordinates":[[28.26467,-25.78384],[28.26485,-25.78391],[28.26511,-25.784],[28.26532,-25.78408]]}},{"type":"Feature","properties":{"id":"relation/3308040","name":"Hatfield - Menlyn (Gautrain H5)","network":"Gautrain Bus"},"geometry":{"type":"LineString","coordinates":[[28.26532,-25.78408],[28.26578,-25.78424],[28.26603,-25.78432]]}},{"type":"Feature","properties":{"id":"relation/3308040","name":"Hatfield - Menlyn (Gautrain H5)","network":"Gautrain Bus"},"geometry":{"type":"LineString","coordinates":[[28.26603,-25.78432],[28.26643,-25.78442],[28.2667,-25.78447],[28.26695,-25.78451]]}},{"type":"Feature","properties":{"id":"relation/3308040","name":"Hatfield - Menlyn (Gautrain H5)","network":"Gautrain Bus"},"geometry":{"type":"LineString","coordinates":[[28.26695,-25.78451],[28.26788,-25.78465],[28.26826,-25.78471]]}},{"type":"Feature","properties":{"id":"relation/3308040","name":"Hatfield - Menlyn (Gautrain H5)","network":"Gautrain Bus"},"geometry":{"type":"LineString","coordinates":[[28.26826,-25.78471],[28.26844,-25.78473],[28.26863,-25.78474],[28.26881,-25.78475],[28.26905,-25.78474]]}},{"type":"Feature","properties":{"id":"relation/3308040","name":"Hatfield - Menlyn (Gautrain H5)","network":"Gautrain Bus"},"geometry":{"type":"LineString","coordinates":[[28.26905,-25.78474],[28.2699,-25.78469]]}},{"type":"Feature","properties":{"id":"relation/3308040","name":"Hatfield - Menlyn (Gautrain H5)","network":"Gautrain Bus"},"geometry":{"type":"LineString","coordinates":[[28.2699,-25.78469],[28.27058,-25.78467],[28.27071,-25.78467]]}},{"type":"Feature","properties":{"id":"relation/3308040","name":"Hatfield - Menlyn (Gautrain H5)","network":"Gautrain Bus"},"geometry":{"type":"LineString","coordinates":[[28.27071,-25.78467],[28.27082,-25.78467],[28.27111,-25.78469],[28.27131,-25.78472],[28.27154,-25.78477],[28.27183,-25.78486],[28.27195,-25.7849],[28.27208,-25.78496]]}},{"type":"Feature","properties":{"id":"relation/3308040","name":"Hatfield - Menlyn (Gautrain H5)","network":"Gautrain Bus"},"geometry":{"type":"LineString","coordinates":[[28.27208,-25.78496],[28.27233,-25.7851],[28.27244,-25.78519],[28.27268,-25.78538],[28.2728,-25.7855],[28.27293,-25.78566],[28.27304,-25.7858]]}},{"type":"Feature","properties":{"id":"relation/3308040","name":"Hatfield - Menlyn (Gautrain H5)","network":"Gautrain Bus"},"geometry":{"type":"LineString","coordinates":[[28.27304,-25.7858],[28.27314,-25.78596],[28.27321,-25.78607]]}},{"type":"Feature","properties":{"id":"relation/3308040","name":"Hatfield - Menlyn (Gautrain H5)","network":"Gautrain Bus"},"geometry":{"type":"LineString","coordinates":[[28.27321,-25.78607],[28.27331,-25.78621]]}},{"type":"Feature","properties":{"id":"relation/3308040","name":"Hatfield - Menlyn (Gautrain H5)","network":"Gautrain Bus"},"geometry":{"type":"LineString","coordinates":[[28.27331,-25.78621],[28.27341,-25.78634],[28.27364,-25.78666],[28.27391,-25.78702],[28.27443,-25.78759]]}},{"type":"Feature","properties":{"id":"relation/3308040","name":"Hatfield - Menlyn (Gautrain H5)","network":"Gautrain Bus"},"geometry":{"type":"LineString","coordinates":[[28.27443,-25.78759],[28.27456,-25.78774]]}},{"type":"Feature","properties":{"id":"relation/3308040","name":"Hatfield - Menlyn (Gautrain H5)","network":"Gautrain Bus"},"geometry":{"type":"LineString","coordinates":[[28.27456,-25.78774],[28.27472,-25.7879],[28.27494,-25.78808],[28.27499,-25.78812]]}},{"type":"Feature","properties":{"id":"relation/3308040","name":"Hatfield - Menlyn (Gautrain H5)","network":"Gautrain Bus"},"geometry":{"type":"LineString","coordinates":[[28.27499,-25.78812],[28.27511,-25.7882]]}},{"type":"Feature","properties":{"id":"relation/3308040","name":"Hatfield - Menlyn (Gautrain H5)","network":"Gautrain Bus"},"geometry":{"type":"LineString","coordinates":[[28.27511,-25.7882],[28.27554,-25.7885],[28.27601,-25.78875],[28.27625,-25.78887]]}},{"type":"Feature","properties":{"id":"relation/3308040","name":"Hatfield - Menlyn (Gautrain H5)","network":"Gautrain Bus"},"geometry":{"type":"LineString","coordinates":[[28.27625,-25.78887],[28.27658,-25.78903]]}},{"type":"Feature","properties":{"id":"relation/3308040","name":"Hatfield - Menlyn (Gautrain H5)","network":"Gautrain Bus"},"geometry":{"type":"LineString","coordinates":[[28.27658,-25.78903],[28.27688,-25.78919]]}},{"type":"Feature","properties":{"id":"relation/3308040","name":"Hatfield - Menlyn (Gautrain H5)","network":"Gautrain Bus"},"geometry":{"type":"LineString","coordinates":[[28.27688,-25.78919],[28.27697,-25.78924]]}},{"type":"Feature","properties":{"id":"relation/3308040","name":"Hatfield - Menlyn (Gautrain H5)","network":"Gautrain Bus"},"geometry":{"type":"LineString","coordinates":[[28.27697,-25.78924],[28.27726,-25.78938],[28.27755,-25.78953],[28.27799,-25.78978]]}},{"type":"Feature","properties":{"id":"relation/3308040","name":"Hatfield - Menlyn (Gautrain H5)","network":"Gautrain Bus"},"geometry":{"type":"LineString","coordinates":[[28.27799,-25.78978],[28.27844,-25.79012]]}},{"type":"Feature","properties":{"id":"relation/3308040","name":"Hatfield - Menlyn (Gautrain H5)","network":"Gautrain Bus"},"geometry":{"type":"LineString","coordinates":[[28.27844,-25.79012],[28.27872,-25.79035]]}},{"type":"Feature","properties":{"id":"relation/3308040","name":"Hatfield - Menlyn (Gautrain H5)","network":"Gautrain Bus"},"geometry":{"type":"LineString","coordinates":[[28.27872,-25.79035],[28.27876,-25.79039],[28.27883,-25.79044]]}},{"type":"Feature","properties":{"id":"relation/3308040","name":"Hatfield - Menlyn (Gautrain H5)","network":"Gautrain Bus"},"geometry":{"type":"LineString","coordinates":[[28.27893,-25.79054],[28.27901,-25.79061],[28.27911,-25.7907],[28.27917,-25.79076],[28.27931,-25.7909],[28.27978,-25.79135],[28.28009,-25.79162],[28.28029,-25.7918]]}},{"type":"Feature","properties":{"id":"relation/3308040","name":"Hatfield - Menlyn (Gautrain H5)","network":"Gautrain Bus"},"geometry":{"type":"LineString","coordinates":[[28.27883,-25.79044],[28.27893,-25.79054]]}},{"type":"Feature","properties":{"id":"relation/3308040","name":"Hatfield - Menlyn (Gautrain H5)","network":"Gautrain Bus"},"geometry":{"type":"LineString","coordinates":[[28.28097,-25.79239],[28.28102,-25.79238],[28.28104,-25.79238],[28.28106,-25.79239],[28.28107,-25.7924],[28.28109,-25.79241],[28.28114,-25.79246],[28.28116,-25.79247],[28.28117,-25.79248],[28.2812,-25.79249],[28.28122,-25.79249],[28.28127,-25.79249],[28.2813,-25.79249],[28.28132,-25.79248],[28.28134,-25.79247],[28.28135,-25.79246],[28.2814,-25.79241],[28.28143,-25.79239],[28.28144,-25.79237],[28.28149,-25.79233]]}},{"type":"Feature","properties":{"id":"relation/3308040","name":"Hatfield - Menlyn (Gautrain H5)","network":"Gautrain Bus"},"geometry":{"type":"LineString","coordinates":[[28.28149,-25.79233],[28.28154,-25.79216],[28.28173,-25.79164],[28.28183,-25.79136],[28.28202,-25.7908],[28.28206,-25.79069],[28.2821,-25.79061],[28.28242,-25.78991],[28.28263,-25.78949],[28.28271,-25.78934],[28.28309,-25.7885],[28.28323,-25.78817],[28.28328,-25.78806]]}},{"type":"Feature","properties":{"id":"relation/3308040","name":"Hatfield - Menlyn (Gautrain H5)","network":"Gautrain Bus"},"geometry":{"type":"LineString","coordinates":[[28.28328,-25.78806],[28.28364,-25.78745],[28.2838,-25.78714],[28.28405,-25.78665],[28.28413,-25.78649],[28.28414,-25.78647],[28.28422,-25.78632],[28.28438,-25.786],[28.28463,-25.78549],[28.28501,-25.78469],[28.28513,-25.78442],[28.28521,-25.78426],[28.28556,-25.7836]]}},{"type":"Feature","properties":{"id":"relation/3308040","name":"Hatfield - Menlyn (Gautrain H5)","network":"Gautrain Bus"},"geometry":{"type":"LineString","coordinates":[[28.28556,-25.7836],[28.28561,-25.78352],[28.28571,-25.78332]]}},{"type":"Feature","properties":{"id":"relation/3308040","name":"Hatfield - Menlyn (Gautrain H5)","network":"Gautrain Bus"},"geometry":{"type":"LineString","coordinates":[[28.28571,-25.78332],[28.28579,-25.78316],[28.28642,-25.78185],[28.28671,-25.78136],[28.28696,-25.78102],[28.28747,-25.78042],[28.28809,-25.77969]]}},{"type":"Feature","properties":{"id":"relation/3308040","name":"Hatfield - Menlyn (Gautrain H5)","network":"Gautrain Bus"},"geometry":{"type":"LineString","coordinates":[[28.28809,-25.77969],[28.28826,-25.7795],[28.28864,-25.77907],[28.28871,-25.77899]]}},{"type":"Feature","properties":{"id":"relation/3308040","name":"Hatfield - Menlyn (Gautrain H5)","network":"Gautrain Bus"},"geometry":{"type":"LineString","coordinates":[[28.28871,-25.77899],[28.28874,-25.77895],[28.28878,-25.77891]]}},{"type":"Feature","properties":{"id":"relation/3308040","name":"Hatfield - Menlyn (Gautrain H5)","network":"Gautrain Bus"},"geometry":{"type":"LineString","coordinates":[[28.28878,-25.77891],[28.28887,-25.77881],[28.28999,-25.77759],[28.29003,-25.77753],[28.29008,-25.77747],[28.29019,-25.77729],[28.29022,-25.77723],[28.29027,-25.77714],[28.29041,-25.77686],[28.29047,-25.77671],[28.29052,-25.77659],[28.29068,-25.77613],[28.29075,-25.77587],[28.29077,-25.77576],[28.29079,-25.77564],[28.29084,-25.77536],[28.2909,-25.77498],[28.29092,-25.77479],[28.29098,-25.77446],[28.29102,-25.7741],[28.29106,-25.77378],[28.29107,-25.77372],[28.29117,-25.77292],[28.2913,-25.77191],[28.29146,-25.77059],[28.2915,-25.77016],[28.2915,-25.77007],[28.29148,-25.76984],[28.29143,-25.76948],[28.29128,-25.76898]]}},{"type":"Feature","properties":{"id":"relation/3308040","name":"Hatfield - Menlyn (Gautrain H5)","network":"Gautrain Bus"},"geometry":{"type":"LineString","coordinates":[[28.29128,-25.76898],[28.29106,-25.76832]]}},{"type":"Feature","properties":{"id":"relation/3308040","name":"Hatfield - Menlyn (Gautrain H5)","network":"Gautrain Bus"},"geometry":{"type":"LineString","coordinates":[[28.29106,-25.76832],[28.29089,-25.76778]]}},{"type":"Feature","properties":{"id":"relation/3308040","name":"Hatfield - Menlyn (Gautrain H5)","network":"Gautrain Bus"},"geometry":{"type":"LineString","coordinates":[[28.29089,-25.76778],[28.29088,-25.76775],[28.29087,-25.76772],[28.29087,-25.7677],[28.29087,-25.76767]]}},{"type":"Feature","properties":{"id":"relation/3308040","name":"Hatfield - Menlyn (Gautrain H5)","network":"Gautrain Bus"},"geometry":{"type":"LineString","coordinates":[[28.28521,-25.78426],[28.28538,-25.78383],[28.2854,-25.78377],[28.28541,-25.78369],[28.28541,-25.78364],[28.28539,-25.7836],[28.28536,-25.78357],[28.28533,-25.78354],[28.28515,-25.78347]]}},{"type":"Feature","properties":{"id":"relation/3308040","name":"Hatfield - Menlyn (Gautrain H5)","network":"Gautrain Bus"},"geometry":{"type":"LineString","coordinates":[[28.28515,-25.78347],[28.28466,-25.78343],[28.28458,-25.78342],[28.28444,-25.7834],[28.28438,-25.78339],[28.28398,-25.78333],[28.28361,-25.78328],[28.28332,-25.78324],[28.28276,-25.78315]]}},{"type":"Feature","properties":{"id":"relation/3308040","name":"Hatfield - Menlyn (Gautrain H5)","network":"Gautrain Bus"},"geometry":{"type":"LineString","coordinates":[[28.28276,-25.78315],[28.28184,-25.78297],[28.28082,-25.78273]]}},{"type":"Feature","properties":{"id":"relation/3308040","name":"Hatfield - Menlyn (Gautrain H5)","network":"Gautrain Bus"},"geometry":{"type":"LineString","coordinates":[[28.28082,-25.78273],[28.28072,-25.7827],[28.28043,-25.7826],[28.27941,-25.78228]]}},{"type":"Feature","properties":{"id":"relation/3308040","name":"Hatfield - Menlyn (Gautrain H5)","network":"Gautrain Bus"},"geometry":{"type":"LineString","coordinates":[[28.27941,-25.78228],[28.27848,-25.78197]]}},{"type":"Feature","properties":{"id":"relation/3308040","name":"Hatfield - Menlyn (Gautrain H5)","network":"Gautrain Bus"},"geometry":{"type":"LineString","coordinates":[[28.27848,-25.78197],[28.27823,-25.78191],[28.27809,-25.78188],[28.27801,-25.78187],[28.27795,-25.78188],[28.2779,-25.7819],[28.27785,-25.78192],[28.27781,-25.78198],[28.27774,-25.78211]]}},{"type":"Feature","properties":{"id":"relation/3308040","name":"Hatfield - Menlyn (Gautrain H5)","network":"Gautrain Bus"},"geometry":{"type":"LineString","coordinates":[[28.27774,-25.78211],[28.27771,-25.78227],[28.27765,-25.78262]]}},{"type":"Feature","properties":{"id":"relation/3308040","name":"Hatfield - Menlyn (Gautrain H5)","network":"Gautrain Bus"},"geometry":{"type":"LineString","coordinates":[[28.27765,-25.78262],[28.27756,-25.78309],[28.27738,-25.78415]]}},{"type":"Feature","properties":{"id":"relation/3308040","name":"Hatfield - Menlyn (Gautrain H5)","network":"Gautrain Bus"},"geometry":{"type":"LineString","coordinates":[[28.27738,-25.78415],[28.27726,-25.78477]]}},{"type":"Feature","properties":{"id":"relation/3308040","name":"Hatfield - Menlyn (Gautrain H5)","network":"Gautrain Bus"},"geometry":{"type":"LineString","coordinates":[[28.27726,-25.78477],[28.27721,-25.78492],[28.27713,-25.7852]]}},{"type":"Feature","properties":{"id":"relation/3308040","name":"Hatfield - Menlyn (Gautrain H5)","network":"Gautrain Bus"},"geometry":{"type":"LineString","coordinates":[[28.27713,-25.7852],[28.27701,-25.78553],[28.27692,-25.78575],[28.27683,-25.78591]]}},{"type":"Feature","properties":{"id":"relation/3308040","name":"Hatfield - Menlyn (Gautrain H5)","network":"Gautrain Bus"},"geometry":{"type":"LineString","coordinates":[[28.27683,-25.78591],[28.27678,-25.78601],[28.27669,-25.78621]]}},{"type":"Feature","properties":{"id":"relation/3308040","name":"Hatfield - Menlyn (Gautrain H5)","network":"Gautrain Bus"},"geometry":{"type":"LineString","coordinates":[[28.27669,-25.78621],[28.27665,-25.78628],[28.27644,-25.7866],[28.2762,-25.78692]]}},{"type":"Feature","properties":{"id":"relation/3308040","name":"Hatfield - Menlyn (Gautrain H5)","network":"Gautrain Bus"},"geometry":{"type":"LineString","coordinates":[[28.2762,-25.78692],[28.27572,-25.78746],[28.27521,-25.78809],[28.27511,-25.7882]]}},{"type":"Feature","properties":{"id":"relation/3308040","name":"Hatfield - Menlyn (Gautrain H5)","network":"Gautrain Bus"},"geometry":{"type":"LineString","coordinates":[[28.27511,-25.7882],[28.275,-25.78834]]}},{"type":"Feature","properties":{"id":"relation/3308040","name":"Hatfield - Menlyn (Gautrain H5)","network":"Gautrain Bus"},"geometry":{"type":"LineString","coordinates":[[28.275,-25.78834],[28.27489,-25.78826]]}},{"type":"Feature","properties":{"id":"relation/3308040","name":"Hatfield - Menlyn (Gautrain H5)","network":"Gautrain Bus"},"geometry":{"type":"LineString","coordinates":[[28.27489,-25.78826],[28.27482,-25.7882],[28.27474,-25.78815],[28.27461,-25.78803],[28.27433,-25.78777]]}},{"type":"Feature","properties":{"id":"relation/3308040","name":"Hatfield - Menlyn (Gautrain H5)","network":"Gautrain Bus"},"geometry":{"type":"LineString","coordinates":[[28.27433,-25.78777],[28.27423,-25.78766],[28.27411,-25.78753],[28.27406,-25.78747],[28.27396,-25.78733]]}},{"type":"Feature","properties":{"id":"relation/3308040","name":"Hatfield - Menlyn (Gautrain H5)","network":"Gautrain Bus"},"geometry":{"type":"LineString","coordinates":[[28.27396,-25.78733],[28.27355,-25.78679],[28.27335,-25.78654]]}},{"type":"Feature","properties":{"id":"relation/3308040","name":"Hatfield - Menlyn (Gautrain H5)","network":"Gautrain Bus"},"geometry":{"type":"LineString","coordinates":[[28.27335,-25.78654],[28.27327,-25.78643],[28.27317,-25.7863]]}},{"type":"Feature","properties":{"id":"relation/3308040","name":"Hatfield - Menlyn (Gautrain H5)","network":"Gautrain Bus"},"geometry":{"type":"LineString","coordinates":[[28.27317,-25.7863],[28.27308,-25.78618]]}},{"type":"Feature","properties":{"id":"relation/3308040","name":"Hatfield - Menlyn (Gautrain H5)","network":"Gautrain Bus"},"geometry":{"type":"LineString","coordinates":[[28.27308,-25.78618],[28.27299,-25.78605],[28.27287,-25.78589],[28.2727,-25.78565],[28.27262,-25.78557],[28.27249,-25.78543],[28.27239,-25.78533],[28.27226,-25.78523],[28.2721,-25.78513],[28.27185,-25.785]]}},{"type":"Feature","properties":{"id":"relation/3308040","name":"Hatfield - Menlyn (Gautrain H5)","network":"Gautrain Bus"},"geometry":{"type":"LineString","coordinates":[[28.27185,-25.785],[28.2716,-25.78491],[28.27134,-25.78483],[28.27122,-25.78481],[28.27108,-25.78479],[28.27085,-25.78478],[28.2707,-25.78479]]}},{"type":"Feature","properties":{"id":"relation/3308040","name":"Hatfield - Menlyn (Gautrain H5)","network":"Gautrain Bus"},"geometry":{"type":"LineString","coordinates":[[28.2707,-25.78479],[28.27042,-25.7848],[28.27005,-25.78481],[28.26985,-25.78482]]}},{"type":"Feature","properties":{"id":"relation/3308040","name":"Hatfield - Menlyn (Gautrain H5)","network":"Gautrain Bus"},"geometry":{"type":"LineString","coordinates":[[28.26985,-25.78482],[28.26956,-25.78484],[28.26909,-25.78486],[28.26884,-25.78486],[28.26868,-25.78485],[28.2685,-25.78484],[28.26824,-25.78481]]}},{"type":"Feature","properties":{"id":"relation/3308040","name":"Hatfield - Menlyn (Gautrain H5)","network":"Gautrain Bus"},"geometry":{"type":"LineString","coordinates":[[28.26824,-25.78481],[28.26791,-25.78476],[28.26694,-25.78461]]}},{"type":"Feature","properties":{"id":"relation/3308040","name":"Hatfield - Menlyn (Gautrain H5)","network":"Gautrain Bus"},"geometry":{"type":"LineString","coordinates":[[28.26694,-25.78461],[28.26679,-25.78459],[28.26656,-25.78455],[28.26645,-25.78453],[28.26599,-25.7844]]}},{"type":"Feature","properties":{"id":"relation/3308040","name":"Hatfield - Menlyn (Gautrain H5)","network":"Gautrain Bus"},"geometry":{"type":"LineString","coordinates":[[28.26599,-25.7844],[28.26554,-25.78425],[28.26537,-25.78419],[28.26529,-25.78416],[28.2649,-25.78402],[28.26477,-25.78396],[28.26458,-25.78389]]}},{"type":"Feature","properties":{"id":"relation/3308040","name":"Hatfield - Menlyn (Gautrain H5)","network":"Gautrain Bus"},"geometry":{"type":"LineString","coordinates":[[28.26458,-25.78389],[28.26409,-25.78369]]}},{"type":"Feature","properties":{"id":"relation/3308040","name":"Hatfield - Menlyn (Gautrain H5)","network":"Gautrain Bus"},"geometry":{"type":"LineString","coordinates":[[28.26409,-25.78369],[28.264,-25.78365]]}},{"type":"Feature","properties":{"id":"relation/3308040","name":"Hatfield - Menlyn (Gautrain H5)","network":"Gautrain Bus"},"geometry":{"type":"LineString","coordinates":[[28.264,-25.78365],[28.26397,-25.78364]]}},{"type":"Feature","properties":{"id":"relation/3308040","name":"Hatfield - Menlyn (Gautrain H5)","network":"Gautrain Bus"},"geometry":{"type":"LineString","coordinates":[[28.26397,-25.78364],[28.26387,-25.7836]]}},{"type":"Feature","properties":{"id":"relation/3308040","name":"Hatfield - Menlyn (Gautrain H5)","network":"Gautrain Bus"},"geometry":{"type":"LineString","coordinates":[[28.26387,-25.7836],[28.26373,-25.78355]]}},{"type":"Feature","properties":{"id":"relation/3308040","name":"Hatfield - Menlyn (Gautrain H5)","network":"Gautrain Bus"},"geometry":{"type":"LineString","coordinates":[[28.26373,-25.78355],[28.26355,-25.78348],[28.26353,-25.78348],[28.26343,-25.78344],[28.26342,-25.78343],[28.26336,-25.78341],[28.26319,-25.78333]]}},{"type":"Feature","properties":{"id":"relation/3308040","name":"Hatfield - Menlyn (Gautrain H5)","network":"Gautrain Bus"},"geometry":{"type":"LineString","coordinates":[[28.25932,-25.78305],[28.25925,-25.78306]]}},{"type":"Feature","properties":{"id":"relation/3308040","name":"Hatfield - Menlyn (Gautrain H5)","network":"Gautrain Bus"},"geometry":{"type":"LineString","coordinates":[[28.25925,-25.78306],[28.25917,-25.78295],[28.25908,-25.78281],[28.25893,-25.78261],[28.25883,-25.78246],[28.25866,-25.78221]]}},{"type":"Feature","properties":{"id":"relation/3308040","name":"Hatfield - Menlyn (Gautrain H5)","network":"Gautrain Bus"},"geometry":{"type":"LineString","coordinates":[[28.25866,-25.78221],[28.25856,-25.78204],[28.25841,-25.7818],[28.25832,-25.78166],[28.25823,-25.78149],[28.25819,-25.78142],[28.25814,-25.78129]]}},{"type":"Feature","properties":{"id":"relation/3308040","name":"Hatfield - Menlyn (Gautrain H5)","network":"Gautrain Bus"},"geometry":{"type":"LineString","coordinates":[[28.25748,-25.78025],[28.2574,-25.78016],[28.2573,-25.78003],[28.25715,-25.7798],[28.25702,-25.77961],[28.25686,-25.77938],[28.25668,-25.77913],[28.25659,-25.779]]}},{"type":"Feature","properties":{"id":"relation/3308040","name":"Hatfield - Menlyn (Gautrain H5)","network":"Gautrain Bus"},"geometry":{"type":"LineString","coordinates":[[28.25659,-25.779],[28.25647,-25.77878]]}},{"type":"Feature","properties":{"id":"relation/3308040","name":"Hatfield - Menlyn (Gautrain H5)","network":"Gautrain Bus"},"geometry":{"type":"LineString","coordinates":[[28.25647,-25.77878],[28.2563,-25.77849],[28.25601,-25.77799]]}},{"type":"Feature","properties":{"id":"relation/3308040","name":"Hatfield - Menlyn (Gautrain H5)","network":"Gautrain Bus"},"geometry":{"type":"LineString","coordinates":[[28.25601,-25.77799],[28.25584,-25.77772]]}},{"type":"Feature","properties":{"id":"relation/3308040","name":"Hatfield - Menlyn (Gautrain H5)","network":"Gautrain Bus"},"geometry":{"type":"LineString","coordinates":[[28.25584,-25.77772],[28.25546,-25.77707]]}},{"type":"Feature","properties":{"id":"relation/3308040","name":"Hatfield - Menlyn (Gautrain H5)","network":"Gautrain Bus"},"geometry":{"type":"LineString","coordinates":[[28.25546,-25.77707],[28.25533,-25.77682],[28.25528,-25.77674],[28.25513,-25.77647]]}},{"type":"Feature","properties":{"id":"relation/3308040","name":"Hatfield - Menlyn (Gautrain H5)","network":"Gautrain Bus"},"geometry":{"type":"LineString","coordinates":[[28.25455,-25.77539],[28.25463,-25.77554],[28.25477,-25.77577],[28.25487,-25.7759],[28.25503,-25.77614],[28.25512,-25.77628],[28.25518,-25.77639],[28.25521,-25.77644],[28.25526,-25.77653],[28.25529,-25.77658],[28.25534,-25.77668],[28.25555,-25.77704]]}},{"type":"Feature","properties":{"id":"relation/3308040","name":"Hatfield - Menlyn (Gautrain H5)","network":"Gautrain Bus"},"geometry":{"type":"LineString","coordinates":[[28.25441,-25.77485],[28.25443,-25.77493],[28.25445,-25.77502],[28.25448,-25.77516],[28.2545,-25.77525],[28.25452,-25.77532],[28.25455,-25.77539]]}},{"type":"Feature","properties":{"id":"relation/3308040","name":"Hatfield - Menlyn (Gautrain H5)","network":"Gautrain Bus"},"geometry":{"type":"LineString","coordinates":[[28.25416,-25.77433],[28.25427,-25.77452],[28.25439,-25.77478],[28.25441,-25.77485]]}},{"type":"Feature","properties":{"id":"relation/3308040","name":"Hatfield - Menlyn (Gautrain H5)","network":"Gautrain Bus"},"geometry":{"type":"LineString","coordinates":[[28.254,-25.77412],[28.25416,-25.77433]]}},{"type":"Feature","properties":{"id":"relation/3308040","name":"Hatfield - Menlyn (Gautrain H5)","network":"Gautrain Bus"},"geometry":{"type":"LineString","coordinates":[[28.24288,-25.75744],[28.24284,-25.75741],[28.2428,-25.75738],[28.24271,-25.75725]]}},{"type":"Feature","properties":{"id":"relation/3308040","name":"Hatfield - Menlyn (Gautrain H5)","network":"Gautrain Bus"},"geometry":{"type":"LineString","coordinates":[[28.24271,-25.75725],[28.24266,-25.75718],[28.24262,-25.75713],[28.24257,-25.75708],[28.24245,-25.75693],[28.24215,-25.75663],[28.24204,-25.75651],[28.24199,-25.75647],[28.24191,-25.75642]]}},{"type":"Feature","properties":{"id":"relation/3308040","name":"Hatfield - Menlyn (Gautrain H5)","network":"Gautrain Bus"},"geometry":{"type":"LineString","coordinates":[[28.24191,-25.75642],[28.24181,-25.75638],[28.24173,-25.75635],[28.24146,-25.75629]]}},{"type":"Feature","properties":{"id":"relation/3308040","name":"Hatfield - Menlyn (Gautrain H5)","network":"Gautrain Bus"},"geometry":{"type":"LineString","coordinates":[[28.24146,-25.75629],[28.24113,-25.75621],[28.24105,-25.75619],[28.24092,-25.75616]]}},{"type":"Feature","properties":{"id":"relation/3308040","name":"Hatfield - Menlyn (Gautrain H5)","network":"Gautrain Bus"},"geometry":{"type":"LineString","coordinates":[[28.24092,-25.75616],[28.23948,-25.75583]]}},{"type":"Feature","properties":{"id":"relation/3308040","name":"Hatfield - Menlyn (Gautrain H5)","network":"Gautrain Bus"},"geometry":{"type":"LineString","coordinates":[[28.23948,-25.75583],[28.23935,-25.7558]]}},{"type":"Feature","properties":{"id":"relation/3308040","name":"Hatfield - Menlyn (Gautrain H5)","network":"Gautrain Bus"},"geometry":{"type":"LineString","coordinates":[[28.23935,-25.7558],[28.23938,-25.75572],[28.23941,-25.75567],[28.23955,-25.75533],[28.23969,-25.75507],[28.23975,-25.75497],[28.23992,-25.75474],[28.24008,-25.7545],[28.24017,-25.75434],[28.24023,-25.75418],[28.24026,-25.75409],[28.24028,-25.75401]]}},{"type":"Feature","properties":{"id":"relation/3308040","name":"Hatfield - Menlyn (Gautrain H5)","network":"Gautrain Bus"},"geometry":{"type":"LineString","coordinates":[[28.24028,-25.75401],[28.24029,-25.75394],[28.2403,-25.75387],[28.24031,-25.75376],[28.24031,-25.75371]]}},{"type":"Feature","properties":{"id":"relation/3308040","name":"Hatfield - Menlyn (Gautrain H5)","network":"Gautrain Bus"},"geometry":{"type":"LineString","coordinates":[[28.24031,-25.75371],[28.24031,-25.75366],[28.2403,-25.75359],[28.24029,-25.75344],[28.24028,-25.7532]]}},{"type":"Feature","properties":{"id":"relation/3308040","name":"Hatfield - Menlyn (Gautrain H5)","network":"Gautrain Bus"},"geometry":{"type":"LineString","coordinates":[[28.24028,-25.7532],[28.24026,-25.75288],[28.24021,-25.75228],[28.24019,-25.75207],[28.24017,-25.75183],[28.24017,-25.75175]]}},{"type":"Feature","properties":{"id":"relation/3308040","name":"Hatfield - Menlyn (Gautrain H5)","network":"Gautrain Bus"},"geometry":{"type":"LineString","coordinates":[[28.24017,-25.75175],[28.24016,-25.75165],[28.24013,-25.75136],[28.24008,-25.75104]]}},{"type":"Feature","properties":{"id":"relation/3308040","name":"Hatfield - Menlyn (Gautrain H5)","network":"Gautrain Bus"},"geometry":{"type":"LineString","coordinates":[[28.24008,-25.75104],[28.24006,-25.75081]]}},{"type":"Feature","properties":{"id":"relation/3308040","name":"Hatfield - Menlyn (Gautrain H5)","network":"Gautrain Bus"},"geometry":{"type":"LineString","coordinates":[[28.24006,-25.75081],[28.24,-25.75063],[28.23998,-25.75058],[28.23995,-25.75054],[28.23989,-25.75048],[28.23986,-25.75045],[28.23978,-25.7504],[28.23972,-25.75036],[28.23965,-25.75034],[28.23959,-25.75032],[28.2395,-25.7503]]}},{"type":"Feature","properties":{"id":"relation/3308040","name":"Hatfield - Menlyn (Gautrain H5)","network":"Gautrain Bus"},"geometry":{"type":"LineString","coordinates":[[28.2395,-25.7503],[28.23942,-25.75031],[28.23882,-25.75035],[28.23762,-25.75043]]}},{"type":"Feature","properties":{"id":"relation/3308040","name":"Hatfield - Menlyn (Gautrain H5)","network":"Gautrain Bus"},"geometry":{"type":"LineString","coordinates":[[28.23762,-25.75043],[28.23757,-25.74987],[28.23756,-25.74982],[28.2375,-25.74913],[28.23749,-25.74904]]}},{"type":"Feature","properties":{"id":"relation/3308040","name":"Hatfield - Menlyn (Gautrain H5)","network":"Gautrain Bus"},"geometry":{"type":"LineString","coordinates":[[28.23751,-25.74896],[28.23749,-25.74904]]}},{"type":"Feature","properties":{"id":"relation/3308040","name":"Hatfield - Menlyn (Gautrain H5)","network":"Gautrain Bus"},"geometry":{"type":"LineString","coordinates":[[28.23745,-25.74804],[28.23751,-25.74896]]}},{"type":"Feature","properties":{"id":"relation/3308040","name":"Hatfield - Menlyn (Gautrain H5)","network":"Gautrain Bus"},"geometry":{"type":"LineString","coordinates":[[28.23742,-25.74763],[28.23745,-25.74804]]}},{"type":"Feature","properties":{"id":"relation/3308040","name":"Hatfield - Menlyn (Gautrain H5)","network":"Gautrain Bus"},"geometry":{"type":"LineString","coordinates":[[28.23741,-25.74754],[28.23742,-25.74763]]}},{"type":"Feature","properties":{"id":"relation/3308040","name":"Hatfield - Menlyn (Gautrain H5)","network":"Gautrain Bus"},"geometry":{"type":"LineString","coordinates":[[28.2374,-25.74743],[28.23741,-25.74754]]}},{"type":"Feature","properties":{"id":"relation/3308040","name":"Hatfield - Menlyn (Gautrain H5)","network":"Gautrain Bus"},"geometry":{"type":"LineString","coordinates":[[28.23675,-25.7476],[28.23668,-25.74766],[28.23659,-25.74773],[28.23652,-25.74777],[28.23612,-25.74794]]}},{"type":"Feature","properties":{"id":"relation/3308040","name":"Hatfield - Menlyn (Gautrain H5)","network":"Gautrain Bus"},"geometry":{"type":"LineString","coordinates":[[28.23612,-25.74794],[28.23595,-25.748],[28.23588,-25.748],[28.23583,-25.74799],[28.23581,-25.74797],[28.23578,-25.74795],[28.23573,-25.74784],[28.23572,-25.74771],[28.23571,-25.74766]]}},{"type":"Feature","properties":{"id":"relation/3308040","name":"Hatfield - Menlyn (Gautrain H5)","network":"Gautrain Bus"},"geometry":{"type":"LineString","coordinates":[[28.23491,-25.74762],[28.23496,-25.7476],[28.23499,-25.74759],[28.23503,-25.74758],[28.23544,-25.74755],[28.23567,-25.74753]]}},{"type":"Feature","properties":{"id":"relation/3308040","name":"Hatfield - Menlyn (Gautrain H5)","network":"Gautrain Bus"},"geometry":{"type":"LineString","coordinates":[[28.23491,-25.74762],[28.23492,-25.74766],[28.23492,-25.7477],[28.23493,-25.74786]]}},{"type":"Feature","properties":{"id":"relation/3308040","name":"Hatfield - Menlyn (Gautrain H5)","network":"Gautrain Bus"},"geometry":{"type":"LineString","coordinates":[[28.23493,-25.74786],[28.23499,-25.74852]]}},{"type":"Feature","properties":{"id":"relation/3308040","name":"Hatfield - Menlyn (Gautrain H5)","network":"Gautrain Bus"},"geometry":{"type":"LineString","coordinates":[[28.23499,-25.74852],[28.23503,-25.74887]]}},{"type":"Feature","properties":{"id":"relation/3308040","name":"Hatfield - Menlyn (Gautrain H5)","network":"Gautrain Bus"},"geometry":{"type":"LineString","coordinates":[[28.23503,-25.74887],[28.23505,-25.74914]]}},{"type":"Feature","properties":{"id":"relation/3308040","name":"Hatfield - Menlyn (Gautrain H5)","network":"Gautrain Bus"},"geometry":{"type":"LineString","coordinates":[[28.23505,-25.74914],[28.23586,-25.74908],[28.23629,-25.74905],[28.23633,-25.74904],[28.23636,-25.74904],[28.23702,-25.74899],[28.23744,-25.74896],[28.23751,-25.74896]]}},{"type":"Feature","properties":{"id":"relation/3308040","name":"Hatfield - Menlyn (Gautrain H5)","network":"Gautrain Bus"},"geometry":{"type":"LineString","coordinates":[[28.23751,-25.74896],[28.23788,-25.74892],[28.23822,-25.7489],[28.23836,-25.74889],[28.23844,-25.74888],[28.23893,-25.74884],[28.23899,-25.74884],[28.23939,-25.74881],[28.23987,-25.74878]]}},{"type":"Feature","properties":{"id":"relation/3308040","name":"Hatfield - Menlyn (Gautrain H5)","network":"Gautrain Bus"},"geometry":{"type":"LineString","coordinates":[[28.23987,-25.74878],[28.24,-25.74877]]}},{"type":"Feature","properties":{"id":"relation/3308040","name":"Hatfield - Menlyn (Gautrain H5)","network":"Gautrain Bus"},"geometry":{"type":"LineString","coordinates":[[28.24,-25.74877],[28.24005,-25.74963]]}},{"type":"Feature","properties":{"id":"relation/3308040","name":"Hatfield - Menlyn (Gautrain H5)","network":"Gautrain Bus"},"geometry":{"type":"LineString","coordinates":[[28.24005,-25.74963],[28.2401,-25.75026]]}},{"type":"Feature","properties":{"id":"relation/3308040","name":"Hatfield - Menlyn (Gautrain H5)","network":"Gautrain Bus"},"geometry":{"type":"LineString","coordinates":[[28.2401,-25.75026],[28.24017,-25.751]]}},{"type":"Feature","properties":{"id":"relation/3308040","name":"Hatfield - Menlyn (Gautrain H5)","network":"Gautrain Bus"},"geometry":{"type":"LineString","coordinates":[[28.24017,-25.751],[28.24023,-25.75165],[28.24024,-25.75174],[28.24024,-25.75183],[28.24028,-25.75225],[28.2403,-25.7525]]}},{"type":"Feature","properties":{"id":"relation/3308040","name":"Hatfield - Menlyn (Gautrain H5)","network":"Gautrain Bus"},"geometry":{"type":"LineString","coordinates":[[28.2403,-25.7525],[28.24033,-25.75274]]}},{"type":"Feature","properties":{"id":"relation/3308040","name":"Hatfield - Menlyn (Gautrain H5)","network":"Gautrain Bus"},"geometry":{"type":"LineString","coordinates":[[28.24033,-25.75274],[28.24035,-25.75287],[28.24038,-25.7532]]}},{"type":"Feature","properties":{"id":"relation/3308040","name":"Hatfield - Menlyn (Gautrain H5)","network":"Gautrain Bus"},"geometry":{"type":"LineString","coordinates":[[28.24038,-25.7532],[28.2404,-25.75343],[28.24041,-25.7536],[28.24041,-25.75372],[28.2404,-25.75378]]}},{"type":"Feature","properties":{"id":"relation/3308040","name":"Hatfield - Menlyn (Gautrain H5)","network":"Gautrain Bus"},"geometry":{"type":"LineString","coordinates":[[28.2404,-25.75378],[28.24039,-25.75385],[28.24038,-25.75393],[28.24036,-25.75403],[28.24033,-25.75413],[28.24031,-25.7542],[28.24025,-25.75433],[28.24023,-25.75436],[28.24013,-25.75456],[28.24,-25.75476],[28.23988,-25.75495],[28.23984,-25.75501],[28.23979,-25.75511]]}},{"type":"Feature","properties":{"id":"relation/3308040","name":"Hatfield - Menlyn (Gautrain H5)","network":"Gautrain Bus"},"geometry":{"type":"LineString","coordinates":[[28.23979,-25.75511],[28.23973,-25.75524]]}},{"type":"Feature","properties":{"id":"relation/3308040","name":"Hatfield - Menlyn (Gautrain H5)","network":"Gautrain Bus"},"geometry":{"type":"LineString","coordinates":[[28.23973,-25.75524],[28.23967,-25.75537]]}},{"type":"Feature","properties":{"id":"relation/3308040","name":"Hatfield - Menlyn (Gautrain H5)","network":"Gautrain Bus"},"geometry":{"type":"LineString","coordinates":[[28.23967,-25.75537],[28.23964,-25.75556],[28.23963,-25.75561],[28.23963,-25.75566],[28.23965,-25.7557],[28.23967,-25.75574],[28.23969,-25.75577],[28.23974,-25.7558]]}},{"type":"Feature","properties":{"id":"relation/3378364","name":"Rosebank - Zoo Lake (Gautrain)","network":"Gautrain Bus"},"geometry":{"type":"LineString","coordinates":[[28.04415,-26.1466],[28.04412,-26.14644],[28.04412,-26.14639],[28.04412,-26.1463],[28.04412,-26.14627],[28.04414,-26.14624],[28.04419,-26.1462],[28.04422,-26.14617]]}},{"type":"Feature","properties":{"id":"relation/3378364","name":"Rosebank - Zoo Lake (Gautrain)","network":"Gautrain Bus"},"geometry":{"type":"LineString","coordinates":[[28.04422,-26.14617],[28.04417,-26.14587]]}},{"type":"Feature","properties":{"id":"relation/3378364","name":"Rosebank - Zoo Lake (Gautrain)","network":"Gautrain Bus"},"geometry":{"type":"LineString","coordinates":[[28.04417,-26.14587],[28.04416,-26.14585],[28.04416,-26.14581],[28.0441,-26.14554],[28.04407,-26.14538]]}},{"type":"Feature","properties":{"id":"relation/3378364","name":"Rosebank - Zoo Lake (Gautrain)","network":"Gautrain Bus"},"geometry":{"type":"LineString","coordinates":[[28.04407,-26.14538],[28.04398,-26.14492]]}},{"type":"Feature","properties":{"id":"relation/3378364","name":"Rosebank - Zoo Lake (Gautrain)","network":"Gautrain Bus"},"geometry":{"type":"LineString","coordinates":[[28.04398,-26.14492],[28.04395,-26.1448],[28.04393,-26.14471]]}},{"type":"Feature","properties":{"id":"relation/3378364","name":"Rosebank - Zoo Lake (Gautrain)","network":"Gautrain Bus"},"geometry":{"type":"LineString","coordinates":[[28.04393,-26.14471],[28.04386,-26.14441],[28.04375,-26.14384]]}},{"type":"Feature","properties":{"id":"relation/3378364","name":"Rosebank - Zoo Lake (Gautrain)","network":"Gautrain Bus"},"geometry":{"type":"LineString","coordinates":[[28.04375,-26.14384],[28.04368,-26.14351],[28.04361,-26.14315],[28.04361,-26.14314],[28.0436,-26.14304]]}},{"type":"Feature","properties":{"id":"relation/3378364","name":"Rosebank - Zoo Lake (Gautrain)","network":"Gautrain Bus"},"geometry":{"type":"LineString","coordinates":[[28.0436,-26.14304],[28.04357,-26.14291],[28.04354,-26.14271],[28.04353,-26.14238]]}},{"type":"Feature","properties":{"id":"relation/3378364","name":"Rosebank - Zoo Lake (Gautrain)","network":"Gautrain Bus"},"geometry":{"type":"LineString","coordinates":[[28.04344,-26.14216],[28.04158,-26.14246],[28.03996,-26.14274],[28.03987,-26.14275],[28.0398,-26.14276],[28.03901,-26.14289],[28.0386,-26.14296],[28.03817,-26.14303],[28.03646,-26.14335]]}},{"type":"Feature","properties":{"id":"relation/3378364","name":"Rosebank - Zoo Lake (Gautrain)","network":"Gautrain Bus"},"geometry":{"type":"LineString","coordinates":[[28.03646,-26.14335],[28.03591,-26.14342]]}},{"type":"Feature","properties":{"id":"relation/3378364","name":"Rosebank - Zoo Lake (Gautrain)","network":"Gautrain Bus"},"geometry":{"type":"LineString","coordinates":[[28.03591,-26.14342],[28.03593,-26.14363],[28.03595,-26.1437],[28.03601,-26.14414],[28.03604,-26.14438],[28.03608,-26.14472],[28.0361,-26.14499]]}},{"type":"Feature","properties":{"id":"relation/3378364","name":"Rosebank - Zoo Lake (Gautrain)","network":"Gautrain Bus"},"geometry":{"type":"LineString","coordinates":[[28.0361,-26.14499],[28.0361,-26.1452],[28.036,-26.14552]]}},{"type":"Feature","properties":{"id":"relation/3378364","name":"Rosebank - Zoo Lake (Gautrain)","network":"Gautrain Bus"},"geometry":{"type":"LineString","coordinates":[[28.03588,-26.14547],[28.036,-26.14552]]}},{"type":"Feature","properties":{"id":"relation/3378364","name":"Rosebank - Zoo Lake (Gautrain)","network":"Gautrain Bus"},"geometry":{"type":"LineString","coordinates":[[28.03523,-26.14529],[28.03588,-26.14547]]}},{"type":"Feature","properties":{"id":"relation/3378364","name":"Rosebank - Zoo Lake (Gautrain)","network":"Gautrain Bus"},"geometry":{"type":"LineString","coordinates":[[28.02872,-26.14478],[28.02895,-26.14478],[28.02971,-26.14481],[28.03037,-26.14483],[28.03178,-26.14488],[28.0324,-26.1449],[28.03336,-26.14492],[28.03343,-26.14492],[28.03364,-26.14493],[28.03367,-26.14493],[28.03398,-26.14495],[28.03418,-26.14497],[28.03426,-26.14499],[28.03513,-26.14527],[28.03523,-26.14529]]}},{"type":"Feature","properties":{"id":"relation/3378364","name":"Rosebank - Zoo Lake (Gautrain)","network":"Gautrain Bus"},"geometry":{"type":"LineString","coordinates":[[28.02872,-26.14478],[28.02871,-26.14482],[28.02871,-26.14497],[28.02864,-26.14638],[28.0286,-26.14796],[28.02855,-26.1492],[28.0285,-26.14937]]}},{"type":"Feature","properties":{"id":"relation/3378364","name":"Rosebank - Zoo Lake (Gautrain)","network":"Gautrain Bus"},"geometry":{"type":"LineString","coordinates":[[28.0285,-26.14937],[28.02841,-26.14954],[28.02804,-26.15017],[28.02739,-26.15135],[28.02732,-26.1515],[28.02731,-26.15155],[28.0273,-26.15161],[28.0273,-26.1517],[28.02733,-26.15179],[28.02738,-26.15189],[28.02809,-26.15296],[28.02841,-26.15344],[28.02909,-26.15424]]}},{"type":"Feature","properties":{"id":"relation/3378364","name":"Rosebank - Zoo Lake (Gautrain)","network":"Gautrain Bus"},"geometry":{"type":"LineString","coordinates":[[28.02849,-26.15572],[28.02851,-26.15555],[28.02851,-26.15544],[28.02851,-26.15528],[28.02852,-26.15521],[28.02854,-26.15508],[28.02857,-26.15496],[28.02859,-26.15493],[28.02864,-26.1548],[28.0287,-26.15471],[28.02873,-26.15465],[28.02878,-26.15459],[28.02886,-26.15449],[28.02894,-26.15439],[28.02901,-26.15431],[28.02905,-26.15427],[28.02909,-26.15424]]}},{"type":"Feature","properties":{"id":"relation/3378364","name":"Rosebank - Zoo Lake (Gautrain)","network":"Gautrain Bus"},"geometry":{"type":"LineString","coordinates":[[28.0271,-26.15742],[28.02711,-26.15739],[28.02715,-26.15726],[28.02719,-26.1572],[28.02726,-26.15711],[28.02736,-26.157],[28.02744,-26.15694],[28.02796,-26.15651],[28.02817,-26.15634],[28.02822,-26.15629],[28.02826,-26.15624],[28.02827,-26.15623],[28.02828,-26.1562],[28.02834,-26.15611],[28.0284,-26.156],[28.02845,-26.15587],[28.02849,-26.15572]]}},{"type":"Feature","properties":{"id":"relation/3378364","name":"Rosebank - Zoo Lake (Gautrain)","network":"Gautrain Bus"},"geometry":{"type":"LineString","coordinates":[[28.0271,-26.15742],[28.02709,-26.15755],[28.02709,-26.15759],[28.02709,-26.15767],[28.02709,-26.15773],[28.02709,-26.15776]]}},{"type":"Feature","properties":{"id":"relation/3378364","name":"Rosebank - Zoo Lake (Gautrain)","network":"Gautrain Bus"},"geometry":{"type":"LineString","coordinates":[[28.02709,-26.15776],[28.0271,-26.15781],[28.02713,-26.1579],[28.02719,-26.158]]}},{"type":"Feature","properties":{"id":"relation/3378364","name":"Rosebank - Zoo Lake (Gautrain)","network":"Gautrain Bus"},"geometry":{"type":"LineString","coordinates":[[28.02719,-26.158],[28.02728,-26.15817],[28.02738,-26.15832],[28.02751,-26.15853],[28.02753,-26.15857],[28.02755,-26.15862]]}},{"type":"Feature","properties":{"id":"relation/3378364","name":"Rosebank - Zoo Lake (Gautrain)","network":"Gautrain Bus"},"geometry":{"type":"LineString","coordinates":[[28.02847,-26.16001],[28.02755,-26.15862]]}},{"type":"Feature","properties":{"id":"relation/3378364","name":"Rosebank - Zoo Lake (Gautrain)","network":"Gautrain Bus"},"geometry":{"type":"LineString","coordinates":[[28.03232,-26.16411],[28.03226,-26.16404],[28.03185,-26.16364],[28.03154,-26.16333],[28.03128,-26.16308],[28.03128,-26.16308],[28.03121,-26.163],[28.03056,-26.16236],[28.02994,-26.16174],[28.02947,-26.16128],[28.02936,-26.16117],[28.02919,-26.161],[28.02906,-26.16087],[28.02898,-26.16077],[28.02892,-26.1607],[28.02847,-26.16001]]}},{"type":"Feature","properties":{"id":"relation/3378364","name":"Rosebank - Zoo Lake (Gautrain)","network":"Gautrain Bus"},"geometry":{"type":"LineString","coordinates":[[28.03267,-26.1645],[28.03234,-26.16416],[28.03232,-26.16411]]}},{"type":"Feature","properties":{"id":"relation/3378364","name":"Rosebank - Zoo Lake (Gautrain)","network":"Gautrain Bus"},"geometry":{"type":"LineString","coordinates":[[28.033,-26.16481],[28.03267,-26.1645]]}},{"type":"Feature","properties":{"id":"relation/3378364","name":"Rosebank - Zoo Lake (Gautrain)","network":"Gautrain Bus"},"geometry":{"type":"LineString","coordinates":[[28.03315,-26.16498],[28.033,-26.16481]]}},{"type":"Feature","properties":{"id":"relation/3378364","name":"Rosebank - Zoo Lake (Gautrain)","network":"Gautrain Bus"},"geometry":{"type":"LineString","coordinates":[[28.03353,-26.16534],[28.03315,-26.16498]]}},{"type":"Feature","properties":{"id":"relation/3378364","name":"Rosebank - Zoo Lake (Gautrain)","network":"Gautrain Bus"},"geometry":{"type":"LineString","coordinates":[[28.03373,-26.16553],[28.03362,-26.16543],[28.03353,-26.16534]]}},{"type":"Feature","properties":{"id":"relation/3378364","name":"Rosebank - Zoo Lake (Gautrain)","network":"Gautrain Bus"},"geometry":{"type":"LineString","coordinates":[[28.034,-26.16576],[28.03392,-26.16569],[28.03373,-26.16553]]}},{"type":"Feature","properties":{"id":"relation/3378364","name":"Rosebank - Zoo Lake (Gautrain)","network":"Gautrain Bus"},"geometry":{"type":"LineString","coordinates":[[28.03412,-26.16582],[28.034,-26.16576]]}},{"type":"Feature","properties":{"id":"relation/3378364","name":"Rosebank - Zoo Lake (Gautrain)","network":"Gautrain Bus"},"geometry":{"type":"LineString","coordinates":[[28.03232,-26.16411],[28.03238,-26.16413],[28.03274,-26.16447]]}},{"type":"Feature","properties":{"id":"relation/3378364","name":"Rosebank - Zoo Lake (Gautrain)","network":"Gautrain Bus"},"geometry":{"type":"LineString","coordinates":[[28.03274,-26.16447],[28.03305,-26.16477]]}},{"type":"Feature","properties":{"id":"relation/3378364","name":"Rosebank - Zoo Lake (Gautrain)","network":"Gautrain Bus"},"geometry":{"type":"LineString","coordinates":[[28.03305,-26.16477],[28.03319,-26.16491]]}},{"type":"Feature","properties":{"id":"relation/3378364","name":"Rosebank - Zoo Lake (Gautrain)","network":"Gautrain Bus"},"geometry":{"type":"LineString","coordinates":[[28.03319,-26.16491],[28.03358,-26.16529]]}},{"type":"Feature","properties":{"id":"relation/3378364","name":"Rosebank - Zoo Lake (Gautrain)","network":"Gautrain Bus"},"geometry":{"type":"LineString","coordinates":[[28.03358,-26.16529],[28.03367,-26.16538],[28.03377,-26.16548]]}},{"type":"Feature","properties":{"id":"relation/3378364","name":"Rosebank - Zoo Lake (Gautrain)","network":"Gautrain Bus"},"geometry":{"type":"LineString","coordinates":[[28.03377,-26.16548],[28.03396,-26.16564]]}},{"type":"Feature","properties":{"id":"relation/3378364","name":"Rosebank - Zoo Lake (Gautrain)","network":"Gautrain Bus"},"geometry":{"type":"LineString","coordinates":[[28.03396,-26.16564],[28.03402,-26.16569]]}},{"type":"Feature","properties":{"id":"relation/3378364","name":"Rosebank - Zoo Lake (Gautrain)","network":"Gautrain Bus"},"geometry":{"type":"LineString","coordinates":[[28.03402,-26.16569],[28.03413,-26.16574]]}},{"type":"Feature","properties":{"id":"relation/3378364","name":"Rosebank - Zoo Lake (Gautrain)","network":"Gautrain Bus"},"geometry":{"type":"LineString","coordinates":[[28.03413,-26.16574],[28.03412,-26.16582]]}},{"type":"Feature","properties":{"id":"relation/3378364","name":"Rosebank - Zoo Lake (Gautrain)","network":"Gautrain Bus"},"geometry":{"type":"LineString","coordinates":[[28.03412,-26.16582],[28.03411,-26.16586],[28.03398,-26.16642],[28.03384,-26.167],[28.03358,-26.16827]]}},{"type":"Feature","properties":{"id":"relation/3378364","name":"Rosebank - Zoo Lake (Gautrain)","network":"Gautrain Bus"},"geometry":{"type":"LineString","coordinates":[[28.03358,-26.16827],[28.03347,-26.1688],[28.03345,-26.16888]]}},{"type":"Feature","properties":{"id":"relation/3378364","name":"Rosebank - Zoo Lake (Gautrain)","network":"Gautrain Bus"},"geometry":{"type":"LineString","coordinates":[[28.03345,-26.16888],[28.03344,-26.16895],[28.0334,-26.16913]]}},{"type":"Feature","properties":{"id":"relation/3378364","name":"Rosebank - Zoo Lake (Gautrain)","network":"Gautrain Bus"},"geometry":{"type":"LineString","coordinates":[[28.0334,-26.16913],[28.03331,-26.16961]]}},{"type":"Feature","properties":{"id":"relation/3378364","name":"Rosebank - Zoo Lake (Gautrain)","network":"Gautrain Bus"},"geometry":{"type":"LineString","coordinates":[[28.03331,-26.16961],[28.03329,-26.16971],[28.03327,-26.16979]]}},{"type":"Feature","properties":{"id":"relation/3378364","name":"Rosebank - Zoo Lake (Gautrain)","network":"Gautrain Bus"},"geometry":{"type":"LineString","coordinates":[[28.04096,-26.168],[28.04094,-26.16813],[28.04091,-26.16823],[28.04088,-26.16832],[28.04084,-26.16839],[28.0408,-26.16845],[28.04077,-26.1685],[28.04069,-26.16857],[28.04064,-26.16861],[28.04058,-26.16866],[28.04051,-26.1687],[28.04044,-26.16873],[28.04036,-26.16877],[28.04024,-26.16881],[28.03992,-26.16891],[28.0394,-26.16909],[28.03916,-26.16914],[28.03892,-26.16923],[28.03734,-26.16977],[28.03711,-26.16985],[28.036,-26.17021],[28.03568,-26.17031],[28.03562,-26.17032],[28.03554,-26.17031],[28.03544,-26.17028],[28.03473,-26.16998],[28.03431,-26.1698],[28.03422,-26.16977],[28.03416,-26.16975],[28.03412,-26.16974],[28.03405,-26.16974],[28.03375,-26.16974],[28.0335,-26.16977],[28.03333,-26.16978],[28.03327,-26.16979]]}},{"type":"Feature","properties":{"id":"relation/3378364","name":"Rosebank - Zoo Lake (Gautrain)","network":"Gautrain Bus"},"geometry":{"type":"LineString","coordinates":[[28.04297,-26.16426],[28.04291,-26.16459],[28.0429,-26.16463],[28.04289,-26.16467],[28.04288,-26.1647],[28.04286,-26.16474],[28.04283,-26.16479],[28.04265,-26.16507],[28.04207,-26.16595],[28.04167,-26.16655],[28.04116,-26.16733],[28.04101,-26.16757],[28.04099,-26.16761],[28.04098,-26.16766],[28.04098,-26.16772],[28.04097,-26.16781],[28.04096,-26.168]]}},{"type":"Feature","properties":{"id":"relation/3378364","name":"Rosebank - Zoo Lake (Gautrain)","network":"Gautrain Bus"},"geometry":{"type":"LineString","coordinates":[[28.04753,-26.16479],[28.04709,-26.16474],[28.04615,-26.16463],[28.04565,-26.16458],[28.0449,-26.16448],[28.04382,-26.16436],[28.04297,-26.16426]]}},{"type":"Feature","properties":{"id":"relation/3378364","name":"Rosebank - Zoo Lake (Gautrain)","network":"Gautrain Bus"},"geometry":{"type":"LineString","coordinates":[[28.04753,-26.16479],[28.04759,-26.16477],[28.04763,-26.16477],[28.04773,-26.16479],[28.04782,-26.16479],[28.04797,-26.16481]]}},{"type":"Feature","properties":{"id":"relation/3378364","name":"Rosebank - Zoo Lake (Gautrain)","network":"Gautrain Bus"},"geometry":{"type":"LineString","coordinates":[[28.04797,-26.16481],[28.04798,-26.16477],[28.04798,-26.16471],[28.04798,-26.16461],[28.04792,-26.16418],[28.04787,-26.16386],[28.04778,-26.16341],[28.04767,-26.16289],[28.04757,-26.16242],[28.04755,-26.16232]]}},{"type":"Feature","properties":{"id":"relation/3378364","name":"Rosebank - Zoo Lake (Gautrain)","network":"Gautrain Bus"},"geometry":{"type":"LineString","coordinates":[[28.04755,-26.16232],[28.04748,-26.162],[28.04737,-26.16149],[28.04728,-26.16103],[28.04715,-26.16042],[28.0471,-26.16017],[28.04702,-26.1598],[28.04692,-26.15928],[28.04681,-26.15881],[28.04679,-26.15869],[28.04671,-26.15834],[28.04662,-26.15786],[28.04651,-26.15737],[28.04643,-26.15698],[28.04632,-26.15644],[28.0463,-26.15634]]}},{"type":"Feature","properties":{"id":"relation/3378364","name":"Rosebank - Zoo Lake (Gautrain)","network":"Gautrain Bus"},"geometry":{"type":"LineString","coordinates":[[28.0463,-26.15634],[28.04625,-26.15612]]}},{"type":"Feature","properties":{"id":"relation/3378364","name":"Rosebank - Zoo Lake (Gautrain)","network":"Gautrain Bus"},"geometry":{"type":"LineString","coordinates":[[28.04625,-26.15612],[28.04621,-26.15592]]}},{"type":"Feature","properties":{"id":"relation/3378364","name":"Rosebank - Zoo Lake (Gautrain)","network":"Gautrain Bus"},"geometry":{"type":"LineString","coordinates":[[28.04621,-26.15592],[28.04616,-26.1556]]}},{"type":"Feature","properties":{"id":"relation/3378364","name":"Rosebank - Zoo Lake (Gautrain)","network":"Gautrain Bus"},"geometry":{"type":"LineString","coordinates":[[28.04616,-26.1556],[28.04606,-26.15519],[28.04594,-26.15464],[28.04591,-26.15446],[28.04584,-26.15411],[28.04582,-26.15403],[28.04574,-26.15374],[28.04573,-26.15371],[28.04568,-26.1536],[28.0456,-26.15343],[28.04551,-26.15299],[28.04542,-26.15256],[28.0454,-26.15246]]}},{"type":"Feature","properties":{"id":"relation/3378364","name":"Rosebank - Zoo Lake (Gautrain)","network":"Gautrain Bus"},"geometry":{"type":"LineString","coordinates":[[28.0454,-26.15246],[28.04522,-26.15167],[28.0452,-26.15156]]}},{"type":"Feature","properties":{"id":"relation/3378364","name":"Rosebank - Zoo Lake (Gautrain)","network":"Gautrain Bus"},"geometry":{"type":"LineString","coordinates":[[28.0452,-26.15156],[28.04512,-26.15108],[28.04503,-26.15068],[28.04493,-26.15023],[28.04483,-26.14977]]}},{"type":"Feature","properties":{"id":"relation/3378364","name":"Rosebank - Zoo Lake (Gautrain)","network":"Gautrain Bus"},"geometry":{"type":"LineString","coordinates":[[28.04483,-26.14977],[28.04477,-26.14938]]}},{"type":"Feature","properties":{"id":"relation/3378364","name":"Rosebank - Zoo Lake (Gautrain)","network":"Gautrain Bus"},"geometry":{"type":"LineString","coordinates":[[28.04477,-26.14938],[28.04473,-26.14926],[28.04466,-26.1489],[28.04463,-26.14872]]}},{"type":"Feature","properties":{"id":"relation/3378364","name":"Rosebank - Zoo Lake (Gautrain)","network":"Gautrain Bus"},"geometry":{"type":"LineString","coordinates":[[28.04463,-26.14872],[28.04461,-26.14852]]}},{"type":"Feature","properties":{"id":"relation/3378364","name":"Rosebank - Zoo Lake (Gautrain)","network":"Gautrain Bus"},"geometry":{"type":"LineString","coordinates":[[28.04461,-26.14852],[28.04459,-26.14829],[28.04457,-26.14808],[28.04455,-26.14791],[28.04451,-26.14772],[28.04447,-26.14754],[28.04447,-26.14752],[28.04443,-26.14738],[28.0444,-26.14727],[28.04439,-26.14722]]}},{"type":"Feature","properties":{"id":"relation/3378364","name":"Rosebank - Zoo Lake (Gautrain)","network":"Gautrain Bus"},"geometry":{"type":"LineString","coordinates":[[28.04439,-26.14722],[28.04433,-26.14717],[28.04428,-26.14714],[28.04425,-26.14712],[28.04424,-26.14711],[28.04424,-26.14709],[28.04421,-26.14698],[28.0442,-26.14694],[28.04419,-26.14691],[28.04417,-26.14677],[28.04415,-26.1466]]}},{"type":"Feature","properties":{"id":"relation/3378380","name":"Pretoria - Zoo (Gautrain)","network":"Gautrain Bus"},"geometry":{"type":"LineString","coordinates":[[28.19013,-25.75836],[28.19005,-25.75823],[28.19005,-25.7582],[28.19005,-25.75817],[28.19007,-25.75814],[28.19009,-25.75812],[28.19019,-25.75804],[28.19028,-25.75797]]}},{"type":"Feature","properties":{"id":"relation/3378380","name":"Pretoria - Zoo (Gautrain)","network":"Gautrain Bus"},"geometry":{"type":"LineString","coordinates":[[28.19028,-25.75797],[28.19042,-25.75776],[28.19045,-25.75765]]}},{"type":"Feature","properties":{"id":"relation/3378380","name":"Pretoria - Zoo (Gautrain)","network":"Gautrain Bus"},"geometry":{"type":"LineString","coordinates":[[28.19045,-25.75765],[28.19032,-25.75741],[28.19024,-25.75727],[28.19013,-25.75706],[28.19007,-25.75696],[28.18998,-25.75687],[28.18991,-25.75681],[28.18981,-25.75674]]}},{"type":"Feature","properties":{"id":"relation/3378380","name":"Pretoria - Zoo (Gautrain)","network":"Gautrain Bus"},"geometry":{"type":"LineString","coordinates":[[28.18981,-25.75674],[28.18974,-25.75667]]}},{"type":"Feature","properties":{"id":"relation/3378380","name":"Pretoria - Zoo (Gautrain)","network":"Gautrain Bus"},"geometry":{"type":"LineString","coordinates":[[28.18974,-25.75667],[28.18899,-25.75672],[28.18897,-25.75672]]}},{"type":"Feature","properties":{"id":"relation/3378380","name":"Pretoria - Zoo (Gautrain)","network":"Gautrain Bus"},"geometry":{"type":"LineString","coordinates":[[28.18856,-25.75232],[28.18858,-25.75256],[28.18865,-25.75356],[28.18867,-25.7538],[28.18877,-25.75526],[28.18886,-25.75601],[28.18892,-25.75664],[28.18894,-25.75669],[28.18897,-25.75672]]}},{"type":"Feature","properties":{"id":"relation/3378380","name":"Pretoria - Zoo (Gautrain)","network":"Gautrain Bus"},"geometry":{"type":"LineString","coordinates":[[28.18856,-25.75232],[28.18767,-25.75238],[28.18611,-25.75248]]}},{"type":"Feature","properties":{"id":"relation/3378380","name":"Pretoria - Zoo (Gautrain)","network":"Gautrain Bus"},"geometry":{"type":"LineString","coordinates":[[28.18611,-25.75248],[28.1861,-25.75228],[28.18608,-25.7521],[28.18608,-25.75199]]}},{"type":"Feature","properties":{"id":"relation/3378380","name":"Pretoria - Zoo (Gautrain)","network":"Gautrain Bus"},"geometry":{"type":"LineString","coordinates":[[28.18608,-25.75199],[28.18606,-25.75174],[28.18601,-25.75101]]}},{"type":"Feature","properties":{"id":"relation/3378380","name":"Pretoria - Zoo (Gautrain)","network":"Gautrain Bus"},"geometry":{"type":"LineString","coordinates":[[28.18601,-25.75101],[28.18599,-25.75079],[28.18595,-25.75044]]}},{"type":"Feature","properties":{"id":"relation/3378380","name":"Pretoria - Zoo (Gautrain)","network":"Gautrain Bus"},"geometry":{"type":"LineString","coordinates":[[28.18595,-25.75044],[28.18588,-25.74957]]}},{"type":"Feature","properties":{"id":"relation/3378380","name":"Pretoria - Zoo (Gautrain)","network":"Gautrain Bus"},"geometry":{"type":"LineString","coordinates":[[28.18588,-25.74957],[28.18576,-25.74809]]}},{"type":"Feature","properties":{"id":"relation/3378380","name":"Pretoria - Zoo (Gautrain)","network":"Gautrain Bus"},"geometry":{"type":"LineString","coordinates":[[28.18576,-25.74809],[28.18563,-25.74664]]}},{"type":"Feature","properties":{"id":"relation/3378380","name":"Pretoria - Zoo (Gautrain)","network":"Gautrain Bus"},"geometry":{"type":"LineString","coordinates":[[28.18563,-25.74664],[28.18555,-25.74567],[28.18551,-25.74516]]}},{"type":"Feature","properties":{"id":"relation/3378380","name":"Pretoria - Zoo (Gautrain)","network":"Gautrain Bus"},"geometry":{"type":"LineString","coordinates":[[28.18551,-25.74516],[28.18548,-25.74468],[28.1854,-25.74367]]}},{"type":"Feature","properties":{"id":"relation/3378380","name":"Pretoria - Zoo (Gautrain)","network":"Gautrain Bus"},"geometry":{"type":"LineString","coordinates":[[28.1854,-25.74367],[28.18524,-25.7422]]}},{"type":"Feature","properties":{"id":"relation/3378380","name":"Pretoria - Zoo (Gautrain)","network":"Gautrain Bus"},"geometry":{"type":"LineString","coordinates":[[28.18524,-25.7422],[28.18518,-25.74159],[28.1851,-25.74074]]}},{"type":"Feature","properties":{"id":"relation/3378380","name":"Pretoria - Zoo (Gautrain)","network":"Gautrain Bus"},"geometry":{"type":"LineString","coordinates":[[28.1851,-25.74074],[28.18498,-25.73944],[28.18497,-25.73939]]}},{"type":"Feature","properties":{"id":"relation/3378380","name":"Pretoria - Zoo (Gautrain)","network":"Gautrain Bus"},"geometry":{"type":"LineString","coordinates":[[28.18257,-25.73955],[28.18335,-25.7395],[28.18434,-25.73943],[28.18489,-25.73939],[28.18497,-25.73939]]}},{"type":"Feature","properties":{"id":"relation/3378380","name":"Pretoria - Zoo (Gautrain)","network":"Gautrain Bus"},"geometry":{"type":"LineString","coordinates":[[28.18015,-25.73973],[28.18242,-25.73956],[28.18257,-25.73955]]}},{"type":"Feature","properties":{"id":"relation/3378380","name":"Pretoria - Zoo (Gautrain)","network":"Gautrain Bus"},"geometry":{"type":"LineString","coordinates":[[28.18497,-25.73939],[28.18561,-25.73934],[28.18644,-25.73928]]}},{"type":"Feature","properties":{"id":"relation/3378380","name":"Pretoria - Zoo (Gautrain)","network":"Gautrain Bus"},"geometry":{"type":"LineString","coordinates":[[28.18644,-25.73928],[28.18725,-25.73922],[28.18729,-25.73922]]}},{"type":"Feature","properties":{"id":"relation/3378380","name":"Pretoria - Zoo (Gautrain)","network":"Gautrain Bus"},"geometry":{"type":"LineString","coordinates":[[28.18729,-25.73922],[28.18734,-25.73922]]}},{"type":"Feature","properties":{"id":"relation/3378380","name":"Pretoria - Zoo (Gautrain)","network":"Gautrain Bus"},"geometry":{"type":"LineString","coordinates":[[28.18734,-25.73922],[28.18744,-25.73921]]}},{"type":"Feature","properties":{"id":"relation/3378380","name":"Pretoria - Zoo (Gautrain)","network":"Gautrain Bus"},"geometry":{"type":"LineString","coordinates":[[28.18744,-25.73921],[28.1875,-25.73921]]}},{"type":"Feature","properties":{"id":"relation/3378380","name":"Pretoria - Zoo (Gautrain)","network":"Gautrain Bus"},"geometry":{"type":"LineString","coordinates":[[28.18786,-25.73919],[28.18804,-25.73918],[28.18896,-25.73914],[28.18911,-25.73913],[28.18936,-25.73911],[28.1898,-25.7391],[28.18983,-25.73909],[28.18989,-25.73909]]}},{"type":"Feature","properties":{"id":"relation/3378380","name":"Pretoria - Zoo (Gautrain)","network":"Gautrain Bus"},"geometry":{"type":"LineString","coordinates":[[28.18989,-25.73909],[28.19002,-25.74039]]}},{"type":"Feature","properties":{"id":"relation/3378380","name":"Pretoria - Zoo (Gautrain)","network":"Gautrain Bus"},"geometry":{"type":"LineString","coordinates":[[28.19002,-25.74039],[28.19013,-25.74185]]}},{"type":"Feature","properties":{"id":"relation/3378380","name":"Pretoria - Zoo (Gautrain)","network":"Gautrain Bus"},"geometry":{"type":"LineString","coordinates":[[28.19013,-25.74185],[28.19021,-25.74279],[28.19026,-25.74334]]}},{"type":"Feature","properties":{"id":"relation/3378380","name":"Pretoria - Zoo (Gautrain)","network":"Gautrain Bus"},"geometry":{"type":"LineString","coordinates":[[28.19026,-25.74334],[28.19042,-25.74483]]}},{"type":"Feature","properties":{"id":"relation/3378380","name":"Pretoria - Zoo (Gautrain)","network":"Gautrain Bus"},"geometry":{"type":"LineString","coordinates":[[28.19042,-25.74483],[28.19053,-25.7463]]}},{"type":"Feature","properties":{"id":"relation/3378380","name":"Pretoria - Zoo (Gautrain)","network":"Gautrain Bus"},"geometry":{"type":"LineString","coordinates":[[28.19053,-25.7463],[28.19057,-25.74687],[28.19059,-25.74718],[28.1906,-25.74724],[28.19061,-25.74735],[28.19065,-25.74777]]}},{"type":"Feature","properties":{"id":"relation/3378380","name":"Pretoria - Zoo (Gautrain)","network":"Gautrain Bus"},"geometry":{"type":"LineString","coordinates":[[28.19065,-25.74777],[28.1907,-25.74857],[28.19076,-25.74922],[28.19083,-25.74993],[28.19087,-25.75045],[28.19088,-25.75055],[28.19089,-25.75064],[28.19089,-25.75071],[28.19102,-25.75215]]}},{"type":"Feature","properties":{"id":"relation/3378380","name":"Pretoria - Zoo (Gautrain)","network":"Gautrain Bus"},"geometry":{"type":"LineString","coordinates":[[28.19102,-25.75215],[28.19108,-25.75295],[28.19113,-25.75362],[28.19124,-25.75511]]}},{"type":"Feature","properties":{"id":"relation/3378380","name":"Pretoria - Zoo (Gautrain)","network":"Gautrain Bus"},"geometry":{"type":"LineString","coordinates":[[28.19124,-25.75511],[28.1913,-25.75583]]}},{"type":"Feature","properties":{"id":"relation/3378380","name":"Pretoria - Zoo (Gautrain)","network":"Gautrain Bus"},"geometry":{"type":"LineString","coordinates":[[28.1913,-25.75583],[28.19133,-25.75611],[28.19137,-25.75657]]}},{"type":"Feature","properties":{"id":"relation/3378380","name":"Pretoria - Zoo (Gautrain)","network":"Gautrain Bus"},"geometry":{"type":"LineString","coordinates":[[28.19137,-25.75657],[28.19139,-25.75682],[28.19142,-25.75716],[28.19144,-25.75733]]}},{"type":"Feature","properties":{"id":"relation/3378380","name":"Pretoria - Zoo (Gautrain)","network":"Gautrain Bus"},"geometry":{"type":"LineString","coordinates":[[28.19144,-25.75733],[28.19149,-25.75801],[28.1915,-25.7581],[28.1916,-25.75865]]}},{"type":"Feature","properties":{"id":"relation/3378380","name":"Pretoria - Zoo (Gautrain)","network":"Gautrain Bus"},"geometry":{"type":"LineString","coordinates":[[28.1916,-25.75865],[28.19166,-25.75888],[28.1918,-25.75941],[28.19182,-25.75944],[28.19188,-25.75963],[28.19202,-25.7601],[28.19211,-25.76038],[28.19214,-25.76044]]}},{"type":"Feature","properties":{"id":"relation/3378380","name":"Pretoria - Zoo (Gautrain)","network":"Gautrain Bus"},"geometry":{"type":"LineString","coordinates":[[28.19214,-25.76044],[28.19217,-25.76051]]}},{"type":"Feature","properties":{"id":"relation/3378380","name":"Pretoria - Zoo (Gautrain)","network":"Gautrain Bus"},"geometry":{"type":"LineString","coordinates":[[28.19217,-25.76051],[28.19209,-25.76055],[28.19204,-25.76057]]}},{"type":"Feature","properties":{"id":"relation/3378380","name":"Pretoria - Zoo (Gautrain)","network":"Gautrain Bus"},"geometry":{"type":"LineString","coordinates":[[28.19204,-25.76057],[28.19193,-25.76059],[28.1919,-25.7606],[28.19168,-25.76066],[28.19159,-25.76067],[28.19153,-25.76066],[28.19148,-25.76064],[28.19144,-25.7606],[28.19139,-25.76054],[28.19128,-25.76036],[28.19048,-25.75931],[28.19045,-25.75924],[28.19044,-25.7592],[28.19044,-25.75917],[28.19045,-25.75914],[28.19047,-25.7591],[28.19055,-25.75902],[28.19056,-25.75898],[28.19057,-25.75895],[28.19055,-25.7589],[28.19052,-25.75886],[28.19013,-25.75836]]}},{"type":"Feature","properties":{"id":"relation/19374378","name":"Sandton - Gallo Manor (Gautrain S2)","network":"Gautrain Bus"},"geometry":{"type":"LineString","coordinates":[[28.07445,-26.06751],[28.07328,-26.06806],[28.07316,-26.06812]]}},{"type":"Feature","properties":{"id":"relation/19374378","name":"Sandton - Gallo Manor (Gautrain S2)","network":"Gautrain Bus"},"geometry":{"type":"LineString","coordinates":[[28.07316,-26.06812],[28.07277,-26.06832]]}},{"type":"Feature","properties":{"id":"relation/19374378","name":"Sandton - Gallo Manor (Gautrain S2)","network":"Gautrain Bus"},"geometry":{"type":"LineString","coordinates":[[28.07277,-26.06832],[28.07271,-26.06839],[28.07269,-26.06841],[28.07267,-26.06844],[28.07266,-26.0685],[28.07265,-26.06854]]}},{"type":"Feature","properties":{"id":"relation/19374378","name":"Sandton - Gallo Manor (Gautrain S2)","network":"Gautrain Bus"},"geometry":{"type":"LineString","coordinates":[[28.07265,-26.06854],[28.07277,-26.06878],[28.07295,-26.06922],[28.07303,-26.06945],[28.07304,-26.06999]]}},{"type":"Feature","properties":{"id":"relation/19374378","name":"Sandton - Gallo Manor (Gautrain S2)","network":"Gautrain Bus"},"geometry":{"type":"LineString","coordinates":[[28.07304,-26.06999],[28.07303,-26.07085]]}},{"type":"Feature","properties":{"id":"relation/19374378","name":"Sandton - Gallo Manor (Gautrain S2)","network":"Gautrain Bus"},"geometry":{"type":"LineString","coordinates":[[28.07303,-26.07085],[28.07302,-26.07199],[28.07314,-26.07306]]}},{"type":"Feature","properties":{"id":"relation/19374378","name":"Sandton - Gallo Manor (Gautrain S2)","network":"Gautrain Bus"},"geometry":{"type":"LineString","coordinates":[[28.07547,-26.0739],[28.07515,-26.07367],[28.07487,-26.07346],[28.07469,-26.07336],[28.07459,-26.07331],[28.07449,-26.07327],[28.07439,-26.07324],[28.07417,-26.07318],[28.07402,-26.07315],[28.07388,-26.07312],[28.07368,-26.07309],[28.07348,-26.07307],[28.07314,-26.07306]]}},{"type":"Feature","properties":{"id":"relation/19374378","name":"Sandton - Gallo Manor (Gautrain S2)","network":"Gautrain Bus"},"geometry":{"type":"LineString","coordinates":[[28.07794,-26.07258],[28.07788,-26.0726],[28.07746,-26.07274],[28.07732,-26.07281],[28.07707,-26.07295],[28.07665,-26.07317],[28.07586,-26.07362],[28.07547,-26.0739]]}},{"type":"Feature","properties":{"id":"relation/19374378","name":"Sandton - Gallo Manor (Gautrain S2)","network":"Gautrain Bus"},"geometry":{"type":"LineString","coordinates":[[28.0781,-26.07254],[28.07794,-26.07258]]}},{"type":"Feature","properties":{"id":"relation/19374378","name":"Sandton - Gallo Manor (Gautrain S2)","network":"Gautrain Bus"},"geometry":{"type":"LineString","coordinates":[[28.0781,-26.07254],[28.07815,-26.07267],[28.07851,-26.07367],[28.07951,-26.07648]]}},{"type":"Feature","properties":{"id":"relation/19374378","name":"Sandton - Gallo Manor (Gautrain S2)","network":"Gautrain Bus"},"geometry":{"type":"LineString","coordinates":[[28.07951,-26.07648],[28.07965,-26.07685]]}},{"type":"Feature","properties":{"id":"relation/19374378","name":"Sandton - Gallo Manor (Gautrain S2)","network":"Gautrain Bus"},"geometry":{"type":"LineString","coordinates":[[28.07965,-26.07685],[28.07971,-26.07705],[28.07974,-26.07715]]}},{"type":"Feature","properties":{"id":"relation/19374378","name":"Sandton - Gallo Manor (Gautrain S2)","network":"Gautrain Bus"},"geometry":{"type":"LineString","coordinates":[[28.07974,-26.07715],[28.07979,-26.07736],[28.0798,-26.07754],[28.07981,-26.07763],[28.0798,-26.07773],[28.0798,-26.07783],[28.07979,-26.07807]]}},{"type":"Feature","properties":{"id":"relation/19374378","name":"Sandton - Gallo Manor (Gautrain S2)","network":"Gautrain Bus"},"geometry":{"type":"LineString","coordinates":[[28.07979,-26.07807],[28.07974,-26.07857],[28.0797,-26.07905],[28.07969,-26.07919],[28.07967,-26.07936],[28.07966,-26.07967],[28.07966,-26.08049],[28.07965,-26.08093],[28.07965,-26.0811]]}},{"type":"Feature","properties":{"id":"relation/19374378","name":"Sandton - Gallo Manor (Gautrain S2)","network":"Gautrain Bus"},"geometry":{"type":"LineString","coordinates":[[28.07965,-26.0811],[28.07965,-26.0812],[28.07964,-26.08129],[28.07963,-26.08148]]}},{"type":"Feature","properties":{"id":"relation/19374378","name":"Sandton - Gallo Manor (Gautrain S2)","network":"Gautrain Bus"},"geometry":{"type":"LineString","coordinates":[[28.07963,-26.08148],[28.07962,-26.08197],[28.07962,-26.082]]}},{"type":"Feature","properties":{"id":"relation/19374378","name":"Sandton - Gallo Manor (Gautrain S2)","network":"Gautrain Bus"},"geometry":{"type":"LineString","coordinates":[[28.07962,-26.082],[28.07962,-26.08205]]}},{"type":"Feature","properties":{"id":"relation/19374378","name":"Sandton - Gallo Manor (Gautrain S2)","network":"Gautrain Bus"},"geometry":{"type":"LineString","coordinates":[[28.07962,-26.08205],[28.07962,-26.08213]]}},{"type":"Feature","properties":{"id":"relation/19374378","name":"Sandton - Gallo Manor (Gautrain S2)","network":"Gautrain Bus"},"geometry":{"type":"LineString","coordinates":[[28.07962,-26.08213],[28.07962,-26.08257],[28.07962,-26.08295],[28.07961,-26.08324],[28.07961,-26.08342],[28.07961,-26.08361],[28.07961,-26.08398]]}},{"type":"Feature","properties":{"id":"relation/19374378","name":"Sandton - Gallo Manor (Gautrain S2)","network":"Gautrain Bus"},"geometry":{"type":"LineString","coordinates":[[28.07961,-26.08398],[28.0796,-26.08433],[28.0796,-26.0844]]}},{"type":"Feature","properties":{"id":"relation/19374378","name":"Sandton - Gallo Manor (Gautrain S2)","network":"Gautrain Bus"},"geometry":{"type":"LineString","coordinates":[[28.0796,-26.0844],[28.0796,-26.0845],[28.0796,-26.0849],[28.0796,-26.08498],[28.0796,-26.08507],[28.0796,-26.08523],[28.07953,-26.08617]]}},{"type":"Feature","properties":{"id":"relation/19374378","name":"Sandton - Gallo Manor (Gautrain S2)","network":"Gautrain Bus"},"geometry":{"type":"LineString","coordinates":[[28.07953,-26.08617],[28.07951,-26.0868],[28.0795,-26.08701],[28.07948,-26.08757]]}},{"type":"Feature","properties":{"id":"relation/19374378","name":"Sandton - Gallo Manor (Gautrain S2)","network":"Gautrain Bus"},"geometry":{"type":"LineString","coordinates":[[28.07948,-26.08757],[28.07948,-26.08768]]}},{"type":"Feature","properties":{"id":"relation/19374378","name":"Sandton - Gallo Manor (Gautrain S2)","network":"Gautrain Bus"},"geometry":{"type":"LineString","coordinates":[[28.07948,-26.08768],[28.07948,-26.08786],[28.07948,-26.08797],[28.07947,-26.08834],[28.07947,-26.08858],[28.07947,-26.08899],[28.07947,-26.0891],[28.07946,-26.08984],[28.07946,-26.08996],[28.07946,-26.09006],[28.07946,-26.0904],[28.07946,-26.09053],[28.0795,-26.09094],[28.07956,-26.09118],[28.07966,-26.09145]]}},{"type":"Feature","properties":{"id":"relation/19374378","name":"Sandton - Gallo Manor (Gautrain S2)","network":"Gautrain Bus"},"geometry":{"type":"LineString","coordinates":[[28.07966,-26.09145],[28.07971,-26.09158]]}},{"type":"Feature","properties":{"id":"relation/19374378","name":"Sandton - Gallo Manor (Gautrain S2)","network":"Gautrain Bus"},"geometry":{"type":"LineString","coordinates":[[28.07971,-26.09158],[28.07975,-26.09166]]}},{"type":"Feature","properties":{"id":"relation/19374378","name":"Sandton - Gallo Manor (Gautrain S2)","network":"Gautrain Bus"},"geometry":{"type":"LineString","coordinates":[[28.07975,-26.09166],[28.07989,-26.09189]]}},{"type":"Feature","properties":{"id":"relation/19374378","name":"Sandton - Gallo Manor (Gautrain S2)","network":"Gautrain Bus"},"geometry":{"type":"LineString","coordinates":[[28.07989,-26.09189],[28.08001,-26.09207]]}},{"type":"Feature","properties":{"id":"relation/19374378","name":"Sandton - Gallo Manor (Gautrain S2)","network":"Gautrain Bus"},"geometry":{"type":"LineString","coordinates":[[28.08001,-26.09207],[28.08008,-26.09215],[28.0802,-26.09229],[28.08036,-26.09245],[28.08057,-26.09264],[28.08073,-26.09275],[28.08104,-26.09294],[28.08137,-26.0931],[28.08158,-26.0932],[28.08178,-26.09332],[28.08197,-26.09344],[28.08208,-26.09351],[28.0821,-26.09353]]}},{"type":"Feature","properties":{"id":"relation/19374378","name":"Sandton - Gallo Manor (Gautrain S2)","network":"Gautrain Bus"},"geometry":{"type":"LineString","coordinates":[[28.0821,-26.09353],[28.08221,-26.09365],[28.0823,-26.09374],[28.08247,-26.09396]]}},{"type":"Feature","properties":{"id":"relation/19374378","name":"Sandton - Gallo Manor (Gautrain S2)","network":"Gautrain Bus"},"geometry":{"type":"LineString","coordinates":[[28.08247,-26.09396],[28.08253,-26.09405],[28.08258,-26.09412],[28.08263,-26.09421],[28.08271,-26.0944],[28.08277,-26.09456],[28.08284,-26.09486],[28.08287,-26.09511],[28.08285,-26.0953],[28.08282,-26.09551],[28.08277,-26.0957],[28.08269,-26.09591],[28.08257,-26.09617],[28.08244,-26.0964],[28.0823,-26.09662],[28.08216,-26.09679],[28.08214,-26.09681],[28.082,-26.09694],[28.08178,-26.09712],[28.08166,-26.0972],[28.08156,-26.09726],[28.08138,-26.09737],[28.08128,-26.09742],[28.08112,-26.0975]]}},{"type":"Feature","properties":{"id":"relation/19374378","name":"Sandton - Gallo Manor (Gautrain S2)","network":"Gautrain Bus"},"geometry":{"type":"LineString","coordinates":[[28.08112,-26.0975],[28.08103,-26.09754],[28.081,-26.09756],[28.08086,-26.09762],[28.08023,-26.09788],[28.07883,-26.09841],[28.07855,-26.09852],[28.07802,-26.09872],[28.07774,-26.09882],[28.07746,-26.09892],[28.07725,-26.099],[28.0771,-26.09903]]}},{"type":"Feature","properties":{"id":"relation/19374378","name":"Sandton - Gallo Manor (Gautrain S2)","network":"Gautrain Bus"},"geometry":{"type":"LineString","coordinates":[[28.0771,-26.09903],[28.07679,-26.09914],[28.07665,-26.09919],[28.07583,-26.09952]]}},{"type":"Feature","properties":{"id":"relation/19374378","name":"Sandton - Gallo Manor (Gautrain S2)","network":"Gautrain Bus"},"geometry":{"type":"LineString","coordinates":[[28.07583,-26.09952],[28.07559,-26.09962]]}},{"type":"Feature","properties":{"id":"relation/19374378","name":"Sandton - Gallo Manor (Gautrain S2)","network":"Gautrain Bus"},"geometry":{"type":"LineString","coordinates":[[28.07559,-26.09962],[28.07497,-26.09988]]}},{"type":"Feature","properties":{"id":"relation/19374378","name":"Sandton - Gallo Manor (Gautrain S2)","network":"Gautrain Bus"},"geometry":{"type":"LineString","coordinates":[[28.07497,-26.09988],[28.07487,-26.09992],[28.07465,-26.10001]]}},{"type":"Feature","properties":{"id":"relation/19374378","name":"Sandton - Gallo Manor (Gautrain S2)","network":"Gautrain Bus"},"geometry":{"type":"LineString","coordinates":[[28.07465,-26.10001],[28.07438,-26.10012],[28.07414,-26.10023]]}},{"type":"Feature","properties":{"id":"relation/19374378","name":"Sandton - Gallo Manor (Gautrain S2)","network":"Gautrain Bus"},"geometry":{"type":"LineString","coordinates":[[28.07414,-26.10023],[28.07402,-26.1003],[28.07394,-26.10036],[28.07385,-26.10042],[28.07379,-26.10048],[28.07372,-26.10055],[28.07366,-26.10061],[28.0736,-26.10068],[28.07355,-26.10075],[28.07348,-26.10087],[28.07343,-26.10098]]}},{"type":"Feature","properties":{"id":"relation/19374378","name":"Sandton - Gallo Manor (Gautrain S2)","network":"Gautrain Bus"},"geometry":{"type":"LineString","coordinates":[[28.07343,-26.10098],[28.07325,-26.10152],[28.07322,-26.10159],[28.07316,-26.10179],[28.0731,-26.10193],[28.07308,-26.10199],[28.07299,-26.10214],[28.07292,-26.10224],[28.07286,-26.10231],[28.07247,-26.10274],[28.07195,-26.10332]]}},{"type":"Feature","properties":{"id":"relation/19374378","name":"Sandton - Gallo Manor (Gautrain S2)","network":"Gautrain Bus"},"geometry":{"type":"LineString","coordinates":[[28.07195,-26.10332],[28.07186,-26.1034],[28.07176,-26.10351],[28.07159,-26.10368],[28.07147,-26.10378],[28.07138,-26.10385],[28.07115,-26.104],[28.07103,-26.10407],[28.07084,-26.10417],[28.07058,-26.10427],[28.0699,-26.10456],[28.06876,-26.10501],[28.06794,-26.10535],[28.06759,-26.1055],[28.06722,-26.10567],[28.06686,-26.10586]]}},{"type":"Feature","properties":{"id":"relation/19374378","name":"Sandton - Gallo Manor (Gautrain S2)","network":"Gautrain Bus"},"geometry":{"type":"LineString","coordinates":[[28.06686,-26.10586],[28.0662,-26.10618],[28.06605,-26.10626]]}},{"type":"Feature","properties":{"id":"relation/19374378","name":"Sandton - Gallo Manor (Gautrain S2)","network":"Gautrain Bus"},"geometry":{"type":"LineString","coordinates":[[28.06605,-26.10626],[28.06589,-26.10633],[28.06583,-26.10636],[28.06558,-26.10648]]}},{"type":"Feature","properties":{"id":"relation/19374378","name":"Sandton - Gallo Manor (Gautrain S2)","network":"Gautrain Bus"},"geometry":{"type":"LineString","coordinates":[[28.06558,-26.10648],[28.06498,-26.10671],[28.06434,-26.10695],[28.06412,-26.10704],[28.06371,-26.1072],[28.06332,-26.10736],[28.06307,-26.10746]]}},{"type":"Feature","properties":{"id":"relation/19374378","name":"Sandton - Gallo Manor (Gautrain S2)","network":"Gautrain Bus"},"geometry":{"type":"LineString","coordinates":[[28.06307,-26.10746],[28.06238,-26.10775]]}},{"type":"Feature","properties":{"id":"relation/19374378","name":"Sandton - Gallo Manor (Gautrain S2)","network":"Gautrain Bus"},"geometry":{"type":"LineString","coordinates":[[28.06238,-26.10775],[28.06116,-26.10822],[28.06089,-26.10833],[28.06062,-26.10844]]}},{"type":"Feature","properties":{"id":"relation/19374378","name":"Sandton - Gallo Manor (Gautrain S2)","network":"Gautrain Bus"},"geometry":{"type":"LineString","coordinates":[[28.06062,-26.10844],[28.05964,-26.10886],[28.05955,-26.1089]]}},{"type":"Feature","properties":{"id":"relation/19374378","name":"Sandton - Gallo Manor (Gautrain S2)","network":"Gautrain Bus"},"geometry":{"type":"LineString","coordinates":[[28.05955,-26.1089],[28.05943,-26.10895]]}},{"type":"Feature","properties":{"id":"relation/19374378","name":"Sandton - Gallo Manor (Gautrain S2)","network":"Gautrain Bus"},"geometry":{"type":"LineString","coordinates":[[28.05943,-26.10895],[28.05932,-26.10884]]}},{"type":"Feature","properties":{"id":"relation/19374378","name":"Sandton - Gallo Manor (Gautrain S2)","network":"Gautrain Bus"},"geometry":{"type":"LineString","coordinates":[[28.05932,-26.10884],[28.05924,-26.10878]]}},{"type":"Feature","properties":{"id":"relation/19374378","name":"Sandton - Gallo Manor (Gautrain S2)","network":"Gautrain Bus"},"geometry":{"type":"LineString","coordinates":[[28.05924,-26.10878],[28.05913,-26.10869],[28.05844,-26.10814]]}},{"type":"Feature","properties":{"id":"relation/19374378","name":"Sandton - Gallo Manor (Gautrain S2)","network":"Gautrain Bus"},"geometry":{"type":"LineString","coordinates":[[28.05844,-26.10814],[28.0582,-26.10796]]}},{"type":"Feature","properties":{"id":"relation/19374378","name":"Sandton - Gallo Manor (Gautrain S2)","network":"Gautrain Bus"},"geometry":{"type":"LineString","coordinates":[[28.0582,-26.10796],[28.0581,-26.10789]]}},{"type":"Feature","properties":{"id":"relation/19374378","name":"Sandton - Gallo Manor (Gautrain S2)","network":"Gautrain Bus"},"geometry":{"type":"LineString","coordinates":[[28.0581,-26.10789],[28.058,-26.10797]]}},{"type":"Feature","properties":{"id":"relation/19374378","name":"Sandton - Gallo Manor (Gautrain S2)","network":"Gautrain Bus"},"geometry":{"type":"LineString","coordinates":[[28.058,-26.10797],[28.05765,-26.10821]]}},{"type":"Feature","properties":{"id":"relation/19374378","name":"Sandton - Gallo Manor (Gautrain S2)","network":"Gautrain Bus"},"geometry":{"type":"LineString","coordinates":[[28.05765,-26.10821],[28.05757,-26.10821],[28.0575,-26.10824],[28.05742,-26.10829],[28.0572,-26.10844],[28.05712,-26.10849],[28.05705,-26.10849],[28.05699,-26.10847]]}},{"type":"Feature","properties":{"id":"relation/19374378","name":"Sandton - Gallo Manor (Gautrain S2)","network":"Gautrain Bus"},"geometry":{"type":"LineString","coordinates":[[28.05699,-26.10847],[28.05692,-26.10839],[28.05665,-26.10809],[28.05659,-26.10749],[28.05669,-26.10748],[28.05673,-26.10807]]}},{"type":"Feature","properties":{"id":"relation/19452565","name":"Sandton - Rivonia (Gautrain S3)","network":"Gautrain Bus"},"geometry":{"type":"LineString","coordinates":[[28.05673,-26.10807],[28.05699,-26.10834],[28.05707,-26.10843]]}},{"type":"Feature","properties":{"id":"relation/19452565","name":"Sandton - Rivonia (Gautrain S3)","network":"Gautrain Bus"},"geometry":{"type":"LineString","coordinates":[[28.05707,-26.10843],[28.05763,-26.10806]]}},{"type":"Feature","properties":{"id":"relation/19452565","name":"Sandton - Rivonia (Gautrain S3)","network":"Gautrain Bus"},"geometry":{"type":"LineString","coordinates":[[28.05763,-26.10806],[28.05789,-26.10789]]}},{"type":"Feature","properties":{"id":"relation/19452565","name":"Sandton - Rivonia (Gautrain S3)","network":"Gautrain Bus"},"geometry":{"type":"LineString","coordinates":[[28.05789,-26.10789],[28.05798,-26.10782]]}},{"type":"Feature","properties":{"id":"relation/19452565","name":"Sandton - Rivonia (Gautrain S3)","network":"Gautrain Bus"},"geometry":{"type":"LineString","coordinates":[[28.05798,-26.10782],[28.05811,-26.10773]]}},{"type":"Feature","properties":{"id":"relation/19452565","name":"Sandton - Rivonia (Gautrain S3)","network":"Gautrain Bus"},"geometry":{"type":"LineString","coordinates":[[28.05811,-26.10773],[28.05819,-26.10767]]}},{"type":"Feature","properties":{"id":"relation/19452565","name":"Sandton - Rivonia (Gautrain S3)","network":"Gautrain Bus"},"geometry":{"type":"LineString","coordinates":[[28.05819,-26.10767],[28.05955,-26.10684],[28.05999,-26.10657],[28.06021,-26.1064],[28.06031,-26.10632],[28.06043,-26.1062],[28.06051,-26.10611],[28.06059,-26.10601],[28.06069,-26.10586],[28.06073,-26.1058],[28.06078,-26.10569]]}},{"type":"Feature","properties":{"id":"relation/19452565","name":"Sandton - Rivonia (Gautrain S3)","network":"Gautrain Bus"},"geometry":{"type":"LineString","coordinates":[[28.06078,-26.10569],[28.06081,-26.10545],[28.06081,-26.10531],[28.06082,-26.1052],[28.0608,-26.10486]]}},{"type":"Feature","properties":{"id":"relation/19452565","name":"Sandton - Rivonia (Gautrain S3)","network":"Gautrain Bus"},"geometry":{"type":"LineString","coordinates":[[28.0608,-26.10486],[28.06075,-26.10469],[28.06072,-26.10459],[28.06068,-26.1045],[28.0606,-26.10434]]}},{"type":"Feature","properties":{"id":"relation/19452565","name":"Sandton - Rivonia (Gautrain S3)","network":"Gautrain Bus"},"geometry":{"type":"LineString","coordinates":[[28.0606,-26.10434],[28.06031,-26.10376]]}},{"type":"Feature","properties":{"id":"relation/19452565","name":"Sandton - Rivonia (Gautrain S3)","network":"Gautrain Bus"},"geometry":{"type":"LineString","coordinates":[[28.06031,-26.10376],[28.06002,-26.10319],[28.06002,-26.10317]]}},{"type":"Feature","properties":{"id":"relation/19452565","name":"Sandton - Rivonia (Gautrain S3)","network":"Gautrain Bus"},"geometry":{"type":"LineString","coordinates":[[28.06002,-26.10317],[28.05996,-26.10305]]}},{"type":"Feature","properties":{"id":"relation/19452565","name":"Sandton - Rivonia (Gautrain S3)","network":"Gautrain Bus"},"geometry":{"type":"LineString","coordinates":[[28.05996,-26.10305],[28.0599,-26.10292]]}},{"type":"Feature","properties":{"id":"relation/19452565","name":"Sandton - Rivonia (Gautrain S3)","network":"Gautrain Bus"},"geometry":{"type":"LineString","coordinates":[[28.0599,-26.10292],[28.05975,-26.1026],[28.05958,-26.10231]]}},{"type":"Feature","properties":{"id":"relation/19452565","name":"Sandton - Rivonia (Gautrain S3)","network":"Gautrain Bus"},"geometry":{"type":"LineString","coordinates":[[28.05958,-26.10231],[28.05924,-26.1016]]}},{"type":"Feature","properties":{"id":"relation/19452565","name":"Sandton - Rivonia (Gautrain S3)","network":"Gautrain Bus"},"geometry":{"type":"LineString","coordinates":[[28.05924,-26.1016],[28.05921,-26.10154]]}},{"type":"Feature","properties":{"id":"relation/19452565","name":"Sandton - Rivonia (Gautrain S3)","network":"Gautrain Bus"},"geometry":{"type":"LineString","coordinates":[[28.05921,-26.10154],[28.05897,-26.10109],[28.05883,-26.10081]]}},{"type":"Feature","properties":{"id":"relation/19452565","name":"Sandton - Rivonia (Gautrain S3)","network":"Gautrain Bus"},"geometry":{"type":"LineString","coordinates":[[28.05883,-26.10081],[28.05869,-26.10051]]}},{"type":"Feature","properties":{"id":"relation/19452565","name":"Sandton - Rivonia (Gautrain S3)","network":"Gautrain Bus"},"geometry":{"type":"LineString","coordinates":[[28.05869,-26.10051],[28.05864,-26.10043]]}},{"type":"Feature","properties":{"id":"relation/19452565","name":"Sandton - Rivonia (Gautrain S3)","network":"Gautrain Bus"},"geometry":{"type":"LineString","coordinates":[[28.05864,-26.10043],[28.05848,-26.1001],[28.05825,-26.09963]]}},{"type":"Feature","properties":{"id":"relation/19452565","name":"Sandton - Rivonia (Gautrain S3)","network":"Gautrain Bus"},"geometry":{"type":"LineString","coordinates":[[28.05825,-26.09963],[28.05814,-26.09941]]}},{"type":"Feature","properties":{"id":"relation/19452565","name":"Sandton - Rivonia (Gautrain S3)","network":"Gautrain Bus"},"geometry":{"type":"LineString","coordinates":[[28.05814,-26.09941],[28.0579,-26.09887]]}},{"type":"Feature","properties":{"id":"relation/19452565","name":"Sandton - Rivonia (Gautrain S3)","network":"Gautrain Bus"},"geometry":{"type":"LineString","coordinates":[[28.0579,-26.09887],[28.05765,-26.09832],[28.0576,-26.09821]]}},{"type":"Feature","properties":{"id":"relation/19452565","name":"Sandton - Rivonia (Gautrain S3)","network":"Gautrain Bus"},"geometry":{"type":"LineString","coordinates":[[28.0576,-26.09821],[28.05754,-26.09809]]}},{"type":"Feature","properties":{"id":"relation/19452565","name":"Sandton - Rivonia (Gautrain S3)","network":"Gautrain Bus"},"geometry":{"type":"LineString","coordinates":[[28.05754,-26.09809],[28.05749,-26.09798],[28.05743,-26.09785],[28.05731,-26.09762],[28.05719,-26.09734],[28.05713,-26.0972],[28.05707,-26.09709],[28.0569,-26.09673]]}},{"type":"Feature","properties":{"id":"relation/19452565","name":"Sandton - Rivonia (Gautrain S3)","network":"Gautrain Bus"},"geometry":{"type":"LineString","coordinates":[[28.0569,-26.09673],[28.05669,-26.09628],[28.05666,-26.09621]]}},{"type":"Feature","properties":{"id":"relation/19452565","name":"Sandton - Rivonia (Gautrain S3)","network":"Gautrain Bus"},"geometry":{"type":"LineString","coordinates":[[28.05666,-26.09621],[28.0566,-26.0961],[28.05657,-26.09603],[28.05629,-26.09547],[28.05624,-26.09538],[28.05613,-26.09516],[28.05603,-26.09491]]}},{"type":"Feature","properties":{"id":"relation/19452565","name":"Sandton - Rivonia (Gautrain S3)","network":"Gautrain Bus"},"geometry":{"type":"LineString","coordinates":[[28.05603,-26.09491],[28.056,-26.09473],[28.05596,-26.09439]]}},{"type":"Feature","properties":{"id":"relation/19452565","name":"Sandton - Rivonia (Gautrain S3)","network":"Gautrain Bus"},"geometry":{"type":"LineString","coordinates":[[28.05596,-26.09439],[28.05597,-26.09412],[28.056,-26.09397],[28.05629,-26.09297]]}},{"type":"Feature","properties":{"id":"relation/19452565","name":"Sandton - Rivonia (Gautrain S3)","network":"Gautrain Bus"},"geometry":{"type":"LineString","coordinates":[[28.05629,-26.09297],[28.05634,-26.09279]]}},{"type":"Feature","properties":{"id":"relation/19452565","name":"Sandton - Rivonia (Gautrain S3)","network":"Gautrain Bus"},"geometry":{"type":"LineString","coordinates":[[28.05634,-26.09279],[28.05648,-26.09232]]}},{"type":"Feature","properties":{"id":"relation/19452565","name":"Sandton - Rivonia (Gautrain S3)","network":"Gautrain Bus"},"geometry":{"type":"LineString","coordinates":[[28.05648,-26.09232],[28.05652,-26.0922],[28.05653,-26.09215],[28.05661,-26.09184],[28.0567,-26.09153],[28.05677,-26.09127]]}},{"type":"Feature","properties":{"id":"relation/19452565","name":"Sandton - Rivonia (Gautrain S3)","network":"Gautrain Bus"},"geometry":{"type":"LineString","coordinates":[[28.05677,-26.09127],[28.05682,-26.09109]]}},{"type":"Feature","properties":{"id":"relation/19452565","name":"Sandton - Rivonia (Gautrain S3)","network":"Gautrain Bus"},"geometry":{"type":"LineString","coordinates":[[28.05682,-26.09109],[28.05687,-26.09094]]}},{"type":"Feature","properties":{"id":"relation/19452565","name":"Sandton - Rivonia (Gautrain S3)","network":"Gautrain Bus"},"geometry":{"type":"LineString","coordinates":[[28.05687,-26.09094],[28.05702,-26.09045],[28.05713,-26.09016],[28.05728,-26.08982]]}},{"type":"Feature","properties":{"id":"relation/19452565","name":"Sandton - Rivonia (Gautrain S3)","network":"Gautrain Bus"},"geometry":{"type":"LineString","coordinates":[[28.05728,-26.08982],[28.05758,-26.08924]]}},{"type":"Feature","properties":{"id":"relation/19452565","name":"Sandton - Rivonia (Gautrain S3)","network":"Gautrain Bus"},"geometry":{"type":"LineString","coordinates":[[28.05758,-26.08924],[28.05822,-26.08808]]}},{"type":"Feature","properties":{"id":"relation/19452565","name":"Sandton - Rivonia (Gautrain S3)","network":"Gautrain Bus"},"geometry":{"type":"LineString","coordinates":[[28.05822,-26.08808],[28.05829,-26.08796],[28.05873,-26.08719]]}},{"type":"Feature","properties":{"id":"relation/19452565","name":"Sandton - Rivonia (Gautrain S3)","network":"Gautrain Bus"},"geometry":{"type":"LineString","coordinates":[[28.05873,-26.08719],[28.05902,-26.08664],[28.05917,-26.08634],[28.06028,-26.08428]]}},{"type":"Feature","properties":{"id":"relation/19452565","name":"Sandton - Rivonia (Gautrain S3)","network":"Gautrain Bus"},"geometry":{"type":"LineString","coordinates":[[28.06028,-26.08428],[28.06061,-26.08369],[28.06066,-26.08358]]}},{"type":"Feature","properties":{"id":"relation/19452565","name":"Sandton - Rivonia (Gautrain S3)","network":"Gautrain Bus"},"geometry":{"type":"LineString","coordinates":[[28.06066,-26.08358],[28.06074,-26.08345],[28.06082,-26.08331]]}},{"type":"Feature","properties":{"id":"relation/19452565","name":"Sandton - Rivonia (Gautrain S3)","network":"Gautrain Bus"},"geometry":{"type":"LineString","coordinates":[[28.06082,-26.08331],[28.06101,-26.08298]]}},{"type":"Feature","properties":{"id":"relation/19452565","name":"Sandton - Rivonia (Gautrain S3)","network":"Gautrain Bus"},"geometry":{"type":"LineString","coordinates":[[28.06101,-26.08298],[28.06143,-26.08224],[28.06177,-26.08163]]}},{"type":"Feature","properties":{"id":"relation/19452565","name":"Sandton - Rivonia (Gautrain S3)","network":"Gautrain Bus"},"geometry":{"type":"LineString","coordinates":[[28.06177,-26.08163],[28.06199,-26.08129]]}},{"type":"Feature","properties":{"id":"relation/19452565","name":"Sandton - Rivonia (Gautrain S3)","network":"Gautrain Bus"},"geometry":{"type":"LineString","coordinates":[[28.06199,-26.08129],[28.06217,-26.08093]]}},{"type":"Feature","properties":{"id":"relation/19452565","name":"Sandton - Rivonia (Gautrain S3)","network":"Gautrain Bus"},"geometry":{"type":"LineString","coordinates":[[28.06217,-26.08093],[28.06222,-26.08085],[28.06231,-26.08069],[28.0624,-26.08048],[28.06258,-26.08017]]}},{"type":"Feature","properties":{"id":"relation/19452565","name":"Sandton - Rivonia (Gautrain S3)","network":"Gautrain Bus"},"geometry":{"type":"LineString","coordinates":[[28.06258,-26.08017],[28.06271,-26.07995],[28.06282,-26.07975]]}},{"type":"Feature","properties":{"id":"relation/19452565","name":"Sandton - Rivonia (Gautrain S3)","network":"Gautrain Bus"},"geometry":{"type":"LineString","coordinates":[[28.06282,-26.07975],[28.06319,-26.07911],[28.06337,-26.07875],[28.06344,-26.07861],[28.06351,-26.07848],[28.06403,-26.07752],[28.06422,-26.07716],[28.06487,-26.07593],[28.06498,-26.07562]]}},{"type":"Feature","properties":{"id":"relation/19452565","name":"Sandton - Rivonia (Gautrain S3)","network":"Gautrain Bus"},"geometry":{"type":"LineString","coordinates":[[28.06498,-26.07562],[28.06504,-26.07539],[28.06507,-26.07522]]}},{"type":"Feature","properties":{"id":"relation/19452565","name":"Sandton - Rivonia (Gautrain S3)","network":"Gautrain Bus"},"geometry":{"type":"LineString","coordinates":[[28.06507,-26.07522],[28.06508,-26.07515]]}},{"type":"Feature","properties":{"id":"relation/19452565","name":"Sandton - Rivonia (Gautrain S3)","network":"Gautrain Bus"},"geometry":{"type":"LineString","coordinates":[[28.06508,-26.07515],[28.06509,-26.07505]]}},{"type":"Feature","properties":{"id":"relation/19452565","name":"Sandton - Rivonia (Gautrain S3)","network":"Gautrain Bus"},"geometry":{"type":"LineString","coordinates":[[28.06509,-26.07505],[28.06513,-26.07499]]}},{"type":"Feature","properties":{"id":"relation/19452565","name":"Sandton - Rivonia (Gautrain S3)","network":"Gautrain Bus"},"geometry":{"type":"LineString","coordinates":[[28.06505,-26.07426],[28.06511,-26.07457],[28.06513,-26.07498],[28.06513,-26.07499]]}},{"type":"Feature","properties":{"id":"relation/19452565","name":"Sandton - Rivonia (Gautrain S3)","network":"Gautrain Bus"},"geometry":{"type":"LineString","coordinates":[[28.0649,-26.07367],[28.065,-26.07404],[28.06505,-26.07426]]}},{"type":"Feature","properties":{"id":"relation/19452565","name":"Sandton - Rivonia (Gautrain S3)","network":"Gautrain Bus"},"geometry":{"type":"LineString","coordinates":[[28.0649,-26.07367],[28.06461,-26.07302]]}},{"type":"Feature","properties":{"id":"relation/19452565","name":"Sandton - Rivonia (Gautrain S3)","network":"Gautrain Bus"},"geometry":{"type":"LineString","coordinates":[[28.06461,-26.07302],[28.06447,-26.07271],[28.06423,-26.07223]]}},{"type":"Feature","properties":{"id":"relation/19452565","name":"Sandton - Rivonia (Gautrain S3)","network":"Gautrain Bus"},"geometry":{"type":"LineString","coordinates":[[28.06423,-26.07223],[28.06411,-26.07194],[28.06406,-26.07179]]}},{"type":"Feature","properties":{"id":"relation/19452565","name":"Sandton - Rivonia (Gautrain S3)","network":"Gautrain Bus"},"geometry":{"type":"LineString","coordinates":[[28.06406,-26.07179],[28.06388,-26.07126],[28.06379,-26.07103]]}},{"type":"Feature","properties":{"id":"relation/19452565","name":"Sandton - Rivonia (Gautrain S3)","network":"Gautrain Bus"},"geometry":{"type":"LineString","coordinates":[[28.06379,-26.07103],[28.06378,-26.07097]]}},{"type":"Feature","properties":{"id":"relation/19452565","name":"Sandton - Rivonia (Gautrain S3)","network":"Gautrain Bus"},"geometry":{"type":"LineString","coordinates":[[28.06235,-26.06758],[28.06256,-26.06808],[28.0627,-26.06841],[28.06283,-26.06871],[28.06353,-26.07037],[28.06378,-26.07097]]}},{"type":"Feature","properties":{"id":"relation/19452565","name":"Sandton - Rivonia (Gautrain S3)","network":"Gautrain Bus"},"geometry":{"type":"LineString","coordinates":[[28.06235,-26.06758],[28.06231,-26.06753],[28.06226,-26.06744],[28.06165,-26.06625]]}},{"type":"Feature","properties":{"id":"relation/19452565","name":"Sandton - Rivonia (Gautrain S3)","network":"Gautrain Bus"},"geometry":{"type":"LineString","coordinates":[[28.06165,-26.06625],[28.06133,-26.06559]]}},{"type":"Feature","properties":{"id":"relation/19452565","name":"Sandton - Rivonia (Gautrain S3)","network":"Gautrain Bus"},"geometry":{"type":"LineString","coordinates":[[28.06133,-26.06559],[28.06131,-26.06553],[28.0612,-26.06528],[28.06099,-26.06475]]}},{"type":"Feature","properties":{"id":"relation/19452565","name":"Sandton - Rivonia (Gautrain S3)","network":"Gautrain Bus"},"geometry":{"type":"LineString","coordinates":[[28.06099,-26.06475],[28.06077,-26.06421]]}},{"type":"Feature","properties":{"id":"relation/19452565","name":"Sandton - Rivonia (Gautrain S3)","network":"Gautrain Bus"},"geometry":{"type":"LineString","coordinates":[[28.06077,-26.06421],[28.06073,-26.06412]]}},{"type":"Feature","properties":{"id":"relation/19452565","name":"Sandton - Rivonia (Gautrain S3)","network":"Gautrain Bus"},"geometry":{"type":"LineString","coordinates":[[28.06073,-26.06412],[28.06067,-26.06398],[28.06043,-26.06343],[28.05991,-26.06217]]}},{"type":"Feature","properties":{"id":"relation/19452565","name":"Sandton - Rivonia (Gautrain S3)","network":"Gautrain Bus"},"geometry":{"type":"LineString","coordinates":[[28.05991,-26.06217],[28.05953,-26.06128]]}},{"type":"Feature","properties":{"id":"relation/19452565","name":"Sandton - Rivonia (Gautrain S3)","network":"Gautrain Bus"},"geometry":{"type":"LineString","coordinates":[[28.05953,-26.06128],[28.0595,-26.0612]]}},{"type":"Feature","properties":{"id":"relation/19452565","name":"Sandton - Rivonia (Gautrain S3)","network":"Gautrain Bus"},"geometry":{"type":"LineString","coordinates":[[28.0595,-26.0612],[28.0593,-26.06061]]}},{"type":"Feature","properties":{"id":"relation/19452565","name":"Sandton - Rivonia (Gautrain S3)","network":"Gautrain Bus"},"geometry":{"type":"LineString","coordinates":[[28.0593,-26.06061],[28.05928,-26.06056],[28.05925,-26.06045]]}},{"type":"Feature","properties":{"id":"relation/19452565","name":"Sandton - Rivonia (Gautrain S3)","network":"Gautrain Bus"},"geometry":{"type":"LineString","coordinates":[[28.05925,-26.06045],[28.05924,-26.06036]]}},{"type":"Feature","properties":{"id":"relation/19452565","name":"Sandton - Rivonia (Gautrain S3)","network":"Gautrain Bus"},"geometry":{"type":"LineString","coordinates":[[28.05924,-26.06036],[28.0592,-26.05986],[28.05919,-26.05963]]}},{"type":"Feature","properties":{"id":"relation/19452565","name":"Sandton - Rivonia (Gautrain S3)","network":"Gautrain Bus"},"geometry":{"type":"LineString","coordinates":[[28.05919,-26.05963],[28.05914,-26.05872]]}},{"type":"Feature","properties":{"id":"relation/19452565","name":"Sandton - Rivonia (Gautrain S3)","network":"Gautrain Bus"},"geometry":{"type":"LineString","coordinates":[[28.05914,-26.05872],[28.05912,-26.05834]]}},{"type":"Feature","properties":{"id":"relation/19452565","name":"Sandton - Rivonia (Gautrain S3)","network":"Gautrain Bus"},"geometry":{"type":"LineString","coordinates":[[28.05912,-26.05834],[28.05908,-26.05759],[28.05908,-26.05754]]}},{"type":"Feature","properties":{"id":"relation/19452565","name":"Sandton - Rivonia (Gautrain S3)","network":"Gautrain Bus"},"geometry":{"type":"LineString","coordinates":[[28.05908,-26.05754],[28.05907,-26.05743],[28.05896,-26.05523]]}},{"type":"Feature","properties":{"id":"relation/19452565","name":"Sandton - Rivonia (Gautrain S3)","network":"Gautrain Bus"},"geometry":{"type":"LineString","coordinates":[[28.05896,-26.05523],[28.05893,-26.05466]]}},{"type":"Feature","properties":{"id":"relation/19452565","name":"Sandton - Rivonia (Gautrain S3)","network":"Gautrain Bus"},"geometry":{"type":"LineString","coordinates":[[28.05893,-26.05466],[28.05892,-26.05459],[28.05892,-26.05451]]}},{"type":"Feature","properties":{"id":"relation/19452565","name":"Sandton - Rivonia (Gautrain S3)","network":"Gautrain Bus"},"geometry":{"type":"LineString","coordinates":[[28.05892,-26.05451],[28.05891,-26.05444]]}},{"type":"Feature","properties":{"id":"relation/19452565","name":"Sandton - Rivonia (Gautrain S3)","network":"Gautrain Bus"},"geometry":{"type":"LineString","coordinates":[[28.05891,-26.05444],[28.05888,-26.05397],[28.05887,-26.05377],[28.05881,-26.05267],[28.05873,-26.05142],[28.05861,-26.04934]]}},{"type":"Feature","properties":{"id":"relation/19452565","name":"Sandton - Rivonia (Gautrain S3)","network":"Gautrain Bus"},"geometry":{"type":"LineString","coordinates":[[28.05861,-26.04934],[28.05858,-26.04879],[28.05857,-26.04873]]}},{"type":"Feature","properties":{"id":"relation/19452565","name":"Sandton - Rivonia (Gautrain S3)","network":"Gautrain Bus"},"geometry":{"type":"LineString","coordinates":[[28.05857,-26.04873],[28.05857,-26.04865]]}},{"type":"Feature","properties":{"id":"relation/19452565","name":"Sandton - Rivonia (Gautrain S3)","network":"Gautrain Bus"},"geometry":{"type":"LineString","coordinates":[[28.05857,-26.04865],[28.05868,-26.04865]]}},{"type":"Feature","properties":{"id":"relation/19452565","name":"Sandton - Rivonia (Gautrain S3)","network":"Gautrain Bus"},"geometry":{"type":"LineString","coordinates":[[28.05868,-26.04865],[28.05876,-26.04864],[28.05912,-26.04864],[28.0596,-26.04861],[28.05961,-26.04861],[28.05963,-26.04861]]}},{"type":"Feature","properties":{"id":"relation/19452565","name":"Sandton - Rivonia (Gautrain S3)","network":"Gautrain Bus"},"geometry":{"type":"LineString","coordinates":[[28.05963,-26.04861],[28.05969,-26.0486]]}},{"type":"Feature","properties":{"id":"relation/19452565","name":"Sandton - Rivonia (Gautrain S3)","network":"Gautrain Bus"},"geometry":{"type":"LineString","coordinates":[[28.05969,-26.0486],[28.05977,-26.0486],[28.05999,-26.04858],[28.06027,-26.04857],[28.06041,-26.04858]]}},{"type":"Feature","properties":{"id":"relation/19452565","name":"Sandton - Rivonia (Gautrain S3)","network":"Gautrain Bus"},"geometry":{"type":"LineString","coordinates":[[28.06041,-26.04858],[28.0606,-26.04856],[28.06124,-26.04849]]}},{"type":"Feature","properties":{"id":"relation/19452565","name":"Sandton - Rivonia (Gautrain S3)","network":"Gautrain Bus"},"geometry":{"type":"LineString","coordinates":[[28.06124,-26.04849],[28.0613,-26.0494],[28.06132,-26.04975]]}},{"type":"Feature","properties":{"id":"relation/19452566","name":"Sandton - Rivonia (Gautrain S3)","network":"Gautrain Bus"},"geometry":{"type":"LineString","coordinates":[[28.06132,-26.04975],[28.06134,-26.05006],[28.06142,-26.05151],[28.06145,-26.05201],[28.06145,-26.05205],[28.06145,-26.05206],[28.06147,-26.0524],[28.06148,-26.05263],[28.06149,-26.05268],[28.06152,-26.05315],[28.06159,-26.05418],[28.0616,-26.05444]]}},{"type":"Feature","properties":{"id":"relation/19452566","name":"Sandton - Rivonia (Gautrain S3)","network":"Gautrain Bus"},"geometry":{"type":"LineString","coordinates":[[28.06087,-26.05448],[28.06101,-26.05447],[28.0616,-26.05444]]}},{"type":"Feature","properties":{"id":"relation/19452566","name":"Sandton - Rivonia (Gautrain S3)","network":"Gautrain Bus"},"geometry":{"type":"LineString","coordinates":[[28.05958,-26.05455],[28.06004,-26.05452],[28.06087,-26.05448]]}},{"type":"Feature","properties":{"id":"relation/19452566","name":"Sandton - Rivonia (Gautrain S3)","network":"Gautrain Bus"},"geometry":{"type":"LineString","coordinates":[[28.05958,-26.05455],[28.05947,-26.05458],[28.0594,-26.05458]]}},{"type":"Feature","properties":{"id":"relation/19452566","name":"Sandton - Rivonia (Gautrain S3)","network":"Gautrain Bus"},"geometry":{"type":"LineString","coordinates":[[28.0594,-26.05458],[28.05924,-26.05464],[28.05917,-26.05467],[28.05914,-26.0547],[28.05911,-26.05472],[28.05908,-26.05475],[28.05906,-26.05487]]}},{"type":"Feature","properties":{"id":"relation/19452566","name":"Sandton - Rivonia (Gautrain S3)","network":"Gautrain Bus"},"geometry":{"type":"LineString","coordinates":[[28.05906,-26.05487],[28.05907,-26.05511],[28.05916,-26.05687]]}},{"type":"Feature","properties":{"id":"relation/19452566","name":"Sandton - Rivonia (Gautrain S3)","network":"Gautrain Bus"},"geometry":{"type":"LineString","coordinates":[[28.05916,-26.05687],[28.05919,-26.05743],[28.0592,-26.05754]]}},{"type":"Feature","properties":{"id":"relation/19452566","name":"Sandton - Rivonia (Gautrain S3)","network":"Gautrain Bus"},"geometry":{"type":"LineString","coordinates":[[28.0592,-26.05754],[28.0592,-26.05759],[28.05921,-26.05776],[28.05926,-26.05869],[28.05929,-26.05907],[28.0593,-26.05926],[28.05934,-26.05971]]}},{"type":"Feature","properties":{"id":"relation/19452566","name":"Sandton - Rivonia (Gautrain S3)","network":"Gautrain Bus"},"geometry":{"type":"LineString","coordinates":[[28.05934,-26.05971],[28.05938,-26.06033]]}},{"type":"Feature","properties":{"id":"relation/19452566","name":"Sandton - Rivonia (Gautrain S3)","network":"Gautrain Bus"},"geometry":{"type":"LineString","coordinates":[[28.05938,-26.06033],[28.05939,-26.06041],[28.05941,-26.06052]]}},{"type":"Feature","properties":{"id":"relation/19452566","name":"Sandton - Rivonia (Gautrain S3)","network":"Gautrain Bus"},"geometry":{"type":"LineString","coordinates":[[28.05941,-26.06052],[28.05942,-26.06058]]}},{"type":"Feature","properties":{"id":"relation/19452566","name":"Sandton - Rivonia (Gautrain S3)","network":"Gautrain Bus"},"geometry":{"type":"LineString","coordinates":[[28.05942,-26.06058],[28.05946,-26.06074],[28.05952,-26.06094],[28.06056,-26.06343]]}},{"type":"Feature","properties":{"id":"relation/19452566","name":"Sandton - Rivonia (Gautrain S3)","network":"Gautrain Bus"},"geometry":{"type":"LineString","coordinates":[[28.06056,-26.06343],[28.06078,-26.06394],[28.06084,-26.06408],[28.06088,-26.06417]]}},{"type":"Feature","properties":{"id":"relation/19452566","name":"Sandton - Rivonia (Gautrain S3)","network":"Gautrain Bus"},"geometry":{"type":"LineString","coordinates":[[28.06088,-26.06417],[28.06095,-26.06431],[28.06119,-26.06491]]}},{"type":"Feature","properties":{"id":"relation/19452566","name":"Sandton - Rivonia (Gautrain S3)","network":"Gautrain Bus"},"geometry":{"type":"LineString","coordinates":[[28.06119,-26.06491],[28.06147,-26.06554],[28.06149,-26.06559]]}},{"type":"Feature","properties":{"id":"relation/19452566","name":"Sandton - Rivonia (Gautrain S3)","network":"Gautrain Bus"},"geometry":{"type":"LineString","coordinates":[[28.06149,-26.06559],[28.06161,-26.06586],[28.06201,-26.06677]]}},{"type":"Feature","properties":{"id":"relation/19452566","name":"Sandton - Rivonia (Gautrain S3)","network":"Gautrain Bus"},"geometry":{"type":"LineString","coordinates":[[28.06201,-26.06677],[28.06229,-26.06743],[28.06232,-26.06751],[28.06235,-26.06758]]}},{"type":"Feature","properties":{"id":"relation/19452566","name":"Sandton - Rivonia (Gautrain S3)","network":"Gautrain Bus"},"geometry":{"type":"LineString","coordinates":[[28.06235,-26.06758],[28.06256,-26.06808],[28.0627,-26.06841],[28.06283,-26.06871],[28.06353,-26.07037],[28.06378,-26.07097]]}},{"type":"Feature","properties":{"id":"relation/19452566","name":"Sandton - Rivonia (Gautrain S3)","network":"Gautrain Bus"},"geometry":{"type":"LineString","coordinates":[[28.06378,-26.07097],[28.06382,-26.07102]]}},{"type":"Feature","properties":{"id":"relation/19452566","name":"Sandton - Rivonia (Gautrain S3)","network":"Gautrain Bus"},"geometry":{"type":"LineString","coordinates":[[28.06382,-26.07102],[28.06396,-26.0713],[28.0641,-26.0716],[28.06418,-26.07181]]}},{"type":"Feature","properties":{"id":"relation/19452566","name":"Sandton - Rivonia (Gautrain S3)","network":"Gautrain Bus"},"geometry":{"type":"LineString","coordinates":[[28.06418,-26.07181],[28.06435,-26.07219]]}},{"type":"Feature","properties":{"id":"relation/19452566","name":"Sandton - Rivonia (Gautrain S3)","network":"Gautrain Bus"},"geometry":{"type":"LineString","coordinates":[[28.06435,-26.07219],[28.06457,-26.07267],[28.06477,-26.07314],[28.0649,-26.07367]]}},{"type":"Feature","properties":{"id":"relation/19452566","name":"Sandton - Rivonia (Gautrain S3)","network":"Gautrain Bus"},"geometry":{"type":"LineString","coordinates":[[28.0649,-26.07367],[28.065,-26.07404],[28.06505,-26.07426]]}},{"type":"Feature","properties":{"id":"relation/19452566","name":"Sandton - Rivonia (Gautrain S3)","network":"Gautrain Bus"},"geometry":{"type":"LineString","coordinates":[[28.06505,-26.07426],[28.06511,-26.07457],[28.06513,-26.07498],[28.06513,-26.07499]]}},{"type":"Feature","properties":{"id":"relation/19452566","name":"Sandton - Rivonia (Gautrain S3)","network":"Gautrain Bus"},"geometry":{"type":"LineString","coordinates":[[28.06513,-26.07499],[28.06517,-26.07506]]}},{"type":"Feature","properties":{"id":"relation/19452566","name":"Sandton - Rivonia (Gautrain S3)","network":"Gautrain Bus"},"geometry":{"type":"LineString","coordinates":[[28.06517,-26.07506],[28.06517,-26.07516]]}},{"type":"Feature","properties":{"id":"relation/19452566","name":"Sandton - Rivonia (Gautrain S3)","network":"Gautrain Bus"},"geometry":{"type":"LineString","coordinates":[[28.06517,-26.07516],[28.06516,-26.07526],[28.06512,-26.07543],[28.06509,-26.07561],[28.06496,-26.07595],[28.06469,-26.07642],[28.06368,-26.07831],[28.06358,-26.07851],[28.06351,-26.07865],[28.06344,-26.07878],[28.06296,-26.07969]]}},{"type":"Feature","properties":{"id":"relation/19452566","name":"Sandton - Rivonia (Gautrain S3)","network":"Gautrain Bus"},"geometry":{"type":"LineString","coordinates":[[28.06296,-26.07969],[28.06252,-26.08049]]}},{"type":"Feature","properties":{"id":"relation/19452566","name":"Sandton - Rivonia (Gautrain S3)","network":"Gautrain Bus"},"geometry":{"type":"LineString","coordinates":[[28.06252,-26.08049],[28.06246,-26.08062],[28.06232,-26.08092],[28.06225,-26.08107]]}},{"type":"Feature","properties":{"id":"relation/19452566","name":"Sandton - Rivonia (Gautrain S3)","network":"Gautrain Bus"},"geometry":{"type":"LineString","coordinates":[[28.06225,-26.08107],[28.06161,-26.08219]]}},{"type":"Feature","properties":{"id":"relation/19452566","name":"Sandton - Rivonia (Gautrain S3)","network":"Gautrain Bus"},"geometry":{"type":"LineString","coordinates":[[28.06161,-26.08219],[28.06112,-26.08304]]}},{"type":"Feature","properties":{"id":"relation/19452566","name":"Sandton - Rivonia (Gautrain S3)","network":"Gautrain Bus"},"geometry":{"type":"LineString","coordinates":[[28.06112,-26.08304],[28.06086,-26.08351],[28.0608,-26.08364]]}},{"type":"Feature","properties":{"id":"relation/19452566","name":"Sandton - Rivonia (Gautrain S3)","network":"Gautrain Bus"},"geometry":{"type":"LineString","coordinates":[[28.0608,-26.08364],[28.06074,-26.08375],[28.06071,-26.08382],[28.06015,-26.08488],[28.05933,-26.08631],[28.05911,-26.08676]]}},{"type":"Feature","properties":{"id":"relation/19452566","name":"Sandton - Rivonia (Gautrain S3)","network":"Gautrain Bus"},"geometry":{"type":"LineString","coordinates":[[28.05911,-26.08676],[28.05884,-26.08723]]}},{"type":"Feature","properties":{"id":"relation/19452566","name":"Sandton - Rivonia (Gautrain S3)","network":"Gautrain Bus"},"geometry":{"type":"LineString","coordinates":[[28.05884,-26.08723],[28.05851,-26.08788],[28.05799,-26.08882]]}},{"type":"Feature","properties":{"id":"relation/19452566","name":"Sandton - Rivonia (Gautrain S3)","network":"Gautrain Bus"},"geometry":{"type":"LineString","coordinates":[[28.05799,-26.08882],[28.05772,-26.08932]]}},{"type":"Feature","properties":{"id":"relation/19452566","name":"Sandton - Rivonia (Gautrain S3)","network":"Gautrain Bus"},"geometry":{"type":"LineString","coordinates":[[28.05772,-26.08932],[28.05748,-26.08976],[28.05732,-26.09012],[28.05717,-26.09051],[28.05702,-26.09099]]}},{"type":"Feature","properties":{"id":"relation/19452566","name":"Sandton - Rivonia (Gautrain S3)","network":"Gautrain Bus"},"geometry":{"type":"LineString","coordinates":[[28.05702,-26.09099],[28.0569,-26.09145],[28.05675,-26.09197]]}},{"type":"Feature","properties":{"id":"relation/19452566","name":"Sandton - Rivonia (Gautrain S3)","network":"Gautrain Bus"},"geometry":{"type":"LineString","coordinates":[[28.05675,-26.09197],[28.05666,-26.09227],[28.05664,-26.09232]]}},{"type":"Feature","properties":{"id":"relation/19452566","name":"Sandton - Rivonia (Gautrain S3)","network":"Gautrain Bus"},"geometry":{"type":"LineString","coordinates":[[28.05664,-26.09232],[28.05657,-26.09258],[28.05642,-26.09311],[28.05635,-26.09332]]}},{"type":"Feature","properties":{"id":"relation/19452566","name":"Sandton - Rivonia (Gautrain S3)","network":"Gautrain Bus"},"geometry":{"type":"LineString","coordinates":[[28.05635,-26.09332],[28.05632,-26.09346],[28.05629,-26.09355],[28.05625,-26.09372]]}},{"type":"Feature","properties":{"id":"relation/19452566","name":"Sandton - Rivonia (Gautrain S3)","network":"Gautrain Bus"},"geometry":{"type":"LineString","coordinates":[[28.05625,-26.09372],[28.05618,-26.09399]]}},{"type":"Feature","properties":{"id":"relation/19452566","name":"Sandton - Rivonia (Gautrain S3)","network":"Gautrain Bus"},"geometry":{"type":"LineString","coordinates":[[28.05618,-26.09399],[28.05615,-26.09422],[28.05615,-26.09437]]}},{"type":"Feature","properties":{"id":"relation/19452566","name":"Sandton - Rivonia (Gautrain S3)","network":"Gautrain Bus"},"geometry":{"type":"LineString","coordinates":[[28.05615,-26.09437],[28.05616,-26.09464],[28.05619,-26.09483],[28.05624,-26.095],[28.05636,-26.09529],[28.05671,-26.09597]]}},{"type":"Feature","properties":{"id":"relation/19452566","name":"Sandton - Rivonia (Gautrain S3)","network":"Gautrain Bus"},"geometry":{"type":"LineString","coordinates":[[28.05671,-26.09597],[28.0568,-26.09615]]}},{"type":"Feature","properties":{"id":"relation/19452566","name":"Sandton - Rivonia (Gautrain S3)","network":"Gautrain Bus"},"geometry":{"type":"LineString","coordinates":[[28.0568,-26.09615],[28.05683,-26.09621],[28.05693,-26.09642],[28.05729,-26.09721]]}},{"type":"Feature","properties":{"id":"relation/19452566","name":"Sandton - Rivonia (Gautrain S3)","network":"Gautrain Bus"},"geometry":{"type":"LineString","coordinates":[[28.05729,-26.09721],[28.05748,-26.09762]]}},{"type":"Feature","properties":{"id":"relation/19452566","name":"Sandton - Rivonia (Gautrain S3)","network":"Gautrain Bus"},"geometry":{"type":"LineString","coordinates":[[28.05748,-26.09762],[28.05764,-26.09794],[28.05769,-26.09805]]}},{"type":"Feature","properties":{"id":"relation/19452566","name":"Sandton - Rivonia (Gautrain S3)","network":"Gautrain Bus"},"geometry":{"type":"LineString","coordinates":[[28.05769,-26.09805],[28.05775,-26.09816]]}},{"type":"Feature","properties":{"id":"relation/19452566","name":"Sandton - Rivonia (Gautrain S3)","network":"Gautrain Bus"},"geometry":{"type":"LineString","coordinates":[[28.05775,-26.09816],[28.0578,-26.09826],[28.05798,-26.09863],[28.05812,-26.0989],[28.05822,-26.09909]]}},{"type":"Feature","properties":{"id":"relation/19452566","name":"Sandton - Rivonia (Gautrain S3)","network":"Gautrain Bus"},"geometry":{"type":"LineString","coordinates":[[28.05822,-26.09909],[28.05833,-26.09934]]}},{"type":"Feature","properties":{"id":"relation/19452566","name":"Sandton - Rivonia (Gautrain S3)","network":"Gautrain Bus"},"geometry":{"type":"LineString","coordinates":[[28.05833,-26.09934],[28.05861,-26.10002]]}},{"type":"Feature","properties":{"id":"relation/19452566","name":"Sandton - Rivonia (Gautrain S3)","network":"Gautrain Bus"},"geometry":{"type":"LineString","coordinates":[[28.05861,-26.10002],[28.05877,-26.10038]]}},{"type":"Feature","properties":{"id":"relation/19452566","name":"Sandton - Rivonia (Gautrain S3)","network":"Gautrain Bus"},"geometry":{"type":"LineString","coordinates":[[28.05877,-26.10038],[28.05882,-26.10047],[28.05914,-26.10109]]}},{"type":"Feature","properties":{"id":"relation/19452566","name":"Sandton - Rivonia (Gautrain S3)","network":"Gautrain Bus"},"geometry":{"type":"LineString","coordinates":[[28.05914,-26.10109],[28.05916,-26.10114],[28.05938,-26.10154]]}},{"type":"Feature","properties":{"id":"relation/19452566","name":"Sandton - Rivonia (Gautrain S3)","network":"Gautrain Bus"},"geometry":{"type":"LineString","coordinates":[[28.05938,-26.10154],[28.05963,-26.10203]]}},{"type":"Feature","properties":{"id":"relation/19452566","name":"Sandton - Rivonia (Gautrain S3)","network":"Gautrain Bus"},"geometry":{"type":"LineString","coordinates":[[28.05963,-26.10203],[28.05972,-26.10224],[28.05975,-26.10229],[28.05976,-26.10232],[28.05977,-26.10234]]}},{"type":"Feature","properties":{"id":"relation/19452566","name":"Sandton - Rivonia (Gautrain S3)","network":"Gautrain Bus"},"geometry":{"type":"LineString","coordinates":[[28.05977,-26.10234],[28.06002,-26.10288]]}},{"type":"Feature","properties":{"id":"relation/19452566","name":"Sandton - Rivonia (Gautrain S3)","network":"Gautrain Bus"},"geometry":{"type":"LineString","coordinates":[[28.06002,-26.10288],[28.06011,-26.10305]]}},{"type":"Feature","properties":{"id":"relation/19452566","name":"Sandton - Rivonia (Gautrain S3)","network":"Gautrain Bus"},"geometry":{"type":"LineString","coordinates":[[28.06011,-26.10305],[28.06019,-26.10321],[28.0602,-26.10323],[28.0603,-26.10345]]}},{"type":"Feature","properties":{"id":"relation/19452566","name":"Sandton - Rivonia (Gautrain S3)","network":"Gautrain Bus"},"geometry":{"type":"LineString","coordinates":[[28.0603,-26.10345],[28.06038,-26.1036],[28.06044,-26.10373]]}},{"type":"Feature","properties":{"id":"relation/19452566","name":"Sandton - Rivonia (Gautrain S3)","network":"Gautrain Bus"},"geometry":{"type":"LineString","coordinates":[[28.06044,-26.10373],[28.06056,-26.10395],[28.06078,-26.10437]]}},{"type":"Feature","properties":{"id":"relation/19452566","name":"Sandton - Rivonia (Gautrain S3)","network":"Gautrain Bus"},"geometry":{"type":"LineString","coordinates":[[28.06078,-26.10437],[28.06096,-26.10471],[28.06099,-26.10481],[28.061,-26.10487],[28.06101,-26.10494],[28.06103,-26.10522]]}},{"type":"Feature","properties":{"id":"relation/19452566","name":"Sandton - Rivonia (Gautrain S3)","network":"Gautrain Bus"},"geometry":{"type":"LineString","coordinates":[[28.06103,-26.10522],[28.06102,-26.10533],[28.06099,-26.10541],[28.06093,-26.10558],[28.06088,-26.10574],[28.0608,-26.10589],[28.06067,-26.10609],[28.06051,-26.10628],[28.0604,-26.10638],[28.06028,-26.10647],[28.06007,-26.10662],[28.05981,-26.10679],[28.05869,-26.10749]]}},{"type":"Feature","properties":{"id":"relation/19452566","name":"Sandton - Rivonia (Gautrain S3)","network":"Gautrain Bus"},"geometry":{"type":"LineString","coordinates":[[28.05869,-26.10749],[28.05831,-26.10775]]}},{"type":"Feature","properties":{"id":"relation/19452566","name":"Sandton - Rivonia (Gautrain S3)","network":"Gautrain Bus"},"geometry":{"type":"LineString","coordinates":[[28.05831,-26.10775],[28.05822,-26.1078]]}},{"type":"Feature","properties":{"id":"relation/19452566","name":"Sandton - Rivonia (Gautrain S3)","network":"Gautrain Bus"},"geometry":{"type":"LineString","coordinates":[[28.05822,-26.1078],[28.0581,-26.10789]]}},{"type":"Feature","properties":{"id":"relation/19452566","name":"Sandton - Rivonia (Gautrain S3)","network":"Gautrain Bus"},"geometry":{"type":"LineString","coordinates":[[28.0581,-26.10789],[28.058,-26.10797]]}},{"type":"Feature","properties":{"id":"relation/19452566","name":"Sandton - Rivonia (Gautrain S3)","network":"Gautrain Bus"},"geometry":{"type":"LineString","coordinates":[[28.058,-26.10797],[28.05765,-26.10821]]}},{"type":"Feature","properties":{"id":"relation/19452566","name":"Sandton - Rivonia (Gautrain S3)","network":"Gautrain Bus"},"geometry":{"type":"LineString","coordinates":[[28.05765,-26.10821],[28.05757,-26.10821],[28.0575,-26.10824],[28.05742,-26.10829],[28.0572,-26.10844],[28.05712,-26.10849],[28.05705,-26.10849],[28.05699,-26.10847]]}},{"type":"Feature","properties":{"id":"relation/19452566","name":"Sandton - Rivonia (Gautrain S3)","network":"Gautrain Bus"},"geometry":{"type":"LineString","coordinates":[[28.05699,-26.10847],[28.05692,-26.10839],[28.05665,-26.10809],[28.05659,-26.10749],[28.05669,-26.10748],[28.05673,-26.10807]]}},{"type":"Feature","properties":{"id":"relation/19568334","name":"Sandton - Randburg (Gautrain S4)","network":"Gautrain Bus"},"geometry":{"type":"LineString","coordinates":[[28.05673,-26.10807],[28.05699,-26.10834],[28.05707,-26.10843]]}},{"type":"Feature","properties":{"id":"relation/19568334","name":"Sandton - Randburg (Gautrain S4)","network":"Gautrain Bus"},"geometry":{"type":"LineString","coordinates":[[28.05707,-26.10843],[28.05763,-26.10806]]}},{"type":"Feature","properties":{"id":"relation/19568334","name":"Sandton - Randburg (Gautrain S4)","network":"Gautrain Bus"},"geometry":{"type":"LineString","coordinates":[[28.05763,-26.10806],[28.05789,-26.10789]]}},{"type":"Feature","properties":{"id":"relation/19568334","name":"Sandton - Randburg (Gautrain S4)","network":"Gautrain Bus"},"geometry":{"type":"LineString","coordinates":[[28.05789,-26.10789],[28.05798,-26.10782]]}},{"type":"Feature","properties":{"id":"relation/19568334","name":"Sandton - Randburg (Gautrain S4)","network":"Gautrain Bus"},"geometry":{"type":"LineString","coordinates":[[28.05798,-26.10782],[28.05786,-26.10773]]}},{"type":"Feature","properties":{"id":"relation/19568334","name":"Sandton - Randburg (Gautrain S4)","network":"Gautrain Bus"},"geometry":{"type":"LineString","coordinates":[[28.05786,-26.10773],[28.0577,-26.1076]]}},{"type":"Feature","properties":{"id":"relation/19568334","name":"Sandton - Randburg (Gautrain S4)","network":"Gautrain Bus"},"geometry":{"type":"LineString","coordinates":[[28.0577,-26.1076],[28.05708,-26.10709]]}},{"type":"Feature","properties":{"id":"relation/19568334","name":"Sandton - Randburg (Gautrain S4)","network":"Gautrain Bus"},"geometry":{"type":"LineString","coordinates":[[28.05708,-26.10709],[28.05707,-26.10707],[28.0569,-26.10695]]}},{"type":"Feature","properties":{"id":"relation/19568334","name":"Sandton - Randburg (Gautrain S4)","network":"Gautrain Bus"},"geometry":{"type":"LineString","coordinates":[[28.0569,-26.10695],[28.05679,-26.10686],[28.05668,-26.10677]]}},{"type":"Feature","properties":{"id":"relation/19568334","name":"Sandton - Randburg (Gautrain S4)","network":"Gautrain Bus"},"geometry":{"type":"LineString","coordinates":[[28.05668,-26.10677],[28.05622,-26.10638],[28.05609,-26.10628],[28.05607,-26.10626],[28.05572,-26.10599],[28.05535,-26.10569]]}},{"type":"Feature","properties":{"id":"relation/19568334","name":"Sandton - Randburg (Gautrain S4)","network":"Gautrain Bus"},"geometry":{"type":"LineString","coordinates":[[28.05535,-26.10569],[28.05496,-26.10537]]}},{"type":"Feature","properties":{"id":"relation/19568334","name":"Sandton - Randburg (Gautrain S4)","network":"Gautrain Bus"},"geometry":{"type":"LineString","coordinates":[[28.05496,-26.10537],[28.05491,-26.10533]]}},{"type":"Feature","properties":{"id":"relation/19568334","name":"Sandton - Randburg (Gautrain S4)","network":"Gautrain Bus"},"geometry":{"type":"LineString","coordinates":[[28.05491,-26.10533],[28.05484,-26.10528]]}},{"type":"Feature","properties":{"id":"relation/19568334","name":"Sandton - Randburg (Gautrain S4)","network":"Gautrain Bus"},"geometry":{"type":"LineString","coordinates":[[28.05484,-26.10528],[28.05479,-26.10525]]}},{"type":"Feature","properties":{"id":"relation/19568334","name":"Sandton - Randburg (Gautrain S4)","network":"Gautrain Bus"},"geometry":{"type":"LineString","coordinates":[[28.05479,-26.10525],[28.05426,-26.10479]]}},{"type":"Feature","properties":{"id":"relation/19568334","name":"Sandton - Randburg (Gautrain S4)","network":"Gautrain Bus"},"geometry":{"type":"LineString","coordinates":[[28.05426,-26.10479],[28.05409,-26.10465]]}},{"type":"Feature","properties":{"id":"relation/19568334","name":"Sandton - Randburg (Gautrain S4)","network":"Gautrain Bus"},"geometry":{"type":"LineString","coordinates":[[28.05409,-26.10465],[28.05405,-26.10461]]}},{"type":"Feature","properties":{"id":"relation/19568334","name":"Sandton - Randburg (Gautrain S4)","network":"Gautrain Bus"},"geometry":{"type":"LineString","coordinates":[[28.05405,-26.10461],[28.05402,-26.10464],[28.05399,-26.10467]]}},{"type":"Feature","properties":{"id":"relation/19568334","name":"Sandton - Randburg (Gautrain S4)","network":"Gautrain Bus"},"geometry":{"type":"LineString","coordinates":[[28.05399,-26.10467],[28.05375,-26.10492],[28.0533,-26.10538],[28.0523,-26.10636],[28.05212,-26.10656],[28.05186,-26.10686]]}},{"type":"Feature","properties":{"id":"relation/19568334","name":"Sandton - Randburg (Gautrain S4)","network":"Gautrain Bus"},"geometry":{"type":"LineString","coordinates":[[28.05186,-26.10686],[28.05178,-26.10696]]}},{"type":"Feature","properties":{"id":"relation/19568334","name":"Sandton - Randburg (Gautrain S4)","network":"Gautrain Bus"},"geometry":{"type":"LineString","coordinates":[[28.05178,-26.10696],[28.05099,-26.10775],[28.05084,-26.1079],[28.05058,-26.10815],[28.04992,-26.10884],[28.0495,-26.10925],[28.04945,-26.1093]]}},{"type":"Feature","properties":{"id":"relation/19568334","name":"Sandton - Randburg (Gautrain S4)","network":"Gautrain Bus"},"geometry":{"type":"LineString","coordinates":[[28.04945,-26.1093],[28.04937,-26.1094]]}},{"type":"Feature","properties":{"id":"relation/19568334","name":"Sandton - Randburg (Gautrain S4)","network":"Gautrain Bus"},"geometry":{"type":"LineString","coordinates":[[28.04937,-26.1094],[28.04927,-26.10934]]}},{"type":"Feature","properties":{"id":"relation/19568334","name":"Sandton - Randburg (Gautrain S4)","network":"Gautrain Bus"},"geometry":{"type":"LineString","coordinates":[[28.04927,-26.10934],[28.04918,-26.1093],[28.04891,-26.10916]]}},{"type":"Feature","properties":{"id":"relation/19568334","name":"Sandton - Randburg (Gautrain S4)","network":"Gautrain Bus"},"geometry":{"type":"LineString","coordinates":[[28.04891,-26.10916],[28.04842,-26.1089],[28.04808,-26.10868],[28.04783,-26.10848],[28.04765,-26.10827],[28.0475,-26.10806],[28.0474,-26.10786],[28.04731,-26.10764],[28.04723,-26.10739],[28.04719,-26.10715],[28.04715,-26.1069],[28.04708,-26.10661],[28.04696,-26.10635],[28.04682,-26.1061],[28.04668,-26.10589],[28.04643,-26.10562],[28.04625,-26.10546],[28.04619,-26.10542],[28.04611,-26.10536],[28.04602,-26.1053],[28.045,-26.10475]]}},{"type":"Feature","properties":{"id":"relation/19568334","name":"Sandton - Randburg (Gautrain S4)","network":"Gautrain Bus"},"geometry":{"type":"LineString","coordinates":[[28.045,-26.10475],[28.04042,-26.10225],[28.0401,-26.10208],[28.03952,-26.10176],[28.03851,-26.10122],[28.038,-26.10093],[28.03785,-26.10086],[28.03774,-26.10082],[28.03762,-26.10077],[28.03748,-26.10072],[28.03703,-26.10064]]}},{"type":"Feature","properties":{"id":"relation/19568334","name":"Sandton - Randburg (Gautrain S4)","network":"Gautrain Bus"},"geometry":{"type":"LineString","coordinates":[[28.03703,-26.10064],[28.03696,-26.10062]]}},{"type":"Feature","properties":{"id":"relation/19568334","name":"Sandton - Randburg (Gautrain S4)","network":"Gautrain Bus"},"geometry":{"type":"LineString","coordinates":[[28.03696,-26.10062],[28.03685,-26.10061]]}},{"type":"Feature","properties":{"id":"relation/19568334","name":"Sandton - Randburg (Gautrain S4)","network":"Gautrain Bus"},"geometry":{"type":"LineString","coordinates":[[28.03685,-26.10061],[28.03677,-26.1006]]}},{"type":"Feature","properties":{"id":"relation/19568334","name":"Sandton - Randburg (Gautrain S4)","network":"Gautrain Bus"},"geometry":{"type":"LineString","coordinates":[[28.03677,-26.1006],[28.03651,-26.10056]]}},{"type":"Feature","properties":{"id":"relation/19568334","name":"Sandton - Randburg (Gautrain S4)","network":"Gautrain Bus"},"geometry":{"type":"LineString","coordinates":[[28.03651,-26.10056],[28.03599,-26.1005],[28.0351,-26.10038]]}},{"type":"Feature","properties":{"id":"relation/19568334","name":"Sandton - Randburg (Gautrain S4)","network":"Gautrain Bus"},"geometry":{"type":"LineString","coordinates":[[28.0351,-26.10038],[28.0345,-26.10032],[28.03427,-26.10029],[28.03385,-26.10024]]}},{"type":"Feature","properties":{"id":"relation/19568334","name":"Sandton - Randburg (Gautrain S4)","network":"Gautrain Bus"},"geometry":{"type":"LineString","coordinates":[[28.03385,-26.10024],[28.03367,-26.10024],[28.03339,-26.10023],[28.03297,-26.10025]]}},{"type":"Feature","properties":{"id":"relation/19568334","name":"Sandton - Randburg (Gautrain S4)","network":"Gautrain Bus"},"geometry":{"type":"LineString","coordinates":[[28.03297,-26.10025],[28.0328,-26.10026],[28.0326,-26.10027],[28.03253,-26.10028]]}},{"type":"Feature","properties":{"id":"relation/19568334","name":"Sandton - Randburg (Gautrain S4)","network":"Gautrain Bus"},"geometry":{"type":"LineString","coordinates":[[28.03253,-26.10028],[28.03237,-26.10028]]}},{"type":"Feature","properties":{"id":"relation/19568334","name":"Sandton - Randburg (Gautrain S4)","network":"Gautrain Bus"},"geometry":{"type":"LineString","coordinates":[[28.03237,-26.10028],[28.03236,-26.10022]]}},{"type":"Feature","properties":{"id":"relation/19568334","name":"Sandton - Randburg (Gautrain S4)","network":"Gautrain Bus"},"geometry":{"type":"LineString","coordinates":[[28.03236,-26.10022],[28.03236,-26.10015]]}},{"type":"Feature","properties":{"id":"relation/19568334","name":"Sandton - Randburg (Gautrain S4)","network":"Gautrain Bus"},"geometry":{"type":"LineString","coordinates":[[28.03236,-26.10015],[28.03235,-26.10003],[28.03232,-26.09968],[28.0323,-26.09933],[28.03225,-26.09856],[28.03223,-26.09832],[28.03221,-26.09811],[28.03217,-26.09787],[28.0321,-26.09755],[28.03203,-26.09728],[28.03196,-26.09703],[28.03184,-26.09669],[28.03177,-26.0965],[28.03164,-26.09618],[28.03144,-26.09579],[28.03128,-26.0955],[28.03115,-26.09527],[28.0311,-26.09518],[28.03085,-26.09481]]}},{"type":"Feature","properties":{"id":"relation/19568334","name":"Sandton - Randburg (Gautrain S4)","network":"Gautrain Bus"},"geometry":{"type":"LineString","coordinates":[[28.03085,-26.09481],[28.03064,-26.09452],[28.03049,-26.09433],[28.03021,-26.09401],[28.03009,-26.09388],[28.02991,-26.0937],[28.02975,-26.09355]]}},{"type":"Feature","properties":{"id":"relation/19568334","name":"Sandton - Randburg (Gautrain S4)","network":"Gautrain Bus"},"geometry":{"type":"LineString","coordinates":[[28.02975,-26.09355],[28.02959,-26.09341],[28.02919,-26.09308]]}},{"type":"Feature","properties":{"id":"relation/19568334","name":"Sandton - Randburg (Gautrain S4)","network":"Gautrain Bus"},"geometry":{"type":"LineString","coordinates":[[28.02919,-26.09308],[28.02914,-26.09304],[28.02907,-26.09298],[28.029,-26.09292]]}},{"type":"Feature","properties":{"id":"relation/19568334","name":"Sandton - Randburg (Gautrain S4)","network":"Gautrain Bus"},"geometry":{"type":"LineString","coordinates":[[28.029,-26.09292],[28.02889,-26.09282],[28.02874,-26.09269],[28.02836,-26.09237],[28.02784,-26.09196]]}},{"type":"Feature","properties":{"id":"relation/19568334","name":"Sandton - Randburg (Gautrain S4)","network":"Gautrain Bus"},"geometry":{"type":"LineString","coordinates":[[28.02784,-26.09196],[28.02762,-26.09177],[28.02749,-26.09166]]}},{"type":"Feature","properties":{"id":"relation/19568334","name":"Sandton - Randburg (Gautrain S4)","network":"Gautrain Bus"},"geometry":{"type":"LineString","coordinates":[[28.02749,-26.09166],[28.0272,-26.09143],[28.02687,-26.09117],[28.02659,-26.09091],[28.02644,-26.09077],[28.0262,-26.09052]]}},{"type":"Feature","properties":{"id":"relation/19568334","name":"Sandton - Randburg (Gautrain S4)","network":"Gautrain Bus"},"geometry":{"type":"LineString","coordinates":[[28.0262,-26.09052],[28.0259,-26.09025],[28.02577,-26.09017],[28.02565,-26.09014],[28.02562,-26.09013],[28.02559,-26.09012],[28.02552,-26.09012],[28.02546,-26.09012],[28.0254,-26.09012],[28.02532,-26.09013],[28.02525,-26.09016],[28.02501,-26.09027]]}},{"type":"Feature","properties":{"id":"relation/19568334","name":"Sandton - Randburg (Gautrain S4)","network":"Gautrain Bus"},"geometry":{"type":"LineString","coordinates":[[28.02501,-26.09027],[28.02461,-26.09052]]}},{"type":"Feature","properties":{"id":"relation/19568334","name":"Sandton - Randburg (Gautrain S4)","network":"Gautrain Bus"},"geometry":{"type":"LineString","coordinates":[[28.02461,-26.09052],[28.02397,-26.09092],[28.02387,-26.09098]]}},{"type":"Feature","properties":{"id":"relation/19568334","name":"Sandton - Randburg (Gautrain S4)","network":"Gautrain Bus"},"geometry":{"type":"LineString","coordinates":[[28.02387,-26.09098],[28.02377,-26.09105],[28.02309,-26.09147]]}},{"type":"Feature","properties":{"id":"relation/19568334","name":"Sandton - Randburg (Gautrain S4)","network":"Gautrain Bus"},"geometry":{"type":"LineString","coordinates":[[28.02309,-26.09147],[28.02288,-26.0916],[28.02237,-26.09192],[28.02063,-26.093],[28.02002,-26.09338],[28.0196,-26.09366],[28.01888,-26.09419],[28.01822,-26.09469],[28.01751,-26.09523],[28.01664,-26.09584]]}},{"type":"Feature","properties":{"id":"relation/19568334","name":"Sandton - Randburg (Gautrain S4)","network":"Gautrain Bus"},"geometry":{"type":"LineString","coordinates":[[28.01664,-26.09584],[28.01598,-26.09626]]}},{"type":"Feature","properties":{"id":"relation/19568334","name":"Sandton - Randburg (Gautrain S4)","network":"Gautrain Bus"},"geometry":{"type":"LineString","coordinates":[[28.01598,-26.09626],[28.01487,-26.09693]]}},{"type":"Feature","properties":{"id":"relation/19568334","name":"Sandton - Randburg (Gautrain S4)","network":"Gautrain Bus"},"geometry":{"type":"LineString","coordinates":[[28.01487,-26.09693],[28.01424,-26.09729],[28.01385,-26.09751]]}},{"type":"Feature","properties":{"id":"relation/19568334","name":"Sandton - Randburg (Gautrain S4)","network":"Gautrain Bus"},"geometry":{"type":"LineString","coordinates":[[28.01385,-26.09751],[28.01362,-26.09764]]}},{"type":"Feature","properties":{"id":"relation/19568334","name":"Sandton - Randburg (Gautrain S4)","network":"Gautrain Bus"},"geometry":{"type":"LineString","coordinates":[[28.01362,-26.09764],[28.01336,-26.09778]]}},{"type":"Feature","properties":{"id":"relation/19568334","name":"Sandton - Randburg (Gautrain S4)","network":"Gautrain Bus"},"geometry":{"type":"LineString","coordinates":[[28.01336,-26.09778],[28.01331,-26.09781]]}},{"type":"Feature","properties":{"id":"relation/19568334","name":"Sandton - Randburg (Gautrain S4)","network":"Gautrain Bus"},"geometry":{"type":"LineString","coordinates":[[28.01331,-26.09781],[28.01325,-26.09784],[28.01324,-26.09785],[28.01294,-26.09801]]}},{"type":"Feature","properties":{"id":"relation/19568334","name":"Sandton - Randburg (Gautrain S4)","network":"Gautrain Bus"},"geometry":{"type":"LineString","coordinates":[[28.01294,-26.09801],[28.01183,-26.0986],[28.0114,-26.09882]]}},{"type":"Feature","properties":{"id":"relation/19568334","name":"Sandton - Randburg (Gautrain S4)","network":"Gautrain Bus"},"geometry":{"type":"LineString","coordinates":[[28.0114,-26.09882],[28.01117,-26.09889],[28.01091,-26.09896],[28.01078,-26.09901],[28.01071,-26.09903],[28.01058,-26.09908]]}},{"type":"Feature","properties":{"id":"relation/19568334","name":"Sandton - Randburg (Gautrain S4)","network":"Gautrain Bus"},"geometry":{"type":"LineString","coordinates":[[28.01058,-26.09908],[28.01049,-26.09911],[28.01042,-26.09913],[28.01011,-26.09926],[28.00969,-26.0995],[28.00962,-26.09952],[28.00953,-26.09954]]}},{"type":"Feature","properties":{"id":"relation/19568334","name":"Sandton - Randburg (Gautrain S4)","network":"Gautrain Bus"},"geometry":{"type":"LineString","coordinates":[[28.005,-26.10065],[28.00516,-26.10062],[28.00575,-26.10051],[28.00678,-26.1003],[28.00781,-26.10009],[28.00857,-26.09992],[28.00881,-26.09987],[28.00903,-26.0998],[28.00925,-26.09969],[28.00953,-26.09954]]}},{"type":"Feature","properties":{"id":"relation/19568334","name":"Sandton - Randburg (Gautrain S4)","network":"Gautrain Bus"},"geometry":{"type":"LineString","coordinates":[[28.005,-26.10065],[28.00487,-26.10067],[28.00478,-26.10067],[28.00423,-26.1006],[28.00374,-26.10052]]}},{"type":"Feature","properties":{"id":"relation/19568334","name":"Sandton - Randburg (Gautrain S4)","network":"Gautrain Bus"},"geometry":{"type":"LineString","coordinates":[[28.00374,-26.10052],[28.0036,-26.10049],[28.00348,-26.10047]]}},{"type":"Feature","properties":{"id":"relation/19568334","name":"Sandton - Randburg (Gautrain S4)","network":"Gautrain Bus"},"geometry":{"type":"LineString","coordinates":[[28.00348,-26.10047],[28.00329,-26.10044]]}},{"type":"Feature","properties":{"id":"relation/19568334","name":"Sandton - Randburg (Gautrain S4)","network":"Gautrain Bus"},"geometry":{"type":"LineString","coordinates":[[28.00329,-26.10044],[28.0029,-26.10038],[28.00285,-26.10037]]}},{"type":"Feature","properties":{"id":"relation/19568334","name":"Sandton - Randburg (Gautrain S4)","network":"Gautrain Bus"},"geometry":{"type":"LineString","coordinates":[[28.00285,-26.10037],[28.00273,-26.10035]]}},{"type":"Feature","properties":{"id":"relation/19568334","name":"Sandton - Randburg (Gautrain S4)","network":"Gautrain Bus"},"geometry":{"type":"LineString","coordinates":[[28.00273,-26.10035],[28.00266,-26.10034],[28.00105,-26.10007],[28.00095,-26.10006],[28.00087,-26.1]]}},{"type":"Feature","properties":{"id":"relation/19568334","name":"Sandton - Randburg (Gautrain S4)","network":"Gautrain Bus"},"geometry":{"type":"LineString","coordinates":[[28.00034,-26.09992],[28.00087,-26.1]]}},{"type":"Feature","properties":{"id":"relation/19568334","name":"Sandton - Randburg (Gautrain S4)","network":"Gautrain Bus"},"geometry":{"type":"LineString","coordinates":[[27.99912,-26.09973],[27.99922,-26.09975],[28.00034,-26.09992]]}},{"type":"Feature","properties":{"id":"relation/19568334","name":"Sandton - Randburg (Gautrain S4)","network":"Gautrain Bus"},"geometry":{"type":"LineString","coordinates":[[27.99847,-26.09963],[27.99904,-26.09972],[27.99912,-26.09973]]}},{"type":"Feature","properties":{"id":"relation/19568334","name":"Sandton - Randburg (Gautrain S4)","network":"Gautrain Bus"},"geometry":{"type":"LineString","coordinates":[[27.99731,-26.09946],[27.99747,-26.09948],[27.998,-26.09956],[27.99847,-26.09963]]}},{"type":"Feature","properties":{"id":"relation/19568334","name":"Sandton - Randburg (Gautrain S4)","network":"Gautrain Bus"},"geometry":{"type":"LineString","coordinates":[[27.9963,-26.09929],[27.99676,-26.09937],[27.99731,-26.09946]]}},{"type":"Feature","properties":{"id":"relation/19568334","name":"Sandton - Randburg (Gautrain S4)","network":"Gautrain Bus"},"geometry":{"type":"LineString","coordinates":[[27.99547,-26.09915],[27.99554,-26.09916],[27.9963,-26.09929]]}},{"type":"Feature","properties":{"id":"relation/19568334","name":"Sandton - Randburg (Gautrain S4)","network":"Gautrain Bus"},"geometry":{"type":"LineString","coordinates":[[27.99461,-26.09902],[27.99535,-26.09913],[27.99547,-26.09915]]}},{"type":"Feature","properties":{"id":"relation/19568334","name":"Sandton - Randburg (Gautrain S4)","network":"Gautrain Bus"},"geometry":{"type":"LineString","coordinates":[[27.99379,-26.0989],[27.99461,-26.09902]]}},{"type":"Feature","properties":{"id":"relation/19568334","name":"Sandton - Randburg (Gautrain S4)","network":"Gautrain Bus"},"geometry":{"type":"LineString","coordinates":[[27.99379,-26.0989],[27.99367,-26.0989],[27.99362,-26.09889]]}},{"type":"Feature","properties":{"id":"relation/19568334","name":"Sandton - Randburg (Gautrain S4)","network":"Gautrain Bus"},"geometry":{"type":"LineString","coordinates":[[27.99362,-26.09889],[27.99354,-26.09888],[27.99347,-26.09887],[27.99304,-26.09881],[27.99265,-26.09874],[27.99208,-26.09865],[27.99155,-26.09857],[27.99107,-26.0985]]}},{"type":"Feature","properties":{"id":"relation/19568334","name":"Sandton - Randburg (Gautrain S4)","network":"Gautrain Bus"},"geometry":{"type":"LineString","coordinates":[[27.99107,-26.0985],[27.99079,-26.09847],[27.99063,-26.09845],[27.99057,-26.09844]]}},{"type":"Feature","properties":{"id":"relation/19568334","name":"Sandton - Randburg (Gautrain S4)","network":"Gautrain Bus"},"geometry":{"type":"LineString","coordinates":[[27.99057,-26.09844],[27.99046,-26.09843]]}},{"type":"Feature","properties":{"id":"relation/19568334","name":"Sandton - Randburg (Gautrain S4)","network":"Gautrain Bus"},"geometry":{"type":"LineString","coordinates":[[27.99046,-26.09843],[27.9904,-26.09842],[27.99021,-26.0984]]}},{"type":"Feature","properties":{"id":"relation/19568334","name":"Sandton - Randburg (Gautrain S4)","network":"Gautrain Bus"},"geometry":{"type":"LineString","coordinates":[[27.99021,-26.0984],[27.98998,-26.09837],[27.98979,-26.09835],[27.98955,-26.09833],[27.98927,-26.09832]]}},{"type":"Feature","properties":{"id":"relation/19568334","name":"Sandton - Randburg (Gautrain S4)","network":"Gautrain Bus"},"geometry":{"type":"LineString","coordinates":[[27.98927,-26.09832],[27.98918,-26.09831],[27.98908,-26.09831],[27.98876,-26.09831]]}},{"type":"Feature","properties":{"id":"relation/19568334","name":"Sandton - Randburg (Gautrain S4)","network":"Gautrain Bus"},"geometry":{"type":"LineString","coordinates":[[27.98876,-26.09831],[27.98838,-26.09831],[27.98805,-26.09831],[27.98776,-26.09831]]}},{"type":"Feature","properties":{"id":"relation/19568334","name":"Sandton - Randburg (Gautrain S4)","network":"Gautrain Bus"},"geometry":{"type":"LineString","coordinates":[[27.98776,-26.09831],[27.9875,-26.0983],[27.98727,-26.0983]]}},{"type":"Feature","properties":{"id":"relation/19568334","name":"Sandton - Randburg (Gautrain S4)","network":"Gautrain Bus"},"geometry":{"type":"LineString","coordinates":[[27.98727,-26.0983],[27.9869,-26.0983]]}},{"type":"Feature","properties":{"id":"relation/19568334","name":"Sandton - Randburg (Gautrain S4)","network":"Gautrain Bus"},"geometry":{"type":"LineString","coordinates":[[27.9869,-26.0983],[27.98683,-26.0983]]}},{"type":"Feature","properties":{"id":"relation/19568334","name":"Sandton - Randburg (Gautrain S4)","network":"Gautrain Bus"},"geometry":{"type":"LineString","coordinates":[[27.98683,-26.0983],[27.98667,-26.0983]]}},{"type":"Feature","properties":{"id":"relation/19568334","name":"Sandton - Randburg (Gautrain S4)","network":"Gautrain Bus"},"geometry":{"type":"LineString","coordinates":[[27.98667,-26.0983],[27.98663,-26.0982]]}},{"type":"Feature","properties":{"id":"relation/19568334","name":"Sandton - Randburg (Gautrain S4)","network":"Gautrain Bus"},"geometry":{"type":"LineString","coordinates":[[27.98663,-26.0982],[27.9866,-26.09813]]}},{"type":"Feature","properties":{"id":"relation/19568334","name":"Sandton - Randburg (Gautrain S4)","network":"Gautrain Bus"},"geometry":{"type":"LineString","coordinates":[[27.9866,-26.09813],[27.98656,-26.09805],[27.98653,-26.09796],[27.98649,-26.09787]]}},{"type":"Feature","properties":{"id":"relation/19568334","name":"Sandton - Randburg (Gautrain S4)","network":"Gautrain Bus"},"geometry":{"type":"LineString","coordinates":[[27.98649,-26.09787],[27.98634,-26.09755],[27.98621,-26.09733]]}},{"type":"Feature","properties":{"id":"relation/19568334","name":"Sandton - Randburg (Gautrain S4)","network":"Gautrain Bus"},"geometry":{"type":"LineString","coordinates":[[27.98621,-26.09733],[27.98611,-26.09714],[27.98593,-26.09683],[27.98583,-26.09667],[27.9855,-26.09608]]}},{"type":"Feature","properties":{"id":"relation/19568334","name":"Sandton - Randburg (Gautrain S4)","network":"Gautrain Bus"},"geometry":{"type":"LineString","coordinates":[[27.9855,-26.09608],[27.98536,-26.09583],[27.98527,-26.09568],[27.98524,-26.09563],[27.98516,-26.09548]]}},{"type":"Feature","properties":{"id":"relation/19568334","name":"Sandton - Randburg (Gautrain S4)","network":"Gautrain Bus"},"geometry":{"type":"LineString","coordinates":[[27.98491,-26.09557],[27.98499,-26.09556],[27.98505,-26.09554],[27.9851,-26.09551],[27.98516,-26.09548]]}},{"type":"Feature","properties":{"id":"relation/19568334","name":"Sandton - Randburg (Gautrain S4)","network":"Gautrain Bus"},"geometry":{"type":"LineString","coordinates":[[27.98493,-26.09663],[27.98492,-26.09601],[27.98491,-26.09557]]}},{"type":"Feature","properties":{"id":"relation/21159998","name":"Rosebank - Illovo (Gautrain RB3)","network":"Gautrain Bus"},"geometry":{"type":"LineString","coordinates":[[28.04415,-26.1466],[28.04412,-26.14644],[28.04412,-26.14639],[28.04412,-26.1463],[28.04412,-26.14627],[28.04414,-26.14624],[28.04419,-26.1462],[28.04422,-26.14617]]}},{"type":"Feature","properties":{"id":"relation/21159998","name":"Rosebank - Illovo (Gautrain RB3)","network":"Gautrain Bus"},"geometry":{"type":"LineString","coordinates":[[28.04422,-26.14617],[28.04417,-26.14587]]}},{"type":"Feature","properties":{"id":"relation/21159998","name":"Rosebank - Illovo (Gautrain RB3)","network":"Gautrain Bus"},"geometry":{"type":"LineString","coordinates":[[28.04417,-26.14587],[28.04416,-26.14585],[28.04416,-26.14581],[28.0441,-26.14554],[28.04407,-26.14538]]}},{"type":"Feature","properties":{"id":"relation/21159998","name":"Rosebank - Illovo (Gautrain RB3)","network":"Gautrain Bus"},"geometry":{"type":"LineString","coordinates":[[28.04407,-26.14538],[28.04398,-26.14492]]}},{"type":"Feature","properties":{"id":"relation/21159998","name":"Rosebank - Illovo (Gautrain RB3)","network":"Gautrain Bus"},"geometry":{"type":"LineString","coordinates":[[28.04398,-26.14492],[28.04395,-26.1448],[28.04393,-26.14471]]}},{"type":"Feature","properties":{"id":"relation/21159998","name":"Rosebank - Illovo (Gautrain RB3)","network":"Gautrain Bus"},"geometry":{"type":"LineString","coordinates":[[28.04393,-26.14471],[28.04386,-26.14441],[28.04375,-26.14384]]}},{"type":"Feature","properties":{"id":"relation/21159998","name":"Rosebank - Illovo (Gautrain RB3)","network":"Gautrain Bus"},"geometry":{"type":"LineString","coordinates":[[28.04375,-26.14384],[28.04368,-26.14351],[28.04361,-26.14315],[28.04361,-26.14314],[28.0436,-26.14304]]}},{"type":"Feature","properties":{"id":"relation/21159998","name":"Rosebank - Illovo (Gautrain RB3)","network":"Gautrain Bus"},"geometry":{"type":"LineString","coordinates":[[28.0436,-26.14304],[28.04357,-26.14291],[28.04354,-26.14271],[28.04353,-26.14238]]}},{"type":"Feature","properties":{"id":"relation/21159998","name":"Rosebank - Illovo (Gautrain RB3)","network":"Gautrain Bus"},"geometry":{"type":"LineString","coordinates":[[28.04353,-26.14238],[28.04354,-26.14222],[28.04354,-26.14214]]}},{"type":"Feature","properties":{"id":"relation/21159998","name":"Rosebank - Illovo (Gautrain RB3)","network":"Gautrain Bus"},"geometry":{"type":"LineString","coordinates":[[28.04354,-26.14214],[28.04355,-26.14205]]}},{"type":"Feature","properties":{"id":"relation/21159998","name":"Rosebank - Illovo (Gautrain RB3)","network":"Gautrain Bus"},"geometry":{"type":"LineString","coordinates":[[28.04355,-26.14205],[28.04358,-26.14194],[28.04359,-26.14188],[28.04364,-26.14174],[28.04376,-26.14149],[28.04392,-26.14122],[28.04411,-26.14091],[28.04412,-26.1409],[28.04417,-26.14082],[28.04433,-26.14059],[28.04442,-26.14047],[28.04487,-26.1398],[28.04487,-26.1398],[28.04493,-26.13972],[28.04518,-26.13935],[28.0454,-26.13901],[28.04557,-26.13876],[28.04558,-26.13873],[28.04561,-26.1387],[28.04566,-26.13862],[28.04586,-26.13833],[28.04594,-26.13821],[28.04621,-26.13781],[28.04634,-26.13763],[28.04643,-26.1375],[28.04655,-26.1373],[28.04665,-26.13715],[28.04681,-26.13691]]}},{"type":"Feature","properties":{"id":"relation/21159998","name":"Rosebank - Illovo (Gautrain RB3)","network":"Gautrain Bus"},"geometry":{"type":"LineString","coordinates":[[28.04681,-26.13691],[28.04687,-26.1368]]}},{"type":"Feature","properties":{"id":"relation/21159998","name":"Rosebank - Illovo (Gautrain RB3)","network":"Gautrain Bus"},"geometry":{"type":"LineString","coordinates":[[28.04687,-26.1368],[28.04705,-26.13652]]}},{"type":"Feature","properties":{"id":"relation/21159998","name":"Rosebank - Illovo (Gautrain RB3)","network":"Gautrain Bus"},"geometry":{"type":"LineString","coordinates":[[28.04705,-26.13652],[28.04698,-26.13649],[28.04644,-26.13626],[28.04598,-26.13606]]}},{"type":"Feature","properties":{"id":"relation/21159998","name":"Rosebank - Illovo (Gautrain RB3)","network":"Gautrain Bus"},"geometry":{"type":"LineString","coordinates":[[28.04603,-26.13598],[28.04598,-26.13606]]}},{"type":"Feature","properties":{"id":"relation/21159998","name":"Rosebank - Illovo (Gautrain RB3)","network":"Gautrain Bus"},"geometry":{"type":"LineString","coordinates":[[28.04619,-26.13563],[28.04606,-26.13593],[28.04603,-26.13598]]}},{"type":"Feature","properties":{"id":"relation/21159998","name":"Rosebank - Illovo (Gautrain RB3)","network":"Gautrain Bus"},"geometry":{"type":"LineString","coordinates":[[28.04619,-26.13563],[28.04619,-26.13561],[28.04622,-26.13553]]}},{"type":"Feature","properties":{"id":"relation/21159998","name":"Rosebank - Illovo (Gautrain RB3)","network":"Gautrain Bus"},"geometry":{"type":"LineString","coordinates":[[28.04622,-26.13553],[28.04621,-26.13552],[28.04621,-26.1355],[28.04621,-26.13548],[28.04621,-26.13546],[28.04622,-26.13545],[28.04623,-26.13544],[28.04625,-26.13543],[28.04626,-26.13542]]}},{"type":"Feature","properties":{"id":"relation/21159998","name":"Rosebank - Illovo (Gautrain RB3)","network":"Gautrain Bus"},"geometry":{"type":"LineString","coordinates":[[28.04626,-26.13542],[28.0463,-26.1353],[28.04632,-26.13528]]}},{"type":"Feature","properties":{"id":"relation/21159998","name":"Rosebank - Illovo (Gautrain RB3)","network":"Gautrain Bus"},"geometry":{"type":"LineString","coordinates":[[28.04653,-26.13432],[28.04652,-26.13434],[28.04641,-26.13488],[28.04632,-26.13528]]}},{"type":"Feature","properties":{"id":"relation/21159998","name":"Rosebank - Illovo (Gautrain RB3)","network":"Gautrain Bus"},"geometry":{"type":"LineString","coordinates":[[28.04653,-26.13432],[28.04651,-26.13423],[28.0465,-26.13417],[28.0465,-26.13413],[28.0465,-26.13409],[28.0465,-26.13404],[28.04659,-26.13364],[28.04668,-26.13326],[28.0467,-26.13316],[28.04671,-26.13314],[28.04672,-26.13312],[28.04675,-26.13309],[28.04677,-26.13305],[28.04679,-26.13303],[28.04683,-26.13297]]}},{"type":"Feature","properties":{"id":"relation/21159998","name":"Rosebank - Illovo (Gautrain RB3)","network":"Gautrain Bus"},"geometry":{"type":"LineString","coordinates":[[28.04718,-26.13147],[28.04708,-26.1319],[28.04706,-26.132],[28.04695,-26.13246],[28.04692,-26.13256],[28.04685,-26.13286],[28.04684,-26.13294],[28.04683,-26.13297]]}},{"type":"Feature","properties":{"id":"relation/21159998","name":"Rosebank - Illovo (Gautrain RB3)","network":"Gautrain Bus"},"geometry":{"type":"LineString","coordinates":[[28.04718,-26.13147],[28.04717,-26.13146],[28.04716,-26.13137]]}},{"type":"Feature","properties":{"id":"relation/21159998","name":"Rosebank - Illovo (Gautrain RB3)","network":"Gautrain Bus"},"geometry":{"type":"LineString","coordinates":[[28.04716,-26.13137],[28.04713,-26.13134],[28.0471,-26.13131],[28.04709,-26.13128],[28.0471,-26.13125],[28.0471,-26.13122],[28.04713,-26.1312],[28.04716,-26.13118],[28.04718,-26.13117],[28.04722,-26.13117]]}},{"type":"Feature","properties":{"id":"relation/21159998","name":"Rosebank - Illovo (Gautrain RB3)","network":"Gautrain Bus"},"geometry":{"type":"LineString","coordinates":[[28.04722,-26.13117],[28.04723,-26.13105],[28.04726,-26.13102]]}},{"type":"Feature","properties":{"id":"relation/21159998","name":"Rosebank - Illovo (Gautrain RB3)","network":"Gautrain Bus"},"geometry":{"type":"LineString","coordinates":[[28.0475,-26.13],[28.04741,-26.13038],[28.04737,-26.13058],[28.04726,-26.13102]]}},{"type":"Feature","properties":{"id":"relation/21159998","name":"Rosebank - Illovo (Gautrain RB3)","network":"Gautrain Bus"},"geometry":{"type":"LineString","coordinates":[[28.0475,-26.13],[28.04747,-26.12984],[28.04747,-26.1298],[28.04747,-26.12977],[28.04754,-26.12945],[28.04763,-26.129],[28.04767,-26.1288],[28.04769,-26.12877],[28.04771,-26.12875],[28.04774,-26.12872],[28.04776,-26.12868],[28.04779,-26.12864],[28.04781,-26.12859],[28.04783,-26.12854]]}},{"type":"Feature","properties":{"id":"relation/21159998","name":"Rosebank - Illovo (Gautrain RB3)","network":"Gautrain Bus"},"geometry":{"type":"LineString","coordinates":[[28.048,-26.12777],[28.0479,-26.12822],[28.04789,-26.12829],[28.04787,-26.12836],[28.04783,-26.12854]]}},{"type":"Feature","properties":{"id":"relation/21159998","name":"Rosebank - Illovo (Gautrain RB3)","network":"Gautrain Bus"},"geometry":{"type":"LineString","coordinates":[[28.048,-26.12777],[28.04725,-26.12764],[28.04629,-26.12746]]}},{"type":"Feature","properties":{"id":"relation/21159998","name":"Rosebank - Illovo (Gautrain RB3)","network":"Gautrain Bus"},"geometry":{"type":"LineString","coordinates":[[28.04668,-26.12033],[28.04668,-26.12041],[28.04666,-26.12051],[28.04665,-26.12066],[28.04664,-26.1209],[28.04659,-26.12176],[28.04659,-26.12181],[28.04655,-26.12255],[28.04652,-26.12311],[28.04649,-26.12363],[28.04648,-26.12388],[28.04646,-26.12426],[28.04639,-26.12563],[28.04639,-26.1257],[28.04637,-26.12592],[28.04632,-26.12692],[28.04629,-26.12746]]}},{"type":"Feature","properties":{"id":"relation/21159999","name":"Rosebank - Illovo (Gautrain RB3)","network":"Gautrain Bus"},"geometry":{"type":"LineString","coordinates":[[28.04668,-26.12033],[28.04687,-26.12028]]}},{"type":"Feature","properties":{"id":"relation/21159999","name":"Rosebank - Illovo (Gautrain RB3)","network":"Gautrain Bus"},"geometry":{"type":"LineString","coordinates":[[28.04687,-26.12028],[28.04698,-26.12022]]}},{"type":"Feature","properties":{"id":"relation/21159999","name":"Rosebank - Illovo (Gautrain RB3)","network":"Gautrain Bus"},"geometry":{"type":"LineString","coordinates":[[28.04698,-26.12022],[28.0471,-26.1202]]}},{"type":"Feature","properties":{"id":"relation/21159999","name":"Rosebank - Illovo (Gautrain RB3)","network":"Gautrain Bus"},"geometry":{"type":"LineString","coordinates":[[28.0471,-26.1202],[28.04712,-26.12026],[28.04716,-26.12039],[28.04734,-26.121],[28.04776,-26.12218],[28.04779,-26.12226],[28.04783,-26.12239],[28.04819,-26.1234]]}},{"type":"Feature","properties":{"id":"relation/21159999","name":"Rosebank - Illovo (Gautrain RB3)","network":"Gautrain Bus"},"geometry":{"type":"LineString","coordinates":[[28.04819,-26.1234],[28.04842,-26.12409],[28.04846,-26.12421]]}},{"type":"Feature","properties":{"id":"relation/21159999","name":"Rosebank - Illovo (Gautrain RB3)","network":"Gautrain Bus"},"geometry":{"type":"LineString","coordinates":[[28.04846,-26.12421],[28.0485,-26.12431],[28.04895,-26.12557],[28.04906,-26.12588],[28.04936,-26.12668]]}},{"type":"Feature","properties":{"id":"relation/21159999","name":"Rosebank - Illovo (Gautrain RB3)","network":"Gautrain Bus"},"geometry":{"type":"LineString","coordinates":[[28.04936,-26.12668],[28.04941,-26.12685],[28.04947,-26.12702],[28.04962,-26.12752]]}},{"type":"Feature","properties":{"id":"relation/21159999","name":"Rosebank - Illovo (Gautrain RB3)","network":"Gautrain Bus"},"geometry":{"type":"LineString","coordinates":[[28.04962,-26.12752],[28.04966,-26.12761]]}},{"type":"Feature","properties":{"id":"relation/21159999","name":"Rosebank - Illovo (Gautrain RB3)","network":"Gautrain Bus"},"geometry":{"type":"LineString","coordinates":[[28.04966,-26.12761],[28.04974,-26.12787],[28.04975,-26.128],[28.04975,-26.12813],[28.04973,-26.12834],[28.04972,-26.12841],[28.04969,-26.12853],[28.04965,-26.12871],[28.04958,-26.12903]]}},{"type":"Feature","properties":{"id":"relation/21159999","name":"Rosebank - Illovo (Gautrain RB3)","network":"Gautrain Bus"},"geometry":{"type":"LineString","coordinates":[[28.04958,-26.12903],[28.04947,-26.12951]]}},{"type":"Feature","properties":{"id":"relation/21159999","name":"Rosebank - Illovo (Gautrain RB3)","network":"Gautrain Bus"},"geometry":{"type":"LineString","coordinates":[[28.04947,-26.12951],[28.04939,-26.12988],[28.04933,-26.13018],[28.04922,-26.13061],[28.04919,-26.13073],[28.04917,-26.13078],[28.04909,-26.13107]]}},{"type":"Feature","properties":{"id":"relation/21159999","name":"Rosebank - Illovo (Gautrain RB3)","network":"Gautrain Bus"},"geometry":{"type":"LineString","coordinates":[[28.04909,-26.13107],[28.04907,-26.1312],[28.04899,-26.13159]]}},{"type":"Feature","properties":{"id":"relation/21159999","name":"Rosebank - Illovo (Gautrain RB3)","network":"Gautrain Bus"},"geometry":{"type":"LineString","coordinates":[[28.04899,-26.13159],[28.04927,-26.13164],[28.04998,-26.13176],[28.05069,-26.13189],[28.05103,-26.13195],[28.05119,-26.13198]]}},{"type":"Feature","properties":{"id":"relation/21159999","name":"Rosebank - Illovo (Gautrain RB3)","network":"Gautrain Bus"},"geometry":{"type":"LineString","coordinates":[[28.05119,-26.13198],[28.05137,-26.13248]]}},{"type":"Feature","properties":{"id":"relation/21159999","name":"Rosebank - Illovo (Gautrain RB3)","network":"Gautrain Bus"},"geometry":{"type":"LineString","coordinates":[[28.05137,-26.13248],[28.05174,-26.13348],[28.05175,-26.13352],[28.05189,-26.13388]]}},{"type":"Feature","properties":{"id":"relation/21159999","name":"Rosebank - Illovo (Gautrain RB3)","network":"Gautrain Bus"},"geometry":{"type":"LineString","coordinates":[[28.05189,-26.13388],[28.05196,-26.13408],[28.05198,-26.13415]]}},{"type":"Feature","properties":{"id":"relation/21159999","name":"Rosebank - Illovo (Gautrain RB3)","network":"Gautrain Bus"},"geometry":{"type":"LineString","coordinates":[[28.05198,-26.13415],[28.05202,-26.13424]]}},{"type":"Feature","properties":{"id":"relation/21159999","name":"Rosebank - Illovo (Gautrain RB3)","network":"Gautrain Bus"},"geometry":{"type":"LineString","coordinates":[[28.05202,-26.13424],[28.05204,-26.13431],[28.05216,-26.13468]]}},{"type":"Feature","properties":{"id":"relation/21159999","name":"Rosebank - Illovo (Gautrain RB3)","network":"Gautrain Bus"},"geometry":{"type":"LineString","coordinates":[[28.05216,-26.13468],[28.05235,-26.13527],[28.05244,-26.13554],[28.05263,-26.13606],[28.05268,-26.13621]]}},{"type":"Feature","properties":{"id":"relation/21159999","name":"Rosebank - Illovo (Gautrain RB3)","network":"Gautrain Bus"},"geometry":{"type":"LineString","coordinates":[[28.05268,-26.13621],[28.05231,-26.13621],[28.05195,-26.13619],[28.05168,-26.13618],[28.05088,-26.13615],[28.05052,-26.13614],[28.04983,-26.13611],[28.0494,-26.1361],[28.04876,-26.13607],[28.04812,-26.13605]]}},{"type":"Feature","properties":{"id":"relation/21159999","name":"Rosebank - Illovo (Gautrain RB3)","network":"Gautrain Bus"},"geometry":{"type":"LineString","coordinates":[[28.04812,-26.13605],[28.04802,-26.13609],[28.04793,-26.13611],[28.04784,-26.13614],[28.04778,-26.13615],[28.04769,-26.13615],[28.04759,-26.13615],[28.04747,-26.13614]]}},{"type":"Feature","properties":{"id":"relation/21159999","name":"Rosebank - Illovo (Gautrain RB3)","network":"Gautrain Bus"},"geometry":{"type":"LineString","coordinates":[[28.04747,-26.13614],[28.04726,-26.13646],[28.04723,-26.13651]]}},{"type":"Feature","properties":{"id":"relation/21159999","name":"Rosebank - Illovo (Gautrain RB3)","network":"Gautrain Bus"},"geometry":{"type":"LineString","coordinates":[[28.04723,-26.13651],[28.04718,-26.13659]]}},{"type":"Feature","properties":{"id":"relation/21159999","name":"Rosebank - Illovo (Gautrain RB3)","network":"Gautrain Bus"},"geometry":{"type":"LineString","coordinates":[[28.04718,-26.13659],[28.04706,-26.13677],[28.0469,-26.13701]]}},{"type":"Feature","properties":{"id":"relation/21159999","name":"Rosebank - Illovo (Gautrain RB3)","network":"Gautrain Bus"},"geometry":{"type":"LineString","coordinates":[[28.0469,-26.13701],[28.04676,-26.13721],[28.0467,-26.13732],[28.04667,-26.13736],[28.04654,-26.13755],[28.04649,-26.13763],[28.04644,-26.13769],[28.04637,-26.1378],[28.04606,-26.13827],[28.04599,-26.13836],[28.04577,-26.13868],[28.04574,-26.13874],[28.04569,-26.1388],[28.04568,-26.13882],[28.04552,-26.13908],[28.04525,-26.13946],[28.04504,-26.13979],[28.045,-26.13986],[28.04499,-26.13987],[28.04454,-26.14055],[28.04445,-26.14068],[28.04433,-26.14087],[28.04425,-26.14097],[28.04401,-26.14132],[28.04393,-26.14146],[28.04388,-26.14153],[28.04385,-26.14158],[28.04379,-26.14171],[28.04375,-26.14181],[28.04372,-26.14192],[28.04371,-26.14196],[28.0437,-26.14206]]}},{"type":"Feature","properties":{"id":"relation/21159999","name":"Rosebank - Illovo (Gautrain RB3)","network":"Gautrain Bus"},"geometry":{"type":"LineString","coordinates":[[28.0437,-26.14206],[28.04368,-26.14214],[28.04367,-26.14221],[28.04367,-26.14228],[28.04366,-26.14238],[28.04366,-26.14253],[28.04368,-26.14272],[28.04372,-26.1429],[28.04375,-26.14302],[28.04376,-26.14311],[28.04377,-26.14312],[28.0441,-26.14469],[28.04413,-26.14487]]}},{"type":"Feature","properties":{"id":"relation/21159999","name":"Rosebank - Illovo (Gautrain RB3)","network":"Gautrain Bus"},"geometry":{"type":"LineString","coordinates":[[28.04413,-26.14487],[28.04423,-26.14536]]}},{"type":"Feature","properties":{"id":"relation/21159999","name":"Rosebank - Illovo (Gautrain RB3)","network":"Gautrain Bus"},"geometry":{"type":"LineString","coordinates":[[28.04423,-26.14536],[28.04443,-26.14634]]}},{"type":"Feature","properties":{"id":"relation/21159999","name":"Rosebank - Illovo (Gautrain RB3)","network":"Gautrain Bus"},"geometry":{"type":"LineString","coordinates":[[28.04443,-26.14634],[28.04448,-26.14643],[28.0445,-26.14646],[28.04451,-26.1465],[28.04458,-26.14679],[28.04459,-26.14685]]}},{"type":"Feature","properties":{"id":"relation/21165276","name":"Rosebank - Hyde Park (Gautrain RB4)","network":"Gautrain Bus"},"geometry":{"type":"LineString","coordinates":[[28.04415,-26.1466],[28.04412,-26.14644],[28.04412,-26.14639],[28.04412,-26.1463],[28.04412,-26.14627],[28.04414,-26.14624],[28.04419,-26.1462],[28.04422,-26.14617]]}},{"type":"Feature","properties":{"id":"relation/21165276","name":"Rosebank - Hyde Park (Gautrain RB4)","network":"Gautrain Bus"},"geometry":{"type":"LineString","coordinates":[[28.04422,-26.14617],[28.04417,-26.14587]]}},{"type":"Feature","properties":{"id":"relation/21165276","name":"Rosebank - Hyde Park (Gautrain RB4)","network":"Gautrain Bus"},"geometry":{"type":"LineString","coordinates":[[28.04417,-26.14587],[28.04416,-26.14585],[28.04416,-26.14581],[28.0441,-26.14554],[28.04407,-26.14538]]}},{"type":"Feature","properties":{"id":"relation/21165276","name":"Rosebank - Hyde Park (Gautrain RB4)","network":"Gautrain Bus"},"geometry":{"type":"LineString","coordinates":[[28.04407,-26.14538],[28.04398,-26.14492]]}},{"type":"Feature","properties":{"id":"relation/21165276","name":"Rosebank - Hyde Park (Gautrain RB4)","network":"Gautrain Bus"},"geometry":{"type":"LineString","coordinates":[[28.04398,-26.14492],[28.04395,-26.1448],[28.04393,-26.14471]]}},{"type":"Feature","properties":{"id":"relation/21165276","name":"Rosebank - Hyde Park (Gautrain RB4)","network":"Gautrain Bus"},"geometry":{"type":"LineString","coordinates":[[28.04393,-26.14471],[28.04386,-26.14441],[28.04375,-26.14384]]}},{"type":"Feature","properties":{"id":"relation/21165276","name":"Rosebank - Hyde Park (Gautrain RB4)","network":"Gautrain Bus"},"geometry":{"type":"LineString","coordinates":[[28.04375,-26.14384],[28.04368,-26.14351],[28.04361,-26.14315],[28.04361,-26.14314],[28.0436,-26.14304]]}},{"type":"Feature","properties":{"id":"relation/21165276","name":"Rosebank - Hyde Park (Gautrain RB4)","network":"Gautrain Bus"},"geometry":{"type":"LineString","coordinates":[[28.0436,-26.14304],[28.04346,-26.14307],[28.04326,-26.1431],[28.04255,-26.14323],[28.04184,-26.14336]]}},{"type":"Feature","properties":{"id":"relation/21165276","name":"Rosebank - Hyde Park (Gautrain RB4)","network":"Gautrain Bus"},"geometry":{"type":"LineString","coordinates":[[28.04184,-26.14336],[28.04183,-26.14337],[28.04177,-26.14341]]}},{"type":"Feature","properties":{"id":"relation/21165276","name":"Rosebank - Hyde Park (Gautrain RB4)","network":"Gautrain Bus"},"geometry":{"type":"LineString","coordinates":[[28.04177,-26.14341],[28.04168,-26.14343],[28.04164,-26.14344]]}},{"type":"Feature","properties":{"id":"relation/21165276","name":"Rosebank - Hyde Park (Gautrain RB4)","network":"Gautrain Bus"},"geometry":{"type":"LineString","coordinates":[[28.04164,-26.14344],[28.04098,-26.14356],[28.04091,-26.14357],[28.04068,-26.14361]]}},{"type":"Feature","properties":{"id":"relation/21165276","name":"Rosebank - Hyde Park (Gautrain RB4)","network":"Gautrain Bus"},"geometry":{"type":"LineString","coordinates":[[28.04068,-26.14361],[28.04016,-26.1437],[28.04007,-26.14371]]}},{"type":"Feature","properties":{"id":"relation/21165276","name":"Rosebank - Hyde Park (Gautrain RB4)","network":"Gautrain Bus"},"geometry":{"type":"LineString","coordinates":[[28.04007,-26.14371],[28.04008,-26.14376],[28.04014,-26.14405],[28.04026,-26.14466],[28.04028,-26.14473],[28.04038,-26.14522],[28.04039,-26.14531],[28.04041,-26.14541],[28.0405,-26.14585],[28.04053,-26.14598],[28.04053,-26.14598],[28.04056,-26.14611],[28.04077,-26.14717],[28.04081,-26.14733],[28.04088,-26.14772],[28.04091,-26.14784],[28.04093,-26.14794]]}},{"type":"Feature","properties":{"id":"relation/21165276","name":"Rosebank - Hyde Park (Gautrain RB4)","network":"Gautrain Bus"},"geometry":{"type":"LineString","coordinates":[[28.04093,-26.14794],[28.04111,-26.14882],[28.04118,-26.14914]]}},{"type":"Feature","properties":{"id":"relation/21165276","name":"Rosebank - Hyde Park (Gautrain RB4)","network":"Gautrain Bus"},"geometry":{"type":"LineString","coordinates":[[28.04118,-26.14914],[28.0412,-26.14926]]}},{"type":"Feature","properties":{"id":"relation/21165276","name":"Rosebank - Hyde Park (Gautrain RB4)","network":"Gautrain Bus"},"geometry":{"type":"LineString","coordinates":[[28.0412,-26.14926],[28.03974,-26.14922]]}},{"type":"Feature","properties":{"id":"relation/21165276","name":"Rosebank - Hyde Park (Gautrain RB4)","network":"Gautrain Bus"},"geometry":{"type":"LineString","coordinates":[[28.03974,-26.14922],[28.03933,-26.14921]]}},{"type":"Feature","properties":{"id":"relation/21165276","name":"Rosebank - Hyde Park (Gautrain RB4)","network":"Gautrain Bus"},"geometry":{"type":"LineString","coordinates":[[28.03933,-26.14921],[28.03845,-26.14918],[28.03751,-26.14915],[28.03584,-26.14908],[28.03532,-26.14904]]}},{"type":"Feature","properties":{"id":"relation/21165276","name":"Rosebank - Hyde Park (Gautrain RB4)","network":"Gautrain Bus"},"geometry":{"type":"LineString","coordinates":[[28.03532,-26.14904],[28.0347,-26.14903],[28.03454,-26.14904]]}},{"type":"Feature","properties":{"id":"relation/21165276","name":"Rosebank - Hyde Park (Gautrain RB4)","network":"Gautrain Bus"},"geometry":{"type":"LineString","coordinates":[[28.03454,-26.14904],[28.03459,-26.14895],[28.03468,-26.14872],[28.03471,-26.14863],[28.03493,-26.14805],[28.03509,-26.14766]]}},{"type":"Feature","properties":{"id":"relation/21165276","name":"Rosebank - Hyde Park (Gautrain RB4)","network":"Gautrain Bus"},"geometry":{"type":"LineString","coordinates":[[28.03509,-26.14766],[28.03513,-26.14757],[28.0352,-26.14736]]}},{"type":"Feature","properties":{"id":"relation/21165276","name":"Rosebank - Hyde Park (Gautrain RB4)","network":"Gautrain Bus"},"geometry":{"type":"LineString","coordinates":[[28.0352,-26.14736],[28.03568,-26.14607]]}},{"type":"Feature","properties":{"id":"relation/21165276","name":"Rosebank - Hyde Park (Gautrain RB4)","network":"Gautrain Bus"},"geometry":{"type":"LineString","coordinates":[[28.03568,-26.14607],[28.03576,-26.1458],[28.03583,-26.14561],[28.03588,-26.14547]]}},{"type":"Feature","properties":{"id":"relation/21165276","name":"Rosebank - Hyde Park (Gautrain RB4)","network":"Gautrain Bus"},"geometry":{"type":"LineString","coordinates":[[28.03588,-26.14547],[28.03595,-26.1452],[28.03598,-26.14494]]}},{"type":"Feature","properties":{"id":"relation/21165276","name":"Rosebank - Hyde Park (Gautrain RB4)","network":"Gautrain Bus"},"geometry":{"type":"LineString","coordinates":[[28.03598,-26.14494],[28.03597,-26.14471],[28.0359,-26.14419],[28.03587,-26.14399],[28.03579,-26.14347],[28.03578,-26.14343]]}},{"type":"Feature","properties":{"id":"relation/21165276","name":"Rosebank - Hyde Park (Gautrain RB4)","network":"Gautrain Bus"},"geometry":{"type":"LineString","coordinates":[[28.03578,-26.14343],[28.03576,-26.1433]]}},{"type":"Feature","properties":{"id":"relation/21165276","name":"Rosebank - Hyde Park (Gautrain RB4)","network":"Gautrain Bus"},"geometry":{"type":"LineString","coordinates":[[28.03576,-26.1433],[28.03566,-26.14244]]}},{"type":"Feature","properties":{"id":"relation/21165276","name":"Rosebank - Hyde Park (Gautrain RB4)","network":"Gautrain Bus"},"geometry":{"type":"LineString","coordinates":[[28.03566,-26.14244],[28.03558,-26.14184],[28.03559,-26.14152]]}},{"type":"Feature","properties":{"id":"relation/21165276","name":"Rosebank - Hyde Park (Gautrain RB4)","network":"Gautrain Bus"},"geometry":{"type":"LineString","coordinates":[[28.03545,-26.13366],[28.03536,-26.13402],[28.03525,-26.13444],[28.03514,-26.13486],[28.03494,-26.13565],[28.03491,-26.13572],[28.03461,-26.13696],[28.0345,-26.13741],[28.03446,-26.13761],[28.03445,-26.13781],[28.03446,-26.13796],[28.03451,-26.13819],[28.03456,-26.13834],[28.03479,-26.13911],[28.03537,-26.14086],[28.03559,-26.14152]]}},{"type":"Feature","properties":{"id":"relation/21165276","name":"Rosebank - Hyde Park (Gautrain RB4)","network":"Gautrain Bus"},"geometry":{"type":"LineString","coordinates":[[28.03545,-26.13366],[28.03544,-26.13354],[28.03547,-26.13335],[28.03549,-26.13323],[28.0355,-26.13311]]}},{"type":"Feature","properties":{"id":"relation/21165276","name":"Rosebank - Hyde Park (Gautrain RB4)","network":"Gautrain Bus"},"geometry":{"type":"LineString","coordinates":[[28.0355,-26.13311],[28.03553,-26.13224]]}},{"type":"Feature","properties":{"id":"relation/21165276","name":"Rosebank - Hyde Park (Gautrain RB4)","network":"Gautrain Bus"},"geometry":{"type":"LineString","coordinates":[[28.03553,-26.13224],[28.03555,-26.13197],[28.03554,-26.13174]]}},{"type":"Feature","properties":{"id":"relation/21165276","name":"Rosebank - Hyde Park (Gautrain RB4)","network":"Gautrain Bus"},"geometry":{"type":"LineString","coordinates":[[28.03554,-26.13174],[28.03551,-26.13155],[28.03548,-26.13142],[28.03543,-26.13126],[28.03535,-26.13108],[28.03526,-26.13089],[28.03517,-26.13075],[28.03505,-26.13057],[28.03493,-26.13041]]}},{"type":"Feature","properties":{"id":"relation/21165276","name":"Rosebank - Hyde Park (Gautrain RB4)","network":"Gautrain Bus"},"geometry":{"type":"LineString","coordinates":[[28.03493,-26.13041],[28.03476,-26.1302]]}},{"type":"Feature","properties":{"id":"relation/21165276","name":"Rosebank - Hyde Park (Gautrain RB4)","network":"Gautrain Bus"},"geometry":{"type":"LineString","coordinates":[[28.03476,-26.1302],[28.03466,-26.13009],[28.0346,-26.13003],[28.03437,-26.12978],[28.0341,-26.12948],[28.03399,-26.12935],[28.03389,-26.12921],[28.03378,-26.12903],[28.03371,-26.12886],[28.0337,-26.12881],[28.03365,-26.12866],[28.0336,-26.12849]]}},{"type":"Feature","properties":{"id":"relation/21165276","name":"Rosebank - Hyde Park (Gautrain RB4)","network":"Gautrain Bus"},"geometry":{"type":"LineString","coordinates":[[28.0336,-26.12849],[28.03354,-26.1282],[28.03351,-26.12807],[28.03346,-26.1279],[28.03342,-26.12776]]}},{"type":"Feature","properties":{"id":"relation/21165276","name":"Rosebank - Hyde Park (Gautrain RB4)","network":"Gautrain Bus"},"geometry":{"type":"LineString","coordinates":[[28.03342,-26.12776],[28.03337,-26.12765],[28.03332,-26.12751],[28.03322,-26.12732]]}},{"type":"Feature","properties":{"id":"relation/21165276","name":"Rosebank - Hyde Park (Gautrain RB4)","network":"Gautrain Bus"},"geometry":{"type":"LineString","coordinates":[[28.03322,-26.12732],[28.03316,-26.12722]]}},{"type":"Feature","properties":{"id":"relation/21165276","name":"Rosebank - Hyde Park (Gautrain RB4)","network":"Gautrain Bus"},"geometry":{"type":"LineString","coordinates":[[28.03316,-26.12722],[28.0332,-26.1272]]}},{"type":"Feature","properties":{"id":"relation/21165276","name":"Rosebank - Hyde Park (Gautrain RB4)","network":"Gautrain Bus"},"geometry":{"type":"LineString","coordinates":[[28.0332,-26.1272],[28.03329,-26.12715]]}},{"type":"Feature","properties":{"id":"relation/21165276","name":"Rosebank - Hyde Park (Gautrain RB4)","network":"Gautrain Bus"},"geometry":{"type":"LineString","coordinates":[[28.03329,-26.12715],[28.03333,-26.12707]]}},{"type":"Feature","properties":{"id":"relation/21165276","name":"Rosebank - Hyde Park (Gautrain RB4)","network":"Gautrain Bus"},"geometry":{"type":"LineString","coordinates":[[28.03333,-26.12707],[28.03343,-26.1269],[28.03348,-26.12681],[28.03373,-26.12629],[28.03375,-26.12626],[28.0341,-26.12551],[28.03428,-26.12517],[28.03434,-26.12506],[28.0344,-26.12493],[28.03443,-26.12485],[28.03445,-26.12477],[28.03448,-26.12463]]}},{"type":"Feature","properties":{"id":"relation/21165276","name":"Rosebank - Hyde Park (Gautrain RB4)","network":"Gautrain Bus"},"geometry":{"type":"LineString","coordinates":[[28.03448,-26.12463],[28.03445,-26.12462]]}},{"type":"Feature","properties":{"id":"relation/21165276","name":"Rosebank - Hyde Park (Gautrain RB4)","network":"Gautrain Bus"},"geometry":{"type":"LineString","coordinates":[[28.03445,-26.12462],[28.03443,-26.1246],[28.03442,-26.12458],[28.03441,-26.12455],[28.0344,-26.12453]]}},{"type":"Feature","properties":{"id":"relation/21165276","name":"Rosebank - Hyde Park (Gautrain RB4)","network":"Gautrain Bus"},"geometry":{"type":"LineString","coordinates":[[28.0344,-26.12453],[28.03441,-26.12451],[28.03441,-26.12449],[28.03442,-26.12448],[28.03443,-26.12446]]}},{"type":"Feature","properties":{"id":"relation/21165276","name":"Rosebank - Hyde Park (Gautrain RB4)","network":"Gautrain Bus"},"geometry":{"type":"LineString","coordinates":[[28.03443,-26.12446],[28.03446,-26.12443],[28.03451,-26.12441]]}},{"type":"Feature","properties":{"id":"relation/21165276","name":"Rosebank - Hyde Park (Gautrain RB4)","network":"Gautrain Bus"},"geometry":{"type":"LineString","coordinates":[[28.03451,-26.12441],[28.03454,-26.12441],[28.03458,-26.12442]]}},{"type":"Feature","properties":{"id":"relation/21165276","name":"Rosebank - Hyde Park (Gautrain RB4)","network":"Gautrain Bus"},"geometry":{"type":"LineString","coordinates":[[28.03458,-26.12442],[28.03468,-26.12431],[28.03479,-26.1242]]}},{"type":"Feature","properties":{"id":"relation/21165276","name":"Rosebank - Hyde Park (Gautrain RB4)","network":"Gautrain Bus"},"geometry":{"type":"LineString","coordinates":[[28.03479,-26.1242],[28.03499,-26.12377],[28.03501,-26.12374],[28.03502,-26.12372],[28.03519,-26.12338]]}},{"type":"Feature","properties":{"id":"relation/21165276","name":"Rosebank - Hyde Park (Gautrain RB4)","network":"Gautrain Bus"},"geometry":{"type":"LineString","coordinates":[[28.03519,-26.12338],[28.03525,-26.12323]]}},{"type":"Feature","properties":{"id":"relation/21165276","name":"Rosebank - Hyde Park (Gautrain RB4)","network":"Gautrain Bus"},"geometry":{"type":"LineString","coordinates":[[28.03525,-26.12323],[28.03543,-26.12286],[28.0357,-26.12228],[28.03574,-26.12215],[28.0358,-26.12197],[28.03581,-26.12183],[28.0358,-26.12163],[28.03575,-26.12141],[28.03573,-26.12124],[28.03573,-26.12109],[28.03574,-26.12093]]}},{"type":"Feature","properties":{"id":"relation/21165276","name":"Rosebank - Hyde Park (Gautrain RB4)","network":"Gautrain Bus"},"geometry":{"type":"LineString","coordinates":[[28.03574,-26.12093],[28.03576,-26.1208],[28.03581,-26.12068],[28.03587,-26.12053],[28.03597,-26.12037],[28.03615,-26.12008],[28.03647,-26.11957]]}},{"type":"Feature","properties":{"id":"relation/21165276","name":"Rosebank - Hyde Park (Gautrain RB4)","network":"Gautrain Bus"},"geometry":{"type":"LineString","coordinates":[[28.03647,-26.11957],[28.03658,-26.1194],[28.03666,-26.11926]]}},{"type":"Feature","properties":{"id":"relation/21165276","name":"Rosebank - Hyde Park (Gautrain RB4)","network":"Gautrain Bus"},"geometry":{"type":"LineString","coordinates":[[28.03397,-26.1178],[28.0342,-26.11801],[28.03423,-26.11804],[28.03438,-26.11818],[28.03475,-26.11848],[28.0349,-26.11859],[28.03496,-26.11862],[28.03501,-26.11864],[28.03551,-26.11884],[28.03666,-26.11926]]}},{"type":"Feature","properties":{"id":"relation/21165276","name":"Rosebank - Hyde Park (Gautrain RB4)","network":"Gautrain Bus"},"geometry":{"type":"LineString","coordinates":[[28.03397,-26.1178],[28.03394,-26.11778],[28.03393,-26.11778],[28.03392,-26.11777],[28.0339,-26.11776],[28.03389,-26.11775],[28.03368,-26.11757],[28.03359,-26.11748],[28.03317,-26.11712],[28.03311,-26.11707],[28.03306,-26.11702],[28.033,-26.11697],[28.03295,-26.11694],[28.03289,-26.11691],[28.03283,-26.11689],[28.03275,-26.11687],[28.03252,-26.11683],[28.0324,-26.11681],[28.03221,-26.11676]]}},{"type":"Feature","properties":{"id":"relation/21165276","name":"Rosebank - Hyde Park (Gautrain RB4)","network":"Gautrain Bus"},"geometry":{"type":"LineString","coordinates":[[28.03221,-26.11676],[28.03213,-26.11675]]}},{"type":"Feature","properties":{"id":"relation/21165276","name":"Rosebank - Hyde Park (Gautrain RB4)","network":"Gautrain Bus"},"geometry":{"type":"LineString","coordinates":[[28.03213,-26.11675],[28.03214,-26.11686]]}},{"type":"Feature","properties":{"id":"relation/21165276","name":"Rosebank - Hyde Park (Gautrain RB4)","network":"Gautrain Bus"},"geometry":{"type":"LineString","coordinates":[[28.03214,-26.11686],[28.03216,-26.11707],[28.03222,-26.11801],[28.03224,-26.11881],[28.03225,-26.11968],[28.03224,-26.12055],[28.03227,-26.12311]]}},{"type":"Feature","properties":{"id":"relation/21165276","name":"Rosebank - Hyde Park (Gautrain RB4)","network":"Gautrain Bus"},"geometry":{"type":"LineString","coordinates":[[28.03227,-26.12311],[28.03228,-26.12439]]}},{"type":"Feature","properties":{"id":"relation/21165277","name":"Rosebank - Hyde Park (Gautrain RB4)","network":"Gautrain Bus"},"geometry":{"type":"LineString","coordinates":[[28.03228,-26.12439],[28.03228,-26.12445],[28.03228,-26.12454],[28.03232,-26.12504],[28.03241,-26.12549],[28.03252,-26.12589]]}},{"type":"Feature","properties":{"id":"relation/21165277","name":"Rosebank - Hyde Park (Gautrain RB4)","network":"Gautrain Bus"},"geometry":{"type":"LineString","coordinates":[[28.03252,-26.12589],[28.03284,-26.12646],[28.03292,-26.12659]]}},{"type":"Feature","properties":{"id":"relation/21165277","name":"Rosebank - Hyde Park (Gautrain RB4)","network":"Gautrain Bus"},"geometry":{"type":"LineString","coordinates":[[28.03292,-26.12659],[28.03299,-26.12671]]}},{"type":"Feature","properties":{"id":"relation/21165277","name":"Rosebank - Hyde Park (Gautrain RB4)","network":"Gautrain Bus"},"geometry":{"type":"LineString","coordinates":[[28.03299,-26.12671],[28.03313,-26.12692]]}},{"type":"Feature","properties":{"id":"relation/21165277","name":"Rosebank - Hyde Park (Gautrain RB4)","network":"Gautrain Bus"},"geometry":{"type":"LineString","coordinates":[[28.03313,-26.12692],[28.03323,-26.12706]]}},{"type":"Feature","properties":{"id":"relation/21165277","name":"Rosebank - Hyde Park (Gautrain RB4)","network":"Gautrain Bus"},"geometry":{"type":"LineString","coordinates":[[28.03323,-26.12706],[28.03329,-26.12715]]}},{"type":"Feature","properties":{"id":"relation/21165277","name":"Rosebank - Hyde Park (Gautrain RB4)","network":"Gautrain Bus"},"geometry":{"type":"LineString","coordinates":[[28.03329,-26.12715],[28.03335,-26.12726]]}},{"type":"Feature","properties":{"id":"relation/21165277","name":"Rosebank - Hyde Park (Gautrain RB4)","network":"Gautrain Bus"},"geometry":{"type":"LineString","coordinates":[[28.03335,-26.12726],[28.03343,-26.12743],[28.03349,-26.12756],[28.03355,-26.12775],[28.03362,-26.12796],[28.03367,-26.12819],[28.03374,-26.12851],[28.03383,-26.12879],[28.03395,-26.12905],[28.034,-26.12915],[28.03409,-26.1293],[28.0342,-26.12943],[28.03431,-26.12957]]}},{"type":"Feature","properties":{"id":"relation/21165277","name":"Rosebank - Hyde Park (Gautrain RB4)","network":"Gautrain Bus"},"geometry":{"type":"LineString","coordinates":[[28.03431,-26.12957],[28.03475,-26.13007],[28.03485,-26.13016]]}},{"type":"Feature","properties":{"id":"relation/21165277","name":"Rosebank - Hyde Park (Gautrain RB4)","network":"Gautrain Bus"},"geometry":{"type":"LineString","coordinates":[[28.03485,-26.13016],[28.03495,-26.13026],[28.03508,-26.1304],[28.03521,-26.13056],[28.03534,-26.13078],[28.03543,-26.13098],[28.03551,-26.13117],[28.03555,-26.1313]]}},{"type":"Feature","properties":{"id":"relation/21165277","name":"Rosebank - Hyde Park (Gautrain RB4)","network":"Gautrain Bus"},"geometry":{"type":"LineString","coordinates":[[28.03555,-26.1313],[28.03557,-26.13135],[28.03562,-26.13155],[28.03564,-26.13167],[28.03565,-26.13177]]}},{"type":"Feature","properties":{"id":"relation/21165277","name":"Rosebank - Hyde Park (Gautrain RB4)","network":"Gautrain Bus"},"geometry":{"type":"LineString","coordinates":[[28.03565,-26.13177],[28.03566,-26.1319],[28.03566,-26.13203],[28.03565,-26.1322],[28.03559,-26.13314]]}},{"type":"Feature","properties":{"id":"relation/21165277","name":"Rosebank - Hyde Park (Gautrain RB4)","network":"Gautrain Bus"},"geometry":{"type":"LineString","coordinates":[[28.03559,-26.13314],[28.03557,-26.1333],[28.03554,-26.13342],[28.03551,-26.13355],[28.03545,-26.13366]]}},{"type":"Feature","properties":{"id":"relation/21165277","name":"Rosebank - Hyde Park (Gautrain RB4)","network":"Gautrain Bus"},"geometry":{"type":"LineString","coordinates":[[28.03545,-26.13366],[28.03536,-26.13402],[28.03525,-26.13444],[28.03514,-26.13486],[28.03494,-26.13565],[28.03491,-26.13572],[28.03461,-26.13696],[28.0345,-26.13741],[28.03446,-26.13761],[28.03445,-26.13781],[28.03446,-26.13796],[28.03451,-26.13819],[28.03456,-26.13834],[28.03479,-26.13911],[28.03537,-26.14086],[28.03559,-26.14152]]}},{"type":"Feature","properties":{"id":"relation/21165277","name":"Rosebank - Hyde Park (Gautrain RB4)","network":"Gautrain Bus"},"geometry":{"type":"LineString","coordinates":[[28.03559,-26.14152],[28.03566,-26.14182],[28.03579,-26.14243]]}},{"type":"Feature","properties":{"id":"relation/21165277","name":"Rosebank - Hyde Park (Gautrain RB4)","network":"Gautrain Bus"},"geometry":{"type":"LineString","coordinates":[[28.03579,-26.14243],[28.03589,-26.14329]]}},{"type":"Feature","properties":{"id":"relation/21165277","name":"Rosebank - Hyde Park (Gautrain RB4)","network":"Gautrain Bus"},"geometry":{"type":"LineString","coordinates":[[28.03589,-26.14329],[28.03591,-26.14342]]}},{"type":"Feature","properties":{"id":"relation/21165277","name":"Rosebank - Hyde Park (Gautrain RB4)","network":"Gautrain Bus"},"geometry":{"type":"LineString","coordinates":[[28.03591,-26.14342],[28.03593,-26.14363],[28.03595,-26.1437],[28.03601,-26.14414],[28.03604,-26.14438],[28.03608,-26.14472],[28.0361,-26.14499]]}},{"type":"Feature","properties":{"id":"relation/21165277","name":"Rosebank - Hyde Park (Gautrain RB4)","network":"Gautrain Bus"},"geometry":{"type":"LineString","coordinates":[[28.0361,-26.14499],[28.0361,-26.1452],[28.036,-26.14552]]}},{"type":"Feature","properties":{"id":"relation/21165277","name":"Rosebank - Hyde Park (Gautrain RB4)","network":"Gautrain Bus"},"geometry":{"type":"LineString","coordinates":[[28.036,-26.14552],[28.03547,-26.14699]]}},{"type":"Feature","properties":{"id":"relation/21165277","name":"Rosebank - Hyde Park (Gautrain RB4)","network":"Gautrain Bus"},"geometry":{"type":"LineString","coordinates":[[28.03547,-26.14699],[28.03552,-26.14722],[28.03555,-26.14738]]}},{"type":"Feature","properties":{"id":"relation/21165277","name":"Rosebank - Hyde Park (Gautrain RB4)","network":"Gautrain Bus"},"geometry":{"type":"LineString","coordinates":[[28.03555,-26.14738],[28.0356,-26.14757],[28.03562,-26.14764],[28.03567,-26.14792],[28.03569,-26.14804],[28.03571,-26.14811],[28.03571,-26.14815],[28.0357,-26.1482]]}},{"type":"Feature","properties":{"id":"relation/21165277","name":"Rosebank - Hyde Park (Gautrain RB4)","network":"Gautrain Bus"},"geometry":{"type":"LineString","coordinates":[[28.0357,-26.1482],[28.03571,-26.14833],[28.03583,-26.14872],[28.03588,-26.14876],[28.03595,-26.14878],[28.03752,-26.14852],[28.03799,-26.14844],[28.03847,-26.14837],[28.0387,-26.14833]]}},{"type":"Feature","properties":{"id":"relation/21165277","name":"Rosebank - Hyde Park (Gautrain RB4)","network":"Gautrain Bus"},"geometry":{"type":"LineString","coordinates":[[28.0387,-26.14833],[28.03919,-26.14823]]}},{"type":"Feature","properties":{"id":"relation/21165277","name":"Rosebank - Hyde Park (Gautrain RB4)","network":"Gautrain Bus"},"geometry":{"type":"LineString","coordinates":[[28.03919,-26.14823],[28.0391,-26.1478],[28.0391,-26.14777]]}},{"type":"Feature","properties":{"id":"relation/21165277","name":"Rosebank - Hyde Park (Gautrain RB4)","network":"Gautrain Bus"},"geometry":{"type":"LineString","coordinates":[[28.0391,-26.14777],[28.03909,-26.1477],[28.03906,-26.14753],[28.0389,-26.14669],[28.03889,-26.14665],[28.0388,-26.14615],[28.03879,-26.14609],[28.03869,-26.14559]]}},{"type":"Feature","properties":{"id":"relation/21165277","name":"Rosebank - Hyde Park (Gautrain RB4)","network":"Gautrain Bus"},"geometry":{"type":"LineString","coordinates":[[28.03869,-26.14559],[28.03865,-26.14535]]}},{"type":"Feature","properties":{"id":"relation/21165277","name":"Rosebank - Hyde Park (Gautrain RB4)","network":"Gautrain Bus"},"geometry":{"type":"LineString","coordinates":[[28.03865,-26.14535],[28.0386,-26.14514],[28.0385,-26.14463],[28.03823,-26.14331]]}},{"type":"Feature","properties":{"id":"relation/21165277","name":"Rosebank - Hyde Park (Gautrain RB4)","network":"Gautrain Bus"},"geometry":{"type":"LineString","coordinates":[[28.03823,-26.14331],[28.03817,-26.14303]]}},{"type":"Feature","properties":{"id":"relation/21165277","name":"Rosebank - Hyde Park (Gautrain RB4)","network":"Gautrain Bus"},"geometry":{"type":"LineString","coordinates":[[28.03814,-26.14294],[28.03817,-26.14303]]}},{"type":"Feature","properties":{"id":"relation/21165277","name":"Rosebank - Hyde Park (Gautrain RB4)","network":"Gautrain Bus"},"geometry":{"type":"LineString","coordinates":[[28.03814,-26.14294],[28.03816,-26.14294],[28.03869,-26.14286],[28.03923,-26.14277],[28.03937,-26.14275]]}},{"type":"Feature","properties":{"id":"relation/21165277","name":"Rosebank - Hyde Park (Gautrain RB4)","network":"Gautrain Bus"},"geometry":{"type":"LineString","coordinates":[[28.03937,-26.14275],[28.03979,-26.14268],[28.03985,-26.14267]]}},{"type":"Feature","properties":{"id":"relation/21165277","name":"Rosebank - Hyde Park (Gautrain RB4)","network":"Gautrain Bus"},"geometry":{"type":"LineString","coordinates":[[28.03985,-26.14267],[28.03993,-26.14266],[28.04029,-26.1426],[28.04156,-26.14238],[28.04344,-26.14207]]}},{"type":"Feature","properties":{"id":"relation/21165277","name":"Rosebank - Hyde Park (Gautrain RB4)","network":"Gautrain Bus"},"geometry":{"type":"LineString","coordinates":[[28.04344,-26.14207],[28.04355,-26.14205]]}},{"type":"Feature","properties":{"id":"relation/21165277","name":"Rosebank - Hyde Park (Gautrain RB4)","network":"Gautrain Bus"},"geometry":{"type":"LineString","coordinates":[[28.04355,-26.14205],[28.0437,-26.14206]]}},{"type":"Feature","properties":{"id":"relation/21165277","name":"Rosebank - Hyde Park (Gautrain RB4)","network":"Gautrain Bus"},"geometry":{"type":"LineString","coordinates":[[28.0437,-26.14206],[28.04368,-26.14214],[28.04367,-26.14221],[28.04367,-26.14228],[28.04366,-26.14238],[28.04366,-26.14253],[28.04368,-26.14272],[28.04372,-26.1429],[28.04375,-26.14302],[28.04376,-26.14311],[28.04377,-26.14312],[28.0441,-26.14469],[28.04413,-26.14487]]}},{"type":"Feature","properties":{"id":"relation/21165277","name":"Rosebank - Hyde Park (Gautrain RB4)","network":"Gautrain Bus"},"geometry":{"type":"LineString","coordinates":[[28.04413,-26.14487],[28.04423,-26.14536]]}},{"type":"Feature","properties":{"id":"relation/21165277","name":"Rosebank - Hyde Park (Gautrain RB4)","network":"Gautrain Bus"},"geometry":{"type":"LineString","coordinates":[[28.04423,-26.14536],[28.04443,-26.14634]]}},{"type":"Feature","properties":{"id":"relation/21165277","name":"Rosebank - Hyde Park (Gautrain RB4)","network":"Gautrain Bus"},"geometry":{"type":"LineString","coordinates":[[28.04443,-26.14634],[28.04448,-26.14643],[28.0445,-26.14646],[28.04451,-26.1465],[28.04458,-26.14679],[28.04459,-26.14685]]}},{"type":"Feature","properties":{"id":"relation/19959612","name":"Rietfontein 21 Out","network":"Tshwane Bus Services"},"geometry":{"type":"LineString","coordinates":[[28.18576,-25.74809],[28.18563,-25.74664]]}},{"type":"Feature","properties":{"id":"relation/19959612","name":"Rietfontein 21 Out","network":"Tshwane Bus Services"},"geometry":{"type":"LineString","coordinates":[[28.18563,-25.74664],[28.18555,-25.74567],[28.18551,-25.74516]]}},{"type":"Feature","properties":{"id":"relation/19959612","name":"Rietfontein 21 Out","network":"Tshwane Bus Services"},"geometry":{"type":"LineString","coordinates":[[28.18551,-25.74516],[28.18596,-25.74513],[28.1867,-25.74508],[28.1872,-25.74505],[28.18738,-25.74503],[28.18766,-25.74501],[28.18783,-25.745],[28.18791,-25.745],[28.18797,-25.74499]]}},{"type":"Feature","properties":{"id":"relation/19959612","name":"Rietfontein 21 Out","network":"Tshwane Bus Services"},"geometry":{"type":"LineString","coordinates":[[28.18797,-25.74499],[28.18803,-25.74499],[28.18811,-25.74498],[28.18857,-25.74495],[28.18874,-25.74494]]}},{"type":"Feature","properties":{"id":"relation/19959612","name":"Rietfontein 21 Out","network":"Tshwane Bus Services"},"geometry":{"type":"LineString","coordinates":[[28.18874,-25.74494],[28.18941,-25.7449]]}},{"type":"Feature","properties":{"id":"relation/19959612","name":"Rietfontein 21 Out","network":"Tshwane Bus Services"},"geometry":{"type":"LineString","coordinates":[[28.18941,-25.7449],[28.19042,-25.74483]]}},{"type":"Feature","properties":{"id":"relation/19959612","name":"Rietfontein 21 Out","network":"Tshwane Bus Services"},"geometry":{"type":"LineString","coordinates":[[28.19042,-25.74483],[28.19134,-25.74476],[28.19159,-25.74474],[28.19181,-25.74473]]}},{"type":"Feature","properties":{"id":"relation/19959612","name":"Rietfontein 21 Out","network":"Tshwane Bus Services"},"geometry":{"type":"LineString","coordinates":[[28.19181,-25.74473],[28.19204,-25.74471]]}},{"type":"Feature","properties":{"id":"relation/19959612","name":"Rietfontein 21 Out","network":"Tshwane Bus Services"},"geometry":{"type":"LineString","coordinates":[[28.19204,-25.74471],[28.19227,-25.74469],[28.19284,-25.74466],[28.19308,-25.74464],[28.19385,-25.74458],[28.19393,-25.74457],[28.19453,-25.74453]]}},{"type":"Feature","properties":{"id":"relation/19959612","name":"Rietfontein 21 Out","network":"Tshwane Bus Services"},"geometry":{"type":"LineString","coordinates":[[28.19453,-25.74453],[28.19528,-25.74448]]}},{"type":"Feature","properties":{"id":"relation/19959612","name":"Rietfontein 21 Out","network":"Tshwane Bus Services"},"geometry":{"type":"LineString","coordinates":[[28.19528,-25.74448],[28.19602,-25.74442],[28.19698,-25.74436],[28.19725,-25.74434],[28.19769,-25.74431]]}},{"type":"Feature","properties":{"id":"relation/19959612","name":"Rietfontein 21 Out","network":"Tshwane Bus Services"},"geometry":{"type":"LineString","coordinates":[[28.19769,-25.74431],[28.19785,-25.7443],[28.19825,-25.74427],[28.19833,-25.74426],[28.19911,-25.74421],[28.19968,-25.74417],[28.20014,-25.74414],[28.20025,-25.74413]]}},{"type":"Feature","properties":{"id":"relation/19959612","name":"Rietfontein 21 Out","network":"Tshwane Bus Services"},"geometry":{"type":"LineString","coordinates":[[28.20025,-25.74413],[28.20088,-25.74408]]}},{"type":"Feature","properties":{"id":"relation/19959612","name":"Rietfontein 21 Out","network":"Tshwane Bus Services"},"geometry":{"type":"LineString","coordinates":[[28.20088,-25.74408],[28.20109,-25.74407]]}},{"type":"Feature","properties":{"id":"relation/19959612","name":"Rietfontein 21 Out","network":"Tshwane Bus Services"},"geometry":{"type":"LineString","coordinates":[[28.20109,-25.74407],[28.20119,-25.74406],[28.20315,-25.74392],[28.20372,-25.74388]]}},{"type":"Feature","properties":{"id":"relation/19959612","name":"Rietfontein 21 Out","network":"Tshwane Bus Services"},"geometry":{"type":"LineString","coordinates":[[28.20372,-25.74388],[28.20362,-25.74278],[28.20361,-25.74263],[28.20359,-25.74241],[28.20348,-25.74092]]}},{"type":"Feature","properties":{"id":"relation/19959612","name":"Rietfontein 21 Out","network":"Tshwane Bus Services"},"geometry":{"type":"LineString","coordinates":[[28.20348,-25.74092],[28.20343,-25.74049],[28.20336,-25.73985],[28.20323,-25.73847],[28.20323,-25.73843],[28.20322,-25.73837],[28.20322,-25.73831],[28.20321,-25.73826],[28.20317,-25.73764],[28.20315,-25.73725],[28.20314,-25.73705]]}},{"type":"Feature","properties":{"id":"relation/19959612","name":"Rietfontein 21 Out","network":"Tshwane Bus Services"},"geometry":{"type":"LineString","coordinates":[[28.20314,-25.73705],[28.20312,-25.73679],[28.20307,-25.73624]]}},{"type":"Feature","properties":{"id":"relation/19959612","name":"Rietfontein 21 Out","network":"Tshwane Bus Services"},"geometry":{"type":"LineString","coordinates":[[28.20307,-25.73624],[28.20306,-25.73611]]}},{"type":"Feature","properties":{"id":"relation/19959612","name":"Rietfontein 21 Out","network":"Tshwane Bus Services"},"geometry":{"type":"LineString","coordinates":[[28.20306,-25.73611],[28.20305,-25.73599],[28.20306,-25.73585],[28.20309,-25.73572],[28.20325,-25.73534],[28.20336,-25.73506],[28.2034,-25.735],[28.20344,-25.73491],[28.20349,-25.73481],[28.2037,-25.73439],[28.20381,-25.7342],[28.20387,-25.73406],[28.20393,-25.73394]]}},{"type":"Feature","properties":{"id":"relation/19959612","name":"Rietfontein 21 Out","network":"Tshwane Bus Services"},"geometry":{"type":"LineString","coordinates":[[28.20393,-25.73394],[28.20423,-25.73326],[28.20428,-25.73317]]}},{"type":"Feature","properties":{"id":"relation/19959612","name":"Rietfontein 21 Out","network":"Tshwane Bus Services"},"geometry":{"type":"LineString","coordinates":[[28.20428,-25.73317],[28.20435,-25.73302],[28.20442,-25.73289],[28.20444,-25.73285],[28.20447,-25.73279],[28.20449,-25.73272],[28.20452,-25.73263],[28.20459,-25.73235],[28.20463,-25.73219],[28.20464,-25.73213],[28.20465,-25.73206],[28.20465,-25.73201],[28.20465,-25.73195],[28.20465,-25.7319],[28.20465,-25.73185],[28.20463,-25.73173]]}},{"type":"Feature","properties":{"id":"relation/19959612","name":"Rietfontein 21 Out","network":"Tshwane Bus Services"},"geometry":{"type":"LineString","coordinates":[[28.20463,-25.73173],[28.2044,-25.73047],[28.20438,-25.73035],[28.20436,-25.73027]]}},{"type":"Feature","properties":{"id":"relation/19959612","name":"Rietfontein 21 Out","network":"Tshwane Bus Services"},"geometry":{"type":"LineString","coordinates":[[28.20436,-25.73027],[28.20435,-25.7302],[28.20431,-25.72998],[28.2043,-25.72994],[28.2043,-25.72989],[28.2043,-25.72985],[28.20431,-25.72981],[28.20432,-25.72976],[28.20432,-25.72971],[28.20432,-25.72966],[28.20432,-25.7296],[28.20432,-25.72954],[28.20431,-25.72948],[28.2043,-25.72937]]}},{"type":"Feature","properties":{"id":"relation/19959612","name":"Rietfontein 21 Out","network":"Tshwane Bus Services"},"geometry":{"type":"LineString","coordinates":[[28.2043,-25.72937],[28.2043,-25.72935],[28.20423,-25.72896],[28.20421,-25.72886],[28.20417,-25.7286],[28.20413,-25.72838],[28.20407,-25.72801],[28.20401,-25.72762],[28.20391,-25.72704]]}},{"type":"Feature","properties":{"id":"relation/19959612","name":"Rietfontein 21 Out","network":"Tshwane Bus Services"},"geometry":{"type":"LineString","coordinates":[[28.20391,-25.72704],[28.20386,-25.72675],[28.2038,-25.72635]]}},{"type":"Feature","properties":{"id":"relation/19959612","name":"Rietfontein 21 Out","network":"Tshwane Bus Services"},"geometry":{"type":"LineString","coordinates":[[28.2038,-25.72635],[28.20376,-25.72611],[28.20358,-25.72501]]}},{"type":"Feature","properties":{"id":"relation/19959612","name":"Rietfontein 21 Out","network":"Tshwane Bus Services"},"geometry":{"type":"LineString","coordinates":[[28.20358,-25.72501],[28.20338,-25.72383]]}},{"type":"Feature","properties":{"id":"relation/19959612","name":"Rietfontein 21 Out","network":"Tshwane Bus Services"},"geometry":{"type":"LineString","coordinates":[[28.20338,-25.72383],[28.20332,-25.72345],[28.20331,-25.72335],[28.20327,-25.72313],[28.20321,-25.72283],[28.20301,-25.72151],[28.20288,-25.72071],[28.20278,-25.72013],[28.20272,-25.71979],[28.20262,-25.71918]]}},{"type":"Feature","properties":{"id":"relation/19959612","name":"Rietfontein 21 Out","network":"Tshwane Bus Services"},"geometry":{"type":"LineString","coordinates":[[28.20262,-25.71918],[28.20261,-25.71907],[28.20253,-25.71859]]}},{"type":"Feature","properties":{"id":"relation/19959612","name":"Rietfontein 21 Out","network":"Tshwane Bus Services"},"geometry":{"type":"LineString","coordinates":[[28.20253,-25.71859],[28.20261,-25.71858],[28.20347,-25.71847],[28.204,-25.7184],[28.20411,-25.71838]]}},{"type":"Feature","properties":{"id":"relation/19959612","name":"Rietfontein 21 Out","network":"Tshwane Bus Services"},"geometry":{"type":"LineString","coordinates":[[28.20411,-25.71838],[28.20421,-25.71837],[28.20561,-25.71817]]}},{"type":"Feature","properties":{"id":"relation/19959612","name":"Rietfontein 21 Out","network":"Tshwane Bus Services"},"geometry":{"type":"LineString","coordinates":[[28.20561,-25.71817],[28.20609,-25.71811]]}},{"type":"Feature","properties":{"id":"relation/19959612","name":"Rietfontein 21 Out","network":"Tshwane Bus Services"},"geometry":{"type":"LineString","coordinates":[[28.20609,-25.71811],[28.20715,-25.71798]]}},{"type":"Feature","properties":{"id":"relation/19959612","name":"Rietfontein 21 Out","network":"Tshwane Bus Services"},"geometry":{"type":"LineString","coordinates":[[28.20715,-25.71798],[28.20742,-25.71794],[28.20785,-25.71788]]}},{"type":"Feature","properties":{"id":"relation/19959612","name":"Rietfontein 21 Out","network":"Tshwane Bus Services"},"geometry":{"type":"LineString","coordinates":[[28.20785,-25.71788],[28.20868,-25.71777]]}},{"type":"Feature","properties":{"id":"relation/19959612","name":"Rietfontein 21 Out","network":"Tshwane Bus Services"},"geometry":{"type":"LineString","coordinates":[[28.20868,-25.71777],[28.21014,-25.71756]]}},{"type":"Feature","properties":{"id":"relation/19959612","name":"Rietfontein 21 Out","network":"Tshwane Bus Services"},"geometry":{"type":"LineString","coordinates":[[28.21014,-25.71756],[28.21015,-25.71745],[28.2101,-25.71717],[28.21002,-25.71665],[28.20984,-25.71554],[28.20983,-25.71546]]}},{"type":"Feature","properties":{"id":"relation/19959612","name":"Rietfontein 21 Out","network":"Tshwane Bus Services"},"geometry":{"type":"LineString","coordinates":[[28.20983,-25.71546],[28.21138,-25.71526]]}},{"type":"Feature","properties":{"id":"relation/19959612","name":"Rietfontein 21 Out","network":"Tshwane Bus Services"},"geometry":{"type":"LineString","coordinates":[[28.21138,-25.71526],[28.21124,-25.71436],[28.21106,-25.7134],[28.21101,-25.71314],[28.21066,-25.71103],[28.21053,-25.71029],[28.21041,-25.70951],[28.21033,-25.70906],[28.21021,-25.7083],[28.21002,-25.70712],[28.20985,-25.70615],[28.20962,-25.7047],[28.2095,-25.70403],[28.20946,-25.70384],[28.20937,-25.70327],[28.2093,-25.70273],[28.20918,-25.70191]]}},{"type":"Feature","properties":{"id":"relation/19959612","name":"Rietfontein 21 Out","network":"Tshwane Bus Services"},"geometry":{"type":"LineString","coordinates":[[28.20918,-25.70191],[28.21,-25.70181],[28.21068,-25.70171],[28.21149,-25.70161],[28.21221,-25.70152],[28.21371,-25.70131],[28.21483,-25.70116],[28.21524,-25.70111],[28.21568,-25.70106],[28.21683,-25.7009]]}},{"type":"Feature","properties":{"id":"relation/19959612","name":"Rietfontein 21 Out","network":"Tshwane Bus Services"},"geometry":{"type":"LineString","coordinates":[[28.21683,-25.7009],[28.21692,-25.70085],[28.21698,-25.70081],[28.21702,-25.70077],[28.21706,-25.70074],[28.21714,-25.7007]]}},{"type":"Feature","properties":{"id":"relation/19959612","name":"Rietfontein 21 Out","network":"Tshwane Bus Services"},"geometry":{"type":"LineString","coordinates":[[28.21714,-25.7007],[28.21715,-25.70068],[28.21717,-25.70067],[28.21719,-25.70065],[28.21722,-25.70064],[28.21725,-25.70063],[28.21729,-25.70063],[28.21729,-25.70063]]}},{"type":"Feature","properties":{"id":"relation/19959612","name":"Rietfontein 21 Out","network":"Tshwane Bus Services"},"geometry":{"type":"LineString","coordinates":[[28.21729,-25.70063],[28.21733,-25.70058],[28.21737,-25.70056],[28.21744,-25.70053],[28.21751,-25.70051]]}},{"type":"Feature","properties":{"id":"relation/19959612","name":"Rietfontein 21 Out","network":"Tshwane Bus Services"},"geometry":{"type":"LineString","coordinates":[[28.21751,-25.70051],[28.21753,-25.70049],[28.21757,-25.70047],[28.21761,-25.70046],[28.21765,-25.70045],[28.21885,-25.70029],[28.22046,-25.70008],[28.22207,-25.69986],[28.22251,-25.6998],[28.22285,-25.69976],[28.22329,-25.6997],[28.22368,-25.69965],[28.22379,-25.69963],[28.2253,-25.69942],[28.22648,-25.69926],[28.22691,-25.6992]]}},{"type":"Feature","properties":{"id":"relation/19959612","name":"Rietfontein 21 Out","network":"Tshwane Bus Services"},"geometry":{"type":"LineString","coordinates":[[28.22691,-25.6992],[28.22745,-25.69912],[28.22852,-25.69898]]}},{"type":"Feature","properties":{"id":"relation/19959612","name":"Rietfontein 21 Out","network":"Tshwane Bus Services"},"geometry":{"type":"LineString","coordinates":[[28.22852,-25.69898],[28.23014,-25.69878],[28.23174,-25.69856],[28.23336,-25.69833],[28.23433,-25.6982],[28.23499,-25.69811],[28.23567,-25.69801],[28.23579,-25.698],[28.23587,-25.69798],[28.23605,-25.69792]]}},{"type":"Feature","properties":{"id":"relation/19959612","name":"Rietfontein 21 Out","network":"Tshwane Bus Services"},"geometry":{"type":"LineString","coordinates":[[28.23605,-25.69792],[28.23612,-25.6979],[28.23625,-25.69783],[28.2364,-25.69774]]}},{"type":"Feature","properties":{"id":"relation/19959612","name":"Rietfontein 21 Out","network":"Tshwane Bus Services"},"geometry":{"type":"LineString","coordinates":[[28.2364,-25.69774],[28.23655,-25.69765],[28.23664,-25.69761],[28.23671,-25.69759]]}},{"type":"Feature","properties":{"id":"relation/19959612","name":"Rietfontein 21 Out","network":"Tshwane Bus Services"},"geometry":{"type":"LineString","coordinates":[[28.23671,-25.69759],[28.23678,-25.69758],[28.23692,-25.69757],[28.23757,-25.69757],[28.23822,-25.69756],[28.23838,-25.69756],[28.23905,-25.69755]]}},{"type":"Feature","properties":{"id":"relation/19959612","name":"Rietfontein 21 Out","network":"Tshwane Bus Services"},"geometry":{"type":"LineString","coordinates":[[28.23905,-25.69755],[28.24052,-25.69754],[28.24167,-25.69752],[28.24277,-25.69751]]}},{"type":"Feature","properties":{"id":"relation/19959612","name":"Rietfontein 21 Out","network":"Tshwane Bus Services"},"geometry":{"type":"LineString","coordinates":[[28.24277,-25.69818],[28.24277,-25.69751]]}},{"type":"Feature","properties":{"id":"relation/19959612","name":"Rietfontein 21 Out","network":"Tshwane Bus Services"},"geometry":{"type":"LineString","coordinates":[[28.24277,-25.69818],[28.24287,-25.6982],[28.24397,-25.69833],[28.24589,-25.69854],[28.24686,-25.69865],[28.24835,-25.69882],[28.25009,-25.69901],[28.25615,-25.69969],[28.25698,-25.69977],[28.25777,-25.69987],[28.25844,-25.69994],[28.25854,-25.69994],[28.2592,-25.70002],[28.26224,-25.70036],[28.2683,-25.70103]]}},{"type":"Feature","properties":{"id":"relation/19959612","name":"Rietfontein 21 Out","network":"Tshwane Bus Services"},"geometry":{"type":"LineString","coordinates":[[28.2683,-25.70103],[28.2685,-25.69962],[28.26869,-25.69821]]}},{"type":"Feature","properties":{"id":"relation/19959612","name":"Rietfontein 21 Out","network":"Tshwane Bus Services"},"geometry":{"type":"LineString","coordinates":[[28.26869,-25.69821],[28.26895,-25.69823],[28.27003,-25.69834],[28.27103,-25.69843],[28.27112,-25.69844]]}},{"type":"Feature","properties":{"id":"relation/19959612","name":"Rietfontein 21 Out","network":"Tshwane Bus Services"},"geometry":{"type":"LineString","coordinates":[[28.2711,-25.69864],[28.27112,-25.69844]]}},{"type":"Feature","properties":{"id":"relation/19959612","name":"Rietfontein 21 Out","network":"Tshwane Bus Services"},"geometry":{"type":"LineString","coordinates":[[28.273,-25.69872],[28.27292,-25.69871],[28.27276,-25.69869],[28.27254,-25.69867],[28.27242,-25.69866],[28.27232,-25.69866],[28.27215,-25.69866],[28.27205,-25.69867],[28.27191,-25.69869],[28.27179,-25.6987],[28.27168,-25.6987],[28.2711,-25.69864]]}},{"type":"Feature","properties":{"id":"relation/19959612","name":"Rietfontein 21 Out","network":"Tshwane Bus Services"},"geometry":{"type":"LineString","coordinates":[[28.27279,-25.70068],[28.27279,-25.70063],[28.27279,-25.70058],[28.27279,-25.70049],[28.27282,-25.70033],[28.27289,-25.69962],[28.273,-25.69872]]}},{"type":"Feature","properties":{"id":"relation/19959612","name":"Rietfontein 21 Out","network":"Tshwane Bus Services"},"geometry":{"type":"LineString","coordinates":[[28.27288,-25.7009],[28.27284,-25.70082],[28.27281,-25.70073],[28.27279,-25.70068]]}},{"type":"Feature","properties":{"id":"relation/19959612","name":"Rietfontein 21 Out","network":"Tshwane Bus Services"},"geometry":{"type":"LineString","coordinates":[[28.27247,-25.70103],[28.27288,-25.7009]]}},{"type":"Feature","properties":{"id":"relation/19959612","name":"Rietfontein 21 Out","network":"Tshwane Bus Services"},"geometry":{"type":"LineString","coordinates":[[28.27247,-25.70103],[28.27249,-25.70064]]}},{"type":"Feature","properties":{"id":"relation/19959712","name":"Rietfontein 21 In","network":"Tshwane Bus Services"},"geometry":{"type":"LineString","coordinates":[[28.27247,-25.70103],[28.27249,-25.70064]]}},{"type":"Feature","properties":{"id":"relation/19959712","name":"Rietfontein 21 In","network":"Tshwane Bus Services"},"geometry":{"type":"LineString","coordinates":[[28.27249,-25.70064],[28.27266,-25.70066],[28.27279,-25.70068]]}},{"type":"Feature","properties":{"id":"relation/19959712","name":"Rietfontein 21 In","network":"Tshwane Bus Services"},"geometry":{"type":"LineString","coordinates":[[28.27279,-25.70068],[28.27279,-25.70063],[28.27279,-25.70058],[28.27279,-25.70049],[28.27282,-25.70033],[28.27289,-25.69962],[28.273,-25.69872]]}},{"type":"Feature","properties":{"id":"relation/19959712","name":"Rietfontein 21 In","network":"Tshwane Bus Services"},"geometry":{"type":"LineString","coordinates":[[28.273,-25.69872],[28.27292,-25.69871],[28.27276,-25.69869],[28.27254,-25.69867],[28.27242,-25.69866],[28.27232,-25.69866],[28.27215,-25.69866],[28.27205,-25.69867],[28.27191,-25.69869],[28.27179,-25.6987],[28.27168,-25.6987],[28.2711,-25.69864]]}},{"type":"Feature","properties":{"id":"relation/19959712","name":"Rietfontein 21 In","network":"Tshwane Bus Services"},"geometry":{"type":"LineString","coordinates":[[28.2711,-25.69864],[28.27112,-25.69844]]}},{"type":"Feature","properties":{"id":"relation/19959712","name":"Rietfontein 21 In","network":"Tshwane Bus Services"},"geometry":{"type":"LineString","coordinates":[[28.26869,-25.69821],[28.26895,-25.69823],[28.27003,-25.69834],[28.27103,-25.69843],[28.27112,-25.69844]]}},{"type":"Feature","properties":{"id":"relation/19959712","name":"Rietfontein 21 In","network":"Tshwane Bus Services"},"geometry":{"type":"LineString","coordinates":[[28.2683,-25.70103],[28.2685,-25.69962],[28.26869,-25.69821]]}},{"type":"Feature","properties":{"id":"relation/19959712","name":"Rietfontein 21 In","network":"Tshwane Bus Services"},"geometry":{"type":"LineString","coordinates":[[28.24277,-25.69818],[28.24287,-25.6982],[28.24397,-25.69833],[28.24589,-25.69854],[28.24686,-25.69865],[28.24835,-25.69882],[28.25009,-25.69901],[28.25615,-25.69969],[28.25698,-25.69977],[28.25777,-25.69987],[28.25844,-25.69994],[28.25854,-25.69994],[28.2592,-25.70002],[28.26224,-25.70036],[28.2683,-25.70103]]}},{"type":"Feature","properties":{"id":"relation/19959712","name":"Rietfontein 21 In","network":"Tshwane Bus Services"},"geometry":{"type":"LineString","coordinates":[[28.24277,-25.69818],[28.24277,-25.69751]]}},{"type":"Feature","properties":{"id":"relation/19959712","name":"Rietfontein 21 In","network":"Tshwane Bus Services"},"geometry":{"type":"LineString","coordinates":[[28.23905,-25.69755],[28.24052,-25.69754],[28.24167,-25.69752],[28.24277,-25.69751]]}},{"type":"Feature","properties":{"id":"relation/19959712","name":"Rietfontein 21 In","network":"Tshwane Bus Services"},"geometry":{"type":"LineString","coordinates":[[28.23671,-25.69759],[28.23678,-25.69758],[28.23692,-25.69757],[28.23757,-25.69757],[28.23822,-25.69756],[28.23838,-25.69756],[28.23905,-25.69755]]}},{"type":"Feature","properties":{"id":"relation/19959712","name":"Rietfontein 21 In","network":"Tshwane Bus Services"},"geometry":{"type":"LineString","coordinates":[[28.2364,-25.69774],[28.23655,-25.69765],[28.23664,-25.69761],[28.23671,-25.69759]]}},{"type":"Feature","properties":{"id":"relation/19959712","name":"Rietfontein 21 In","network":"Tshwane Bus Services"},"geometry":{"type":"LineString","coordinates":[[28.23605,-25.69792],[28.23612,-25.6979],[28.23625,-25.69783],[28.2364,-25.69774]]}},{"type":"Feature","properties":{"id":"relation/19959712","name":"Rietfontein 21 In","network":"Tshwane Bus Services"},"geometry":{"type":"LineString","coordinates":[[28.22852,-25.69898],[28.23014,-25.69878],[28.23174,-25.69856],[28.23336,-25.69833],[28.23433,-25.6982],[28.23499,-25.69811],[28.23567,-25.69801],[28.23579,-25.698],[28.23587,-25.69798],[28.23605,-25.69792]]}},{"type":"Feature","properties":{"id":"relation/19959712","name":"Rietfontein 21 In","network":"Tshwane Bus Services"},"geometry":{"type":"LineString","coordinates":[[28.22691,-25.6992],[28.22745,-25.69912],[28.22852,-25.69898]]}},{"type":"Feature","properties":{"id":"relation/19959712","name":"Rietfontein 21 In","network":"Tshwane Bus Services"},"geometry":{"type":"LineString","coordinates":[[28.21751,-25.70051],[28.21753,-25.70049],[28.21757,-25.70047],[28.21761,-25.70046],[28.21765,-25.70045],[28.21885,-25.70029],[28.22046,-25.70008],[28.22207,-25.69986],[28.22251,-25.6998],[28.22285,-25.69976],[28.22329,-25.6997],[28.22368,-25.69965],[28.22379,-25.69963],[28.2253,-25.69942],[28.22648,-25.69926],[28.22691,-25.6992]]}},{"type":"Feature","properties":{"id":"relation/19959712","name":"Rietfontein 21 In","network":"Tshwane Bus Services"},"geometry":{"type":"LineString","coordinates":[[28.21751,-25.70051],[28.21749,-25.70055],[28.21747,-25.7006],[28.21745,-25.70064],[28.21741,-25.70073]]}},{"type":"Feature","properties":{"id":"relation/19959712","name":"Rietfontein 21 In","network":"Tshwane Bus Services"},"geometry":{"type":"LineString","coordinates":[[28.21741,-25.70073],[28.21742,-25.70076],[28.21742,-25.70078],[28.21741,-25.70081],[28.2174,-25.70083],[28.21738,-25.70085],[28.21736,-25.70087],[28.21732,-25.70089],[28.21729,-25.7009],[28.21725,-25.7009],[28.21721,-25.70089],[28.2172,-25.70088]]}},{"type":"Feature","properties":{"id":"relation/19959712","name":"Rietfontein 21 In","network":"Tshwane Bus Services"},"geometry":{"type":"LineString","coordinates":[[28.2172,-25.70088],[28.21714,-25.70089],[28.21708,-25.70089],[28.21699,-25.70089],[28.21694,-25.7009],[28.21688,-25.7009],[28.21683,-25.7009]]}},{"type":"Feature","properties":{"id":"relation/19959712","name":"Rietfontein 21 In","network":"Tshwane Bus Services"},"geometry":{"type":"LineString","coordinates":[[28.20918,-25.70191],[28.21,-25.70181],[28.21068,-25.70171],[28.21149,-25.70161],[28.21221,-25.70152],[28.21371,-25.70131],[28.21483,-25.70116],[28.21524,-25.70111],[28.21568,-25.70106],[28.21683,-25.7009]]}},{"type":"Feature","properties":{"id":"relation/19959712","name":"Rietfontein 21 In","network":"Tshwane Bus Services"},"geometry":{"type":"LineString","coordinates":[[28.21138,-25.71526],[28.21124,-25.71436],[28.21106,-25.7134],[28.21101,-25.71314],[28.21066,-25.71103],[28.21053,-25.71029],[28.21041,-25.70951],[28.21033,-25.70906],[28.21021,-25.7083],[28.21002,-25.70712],[28.20985,-25.70615],[28.20962,-25.7047],[28.2095,-25.70403],[28.20946,-25.70384],[28.20937,-25.70327],[28.2093,-25.70273],[28.20918,-25.70191]]}},{"type":"Feature","properties":{"id":"relation/19959712","name":"Rietfontein 21 In","network":"Tshwane Bus Services"},"geometry":{"type":"LineString","coordinates":[[28.20983,-25.71546],[28.21138,-25.71526]]}},{"type":"Feature","properties":{"id":"relation/19959712","name":"Rietfontein 21 In","network":"Tshwane Bus Services"},"geometry":{"type":"LineString","coordinates":[[28.21014,-25.71756],[28.21015,-25.71745],[28.2101,-25.71717],[28.21002,-25.71665],[28.20984,-25.71554],[28.20983,-25.71546]]}},{"type":"Feature","properties":{"id":"relation/19959712","name":"Rietfontein 21 In","network":"Tshwane Bus Services"},"geometry":{"type":"LineString","coordinates":[[28.21016,-25.71975],[28.21001,-25.7188],[28.20999,-25.71862],[28.20998,-25.71848],[28.20997,-25.71841],[28.20997,-25.71836],[28.20999,-25.71826],[28.21009,-25.71781],[28.21014,-25.71756]]}},{"type":"Feature","properties":{"id":"relation/19959712","name":"Rietfontein 21 In","network":"Tshwane Bus Services"},"geometry":{"type":"LineString","coordinates":[[28.21016,-25.71975],[28.20953,-25.71982],[28.20924,-25.71986],[28.20902,-25.71988]]}},{"type":"Feature","properties":{"id":"relation/19959712","name":"Rietfontein 21 In","network":"Tshwane Bus Services"},"geometry":{"type":"LineString","coordinates":[[28.20902,-25.71988],[28.20858,-25.71994],[28.20821,-25.71999],[28.20819,-25.71999],[28.20727,-25.72012],[28.20681,-25.72019],[28.20598,-25.7203],[28.20512,-25.72041],[28.20461,-25.72048],[28.20447,-25.7205]]}},{"type":"Feature","properties":{"id":"relation/19959712","name":"Rietfontein 21 In","network":"Tshwane Bus Services"},"geometry":{"type":"LineString","coordinates":[[28.20447,-25.7205],[28.20448,-25.72056],[28.20468,-25.72191]]}},{"type":"Feature","properties":{"id":"relation/19959712","name":"Rietfontein 21 In","network":"Tshwane Bus Services"},"geometry":{"type":"LineString","coordinates":[[28.20468,-25.72191],[28.20473,-25.7222]]}},{"type":"Feature","properties":{"id":"relation/19959712","name":"Rietfontein 21 In","network":"Tshwane Bus Services"},"geometry":{"type":"LineString","coordinates":[[28.20473,-25.7222],[28.20475,-25.72235],[28.20488,-25.72325],[28.20501,-25.72419]]}},{"type":"Feature","properties":{"id":"relation/19959712","name":"Rietfontein 21 In","network":"Tshwane Bus Services"},"geometry":{"type":"LineString","coordinates":[[28.20501,-25.72419],[28.20508,-25.72466],[28.2051,-25.72474]]}},{"type":"Feature","properties":{"id":"relation/19959712","name":"Rietfontein 21 In","network":"Tshwane Bus Services"},"geometry":{"type":"LineString","coordinates":[[28.2051,-25.72474],[28.20513,-25.72492],[28.20522,-25.7255],[28.20536,-25.72637]]}},{"type":"Feature","properties":{"id":"relation/19959712","name":"Rietfontein 21 In","network":"Tshwane Bus Services"},"geometry":{"type":"LineString","coordinates":[[28.20536,-25.72637],[28.20543,-25.72676],[28.20544,-25.72685]]}},{"type":"Feature","properties":{"id":"relation/19959712","name":"Rietfontein 21 In","network":"Tshwane Bus Services"},"geometry":{"type":"LineString","coordinates":[[28.20544,-25.72685],[28.20546,-25.72693],[28.20555,-25.72754],[28.20557,-25.72766],[28.20557,-25.7277],[28.20558,-25.72779],[28.20558,-25.7279],[28.20557,-25.72804],[28.20556,-25.72812],[28.20554,-25.72823],[28.20551,-25.72833],[28.20547,-25.72844],[28.20543,-25.72851],[28.2054,-25.72857],[28.20535,-25.72864],[28.20529,-25.72872],[28.20523,-25.72879],[28.20474,-25.72934],[28.20473,-25.72936],[28.20469,-25.7294],[28.20467,-25.72945],[28.20464,-25.72951],[28.20461,-25.72958],[28.20458,-25.72966],[28.20455,-25.72973],[28.20454,-25.72978],[28.20452,-25.72985],[28.2045,-25.7299],[28.20449,-25.72996]]}},{"type":"Feature","properties":{"id":"relation/19959712","name":"Rietfontein 21 In","network":"Tshwane Bus Services"},"geometry":{"type":"LineString","coordinates":[[28.20449,-25.72996],[28.20449,-25.73],[28.20449,-25.73005],[28.20449,-25.73008],[28.2045,-25.73012],[28.20451,-25.7302],[28.20452,-25.73027]]}},{"type":"Feature","properties":{"id":"relation/19959712","name":"Rietfontein 21 In","network":"Tshwane Bus Services"},"geometry":{"type":"LineString","coordinates":[[28.20452,-25.73027],[28.20453,-25.73034]]}},{"type":"Feature","properties":{"id":"relation/19959712","name":"Rietfontein 21 In","network":"Tshwane Bus Services"},"geometry":{"type":"LineString","coordinates":[[28.20453,-25.73034],[28.20456,-25.73046],[28.20469,-25.73118],[28.2048,-25.73172]]}},{"type":"Feature","properties":{"id":"relation/19959712","name":"Rietfontein 21 In","network":"Tshwane Bus Services"},"geometry":{"type":"LineString","coordinates":[[28.2048,-25.73172],[28.20481,-25.73183],[28.20482,-25.73187],[28.20482,-25.73192],[28.20482,-25.73198],[28.20482,-25.73203],[28.20481,-25.73208],[28.20481,-25.73214],[28.20479,-25.73222],[28.20476,-25.73235],[28.20468,-25.73268],[28.20466,-25.73276]]}},{"type":"Feature","properties":{"id":"relation/19959712","name":"Rietfontein 21 In","network":"Tshwane Bus Services"},"geometry":{"type":"LineString","coordinates":[[28.20466,-25.73276],[28.20463,-25.73284],[28.2046,-25.73291],[28.20456,-25.73299],[28.20453,-25.73305],[28.20447,-25.73318]]}},{"type":"Feature","properties":{"id":"relation/19959712","name":"Rietfontein 21 In","network":"Tshwane Bus Services"},"geometry":{"type":"LineString","coordinates":[[28.20447,-25.73318],[28.20442,-25.73328],[28.20433,-25.73346],[28.20429,-25.73357],[28.20426,-25.73365],[28.20423,-25.73372],[28.20421,-25.73379],[28.20419,-25.73386],[28.20418,-25.73391],[28.20417,-25.73397],[28.20416,-25.73403],[28.20416,-25.73407],[28.20416,-25.73413],[28.20417,-25.7342],[28.20418,-25.73425],[28.20419,-25.7343],[28.20419,-25.73434],[28.20421,-25.73438],[28.20422,-25.73441],[28.20424,-25.73446],[28.20424,-25.7345],[28.20427,-25.73456],[28.20429,-25.7346],[28.20432,-25.73465],[28.20435,-25.73469],[28.20437,-25.73473],[28.20448,-25.73487],[28.2047,-25.73514],[28.20478,-25.73522],[28.20486,-25.73533]]}},{"type":"Feature","properties":{"id":"relation/19959712","name":"Rietfontein 21 In","network":"Tshwane Bus Services"},"geometry":{"type":"LineString","coordinates":[[28.20486,-25.73533],[28.20488,-25.73537],[28.20495,-25.73545],[28.20498,-25.7355],[28.20501,-25.73555],[28.20503,-25.73559],[28.20506,-25.73564],[28.20508,-25.73568],[28.2051,-25.73573],[28.20511,-25.73576],[28.20512,-25.73578],[28.20514,-25.73583],[28.20514,-25.73585],[28.20514,-25.73587],[28.20515,-25.73592],[28.20519,-25.73639],[28.20531,-25.73778],[28.20537,-25.7385],[28.20545,-25.73943],[28.20556,-25.74081],[28.20564,-25.74178],[28.20568,-25.74225],[28.20572,-25.74274],[28.20574,-25.743],[28.20575,-25.74303],[28.20581,-25.74374],[28.20587,-25.74455],[28.2059,-25.74482],[28.20593,-25.74521]]}},{"type":"Feature","properties":{"id":"relation/19959712","name":"Rietfontein 21 In","network":"Tshwane Bus Services"},"geometry":{"type":"LineString","coordinates":[[28.20593,-25.74521],[28.20598,-25.74588],[28.206,-25.74603],[28.20602,-25.74627]]}},{"type":"Feature","properties":{"id":"relation/19959712","name":"Rietfontein 21 In","network":"Tshwane Bus Services"},"geometry":{"type":"LineString","coordinates":[[28.20602,-25.74627],[28.20604,-25.74658],[28.20605,-25.74668]]}},{"type":"Feature","properties":{"id":"relation/19959712","name":"Rietfontein 21 In","network":"Tshwane Bus Services"},"geometry":{"type":"LineString","coordinates":[[28.20605,-25.74668],[28.20591,-25.74669],[28.20508,-25.74675],[28.20504,-25.74675],[28.20464,-25.74678],[28.20441,-25.74679]]}},{"type":"Feature","properties":{"id":"relation/19959712","name":"Rietfontein 21 In","network":"Tshwane Bus Services"},"geometry":{"type":"LineString","coordinates":[[28.20441,-25.74679],[28.20411,-25.74682],[28.20395,-25.74683]]}},{"type":"Feature","properties":{"id":"relation/19959712","name":"Rietfontein 21 In","network":"Tshwane Bus Services"},"geometry":{"type":"LineString","coordinates":[[28.20395,-25.74683],[28.20383,-25.74684],[28.2031,-25.74689],[28.2028,-25.74692],[28.20243,-25.74695],[28.20228,-25.74692],[28.20216,-25.74687],[28.20184,-25.74669],[28.20174,-25.74667],[28.20165,-25.74666],[28.20151,-25.74667],[28.20141,-25.74669],[28.2013,-25.74673],[28.20113,-25.74681],[28.20085,-25.74697],[28.20077,-25.747]]}},{"type":"Feature","properties":{"id":"relation/19959712","name":"Rietfontein 21 In","network":"Tshwane Bus Services"},"geometry":{"type":"LineString","coordinates":[[28.20077,-25.747],[28.20074,-25.74702],[28.20064,-25.74705],[28.20052,-25.74708]]}},{"type":"Feature","properties":{"id":"relation/19959712","name":"Rietfontein 21 In","network":"Tshwane Bus Services"},"geometry":{"type":"LineString","coordinates":[[28.20052,-25.74708],[28.20044,-25.74709],[28.20034,-25.74709]]}},{"type":"Feature","properties":{"id":"relation/19959712","name":"Rietfontein 21 In","network":"Tshwane Bus Services"},"geometry":{"type":"LineString","coordinates":[[28.20034,-25.74709],[28.20022,-25.7471]]}},{"type":"Feature","properties":{"id":"relation/19959712","name":"Rietfontein 21 In","network":"Tshwane Bus Services"},"geometry":{"type":"LineString","coordinates":[[28.20022,-25.7471],[28.20009,-25.74711],[28.1999,-25.74712],[28.19956,-25.74715],[28.19793,-25.74726]]}},{"type":"Feature","properties":{"id":"relation/19959712","name":"Rietfontein 21 In","network":"Tshwane Bus Services"},"geometry":{"type":"LineString","coordinates":[[28.19793,-25.74726],[28.19745,-25.74729],[28.19553,-25.74742]]}},{"type":"Feature","properties":{"id":"relation/19959712","name":"Rietfontein 21 In","network":"Tshwane Bus Services"},"geometry":{"type":"LineString","coordinates":[[28.19553,-25.74742],[28.19421,-25.74752],[28.19403,-25.74753],[28.1939,-25.74754],[28.19308,-25.7476],[28.19227,-25.74766],[28.1919,-25.74768],[28.19168,-25.7477],[28.19151,-25.74771],[28.19133,-25.74772],[28.1911,-25.74774]]}},{"type":"Feature","properties":{"id":"relation/19959712","name":"Rietfontein 21 In","network":"Tshwane Bus Services"},"geometry":{"type":"LineString","coordinates":[[28.1911,-25.74774],[28.19065,-25.74777]]}},{"type":"Feature","properties":{"id":"relation/19959712","name":"Rietfontein 21 In","network":"Tshwane Bus Services"},"geometry":{"type":"LineString","coordinates":[[28.19065,-25.74777],[28.18996,-25.74782],[28.18964,-25.74784],[28.18948,-25.74785],[28.189,-25.74788]]}},{"type":"Feature","properties":{"id":"relation/19962709","name":"Wonderboom South 20 Out","network":"Tshwane Bus Services"},"geometry":{"type":"LineString","coordinates":[[28.18576,-25.74809],[28.18563,-25.74664]]}},{"type":"Feature","properties":{"id":"relation/19962709","name":"Wonderboom South 20 Out","network":"Tshwane Bus Services"},"geometry":{"type":"LineString","coordinates":[[28.18563,-25.74664],[28.18555,-25.74567],[28.18551,-25.74516]]}},{"type":"Feature","properties":{"id":"relation/19962709","name":"Wonderboom South 20 Out","network":"Tshwane Bus Services"},"geometry":{"type":"LineString","coordinates":[[28.18551,-25.74516],[28.18596,-25.74513],[28.1867,-25.74508],[28.1872,-25.74505],[28.18738,-25.74503],[28.18766,-25.74501],[28.18783,-25.745],[28.18791,-25.745],[28.18797,-25.74499]]}},{"type":"Feature","properties":{"id":"relation/19962709","name":"Wonderboom South 20 Out","network":"Tshwane Bus Services"},"geometry":{"type":"LineString","coordinates":[[28.18797,-25.74499],[28.18803,-25.74499],[28.18811,-25.74498],[28.18857,-25.74495],[28.18874,-25.74494]]}},{"type":"Feature","properties":{"id":"relation/19962709","name":"Wonderboom South 20 Out","network":"Tshwane Bus Services"},"geometry":{"type":"LineString","coordinates":[[28.18874,-25.74494],[28.18941,-25.7449]]}},{"type":"Feature","properties":{"id":"relation/19962709","name":"Wonderboom South 20 Out","network":"Tshwane Bus Services"},"geometry":{"type":"LineString","coordinates":[[28.18941,-25.7449],[28.19042,-25.74483]]}},{"type":"Feature","properties":{"id":"relation/19962709","name":"Wonderboom South 20 Out","network":"Tshwane Bus Services"},"geometry":{"type":"LineString","coordinates":[[28.19042,-25.74483],[28.19134,-25.74476],[28.19159,-25.74474],[28.19181,-25.74473]]}},{"type":"Feature","properties":{"id":"relation/19962709","name":"Wonderboom South 20 Out","network":"Tshwane Bus Services"},"geometry":{"type":"LineString","coordinates":[[28.19181,-25.74473],[28.19204,-25.74471]]}},{"type":"Feature","properties":{"id":"relation/19962709","name":"Wonderboom South 20 Out","network":"Tshwane Bus Services"},"geometry":{"type":"LineString","coordinates":[[28.19204,-25.74471],[28.19227,-25.74469],[28.19284,-25.74466],[28.19308,-25.74464],[28.19385,-25.74458],[28.19393,-25.74457],[28.19453,-25.74453]]}},{"type":"Feature","properties":{"id":"relation/19962709","name":"Wonderboom South 20 Out","network":"Tshwane Bus Services"},"geometry":{"type":"LineString","coordinates":[[28.19453,-25.74453],[28.19528,-25.74448]]}},{"type":"Feature","properties":{"id":"relation/19962709","name":"Wonderboom South 20 Out","network":"Tshwane Bus Services"},"geometry":{"type":"LineString","coordinates":[[28.19528,-25.74448],[28.19602,-25.74442],[28.19698,-25.74436],[28.19725,-25.74434],[28.19769,-25.74431]]}},{"type":"Feature","properties":{"id":"relation/19962709","name":"Wonderboom South 20 Out","network":"Tshwane Bus Services"},"geometry":{"type":"LineString","coordinates":[[28.19769,-25.74431],[28.19785,-25.7443],[28.19825,-25.74427],[28.19833,-25.74426],[28.19911,-25.74421],[28.19968,-25.74417],[28.20014,-25.74414],[28.20025,-25.74413]]}},{"type":"Feature","properties":{"id":"relation/19962709","name":"Wonderboom South 20 Out","network":"Tshwane Bus Services"},"geometry":{"type":"LineString","coordinates":[[28.20025,-25.74413],[28.20088,-25.74408]]}},{"type":"Feature","properties":{"id":"relation/19962709","name":"Wonderboom South 20 Out","network":"Tshwane Bus Services"},"geometry":{"type":"LineString","coordinates":[[28.20088,-25.74408],[28.20109,-25.74407]]}},{"type":"Feature","properties":{"id":"relation/19962709","name":"Wonderboom South 20 Out","network":"Tshwane Bus Services"},"geometry":{"type":"LineString","coordinates":[[28.20109,-25.74407],[28.20119,-25.74406],[28.20315,-25.74392],[28.20372,-25.74388]]}},{"type":"Feature","properties":{"id":"relation/19962709","name":"Wonderboom South 20 Out","network":"Tshwane Bus Services"},"geometry":{"type":"LineString","coordinates":[[28.20372,-25.74388],[28.20362,-25.74278],[28.20361,-25.74263],[28.20359,-25.74241],[28.20348,-25.74092]]}},{"type":"Feature","properties":{"id":"relation/19962709","name":"Wonderboom South 20 Out","network":"Tshwane Bus Services"},"geometry":{"type":"LineString","coordinates":[[28.20348,-25.74092],[28.20343,-25.74049],[28.20336,-25.73985],[28.20323,-25.73847],[28.20323,-25.73843],[28.20322,-25.73837],[28.20322,-25.73831],[28.20321,-25.73826],[28.20317,-25.73764],[28.20315,-25.73725],[28.20314,-25.73705]]}},{"type":"Feature","properties":{"id":"relation/19962709","name":"Wonderboom South 20 Out","network":"Tshwane Bus Services"},"geometry":{"type":"LineString","coordinates":[[28.20314,-25.73705],[28.20312,-25.73679],[28.20307,-25.73624]]}},{"type":"Feature","properties":{"id":"relation/19962709","name":"Wonderboom South 20 Out","network":"Tshwane Bus Services"},"geometry":{"type":"LineString","coordinates":[[28.20307,-25.73624],[28.20306,-25.73611]]}},{"type":"Feature","properties":{"id":"relation/19962709","name":"Wonderboom South 20 Out","network":"Tshwane Bus Services"},"geometry":{"type":"LineString","coordinates":[[28.20306,-25.73611],[28.20305,-25.73599],[28.20306,-25.73585],[28.20309,-25.73572],[28.20325,-25.73534],[28.20336,-25.73506],[28.2034,-25.735],[28.20344,-25.73491],[28.20349,-25.73481],[28.2037,-25.73439],[28.20381,-25.7342],[28.20387,-25.73406],[28.20393,-25.73394]]}},{"type":"Feature","properties":{"id":"relation/19962709","name":"Wonderboom South 20 Out","network":"Tshwane Bus Services"},"geometry":{"type":"LineString","coordinates":[[28.20393,-25.73394],[28.20423,-25.73326],[28.20428,-25.73317]]}},{"type":"Feature","properties":{"id":"relation/19962709","name":"Wonderboom South 20 Out","network":"Tshwane Bus Services"},"geometry":{"type":"LineString","coordinates":[[28.20428,-25.73317],[28.20435,-25.73302],[28.20442,-25.73289],[28.20444,-25.73285],[28.20447,-25.73279],[28.20449,-25.73272],[28.20452,-25.73263],[28.20459,-25.73235],[28.20463,-25.73219],[28.20464,-25.73213],[28.20465,-25.73206],[28.20465,-25.73201],[28.20465,-25.73195],[28.20465,-25.7319],[28.20465,-25.73185],[28.20463,-25.73173]]}},{"type":"Feature","properties":{"id":"relation/19962709","name":"Wonderboom South 20 Out","network":"Tshwane Bus Services"},"geometry":{"type":"LineString","coordinates":[[28.20463,-25.73173],[28.2044,-25.73047],[28.20438,-25.73035],[28.20436,-25.73027]]}},{"type":"Feature","properties":{"id":"relation/19962709","name":"Wonderboom South 20 Out","network":"Tshwane Bus Services"},"geometry":{"type":"LineString","coordinates":[[28.20436,-25.73027],[28.20435,-25.7302],[28.20431,-25.72998],[28.2043,-25.72994],[28.2043,-25.72989],[28.2043,-25.72985],[28.20431,-25.72981],[28.20432,-25.72976],[28.20432,-25.72971],[28.20432,-25.72966],[28.20432,-25.7296],[28.20432,-25.72954],[28.20431,-25.72948],[28.2043,-25.72937]]}},{"type":"Feature","properties":{"id":"relation/19962709","name":"Wonderboom South 20 Out","network":"Tshwane Bus Services"},"geometry":{"type":"LineString","coordinates":[[28.2043,-25.72937],[28.2043,-25.72935],[28.20423,-25.72896],[28.20421,-25.72886],[28.20417,-25.7286],[28.20413,-25.72838],[28.20407,-25.72801],[28.20401,-25.72762],[28.20391,-25.72704]]}},{"type":"Feature","properties":{"id":"relation/19962709","name":"Wonderboom South 20 Out","network":"Tshwane Bus Services"},"geometry":{"type":"LineString","coordinates":[[28.20391,-25.72704],[28.20386,-25.72675],[28.2038,-25.72635]]}},{"type":"Feature","properties":{"id":"relation/19962709","name":"Wonderboom South 20 Out","network":"Tshwane Bus Services"},"geometry":{"type":"LineString","coordinates":[[28.2038,-25.72635],[28.20376,-25.72611],[28.20358,-25.72501]]}},{"type":"Feature","properties":{"id":"relation/19962709","name":"Wonderboom South 20 Out","network":"Tshwane Bus Services"},"geometry":{"type":"LineString","coordinates":[[28.20358,-25.72501],[28.20338,-25.72383]]}},{"type":"Feature","properties":{"id":"relation/19962709","name":"Wonderboom South 20 Out","network":"Tshwane Bus Services"},"geometry":{"type":"LineString","coordinates":[[28.20338,-25.72383],[28.20332,-25.72345],[28.20331,-25.72335],[28.20327,-25.72313],[28.20321,-25.72283],[28.20301,-25.72151],[28.20288,-25.72071],[28.20278,-25.72013],[28.20272,-25.71979],[28.20262,-25.71918]]}},{"type":"Feature","properties":{"id":"relation/19962709","name":"Wonderboom South 20 Out","network":"Tshwane Bus Services"},"geometry":{"type":"LineString","coordinates":[[28.20262,-25.71918],[28.20261,-25.71907],[28.20253,-25.71859]]}},{"type":"Feature","properties":{"id":"relation/19962709","name":"Wonderboom South 20 Out","network":"Tshwane Bus Services"},"geometry":{"type":"LineString","coordinates":[[28.20253,-25.71859],[28.20245,-25.71809],[28.20241,-25.71785],[28.2024,-25.71778],[28.20218,-25.71649],[28.20185,-25.71438],[28.20172,-25.7136],[28.20163,-25.71299],[28.2014,-25.7117],[28.20137,-25.71145],[28.20105,-25.7095],[28.20098,-25.70911]]}},{"type":"Feature","properties":{"id":"relation/19962709","name":"Wonderboom South 20 Out","network":"Tshwane Bus Services"},"geometry":{"type":"LineString","coordinates":[[28.20098,-25.70911],[28.20082,-25.70813],[28.20075,-25.70769],[28.20069,-25.70738]]}},{"type":"Feature","properties":{"id":"relation/19962709","name":"Wonderboom South 20 Out","network":"Tshwane Bus Services"},"geometry":{"type":"LineString","coordinates":[[28.20069,-25.70738],[28.20063,-25.70699]]}},{"type":"Feature","properties":{"id":"relation/19962709","name":"Wonderboom South 20 Out","network":"Tshwane Bus Services"},"geometry":{"type":"LineString","coordinates":[[28.20063,-25.70699],[28.2006,-25.70681],[28.20048,-25.70608]]}},{"type":"Feature","properties":{"id":"relation/19962709","name":"Wonderboom South 20 Out","network":"Tshwane Bus Services"},"geometry":{"type":"LineString","coordinates":[[28.20048,-25.70608],[28.20042,-25.70569]]}},{"type":"Feature","properties":{"id":"relation/19962709","name":"Wonderboom South 20 Out","network":"Tshwane Bus Services"},"geometry":{"type":"LineString","coordinates":[[28.20042,-25.70569],[28.2004,-25.70556]]}},{"type":"Feature","properties":{"id":"relation/19962709","name":"Wonderboom South 20 Out","network":"Tshwane Bus Services"},"geometry":{"type":"LineString","coordinates":[[28.2004,-25.70556],[28.20035,-25.70527]]}},{"type":"Feature","properties":{"id":"relation/19962709","name":"Wonderboom South 20 Out","network":"Tshwane Bus Services"},"geometry":{"type":"LineString","coordinates":[[28.20035,-25.70527],[28.20032,-25.70513],[28.20028,-25.70493]]}},{"type":"Feature","properties":{"id":"relation/19962709","name":"Wonderboom South 20 Out","network":"Tshwane Bus Services"},"geometry":{"type":"LineString","coordinates":[[28.20028,-25.70493],[28.2002,-25.70441],[28.20015,-25.70405],[28.20005,-25.70345]]}},{"type":"Feature","properties":{"id":"relation/19962709","name":"Wonderboom South 20 Out","network":"Tshwane Bus Services"},"geometry":{"type":"LineString","coordinates":[[28.20005,-25.70345],[28.2,-25.70314]]}},{"type":"Feature","properties":{"id":"relation/19962709","name":"Wonderboom South 20 Out","network":"Tshwane Bus Services"},"geometry":{"type":"LineString","coordinates":[[28.2,-25.70314],[28.19994,-25.70279]]}},{"type":"Feature","properties":{"id":"relation/19962709","name":"Wonderboom South 20 Out","network":"Tshwane Bus Services"},"geometry":{"type":"LineString","coordinates":[[28.19994,-25.70279],[28.19978,-25.70185]]}},{"type":"Feature","properties":{"id":"relation/19962709","name":"Wonderboom South 20 Out","network":"Tshwane Bus Services"},"geometry":{"type":"LineString","coordinates":[[28.19978,-25.70185],[28.19976,-25.70167],[28.19973,-25.70147]]}},{"type":"Feature","properties":{"id":"relation/19962709","name":"Wonderboom South 20 Out","network":"Tshwane Bus Services"},"geometry":{"type":"LineString","coordinates":[[28.19973,-25.70147],[28.19966,-25.70114],[28.19965,-25.70104]]}},{"type":"Feature","properties":{"id":"relation/19962709","name":"Wonderboom South 20 Out","network":"Tshwane Bus Services"},"geometry":{"type":"LineString","coordinates":[[28.19965,-25.70104],[28.19963,-25.70094],[28.19958,-25.7006]]}},{"type":"Feature","properties":{"id":"relation/19962709","name":"Wonderboom South 20 Out","network":"Tshwane Bus Services"},"geometry":{"type":"LineString","coordinates":[[28.19958,-25.7006],[28.19946,-25.69982]]}},{"type":"Feature","properties":{"id":"relation/19962709","name":"Wonderboom South 20 Out","network":"Tshwane Bus Services"},"geometry":{"type":"LineString","coordinates":[[28.19946,-25.69982],[28.19941,-25.69953]]}},{"type":"Feature","properties":{"id":"relation/19962709","name":"Wonderboom South 20 Out","network":"Tshwane Bus Services"},"geometry":{"type":"LineString","coordinates":[[28.19941,-25.69953],[28.19937,-25.69924]]}},{"type":"Feature","properties":{"id":"relation/19962709","name":"Wonderboom South 20 Out","network":"Tshwane Bus Services"},"geometry":{"type":"LineString","coordinates":[[28.19937,-25.69924],[28.19932,-25.69902],[28.1993,-25.69892]]}},{"type":"Feature","properties":{"id":"relation/19962709","name":"Wonderboom South 20 Out","network":"Tshwane Bus Services"},"geometry":{"type":"LineString","coordinates":[[28.1993,-25.69892],[28.19939,-25.69891]]}},{"type":"Feature","properties":{"id":"relation/19962709","name":"Wonderboom South 20 Out","network":"Tshwane Bus Services"},"geometry":{"type":"LineString","coordinates":[[28.19939,-25.69891],[28.19946,-25.6989],[28.19978,-25.69886],[28.19999,-25.69883]]}},{"type":"Feature","properties":{"id":"relation/19962709","name":"Wonderboom South 20 Out","network":"Tshwane Bus Services"},"geometry":{"type":"LineString","coordinates":[[28.19999,-25.69883],[28.20027,-25.69879],[28.20089,-25.69871]]}},{"type":"Feature","properties":{"id":"relation/19962709","name":"Wonderboom South 20 Out","network":"Tshwane Bus Services"},"geometry":{"type":"LineString","coordinates":[[28.20089,-25.69871],[28.20128,-25.69865]]}},{"type":"Feature","properties":{"id":"relation/19962709","name":"Wonderboom South 20 Out","network":"Tshwane Bus Services"},"geometry":{"type":"LineString","coordinates":[[28.20128,-25.69865],[28.20151,-25.69862]]}},{"type":"Feature","properties":{"id":"relation/19962709","name":"Wonderboom South 20 Out","network":"Tshwane Bus Services"},"geometry":{"type":"LineString","coordinates":[[28.20151,-25.69862],[28.20241,-25.6985],[28.20284,-25.69844],[28.20392,-25.6983],[28.20545,-25.6981],[28.20696,-25.69789],[28.20848,-25.69769],[28.21001,-25.6975],[28.21152,-25.69728],[28.21303,-25.69708],[28.21456,-25.69688],[28.21608,-25.69668]]}},{"type":"Feature","properties":{"id":"relation/19962709","name":"Wonderboom South 20 Out","network":"Tshwane Bus Services"},"geometry":{"type":"LineString","coordinates":[[28.21608,-25.69668],[28.21662,-25.6966],[28.21681,-25.69657],[28.217,-25.69652],[28.21717,-25.69648],[28.21735,-25.69642],[28.21754,-25.69635],[28.21761,-25.69632],[28.21772,-25.69629],[28.2178,-25.69627],[28.21794,-25.69624],[28.21816,-25.69621]]}},{"type":"Feature","properties":{"id":"relation/19962709","name":"Wonderboom South 20 Out","network":"Tshwane Bus Services"},"geometry":{"type":"LineString","coordinates":[[28.21848,-25.69804],[28.21816,-25.69621]]}},{"type":"Feature","properties":{"id":"relation/19966458","name":"Wonderboom South 20 In","network":"Tshwane Bus Services"},"geometry":{"type":"LineString","coordinates":[[28.21848,-25.69804],[28.21816,-25.69621]]}},{"type":"Feature","properties":{"id":"relation/19966458","name":"Wonderboom South 20 In","network":"Tshwane Bus Services"},"geometry":{"type":"LineString","coordinates":[[28.21635,-25.69833],[28.21848,-25.69804]]}},{"type":"Feature","properties":{"id":"relation/19966458","name":"Wonderboom South 20 In","network":"Tshwane Bus Services"},"geometry":{"type":"LineString","coordinates":[[28.21635,-25.69833],[28.21608,-25.69668]]}},{"type":"Feature","properties":{"id":"relation/19966458","name":"Wonderboom South 20 In","network":"Tshwane Bus Services"},"geometry":{"type":"LineString","coordinates":[[28.20151,-25.69862],[28.20241,-25.6985],[28.20284,-25.69844],[28.20392,-25.6983],[28.20545,-25.6981],[28.20696,-25.69789],[28.20848,-25.69769],[28.21001,-25.6975],[28.21152,-25.69728],[28.21303,-25.69708],[28.21456,-25.69688],[28.21608,-25.69668]]}},{"type":"Feature","properties":{"id":"relation/19966458","name":"Wonderboom South 20 In","network":"Tshwane Bus Services"},"geometry":{"type":"LineString","coordinates":[[28.20128,-25.69865],[28.20151,-25.69862]]}},{"type":"Feature","properties":{"id":"relation/19966458","name":"Wonderboom South 20 In","network":"Tshwane Bus Services"},"geometry":{"type":"LineString","coordinates":[[28.20089,-25.69871],[28.20128,-25.69865]]}},{"type":"Feature","properties":{"id":"relation/19966458","name":"Wonderboom South 20 In","network":"Tshwane Bus Services"},"geometry":{"type":"LineString","coordinates":[[28.19999,-25.69883],[28.20027,-25.69879],[28.20089,-25.69871]]}},{"type":"Feature","properties":{"id":"relation/19966458","name":"Wonderboom South 20 In","network":"Tshwane Bus Services"},"geometry":{"type":"LineString","coordinates":[[28.19939,-25.69891],[28.19946,-25.6989],[28.19978,-25.69886],[28.19999,-25.69883]]}},{"type":"Feature","properties":{"id":"relation/19966458","name":"Wonderboom South 20 In","network":"Tshwane Bus Services"},"geometry":{"type":"LineString","coordinates":[[28.19939,-25.69891],[28.19941,-25.699],[28.19945,-25.69924]]}},{"type":"Feature","properties":{"id":"relation/19966458","name":"Wonderboom South 20 In","network":"Tshwane Bus Services"},"geometry":{"type":"LineString","coordinates":[[28.19945,-25.69924],[28.19946,-25.69929],[28.19949,-25.69952]]}},{"type":"Feature","properties":{"id":"relation/19966458","name":"Wonderboom South 20 In","network":"Tshwane Bus Services"},"geometry":{"type":"LineString","coordinates":[[28.19949,-25.69952],[28.19949,-25.69959],[28.19952,-25.69981]]}},{"type":"Feature","properties":{"id":"relation/19966458","name":"Wonderboom South 20 In","network":"Tshwane Bus Services"},"geometry":{"type":"LineString","coordinates":[[28.19952,-25.69981],[28.19965,-25.70059]]}},{"type":"Feature","properties":{"id":"relation/19966458","name":"Wonderboom South 20 In","network":"Tshwane Bus Services"},"geometry":{"type":"LineString","coordinates":[[28.19965,-25.70059],[28.1997,-25.70093],[28.19971,-25.70103]]}},{"type":"Feature","properties":{"id":"relation/19966458","name":"Wonderboom South 20 In","network":"Tshwane Bus Services"},"geometry":{"type":"LineString","coordinates":[[28.19971,-25.70103],[28.19973,-25.70113],[28.19978,-25.70146]]}},{"type":"Feature","properties":{"id":"relation/19966458","name":"Wonderboom South 20 In","network":"Tshwane Bus Services"},"geometry":{"type":"LineString","coordinates":[[28.19978,-25.70146],[28.19982,-25.70167],[28.19984,-25.70185]]}},{"type":"Feature","properties":{"id":"relation/19966458","name":"Wonderboom South 20 In","network":"Tshwane Bus Services"},"geometry":{"type":"LineString","coordinates":[[28.19984,-25.70185],[28.20001,-25.7028]]}},{"type":"Feature","properties":{"id":"relation/19966458","name":"Wonderboom South 20 In","network":"Tshwane Bus Services"},"geometry":{"type":"LineString","coordinates":[[28.20001,-25.7028],[28.20007,-25.70313]]}},{"type":"Feature","properties":{"id":"relation/19966458","name":"Wonderboom South 20 In","network":"Tshwane Bus Services"},"geometry":{"type":"LineString","coordinates":[[28.20007,-25.70313],[28.20012,-25.70344]]}},{"type":"Feature","properties":{"id":"relation/19966458","name":"Wonderboom South 20 In","network":"Tshwane Bus Services"},"geometry":{"type":"LineString","coordinates":[[28.20012,-25.70344],[28.20021,-25.70405],[28.20026,-25.70441],[28.20036,-25.70492]]}},{"type":"Feature","properties":{"id":"relation/19966458","name":"Wonderboom South 20 In","network":"Tshwane Bus Services"},"geometry":{"type":"LineString","coordinates":[[28.20036,-25.70492],[28.20041,-25.70514],[28.20043,-25.70526]]}},{"type":"Feature","properties":{"id":"relation/19966458","name":"Wonderboom South 20 In","network":"Tshwane Bus Services"},"geometry":{"type":"LineString","coordinates":[[28.20043,-25.70526],[28.20045,-25.70534],[28.20048,-25.70555]]}},{"type":"Feature","properties":{"id":"relation/19966458","name":"Wonderboom South 20 In","network":"Tshwane Bus Services"},"geometry":{"type":"LineString","coordinates":[[28.20048,-25.70555],[28.20051,-25.70567]]}},{"type":"Feature","properties":{"id":"relation/19966458","name":"Wonderboom South 20 In","network":"Tshwane Bus Services"},"geometry":{"type":"LineString","coordinates":[[28.20051,-25.70567],[28.20055,-25.70585],[28.20056,-25.70591],[28.20058,-25.70595],[28.20059,-25.706]]}},{"type":"Feature","properties":{"id":"relation/19966458","name":"Wonderboom South 20 In","network":"Tshwane Bus Services"},"geometry":{"type":"LineString","coordinates":[[28.20059,-25.706],[28.20061,-25.70606],[28.20063,-25.70611],[28.20065,-25.70616],[28.20067,-25.70621],[28.20069,-25.70626],[28.20073,-25.70634],[28.20077,-25.70639],[28.20094,-25.70664],[28.20113,-25.70693]]}},{"type":"Feature","properties":{"id":"relation/19966458","name":"Wonderboom South 20 In","network":"Tshwane Bus Services"},"geometry":{"type":"LineString","coordinates":[[28.20113,-25.70693],[28.20129,-25.70716],[28.20138,-25.70728]]}},{"type":"Feature","properties":{"id":"relation/19966458","name":"Wonderboom South 20 In","network":"Tshwane Bus Services"},"geometry":{"type":"LineString","coordinates":[[28.20138,-25.70728],[28.20145,-25.70739],[28.20151,-25.70749],[28.20165,-25.7077],[28.20183,-25.70797],[28.202,-25.70822]]}},{"type":"Feature","properties":{"id":"relation/19966458","name":"Wonderboom South 20 In","network":"Tshwane Bus Services"},"geometry":{"type":"LineString","coordinates":[[28.202,-25.70822],[28.20215,-25.70846],[28.2022,-25.70853],[28.20224,-25.70861],[28.20228,-25.70868],[28.20232,-25.70874],[28.20235,-25.70881],[28.20238,-25.70889],[28.2024,-25.70894],[28.20242,-25.70898]]}},{"type":"Feature","properties":{"id":"relation/19966458","name":"Wonderboom South 20 In","network":"Tshwane Bus Services"},"geometry":{"type":"LineString","coordinates":[[28.20242,-25.70898],[28.20245,-25.70906],[28.20249,-25.7092],[28.20254,-25.70935],[28.20258,-25.70946],[28.20262,-25.70959]]}},{"type":"Feature","properties":{"id":"relation/19966458","name":"Wonderboom South 20 In","network":"Tshwane Bus Services"},"geometry":{"type":"LineString","coordinates":[[28.20262,-25.70959],[28.20265,-25.7097],[28.20267,-25.7098],[28.20269,-25.70987],[28.20271,-25.70997],[28.20273,-25.71009],[28.20277,-25.71025],[28.2028,-25.71044],[28.20283,-25.71065],[28.20288,-25.7109]]}},{"type":"Feature","properties":{"id":"relation/19966458","name":"Wonderboom South 20 In","network":"Tshwane Bus Services"},"geometry":{"type":"LineString","coordinates":[[28.20288,-25.7109],[28.20308,-25.71214],[28.20315,-25.71258],[28.20318,-25.71275],[28.20322,-25.71294],[28.20323,-25.71304],[28.2033,-25.71346],[28.20332,-25.71359],[28.20334,-25.71368]]}},{"type":"Feature","properties":{"id":"relation/19966458","name":"Wonderboom South 20 In","network":"Tshwane Bus Services"},"geometry":{"type":"LineString","coordinates":[[28.20334,-25.71368],[28.20336,-25.71378],[28.20341,-25.71406],[28.20342,-25.71413]]}},{"type":"Feature","properties":{"id":"relation/19966458","name":"Wonderboom South 20 In","network":"Tshwane Bus Services"},"geometry":{"type":"LineString","coordinates":[[28.20342,-25.71413],[28.20343,-25.71419]]}},{"type":"Feature","properties":{"id":"relation/19966458","name":"Wonderboom South 20 In","network":"Tshwane Bus Services"},"geometry":{"type":"LineString","coordinates":[[28.20343,-25.71419],[28.20344,-25.71424],[28.20354,-25.71492],[28.20368,-25.71587]]}},{"type":"Feature","properties":{"id":"relation/19966458","name":"Wonderboom South 20 In","network":"Tshwane Bus Services"},"geometry":{"type":"LineString","coordinates":[[28.20368,-25.71587],[28.20376,-25.71628]]}},{"type":"Feature","properties":{"id":"relation/19966458","name":"Wonderboom South 20 In","network":"Tshwane Bus Services"},"geometry":{"type":"LineString","coordinates":[[28.20376,-25.71628],[28.204,-25.71765],[28.2041,-25.71827],[28.20411,-25.71838]]}},{"type":"Feature","properties":{"id":"relation/19966458","name":"Wonderboom South 20 In","network":"Tshwane Bus Services"},"geometry":{"type":"LineString","coordinates":[[28.20411,-25.71838],[28.20413,-25.71847],[28.2042,-25.71888]]}},{"type":"Feature","properties":{"id":"relation/19966458","name":"Wonderboom South 20 In","network":"Tshwane Bus Services"},"geometry":{"type":"LineString","coordinates":[[28.2042,-25.71888],[28.20441,-25.72013],[28.20446,-25.72042],[28.20447,-25.7205]]}},{"type":"Feature","properties":{"id":"relation/19966458","name":"Wonderboom South 20 In","network":"Tshwane Bus Services"},"geometry":{"type":"LineString","coordinates":[[28.20447,-25.7205],[28.20448,-25.72056],[28.20468,-25.72191]]}},{"type":"Feature","properties":{"id":"relation/19966458","name":"Wonderboom South 20 In","network":"Tshwane Bus Services"},"geometry":{"type":"LineString","coordinates":[[28.20468,-25.72191],[28.20473,-25.7222]]}},{"type":"Feature","properties":{"id":"relation/19966458","name":"Wonderboom South 20 In","network":"Tshwane Bus Services"},"geometry":{"type":"LineString","coordinates":[[28.20473,-25.7222],[28.20475,-25.72235],[28.20488,-25.72325],[28.20501,-25.72419]]}},{"type":"Feature","properties":{"id":"relation/19966458","name":"Wonderboom South 20 In","network":"Tshwane Bus Services"},"geometry":{"type":"LineString","coordinates":[[28.20501,-25.72419],[28.20508,-25.72466],[28.2051,-25.72474]]}},{"type":"Feature","properties":{"id":"relation/19966458","name":"Wonderboom South 20 In","network":"Tshwane Bus Services"},"geometry":{"type":"LineString","coordinates":[[28.2051,-25.72474],[28.20513,-25.72492],[28.20522,-25.7255],[28.20536,-25.72637]]}},{"type":"Feature","properties":{"id":"relation/19966458","name":"Wonderboom South 20 In","network":"Tshwane Bus Services"},"geometry":{"type":"LineString","coordinates":[[28.20536,-25.72637],[28.20543,-25.72676],[28.20544,-25.72685]]}},{"type":"Feature","properties":{"id":"relation/19966458","name":"Wonderboom South 20 In","network":"Tshwane Bus Services"},"geometry":{"type":"LineString","coordinates":[[28.20544,-25.72685],[28.20546,-25.72693],[28.20555,-25.72754],[28.20557,-25.72766],[28.20557,-25.7277],[28.20558,-25.72779],[28.20558,-25.7279],[28.20557,-25.72804],[28.20556,-25.72812],[28.20554,-25.72823],[28.20551,-25.72833],[28.20547,-25.72844],[28.20543,-25.72851],[28.2054,-25.72857],[28.20535,-25.72864],[28.20529,-25.72872],[28.20523,-25.72879],[28.20474,-25.72934],[28.20473,-25.72936],[28.20469,-25.7294],[28.20467,-25.72945],[28.20464,-25.72951],[28.20461,-25.72958],[28.20458,-25.72966],[28.20455,-25.72973],[28.20454,-25.72978],[28.20452,-25.72985],[28.2045,-25.7299],[28.20449,-25.72996]]}},{"type":"Feature","properties":{"id":"relation/19966458","name":"Wonderboom South 20 In","network":"Tshwane Bus Services"},"geometry":{"type":"LineString","coordinates":[[28.20449,-25.72996],[28.20449,-25.73],[28.20449,-25.73005],[28.20449,-25.73008],[28.2045,-25.73012],[28.20451,-25.7302],[28.20452,-25.73027]]}},{"type":"Feature","properties":{"id":"relation/19966458","name":"Wonderboom South 20 In","network":"Tshwane Bus Services"},"geometry":{"type":"LineString","coordinates":[[28.20452,-25.73027],[28.20453,-25.73034]]}},{"type":"Feature","properties":{"id":"relation/19966458","name":"Wonderboom South 20 In","network":"Tshwane Bus Services"},"geometry":{"type":"LineString","coordinates":[[28.20453,-25.73034],[28.20456,-25.73046],[28.20469,-25.73118],[28.2048,-25.73172]]}},{"type":"Feature","properties":{"id":"relation/19966458","name":"Wonderboom South 20 In","network":"Tshwane Bus Services"},"geometry":{"type":"LineString","coordinates":[[28.2048,-25.73172],[28.20481,-25.73183],[28.20482,-25.73187],[28.20482,-25.73192],[28.20482,-25.73198],[28.20482,-25.73203],[28.20481,-25.73208],[28.20481,-25.73214],[28.20479,-25.73222],[28.20476,-25.73235],[28.20468,-25.73268],[28.20466,-25.73276]]}},{"type":"Feature","properties":{"id":"relation/19966458","name":"Wonderboom South 20 In","network":"Tshwane Bus Services"},"geometry":{"type":"LineString","coordinates":[[28.20466,-25.73276],[28.20463,-25.73284],[28.2046,-25.73291],[28.20456,-25.73299],[28.20453,-25.73305],[28.20447,-25.73318]]}},{"type":"Feature","properties":{"id":"relation/19966458","name":"Wonderboom South 20 In","network":"Tshwane Bus Services"},"geometry":{"type":"LineString","coordinates":[[28.20447,-25.73318],[28.20442,-25.73328],[28.20433,-25.73346],[28.20429,-25.73357],[28.20426,-25.73365],[28.20423,-25.73372],[28.20421,-25.73379],[28.20419,-25.73386],[28.20418,-25.73391],[28.20417,-25.73397],[28.20416,-25.73403],[28.20416,-25.73407],[28.20416,-25.73413],[28.20417,-25.7342],[28.20418,-25.73425],[28.20419,-25.7343],[28.20419,-25.73434],[28.20421,-25.73438],[28.20422,-25.73441],[28.20424,-25.73446],[28.20424,-25.7345],[28.20427,-25.73456],[28.20429,-25.7346],[28.20432,-25.73465],[28.20435,-25.73469],[28.20437,-25.73473],[28.20448,-25.73487],[28.2047,-25.73514],[28.20478,-25.73522],[28.20486,-25.73533]]}},{"type":"Feature","properties":{"id":"relation/19966458","name":"Wonderboom South 20 In","network":"Tshwane Bus Services"},"geometry":{"type":"LineString","coordinates":[[28.20486,-25.73533],[28.20488,-25.73537],[28.20495,-25.73545],[28.20498,-25.7355],[28.20501,-25.73555],[28.20503,-25.73559],[28.20506,-25.73564],[28.20508,-25.73568],[28.2051,-25.73573],[28.20511,-25.73576],[28.20512,-25.73578],[28.20514,-25.73583],[28.20514,-25.73585],[28.20514,-25.73587],[28.20515,-25.73592],[28.20519,-25.73639],[28.20531,-25.73778],[28.20537,-25.7385],[28.20545,-25.73943],[28.20556,-25.74081],[28.20564,-25.74178],[28.20568,-25.74225],[28.20572,-25.74274],[28.20574,-25.743],[28.20575,-25.74303],[28.20581,-25.74374],[28.20587,-25.74455],[28.2059,-25.74482],[28.20593,-25.74521]]}},{"type":"Feature","properties":{"id":"relation/19966458","name":"Wonderboom South 20 In","network":"Tshwane Bus Services"},"geometry":{"type":"LineString","coordinates":[[28.20593,-25.74521],[28.20598,-25.74588],[28.206,-25.74603],[28.20602,-25.74627]]}},{"type":"Feature","properties":{"id":"relation/19966458","name":"Wonderboom South 20 In","network":"Tshwane Bus Services"},"geometry":{"type":"LineString","coordinates":[[28.20602,-25.74627],[28.20604,-25.74658],[28.20605,-25.74668]]}},{"type":"Feature","properties":{"id":"relation/19966458","name":"Wonderboom South 20 In","network":"Tshwane Bus Services"},"geometry":{"type":"LineString","coordinates":[[28.20605,-25.74668],[28.20591,-25.74669],[28.20508,-25.74675],[28.20504,-25.74675],[28.20464,-25.74678],[28.20441,-25.74679]]}},{"type":"Feature","properties":{"id":"relation/19966458","name":"Wonderboom South 20 In","network":"Tshwane Bus Services"},"geometry":{"type":"LineString","coordinates":[[28.20441,-25.74679],[28.20411,-25.74682],[28.20395,-25.74683]]}},{"type":"Feature","properties":{"id":"relation/19966458","name":"Wonderboom South 20 In","network":"Tshwane Bus Services"},"geometry":{"type":"LineString","coordinates":[[28.20395,-25.74683],[28.20383,-25.74684],[28.2031,-25.74689],[28.2028,-25.74692],[28.20243,-25.74695],[28.20228,-25.74692],[28.20216,-25.74687],[28.20184,-25.74669],[28.20174,-25.74667],[28.20165,-25.74666],[28.20151,-25.74667],[28.20141,-25.74669],[28.2013,-25.74673],[28.20113,-25.74681],[28.20085,-25.74697],[28.20077,-25.747]]}},{"type":"Feature","properties":{"id":"relation/19966458","name":"Wonderboom South 20 In","network":"Tshwane Bus Services"},"geometry":{"type":"LineString","coordinates":[[28.20077,-25.747],[28.20074,-25.74702],[28.20064,-25.74705],[28.20052,-25.74708]]}},{"type":"Feature","properties":{"id":"relation/19966458","name":"Wonderboom South 20 In","network":"Tshwane Bus Services"},"geometry":{"type":"LineString","coordinates":[[28.20052,-25.74708],[28.20044,-25.74709],[28.20034,-25.74709]]}},{"type":"Feature","properties":{"id":"relation/19966458","name":"Wonderboom South 20 In","network":"Tshwane Bus Services"},"geometry":{"type":"LineString","coordinates":[[28.20034,-25.74709],[28.20022,-25.7471]]}},{"type":"Feature","properties":{"id":"relation/19966458","name":"Wonderboom South 20 In","network":"Tshwane Bus Services"},"geometry":{"type":"LineString","coordinates":[[28.20022,-25.7471],[28.20009,-25.74711],[28.1999,-25.74712],[28.19956,-25.74715],[28.19793,-25.74726]]}},{"type":"Feature","properties":{"id":"relation/19966458","name":"Wonderboom South 20 In","network":"Tshwane Bus Services"},"geometry":{"type":"LineString","coordinates":[[28.19793,-25.74726],[28.19745,-25.74729],[28.19553,-25.74742]]}},{"type":"Feature","properties":{"id":"relation/19966458","name":"Wonderboom South 20 In","network":"Tshwane Bus Services"},"geometry":{"type":"LineString","coordinates":[[28.19553,-25.74742],[28.19421,-25.74752],[28.19403,-25.74753],[28.1939,-25.74754],[28.19308,-25.7476],[28.19227,-25.74766],[28.1919,-25.74768],[28.19168,-25.7477],[28.19151,-25.74771],[28.19133,-25.74772],[28.1911,-25.74774]]}},{"type":"Feature","properties":{"id":"relation/19966458","name":"Wonderboom South 20 In","network":"Tshwane Bus Services"},"geometry":{"type":"LineString","coordinates":[[28.1911,-25.74774],[28.19065,-25.74777]]}},{"type":"Feature","properties":{"id":"relation/19966458","name":"Wonderboom South 20 In","network":"Tshwane Bus Services"},"geometry":{"type":"LineString","coordinates":[[28.19065,-25.74777],[28.18996,-25.74782],[28.18964,-25.74784],[28.18948,-25.74785],[28.189,-25.74788]]}}]}