{"type":"FeatureCollection","features":[{"type":"Feature","properties":{"id":"node/29272317","name":"Bosmanstraat","network":"PRASA"},"geometry":{"type":"Point","coordinates":[28.18508,-25.75686]}},{"type":"Feature","properties":{"id":"node/54974834","name":"Mlamlankunzi","network":"PRASA"},"geometry":{"type":"Point","coordinates":[27.92812,-26.22604]}},{"type":"Feature","properties":{"id":"node/54974895","name":"New Canada","network":"PRASA"},"geometry":{"type":"Point","coordinates":[27.94261,-26.21459]}},{"type":"Feature","properties":{"id":"node/54981525","name":"Mayfair","network":"PRASA"},"geometry":{"type":"Point","coordinates":[28.01383,-26.20428]}},{"type":"Feature","properties":{"id":"node/247644567","name":"Barracks","network":"PRASA"},"geometry":{"type":"Point","coordinates":[28.17928,-25.75565]}},{"type":"Feature","properties":{"id":"node/247644569","name":"Atteridgeville","network":"PRASA"},"geometry":{"type":"Point","coordinates":[28.07486,-25.76298]}},{"type":"Feature","properties":{"id":"node/247644576","name":"Booysens","network":"PRASA"},"geometry":{"type":"Point","coordinates":[28.04025,-26.22518]}},{"type":"Feature","properties":{"id":"node/247644583","name":"Cleveland","network":"PRASA"},"geometry":{"type":"Point","coordinates":[28.11846,-26.20865]}},{"type":"Feature","properties":{"id":"node/247644599","name":"Denver","network":"PRASA"},"geometry":{"type":"Point","coordinates":[28.09661,-26.20598]}},{"type":"Feature","properties":{"id":"node/247644600","name":"Denneboom","network":"PRASA"},"geometry":{"type":"Point","coordinates":[28.33683,-25.71915]}},{"type":"Feature","properties":{"id":"node/247644603","name":"Croesus","network":"PRASA"},"geometry":{"type":"Point","coordinates":[27.97202,-26.20184]}},{"type":"Feature","properties":{"id":"node/247644606","name":"Crown","network":"PRASA"},"geometry":{"type":"Point","coordinates":[28.01381,-26.22247]}},{"type":"Feature","properties":{"id":"node/247644616","name":"Eerste Fabrieke","network":"PRASA"},"geometry":{"type":"Point","coordinates":[28.35979,-25.7221]}},{"type":"Feature","properties":{"id":"node/247644618","name":"Elandsfontein","network":"PRASA"},"geometry":{"type":"Point","coordinates":[28.20536,-26.16672]}},{"type":"Feature","properties":{"id":"node/247644622","name":"Doornfontein","network":"PRASA"},"geometry":{"type":"Point","coordinates":[28.05417,-26.19721]}},{"type":"Feature","properties":{"id":"node/247644624","name":"Driehoek","network":"PRASA"},"geometry":{"type":"Point","coordinates":[28.14967,-26.21354]}},{"type":"Feature","properties":{"id":"node/247644629","name":"Geldenhuis","network":"PRASA"},"geometry":{"type":"Point","coordinates":[28.13283,-26.20812]}},{"type":"Feature","properties":{"id":"node/247644631","name":"Ga-Rankuwa","network":"PRASA"},"geometry":{"type":"Point","coordinates":[27.99186,-25.6195]}},{"type":"Feature","properties":{"id":"node/247644636","name":"George Goch","network":"PRASA"},"geometry":{"type":"Point","coordinates":[28.08041,-26.2077]}},{"type":"Feature","properties":{"id":"node/247644639","name":"Ellis Park Station","network":"PRASA"},"geometry":{"type":"Point","coordinates":[28.05894,-26.19873]}},{"type":"Feature","properties":{"id":"node/247644640","name":"Elektro","network":"PRASA"},"geometry":{"type":"Point","coordinates":[28.14525,-25.76131]}},{"type":"Feature","properties":{"id":"node/247644651","name":"Greenview","network":"PRASA"},"geometry":{"type":"Point","coordinates":[28.40643,-25.73028]}},{"type":"Feature","properties":{"id":"node/247644653","name":"Gezina","network":"PRASA"},"geometry":{"type":"Point","coordinates":[28.20517,-25.72199]}},{"type":"Feature","properties":{"id":"node/247644655","name":"Germiston South","network":"PRASA"},"geometry":{"type":"Point","coordinates":[28.16457,-26.22665]}},{"type":"Feature","properties":{"id":"node/247644656","name":"Germiston West","network":"PRASA"},"geometry":{"type":"Point","coordinates":[28.16208,-26.22084]}},{"type":"Feature","properties":{"id":"node/247644662","name":"Ikwezi","network":"PRASA"},"geometry":{"type":"Point","coordinates":[27.87712,-26.2304]}},{"type":"Feature","properties":{"id":"node/247644669","name":"Hercules","network":"PRASA"},"geometry":{"type":"Point","coordinates":[28.1673,-25.72428]}},{"type":"Feature","properties":{"id":"node/247644688","name":"Kalafong","network":"PRASA"},"geometry":{"type":"Point","coordinates":[28.08845,-25.76025]}},{"type":"Feature","properties":{"id":"node/247644689","name":"Isando","network":"PRASA"},"geometry":{"type":"Point","coordinates":[28.22187,-26.1354]}},{"type":"Feature","properties":{"id":"node/247644692","name":"Jeppe","network":"PRASA"},"geometry":{"type":"Point","coordinates":[28.06339,-26.20389]}},{"type":"Feature","properties":{"id":"node/247644704","name":"Kookrus","network":"PRASA"},"geometry":{"type":"Point","coordinates":[27.99396,-26.58667]}},{"type":"Feature","properties":{"id":"node/247644705","name":"Koedoespoort","network":"PRASA"},"geometry":{"type":"Point","coordinates":[28.27898,-25.72632]}},{"type":"Feature","properties":{"id":"node/247644706","name":"Knights","network":"PRASA"},"geometry":{"type":"Point","coordinates":[28.19588,-26.19738]}},{"type":"Feature","properties":{"id":"node/247644714","name":"Mamelodi Gardens","network":"PRASA"},"geometry":{"type":"Point","coordinates":[28.38507,-25.72705]}},{"type":"Feature","properties":{"id":"node/247644744","name":"Naledi","network":"PRASA"},"geometry":{"type":"Point","coordinates":[27.82278,-26.25794]}},{"type":"Feature","properties":{"id":"node/247644755","name":"Orlando","network":"PRASA"},"geometry":{"type":"Point","coordinates":[27.91723,-26.23754]}},{"type":"Feature","properties":{"id":"node/247644759","name":"Merafe","network":"PRASA"},"geometry":{"type":"Point","coordinates":[27.84665,-26.26212]}},{"type":"Feature","properties":{"id":"node/247644778","name":"Ravensklip","network":"PRASA"},"geometry":{"type":"Point","coordinates":[28.19968,-26.18105]}},{"type":"Feature","properties":{"id":"node/247644780","name":"Rebecca","network":"PRASA"},"geometry":{"type":"Point","coordinates":[28.15348,-25.75857]}},{"type":"Feature","properties":{"id":"node/247644781","name":"Refinery","network":"PRASA"},"geometry":{"type":"Point","coordinates":[28.15034,-26.22129]}},{"type":"Feature","properties":{"id":"node/247644793","name":"Phefeni","network":"PRASA"},"geometry":{"type":"Point","coordinates":[27.90482,-26.2351]}},{"type":"Feature","properties":{"id":"node/247644794","name":"Phomolong","network":"PRASA"},"geometry":{"type":"Point","coordinates":[27.90901,-26.22652]}},{"type":"Feature","properties":{"id":"node/247644799","name":"President","network":"PRASA"},"geometry":{"type":"Point","coordinates":[28.15882,-26.21224]}},{"type":"Feature","properties":{"id":"node/247644802","name":"Pretoria-Wes","network":"PRASA"},"geometry":{"type":"Point","coordinates":[28.16765,-25.75609]}},{"type":"Feature","properties":{"id":"node/247644816","name":"Tooronga","network":"PRASA"},"geometry":{"type":"Point","coordinates":[28.11049,-26.20421]}},{"type":"Feature","properties":{"id":"node/247644828","name":"Saulsville","network":"PRASA"},"geometry":{"type":"Point","coordinates":[28.06169,-25.76402]}},{"type":"Feature","properties":{"id":"node/247644831","name":"Sportpark","network":"PRASA"},"geometry":{"type":"Point","coordinates":[28.20574,-25.82464]}},{"type":"Feature","properties":{"id":"node/247644866","name":"Waltloo","network":"PRASA"},"geometry":{"type":"Point","coordinates":[28.32135,-25.71698]}},{"type":"Feature","properties":{"id":"node/247644867","name":"Village Main","network":"PRASA"},"geometry":{"type":"Point","coordinates":[28.04478,-26.21889]}},{"type":"Feature","properties":{"id":"node/248833534","name":"Kaserne West","network":"PRASA"},"geometry":{"type":"Point","coordinates":[28.07034,-26.22005]}},{"type":"Feature","properties":{"id":"node/847136012","name":"Benrose","network":"PRASA"},"geometry":{"type":"Point","coordinates":[28.0866,-26.21622]}},{"type":"Feature","properties":{"id":"node/847157718","name":"Alloy","network":"PRASA"},"geometry":{"type":"Point","coordinates":[27.94372,-26.65657]}},{"type":"Feature","properties":{"id":"node/847234038","name":"Schuttestraat","network":"PRASA"},"geometry":{"type":"Point","coordinates":[28.1598,-25.75072]}},{"type":"Feature","properties":{"id":"node/847234039","name":"Kopanong","network":"PRASA"},"geometry":{"type":"Point","coordinates":[28.09073,-25.58163]}},{"type":"Feature","properties":{"id":"node/1300409272","name":"India","network":"PRASA"},"geometry":{"type":"Point","coordinates":[28.16044,-26.21906]}},{"type":"Feature","properties":{"id":"node/4331156458","name":"Mzimhlope","network":"PRASA"},"geometry":{"type":"Point","coordinates":[27.92293,-26.2232]}},{"type":"Feature","properties":{"id":"node/4332203152","name":"Faraday","network":"PRASA"},"geometry":{"type":"Point","coordinates":[28.04441,-26.21197]}},{"type":"Feature","properties":{"id":"node/4332547054","name":"Elsburg","network":"PRASA"},"geometry":{"type":"Point","coordinates":[28.19296,-26.24185]}},{"type":"Feature","properties":{"id":"node/4332548393","name":"Union","network":"PRASA"},"geometry":{"type":"Point","coordinates":[28.16271,-26.27045]}},{"type":"Feature","properties":{"id":"node/4332548395","name":"Wattles","network":"PRASA"},"geometry":{"type":"Point","coordinates":[28.17247,-26.25748]}},{"type":"Feature","properties":{"id":"node/5243673023","name":"Rhodesfield","network":"PRASA"},"geometry":{"type":"Point","coordinates":[28.22478,-26.12651]}},{"type":"Feature","properties":{"id":"node/6983563278","name":"Midrand","network":"PRASA"},"geometry":{"type":"Point","coordinates":[28.13567,-25.99562]}},{"type":"Feature","properties":{"id":"node/7048792042","name":"Pienaarspoort","network":"PRASA"},"geometry":{"type":"Point","coordinates":[28.42803,-25.73522]}},{"type":"Feature","properties":{"id":"node/7054179900","name":"Nigel","network":"PRASA"},"geometry":{"type":"Point","coordinates":[28.44857,-26.42265]}},{"type":"Feature","properties":{"id":"node/7055183232","name":"Germiston","network":"PRASA"},"geometry":{"type":"Point","coordinates":[28.16768,-26.2098]}},{"type":"Feature","properties":{"id":"node/7055183244","name":"Vereeniging","network":"PRASA"},"geometry":{"type":"Point","coordinates":[27.93531,-26.67416]}},{"type":"Feature","properties":{"id":"node/7057641237","name":"Hartbeesspruit","network":"PRASA"},"geometry":{"type":"Point","coordinates":[28.24115,-25.74659]}},{"type":"Feature","properties":{"id":"node/7058698266","name":"Irene","network":"PRASA"},"geometry":{"type":"Point","coordinates":[28.22441,-25.8754]}},{"type":"Feature","properties":{"id":"node/7059609614","name":"Cor Delfos","network":"PRASA"},"geometry":{"type":"Point","coordinates":[28.13321,-25.767]}},{"type":"Feature","properties":{"id":"node/7168841250","name":"De Wildt","network":"PRASA"},"geometry":{"type":"Point","coordinates":[27.94496,-25.62461]}},{"type":"Feature","properties":{"id":"node/7220736457","name":"Kutalo","network":"PRASA"},"geometry":{"type":"Point","coordinates":[28.18936,-26.21759]}},{"type":"Feature","properties":{"id":"node/7220736459","name":"Kwesine","network":"PRASA"},"geometry":{"type":"Point","coordinates":[28.15267,-26.36513]}},{"type":"Feature","properties":{"id":"node/7220736461","name":"Katlehong","network":"PRASA"},"geometry":{"type":"Point","coordinates":[28.1614,-26.30752]}},{"type":"Feature","properties":{"id":"node/7220736462","name":"Pilot","network":"PRASA"},"geometry":{"type":"Point","coordinates":[28.15247,-26.34087]}},{"type":"Feature","properties":{"id":"node/7220736463","name":"Lindela","network":"PRASA"},"geometry":{"type":"Point","coordinates":[28.15771,-26.32644]}},{"type":"Feature","properties":{"id":"node/7220736464","name":"Wadeville","network":"PRASA"},"geometry":{"type":"Point","coordinates":[28.18168,-26.26047]}},{"type":"Feature","properties":{"id":"node/7220736465","name":"Park Hill","network":"PRASA"},"geometry":{"type":"Point","coordinates":[28.18693,-26.23578]}},{"type":"Feature","properties":{"id":"node/7220902985","name":"Krugersdorp","network":"PRASA"},"geometry":{"type":"Point","coordinates":[27.77094,-26.10892]}},{"type":"Feature","properties":{"id":"node/7220918921","name":"Oberholzer","network":"PRASA"},"geometry":{"type":"Point","coordinates":[27.39338,-26.34275]}},{"type":"Feature","properties":{"id":"node/7221453386","name":"Inhlazane","network":"PRASA"},"geometry":{"type":"Point","coordinates":[27.86355,-26.24946]}},{"type":"Feature","properties":{"id":"node/7221454185","name":"Mountain View","network":"PRASA"},"geometry":{"type":"Point","coordinates":[28.17115,-25.70124]}},{"type":"Feature","properties":{"id":"node/7298985598","name":"Redan","network":"PRASA"},"geometry":{"type":"Point","coordinates":[27.96754,-26.62661]}},{"type":"Feature","properties":{"id":"node/7298985622","name":"Meyerton","network":"PRASA"},"geometry":{"type":"Point","coordinates":[28.00993,-26.55497]}},{"type":"Feature","properties":{"id":"node/7299886432","name":"Belle Ombre","network":"PRASA"},"geometry":{"type":"Point","coordinates":[28.17874,-25.73737]}},{"type":"Feature","properties":{"id":"node/7383230006","name":"Natalspruit","network":"PRASA"},"geometry":{"type":"Point","coordinates":[28.1432,-26.30445]}},{"type":"Feature","properties":{"id":"node/7798656891","name":"Springs","network":"PRASA"},"geometry":{"type":"Point","coordinates":[28.43831,-26.2504]}},{"type":"Feature","properties":{"id":"node/8820861091","name":"Capital Park","network":"PRASA"},"geometry":{"type":"Point","coordinates":[28.18935,-25.72206]}},{"type":"Feature","properties":{"id":"node/8821278654","name":"Deerness","network":"PRASA"},"geometry":{"type":"Point","coordinates":[28.21549,-25.7206]}},{"type":"Feature","properties":{"id":"node/8821278656","name":"Villieria","network":"PRASA"},"geometry":{"type":"Point","coordinates":[28.22884,-25.71982]}},{"type":"Feature","properties":{"id":"node/8821278658","name":"Pierneefsrus","network":"PRASA"},"geometry":{"type":"Point","coordinates":[28.23929,-25.71973]}},{"type":"Feature","properties":{"id":"node/8821278659","name":"Queenswood","network":"PRASA"},"geometry":{"type":"Point","coordinates":[28.25204,-25.72208]}},{"type":"Feature","properties":{"id":"node/8821278660","name":"Rissik","network":"PRASA"},"geometry":{"type":"Point","coordinates":[28.23236,-25.74961]}},{"type":"Feature","properties":{"id":"node/8821278661","name":"Wonderboom","network":"PRASA"},"geometry":{"type":"Point","coordinates":[28.18252,-25.68]}},{"type":"Feature","properties":{"id":"node/8821278662","name":"Pretoria-Noord","network":"PRASA"},"geometry":{"type":"Point","coordinates":[28.18188,-25.67098]}},{"type":"Feature","properties":{"id":"node/8821278663","name":"Wolmerton","network":"PRASA"},"geometry":{"type":"Point","coordinates":[28.16638,-25.6569]}},{"type":"Feature","properties":{"id":"node/8821278664","name":"Winternest","network":"PRASA"},"geometry":{"type":"Point","coordinates":[28.12822,-25.64678]}},{"type":"Feature","properties":{"id":"node/8821278665","name":"Rosslyn","network":"PRASA"},"geometry":{"type":"Point","coordinates":[28.09454,-25.63771]}},{"type":"Feature","properties":{"id":"node/8821278666","name":"Medunsa","network":"PRASA"},"geometry":{"type":"Point","coordinates":[28.01913,-25.62171]}},{"type":"Feature","properties":{"id":"node/8867390728","name":"Devenish Street","network":"PRASA"},"geometry":{"type":"Point","coordinates":[28.20534,-25.75997]}},{"type":"Feature","properties":{"id":"node/8867459915","name":"Mears Street","network":"PRASA"},"geometry":{"type":"Point","coordinates":[28.19786,-25.76256]}},{"type":"Feature","properties":{"id":"node/8870092628","name":"Walker Street","network":"PRASA"},"geometry":{"type":"Point","coordinates":[28.21348,-25.76012]}},{"type":"Feature","properties":{"id":"node/8870092642","name":"Loftus Versveldpark","network":"PRASA"},"geometry":{"type":"Point","coordinates":[28.22533,-25.75492]}},{"type":"Feature","properties":{"id":"node/9139136653","name":"Boksburg","network":"PRASA"},"geometry":{"type":"Point","coordinates":[28.24142,-26.21906]}},{"type":"Feature","properties":{"id":"node/9139136659","name":"East Rand","network":"PRASA"},"geometry":{"type":"Point","coordinates":[28.23007,-26.21724]}},{"type":"Feature","properties":{"id":"node/9139136660","name":"Angelo","network":"PRASA"},"geometry":{"type":"Point","coordinates":[28.21238,-26.20458]}},{"type":"Feature","properties":{"id":"node/9139136661","name":"Delmore","network":"PRASA"},"geometry":{"type":"Point","coordinates":[28.19893,-26.20633]}},{"type":"Feature","properties":{"id":"node/9144397338","name":"Daveyton","network":"PRASA"},"geometry":{"type":"Point","coordinates":[28.42469,-26.15636]}},{"type":"Feature","properties":{"id":"node/9144397349","name":"Avenue","network":"PRASA"},"geometry":{"type":"Point","coordinates":[28.29707,-26.20233]}},{"type":"Feature","properties":{"id":"node/9144397358","name":"Boksburg-Oos","network":"PRASA"},"geometry":{"type":"Point","coordinates":[28.2598,-26.21827]}},{"type":"Feature","properties":{"id":"node/9144397411","name":"Dunswart","network":"PRASA"},"geometry":{"type":"Point","coordinates":[28.28575,-26.2095]}},{"type":"Feature","properties":{"id":"node/9144406980","name":"Northmead","network":"PRASA"},"geometry":{"type":"Point","coordinates":[28.31836,-26.18098]}},{"type":"Feature","properties":{"id":"node/9144406992","name":"Van Ryn","network":"PRASA"},"geometry":{"type":"Point","coordinates":[28.34448,-26.17307]}},{"type":"Feature","properties":{"id":"node/9144406993","name":"Alliance","network":"PRASA"},"geometry":{"type":"Point","coordinates":[28.4169,-26.17246]}},{"type":"Feature","properties":{"id":"node/9150730606","name":"Dunnottar","network":"PRASA"},"geometry":{"type":"Point","coordinates":[28.44153,-26.34932]}},{"type":"Feature","properties":{"id":"node/9150730607","name":"Daggafontein","network":"PRASA"},"geometry":{"type":"Point","coordinates":[28.46933,-26.29228]}},{"type":"Feature","properties":{"id":"node/9164817031","name":"Skansdam","network":"PRASA"},"geometry":{"type":"Point","coordinates":[28.07277,-26.46471]}},{"type":"Feature","properties":{"id":"node/9164817032","name":"Kliprivier","network":"PRASA"},"geometry":{"type":"Point","coordinates":[28.08691,-26.42109]}},{"type":"Feature","properties":{"id":"node/9164817033","name":"Angus","network":"PRASA"},"geometry":{"type":"Point","coordinates":[28.12641,-26.35029]}},{"type":"Feature","properties":{"id":"node/9164817034","name":"Mpilisweni","network":"PRASA"},"geometry":{"type":"Point","coordinates":[28.14036,-26.31911]}},{"type":"Feature","properties":{"id":"node/9164817035","name":"Daleside","network":"PRASA"},"geometry":{"type":"Point","coordinates":[28.06357,-26.48746]}},{"type":"Feature","properties":{"id":"node/9165523926","name":"Randfontein","network":"PRASA"},"geometry":{"type":"Point","coordinates":[27.69793,-26.18133]}},{"type":"Feature","properties":{"id":"node/9165523927","name":"Homelake","network":"PRASA"},"geometry":{"type":"Point","coordinates":[27.70774,-26.16779]}},{"type":"Feature","properties":{"id":"node/9165523928","name":"Robinson","network":"PRASA"},"geometry":{"type":"Point","coordinates":[27.71499,-26.15812]}},{"type":"Feature","properties":{"id":"node/9165523929","name":"Millsite","network":"PRASA"},"geometry":{"type":"Point","coordinates":[27.7394,-26.12807]}},{"type":"Feature","properties":{"id":"node/9165523930","name":"Wes-Rand","network":"PRASA"},"geometry":{"type":"Point","coordinates":[27.74861,-26.11189]}},{"type":"Feature","properties":{"id":"node/9165523931","name":"Windsor Mine","network":"PRASA"},"geometry":{"type":"Point","coordinates":[27.78135,-26.10974]}},{"type":"Feature","properties":{"id":"node/9165523932","name":"Lanwen","network":"PRASA"},"geometry":{"type":"Point","coordinates":[27.79351,-26.11505]}},{"type":"Feature","properties":{"id":"node/9165523933","name":"Luipaardsvlei","network":"PRASA"},"geometry":{"type":"Point","coordinates":[27.81136,-26.11963]}},{"type":"Feature","properties":{"id":"node/9165523934","name":"Witpoortjie","network":"PRASA"},"geometry":{"type":"Point","coordinates":[27.83141,-26.12732]}},{"type":"Feature","properties":{"id":"node/9165523935","name":"Princess","network":"PRASA"},"geometry":{"type":"Point","coordinates":[27.85353,-26.13266]}},{"type":"Feature","properties":{"id":"node/9165523936","name":"Horison","network":"PRASA"},"geometry":{"type":"Point","coordinates":[27.86376,-26.14642]}},{"type":"Feature","properties":{"id":"node/9165523938","name":"Georgina","network":"PRASA"},"geometry":{"type":"Point","coordinates":[27.88038,-26.16475]}},{"type":"Feature","properties":{"id":"node/9165523939","name":"Hamberg","network":"PRASA"},"geometry":{"type":"Point","coordinates":[27.89369,-26.16758]}},{"type":"Feature","properties":{"id":"node/9165523941","name":"Unified","network":"PRASA"},"geometry":{"type":"Point","coordinates":[27.92669,-26.1794]}},{"type":"Feature","properties":{"id":"node/9165523942","name":"Maraisburg","network":"PRASA"},"geometry":{"type":"Point","coordinates":[27.94026,-26.17951]}},{"type":"Feature","properties":{"id":"node/9165523943","name":"Bosmont","network":"PRASA"},"geometry":{"type":"Point","coordinates":[27.95118,-26.18342]}},{"type":"Feature","properties":{"id":"node/9165523944","name":"Newclare","network":"PRASA"},"geometry":{"type":"Point","coordinates":[27.96305,-26.18635]}},{"type":"Feature","properties":{"id":"node/9165523945","name":"Westbury","network":"PRASA"},"geometry":{"type":"Point","coordinates":[27.96842,-26.1887]}},{"type":"Feature","properties":{"id":"node/9165674008","name":"Benoni","network":"PRASA"},"geometry":{"type":"Point","coordinates":[28.3106,-26.19798]}},{"type":"Feature","properties":{"id":"node/9165674010","name":"New Kleinfontein","network":"PRASA"},"geometry":{"type":"Point","coordinates":[28.32016,-26.20662]}},{"type":"Feature","properties":{"id":"node/9165674011","name":"Apex","network":"PRASA"},"geometry":{"type":"Point","coordinates":[28.33402,-26.21607]}},{"type":"Feature","properties":{"id":"node/9165674012","name":"Anzac","network":"PRASA"},"geometry":{"type":"Point","coordinates":[28.3556,-26.22996]}},{"type":"Feature","properties":{"id":"node/9165674013","name":"Brakpan","network":"PRASA"},"geometry":{"type":"Point","coordinates":[28.36104,-26.24044]}},{"type":"Feature","properties":{"id":"node/9165674014","name":"Schapenrust","network":"PRASA"},"geometry":{"type":"Point","coordinates":[28.3768,-26.25713]}},{"type":"Feature","properties":{"id":"node/9165682818","name":"Pollak Park","network":"PRASA"},"geometry":{"type":"Point","coordinates":[28.43117,-26.26504]}},{"type":"Feature","properties":{"id":"node/9165976948","name":"Nancefield","network":"PRASA"},"geometry":{"type":"Point","coordinates":[27.90629,-26.25158]}},{"type":"Feature","properties":{"id":"node/9165976949","name":"Kliptown","network":"PRASA"},"geometry":{"type":"Point","coordinates":[27.88775,-26.27265]}},{"type":"Feature","properties":{"id":"node/9165976950","name":"Tshiawelo","network":"PRASA"},"geometry":{"type":"Point","coordinates":[27.87048,-26.28909]}},{"type":"Feature","properties":{"id":"node/9165976951","name":"Midway","network":"PRASA"},"geometry":{"type":"Point","coordinates":[27.85096,-26.29326]}},{"type":"Feature","properties":{"id":"node/9165976952","name":"Lenasia","network":"PRASA"},"geometry":{"type":"Point","coordinates":[27.82327,-26.31977]}},{"type":"Feature","properties":{"id":"node/9165976953","name":"Lawley","network":"PRASA"},"geometry":{"type":"Point","coordinates":[27.83075,-26.35507]}},{"type":"Feature","properties":{"id":"node/9165976954","name":"Anglers","network":"PRASA"},"geometry":{"type":"Point","coordinates":[27.83551,-26.37132]}},{"type":"Feature","properties":{"id":"node/9165976955","name":"Midannadale","network":"PRASA"},"geometry":{"type":"Point","coordinates":[27.85683,-26.41426]}},{"type":"Feature","properties":{"id":"node/9165976956","name":"Grasmere","network":"PRASA"},"geometry":{"type":"Point","coordinates":[27.86256,-26.42629]}},{"type":"Feature","properties":{"id":"node/9165976957","name":"Stretford","network":"PRASA"},"geometry":{"type":"Point","coordinates":[27.87085,-26.4715]}},{"type":"Feature","properties":{"id":"node/9165976958","name":"Residensia","network":"PRASA"},"geometry":{"type":"Point","coordinates":[27.88815,-26.5382]}},{"type":"Feature","properties":{"id":"node/9165976959","name":"Eatonside","network":"PRASA"},"geometry":{"type":"Point","coordinates":[27.87858,-26.55771]}},{"type":"Feature","properties":{"id":"node/9165976960","name":"Kwaggastroom","network":"PRASA"},"geometry":{"type":"Point","coordinates":[27.86375,-26.56638]}},{"type":"Feature","properties":{"id":"node/9165976961","name":"Houtheuwel","network":"PRASA"},"geometry":{"type":"Point","coordinates":[27.85348,-26.60316]}},{"type":"Feature","properties":{"id":"node/9165976962","name":"Kleigrond","network":"PRASA"},"geometry":{"type":"Point","coordinates":[27.87153,-26.62359]}},{"type":"Feature","properties":{"id":"node/9165976963","name":"Leeuhof","network":"PRASA"},"geometry":{"type":"Point","coordinates":[27.90612,-26.6551]}},{"type":"Feature","properties":{"id":"node/9165976964","name":"Duncanville","network":"PRASA"},"geometry":{"type":"Point","coordinates":[27.92919,-26.6642]}},{"type":"Feature","properties":{"id":"node/9166519540","name":"Maizelands","network":"PRASA"},"geometry":{"type":"Point","coordinates":[27.44111,-26.32938]}},{"type":"Feature","properties":{"id":"node/9166519541","name":"Bank","network":"PRASA"},"geometry":{"type":"Point","coordinates":[27.51277,-26.31127]}},{"type":"Feature","properties":{"id":"node/9166519542","name":"Goudryk","network":"PRASA"},"geometry":{"type":"Point","coordinates":[27.57955,-26.31631]}},{"type":"Feature","properties":{"id":"node/9166519543","name":"Westonaria","network":"PRASA"},"geometry":{"type":"Point","coordinates":[27.65194,-26.31274]}},{"type":"Feature","properties":{"id":"node/9166519544","name":"Suurbekom","network":"PRASA"},"geometry":{"type":"Point","coordinates":[27.74752,-26.30675]}},{"type":"Feature","properties":{"id":"node/9168944943","name":"Leralla","network":"PRASA"},"geometry":{"type":"Point","coordinates":[28.19646,-26.02922]}},{"type":"Feature","properties":{"id":"node/9168944944","name":"Limindlela","network":"PRASA"},"geometry":{"type":"Point","coordinates":[28.21483,-26.01125]}},{"type":"Feature","properties":{"id":"node/9168944945","name":"Tembisa","network":"PRASA"},"geometry":{"type":"Point","coordinates":[28.23146,-26.00971]}},{"type":"Feature","properties":{"id":"node/9168944946","name":"Kaalfontein","network":"PRASA"},"geometry":{"type":"Point","coordinates":[28.25468,-26.03537]}},{"type":"Feature","properties":{"id":"node/9168944947","name":"Birchleigh","network":"PRASA"},"geometry":{"type":"Point","coordinates":[28.23445,-26.06743]}},{"type":"Feature","properties":{"id":"node/9168944948","name":"Van Riebeeckpark","network":"PRASA"},"geometry":{"type":"Point","coordinates":[28.22178,-26.08793]}},{"type":"Feature","properties":{"id":"node/9168944949","name":"Kempton Park","network":"PRASA"},"geometry":{"type":"Point","coordinates":[28.22708,-26.10809]}},{"type":"Feature","properties":{"id":"node/9168944954","name":"Oakmoor","network":"PRASA"},"geometry":{"type":"Point","coordinates":[28.24875,-26.00575]}},{"type":"Feature","properties":{"id":"node/9168944955","name":"Olifantsfontein","network":"PRASA"},"geometry":{"type":"Point","coordinates":[28.23552,-25.96394]}},{"type":"Feature","properties":{"id":"node/9168944956","name":"Pinedene","network":"PRASA"},"geometry":{"type":"Point","coordinates":[28.22886,-25.91374]}},{"type":"Feature","properties":{"id":"node/9168944957","name":"Centurion","network":"PRASA"},"geometry":{"type":"Point","coordinates":[28.21088,-25.83487]}},{"type":"Feature","properties":{"id":"node/9168944958","name":"Kloofsig","network":"PRASA"},"geometry":{"type":"Point","coordinates":[28.20116,-25.81339]}},{"type":"Feature","properties":{"id":"node/9169149812","name":"Lynross","network":"PRASA"},"geometry":{"type":"Point","coordinates":[28.08209,-25.63426]}},{"type":"Feature","properties":{"id":"node/9169149813","name":"Daspoort","network":"PRASA"},"geometry":{"type":"Point","coordinates":[28.16586,-25.71478]}},{"type":"Feature","properties":{"id":"node/9169149814","name":"Technikon Rant","network":"PRASA"},"geometry":{"type":"Point","coordinates":[28.16714,-25.73277]}},{"type":"Feature","properties":{"id":"node/9169149815","name":"Golf","network":"PRASA"},"geometry":{"type":"Point","coordinates":[28.16109,-25.74009]}},{"type":"Feature","properties":{"id":"node/9169397864","name":"Akasiaboom","network":"PRASA"},"geometry":{"type":"Point","coordinates":[28.1073,-25.62385]}},{"type":"Feature","properties":{"id":"node/9169620692","name":"Silverton","network":"PRASA"},"geometry":{"type":"Point","coordinates":[28.29686,-25.72742]}},{"type":"Feature","properties":{"id":"node/9169620693","name":"Eersterust","network":"PRASA"},"geometry":{"type":"Point","coordinates":[28.30646,-25.72062]}},{"type":"Feature","properties":{"id":"node/13903059565","name":"Germiston Lake","network":"PRASA"},"geometry":{"type":"Point","coordinates":[28.16738,-26.23171]}},{"type":"Feature","properties":{"id":"way/4251316","name":"Unnamed","network":"PRASA"},"geometry":{"type":"LineString","coordinates":[[28.19465,-25.76411],[28.19485,-25.76412],[28.19503,-25.76412],[28.19519,-25.76411],[28.19532,-25.7641],[28.19544,-25.76408]]}},{"type":"Feature","properties":{"id":"way/4251408","name":"Unnamed","network":"PRASA"},"geometry":{"type":"LineString","coordinates":[[28.16848,-25.72988],[28.16846,-25.72995],[28.16833,-25.73055],[28.16828,-25.73073],[28.16822,-25.73091],[28.16813,-25.73113],[28.16802,-25.73134],[28.16788,-25.73157],[28.16752,-25.73214],[28.16716,-25.73271],[28.16679,-25.7333],[28.1666,-25.73362],[28.16634,-25.73402]]}},{"type":"Feature","properties":{"id":"way/4251729","name":"Unnamed","network":"PRASA"},"geometry":{"type":"LineString","coordinates":[[28.19987,-25.76094],[28.20026,-25.76063],[28.20046,-25.76047],[28.20061,-25.76036],[28.20078,-25.76023],[28.20093,-25.76013],[28.20108,-25.76005],[28.20122,-25.75998],[28.20139,-25.7599],[28.20154,-25.75984],[28.20169,-25.75979],[28.20182,-25.75976],[28.20195,-25.75973],[28.20216,-25.75968],[28.20235,-25.75966],[28.20252,-25.75965],[28.20267,-25.75964],[28.20287,-25.75965],[28.20318,-25.75967],[28.20562,-25.75999],[28.20903,-25.76042],[28.20996,-25.76054],[28.2109,-25.76069],[28.21133,-25.7607],[28.21165,-25.76069],[28.21189,-25.76066],[28.21218,-25.76058],[28.2124,-25.7605],[28.2132,-25.76021],[28.21396,-25.75992]]}},{"type":"Feature","properties":{"id":"way/4251762","name":"Unnamed","network":"PRASA"},"geometry":{"type":"LineString","coordinates":[[28.21861,-25.76012],[28.21895,-25.76011],[28.21914,-25.7601],[28.21931,-25.76007],[28.21945,-25.76004]]}},{"type":"Feature","properties":{"id":"way/4258578","name":"Unnamed","network":"PRASA"},"geometry":{"type":"LineString","coordinates":[[28.30774,-25.71937],[28.30807,-25.7191],[28.30827,-25.71893],[28.30846,-25.71879],[28.30862,-25.71868],[28.30881,-25.71856],[28.30898,-25.71846],[28.30913,-25.71838],[28.30928,-25.71829],[28.30954,-25.71817],[28.30984,-25.71804],[28.31007,-25.71795],[28.31024,-25.71789],[28.3105,-25.7178],[28.31071,-25.71775],[28.31098,-25.71768],[28.31127,-25.71763],[28.31147,-25.71759],[28.31172,-25.71756],[28.31197,-25.71754],[28.31288,-25.71748],[28.31296,-25.71748],[28.31326,-25.71744],[28.31375,-25.71738],[28.31392,-25.71736],[28.31415,-25.71734],[28.31427,-25.71733],[28.31474,-25.71731],[28.31568,-25.71726]]}},{"type":"Feature","properties":{"id":"way/4258777","name":"Unnamed","network":"PRASA"},"geometry":{"type":"LineString","coordinates":[[28.2937,-25.72752],[28.29436,-25.7275],[28.29484,-25.72749],[28.29529,-25.72746],[28.29559,-25.72744],[28.29699,-25.72734]]}},{"type":"Feature","properties":{"id":"way/4258874","name":"Unnamed","network":"PRASA"},"geometry":{"type":"LineString","coordinates":[[28.26866,-25.72976],[28.26884,-25.7296],[28.26898,-25.72947],[28.26918,-25.72927],[28.26929,-25.72916],[28.26942,-25.72902],[28.26956,-25.72884],[28.26966,-25.7287],[28.26975,-25.72851],[28.2698,-25.72839],[28.26984,-25.72829],[28.26988,-25.72816],[28.26991,-25.72802],[28.26992,-25.72792],[28.26993,-25.72783],[28.26994,-25.7277],[28.26993,-25.72755],[28.26992,-25.72743],[28.26991,-25.72733],[28.26988,-25.72719],[28.26985,-25.72708],[28.2698,-25.72696],[28.26972,-25.72679],[28.26965,-25.72665],[28.26958,-25.72654],[28.26952,-25.72645],[28.26943,-25.72635],[28.26936,-25.72627],[28.26929,-25.7262],[28.26921,-25.72613],[28.26914,-25.72606],[28.26907,-25.72601],[28.26893,-25.72591],[28.2688,-25.72583],[28.2687,-25.72578],[28.26857,-25.72572],[28.26846,-25.72568],[28.26833,-25.72563],[28.26825,-25.72561],[28.26809,-25.72557],[28.26789,-25.72553],[28.26759,-25.72547],[28.2675,-25.72544],[28.26736,-25.72542],[28.26711,-25.72539]]}},{"type":"Feature","properties":{"id":"way/4258875","name":"Unnamed","network":"PRASA"},"geometry":{"type":"LineString","coordinates":[[28.2654,-25.72527],[28.26515,-25.72524],[28.26488,-25.72519]]}},{"type":"Feature","properties":{"id":"way/4267075","name":"Unnamed","network":"PRASA"},"geometry":{"type":"LineString","coordinates":[[28.26488,-25.72519],[28.26442,-25.72511],[28.26401,-25.72502],[28.26363,-25.72493],[28.26282,-25.72473]]}},{"type":"Feature","properties":{"id":"way/4303166","name":"Unnamed","network":"PRASA"},"geometry":{"type":"LineString","coordinates":[[28.09508,-25.59345],[28.09515,-25.59358],[28.09529,-25.59385],[28.09546,-25.59413],[28.0956,-25.59436],[28.09575,-25.59457],[28.09591,-25.5948],[28.0962,-25.5952],[28.09656,-25.59568],[28.09688,-25.5961],[28.0972,-25.59653],[28.09749,-25.59692],[28.09768,-25.59716],[28.09789,-25.59744],[28.09806,-25.59766],[28.09845,-25.59818],[28.09889,-25.59876],[28.09938,-25.59941],[28.10126,-25.6019],[28.10171,-25.60249],[28.10215,-25.60307],[28.10263,-25.6037],[28.10294,-25.60411],[28.10319,-25.60446],[28.10335,-25.60467],[28.10358,-25.60501],[28.10381,-25.60538],[28.10402,-25.60575],[28.10425,-25.60619],[28.10433,-25.60637],[28.10444,-25.60661],[28.10455,-25.60688],[28.10469,-25.60723],[28.10478,-25.60751],[28.10489,-25.60788],[28.10498,-25.60821],[28.10507,-25.60863],[28.10511,-25.60884],[28.10516,-25.60918],[28.10525,-25.60977],[28.10533,-25.61038],[28.10544,-25.61112],[28.10555,-25.61188],[28.10563,-25.61245],[28.10573,-25.61314],[28.10581,-25.61371],[28.1059,-25.6143],[28.10598,-25.61483],[28.10608,-25.61551],[28.10619,-25.61629],[28.10626,-25.61682],[28.10635,-25.61741],[28.10643,-25.61798],[28.10652,-25.61861],[28.10662,-25.61927],[28.10668,-25.61974],[28.10671,-25.62006],[28.10672,-25.6202],[28.10683,-25.62145],[28.10685,-25.62168],[28.10688,-25.62191],[28.10695,-25.62237],[28.10713,-25.62377],[28.10732,-25.62495],[28.10739,-25.62537],[28.10751,-25.62596],[28.10763,-25.62655],[28.10774,-25.62708],[28.10778,-25.62731],[28.10831,-25.63098],[28.10844,-25.63185],[28.10848,-25.6322],[28.10855,-25.63256],[28.1086,-25.63284],[28.10865,-25.63304],[28.10873,-25.63335],[28.1088,-25.6336],[28.10892,-25.63396],[28.10906,-25.63435],[28.10921,-25.63472],[28.10932,-25.63497],[28.10948,-25.63531],[28.10971,-25.63571],[28.10994,-25.6361],[28.11026,-25.63659],[28.11054,-25.63696],[28.11092,-25.63744],[28.1111,-25.63763],[28.11139,-25.63794],[28.11153,-25.63809],[28.11186,-25.6384],[28.11208,-25.63859],[28.11272,-25.63911],[28.11332,-25.63959],[28.11429,-25.64036],[28.11498,-25.64091],[28.11581,-25.64157],[28.1164,-25.64205],[28.11718,-25.64266],[28.11747,-25.64288],[28.11783,-25.64315],[28.11811,-25.64334],[28.11844,-25.64354],[28.11878,-25.64374],[28.1192,-25.64397],[28.11954,-25.64414],[28.11981,-25.64426],[28.12022,-25.64443],[28.12047,-25.64452],[28.12071,-25.6446],[28.12104,-25.64469],[28.12139,-25.64479],[28.12201,-25.64496]]}},{"type":"Feature","properties":{"id":"way/4420058","name":"Unnamed","network":"PRASA"},"geometry":{"type":"LineString","coordinates":[[28.20623,-25.82565],[28.20682,-25.82682]]}},{"type":"Feature","properties":{"id":"way/4420059","name":"Unnamed","network":"PRASA"},"geometry":{"type":"LineString","coordinates":[[28.21269,-25.83853],[28.21302,-25.83918],[28.21326,-25.83965],[28.21351,-25.84015],[28.2136,-25.84031],[28.21372,-25.84051],[28.21387,-25.84075],[28.21406,-25.84103],[28.21425,-25.84128],[28.21442,-25.84148],[28.21461,-25.8417],[28.21475,-25.84185],[28.21495,-25.84205],[28.2153,-25.84238],[28.21605,-25.84307],[28.2166,-25.84359],[28.21704,-25.84399],[28.2176,-25.84452],[28.21831,-25.84517],[28.21884,-25.84567],[28.21909,-25.84591],[28.21929,-25.84613],[28.21957,-25.84645],[28.21969,-25.8466],[28.2199,-25.84687],[28.22003,-25.84706],[28.22021,-25.84733],[28.22037,-25.84758],[28.2205,-25.84782],[28.22064,-25.84808],[28.22077,-25.84834],[28.22091,-25.84867],[28.22101,-25.84893],[28.22158,-25.85039],[28.22194,-25.85131],[28.22232,-25.85228],[28.22248,-25.8527],[28.22255,-25.85289],[28.22262,-25.85313],[28.22268,-25.85335],[28.22272,-25.85351],[28.22275,-25.85363],[28.22278,-25.85374],[28.22282,-25.85397],[28.22286,-25.85419],[28.22289,-25.8544],[28.22292,-25.85463],[28.22294,-25.85485],[28.22296,-25.85526],[28.22295,-25.85544],[28.22295,-25.85575],[28.22294,-25.85593],[28.22292,-25.85636],[28.22291,-25.85657]]}},{"type":"Feature","properties":{"id":"way/4420061","name":"Unnamed","network":"PRASA"},"geometry":{"type":"LineString","coordinates":[[28.22288,-25.8579],[28.22286,-25.85846],[28.22278,-25.85997],[28.22274,-25.86082],[28.22264,-25.86267],[28.22259,-25.86372],[28.22258,-25.86393],[28.22257,-25.86421],[28.22257,-25.86447],[28.22258,-25.86461],[28.22259,-25.86487],[28.22261,-25.86518],[28.22266,-25.86557],[28.2227,-25.86579],[28.22278,-25.86623]]}},{"type":"Feature","properties":{"id":"way/4604304","name":"Unnamed","network":"PRASA"},"geometry":{"type":"LineString","coordinates":[[28.29699,-25.72734],[28.2974,-25.7273],[28.29778,-25.72724],[28.29803,-25.72719],[28.29841,-25.72708],[28.29858,-25.72703],[28.29881,-25.72695],[28.29898,-25.72689],[28.29909,-25.72684],[28.29932,-25.72674],[28.29953,-25.72663],[28.29973,-25.72652],[28.2999,-25.72643],[28.30002,-25.72634],[28.30028,-25.72617]]}},{"type":"Feature","properties":{"id":"way/4637880","name":"Unnamed","network":"PRASA"},"geometry":{"type":"LineString","coordinates":[[28.14322,-25.76333],[28.14327,-25.76323],[28.14334,-25.76308],[28.1434,-25.763],[28.14346,-25.7629],[28.14354,-25.76278],[28.14361,-25.76271],[28.14368,-25.76262],[28.14374,-25.76256],[28.14382,-25.76247],[28.14392,-25.76238],[28.14403,-25.76228],[28.14421,-25.76213],[28.14479,-25.76164],[28.145,-25.76146],[28.14522,-25.76128],[28.14548,-25.76106],[28.14576,-25.76086],[28.14593,-25.76077],[28.14611,-25.76067],[28.14635,-25.76057],[28.14653,-25.7605],[28.14694,-25.76036],[28.14836,-25.75988],[28.14969,-25.75943],[28.14997,-25.75934],[28.15019,-25.75927],[28.15038,-25.75921],[28.15064,-25.75915],[28.15081,-25.7591],[28.1516,-25.75893],[28.15201,-25.75884],[28.1534,-25.75853],[28.15453,-25.75829],[28.1554,-25.7581],[28.15557,-25.75806],[28.15651,-25.75787],[28.15697,-25.75778],[28.15757,-25.75766],[28.15901,-25.75737],[28.16125,-25.75691],[28.16261,-25.75664],[28.16309,-25.75654],[28.16318,-25.75653],[28.16329,-25.7565],[28.16341,-25.75648],[28.16365,-25.75645]]}},{"type":"Feature","properties":{"id":"way/4703175","name":"Unnamed","network":"PRASA"},"geometry":{"type":"LineString","coordinates":[[28.20682,-25.82682],[28.20691,-25.82701],[28.20749,-25.82816],[28.20752,-25.82823],[28.2079,-25.82897],[28.20806,-25.8293],[28.20818,-25.82954],[28.20844,-25.83005],[28.20873,-25.83063],[28.20901,-25.8312],[28.2093,-25.83177],[28.2096,-25.83237],[28.20996,-25.83309],[28.21024,-25.83365],[28.21045,-25.83405]]}},{"type":"Feature","properties":{"id":"way/7508013","name":"Unnamed","network":"PRASA"},"geometry":{"type":"LineString","coordinates":[[27.78688,-26.30423],[27.78924,-26.30408],[27.7912,-26.30396],[27.7923,-26.30388],[27.79476,-26.30373],[27.79642,-26.30362],[27.7982,-26.30351]]}},{"type":"Feature","properties":{"id":"way/7508015","name":"Unnamed","network":"PRASA"},"geometry":{"type":"LineString","coordinates":[[27.88774,-26.27288],[27.8878,-26.27239],[27.88783,-26.27221],[27.88786,-26.27205],[27.88791,-26.27188],[27.88798,-26.27165],[27.88805,-26.27145],[27.88816,-26.27121],[27.88826,-26.271],[27.88837,-26.27082],[27.88847,-26.27066],[27.8886,-26.27049],[27.88878,-26.27026],[27.88903,-26.26996],[27.88912,-26.26986],[27.88954,-26.26936],[27.88975,-26.26913],[27.88996,-26.2689],[27.89038,-26.26847],[27.89066,-26.26816],[27.89112,-26.26769],[27.89201,-26.26674],[27.89347,-26.26521],[27.89402,-26.26462],[27.89477,-26.26383],[27.89535,-26.26322],[27.89583,-26.26272],[27.89632,-26.2622],[27.89676,-26.26174]]}},{"type":"Feature","properties":{"id":"way/7520970","name":"Unnamed","network":"PRASA"},"geometry":{"type":"LineString","coordinates":[[27.82171,-26.25705],[27.8233,-26.25842],[27.8237,-26.25876],[27.82485,-26.25976],[27.82487,-26.25978],[27.82562,-26.26043],[27.82924,-26.26356],[27.82984,-26.26406],[27.83028,-26.26437],[27.83068,-26.26463],[27.83107,-26.26485],[27.8313,-26.26496],[27.83151,-26.26506],[27.83185,-26.26521],[27.83228,-26.26537],[27.83278,-26.26552],[27.83291,-26.26555],[27.83325,-26.26564],[27.83365,-26.26571],[27.83409,-26.26577],[27.8345,-26.26581],[27.83472,-26.26583],[27.83502,-26.26583],[27.83526,-26.26583],[27.83559,-26.26582],[27.83591,-26.2658],[27.83612,-26.26578],[27.83644,-26.26574],[27.83669,-26.2657],[27.83702,-26.26563],[27.83734,-26.26556],[27.83759,-26.26549],[27.83789,-26.2654],[27.83826,-26.26526],[27.83996,-26.26463],[27.8414,-26.2641],[27.84207,-26.26385],[27.84309,-26.26347],[27.8445,-26.26295],[27.84507,-26.26273],[27.84536,-26.26263],[27.84752,-26.26182],[27.8479,-26.26168],[27.84929,-26.26117],[27.8514,-26.26038],[27.85215,-26.26011],[27.85353,-26.25959],[27.85465,-26.25917],[27.85509,-26.25901],[27.85528,-26.25893],[27.85553,-26.25882]]}},{"type":"Feature","properties":{"id":"way/8407557","name":"Unnamed","network":"PRASA"},"geometry":{"type":"LineString","coordinates":[[28.19727,-25.80303],[28.19734,-25.80328],[28.19753,-25.80387],[28.19761,-25.80411],[28.19778,-25.80454],[28.19792,-25.80489],[28.19807,-25.80521],[28.19826,-25.8056],[28.19864,-25.80632],[28.1992,-25.80742],[28.19932,-25.80765],[28.19946,-25.80792],[28.19959,-25.8082],[28.19982,-25.80873],[28.20003,-25.80926],[28.20017,-25.80967],[28.20022,-25.80981],[28.2004,-25.81043],[28.20072,-25.81174],[28.20104,-25.813],[28.20113,-25.81332],[28.20133,-25.8141],[28.20148,-25.81468],[28.2016,-25.8151],[28.20171,-25.81542],[28.20184,-25.81579],[28.20207,-25.81642],[28.20238,-25.81726],[28.20251,-25.8176],[28.20262,-25.81789],[28.20274,-25.81823],[28.20288,-25.8186],[28.20305,-25.81908],[28.20322,-25.81951],[28.20338,-25.81991],[28.20344,-25.82006],[28.20355,-25.82029],[28.20381,-25.82082],[28.20407,-25.82135],[28.20572,-25.82464],[28.20623,-25.82565]]}},{"type":"Feature","properties":{"id":"way/22778977","name":"Unnamed","network":"PRASA"},"geometry":{"type":"LineString","coordinates":[[27.85231,-26.59692],[27.85226,-26.59663],[27.85213,-26.59583],[27.85208,-26.59552],[27.85205,-26.59531],[27.85202,-26.59495],[27.85201,-26.59463],[27.85201,-26.59443],[27.85202,-26.59414],[27.85205,-26.59386],[27.85208,-26.59367],[27.85209,-26.59355]]}},{"type":"Feature","properties":{"id":"way/22979088","name":"Unnamed","network":"PRASA"},"geometry":{"type":"LineString","coordinates":[[28.10479,-25.76314],[28.10573,-25.76428],[28.10718,-25.76605],[28.10809,-25.76717],[28.10863,-25.76781],[28.10877,-25.76797],[28.10897,-25.76819],[28.10912,-25.76833],[28.10931,-25.76849],[28.10947,-25.76861],[28.10969,-25.76876],[28.10989,-25.76888],[28.1101,-25.769],[28.11028,-25.76909],[28.11049,-25.76919],[28.11068,-25.76927],[28.11091,-25.76935],[28.11115,-25.76942],[28.11138,-25.76948],[28.11165,-25.76954],[28.11188,-25.76957],[28.11206,-25.7696],[28.11228,-25.76961],[28.11246,-25.76962],[28.11267,-25.76962],[28.11286,-25.76962],[28.11306,-25.76961],[28.11326,-25.76959],[28.11343,-25.76956],[28.11365,-25.76953],[28.11379,-25.7695],[28.11393,-25.76947],[28.11411,-25.76942],[28.11432,-25.76935],[28.11454,-25.76927],[28.11472,-25.7692],[28.1149,-25.76912],[28.11505,-25.76905],[28.11531,-25.76891],[28.11582,-25.7686],[28.11641,-25.76822],[28.11664,-25.76807],[28.11746,-25.76756],[28.11856,-25.76688],[28.11938,-25.76636],[28.12019,-25.76586],[28.12042,-25.76571],[28.12056,-25.76564],[28.12076,-25.76554],[28.12103,-25.76541],[28.12122,-25.76534],[28.12152,-25.76524],[28.12172,-25.7652],[28.12187,-25.76516],[28.12213,-25.76512],[28.12229,-25.7651],[28.12248,-25.76509],[28.12265,-25.76509],[28.12282,-25.76509],[28.12294,-25.76509],[28.12311,-25.7651],[28.12329,-25.76512],[28.12346,-25.76515],[28.12365,-25.76518],[28.12384,-25.76522],[28.12457,-25.76536],[28.12561,-25.76557],[28.12636,-25.76572],[28.1266,-25.76577],[28.12676,-25.76581],[28.12694,-25.76586],[28.12711,-25.76592],[28.12742,-25.76602],[28.12768,-25.76613],[28.12829,-25.76637]]}},{"type":"Feature","properties":{"id":"way/22979089","name":"Unnamed","network":"PRASA"},"geometry":{"type":"LineString","coordinates":[[28.29341,-25.72753],[28.29288,-25.72751],[28.29254,-25.7275],[28.29209,-25.72746],[28.29159,-25.72742],[28.29108,-25.72738],[28.29049,-25.72733],[28.28956,-25.72726],[28.28703,-25.72705],[28.2858,-25.72694],[28.28506,-25.72688],[28.28449,-25.72683],[28.28431,-25.72682],[28.28344,-25.72675]]}},{"type":"Feature","properties":{"id":"way/23060517","name":"Unnamed","network":"PRASA"},"geometry":{"type":"LineString","coordinates":[[28.02886,-26.22041],[28.02927,-26.22049],[28.02956,-26.22056],[28.02978,-26.22062],[28.03002,-26.2207],[28.03027,-26.22077],[28.03094,-26.22098],[28.03177,-26.22123],[28.03266,-26.22151],[28.03324,-26.22169],[28.0336,-26.2218],[28.03377,-26.22186],[28.03394,-26.22192],[28.03418,-26.22202],[28.03439,-26.22211],[28.0346,-26.22221],[28.03516,-26.22247],[28.03596,-26.22284],[28.03645,-26.22306],[28.03694,-26.2233],[28.03711,-26.22338],[28.03733,-26.22349],[28.03744,-26.22356],[28.03757,-26.22365],[28.03785,-26.22385],[28.03801,-26.22396],[28.0382,-26.22409],[28.03834,-26.22417],[28.03848,-26.22425],[28.0386,-26.22431],[28.03877,-26.22439],[28.03943,-26.22469],[28.04151,-26.22565],[28.04214,-26.22594],[28.0424,-26.22606],[28.04269,-26.22617],[28.04289,-26.22624],[28.04321,-26.22634],[28.04394,-26.22657],[28.044,-26.22659],[28.04452,-26.22674],[28.04494,-26.22683],[28.04508,-26.22686],[28.04527,-26.22687],[28.0456,-26.22686],[28.04588,-26.22682],[28.04616,-26.22676],[28.04749,-26.22642],[28.04879,-26.22608],[28.05168,-26.22534],[28.0523,-26.22518],[28.05292,-26.22502],[28.05334,-26.22492],[28.05367,-26.22485],[28.05409,-26.22479],[28.05431,-26.22477],[28.0545,-26.22476],[28.05471,-26.22474],[28.05491,-26.22474],[28.05512,-26.22474],[28.05531,-26.22475],[28.05551,-26.22476],[28.0557,-26.22478],[28.05586,-26.2248],[28.05602,-26.22482],[28.05622,-26.22485],[28.05643,-26.2249],[28.05665,-26.22495],[28.05681,-26.22499],[28.05694,-26.22502],[28.05728,-26.22513],[28.0584,-26.22551],[28.05948,-26.22587],[28.05971,-26.22594],[28.05994,-26.22601],[28.06007,-26.22603],[28.06023,-26.22606],[28.0604,-26.22609],[28.06055,-26.2261],[28.06069,-26.22611],[28.06091,-26.22612],[28.06114,-26.22611],[28.0613,-26.2261],[28.06148,-26.22608],[28.06179,-26.22604],[28.06201,-26.226],[28.06235,-26.22592],[28.06254,-26.22587],[28.06272,-26.22581],[28.06304,-26.22568],[28.06332,-26.22555],[28.06358,-26.22542],[28.06382,-26.22526],[28.06404,-26.22511],[28.06429,-26.22492],[28.06448,-26.22475],[28.06469,-26.22456],[28.06491,-26.2243],[28.06513,-26.22402],[28.06535,-26.22368],[28.06609,-26.22255],[28.06634,-26.22218],[28.06659,-26.22177],[28.06676,-26.22154],[28.06692,-26.22135],[28.06711,-26.22116],[28.06728,-26.22101],[28.06746,-26.22088],[28.06765,-26.22076],[28.06786,-26.22064],[28.06806,-26.22055],[28.0683,-26.22046],[28.06845,-26.2204],[28.06863,-26.22035],[28.07059,-26.21987],[28.07123,-26.21972],[28.07179,-26.21958],[28.07245,-26.21941],[28.0737,-26.21911]]}},{"type":"Feature","properties":{"id":"way/23097858","name":"Unnamed","network":"PRASA"},"geometry":{"type":"LineString","coordinates":[[28.25525,-26.03136],[28.25536,-26.03054],[28.25542,-26.03007],[28.25546,-26.02975],[28.25548,-26.02938],[28.2555,-26.0291],[28.2555,-26.0289],[28.25551,-26.0286],[28.2555,-26.02838],[28.2555,-26.0281],[28.25548,-26.02782],[28.25545,-26.02738],[28.25542,-26.027],[28.25537,-26.02654],[28.25536,-26.0263],[28.25528,-26.02592],[28.25523,-26.02565],[28.25521,-26.02555],[28.25514,-26.02523],[28.25489,-26.02428],[28.25464,-26.02356],[28.25449,-26.02317],[28.25436,-26.02286],[28.25417,-26.02243],[28.25398,-26.02204],[28.25375,-26.02158],[28.25358,-26.02129],[28.25296,-26.02025],[28.25236,-26.01924],[28.25094,-26.01687],[28.25066,-26.01641],[28.25049,-26.01609],[28.25032,-26.01578],[28.25018,-26.0155],[28.25008,-26.01527],[28.24985,-26.01473],[28.24961,-26.01413],[28.24943,-26.01359],[28.24927,-26.01305],[28.24917,-26.01267],[28.24909,-26.01229],[28.249,-26.01187],[28.24892,-26.01134],[28.24886,-26.01099],[28.24884,-26.01076],[28.24879,-26.01024],[28.24877,-26.00983],[28.24876,-26.00908],[28.24874,-26.00824],[28.24874,-26.00746],[28.24872,-26.00585],[28.24872,-26.00563],[28.2487,-26.00358],[28.24869,-26.00312],[28.24869,-26.00278],[28.24867,-26.00202],[28.24861,-26.00093],[28.24857,-26.00055],[28.24854,-26.00038],[28.24848,-25.99985],[28.24838,-25.99915],[28.24828,-25.99855],[28.24817,-25.99801],[28.24798,-25.99707],[28.24781,-25.99625],[28.2477,-25.99567],[28.24733,-25.99367],[28.24723,-25.99317],[28.24711,-25.99261],[28.24688,-25.9915],[28.24676,-25.99089],[28.2466,-25.99015],[28.2465,-25.98965],[28.24631,-25.98874],[28.24568,-25.98572],[28.24559,-25.98527]]}},{"type":"Feature","properties":{"id":"way/23139417","name":"Unnamed","network":"PRASA"},"geometry":{"type":"LineString","coordinates":[[27.93626,-26.66872],[27.93622,-26.66848],[27.93615,-26.66822],[27.93607,-26.66802],[27.93602,-26.66789],[27.93593,-26.66773],[27.93582,-26.66754],[27.93573,-26.66741],[27.93565,-26.6673],[27.93543,-26.66703],[27.93529,-26.66691],[27.93513,-26.66677],[27.93492,-26.66661],[27.93477,-26.66652],[27.93459,-26.66641],[27.93444,-26.66633],[27.93432,-26.66627],[27.93413,-26.6662],[27.93373,-26.66603]]}},{"type":"Feature","properties":{"id":"way/23139418","name":"Unnamed","network":"PRASA"},"geometry":{"type":"LineString","coordinates":[[27.93965,-26.66168],[27.93939,-26.662],[27.93915,-26.66232],[27.93879,-26.66275],[27.93863,-26.66296],[27.9384,-26.66324],[27.93828,-26.66342],[27.93816,-26.66361],[27.93794,-26.66396],[27.93785,-26.66413],[27.93775,-26.66431],[27.93765,-26.66452],[27.93755,-26.66479],[27.93746,-26.66501],[27.93734,-26.66539],[27.93725,-26.6657],[27.93709,-26.66636]]}},{"type":"Feature","properties":{"id":"way/23283270","name":"Unnamed","network":"PRASA"},"geometry":{"type":"LineString","coordinates":[[28.22302,-26.10079],[28.22328,-26.1012]]}},{"type":"Feature","properties":{"id":"way/23283271","name":"Unnamed","network":"PRASA"},"geometry":{"type":"LineString","coordinates":[[28.23301,-26.06904],[28.23161,-26.07059],[28.23099,-26.07129],[28.23059,-26.07175],[28.23024,-26.07224],[28.22996,-26.0726],[28.22973,-26.07295],[28.22948,-26.07335],[28.22918,-26.07387],[28.22858,-26.07495],[28.22786,-26.0762],[28.22691,-26.0779],[28.22658,-26.07844],[28.22623,-26.07898],[28.22523,-26.08027],[28.22399,-26.08178],[28.22371,-26.08216],[28.22345,-26.08257],[28.22325,-26.08291],[28.22307,-26.08327],[28.22283,-26.08378],[28.22267,-26.08423],[28.22252,-26.0847],[28.22245,-26.08499],[28.22239,-26.08521],[28.22234,-26.08546],[28.22224,-26.08593],[28.22213,-26.08643],[28.22176,-26.08813],[28.22154,-26.08913],[28.22121,-26.09063],[28.2211,-26.09121],[28.22102,-26.09183],[28.22098,-26.0923],[28.22096,-26.09258],[28.22095,-26.09292],[28.22094,-26.09348],[28.22096,-26.09397],[28.22101,-26.09469],[28.22108,-26.09531],[28.22115,-26.0958],[28.22119,-26.09602],[28.22123,-26.09622],[28.22132,-26.0966],[28.22139,-26.09688],[28.22149,-26.09727],[28.22158,-26.09757],[28.22179,-26.09814],[28.22193,-26.09855],[28.222,-26.09874],[28.2221,-26.09899],[28.22222,-26.09925],[28.22242,-26.09969],[28.22255,-26.09995],[28.22268,-26.1002],[28.22277,-26.10037],[28.22302,-26.10079]]}},{"type":"Feature","properties":{"id":"way/23284192","name":"Unnamed","network":"PRASA"},"geometry":{"type":"LineString","coordinates":[[27.77808,-26.10912],[27.77821,-26.10912],[27.7784,-26.10913],[27.7788,-26.10916],[27.77919,-26.10922],[27.77951,-26.10929],[27.77972,-26.10934],[27.78017,-26.10945],[27.78148,-26.10978],[27.78182,-26.10987],[27.78278,-26.11012],[27.78364,-26.11034],[27.78403,-26.11045],[27.78448,-26.11057],[27.78482,-26.11068],[27.78502,-26.11075],[27.78546,-26.1109],[27.78586,-26.11105],[27.78602,-26.11111],[27.78635,-26.11125],[27.78676,-26.11142],[27.78752,-26.11177],[27.78777,-26.11189],[27.78837,-26.1122],[27.78875,-26.11241],[27.78947,-26.11281],[27.79027,-26.11325],[27.79098,-26.11365],[27.79148,-26.11393],[27.79207,-26.11428],[27.79252,-26.11455],[27.79308,-26.11487],[27.79338,-26.11504],[27.79399,-26.11538],[27.79441,-26.1156],[27.79503,-26.11593],[27.79576,-26.11631],[27.79619,-26.11652],[27.79663,-26.11671],[27.79703,-26.11687],[27.79741,-26.117],[27.79783,-26.11713],[27.79831,-26.11725],[27.79875,-26.11734],[27.79922,-26.11744],[27.8002,-26.11762],[27.80071,-26.11771],[27.80135,-26.11784]]}},{"type":"Feature","properties":{"id":"way/24379422","name":"Unnamed","network":"PRASA"},"geometry":{"type":"LineString","coordinates":[[27.77759,-26.1091],[27.77808,-26.10912]]}},{"type":"Feature","properties":{"id":"way/24379423","name":"Unnamed","network":"PRASA"},"geometry":{"type":"LineString","coordinates":[[27.75535,-26.1108],[27.75626,-26.11072],[27.75719,-26.11063],[27.75849,-26.1105],[27.75898,-26.11045],[27.75957,-26.11041],[27.75989,-26.11038],[27.76034,-26.11038],[27.76086,-26.1104],[27.7612,-26.11043],[27.76149,-26.11047],[27.76164,-26.11049],[27.7619,-26.11053],[27.76225,-26.11058],[27.76245,-26.11061],[27.76264,-26.11063],[27.76291,-26.11066],[27.76321,-26.11067],[27.76343,-26.11068],[27.76371,-26.11067],[27.76398,-26.11066],[27.76424,-26.11064],[27.76439,-26.11062],[27.76461,-26.11059],[27.76498,-26.11052],[27.76519,-26.11047],[27.76547,-26.1104],[27.76632,-26.11017],[27.76689,-26.11],[27.76692,-26.10999]]}},{"type":"Feature","properties":{"id":"way/24561216","name":"Unnamed","network":"PRASA"},"geometry":{"type":"LineString","coordinates":[[27.93523,-26.67421],[27.9353,-26.6739],[27.93535,-26.67371],[27.9355,-26.67326],[27.93557,-26.67307],[27.93561,-26.67291],[27.93569,-26.67255],[27.93574,-26.67233],[27.9359,-26.67164],[27.93594,-26.67144],[27.93597,-26.67131],[27.936,-26.67118],[27.93608,-26.67082],[27.93611,-26.6707],[27.93619,-26.67034],[27.93631,-26.66976],[27.93639,-26.66933],[27.93647,-26.66897]]}},{"type":"Feature","properties":{"id":"way/24635492","name":"Unnamed","network":"PRASA"},"geometry":{"type":"LineString","coordinates":[[28.23988,-25.96805],[28.23982,-25.96792],[28.23962,-25.96754],[28.2395,-25.96733],[28.23933,-25.96704],[28.23924,-25.96692],[28.23909,-25.96672],[28.23894,-25.96655],[28.23878,-25.96638],[28.23864,-25.96626],[28.23851,-25.96614],[28.23824,-25.96594],[28.23786,-25.96566],[28.2375,-25.9654],[28.23723,-25.9652],[28.23666,-25.96479],[28.23603,-25.96434],[28.2357,-25.9641],[28.23506,-25.96364],[28.23433,-25.96312],[28.23405,-25.96291],[28.23362,-25.9626],[28.23343,-25.96245],[28.2332,-25.96226],[28.23305,-25.96211],[28.23288,-25.96192],[28.23274,-25.96175],[28.23265,-25.96161],[28.23254,-25.96145],[28.23239,-25.96117],[28.23231,-25.96102],[28.23223,-25.96083],[28.23216,-25.96066],[28.23207,-25.96041],[28.23203,-25.96026],[28.23198,-25.9601],[28.23194,-25.95989],[28.2319,-25.95969],[28.23187,-25.95947],[28.23186,-25.95932],[28.23185,-25.95909],[28.23186,-25.95889],[28.23187,-25.95875],[28.2319,-25.95848],[28.23194,-25.95825],[28.23203,-25.95779],[28.23216,-25.95717],[28.2323,-25.95647],[28.23242,-25.95591],[28.23253,-25.95538],[28.23266,-25.95472],[28.23275,-25.95427],[28.2329,-25.95357],[28.23297,-25.9532],[28.23308,-25.95265],[28.23316,-25.95228],[28.23329,-25.95165],[28.23346,-25.95082],[28.2335,-25.9506],[28.23357,-25.95027],[28.23363,-25.94988],[28.23366,-25.94966],[28.23368,-25.94947],[28.23371,-25.94925],[28.23373,-25.94899],[28.23374,-25.94885],[28.23376,-25.94855],[28.23377,-25.94825],[28.23377,-25.94788],[28.23377,-25.94733],[28.23378,-25.94682],[28.23378,-25.9465],[28.23378,-25.94597],[28.23378,-25.94556],[28.23378,-25.94317],[28.23379,-25.94198],[28.23379,-25.94137]]}},{"type":"Feature","properties":{"id":"way/25979387","name":"Unnamed","network":"PRASA"},"geometry":{"type":"LineString","coordinates":[[28.31449,-26.19772],[28.31425,-26.19759]]}},{"type":"Feature","properties":{"id":"way/25979425","name":"Unnamed","network":"PRASA"},"geometry":{"type":"LineString","coordinates":[[28.31425,-26.19759],[28.31413,-26.19753],[28.31386,-26.19742],[28.31363,-26.19736],[28.31348,-26.19734],[28.31326,-26.1973],[28.31308,-26.19729],[28.31289,-26.19729],[28.31274,-26.1973],[28.31249,-26.19733],[28.31216,-26.1974],[28.31171,-26.19753],[28.31149,-26.19759],[28.31133,-26.19765],[28.31113,-26.19774],[28.31089,-26.19786],[28.31049,-26.19805],[28.30961,-26.1985],[28.309,-26.19881],[28.3081,-26.19927],[28.3075,-26.19957],[28.30668,-26.19999],[28.30606,-26.2003],[28.30533,-26.20067],[28.30462,-26.20103],[28.3038,-26.20145],[28.30317,-26.20177],[28.30187,-26.20243],[28.30132,-26.2027],[28.29916,-26.2038],[28.29738,-26.2047],[28.29693,-26.20493],[28.29563,-26.20559],[28.29507,-26.20588],[28.29461,-26.20611],[28.29417,-26.20633],[28.29393,-26.20645]]}},{"type":"Feature","properties":{"id":"way/25979575","name":"Unnamed","network":"PRASA"},"geometry":{"type":"LineString","coordinates":[[28.33167,-26.21771],[28.33163,-26.21774],[28.33154,-26.21779],[28.33136,-26.2179],[28.33115,-26.21803],[28.33088,-26.21818],[28.33068,-26.21828],[28.33049,-26.21836],[28.33023,-26.21845],[28.33003,-26.21852],[28.32984,-26.21857],[28.3296,-26.21862],[28.32935,-26.21865],[28.3291,-26.21866],[28.32887,-26.21865],[28.32864,-26.21863],[28.32839,-26.21859],[28.32815,-26.21853],[28.32793,-26.21845],[28.32771,-26.21836],[28.32751,-26.21826],[28.32734,-26.21816],[28.32717,-26.21804],[28.32697,-26.21788],[28.32681,-26.21772],[28.32672,-26.21763],[28.32659,-26.21747],[28.32648,-26.21731],[28.32625,-26.21693],[28.32591,-26.21636],[28.32552,-26.21569],[28.32496,-26.21476],[28.32442,-26.21385],[28.32359,-26.21244],[28.3231,-26.21162],[28.323,-26.21144],[28.32253,-26.21064],[28.32189,-26.20958],[28.32159,-26.20906],[28.32096,-26.208],[28.32068,-26.20753],[28.32011,-26.20657],[28.31846,-26.20376],[28.3181,-26.20316],[28.31756,-26.20223],[28.31705,-26.20135],[28.31648,-26.20038],[28.3161,-26.19974],[28.31594,-26.19948],[28.31567,-26.19902],[28.31555,-26.19883],[28.31531,-26.19845],[28.31518,-26.1983],[28.31501,-26.19813],[28.31483,-26.19796],[28.31449,-26.19772]]}},{"type":"Feature","properties":{"id":"way/25995713","name":"Unnamed","network":"PRASA"},"geometry":{"type":"LineString","coordinates":[[28.31115,-26.18353],[28.31105,-26.18357],[28.31089,-26.18363]]}},{"type":"Feature","properties":{"id":"way/25995714","name":"Unnamed","network":"PRASA"},"geometry":{"type":"LineString","coordinates":[[28.33414,-26.17673],[28.33356,-26.17693],[28.33328,-26.17703],[28.33298,-26.17713],[28.33271,-26.17721],[28.33248,-26.17727],[28.33219,-26.17733],[28.33199,-26.17737],[28.33176,-26.17741],[28.33152,-26.17744],[28.33126,-26.17747],[28.33116,-26.17748],[28.33096,-26.1775],[28.33078,-26.17751],[28.33048,-26.17752],[28.32993,-26.17752],[28.32939,-26.17751],[28.32908,-26.17752],[28.32882,-26.17753],[28.32858,-26.17755],[28.32836,-26.17757],[28.32808,-26.17761],[28.32786,-26.17765],[28.32758,-26.1777],[28.32731,-26.17776],[28.3271,-26.17781],[28.32673,-26.17792],[28.32636,-26.17805],[28.32606,-26.17817],[28.32589,-26.17824],[28.32547,-26.17842],[28.32443,-26.17889],[28.32409,-26.17903],[28.32338,-26.17935],[28.32294,-26.17955],[28.32261,-26.17969],[28.32219,-26.17988],[28.32185,-26.18003],[28.32139,-26.18023],[28.32096,-26.18042],[28.32072,-26.18053],[28.32053,-26.18061],[28.3203,-26.1807],[28.32005,-26.18078],[28.31978,-26.18085],[28.31955,-26.1809],[28.31924,-26.18095],[28.31903,-26.18096],[28.31875,-26.18098],[28.31811,-26.181],[28.31767,-26.18102],[28.31707,-26.18106],[28.31683,-26.18107],[28.3166,-26.18108],[28.31634,-26.18111],[28.31613,-26.18115],[28.31597,-26.18118],[28.31581,-26.18122],[28.31566,-26.18126],[28.3155,-26.18132],[28.31534,-26.18138],[28.31517,-26.18145],[28.31501,-26.18153],[28.31479,-26.18163],[28.3144,-26.18184],[28.31385,-26.18213],[28.31338,-26.18239],[28.31285,-26.18268]]}},{"type":"Feature","properties":{"id":"way/25997738","name":"Unnamed","network":"PRASA"},"geometry":{"type":"LineString","coordinates":[[28.31089,-26.18363],[28.31024,-26.1838],[28.3099,-26.18385],[28.30937,-26.18387],[28.30749,-26.18385],[28.305,-26.18381],[28.30432,-26.18382],[28.30373,-26.18388],[28.30315,-26.18399],[28.30267,-26.18411],[28.3022,-26.18428],[28.30165,-26.18453],[28.30123,-26.18479],[28.30104,-26.18491],[28.30082,-26.18507],[28.30067,-26.1852],[28.30036,-26.18548],[28.29997,-26.1859],[28.29969,-26.18625],[28.2994,-26.18667],[28.29923,-26.18701],[28.29907,-26.18747],[28.29897,-26.18777],[28.2989,-26.18808],[28.29884,-26.18843],[28.29881,-26.18868],[28.29879,-26.18904],[28.2988,-26.18934],[28.29883,-26.18962],[28.29886,-26.18989],[28.29892,-26.19017],[28.29899,-26.19044],[28.29908,-26.1907],[28.29975,-26.19243],[28.29987,-26.19273],[28.29998,-26.19304],[28.30006,-26.19328],[28.30013,-26.19354],[28.30018,-26.19379],[28.30022,-26.19408],[28.30024,-26.19442],[28.30024,-26.1946],[28.30024,-26.1948],[28.30023,-26.19501],[28.30021,-26.19518],[28.30014,-26.1956],[28.3001,-26.19577],[28.30002,-26.19608],[28.29993,-26.19634],[28.2998,-26.19663],[28.29953,-26.1972],[28.29914,-26.19799],[28.29803,-26.20026],[28.2975,-26.20134],[28.29724,-26.20187],[28.29701,-26.20233],[28.29687,-26.20262],[28.2965,-26.20335],[28.29635,-26.20366],[28.29622,-26.20393],[28.29612,-26.2041],[28.29603,-26.20429],[28.29587,-26.20457],[28.29568,-26.20485],[28.29538,-26.20523],[28.29517,-26.20545],[28.29486,-26.20573],[28.29461,-26.20593],[28.29443,-26.20605],[28.29402,-26.20629],[28.29378,-26.20641],[28.29356,-26.20651],[28.29331,-26.20661],[28.29305,-26.20671],[28.2928,-26.2068]]}},{"type":"Feature","properties":{"id":"way/26356652","name":"Unnamed","network":"PRASA"},"geometry":{"type":"LineString","coordinates":[[28.33443,-26.17663],[28.33414,-26.17673]]}},{"type":"Feature","properties":{"id":"way/26413800","name":"Unnamed","network":"PRASA"},"geometry":{"type":"LineString","coordinates":[[28.25342,-26.21894],[28.25322,-26.21894]]}},{"type":"Feature","properties":{"id":"way/27509934","name":"Unnamed","network":"PRASA"},"geometry":{"type":"LineString","coordinates":[[28.19213,-26.24207],[28.19171,-26.24239],[28.19071,-26.24318],[28.18827,-26.2451],[28.18772,-26.24553],[28.18602,-26.24686],[28.18588,-26.24697],[28.18549,-26.24728],[28.18491,-26.24774],[28.18436,-26.24816],[28.18355,-26.24881],[28.18259,-26.24956],[28.18,-26.25159],[28.17942,-26.25205],[28.17793,-26.25321],[28.17762,-26.25346],[28.17729,-26.25372],[28.17673,-26.25416],[28.17608,-26.25467],[28.17551,-26.25512],[28.17465,-26.25579],[28.17384,-26.25643],[28.17312,-26.257],[28.17244,-26.25752],[28.17159,-26.2582],[28.1713,-26.25843],[28.17066,-26.25893],[28.17028,-26.25923],[28.17007,-26.2594],[28.16989,-26.25956],[28.16969,-26.25975],[28.1695,-26.25993],[28.16931,-26.26012],[28.16911,-26.26034],[28.16886,-26.26061],[28.16863,-26.2609],[28.16842,-26.26117],[28.1682,-26.26146],[28.168,-26.26176],[28.16783,-26.26203],[28.1677,-26.26224],[28.16758,-26.26247],[28.16742,-26.26278],[28.1673,-26.26303],[28.16717,-26.26331],[28.16707,-26.26354],[28.16688,-26.26406],[28.16679,-26.26433],[28.16668,-26.26468],[28.16659,-26.26501],[28.16651,-26.26524],[28.16649,-26.26531],[28.16643,-26.2656],[28.16637,-26.26588],[28.16631,-26.26611],[28.16623,-26.26636],[28.16613,-26.26663],[28.16606,-26.26681],[28.16598,-26.267],[28.16589,-26.26717],[28.16576,-26.2674],[28.16557,-26.26769],[28.16535,-26.26801],[28.16503,-26.26843],[28.16488,-26.26861],[28.1648,-26.26871],[28.1647,-26.26883],[28.16455,-26.26899],[28.16434,-26.26919],[28.16409,-26.2694],[28.16378,-26.26965],[28.16274,-26.27047],[28.16205,-26.27103],[28.16116,-26.27175],[28.16059,-26.27221],[28.1603,-26.27243],[28.15994,-26.27273],[28.15983,-26.27281]]}},{"type":"Feature","properties":{"id":"way/30215195","name":"Unnamed","network":"PRASA"},"geometry":{"type":"LineString","coordinates":[[28.39035,-26.26253],[28.39079,-26.26246]]}},{"type":"Feature","properties":{"id":"way/30215196","name":"Unnamed","network":"PRASA"},"geometry":{"type":"LineString","coordinates":[[28.43761,-26.2564],[28.43758,-26.25671],[28.43752,-26.25771],[28.4375,-26.2581],[28.43748,-26.25852],[28.43746,-26.25934],[28.43744,-26.26026],[28.43742,-26.26071],[28.4374,-26.26104],[28.43738,-26.26128],[28.43734,-26.26151],[28.43729,-26.26174],[28.43724,-26.26191],[28.43718,-26.26208],[28.43712,-26.26225],[28.43705,-26.26241],[28.43696,-26.26259],[28.43681,-26.26286],[28.43666,-26.26307],[28.4365,-26.26328],[28.43636,-26.26345],[28.4362,-26.26361],[28.43603,-26.26379],[28.4358,-26.26397],[28.43559,-26.26412],[28.43536,-26.26428],[28.43519,-26.26438],[28.43496,-26.2645],[28.43473,-26.26461],[28.43441,-26.26474],[28.4341,-26.26484],[28.4337,-26.26493],[28.43344,-26.26497],[28.43314,-26.26501],[28.4327,-26.26503],[28.43233,-26.26504],[28.4314,-26.26505],[28.42161,-26.26519],[28.42075,-26.2652],[28.42021,-26.2652],[28.41975,-26.26519],[28.41929,-26.26516],[28.41886,-26.26512],[28.4183,-26.26503],[28.41789,-26.26495],[28.41742,-26.26483],[28.41705,-26.26475],[28.41189,-26.26351],[28.40924,-26.26286],[28.40769,-26.26249],[28.40656,-26.26221]]}},{"type":"Feature","properties":{"id":"way/31722815","name":"Unnamed","network":"PRASA"},"geometry":{"type":"LineString","coordinates":[[28.12321,-25.64534],[28.12274,-25.64522],[28.12196,-25.64501],[28.12177,-25.64496],[28.12091,-25.64473],[28.11991,-25.64446],[28.11876,-25.64415],[28.10784,-25.64121],[28.10674,-25.64092],[28.10454,-25.64033],[28.10377,-25.64012],[28.10299,-25.63991],[28.10168,-25.63955],[28.10105,-25.63938],[28.10045,-25.63922],[28.09913,-25.63887],[28.09888,-25.6388],[28.09805,-25.63858],[28.09513,-25.63779],[28.09457,-25.63764],[28.09396,-25.63748],[28.09107,-25.6367],[28.09071,-25.6366],[28.09068,-25.6366],[28.08672,-25.63553],[28.08593,-25.63531],[28.08556,-25.6352],[28.08494,-25.635],[28.08446,-25.63485],[28.08399,-25.63471],[28.08327,-25.63451],[28.08242,-25.63428],[28.08089,-25.63387],[28.08006,-25.63366],[28.07888,-25.63341],[28.07835,-25.63328],[28.0771,-25.63294],[28.07527,-25.63245],[28.07331,-25.63192],[28.07165,-25.63147],[28.07047,-25.63116],[28.06905,-25.63077],[28.06703,-25.63023],[28.06454,-25.62956]]}},{"type":"Feature","properties":{"id":"way/31762656","name":"Unnamed","network":"PRASA"},"geometry":{"type":"LineString","coordinates":[[28.16821,-25.72642],[28.16813,-25.72629],[28.16808,-25.7262],[28.16805,-25.72615],[28.16794,-25.72599],[28.1679,-25.72593],[28.16781,-25.72579],[28.16777,-25.72572],[28.16772,-25.72563],[28.16767,-25.72555],[28.16763,-25.72547],[28.16748,-25.72516],[28.16724,-25.72459],[28.16635,-25.72255],[28.16622,-25.72225],[28.16608,-25.72195],[28.16605,-25.72186],[28.16597,-25.72166],[28.16592,-25.72148],[28.16588,-25.72137],[28.16585,-25.72127],[28.16582,-25.72121],[28.16576,-25.72107]]}},{"type":"Feature","properties":{"id":"way/31762757","name":"Unnamed","network":"PRASA"},"geometry":{"type":"LineString","coordinates":[[28.17179,-25.73649],[28.17223,-25.73652],[28.17272,-25.73657],[28.17366,-25.73664],[28.17398,-25.73667],[28.17429,-25.73671],[28.17456,-25.73674],[28.17489,-25.73678],[28.17504,-25.73679],[28.17705,-25.73701],[28.179,-25.73722]]}},{"type":"Feature","properties":{"id":"way/31762775","name":"Unnamed","network":"PRASA"},"geometry":{"type":"LineString","coordinates":[[28.1705,-25.71987],[28.17076,-25.71978],[28.17092,-25.71973],[28.17105,-25.71971],[28.17117,-25.71969],[28.17129,-25.71969],[28.17142,-25.71969],[28.17158,-25.7197],[28.17175,-25.71971],[28.17257,-25.71982],[28.17451,-25.72007],[28.1764,-25.72032],[28.1768,-25.72037],[28.17717,-25.72042],[28.17851,-25.72059],[28.17858,-25.7206]]}},{"type":"Feature","properties":{"id":"way/31762776","name":"Unnamed","network":"PRASA"},"geometry":{"type":"LineString","coordinates":[[28.16976,-25.72013],[28.1705,-25.71987]]}},{"type":"Feature","properties":{"id":"way/31762783","name":"Unnamed","network":"PRASA"},"geometry":{"type":"LineString","coordinates":[[28.18711,-25.7217],[28.18822,-25.72185],[28.18894,-25.72194],[28.18959,-25.72203],[28.19193,-25.72232],[28.19299,-25.72247],[28.19356,-25.72254],[28.1941,-25.7226],[28.19442,-25.72262],[28.19477,-25.72264],[28.19502,-25.72266],[28.19546,-25.72267],[28.19622,-25.72269],[28.19697,-25.7227],[28.19757,-25.72271],[28.19802,-25.72272],[28.19848,-25.72272],[28.1992,-25.72271],[28.19997,-25.72266],[28.2016,-25.72245]]}},{"type":"Feature","properties":{"id":"way/31762788","name":"Unnamed","network":"PRASA"},"geometry":{"type":"LineString","coordinates":[[28.18653,-25.72162],[28.18711,-25.7217]]}},{"type":"Feature","properties":{"id":"way/31762971","name":"Unnamed","network":"PRASA"},"geometry":{"type":"LineString","coordinates":[[28.2626,-25.72467],[28.2512,-25.72191],[28.24888,-25.72134],[28.24474,-25.72034],[28.24385,-25.72012],[28.24315,-25.71996],[28.24291,-25.71991],[28.24262,-25.71986],[28.24245,-25.71983],[28.24219,-25.71979],[28.24191,-25.71977],[28.24169,-25.71975],[28.24152,-25.71974],[28.24124,-25.71973],[28.2409,-25.71974],[28.2384,-25.71976],[28.22783,-25.71984],[28.22752,-25.71984],[28.22603,-25.71986],[28.2236,-25.71988],[28.22325,-25.71988],[28.22296,-25.71989],[28.2226,-25.71993],[28.22242,-25.71995],[28.22217,-25.71999],[28.22163,-25.72009],[28.22126,-25.72015],[28.22094,-25.72019],[28.22072,-25.72021],[28.22049,-25.72023],[28.22021,-25.72024],[28.21984,-25.72024],[28.21949,-25.72024],[28.21865,-25.72027],[28.2184,-25.72028],[28.21809,-25.7203],[28.21776,-25.72033],[28.21645,-25.72049],[28.21571,-25.72059],[28.21425,-25.72079],[28.21371,-25.72086],[28.21276,-25.72099],[28.21122,-25.7212],[28.21029,-25.72133],[28.20969,-25.7214],[28.20838,-25.72158],[28.20659,-25.72181],[28.20492,-25.72204]]}},{"type":"Feature","properties":{"id":"way/31762973","name":"Unnamed","network":"PRASA"},"geometry":{"type":"LineString","coordinates":[[28.26282,-25.72473],[28.2626,-25.72467]]}},{"type":"Feature","properties":{"id":"way/31762989","name":"Unnamed","network":"PRASA"},"geometry":{"type":"LineString","coordinates":[[28.27625,-25.72619],[28.27615,-25.72618],[28.27593,-25.72616]]}},{"type":"Feature","properties":{"id":"way/31763008","name":"Unnamed","network":"PRASA"},"geometry":{"type":"LineString","coordinates":[[28.2937,-25.72752],[28.29341,-25.72753]]}},{"type":"Feature","properties":{"id":"way/31763028","name":"Unnamed","network":"PRASA"},"geometry":{"type":"LineString","coordinates":[[28.30077,-25.72577],[28.30097,-25.72559],[28.30149,-25.72512],[28.30311,-25.72364],[28.30395,-25.72288],[28.30445,-25.72242],[28.30515,-25.72175],[28.30548,-25.72143],[28.30584,-25.7211],[28.3067,-25.72033],[28.30722,-25.71985],[28.30774,-25.71937]]}},{"type":"Feature","properties":{"id":"way/31763030","name":"Unnamed","network":"PRASA"},"geometry":{"type":"LineString","coordinates":[[28.30028,-25.72617],[28.30053,-25.72597],[28.30077,-25.72577]]}},{"type":"Feature","properties":{"id":"way/31763077","name":"Unnamed","network":"PRASA"},"geometry":{"type":"LineString","coordinates":[[28.35657,-25.72262],[28.3564,-25.72264]]}},{"type":"Feature","properties":{"id":"way/32200971","name":"Unnamed","network":"PRASA"},"geometry":{"type":"LineString","coordinates":[[28.41418,-26.17335],[28.41461,-26.17323],[28.4151,-26.17311],[28.41539,-26.17302],[28.41565,-26.17295],[28.41619,-26.17276],[28.41672,-26.17258],[28.41807,-26.17211],[28.41863,-26.17189],[28.41901,-26.17173],[28.41973,-26.17145],[28.4202,-26.17129],[28.4205,-26.1712],[28.42063,-26.17116],[28.42071,-26.17112],[28.42096,-26.17101],[28.42118,-26.1709],[28.42136,-26.17081],[28.42154,-26.17071],[28.42163,-26.17065],[28.42176,-26.17057],[28.42186,-26.17049],[28.42203,-26.17035],[28.42216,-26.17023],[28.4223,-26.17007],[28.42243,-26.16991],[28.42253,-26.16975],[28.42265,-26.16957],[28.42271,-26.16944],[28.42279,-26.16924],[28.42285,-26.16904],[28.42288,-26.1689],[28.42291,-26.16877],[28.42293,-26.16865],[28.42294,-26.16848],[28.42294,-26.16835],[28.42294,-26.16826],[28.42293,-26.16813],[28.4229,-26.16794],[28.42285,-26.16773],[28.4228,-26.16754],[28.42274,-26.1674],[28.42269,-26.16729],[28.42267,-26.16723],[28.42259,-26.16707],[28.42239,-26.16666],[28.42227,-26.16643],[28.42191,-26.16571],[28.42171,-26.1653],[28.42105,-26.16398],[28.42077,-26.16336],[28.42056,-26.16294],[28.42044,-26.1627],[28.42036,-26.16251],[28.42029,-26.16229],[28.42024,-26.1621],[28.4202,-26.16195],[28.42017,-26.16183],[28.42015,-26.16169],[28.42014,-26.16152],[28.42013,-26.16134],[28.42013,-26.16111],[28.42015,-26.16093],[28.42017,-26.16079],[28.42019,-26.16067],[28.42021,-26.16056],[28.42025,-26.16041],[28.42031,-26.16021],[28.42038,-26.16002],[28.42044,-26.15988],[28.42053,-26.1597],[28.42062,-26.15954],[28.42076,-26.15932],[28.42092,-26.1591],[28.42106,-26.15895],[28.42117,-26.15884],[28.42139,-26.15864],[28.42168,-26.15842],[28.42192,-26.15827]]}},{"type":"Feature","properties":{"id":"way/32225342","name":"Unnamed","network":"PRASA"},"geometry":{"type":"LineString","coordinates":[[28.45205,-26.28567],[28.45196,-26.28568],[28.45144,-26.2857],[28.45094,-26.28571],[28.45053,-26.2857],[28.45021,-26.28567],[28.44992,-26.28565],[28.4496,-26.2856],[28.44934,-26.28556],[28.44891,-26.28547],[28.44867,-26.28542],[28.44771,-26.28521],[28.44657,-26.28496],[28.44615,-26.28487],[28.44564,-26.28474],[28.44534,-26.28466],[28.44512,-26.2846],[28.44488,-26.28454],[28.44457,-26.28447]]}},{"type":"Feature","properties":{"id":"way/32225343","name":"Unnamed","network":"PRASA"},"geometry":{"type":"LineString","coordinates":[[28.45211,-26.28567],[28.45205,-26.28567]]}},{"type":"Feature","properties":{"id":"way/32225937","name":"Unnamed","network":"PRASA"},"geometry":{"type":"LineString","coordinates":[[28.44423,-26.28439],[28.44404,-26.28435],[28.44377,-26.28428],[28.44361,-26.28424],[28.4434,-26.28417],[28.44323,-26.2841],[28.44304,-26.28402],[28.44286,-26.28392],[28.4427,-26.28382],[28.44252,-26.28371],[28.44234,-26.28357],[28.44217,-26.28342]]}},{"type":"Feature","properties":{"id":"way/32225938","name":"Unnamed","network":"PRASA"},"geometry":{"type":"LineString","coordinates":[[28.44457,-26.28447],[28.44423,-26.28439]]}},{"type":"Feature","properties":{"id":"way/32225958","name":"Unnamed","network":"PRASA"},"geometry":{"type":"LineString","coordinates":[[28.44217,-26.28342],[28.44207,-26.28331],[28.44193,-26.28315],[28.44179,-26.28298],[28.44163,-26.28276],[28.44156,-26.28264]]}},{"type":"Feature","properties":{"id":"way/32225997","name":"Unnamed","network":"PRASA"},"geometry":{"type":"LineString","coordinates":[[28.44156,-26.28264],[28.44148,-26.2825],[28.4414,-26.28233],[28.44132,-26.28213],[28.44126,-26.28194],[28.44116,-26.28159],[28.44099,-26.28097],[28.44086,-26.28047],[28.43925,-26.27447],[28.4379,-26.26941],[28.43767,-26.26852],[28.4374,-26.26756],[28.43719,-26.26675],[28.43711,-26.26637],[28.43706,-26.26606],[28.43704,-26.26575],[28.43703,-26.26545],[28.43704,-26.26524],[28.43707,-26.26495],[28.43709,-26.26479],[28.43711,-26.26451],[28.43717,-26.26411],[28.43722,-26.26374],[28.43739,-26.26261],[28.43747,-26.262],[28.43753,-26.26151],[28.43754,-26.26107],[28.43755,-26.26062],[28.4376,-26.2593],[28.43761,-26.25878],[28.43762,-26.25818],[28.43764,-26.25765],[28.43764,-26.25743],[28.43763,-26.25699],[28.43762,-26.25686]]}},{"type":"Feature","properties":{"id":"way/32228814","name":"Unnamed","network":"PRASA"},"geometry":{"type":"LineString","coordinates":[[28.44158,-26.38966],[28.44145,-26.38952],[28.44131,-26.38937],[28.441,-26.38903]]}},{"type":"Feature","properties":{"id":"way/32228816","name":"Unnamed","network":"PRASA"},"geometry":{"type":"LineString","coordinates":[[28.441,-26.38903],[28.43893,-26.38684],[28.43813,-26.38598],[28.43784,-26.38564],[28.43751,-26.38518],[28.43731,-26.38488],[28.43717,-26.38463],[28.4371,-26.38448],[28.43684,-26.38397],[28.4366,-26.38333],[28.43649,-26.38295],[28.43638,-26.38251],[28.4363,-26.38202],[28.43611,-26.38051],[28.4359,-26.37891],[28.43574,-26.37765],[28.43567,-26.37718],[28.43562,-26.37668],[28.4356,-26.37636],[28.4356,-26.37607],[28.43563,-26.37561],[28.43566,-26.37531],[28.4357,-26.37501],[28.43577,-26.37458],[28.43586,-26.37424],[28.43599,-26.37385],[28.43611,-26.37351],[28.43615,-26.37343],[28.43619,-26.37332],[28.43635,-26.37294],[28.43666,-26.37216],[28.43724,-26.37076],[28.43747,-26.3702],[28.43795,-26.36902],[28.43798,-26.36893],[28.438,-26.36886],[28.43801,-26.36886],[28.43806,-26.36869],[28.43811,-26.36851],[28.43815,-26.36836],[28.4382,-26.3681],[28.43822,-26.36791],[28.43824,-26.36771],[28.43825,-26.36754],[28.43826,-26.36736],[28.43825,-26.36721],[28.43825,-26.36709],[28.43822,-26.3667],[28.43819,-26.36652],[28.43815,-26.36632],[28.43803,-26.36585],[28.43788,-26.36529],[28.43783,-26.36508],[28.43759,-26.36419],[28.4375,-26.36386],[28.43748,-26.36378],[28.43731,-26.36315],[28.43719,-26.36267],[28.43715,-26.36249],[28.43712,-26.36236],[28.43711,-26.36226],[28.43709,-26.36215],[28.43708,-26.36192],[28.43707,-26.36171],[28.43709,-26.3615],[28.43711,-26.36134],[28.43713,-26.36114],[28.43718,-26.36093],[28.43724,-26.36071],[28.43732,-26.36051],[28.43739,-26.36033],[28.43746,-26.36018],[28.43757,-26.35998],[28.43766,-26.35983],[28.43779,-26.35964],[28.43795,-26.35944],[28.43822,-26.35911],[28.43868,-26.35852],[28.43964,-26.35731],[28.44007,-26.35677],[28.44065,-26.35604],[28.44081,-26.35584],[28.44098,-26.35561],[28.44115,-26.35537],[28.44126,-26.35517],[28.44139,-26.35492],[28.44147,-26.35473],[28.44156,-26.35454],[28.4416,-26.35441],[28.44168,-26.35417],[28.44174,-26.354],[28.44176,-26.3539],[28.44181,-26.35368],[28.44184,-26.35349],[28.44185,-26.35335],[28.44187,-26.35315],[28.44188,-26.35283],[28.44188,-26.35264],[28.44188,-26.35254],[28.44187,-26.35243],[28.44186,-26.35231],[28.44184,-26.35209],[28.44181,-26.35178],[28.44174,-26.35111],[28.44166,-26.35024],[28.44161,-26.34965],[28.44157,-26.34927],[28.44144,-26.34797],[28.44138,-26.34732],[28.44135,-26.34701],[28.44132,-26.34669],[28.44125,-26.34601],[28.44121,-26.34556],[28.44118,-26.34522],[28.44114,-26.34475],[28.44111,-26.34454],[28.44107,-26.34429],[28.441,-26.34391],[28.44085,-26.34339],[28.4408,-26.34324],[28.44072,-26.343],[28.44065,-26.34281],[28.44055,-26.34259],[28.4404,-26.34227],[28.43965,-26.3408],[28.43932,-26.34015],[28.43916,-26.33979],[28.43907,-26.33955],[28.43899,-26.3393],[28.43888,-26.33889],[28.43883,-26.33868],[28.43878,-26.33834],[28.43875,-26.33804],[28.43874,-26.33783],[28.43874,-26.33745],[28.43875,-26.33719],[28.43877,-26.33694],[28.43882,-26.33665],[28.43888,-26.33635],[28.43894,-26.3361],[28.43903,-26.33581],[28.43913,-26.33554],[28.43923,-26.33531],[28.43936,-26.33504],[28.43949,-26.33478],[28.43964,-26.33454],[28.4398,-26.3343],[28.43993,-26.33411],[28.44015,-26.33383],[28.44031,-26.33365],[28.4405,-26.33345],[28.44072,-26.33323],[28.4414,-26.33261],[28.44195,-26.3321],[28.44263,-26.33148],[28.44339,-26.33077],[28.44439,-26.32986],[28.44527,-26.32905],[28.44606,-26.32833],[28.44707,-26.3274],[28.4483,-26.32627],[28.44996,-26.32473],[28.45059,-26.32417],[28.45266,-26.32226],[28.45653,-26.31871],[28.45728,-26.31801],[28.45804,-26.31732],[28.45902,-26.31641],[28.46011,-26.31541],[28.46081,-26.31478],[28.46271,-26.31302],[28.46367,-26.31215],[28.46464,-26.31125],[28.46543,-26.31052],[28.46588,-26.31011],[28.46644,-26.30959],[28.46725,-26.30885],[28.46787,-26.30828],[28.46868,-26.30754],[28.46957,-26.30672],[28.47054,-26.30583],[28.471,-26.30541],[28.47136,-26.30504],[28.47156,-26.30482],[28.47172,-26.30463],[28.47198,-26.3043],[28.47216,-26.30405],[28.47234,-26.30378],[28.47251,-26.30348],[28.47265,-26.30323],[28.47277,-26.30296],[28.47287,-26.30274],[28.47298,-26.30246],[28.47308,-26.30217],[28.47316,-26.3019],[28.4732,-26.30178],[28.47326,-26.3015],[28.4733,-26.30137],[28.47334,-26.30114],[28.47337,-26.30096],[28.47339,-26.30079],[28.47342,-26.3005],[28.47349,-26.29965],[28.47355,-26.2988],[28.47359,-26.29824],[28.47363,-26.29782],[28.47366,-26.29738],[28.47366,-26.29726],[28.47366,-26.2971],[28.47366,-26.29695],[28.47365,-26.29684],[28.47363,-26.29672],[28.4736,-26.29656],[28.47356,-26.2964],[28.47354,-26.29629],[28.4735,-26.29619],[28.47345,-26.29604],[28.47338,-26.29587],[28.47333,-26.29577],[28.47329,-26.29569],[28.47321,-26.29556],[28.47312,-26.29541],[28.47306,-26.29532],[28.47296,-26.29519],[28.47283,-26.29505],[28.47269,-26.29489],[28.47254,-26.29476],[28.4724,-26.29464],[28.47207,-26.29437],[28.47188,-26.29421],[28.47058,-26.29316],[28.46943,-26.29222],[28.46877,-26.29169],[28.46823,-26.29124],[28.46716,-26.29037],[28.46671,-26.29],[28.46653,-26.28986],[28.46637,-26.28973],[28.46625,-26.28962],[28.46608,-26.2895],[28.46594,-26.28941],[28.46576,-26.28929],[28.46543,-26.28912],[28.46482,-26.28883],[28.46354,-26.28822],[28.46238,-26.28767],[28.46153,-26.28727],[28.46115,-26.28708],[28.46054,-26.28682],[28.46007,-26.28663],[28.45962,-26.28647],[28.45915,-26.28632],[28.45875,-26.2862],[28.45841,-26.2861],[28.45812,-26.28603],[28.45779,-26.28596],[28.45739,-26.28587],[28.45698,-26.2858],[28.45654,-26.28573],[28.45618,-26.28568],[28.45575,-26.28564],[28.45544,-26.28561],[28.45507,-26.28559],[28.45479,-26.28558],[28.45444,-26.28557],[28.45421,-26.28557],[28.45379,-26.28557],[28.45322,-26.2856],[28.45211,-26.28567]]}},{"type":"Feature","properties":{"id":"way/32259767","name":"Unnamed","network":"PRASA"},"geometry":{"type":"LineString","coordinates":[[28.22323,-26.13183],[28.22314,-26.13208]]}},{"type":"Feature","properties":{"id":"way/32259770","name":"Unnamed","network":"PRASA"},"geometry":{"type":"LineString","coordinates":[[28.22334,-26.13154],[28.22323,-26.13183]]}},{"type":"Feature","properties":{"id":"way/32259773","name":"Unnamed","network":"PRASA"},"geometry":{"type":"LineString","coordinates":[[28.22364,-26.13067],[28.22334,-26.13154]]}},{"type":"Feature","properties":{"id":"way/32259803","name":"Unnamed","network":"PRASA"},"geometry":{"type":"LineString","coordinates":[[28.22314,-26.13208],[28.22314,-26.13209],[28.22311,-26.13217],[28.22289,-26.1328],[28.22258,-26.13368],[28.22234,-26.13437],[28.22207,-26.13511],[28.22173,-26.13609],[28.22147,-26.13681],[28.22141,-26.13699],[28.22106,-26.13796],[28.22102,-26.13808],[28.22076,-26.13881],[28.22049,-26.13958],[28.21995,-26.14111],[28.21795,-26.14674],[28.2178,-26.14713],[28.21763,-26.14749],[28.21759,-26.1476],[28.2175,-26.14778],[28.21725,-26.14823],[28.21698,-26.14869],[28.21527,-26.15152],[28.21393,-26.15374],[28.21348,-26.15442],[28.21309,-26.15503],[28.2126,-26.15577],[28.21203,-26.15665],[28.21145,-26.15754],[28.2103,-26.1593],[28.20971,-26.1602],[28.20951,-26.16052],[28.2083,-26.16236],[28.2081,-26.16267],[28.20771,-26.16328],[28.2076,-26.16345],[28.20727,-26.16395],[28.20601,-26.16587],[28.20588,-26.16609],[28.205,-26.16744],[28.20426,-26.16856],[28.20393,-26.16909],[28.2038,-26.16928],[28.20364,-26.16954],[28.20327,-26.17011],[28.20298,-26.17056],[28.20278,-26.17087],[28.20263,-26.17116],[28.20248,-26.17148],[28.20235,-26.17179],[28.20223,-26.17215],[28.20214,-26.17247],[28.2021,-26.1726],[28.20192,-26.17323],[28.20176,-26.17378],[28.20096,-26.17663],[28.19997,-26.18011],[28.19941,-26.18208],[28.19929,-26.1825],[28.19913,-26.18309],[28.19897,-26.18367],[28.19863,-26.18486]]}},{"type":"Feature","properties":{"id":"way/32260047","name":"Unnamed","network":"PRASA"},"geometry":{"type":"LineString","coordinates":[[28.18567,-26.21487],[28.18581,-26.215],[28.18599,-26.21514],[28.18622,-26.21532],[28.18651,-26.21554],[28.18668,-26.21565],[28.18684,-26.21576],[28.18701,-26.21584],[28.18724,-26.21593],[28.18746,-26.21601],[28.18778,-26.21613],[28.18797,-26.21621],[28.18818,-26.21632],[28.18843,-26.21648],[28.18859,-26.21662],[28.18944,-26.21751],[28.19049,-26.21861],[28.19069,-26.21884],[28.19085,-26.21905],[28.19102,-26.21933],[28.19111,-26.21949],[28.1912,-26.21971],[28.19131,-26.21998],[28.19138,-26.22026],[28.19141,-26.22043],[28.19152,-26.22096],[28.19158,-26.22132],[28.1916,-26.2214],[28.19161,-26.22145],[28.19172,-26.22185],[28.19229,-26.22398],[28.19251,-26.22479],[28.19273,-26.22562],[28.19276,-26.22573],[28.19383,-26.22971]]}},{"type":"Feature","properties":{"id":"way/32473263","name":"Unnamed","network":"PRASA"},"geometry":{"type":"LineString","coordinates":[[28.22805,-26.11193],[28.22807,-26.11221]]}},{"type":"Feature","properties":{"id":"way/32473264","name":"Unnamed","network":"PRASA"},"geometry":{"type":"LineString","coordinates":[[28.22328,-26.1012],[28.22344,-26.10146],[28.22379,-26.10199],[28.22411,-26.10249],[28.22475,-26.10347],[28.22484,-26.10361],[28.22513,-26.10408],[28.22528,-26.10427],[28.22557,-26.10474],[28.22587,-26.10521],[28.226,-26.10542],[28.22612,-26.10562],[28.2262,-26.10576],[28.22629,-26.10594],[28.2264,-26.10615],[28.22653,-26.10643],[28.22666,-26.10678],[28.22687,-26.10736],[28.22715,-26.10826],[28.22755,-26.10951],[28.2277,-26.10997],[28.22786,-26.11048],[28.22793,-26.11078],[28.22797,-26.11106],[28.228,-26.11138],[28.22805,-26.11193]]}},{"type":"Feature","properties":{"id":"way/32485798","name":"Unnamed","network":"PRASA"},"geometry":{"type":"LineString","coordinates":[[28.20378,-26.0238],[28.20507,-26.02285],[28.20799,-26.02068],[28.21221,-26.01757],[28.21277,-26.01714]]}},{"type":"Feature","properties":{"id":"way/32485801","name":"Unnamed","network":"PRASA"},"geometry":{"type":"LineString","coordinates":[[28.21277,-26.01714],[28.21295,-26.01697]]}},{"type":"Feature","properties":{"id":"way/32486446","name":"Unnamed","network":"PRASA"},"geometry":{"type":"LineString","coordinates":[[28.20357,-26.02395],[28.20378,-26.0238]]}},{"type":"Feature","properties":{"id":"way/32486448","name":"Unnamed","network":"PRASA"},"geometry":{"type":"LineString","coordinates":[[28.19548,-26.02992],[28.19634,-26.02928],[28.1975,-26.02842],[28.19779,-26.02821],[28.19827,-26.02786],[28.19878,-26.02748],[28.19917,-26.02719],[28.19971,-26.0268],[28.1999,-26.02666],[28.20051,-26.0262],[28.20112,-26.02576],[28.20245,-26.02477],[28.20312,-26.02428],[28.20357,-26.02395]]}},{"type":"Feature","properties":{"id":"way/32486599","name":"Unnamed","network":"PRASA"},"geometry":{"type":"LineString","coordinates":[[28.24559,-25.98527],[28.24553,-25.98503]]}},{"type":"Feature","properties":{"id":"way/32486606","name":"Unnamed","network":"PRASA"},"geometry":{"type":"LineString","coordinates":[[28.24553,-25.98503],[28.24529,-25.98386],[28.24507,-25.98282],[28.24502,-25.98257],[28.24496,-25.98229],[28.24486,-25.98182],[28.24474,-25.98122],[28.24459,-25.98051],[28.24443,-25.97976],[28.24412,-25.97824],[28.24385,-25.97696],[28.24367,-25.97626],[28.24354,-25.97584],[28.24342,-25.97549],[28.24329,-25.97514],[28.24317,-25.97482],[28.24309,-25.97464],[28.243,-25.97441],[28.24293,-25.97422],[28.24264,-25.97365],[28.2423,-25.97296]]}},{"type":"Feature","properties":{"id":"way/32489642","name":"Unnamed","network":"PRASA"},"geometry":{"type":"LineString","coordinates":[[28.23799,-26.01542],[28.23818,-26.01554]]}},{"type":"Feature","properties":{"id":"way/32489648","name":"Unnamed","network":"PRASA"},"geometry":{"type":"LineString","coordinates":[[28.21295,-26.01697],[28.21322,-26.0167],[28.21348,-26.01641],[28.21364,-26.01621],[28.21391,-26.01583],[28.21403,-26.01564],[28.21418,-26.01537],[28.21435,-26.01505],[28.21448,-26.01474],[28.21457,-26.0145],[28.21465,-26.01425],[28.21473,-26.01396],[28.21478,-26.01374],[28.21484,-26.01344],[28.21486,-26.01324],[28.21488,-26.01302],[28.2149,-26.01278],[28.21491,-26.01261],[28.2149,-26.01238],[28.21489,-26.01205],[28.21485,-26.01162],[28.21481,-26.01119],[28.21474,-26.01043],[28.21471,-26.00993],[28.2147,-26.00968],[28.21469,-26.00945],[28.2147,-26.00916],[28.21472,-26.00892],[28.21474,-26.0087],[28.21477,-26.00849],[28.21481,-26.0083],[28.21486,-26.00807],[28.21495,-26.00779],[28.21504,-26.00749],[28.21514,-26.00725],[28.21522,-26.00705],[28.21533,-26.00683],[28.21549,-26.00654],[28.2156,-26.00634],[28.21576,-26.0061],[28.21601,-26.00577],[28.21617,-26.00558],[28.21634,-26.00538],[28.21652,-26.0052],[28.2167,-26.00502],[28.21688,-26.00486],[28.21712,-26.00467],[28.21729,-26.00454],[28.21745,-26.00443],[28.21765,-26.00429],[28.21783,-26.00418],[28.21806,-26.00405],[28.21826,-26.00393],[28.2185,-26.00382],[28.21871,-26.00373],[28.21898,-26.00362],[28.21923,-26.00353],[28.21947,-26.00345],[28.21968,-26.00339],[28.21991,-26.00333],[28.22012,-26.00328],[28.22037,-26.00323],[28.22062,-26.00319],[28.22094,-26.00315],[28.2212,-26.00313],[28.22154,-26.00311],[28.22201,-26.00311],[28.22227,-26.00313],[28.22261,-26.00316],[28.2229,-26.0032],[28.22314,-26.00324],[28.22336,-26.00328],[28.22365,-26.00335],[28.22393,-26.00343],[28.2242,-26.00351],[28.22444,-26.0036],[28.22468,-26.00369],[28.2249,-26.00379],[28.22513,-26.0039],[28.22529,-26.00398],[28.22549,-26.00409],[28.2257,-26.00422],[28.22607,-26.00445],[28.22629,-26.00461],[28.22646,-26.00475],[28.2267,-26.00496],[28.22692,-26.00517],[28.22752,-26.00575],[28.22867,-26.0069],[28.22916,-26.00739],[28.22948,-26.00771],[28.23138,-26.00961],[28.23346,-26.01168],[28.23369,-26.0119],[28.2345,-26.0127],[28.23463,-26.01285],[28.23513,-26.01333],[28.23537,-26.01358],[28.23557,-26.01377],[28.23579,-26.01395],[28.23601,-26.01413],[28.23625,-26.01431],[28.23645,-26.01445],[28.23688,-26.01474],[28.23799,-26.01542]]}},{"type":"Feature","properties":{"id":"way/35415043","name":"Unnamed","network":"PRASA"},"geometry":{"type":"LineString","coordinates":[[28.24366,-26.21901],[28.24342,-26.21902]]}},{"type":"Feature","properties":{"id":"way/35415044","name":"Unnamed","network":"PRASA"},"geometry":{"type":"LineString","coordinates":[[28.25322,-26.21894],[28.24788,-26.21899],[28.24366,-26.21901]]}},{"type":"Feature","properties":{"id":"way/38107792","name":"Unnamed","network":"PRASA"},"geometry":{"type":"LineString","coordinates":[[28.078,-26.20853],[28.07857,-26.20827],[28.07904,-26.20805],[28.07977,-26.20771],[28.08097,-26.20715],[28.08156,-26.20688],[28.08179,-26.20677],[28.08204,-26.20666],[28.08238,-26.20652],[28.08277,-26.20637],[28.08294,-26.20631],[28.0831,-26.20625],[28.08328,-26.20619],[28.08342,-26.20616],[28.08359,-26.20612],[28.08372,-26.2061],[28.08387,-26.20608],[28.084,-26.20608],[28.0842,-26.20607]]}},{"type":"Feature","properties":{"id":"way/38107793","name":"Unnamed","network":"PRASA"},"geometry":{"type":"LineString","coordinates":[[28.08587,-26.20674],[28.08566,-26.20665],[28.08543,-26.20658],[28.08535,-26.20656],[28.08514,-26.20652],[28.08498,-26.20649]]}},{"type":"Feature","properties":{"id":"way/38107795","name":"Unnamed","network":"PRASA"},"geometry":{"type":"LineString","coordinates":[[28.0842,-26.20607],[28.08437,-26.20608],[28.0845,-26.20609],[28.08474,-26.20613],[28.08495,-26.20617],[28.0851,-26.20622],[28.08527,-26.20627],[28.08543,-26.20633],[28.08561,-26.20641],[28.08583,-26.20652],[28.08602,-26.20662],[28.08617,-26.20669]]}},{"type":"Feature","properties":{"id":"way/38107796","name":"Unnamed","network":"PRASA"},"geometry":{"type":"LineString","coordinates":[[28.08498,-26.20649],[28.08484,-26.20648],[28.08468,-26.20648],[28.08456,-26.20649],[28.08444,-26.2065],[28.08425,-26.20652],[28.0841,-26.20655],[28.08394,-26.20659],[28.08374,-26.20666],[28.08356,-26.20672],[28.0833,-26.2068],[28.08296,-26.20691],[28.08265,-26.20701],[28.08244,-26.20709]]}},{"type":"Feature","properties":{"id":"way/38384361","name":"Unnamed","network":"PRASA"},"geometry":{"type":"LineString","coordinates":[[28.07497,-26.21929],[28.07486,-26.2193],[28.07456,-26.21933],[28.07379,-26.21937],[28.07352,-26.21939],[28.07337,-26.21941],[28.07321,-26.21944],[28.073,-26.21949],[28.07259,-26.21959],[28.07252,-26.21961],[28.07127,-26.21991],[28.0687,-26.22055],[28.06851,-26.22059],[28.06836,-26.22064],[28.06816,-26.2207],[28.06805,-26.22075],[28.06795,-26.22079],[28.06774,-26.22089],[28.06754,-26.22101],[28.06739,-26.22111],[28.06724,-26.22123],[28.06716,-26.22131],[28.06704,-26.22143],[28.06688,-26.22161],[28.06672,-26.22183],[28.06621,-26.22262],[28.06543,-26.22379],[28.06523,-26.2241],[28.065,-26.22439],[28.06478,-26.22463],[28.06456,-26.22484],[28.06439,-26.22501],[28.06413,-26.22522],[28.06391,-26.22536],[28.06365,-26.22553],[28.06339,-26.22566],[28.0631,-26.2258],[28.06277,-26.22592],[28.0624,-26.22603],[28.06204,-26.22612],[28.06176,-26.22616],[28.06163,-26.22619],[28.06149,-26.2262],[28.06132,-26.22622],[28.06117,-26.22623],[28.0609,-26.22624],[28.06065,-26.22623],[28.06052,-26.22622],[28.06037,-26.2262],[28.06017,-26.22617],[28.05991,-26.22612],[28.05967,-26.22605],[28.05943,-26.22598],[28.05724,-26.22524],[28.0569,-26.22514],[28.05659,-26.22505],[28.05632,-26.22499],[28.05599,-26.22494],[28.05584,-26.22491],[28.05568,-26.2249],[28.0555,-26.22488],[28.0553,-26.22487],[28.05512,-26.22486],[28.0549,-26.22486],[28.0547,-26.22486],[28.05449,-26.22488],[28.05429,-26.22489],[28.05411,-26.22491],[28.05372,-26.22497],[28.05337,-26.22504],[28.05296,-26.22514],[28.05233,-26.2253],[28.0517,-26.22546],[28.04881,-26.22619],[28.04788,-26.22643]]}},{"type":"Feature","properties":{"id":"way/41262170","name":"Unnamed","network":"PRASA"},"geometry":{"type":"LineString","coordinates":[[28.25404,-26.03985],[28.25397,-26.04028],[28.25388,-26.04089],[28.25386,-26.04107],[28.25378,-26.04157],[28.25376,-26.04171],[28.25371,-26.04208],[28.25357,-26.04301],[28.25351,-26.04342],[28.25335,-26.04452],[28.25327,-26.04494],[28.25317,-26.04537],[28.25306,-26.04572],[28.2529,-26.04616],[28.25278,-26.04646],[28.25252,-26.04697],[28.2522,-26.04753],[28.25193,-26.04792],[28.25145,-26.04851],[28.25059,-26.04946],[28.25012,-26.05],[28.24765,-26.05276],[28.24681,-26.05369],[28.24426,-26.05652],[28.2434,-26.05749],[28.24203,-26.05902],[28.23889,-26.06251],[28.23792,-26.06358],[28.23711,-26.06449],[28.23661,-26.06503],[28.23642,-26.06524],[28.23453,-26.06737],[28.23392,-26.06803],[28.23371,-26.06826],[28.23324,-26.0688],[28.23317,-26.06887]]}},{"type":"Feature","properties":{"id":"way/41262172","name":"Unnamed","network":"PRASA"},"geometry":{"type":"LineString","coordinates":[[28.23317,-26.06887],[28.23301,-26.06904]]}},{"type":"Feature","properties":{"id":"way/58365742","name":"Unnamed","network":"PRASA"},"geometry":{"type":"LineString","coordinates":[[28.19259,-25.78174],[28.1926,-25.78188],[28.19262,-25.78205],[28.19265,-25.7823],[28.19269,-25.78252],[28.19274,-25.78271],[28.1928,-25.78296],[28.19286,-25.78316],[28.19294,-25.78342],[28.19296,-25.78345],[28.19302,-25.78363],[28.19329,-25.7843],[28.19347,-25.78475],[28.19377,-25.78548],[28.19393,-25.78587],[28.19418,-25.78649],[28.19481,-25.78804],[28.19526,-25.78916],[28.19538,-25.78947],[28.19546,-25.78969],[28.19555,-25.78996],[28.1956,-25.79015],[28.19566,-25.79039],[28.1957,-25.7906],[28.19575,-25.79084],[28.19578,-25.79111],[28.19579,-25.79129],[28.19581,-25.79153],[28.19581,-25.79184],[28.19581,-25.79208],[28.1958,-25.79224],[28.19578,-25.79248],[28.19574,-25.7928],[28.19555,-25.7938],[28.19552,-25.79398],[28.1955,-25.79411],[28.19548,-25.79429],[28.19547,-25.79447],[28.19545,-25.79469],[28.19545,-25.79485],[28.19545,-25.79505],[28.19546,-25.79522],[28.19547,-25.79538],[28.19548,-25.79552],[28.1955,-25.79566],[28.19552,-25.7958],[28.19554,-25.79597],[28.19557,-25.79612],[28.1956,-25.79628],[28.19565,-25.79649],[28.19571,-25.79676],[28.19585,-25.79729],[28.19586,-25.79733],[28.19602,-25.79802],[28.19614,-25.7985],[28.1963,-25.79914],[28.19648,-25.79984],[28.19673,-25.80088],[28.19727,-25.80303]]}},{"type":"Feature","properties":{"id":"way/58365777","name":"Unnamed","network":"PRASA"},"geometry":{"type":"LineString","coordinates":[[28.19257,-25.78124],[28.19257,-25.78146],[28.19259,-25.78174]]}},{"type":"Feature","properties":{"id":"way/61238683","name":"Unnamed","network":"PRASA"},"geometry":{"type":"LineString","coordinates":[[28.14545,-26.29197],[28.14537,-26.29242]]}},{"type":"Feature","properties":{"id":"way/61238763","name":"Unnamed","network":"PRASA"},"geometry":{"type":"LineString","coordinates":[[27.98916,-26.596],[27.98902,-26.59625]]}},{"type":"Feature","properties":{"id":"way/61238787","name":"Unnamed","network":"PRASA"},"geometry":{"type":"LineString","coordinates":[[27.98902,-26.59625],[27.98818,-26.59781],[27.98751,-26.59905],[27.98656,-26.60083],[27.9856,-26.60257],[27.9848,-26.60405],[27.984,-26.60554],[27.98352,-26.60644],[27.98337,-26.60671],[27.9832,-26.60699],[27.98284,-26.60752],[27.98254,-26.60794],[27.98231,-26.60822],[27.98173,-26.60894],[27.98061,-26.61035],[27.98031,-26.61073],[27.97936,-26.61192],[27.97809,-26.6135],[27.97747,-26.61429],[27.97568,-26.61653],[27.97421,-26.61836],[27.97332,-26.61949],[27.97273,-26.62023],[27.97105,-26.62234],[27.97067,-26.62282],[27.97048,-26.62306],[27.96965,-26.6241],[27.96906,-26.62483],[27.96819,-26.62593],[27.9676,-26.62666],[27.967,-26.62741],[27.96585,-26.62886],[27.96505,-26.62987],[27.96452,-26.63053],[27.96335,-26.63199],[27.96316,-26.63224],[27.96287,-26.6326],[27.9628,-26.63268],[27.9611,-26.63483],[27.96068,-26.63533],[27.95933,-26.63703],[27.9581,-26.63859],[27.95713,-26.63979],[27.95575,-26.64152],[27.95478,-26.64274],[27.95381,-26.64397],[27.95243,-26.64569],[27.95107,-26.64739],[27.95021,-26.64847],[27.94906,-26.64991],[27.94858,-26.65054],[27.94823,-26.65103],[27.94754,-26.65191],[27.94678,-26.65286],[27.94632,-26.65346],[27.94555,-26.65444],[27.94475,-26.65545],[27.94433,-26.65596],[27.9438,-26.65662],[27.9432,-26.65738],[27.94293,-26.65772],[27.94233,-26.65844],[27.94199,-26.65882],[27.94156,-26.65931],[27.94108,-26.6599],[27.9407,-26.66037]]}},{"type":"Feature","properties":{"id":"way/61238857","name":"Unnamed","network":"PRASA"},"geometry":{"type":"LineString","coordinates":[[28.14537,-26.29242],[28.14451,-26.29708],[28.14432,-26.29804]]}},{"type":"Feature","properties":{"id":"way/61238899","name":"Unnamed","network":"PRASA"},"geometry":{"type":"LineString","coordinates":[[28.14564,-26.21305],[28.14542,-26.21296],[28.14514,-26.21282],[28.14489,-26.21267],[28.14468,-26.21254],[28.14447,-26.21239],[28.14431,-26.21227],[28.14419,-26.21217],[28.14402,-26.21203],[28.14362,-26.21171],[28.1432,-26.21136],[28.14289,-26.21111],[28.14266,-26.21092],[28.14241,-26.21071],[28.14217,-26.21052],[28.1418,-26.21024],[28.14157,-26.21008],[28.14146,-26.21001],[28.14127,-26.20988],[28.14108,-26.20977],[28.14072,-26.20958],[28.14039,-26.20942],[28.13974,-26.20911],[28.13916,-26.20883],[28.13826,-26.20841],[28.13807,-26.20832],[28.13779,-26.20819],[28.13751,-26.20808],[28.13728,-26.208],[28.1371,-26.20795]]}},{"type":"Feature","properties":{"id":"way/61239756","name":"Unnamed","network":"PRASA"},"geometry":{"type":"LineString","coordinates":[[28.03857,-26.19778],[28.03908,-26.1979],[28.03926,-26.19794],[28.03979,-26.19805],[28.03995,-26.19808],[28.04009,-26.1981],[28.04025,-26.19812],[28.04041,-26.19812],[28.04074,-26.19813],[28.04085,-26.19812],[28.04095,-26.19811]]}},{"type":"Feature","properties":{"id":"way/61239766","name":"Unnamed","network":"PRASA"},"geometry":{"type":"LineString","coordinates":[[27.90233,-26.17017],[27.90266,-26.17027]]}},{"type":"Feature","properties":{"id":"way/61239767","name":"Unnamed","network":"PRASA"},"geometry":{"type":"LineString","coordinates":[[27.94387,-26.18048],[27.94419,-26.18056]]}},{"type":"Feature","properties":{"id":"way/61239773","name":"Unnamed","network":"PRASA"},"geometry":{"type":"LineString","coordinates":[[27.76692,-26.10999],[27.76712,-26.10994]]}},{"type":"Feature","properties":{"id":"way/61239776","name":"Unnamed","network":"PRASA"},"geometry":{"type":"LineString","coordinates":[[27.81721,-26.1211],[27.81737,-26.12117]]}},{"type":"Feature","properties":{"id":"way/61239778","name":"Unnamed","network":"PRASA"},"geometry":{"type":"LineString","coordinates":[[27.90266,-26.17027],[27.90351,-26.17056]]}},{"type":"Feature","properties":{"id":"way/61239779","name":"Unnamed","network":"PRASA"},"geometry":{"type":"LineString","coordinates":[[27.81737,-26.12117],[27.81781,-26.12135],[27.81862,-26.1217],[27.81922,-26.12195],[27.81974,-26.12217],[27.82011,-26.12232],[27.82058,-26.12252],[27.82144,-26.12288],[27.82247,-26.12332],[27.82288,-26.12351],[27.82324,-26.12369],[27.8238,-26.12398],[27.82422,-26.1242],[27.8246,-26.1244],[27.82496,-26.12458],[27.82554,-26.12488],[27.82645,-26.12536],[27.82725,-26.12577],[27.82788,-26.1261],[27.82833,-26.12633],[27.82855,-26.12643],[27.82889,-26.12657],[27.82909,-26.12666],[27.8292,-26.12669],[27.82934,-26.12675],[27.82958,-26.12682],[27.8298,-26.12689],[27.83019,-26.127],[27.83096,-26.12721],[27.83142,-26.12735],[27.83199,-26.1275],[27.83248,-26.12763],[27.83283,-26.12772],[27.83318,-26.1278],[27.83353,-26.12788],[27.83417,-26.12802],[27.83456,-26.12809],[27.83524,-26.12822],[27.83689,-26.12851],[27.83934,-26.12896],[27.84125,-26.1293],[27.84281,-26.12958],[27.84359,-26.12973],[27.84412,-26.12982],[27.84439,-26.12987],[27.84482,-26.12995],[27.84557,-26.13008],[27.84625,-26.1302],[27.84675,-26.1303],[27.84708,-26.13037],[27.84743,-26.13044],[27.84764,-26.1305],[27.84782,-26.13054],[27.84806,-26.13061],[27.8484,-26.1307],[27.84867,-26.13078],[27.84898,-26.13088],[27.84926,-26.13097],[27.84952,-26.13107],[27.85005,-26.13127],[27.85062,-26.1315],[27.85113,-26.13171],[27.85158,-26.13189],[27.85227,-26.13217],[27.85287,-26.13241],[27.85321,-26.13255],[27.85367,-26.13274],[27.85419,-26.13294],[27.85448,-26.13307],[27.85476,-26.13319],[27.85496,-26.13328],[27.85522,-26.13342],[27.8554,-26.13352],[27.85567,-26.13368],[27.8559,-26.13384],[27.85606,-26.13396],[27.8562,-26.13407],[27.85636,-26.13421],[27.85662,-26.13443],[27.85677,-26.13458],[27.85694,-26.13475],[27.85706,-26.13488],[27.85717,-26.13501],[27.85729,-26.13516],[27.85741,-26.13532],[27.85755,-26.13552],[27.85767,-26.1357],[27.85784,-26.13599],[27.85794,-26.13619],[27.85806,-26.13644],[27.85814,-26.13663],[27.85823,-26.13686],[27.85833,-26.13718],[27.85845,-26.13762],[27.85856,-26.13805],[27.85862,-26.13828],[27.85868,-26.13851],[27.85876,-26.13876],[27.85884,-26.13901],[27.85893,-26.13925],[27.85904,-26.13954],[27.85915,-26.13979],[27.85924,-26.14],[27.85933,-26.14017],[27.85947,-26.14046],[27.85966,-26.14079],[27.85979,-26.14101],[27.85998,-26.14131],[27.86027,-26.14172],[27.86053,-26.14207],[27.86073,-26.14235],[27.86105,-26.14277],[27.8614,-26.14326],[27.86177,-26.14375],[27.86214,-26.14425],[27.86232,-26.1445],[27.86258,-26.14486],[27.86288,-26.14526],[27.86316,-26.14564],[27.86344,-26.14601],[27.86381,-26.14652],[27.86411,-26.14693],[27.86457,-26.14755],[27.865,-26.14813],[27.86528,-26.14851],[27.86553,-26.14885],[27.86587,-26.14932],[27.86627,-26.14985],[27.86655,-26.15023],[27.86679,-26.15056],[27.86702,-26.15089],[27.86718,-26.15112],[27.86744,-26.15156],[27.86774,-26.15207],[27.86776,-26.15211]]}},{"type":"Feature","properties":{"id":"way/61239782","name":"Unnamed","network":"PRASA"},"geometry":{"type":"LineString","coordinates":[[27.86782,-26.15223],[27.86785,-26.15228],[27.86804,-26.15265],[27.86819,-26.15297],[27.8683,-26.1532],[27.86848,-26.15362],[27.86863,-26.15399],[27.86874,-26.1543],[27.86887,-26.15469],[27.86901,-26.15515],[27.8692,-26.15578],[27.86933,-26.15622],[27.86949,-26.15675],[27.86964,-26.15727],[27.86973,-26.15758],[27.86977,-26.1577],[27.8699,-26.15813],[27.87022,-26.1592],[27.87035,-26.15965],[27.87041,-26.15981],[27.87047,-26.15998],[27.87052,-26.16011],[27.87059,-26.16028],[27.87066,-26.16042],[27.87073,-26.16057],[27.87081,-26.16072],[27.87089,-26.16087],[27.87097,-26.161],[27.87107,-26.16116],[27.8712,-26.16136],[27.87125,-26.16144],[27.87128,-26.16148],[27.87145,-26.1617],[27.87165,-26.16194],[27.87182,-26.16211],[27.87201,-26.1623],[27.87223,-26.16251],[27.87255,-26.16278],[27.87279,-26.16295],[27.87317,-26.1632],[27.87341,-26.16335],[27.87365,-26.16347],[27.87398,-26.16364],[27.8743,-26.16377],[27.87456,-26.16387],[27.87483,-26.16396],[27.87511,-26.16404],[27.8754,-26.16412],[27.87563,-26.16417],[27.87591,-26.16422],[27.87625,-26.16427],[27.87684,-26.16434],[27.87782,-26.16446],[27.87864,-26.16456],[27.8794,-26.16465],[27.88022,-26.16475],[27.8807,-26.16481],[27.88144,-26.1649],[27.88196,-26.16497],[27.88237,-26.16502],[27.88268,-26.16507],[27.88292,-26.16511],[27.8832,-26.16516],[27.8835,-26.16522],[27.88405,-26.16534],[27.88485,-26.16552],[27.88579,-26.16574],[27.88614,-26.16581],[27.88749,-26.16613],[27.88923,-26.16652],[27.88982,-26.16666],[27.8904,-26.16679],[27.89095,-26.16691],[27.89163,-26.16707],[27.8922,-26.1672],[27.89243,-26.16725],[27.89346,-26.16754],[27.89397,-26.16769],[27.89451,-26.16785],[27.89511,-26.16803],[27.89532,-26.16809],[27.89653,-26.16845],[27.89722,-26.16865],[27.89784,-26.16884],[27.89848,-26.16903],[27.89932,-26.16928],[27.9,-26.16948],[27.90051,-26.16963],[27.90098,-26.16977],[27.90145,-26.16991],[27.90207,-26.17009],[27.90233,-26.17017]]}},{"type":"Feature","properties":{"id":"way/61239784","name":"Unnamed","network":"PRASA"},"geometry":{"type":"LineString","coordinates":[[27.76712,-26.10994],[27.76718,-26.10992],[27.76733,-26.10988],[27.76742,-26.10987],[27.76798,-26.10975],[27.7682,-26.1097],[27.76864,-26.10959],[27.76969,-26.10932],[27.77022,-26.10918],[27.77061,-26.10909],[27.77082,-26.10904],[27.77104,-26.10901],[27.77133,-26.10896],[27.77165,-26.10891],[27.77188,-26.10888],[27.77213,-26.10886],[27.77241,-26.10883],[27.77269,-26.10881],[27.77291,-26.1088],[27.77311,-26.1088],[27.77329,-26.1088],[27.77351,-26.1088],[27.77378,-26.1088],[27.77398,-26.10881],[27.77416,-26.10882],[27.77438,-26.10883],[27.7746,-26.10885],[27.77483,-26.10887],[27.77503,-26.10888],[27.7754,-26.10889],[27.77542,-26.1089]]}},{"type":"Feature","properties":{"id":"way/61239788","name":"Unnamed","network":"PRASA"},"geometry":{"type":"LineString","coordinates":[[27.90351,-26.17056],[27.90365,-26.17062]]}},{"type":"Feature","properties":{"id":"way/61239792","name":"Unnamed","network":"PRASA"},"geometry":{"type":"LineString","coordinates":[[27.94572,-26.18107],[27.94648,-26.18132],[27.94696,-26.18149],[27.94728,-26.18161],[27.94753,-26.18172],[27.94776,-26.18183],[27.94812,-26.18199],[27.94896,-26.18239],[27.94984,-26.18281],[27.95078,-26.18325],[27.95132,-26.18351],[27.95217,-26.18391],[27.95275,-26.18419],[27.95333,-26.18446],[27.95357,-26.18458],[27.95498,-26.18524],[27.95573,-26.1856],[27.95634,-26.18589],[27.95662,-26.18601],[27.95683,-26.18609],[27.95711,-26.18618],[27.95729,-26.18623],[27.95758,-26.1863],[27.95789,-26.18636],[27.95827,-26.18642],[27.95867,-26.18645],[27.95911,-26.18646],[27.95925,-26.18646],[27.95942,-26.18645],[27.95979,-26.18642],[27.96021,-26.18637],[27.96061,-26.1863],[27.96094,-26.18627],[27.9611,-26.18625],[27.96134,-26.18623],[27.96159,-26.18623],[27.96197,-26.18623],[27.96225,-26.18625],[27.96246,-26.18627],[27.96268,-26.1863],[27.96289,-26.18633],[27.96326,-26.18642],[27.96345,-26.18647],[27.96363,-26.18652],[27.96394,-26.18663],[27.96422,-26.18674],[27.96498,-26.18704],[27.96585,-26.18738],[27.96647,-26.18763],[27.96678,-26.18775],[27.96706,-26.18787],[27.9673,-26.18799],[27.96766,-26.18818],[27.96787,-26.18831],[27.96803,-26.18843],[27.96845,-26.18874],[27.96946,-26.1895],[27.97102,-26.19068],[27.97154,-26.19107],[27.97187,-26.19131],[27.97237,-26.19173],[27.97261,-26.19195],[27.97281,-26.19214],[27.97314,-26.19247],[27.9734,-26.19274],[27.97428,-26.19369],[27.97501,-26.19444],[27.97578,-26.19527],[27.97663,-26.19618],[27.97676,-26.19629],[27.97687,-26.19639],[27.97699,-26.1965]]}},{"type":"Feature","properties":{"id":"way/61239793","name":"Unnamed","network":"PRASA"},"geometry":{"type":"LineString","coordinates":[[27.80135,-26.11784],[27.80157,-26.11788]]}},{"type":"Feature","properties":{"id":"way/61239794","name":"Unnamed","network":"PRASA"},"geometry":{"type":"LineString","coordinates":[[27.93539,-26.17777],[27.93559,-26.17779]]}},{"type":"Feature","properties":{"id":"way/61239795","name":"Unnamed","network":"PRASA"},"geometry":{"type":"LineString","coordinates":[[27.77542,-26.1089],[27.77556,-26.10891]]}},{"type":"Feature","properties":{"id":"way/61239797","name":"Unnamed","network":"PRASA"},"geometry":{"type":"LineString","coordinates":[[27.80157,-26.11788],[27.80273,-26.1181],[27.80314,-26.11817],[27.80356,-26.11825],[27.80572,-26.11866],[27.80724,-26.11895],[27.80788,-26.11906],[27.80822,-26.11912],[27.80848,-26.11919],[27.80931,-26.11935],[27.81159,-26.11979],[27.81301,-26.12005],[27.81362,-26.12016],[27.81388,-26.12021],[27.814,-26.12023],[27.81466,-26.12035],[27.815,-26.12042],[27.81523,-26.12046],[27.81548,-26.12052],[27.81575,-26.12059],[27.81601,-26.12066],[27.81638,-26.12077],[27.81665,-26.12087],[27.81694,-26.12099],[27.81721,-26.1211]]}},{"type":"Feature","properties":{"id":"way/61239802","name":"Unnamed","network":"PRASA"},"geometry":{"type":"LineString","coordinates":[[27.90365,-26.17062],[27.90385,-26.1707],[27.90412,-26.1708],[27.90465,-26.17103],[27.90522,-26.17129],[27.90553,-26.17144],[27.90581,-26.17159],[27.90604,-26.17171],[27.90667,-26.17206],[27.90743,-26.17252],[27.90801,-26.17287],[27.90823,-26.17301],[27.90905,-26.1735],[27.90949,-26.17377],[27.90955,-26.17381],[27.91002,-26.17409],[27.91035,-26.1743],[27.91086,-26.17461],[27.91137,-26.17492],[27.91202,-26.17532],[27.91263,-26.17569],[27.913,-26.17591],[27.91332,-26.1761],[27.91444,-26.1768],[27.91627,-26.17791],[27.91662,-26.17813],[27.91701,-26.17836],[27.91764,-26.17876],[27.91771,-26.17879],[27.91822,-26.1791],[27.91857,-26.17932],[27.91893,-26.17953],[27.91916,-26.17965],[27.91933,-26.17972],[27.91953,-26.17981],[27.91971,-26.17988],[27.92009,-26.18001],[27.92043,-26.18011],[27.92075,-26.18018],[27.92112,-26.18023],[27.9215,-26.18028],[27.92185,-26.18029],[27.92225,-26.18029],[27.92275,-26.18026],[27.92314,-26.1802],[27.9235,-26.18013],[27.9242,-26.17998],[27.92497,-26.17981],[27.92555,-26.17968],[27.92696,-26.17936],[27.92856,-26.179],[27.92912,-26.17887],[27.92984,-26.17871],[27.93207,-26.17821],[27.93295,-26.17801],[27.93302,-26.178],[27.93349,-26.17789],[27.93384,-26.17783],[27.93406,-26.1778],[27.93425,-26.17778],[27.93446,-26.17776],[27.93462,-26.17776],[27.93482,-26.17775],[27.93505,-26.17775],[27.93515,-26.17776],[27.93539,-26.17777]]}},{"type":"Feature","properties":{"id":"way/61239807","name":"Unnamed","network":"PRASA"},"geometry":{"type":"LineString","coordinates":[[27.93559,-26.17779],[27.93584,-26.17783],[27.93605,-26.17786],[27.9363,-26.17791],[27.93653,-26.17797],[27.9368,-26.17805],[27.93702,-26.17811],[27.93721,-26.17818],[27.93741,-26.17826],[27.93789,-26.17847],[27.93827,-26.17864],[27.93874,-26.17886],[27.93901,-26.17898],[27.9394,-26.17915],[27.9398,-26.17933],[27.94017,-26.1795],[27.94042,-26.17961],[27.94061,-26.17968],[27.9408,-26.17975],[27.94095,-26.17981],[27.94111,-26.17986],[27.94135,-26.17993],[27.94173,-26.18002],[27.94305,-26.1803],[27.94387,-26.18048]]}},{"type":"Feature","properties":{"id":"way/61239811","name":"Unnamed","network":"PRASA"},"geometry":{"type":"LineString","coordinates":[[27.77556,-26.10891],[27.7756,-26.10891],[27.77608,-26.10896],[27.77699,-26.10905],[27.77759,-26.1091]]}},{"type":"Feature","properties":{"id":"way/61239813","name":"Unnamed","network":"PRASA"},"geometry":{"type":"LineString","coordinates":[[27.86776,-26.15211],[27.86782,-26.15223]]}},{"type":"Feature","properties":{"id":"way/61241469","name":"Unnamed","network":"PRASA"},"geometry":{"type":"LineString","coordinates":[[28.17398,-26.28265],[28.1735,-26.28291]]}},{"type":"Feature","properties":{"id":"way/61241492","name":"Unnamed","network":"PRASA"},"geometry":{"type":"LineString","coordinates":[[28.1735,-26.28291],[28.17313,-26.28311],[28.17271,-26.28334],[28.17178,-26.28385],[28.17115,-26.28419],[28.17055,-26.28452],[28.1703,-26.28467],[28.17005,-26.28482],[28.16974,-26.28504],[28.1695,-26.28522],[28.16917,-26.28549],[28.16892,-26.28573],[28.16874,-26.2859],[28.1685,-26.28616],[28.16823,-26.28648],[28.16799,-26.28681],[28.16777,-26.28715],[28.1675,-26.28759],[28.16694,-26.28852],[28.16648,-26.28927],[28.16573,-26.29052],[28.16541,-26.29105],[28.16484,-26.29198],[28.16458,-26.29243],[28.16413,-26.29317],[28.1636,-26.29405],[28.16323,-26.29466],[28.1628,-26.29539],[28.16234,-26.29615],[28.16182,-26.29701],[28.16158,-26.29742],[28.1612,-26.29805],[28.16096,-26.29847],[28.16088,-26.29862],[28.16075,-26.29887],[28.16067,-26.29906],[28.16056,-26.29934],[28.16048,-26.29958],[28.16041,-26.2998]]}},{"type":"Feature","properties":{"id":"way/61241507","name":"Unnamed","network":"PRASA"},"geometry":{"type":"LineString","coordinates":[[28.15983,-26.27281],[28.15959,-26.27298],[28.15932,-26.27317],[28.15925,-26.27323],[28.15898,-26.27344],[28.15848,-26.27384],[28.15812,-26.27413],[28.15714,-26.27492],[28.15665,-26.27532],[28.15611,-26.27574],[28.15576,-26.27603],[28.1554,-26.27631],[28.15451,-26.27702],[28.1542,-26.27728],[28.15365,-26.27772],[28.15267,-26.27849],[28.1524,-26.27872],[28.15222,-26.27887],[28.15102,-26.27983],[28.15045,-26.28029],[28.15001,-26.28064],[28.1498,-26.28082],[28.14965,-26.28096],[28.14956,-26.28104],[28.14944,-26.28118],[28.14914,-26.28148],[28.14884,-26.2818],[28.14852,-26.28219],[28.14837,-26.28238],[28.14825,-26.28254],[28.14813,-26.28271],[28.14802,-26.28287],[28.14783,-26.28317],[28.14766,-26.28345],[28.14751,-26.2837],[28.14744,-26.28384],[28.14735,-26.28401],[28.14726,-26.28421],[28.14714,-26.28446],[28.14698,-26.28485],[28.14689,-26.28509],[28.14672,-26.28557],[28.14663,-26.28588],[28.14652,-26.28632],[28.14641,-26.28681],[28.14629,-26.28748],[28.14579,-26.29016],[28.14545,-26.29197]]}},{"type":"Feature","properties":{"id":"way/63195368","name":"Unnamed","network":"PRASA"},"geometry":{"type":"LineString","coordinates":[[28.1662,-25.73424],[28.16593,-25.73467]]}},{"type":"Feature","properties":{"id":"way/63195369","name":"Unnamed","network":"PRASA"},"geometry":{"type":"LineString","coordinates":[[28.16593,-25.73467],[28.16575,-25.73495]]}},{"type":"Feature","properties":{"id":"way/63195370","name":"Unnamed","network":"PRASA"},"geometry":{"type":"LineString","coordinates":[[28.16461,-25.73783],[28.16447,-25.73777],[28.1643,-25.73768]]}},{"type":"Feature","properties":{"id":"way/63195372","name":"Unnamed","network":"PRASA"},"geometry":{"type":"LineString","coordinates":[[28.1643,-25.73768],[28.16418,-25.73761],[28.16408,-25.73754],[28.16402,-25.7375],[28.16393,-25.73743],[28.16384,-25.73736],[28.16375,-25.73725]]}},{"type":"Feature","properties":{"id":"way/63195373","name":"Unnamed","network":"PRASA"},"geometry":{"type":"LineString","coordinates":[[28.16634,-25.73402],[28.1662,-25.73424]]}},{"type":"Feature","properties":{"id":"way/63195374","name":"Unnamed","network":"PRASA"},"geometry":{"type":"LineString","coordinates":[[28.16375,-25.73725],[28.16367,-25.73713],[28.16361,-25.73702],[28.16356,-25.73692],[28.16352,-25.73682]]}},{"type":"Feature","properties":{"id":"way/63195375","name":"Unnamed","network":"PRASA"},"geometry":{"type":"LineString","coordinates":[[28.16345,-25.73649],[28.16344,-25.73623]]}},{"type":"Feature","properties":{"id":"way/63195376","name":"Unnamed","network":"PRASA"},"geometry":{"type":"LineString","coordinates":[[28.16352,-25.73682],[28.1635,-25.73675],[28.16346,-25.73659],[28.16345,-25.73649]]}},{"type":"Feature","properties":{"id":"way/63970821","name":"Unnamed","network":"PRASA"},"geometry":{"type":"LineString","coordinates":[[28.1596,-25.74372],[28.15954,-25.74403],[28.15949,-25.74431],[28.15943,-25.74469],[28.15941,-25.74481],[28.1594,-25.74505],[28.15939,-25.74518],[28.15938,-25.74533],[28.15938,-25.74546],[28.1594,-25.74609],[28.15946,-25.74679],[28.15959,-25.74827]]}},{"type":"Feature","properties":{"id":"way/63970827","name":"Unnamed","network":"PRASA"},"geometry":{"type":"LineString","coordinates":[[28.16004,-25.75365],[28.1601,-25.75465]]}},{"type":"Feature","properties":{"id":"way/63970831","name":"Unnamed","network":"PRASA"},"geometry":{"type":"LineString","coordinates":[[28.16602,-25.7562],[28.16613,-25.75618],[28.16676,-25.7561],[28.16705,-25.75607],[28.16726,-25.75605],[28.1674,-25.75604],[28.16774,-25.75603],[28.16795,-25.75603],[28.16818,-25.75603],[28.16849,-25.75605],[28.16881,-25.75607],[28.16916,-25.75612],[28.16961,-25.75619],[28.17032,-25.7563],[28.17145,-25.75648],[28.17224,-25.7566],[28.17258,-25.75664],[28.17281,-25.75666],[28.17298,-25.75667],[28.17315,-25.75668],[28.17336,-25.75668],[28.1735,-25.75668],[28.17374,-25.75667],[28.17386,-25.75666],[28.1741,-25.75663],[28.17436,-25.75659],[28.17461,-25.75654],[28.17491,-25.75647],[28.17534,-25.75636],[28.17624,-25.7561]]}},{"type":"Feature","properties":{"id":"way/63970834","name":"Unnamed","network":"PRASA"},"geometry":{"type":"LineString","coordinates":[[28.15959,-25.74827],[28.15961,-25.74854]]}},{"type":"Feature","properties":{"id":"way/63970835","name":"Unnamed","network":"PRASA"},"geometry":{"type":"LineString","coordinates":[[28.1601,-25.75465],[28.16012,-25.75483]]}},{"type":"Feature","properties":{"id":"way/63970836","name":"Unnamed","network":"PRASA"},"geometry":{"type":"LineString","coordinates":[[28.15979,-25.7428],[28.1597,-25.74325]]}},{"type":"Feature","properties":{"id":"way/63970837","name":"Unnamed","network":"PRASA"},"geometry":{"type":"LineString","coordinates":[[28.15651,-25.75787],[28.15674,-25.75781],[28.15691,-25.75776],[28.15721,-25.75765],[28.15743,-25.75758],[28.15753,-25.75755],[28.15764,-25.75752],[28.15783,-25.75747],[28.15861,-25.7573],[28.15879,-25.75726],[28.15898,-25.75721],[28.15913,-25.75715],[28.15927,-25.75709],[28.15939,-25.75701],[28.15951,-25.75693],[28.15959,-25.75686],[28.15965,-25.7568],[28.15974,-25.7567],[28.1598,-25.75662],[28.15984,-25.75655],[28.15991,-25.75645],[28.15994,-25.75637],[28.15997,-25.75629],[28.16003,-25.75608],[28.16005,-25.75599],[28.16005,-25.75588],[28.16005,-25.75567],[28.16004,-25.75552],[28.16,-25.75487]]}},{"type":"Feature","properties":{"id":"way/63970838","name":"Unnamed","network":"PRASA"},"geometry":{"type":"LineString","coordinates":[[28.15964,-25.74351],[28.1596,-25.74372]]}},{"type":"Feature","properties":{"id":"way/63970839","name":"Unnamed","network":"PRASA"},"geometry":{"type":"LineString","coordinates":[[28.15961,-25.74854],[28.15962,-25.74873],[28.15964,-25.74886],[28.15966,-25.74899],[28.15974,-25.74944],[28.15978,-25.74964],[28.1598,-25.7498],[28.15995,-25.75152],[28.15996,-25.7517],[28.15996,-25.75192],[28.15997,-25.75213],[28.15997,-25.7525],[28.15997,-25.75271],[28.15999,-25.75306]]}},{"type":"Feature","properties":{"id":"way/63970840","name":"Unnamed","network":"PRASA"},"geometry":{"type":"LineString","coordinates":[[28.1597,-25.74325],[28.15964,-25.74351]]}},{"type":"Feature","properties":{"id":"way/63970842","name":"Unnamed","network":"PRASA"},"geometry":{"type":"LineString","coordinates":[[28.15999,-25.75306],[28.16001,-25.75324]]}},{"type":"Feature","properties":{"id":"way/63972446","name":"Unnamed","network":"PRASA"},"geometry":{"type":"LineString","coordinates":[[28.16744,-25.73721],[28.16727,-25.73728],[28.16684,-25.73746],[28.16622,-25.73772],[28.16603,-25.7378],[28.16587,-25.73785]]}},{"type":"Feature","properties":{"id":"way/64218909","name":"Unnamed","network":"PRASA"},"geometry":{"type":"LineString","coordinates":[[28.17624,-25.7561],[28.17644,-25.75605]]}},{"type":"Feature","properties":{"id":"way/64250061","name":"Unnamed","network":"PRASA"},"geometry":{"type":"LineString","coordinates":[[28.18127,-25.75562],[28.18137,-25.75562],[28.18154,-25.75563],[28.18168,-25.75564],[28.18192,-25.75567]]}},{"type":"Feature","properties":{"id":"way/64250067","name":"Unnamed","network":"PRASA"},"geometry":{"type":"LineString","coordinates":[[28.18273,-25.75588],[28.18299,-25.75598],[28.18317,-25.75606],[28.18412,-25.75644],[28.18621,-25.7573],[28.18664,-25.75748],[28.18705,-25.75769],[28.18718,-25.75775],[28.1873,-25.7578]]}},{"type":"Feature","properties":{"id":"way/65230298","name":"Unnamed","network":"PRASA"},"geometry":{"type":"LineString","coordinates":[[28.02472,-26.21929],[28.02488,-26.21886]]}},{"type":"Feature","properties":{"id":"way/65582279","name":"Unnamed","network":"PRASA"},"geometry":{"type":"LineString","coordinates":[[28.22428,-25.75603],[28.22462,-25.75567]]}},{"type":"Feature","properties":{"id":"way/65582286","name":"Unnamed","network":"PRASA"},"geometry":{"type":"LineString","coordinates":[[28.21993,-25.75993],[28.22012,-25.75987]]}},{"type":"Feature","properties":{"id":"way/65582325","name":"Unnamed","network":"PRASA"},"geometry":{"type":"LineString","coordinates":[[28.21945,-25.76004],[28.21957,-25.76002]]}},{"type":"Feature","properties":{"id":"way/65582326","name":"Unnamed","network":"PRASA"},"geometry":{"type":"LineString","coordinates":[[28.22012,-25.75987],[28.22036,-25.75978],[28.22079,-25.75957],[28.22097,-25.75947],[28.22121,-25.75932],[28.2214,-25.75916],[28.22174,-25.75883],[28.22428,-25.75603]]}},{"type":"Feature","properties":{"id":"way/65582333","name":"Unnamed","network":"PRASA"},"geometry":{"type":"LineString","coordinates":[[28.21957,-25.76002],[28.21978,-25.75997],[28.21993,-25.75993]]}},{"type":"Feature","properties":{"id":"way/65582350","name":"Unnamed","network":"PRASA"},"geometry":{"type":"LineString","coordinates":[[28.22462,-25.75567],[28.22546,-25.75474],[28.22815,-25.75178],[28.22846,-25.75145],[28.22884,-25.75112]]}},{"type":"Feature","properties":{"id":"way/65683859","name":"Unnamed","network":"PRASA"},"geometry":{"type":"LineString","coordinates":[[28.0737,-26.21911],[28.07578,-26.2186],[28.07617,-26.21849],[28.07654,-26.21837],[28.07696,-26.21818],[28.07731,-26.21801],[28.07754,-26.21787],[28.07788,-26.21763]]}},{"type":"Feature","properties":{"id":"way/65683860","name":"Unnamed","network":"PRASA"},"geometry":{"type":"LineString","coordinates":[[28.07497,-26.21929],[28.07526,-26.21925],[28.07547,-26.21919],[28.07574,-26.21909],[28.07596,-26.21898],[28.07613,-26.21888],[28.07642,-26.21871],[28.07753,-26.21807],[28.07773,-26.21794]]}},{"type":"Feature","properties":{"id":"way/65683873","name":"Unnamed","network":"PRASA"},"geometry":{"type":"LineString","coordinates":[[28.08968,-26.21361],[28.08988,-26.21335],[28.08999,-26.21319],[28.09007,-26.21303],[28.09017,-26.21286],[28.09058,-26.21196],[28.09066,-26.21178],[28.09073,-26.21158],[28.09078,-26.21139],[28.09081,-26.2112],[28.09082,-26.21099],[28.09083,-26.21086],[28.09082,-26.21075],[28.09081,-26.21061],[28.09079,-26.21045],[28.09075,-26.21028],[28.0907,-26.21007],[28.09065,-26.20994],[28.09058,-26.20979],[28.09048,-26.2096],[28.09035,-26.2094],[28.09024,-26.20925],[28.09004,-26.20903],[28.08991,-26.20891],[28.08974,-26.20876],[28.08961,-26.20867],[28.08947,-26.20858],[28.08934,-26.20851],[28.0892,-26.20843],[28.08864,-26.20814],[28.08804,-26.20783],[28.08745,-26.20754],[28.08684,-26.20722],[28.08656,-26.20708],[28.08628,-26.20693],[28.08608,-26.20683],[28.08587,-26.20674]]}},{"type":"Feature","properties":{"id":"way/66131477","name":"Unnamed","network":"PRASA"},"geometry":{"type":"LineString","coordinates":[[28.23818,-26.01554],[28.23908,-26.0161],[28.23983,-26.01657],[28.24054,-26.01701],[28.24138,-26.01753],[28.24201,-26.01793],[28.2428,-26.01841],[28.24368,-26.01896],[28.24431,-26.01936],[28.24504,-26.01981],[28.24596,-26.02038],[28.24659,-26.02077],[28.24733,-26.02123],[28.24797,-26.02164],[28.24861,-26.02203],[28.24935,-26.0225],[28.24992,-26.02285],[28.2505,-26.02321],[28.25123,-26.02366],[28.2518,-26.02402],[28.25204,-26.02417],[28.25224,-26.02432],[28.25243,-26.02446],[28.25263,-26.02462],[28.25277,-26.02474],[28.25295,-26.0249],[28.25316,-26.0251],[28.25329,-26.02524],[28.25346,-26.02541],[28.25357,-26.02555],[28.2537,-26.02569],[28.25383,-26.02587],[28.254,-26.0261],[28.25412,-26.02628],[28.25429,-26.02655],[28.25443,-26.02679],[28.25453,-26.02699],[28.25464,-26.02721],[28.25473,-26.02743],[28.25481,-26.02763],[28.25488,-26.02782],[28.25493,-26.02798],[28.255,-26.02821],[28.25506,-26.02845],[28.25511,-26.02866],[28.25515,-26.02888],[28.25519,-26.02913],[28.25521,-26.02933],[28.25523,-26.02953],[28.25525,-26.02985],[28.25525,-26.03014],[28.25526,-26.03022],[28.25526,-26.03056],[28.25526,-26.03086],[28.25527,-26.03095],[28.25527,-26.03108],[28.25525,-26.03136]]}},{"type":"Feature","properties":{"id":"way/66208460","name":"Unnamed","network":"PRASA"},"geometry":{"type":"LineString","coordinates":[[28.43768,-26.25468],[28.4377,-26.25446]]}},{"type":"Feature","properties":{"id":"way/66208461","name":"Unnamed","network":"PRASA"},"geometry":{"type":"LineString","coordinates":[[28.4377,-26.25446],[28.43772,-26.25411],[28.43779,-26.25343],[28.4378,-26.25327],[28.43788,-26.25219],[28.43788,-26.252],[28.43788,-26.25179],[28.43786,-26.25156],[28.43785,-26.25125],[28.43783,-26.25096],[28.43778,-26.25003]]}},{"type":"Feature","properties":{"id":"way/70586027","name":"Unnamed","network":"PRASA"},"geometry":{"type":"LineString","coordinates":[[28.06591,-25.76535],[28.06605,-25.76539],[28.06629,-25.76546],[28.06659,-25.76551],[28.06678,-25.76553],[28.06697,-25.76555],[28.06725,-25.76556],[28.06743,-25.76556],[28.06759,-25.76555],[28.06775,-25.76553],[28.06793,-25.76551],[28.06808,-25.76548],[28.06827,-25.76545],[28.06843,-25.7654],[28.06859,-25.76536],[28.06879,-25.76529],[28.06897,-25.76522],[28.06942,-25.76505],[28.06992,-25.76486],[28.07048,-25.76465],[28.07112,-25.7644],[28.07295,-25.76371],[28.07576,-25.76263],[28.07604,-25.76253],[28.0765,-25.76235],[28.07727,-25.76206],[28.07804,-25.76176],[28.07918,-25.76133],[28.07951,-25.76122],[28.07987,-25.76111],[28.08011,-25.76105],[28.08039,-25.76099],[28.08067,-25.76093],[28.08097,-25.76088],[28.08136,-25.76083],[28.08159,-25.7608],[28.08191,-25.76076],[28.08256,-25.76067],[28.08356,-25.76055],[28.08453,-25.76042],[28.08511,-25.76035]]}},{"type":"Feature","properties":{"id":"way/70586033","name":"Unnamed","network":"PRASA"},"geometry":{"type":"LineString","coordinates":[[28.08533,-25.76032],[28.08511,-25.76035]]}},{"type":"Feature","properties":{"id":"way/71069190","name":"Unnamed","network":"PRASA"},"geometry":{"type":"LineString","coordinates":[[28.17243,-26.21112],[28.1724,-26.21111],[28.17207,-26.21107],[28.17196,-26.21105],[28.17182,-26.21103],[28.17164,-26.211],[28.17133,-26.21094],[28.17105,-26.21088],[28.17011,-26.21065],[28.16786,-26.21007]]}},{"type":"Feature","properties":{"id":"way/71145357","name":"Unnamed","network":"PRASA"},"geometry":{"type":"LineString","coordinates":[[27.94572,-26.2131],[27.94646,-26.21285],[27.94705,-26.21264],[27.94708,-26.21263],[27.94734,-26.21254],[27.94759,-26.21244],[27.94773,-26.21238],[27.94785,-26.21232],[27.94811,-26.21218],[27.94829,-26.21206],[27.94846,-26.21194],[27.94882,-26.21165],[27.94918,-26.21136],[27.94948,-26.21109],[27.94967,-26.2109],[27.94984,-26.2107],[27.95003,-26.21047],[27.95023,-26.2102],[27.9504,-26.20993],[27.95052,-26.2097],[27.95064,-26.20946],[27.95072,-26.20929],[27.95087,-26.20899],[27.95119,-26.20833],[27.95122,-26.20827]]}},{"type":"Feature","properties":{"id":"way/71145360","name":"Unnamed","network":"PRASA"},"geometry":{"type":"LineString","coordinates":[[27.94028,-26.21512],[27.94043,-26.21506],[27.9406,-26.215],[27.9408,-26.21491],[27.94121,-26.21473],[27.94132,-26.21468],[27.94239,-26.21431],[27.94351,-26.21391]]}},{"type":"Feature","properties":{"id":"way/71145361","name":"Unnamed","network":"PRASA"},"geometry":{"type":"LineString","coordinates":[[27.9363,-26.21687],[27.93655,-26.21675],[27.93821,-26.21597],[27.93855,-26.21581],[27.93877,-26.21571],[27.93912,-26.21555],[27.93936,-26.21544],[27.93977,-26.21529],[27.94014,-26.21517],[27.94028,-26.21512]]}},{"type":"Feature","properties":{"id":"way/71145362","name":"Unnamed","network":"PRASA"},"geometry":{"type":"LineString","coordinates":[[28.04398,-26.21361],[28.04385,-26.21418],[28.04379,-26.21713],[28.0438,-26.21729],[28.04383,-26.21743],[28.04389,-26.21764]]}},{"type":"Feature","properties":{"id":"way/71145375","name":"Unnamed","network":"PRASA"},"geometry":{"type":"LineString","coordinates":[[28.08617,-26.20669],[28.0865,-26.20686],[28.08699,-26.20712],[28.08746,-26.20737],[28.08809,-26.2077],[28.08853,-26.20793],[28.089,-26.20818],[28.0894,-26.20839],[28.08955,-26.20848],[28.08969,-26.20857],[28.0898,-26.20864],[28.08995,-26.20875],[28.09008,-26.20887],[28.09025,-26.20904],[28.09041,-26.20923],[28.09053,-26.20941],[28.09071,-26.20973],[28.0908,-26.20994],[28.09087,-26.21022],[28.0909,-26.21038],[28.09092,-26.21054],[28.09093,-26.21075],[28.09092,-26.21097],[28.0909,-26.21117],[28.09087,-26.21135],[28.09081,-26.21153],[28.09075,-26.21169],[28.09062,-26.21198],[28.09016,-26.21297]]}},{"type":"Feature","properties":{"id":"way/71152291","name":"Unnamed","network":"PRASA"},"geometry":{"type":"LineString","coordinates":[[28.14847,-26.22177],[28.14799,-26.22179],[28.14733,-26.22183],[28.14673,-26.22187],[28.14608,-26.22191],[28.14499,-26.22197],[28.14477,-26.22198],[28.14432,-26.22201],[28.14394,-26.22203],[28.14356,-26.22205],[28.14332,-26.22206],[28.14306,-26.22206],[28.14283,-26.22205],[28.14256,-26.22202],[28.14231,-26.22198],[28.1421,-26.22194],[28.14192,-26.22189],[28.14169,-26.22183],[28.14154,-26.22177],[28.14135,-26.2217],[28.14117,-26.22162],[28.14099,-26.22153],[28.14081,-26.22143],[28.1406,-26.2213],[28.14043,-26.22119],[28.14025,-26.22105],[28.14005,-26.22087],[28.13991,-26.22073],[28.13971,-26.22052],[28.13954,-26.2203],[28.1393,-26.21998],[28.13891,-26.21945],[28.13865,-26.2191],[28.13823,-26.21852],[28.13789,-26.21806],[28.13762,-26.21768],[28.1374,-26.21738]]}},{"type":"Feature","properties":{"id":"way/71164450","name":"Unnamed","network":"PRASA"},"geometry":{"type":"LineString","coordinates":[[28.12393,-25.64554],[28.1257,-25.64601],[28.12793,-25.64661],[28.1286,-25.64679],[28.13134,-25.64752],[28.13328,-25.64805],[28.1369,-25.64902],[28.13967,-25.64976]]}},{"type":"Feature","properties":{"id":"way/71164453","name":"Unnamed","network":"PRASA"},"geometry":{"type":"LineString","coordinates":[[28.27504,-25.72608],[28.26759,-25.72547],[28.26711,-25.72542],[28.26698,-25.72541],[28.26663,-25.72538],[28.26608,-25.72534],[28.26565,-25.7253],[28.2654,-25.72527]]}},{"type":"Feature","properties":{"id":"way/71164456","name":"Unnamed","network":"PRASA"},"geometry":{"type":"LineString","coordinates":[[28.42785,-25.73516],[28.42732,-25.73491],[28.42655,-25.73454],[28.42647,-25.7345],[28.42598,-25.73427],[28.42541,-25.73399],[28.42514,-25.73387],[28.42483,-25.73373],[28.42439,-25.73351],[28.42399,-25.73331],[28.42396,-25.7333],[28.42387,-25.73326],[28.42374,-25.7332],[28.42362,-25.73314],[28.42347,-25.73307],[28.42331,-25.73299],[28.4227,-25.7327],[28.42239,-25.73256],[28.42217,-25.73246],[28.42153,-25.73221],[28.42116,-25.73209],[28.42086,-25.732],[28.42051,-25.73192],[28.42011,-25.73183],[28.41943,-25.73173],[28.41871,-25.73165],[28.41698,-25.73146],[28.41637,-25.7314],[28.41567,-25.73132],[28.41539,-25.73129],[28.41459,-25.73119],[28.41403,-25.73114],[28.41394,-25.73113],[28.41102,-25.7308],[28.41003,-25.7307],[28.40644,-25.7303],[28.40605,-25.73026],[28.40535,-25.73019],[28.40428,-25.73007],[28.40355,-25.72999],[28.40309,-25.72993],[28.40263,-25.72989],[28.40224,-25.72984],[28.40179,-25.72979],[28.40082,-25.72969],[28.40069,-25.72968],[28.39966,-25.72958],[28.39787,-25.72938],[28.3971,-25.72928],[28.39506,-25.72905],[28.39377,-25.72891],[28.39152,-25.72867],[28.39127,-25.72864],[28.39099,-25.72861],[28.39072,-25.72857],[28.39056,-25.72855],[28.39032,-25.72853],[28.38998,-25.7285],[28.38975,-25.72846],[28.3893,-25.72842],[28.38913,-25.7284],[28.38876,-25.72836],[28.38847,-25.72832],[28.38825,-25.72829],[28.38803,-25.72825],[28.38769,-25.72817],[28.38747,-25.72812],[28.38723,-25.72805],[28.38696,-25.72795],[28.38682,-25.7279],[28.38642,-25.72774],[28.38601,-25.72756],[28.3852,-25.72719],[28.38495,-25.72707],[28.38389,-25.72658],[28.3833,-25.72632],[28.38293,-25.72615],[28.38273,-25.72606],[28.38253,-25.72598],[28.38239,-25.72592],[28.38223,-25.72586],[28.38204,-25.72579],[28.38183,-25.72573],[28.38165,-25.72567],[28.38026,-25.72531],[28.37955,-25.72513],[28.3769,-25.72447],[28.37542,-25.72409],[28.37432,-25.72381],[28.37325,-25.72355],[28.37164,-25.72313],[28.37047,-25.72285],[28.36977,-25.72266],[28.3691,-25.7225],[28.36901,-25.72248],[28.36792,-25.7222],[28.36646,-25.72182],[28.36587,-25.72168],[28.36556,-25.72161],[28.36524,-25.72156],[28.3649,-25.72152],[28.36469,-25.72151],[28.36435,-25.7215],[28.36401,-25.7215],[28.36371,-25.72153],[28.36329,-25.72159]]}},{"type":"Feature","properties":{"id":"way/71164463","name":"Unnamed","network":"PRASA"},"geometry":{"type":"LineString","coordinates":[[28.19327,-25.76477],[28.19335,-25.76513],[28.19344,-25.76555],[28.19351,-25.76614],[28.19352,-25.76626],[28.19352,-25.76637],[28.19351,-25.76651],[28.1935,-25.76665],[28.19349,-25.76679],[28.19347,-25.76704],[28.19343,-25.76739],[28.1934,-25.76766],[28.19332,-25.76829],[28.19327,-25.76878],[28.19321,-25.76938],[28.19319,-25.76963],[28.19318,-25.76995],[28.19317,-25.7702],[28.19317,-25.77053],[28.19317,-25.77086],[28.1932,-25.77147],[28.19323,-25.7723],[28.19324,-25.7727],[28.19328,-25.77366],[28.1933,-25.77425],[28.19332,-25.77496],[28.19335,-25.77566],[28.19336,-25.77603],[28.19337,-25.7764],[28.19336,-25.77666],[28.19334,-25.77694],[28.19332,-25.77709],[28.19329,-25.77736],[28.19326,-25.77752],[28.19318,-25.7779],[28.19302,-25.77856],[28.19287,-25.77922],[28.19274,-25.77976],[28.1927,-25.77998],[28.19266,-25.7802],[28.19263,-25.7804],[28.1926,-25.78063]]}},{"type":"Feature","properties":{"id":"way/71164465","name":"Unnamed","network":"PRASA"},"geometry":{"type":"LineString","coordinates":[[28.16519,-25.71889],[28.16519,-25.71872],[28.16521,-25.71838],[28.16521,-25.71823],[28.16525,-25.71773],[28.16529,-25.71724],[28.16531,-25.71696],[28.16532,-25.71685],[28.16534,-25.71672],[28.16536,-25.71658],[28.16539,-25.71642],[28.16544,-25.71617],[28.16557,-25.71561],[28.16572,-25.71503],[28.1659,-25.71442],[28.16605,-25.71392],[28.1662,-25.71343],[28.16641,-25.71274],[28.16665,-25.71201],[28.16681,-25.71149],[28.16704,-25.71078],[28.16727,-25.71003],[28.16787,-25.70803],[28.16816,-25.70708],[28.16849,-25.70598]]}},{"type":"Feature","properties":{"id":"way/71174943","name":"Unnamed","network":"PRASA"},"geometry":{"type":"LineString","coordinates":[[28.44855,-26.42263],[28.45007,-26.42124],[28.45028,-26.42104],[28.45056,-26.42079],[28.45075,-26.42062],[28.45091,-26.42044],[28.45107,-26.42023],[28.45121,-26.42004],[28.45131,-26.41989],[28.45143,-26.41967],[28.45152,-26.41947],[28.4516,-26.41929],[28.45167,-26.41909],[28.45173,-26.41888],[28.45176,-26.41871],[28.45179,-26.41855],[28.45182,-26.41835],[28.45183,-26.41818],[28.45183,-26.41801],[28.45183,-26.41783],[28.45182,-26.41771],[28.4518,-26.41751],[28.45178,-26.4174],[28.45176,-26.41729],[28.45172,-26.41711],[28.45168,-26.41697],[28.45161,-26.41675],[28.4515,-26.4165],[28.45135,-26.41619],[28.45088,-26.4154],[28.4501,-26.41406],[28.44983,-26.41361],[28.44971,-26.41345],[28.44944,-26.41308],[28.44914,-26.41274],[28.44882,-26.41241],[28.44807,-26.41169],[28.44656,-26.41025],[28.44591,-26.40963],[28.44557,-26.40926],[28.44529,-26.40897],[28.445,-26.40858],[28.44492,-26.40847],[28.44473,-26.4082],[28.44452,-26.40786],[28.44431,-26.40746],[28.44424,-26.4073],[28.44414,-26.40708],[28.44398,-26.40668],[28.44391,-26.40647],[28.44382,-26.40615],[28.44343,-26.40465],[28.44236,-26.40051],[28.44209,-26.39947],[28.44202,-26.39917],[28.44197,-26.39889],[28.44193,-26.39864],[28.44191,-26.39841],[28.44188,-26.39814],[28.44187,-26.39791],[28.44186,-26.39768],[28.44187,-26.39745],[28.44188,-26.39722],[28.4419,-26.39702],[28.44194,-26.39668],[28.44196,-26.39651],[28.44202,-26.39625],[28.44204,-26.39614],[28.44212,-26.39576],[28.44248,-26.39414],[28.44259,-26.39361],[28.44265,-26.39327],[28.44267,-26.39293],[28.44267,-26.39276],[28.44267,-26.39255],[28.44265,-26.39232],[28.44262,-26.39205],[28.4426,-26.39189],[28.44255,-26.39165],[28.44248,-26.39139],[28.44242,-26.39121],[28.44237,-26.39106],[28.44232,-26.39094],[28.44226,-26.39079],[28.4422,-26.39064],[28.44209,-26.39044],[28.442,-26.39027],[28.44188,-26.39008],[28.44175,-26.38989],[28.44158,-26.38966]]}},{"type":"Feature","properties":{"id":"way/71174948","name":"Unnamed","network":"PRASA"},"geometry":{"type":"LineString","coordinates":[[27.93373,-26.66603],[27.9337,-26.66602]]}},{"type":"Feature","properties":{"id":"way/71174956","name":"Unnamed","network":"PRASA"},"geometry":{"type":"LineString","coordinates":[[27.39887,-26.34143],[27.3991,-26.34138],[27.40157,-26.34082],[27.40314,-26.34048],[27.40393,-26.34025],[27.40447,-26.34007],[27.40508,-26.33982],[27.40543,-26.33966],[27.40625,-26.33926],[27.40762,-26.33846],[27.40821,-26.33811],[27.40878,-26.33779],[27.40915,-26.33759],[27.40949,-26.33742],[27.40978,-26.33728],[27.41027,-26.33708],[27.41063,-26.33695],[27.41091,-26.33686],[27.41124,-26.33675],[27.4116,-26.33664],[27.41195,-26.33655],[27.41237,-26.33645],[27.41297,-26.33631],[27.41447,-26.33594],[27.41517,-26.33577],[27.42298,-26.33387],[27.42536,-26.33329],[27.42735,-26.3328],[27.43424,-26.33113],[27.43525,-26.33087],[27.43773,-26.33024],[27.43874,-26.32999],[27.44103,-26.32943],[27.4439,-26.32874],[27.44447,-26.3286],[27.44485,-26.3285],[27.44528,-26.32838],[27.44564,-26.32827],[27.44606,-26.32812],[27.44659,-26.3279],[27.44704,-26.3277],[27.44748,-26.32749],[27.44855,-26.32699],[27.44919,-26.3267],[27.4496,-26.32653],[27.45008,-26.32634],[27.4504,-26.32623],[27.45086,-26.3261],[27.45119,-26.32601],[27.45165,-26.32591],[27.45196,-26.32584],[27.45239,-26.32576],[27.45282,-26.3257],[27.45314,-26.32566],[27.45367,-26.32562],[27.45399,-26.3256],[27.45452,-26.32559],[27.45534,-26.32559],[27.45593,-26.32559],[27.45792,-26.32559],[27.4594,-26.32559],[27.46163,-26.3256],[27.46298,-26.3256],[27.46426,-26.3256],[27.46516,-26.32559],[27.46608,-26.32555],[27.46665,-26.32551],[27.46742,-26.32546],[27.46841,-26.32539],[27.46989,-26.32528],[27.47116,-26.3252],[27.47232,-26.32512],[27.47334,-26.32505],[27.47377,-26.32502],[27.47428,-26.32498],[27.47458,-26.32497],[27.47502,-26.32497],[27.47539,-26.32497],[27.47578,-26.32499],[27.47621,-26.32502],[27.47674,-26.32506],[27.47742,-26.32511],[27.47801,-26.32516],[27.47901,-26.32524],[27.47955,-26.32525],[27.47984,-26.32524],[27.48018,-26.32522],[27.48053,-26.32519],[27.48083,-26.32516],[27.48112,-26.3251],[27.48147,-26.32503],[27.4818,-26.32495],[27.4822,-26.32484],[27.48254,-26.32473],[27.48286,-26.3246],[27.48319,-26.32446],[27.48376,-26.3242],[27.48488,-26.32371],[27.48571,-26.32334],[27.48674,-26.32288],[27.48761,-26.3225],[27.48846,-26.32211],[27.4891,-26.32183],[27.4897,-26.32157],[27.49085,-26.32105],[27.49146,-26.32079],[27.49206,-26.32051],[27.4933,-26.31996],[27.49514,-26.31914],[27.49625,-26.31865],[27.49726,-26.3182],[27.5035,-26.31542],[27.50362,-26.31537],[27.5129,-26.31124],[27.51451,-26.31053],[27.51524,-26.3102]]}},{"type":"Feature","properties":{"id":"way/71174957","name":"Unnamed","network":"PRASA"},"geometry":{"type":"LineString","coordinates":[[28.4376,-26.25586],[28.43761,-26.25573],[28.43768,-26.25468]]}},{"type":"Feature","properties":{"id":"way/71174958","name":"Unnamed","network":"PRASA"},"geometry":{"type":"LineString","coordinates":[[27.83513,-26.29841],[27.83549,-26.29827],[27.83566,-26.29821],[27.83655,-26.29788],[27.83733,-26.2976],[27.83775,-26.29744],[27.83839,-26.2972]]}},{"type":"Feature","properties":{"id":"way/71174959","name":"Unnamed","network":"PRASA"},"geometry":{"type":"LineString","coordinates":[[27.69801,-26.18136],[27.69897,-26.18003],[27.6993,-26.17958],[27.69959,-26.17916],[27.6999,-26.17874],[27.70075,-26.17756],[27.70206,-26.17574],[27.70362,-26.17357],[27.70432,-26.17259],[27.70484,-26.17186],[27.70541,-26.17107],[27.70589,-26.17041],[27.70659,-26.16943],[27.70773,-26.16785],[27.70815,-26.16726],[27.7096,-26.16525],[27.71077,-26.16362],[27.71109,-26.16318],[27.71188,-26.16208],[27.71213,-26.16171],[27.71245,-26.16124],[27.71266,-26.16093],[27.71273,-26.16082],[27.71288,-26.1606],[27.71319,-26.16014],[27.71349,-26.15971],[27.71374,-26.15937],[27.71396,-26.1591],[27.71411,-26.15894],[27.71427,-26.15876],[27.71449,-26.15854],[27.71476,-26.15828],[27.71495,-26.15811],[27.71509,-26.15798],[27.71534,-26.15779],[27.71563,-26.15757],[27.71594,-26.15736],[27.7162,-26.15719],[27.71652,-26.157],[27.71696,-26.15672],[27.71779,-26.15618],[27.71794,-26.15607],[27.71804,-26.15599],[27.71811,-26.15594],[27.71818,-26.15589],[27.71866,-26.1555],[27.71898,-26.15525],[27.7192,-26.15507],[27.71954,-26.15481],[27.7198,-26.1546],[27.72041,-26.15412],[27.72069,-26.15389],[27.72141,-26.15332],[27.72176,-26.15303],[27.7225,-26.15245],[27.72337,-26.15177],[27.72417,-26.15113],[27.72502,-26.15046],[27.72539,-26.15017],[27.72592,-26.14974],[27.72657,-26.14923],[27.72748,-26.14851],[27.72888,-26.1474],[27.7298,-26.14667],[27.73039,-26.1462],[27.73065,-26.146]]}},{"type":"Feature","properties":{"id":"way/71277766","name":"Unnamed","network":"PRASA"},"geometry":{"type":"LineString","coordinates":[[28.08823,-26.41282],[28.08828,-26.41251]]}},{"type":"Feature","properties":{"id":"way/71277768","name":"Unnamed","network":"PRASA"},"geometry":{"type":"LineString","coordinates":[[28.01237,-26.55006],[28.01286,-26.54909],[28.01323,-26.54833],[28.01345,-26.54792],[28.01358,-26.54769],[28.01378,-26.54733],[28.01394,-26.54707],[28.01408,-26.54687],[28.01421,-26.54668],[28.01438,-26.54646],[28.01456,-26.54621],[28.0147,-26.54606],[28.01487,-26.54585],[28.01522,-26.54546],[28.01541,-26.54528],[28.01565,-26.54504],[28.01595,-26.54477],[28.01625,-26.54452],[28.01663,-26.54422],[28.01703,-26.54393],[28.01737,-26.54371],[28.01775,-26.54347],[28.01834,-26.54314],[28.01915,-26.5427],[28.02102,-26.54171],[28.02255,-26.54089],[28.0234,-26.54044],[28.02438,-26.53992],[28.02465,-26.53977],[28.02494,-26.53961],[28.02522,-26.53944],[28.02547,-26.53928],[28.02579,-26.53906],[28.02604,-26.53887],[28.02636,-26.53864],[28.02659,-26.53845],[28.02688,-26.53818],[28.0271,-26.53799],[28.02735,-26.53775],[28.02757,-26.53753],[28.02788,-26.53721],[28.02833,-26.53674],[28.02876,-26.5363],[28.02921,-26.53583],[28.02994,-26.53506],[28.03037,-26.53462],[28.03064,-26.53433],[28.03099,-26.53397],[28.03243,-26.53247],[28.03297,-26.53191],[28.03354,-26.53132],[28.03403,-26.5308],[28.03555,-26.52921],[28.03773,-26.52694],[28.03838,-26.52627],[28.03873,-26.5259],[28.03928,-26.52531],[28.0398,-26.52479],[28.04011,-26.52446],[28.04072,-26.52382],[28.04247,-26.52201],[28.04346,-26.52097],[28.04394,-26.52046],[28.04437,-26.52002],[28.0449,-26.51947],[28.04593,-26.51839],[28.04805,-26.51619],[28.04855,-26.51566],[28.049,-26.51518],[28.04949,-26.51468],[28.04995,-26.51419],[28.05049,-26.51364],[28.05122,-26.51287],[28.05178,-26.51228],[28.05232,-26.51173],[28.05271,-26.51129],[28.05296,-26.511],[28.05319,-26.5107],[28.05346,-26.51032],[28.05371,-26.50996],[28.05398,-26.50951],[28.05419,-26.50911],[28.05438,-26.50872],[28.05532,-26.50653],[28.05637,-26.50411],[28.05773,-26.50096],[28.05828,-26.49966],[28.05861,-26.4989],[28.05917,-26.49763],[28.06142,-26.49239],[28.0618,-26.4915],[28.06212,-26.49076],[28.06247,-26.48995],[28.06267,-26.48949],[28.06297,-26.48878],[28.0632,-26.48825],[28.06361,-26.48732],[28.06412,-26.48613],[28.06468,-26.48482],[28.06516,-26.48371],[28.06543,-26.48306],[28.06693,-26.47957],[28.06704,-26.47931],[28.06751,-26.47824],[28.06786,-26.47741],[28.06835,-26.47628],[28.06883,-26.47517],[28.06932,-26.47402],[28.06969,-26.47317],[28.07127,-26.46949],[28.07152,-26.46891],[28.07166,-26.46856],[28.07185,-26.46808],[28.07199,-26.46768],[28.07208,-26.46741],[28.07232,-26.46651],[28.07266,-26.46512],[28.07278,-26.46459],[28.07297,-26.46381],[28.07302,-26.46359],[28.07316,-26.46304],[28.0733,-26.46253],[28.07349,-26.46198],[28.0736,-26.46171],[28.07376,-26.46134],[28.07397,-26.46089],[28.07416,-26.46054],[28.07425,-26.46038],[28.07439,-26.46011],[28.07452,-26.45987],[28.07514,-26.45875],[28.07571,-26.45772],[28.07665,-26.45598],[28.07702,-26.4553],[28.07713,-26.45509],[28.07745,-26.45451],[28.07783,-26.45383],[28.07823,-26.45309],[28.07855,-26.4525],[28.07913,-26.45144],[28.07966,-26.45045],[28.08025,-26.44938],[28.08081,-26.44835],[28.08151,-26.44708],[28.08179,-26.44655],[28.08197,-26.44622],[28.08218,-26.44576],[28.08233,-26.44537],[28.08247,-26.44498],[28.08252,-26.44484],[28.08261,-26.44454],[28.08268,-26.44429],[28.08276,-26.44399],[28.08281,-26.44374],[28.08287,-26.44337],[28.08292,-26.44307],[28.08301,-26.4426],[28.0831,-26.44207],[28.08324,-26.44128],[28.08339,-26.44042],[28.08351,-26.43974],[28.08367,-26.43887],[28.08376,-26.43836],[28.08388,-26.43769],[28.08396,-26.43721],[28.08434,-26.4351],[28.08446,-26.43433],[28.08508,-26.43087],[28.08547,-26.42864],[28.08569,-26.4274],[28.08588,-26.42626],[28.08614,-26.42477],[28.08632,-26.42382],[28.08641,-26.42329],[28.0866,-26.42225]]}},{"type":"Feature","properties":{"id":"way/71400769","name":"Unnamed","network":"PRASA"},"geometry":{"type":"LineString","coordinates":[[28.13967,-25.64976],[28.14071,-25.65004]]}},{"type":"Feature","properties":{"id":"way/71400784","name":"Unnamed","network":"PRASA"},"geometry":{"type":"LineString","coordinates":[[28.15146,-25.65293],[28.15154,-25.65295],[28.15759,-25.65458],[28.15865,-25.65486],[28.15921,-25.65501],[28.16149,-25.65562],[28.16243,-25.65587],[28.1632,-25.65605],[28.16364,-25.65615],[28.16425,-25.65628],[28.16463,-25.65638],[28.16542,-25.65658],[28.1662,-25.6568],[28.16761,-25.65717],[28.16837,-25.65738],[28.16927,-25.65767],[28.17011,-25.65793],[28.17282,-25.65866],[28.17341,-25.65882],[28.17391,-25.65895]]}},{"type":"Feature","properties":{"id":"way/71405713","name":"Unnamed","network":"PRASA"},"geometry":{"type":"LineString","coordinates":[[28.16857,-25.70573],[28.16871,-25.70524],[28.16886,-25.70476],[28.16914,-25.70384],[28.16918,-25.7037],[28.16924,-25.70356],[28.16928,-25.70345],[28.16933,-25.70335],[28.16938,-25.70328],[28.16943,-25.7032],[28.16952,-25.70304],[28.16969,-25.70283],[28.16982,-25.70267],[28.16994,-25.70252],[28.17017,-25.70225],[28.17043,-25.70195],[28.17057,-25.70178],[28.1707,-25.70164],[28.17096,-25.70138],[28.17124,-25.70114],[28.17155,-25.70093],[28.17167,-25.70087],[28.17184,-25.70077],[28.17204,-25.70067],[28.17222,-25.7006],[28.17237,-25.70054],[28.17253,-25.70049],[28.17271,-25.70044],[28.17292,-25.70039],[28.17359,-25.70025],[28.17406,-25.70011],[28.17438,-25.7],[28.17468,-25.69989],[28.17502,-25.69974],[28.17531,-25.6996],[28.17548,-25.69951],[28.17579,-25.69934],[28.17621,-25.69909],[28.17705,-25.69857],[28.17845,-25.69772],[28.17898,-25.69739],[28.17905,-25.69735],[28.17941,-25.69713],[28.17999,-25.69678],[28.1804,-25.69654],[28.18108,-25.69612],[28.18169,-25.69575],[28.18238,-25.69533],[28.18311,-25.69489],[28.1832,-25.69482],[28.18353,-25.69463],[28.18377,-25.69449],[28.18398,-25.69436],[28.1843,-25.69416],[28.18459,-25.69397],[28.18484,-25.69376],[28.18522,-25.69343],[28.18566,-25.69302],[28.18589,-25.69277],[28.18626,-25.69238],[28.18644,-25.69218],[28.18652,-25.69209],[28.18661,-25.69197],[28.18672,-25.6918],[28.1868,-25.69164],[28.18687,-25.6915],[28.18694,-25.69136],[28.18703,-25.69109],[28.18707,-25.69093],[28.1871,-25.69079],[28.18713,-25.69056],[28.18714,-25.6904],[28.18715,-25.69019],[28.18713,-25.68997],[28.1871,-25.68978],[28.18705,-25.68959],[28.187,-25.68941],[28.18696,-25.68928],[28.18686,-25.68905],[28.18677,-25.68887],[28.18664,-25.68867],[28.1865,-25.68849],[28.1864,-25.68837],[28.18628,-25.68823],[28.18607,-25.68802],[28.18563,-25.68764],[28.18543,-25.68747],[28.18523,-25.68728],[28.18495,-25.68701],[28.18474,-25.68679],[28.18451,-25.6865],[28.18428,-25.6862],[28.1841,-25.68595],[28.18394,-25.68572],[28.18374,-25.68539],[28.18362,-25.68519],[28.18354,-25.68503],[28.18346,-25.68489],[28.18337,-25.68472],[28.18329,-25.68454],[28.18317,-25.68427],[28.18305,-25.68397],[28.18288,-25.68349],[28.18279,-25.68321],[28.18271,-25.68292],[28.18262,-25.68253],[28.18254,-25.68216],[28.18246,-25.68173],[28.18242,-25.68137],[28.18236,-25.68073],[28.18233,-25.68036],[28.18231,-25.68001],[28.18228,-25.67947],[28.18228,-25.67927],[28.18229,-25.67889],[28.1823,-25.67864],[28.1823,-25.67832]]}},{"type":"Feature","properties":{"id":"way/71405724","name":"Unnamed","network":"PRASA"},"geometry":{"type":"LineString","coordinates":[[28.16849,-25.70598],[28.16857,-25.70573]]}},{"type":"Feature","properties":{"id":"way/79567432","name":"Unnamed","network":"PRASA"},"geometry":{"type":"LineString","coordinates":[[27.945,-26.18082],[27.94572,-26.18107]]}},{"type":"Feature","properties":{"id":"way/79567439","name":"Unnamed","network":"PRASA"},"geometry":{"type":"LineString","coordinates":[[27.94419,-26.18056],[27.94437,-26.18061],[27.94461,-26.18069],[27.94485,-26.18077],[27.945,-26.18082]]}},{"type":"Feature","properties":{"id":"way/79636931","name":"Unnamed","network":"PRASA"},"geometry":{"type":"LineString","coordinates":[[27.83839,-26.2972],[27.83863,-26.29711]]}},{"type":"Feature","properties":{"id":"way/79636933","name":"Unnamed","network":"PRASA"},"geometry":{"type":"LineString","coordinates":[[27.85921,-26.29165],[27.85968,-26.29157],[27.86101,-26.2913],[27.8623,-26.29106],[27.86389,-26.29075],[27.8655,-26.29048],[27.8666,-26.29026],[27.86735,-26.29011],[27.86781,-26.29002],[27.86803,-26.28997],[27.86833,-26.28989],[27.86862,-26.28981],[27.86891,-26.28971],[27.86933,-26.28955],[27.87034,-26.28916],[27.87057,-26.28907],[27.87115,-26.28884],[27.87184,-26.28857],[27.87199,-26.28851],[27.87231,-26.28837],[27.87251,-26.28827],[27.87279,-26.28812],[27.87304,-26.28798],[27.87328,-26.28783],[27.87358,-26.28763],[27.87379,-26.28748],[27.87401,-26.28731],[27.87418,-26.28717],[27.87442,-26.28695],[27.87461,-26.28678],[27.87478,-26.28661],[27.87496,-26.28642],[27.87516,-26.28619],[27.87538,-26.28591],[27.87561,-26.28562],[27.8759,-26.28523],[27.87601,-26.28508],[27.8762,-26.28483],[27.87636,-26.28462],[27.87652,-26.28442],[27.87665,-26.28427]]}},{"type":"Feature","properties":{"id":"way/83239400","name":"Unnamed","network":"PRASA"},"geometry":{"type":"LineString","coordinates":[[28.39732,-26.17206],[28.39569,-26.17041],[28.3955,-26.17023],[28.39523,-26.17],[28.39501,-26.16985],[28.39484,-26.16973],[28.39461,-26.16961],[28.39443,-26.16951],[28.39418,-26.16941],[28.3939,-26.1693],[28.39356,-26.1692],[28.39331,-26.16915],[28.39297,-26.16908],[28.39255,-26.16903],[28.39201,-26.16895],[28.39121,-26.16884],[28.3907,-26.16878],[28.39026,-26.16874],[28.38994,-26.16872],[28.38954,-26.16869],[28.38913,-26.16867],[28.38875,-26.16867],[28.38835,-26.16867],[28.38799,-26.16868],[28.38757,-26.16869],[28.38718,-26.16872],[28.38672,-26.16876],[28.3863,-26.1688],[28.38584,-26.16886],[28.38538,-26.16893],[28.38497,-26.16898],[28.3844,-26.16906],[28.38386,-26.16914]]}},{"type":"Feature","properties":{"id":"way/83239405","name":"Unnamed","network":"PRASA"},"geometry":{"type":"LineString","coordinates":[[28.38386,-26.16914],[28.38369,-26.16916]]}},{"type":"Feature","properties":{"id":"way/83518880","name":"Unnamed","network":"PRASA"},"geometry":{"type":"LineString","coordinates":[[27.73086,-26.14584],[27.73119,-26.14558],[27.73166,-26.14519],[27.73184,-26.14503],[27.73202,-26.14485],[27.73224,-26.1446],[27.73241,-26.14438],[27.73257,-26.14413],[27.73273,-26.14384],[27.73283,-26.14364],[27.73307,-26.14308],[27.73366,-26.14166],[27.73429,-26.14018],[27.7362,-26.13567],[27.73677,-26.13433],[27.7388,-26.12954],[27.73925,-26.12847],[27.73944,-26.12803],[27.73992,-26.12688],[27.74042,-26.12571]]}},{"type":"Feature","properties":{"id":"way/83518891","name":"Unnamed","network":"PRASA"},"geometry":{"type":"LineString","coordinates":[[27.73065,-26.146],[27.73086,-26.14584]]}},{"type":"Feature","properties":{"id":"way/84272851","name":"Unnamed","network":"PRASA"},"geometry":{"type":"LineString","coordinates":[[28.06403,-25.76471],[28.06379,-25.76461],[28.06352,-25.7645],[28.0633,-25.76442],[28.06314,-25.76436],[28.06291,-25.76428],[28.06175,-25.76392],[28.06099,-25.76367],[28.0608,-25.76361],[28.06062,-25.76356],[28.0603,-25.7635],[28.05999,-25.76344],[28.05968,-25.76338],[28.05935,-25.76331]]}},{"type":"Feature","properties":{"id":"way/105811499","name":"Unnamed","network":"PRASA"},"geometry":{"type":"LineString","coordinates":[[28.15248,-26.34414],[28.1525,-26.34641],[28.15251,-26.34845],[28.15253,-26.35],[28.15254,-26.35184],[28.15257,-26.35467],[28.15262,-26.36086],[28.15262,-26.36105],[28.15262,-26.3617],[28.15262,-26.36187],[28.15263,-26.36246],[28.15263,-26.36273],[28.15263,-26.36283],[28.15263,-26.36321],[28.15264,-26.36363],[28.15265,-26.3639],[28.15265,-26.36471],[28.15265,-26.3651],[28.15266,-26.36579]]}},{"type":"Feature","properties":{"id":"way/105811512","name":"Unnamed","network":"PRASA"},"geometry":{"type":"LineString","coordinates":[[28.15243,-26.33765],[28.15242,-26.33815],[28.1524,-26.33899],[28.1524,-26.33943],[28.15241,-26.34088],[28.15242,-26.34251],[28.15245,-26.34352],[28.15248,-26.34414]]}},{"type":"Feature","properties":{"id":"way/116822392","name":"Unnamed","network":"PRASA"},"geometry":{"type":"LineString","coordinates":[[28.19286,-26.20096],[28.19307,-26.20074],[28.19356,-26.20018],[28.1938,-26.19993],[28.19485,-26.19875],[28.19549,-26.19803],[28.19605,-26.1974],[28.19627,-26.19714],[28.19641,-26.19695],[28.19656,-26.19676],[28.19677,-26.19643],[28.19697,-26.19608],[28.19726,-26.19558],[28.19747,-26.19522],[28.19768,-26.19471],[28.19785,-26.19426],[28.19798,-26.19372],[28.19805,-26.19331],[28.19809,-26.19292],[28.19811,-26.19265],[28.19812,-26.19243],[28.19811,-26.19209],[28.19809,-26.19175],[28.19807,-26.19147],[28.198,-26.19095],[28.19799,-26.19087],[28.19792,-26.19027],[28.19786,-26.1897],[28.19783,-26.18929],[28.19783,-26.1889],[28.19784,-26.18842],[28.19789,-26.1879],[28.19794,-26.18756],[28.19798,-26.1873],[28.19802,-26.18708],[28.19809,-26.18678],[28.19815,-26.18655],[28.19836,-26.18584],[28.19858,-26.18503]]}},{"type":"Feature","properties":{"id":"way/123743988","name":"Unnamed","network":"PRASA"},"geometry":{"type":"LineString","coordinates":[[27.80246,-26.30324],[27.80813,-26.30287],[27.81146,-26.30266],[27.81239,-26.3026],[27.81264,-26.30259],[27.81318,-26.30255],[27.81406,-26.3025],[27.81605,-26.30236],[27.81793,-26.30225],[27.81802,-26.30224],[27.81881,-26.30219],[27.81943,-26.30215],[27.82002,-26.30211],[27.82117,-26.30204],[27.82214,-26.30198],[27.82297,-26.30192],[27.82347,-26.3019],[27.82403,-26.30185],[27.82465,-26.30177],[27.8251,-26.3017],[27.82549,-26.30163],[27.82587,-26.30156],[27.82621,-26.30149],[27.82672,-26.30137],[27.82709,-26.30127],[27.82781,-26.30105],[27.82826,-26.3009],[27.82873,-26.30073],[27.82972,-26.30036],[27.83202,-26.29952],[27.83228,-26.29942],[27.83295,-26.29917],[27.83441,-26.29858],[27.83498,-26.29836],[27.83551,-26.29816],[27.83564,-26.29812],[27.83623,-26.2979],[27.83694,-26.29764],[27.83747,-26.29744],[27.83832,-26.29713]]}},{"type":"Feature","properties":{"id":"way/123743989","name":"Unnamed","network":"PRASA"},"geometry":{"type":"LineString","coordinates":[[27.85608,-26.25854],[27.85635,-26.25839],[27.85665,-26.2582],[27.85688,-26.25805],[27.85718,-26.25782],[27.85739,-26.25764],[27.85755,-26.25751],[27.85773,-26.25734],[27.85789,-26.25719],[27.85812,-26.25695],[27.85827,-26.25677],[27.85846,-26.25654],[27.85864,-26.25632],[27.85884,-26.25604],[27.85913,-26.25563],[27.85943,-26.25522],[27.85967,-26.25488],[27.85999,-26.25444],[27.86042,-26.25384],[27.86117,-26.2528],[27.86171,-26.25206],[27.86189,-26.2518],[27.86238,-26.25113],[27.86271,-26.25066],[27.86303,-26.25022],[27.8635,-26.24957],[27.86408,-26.24875],[27.8644,-26.24831],[27.86469,-26.24791],[27.86474,-26.24785],[27.86493,-26.24757],[27.86495,-26.24755],[27.86552,-26.24676],[27.86591,-26.24622],[27.8663,-26.24568]]}},{"type":"Feature","properties":{"id":"way/123743993","name":"Unnamed","network":"PRASA"},"geometry":{"type":"LineString","coordinates":[[27.87702,-26.28387],[27.87723,-26.28366],[27.87741,-26.2835],[27.87757,-26.28336],[27.87777,-26.2832],[27.87793,-26.28307],[27.87808,-26.28296],[27.87826,-26.28284],[27.87847,-26.2827],[27.87868,-26.28258],[27.8789,-26.28245],[27.87911,-26.28233],[27.87933,-26.28222],[27.87965,-26.28208],[27.87998,-26.28193],[27.8805,-26.28173],[27.88069,-26.28166]]}},{"type":"Feature","properties":{"id":"way/123743996","name":"Unnamed","network":"PRASA"},"geometry":{"type":"LineString","coordinates":[[27.87665,-26.28427],[27.87685,-26.28404],[27.87702,-26.28387]]}},{"type":"Feature","properties":{"id":"way/123743999","name":"Unnamed","network":"PRASA"},"geometry":{"type":"LineString","coordinates":[[27.51524,-26.3102],[27.51552,-26.31008],[27.51578,-26.30997],[27.51611,-26.30985],[27.5164,-26.30976],[27.51672,-26.30968],[27.51698,-26.30963],[27.51718,-26.3096],[27.5173,-26.30957],[27.51754,-26.30954],[27.51785,-26.30951],[27.51808,-26.30949],[27.51826,-26.30949],[27.51842,-26.30949],[27.51861,-26.30949],[27.51882,-26.30949],[27.51899,-26.30949],[27.51921,-26.30951],[27.51951,-26.30954],[27.51982,-26.30959],[27.52004,-26.30963],[27.52035,-26.3097],[27.52057,-26.30976],[27.52079,-26.30983],[27.52108,-26.30992],[27.52144,-26.31007],[27.52178,-26.31022],[27.52203,-26.31035],[27.52225,-26.31047],[27.52247,-26.31061],[27.52267,-26.31074],[27.52295,-26.31094],[27.52321,-26.31113],[27.52347,-26.31133],[27.52415,-26.31187],[27.52479,-26.31238],[27.52508,-26.31261],[27.52588,-26.31324],[27.5267,-26.31389],[27.52708,-26.31419]]}},{"type":"Feature","properties":{"id":"way/123744000","name":"Unnamed","network":"PRASA"},"geometry":{"type":"LineString","coordinates":[[27.85553,-26.25882],[27.85586,-26.25866],[27.85608,-26.25854]]}},{"type":"Feature","properties":{"id":"way/123744002","name":"Unnamed","network":"PRASA"},"geometry":{"type":"LineString","coordinates":[[27.8663,-26.24568],[27.8667,-26.24511]]}},{"type":"Feature","properties":{"id":"way/123744005","name":"Unnamed","network":"PRASA"},"geometry":{"type":"LineString","coordinates":[[27.89676,-26.26174],[27.89731,-26.26116]]}},{"type":"Feature","properties":{"id":"way/123744006","name":"Unnamed","network":"PRASA"},"geometry":{"type":"LineString","coordinates":[[27.83344,-26.36191],[27.83327,-26.36145]]}},{"type":"Feature","properties":{"id":"way/123744007","name":"Unnamed","network":"PRASA"},"geometry":{"type":"LineString","coordinates":[[27.7982,-26.30351],[27.79985,-26.3034],[27.80122,-26.30331],[27.80204,-26.30326],[27.80246,-26.30324]]}},{"type":"Feature","properties":{"id":"way/123744018","name":"Unnamed","network":"PRASA"},"geometry":{"type":"LineString","coordinates":[[27.83114,-26.356],[27.83079,-26.35511],[27.83062,-26.35468],[27.83041,-26.35416],[27.83022,-26.35367],[27.83011,-26.3534],[27.82993,-26.35293],[27.82971,-26.35235],[27.82957,-26.35201],[27.82935,-26.35145],[27.8293,-26.35132],[27.82894,-26.3504],[27.82881,-26.35006],[27.82858,-26.34947],[27.82838,-26.34895],[27.82822,-26.34856],[27.82793,-26.3478],[27.82781,-26.34751],[27.82749,-26.3467],[27.82736,-26.34635],[27.82713,-26.34576],[27.82679,-26.3449],[27.82654,-26.34428],[27.82641,-26.34393],[27.82612,-26.34319],[27.82599,-26.34287],[27.82576,-26.34227],[27.82564,-26.34196],[27.82533,-26.34116],[27.82515,-26.3407],[27.82507,-26.34046],[27.825,-26.34025],[27.82495,-26.34003],[27.8249,-26.3398],[27.82485,-26.33958],[27.82482,-26.33936],[27.82479,-26.33913],[27.82476,-26.33881],[27.82471,-26.33821],[27.82459,-26.33672],[27.82455,-26.33638],[27.82451,-26.33575],[27.82443,-26.33482],[27.82439,-26.33426],[27.82434,-26.33375],[27.82425,-26.33262],[27.82408,-26.33057],[27.82404,-26.33007],[27.82398,-26.32932],[27.82388,-26.32813],[27.82381,-26.32727],[27.82373,-26.32631],[27.82371,-26.32602],[27.82365,-26.32532],[27.8236,-26.32473],[27.82354,-26.32397],[27.8235,-26.32353],[27.82343,-26.32259],[27.82338,-26.32208],[27.82337,-26.32181],[27.82337,-26.32163],[27.82337,-26.32144],[27.82338,-26.32116],[27.82339,-26.32095],[27.8234,-26.3207],[27.8234,-26.32032],[27.82339,-26.32002],[27.82335,-26.31943],[27.82332,-26.31919],[27.82329,-26.31902],[27.82323,-26.31866],[27.82316,-26.31822],[27.8231,-26.31785],[27.82305,-26.31748],[27.82302,-26.31722],[27.82296,-26.31677],[27.82292,-26.31641],[27.82289,-26.31608],[27.82284,-26.31549],[27.82281,-26.31515],[27.82277,-26.31464],[27.82274,-26.31418],[27.82268,-26.31359],[27.82254,-26.31185],[27.82248,-26.31113],[27.82241,-26.31026],[27.82234,-26.30944],[27.82228,-26.30871],[27.82226,-26.30845],[27.82226,-26.30823],[27.82226,-26.30799],[27.82227,-26.30783],[27.82229,-26.30756],[27.82232,-26.30735],[27.82236,-26.30707],[27.8224,-26.30686],[27.82247,-26.30657],[27.82253,-26.30634],[27.82261,-26.30609],[27.82269,-26.30586],[27.82281,-26.30556],[27.82292,-26.30533],[27.82305,-26.30506],[27.82316,-26.30488],[27.82323,-26.30475],[27.82336,-26.30455],[27.82349,-26.30436],[27.8236,-26.3042],[27.82371,-26.30406],[27.82383,-26.30391],[27.82397,-26.30374],[27.82418,-26.30351],[27.82438,-26.3033],[27.82461,-26.30308],[27.82489,-26.30285],[27.82512,-26.30266],[27.82528,-26.30254],[27.82547,-26.30242],[27.82575,-26.30223],[27.82596,-26.30211],[27.82619,-26.30198],[27.82646,-26.30184],[27.82668,-26.30174],[27.82688,-26.30165],[27.82724,-26.30151],[27.82782,-26.30129],[27.82922,-26.30077],[27.83111,-26.30008],[27.83227,-26.29965],[27.83271,-26.29945],[27.83317,-26.29923],[27.83368,-26.29899],[27.83403,-26.29883],[27.83419,-26.29876],[27.83447,-26.29865],[27.83513,-26.29841]]}},{"type":"Feature","properties":{"id":"way/123744022","name":"Unnamed","network":"PRASA"},"geometry":{"type":"LineString","coordinates":[[27.52708,-26.31419],[27.52818,-26.31499],[27.52853,-26.31521],[27.5293,-26.31566],[27.52971,-26.31588],[27.53024,-26.31615],[27.5305,-26.31628],[27.53098,-26.31649],[27.5314,-26.31667],[27.53185,-26.31684],[27.53233,-26.31701],[27.53306,-26.31724],[27.53351,-26.31737],[27.53413,-26.31752],[27.53473,-26.31765],[27.53523,-26.31774],[27.53578,-26.31782],[27.53631,-26.3179],[27.53672,-26.31794],[27.53721,-26.31798],[27.53754,-26.318],[27.53805,-26.31802],[27.53855,-26.31802],[27.53898,-26.31801],[27.5402,-26.31797],[27.542,-26.31789],[27.54357,-26.31783],[27.54449,-26.31778],[27.54595,-26.31772],[27.54929,-26.31758],[27.5527,-26.31744],[27.55554,-26.31731],[27.55741,-26.31723],[27.56079,-26.31709],[27.56467,-26.31693],[27.56614,-26.31687],[27.57135,-26.31664],[27.57361,-26.31655],[27.57518,-26.31648],[27.57658,-26.31642],[27.57815,-26.31635],[27.57961,-26.31629],[27.58134,-26.31622],[27.58294,-26.31614],[27.58444,-26.31608],[27.58614,-26.31601],[27.58826,-26.31592],[27.5905,-26.31582],[27.59196,-26.31576],[27.5929,-26.31572],[27.59413,-26.31567],[27.59562,-26.31561],[27.59738,-26.31553],[27.59993,-26.31542],[27.60106,-26.31537],[27.60182,-26.31534],[27.6046,-26.31522],[27.60568,-26.31518],[27.60726,-26.31511],[27.6097,-26.315],[27.61152,-26.31493],[27.6141,-26.31482],[27.61688,-26.3147],[27.62011,-26.31456],[27.62378,-26.3144],[27.62537,-26.31434],[27.63081,-26.31408],[27.63187,-26.31402],[27.63232,-26.31399],[27.63317,-26.31393],[27.63475,-26.31384],[27.64516,-26.31319],[27.64616,-26.31312],[27.6464,-26.31311],[27.64782,-26.31302],[27.64842,-26.31299],[27.64891,-26.31298],[27.64968,-26.31294],[27.65127,-26.31284],[27.65179,-26.3128],[27.6533,-26.31271],[27.65424,-26.31266],[27.65447,-26.31263],[27.65487,-26.31258],[27.65543,-26.31254],[27.65641,-26.31248],[27.66095,-26.31219],[27.66222,-26.31211],[27.66328,-26.31204],[27.66503,-26.31194],[27.66573,-26.31189],[27.66733,-26.31179],[27.66914,-26.31167],[27.67095,-26.31156],[27.67241,-26.31146],[27.6738,-26.31138],[27.67466,-26.31133],[27.67583,-26.31125],[27.67705,-26.31118],[27.67807,-26.31112],[27.67979,-26.31101],[27.68061,-26.31095],[27.68189,-26.31087],[27.69051,-26.31033],[27.69166,-26.31026],[27.70046,-26.30971]]}},{"type":"Feature","properties":{"id":"way/142034046","name":"Unnamed","network":"PRASA"},"geometry":{"type":"LineString","coordinates":[[28.37896,-26.25821],[28.38396,-26.26077],[28.38521,-26.2614],[28.38606,-26.26183],[28.3864,-26.26199],[28.38671,-26.26211],[28.38708,-26.26224],[28.38737,-26.26232],[28.38763,-26.26239],[28.38793,-26.26245],[28.38814,-26.2625],[28.38847,-26.26254],[28.38874,-26.26256],[28.38934,-26.2626],[28.38992,-26.26258],[28.39035,-26.26253]]}},{"type":"Feature","properties":{"id":"way/142034051","name":"Unnamed","network":"PRASA"},"geometry":{"type":"LineString","coordinates":[[28.41418,-26.17335],[28.41316,-26.1737],[28.41272,-26.17384],[28.4122,-26.174],[28.41174,-26.17413],[28.4111,-26.17428],[28.41062,-26.17438],[28.41031,-26.17444],[28.40994,-26.1745],[28.40929,-26.17459],[28.40885,-26.17464],[28.40821,-26.17471],[28.40774,-26.17473],[28.40733,-26.17474],[28.40694,-26.17475],[28.40648,-26.17475],[28.40602,-26.17474],[28.40553,-26.17471],[28.40504,-26.17467],[28.40437,-26.17459],[28.40366,-26.17448],[28.40284,-26.17436],[28.40171,-26.17419],[28.40133,-26.17413],[28.40085,-26.17405],[28.40045,-26.17396],[28.40009,-26.17385],[28.39977,-26.17374],[28.39946,-26.17362],[28.39924,-26.17352],[28.39879,-26.17328],[28.39841,-26.17303],[28.39812,-26.17281]]}},{"type":"Feature","properties":{"id":"way/142034057","name":"Unnamed","network":"PRASA"},"geometry":{"type":"LineString","coordinates":[[28.39812,-26.17281],[28.39774,-26.17249],[28.39732,-26.17206]]}},{"type":"Feature","properties":{"id":"way/142048123","name":"Unnamed","network":"PRASA"},"geometry":{"type":"LineString","coordinates":[[28.22807,-26.11221],[28.22813,-26.11316],[28.22814,-26.1133],[28.22814,-26.11357],[28.22814,-26.11371],[28.22812,-26.11395],[28.22811,-26.11407],[28.22809,-26.11421],[28.22806,-26.11438],[28.22804,-26.11451],[28.228,-26.1147],[28.22794,-26.11499],[28.22778,-26.11568],[28.22763,-26.11633],[28.2276,-26.11649],[28.2272,-26.11827],[28.2266,-26.1209],[28.22647,-26.12144],[28.22638,-26.12176],[28.22617,-26.12244],[28.22607,-26.12269],[28.22597,-26.12301],[28.22575,-26.12366],[28.22566,-26.12391],[28.22557,-26.1242],[28.2254,-26.12478],[28.22486,-26.12656],[28.22461,-26.12737],[28.22451,-26.12768],[28.22446,-26.1279],[28.22436,-26.1283],[28.22423,-26.12884],[28.22413,-26.12922],[28.22408,-26.12939],[28.22403,-26.12957],[28.22389,-26.12996],[28.22376,-26.13034],[28.22364,-26.13067]]}},{"type":"Feature","properties":{"id":"way/142048134","name":"Unnamed","network":"PRASA"},"geometry":{"type":"LineString","coordinates":[[28.31264,-26.18278],[28.3122,-26.18302],[28.31159,-26.18333],[28.31139,-26.18343],[28.31115,-26.18353]]}},{"type":"Feature","properties":{"id":"way/142048135","name":"Unnamed","network":"PRASA"},"geometry":{"type":"LineString","coordinates":[[28.31285,-26.18268],[28.31264,-26.18278]]}},{"type":"Feature","properties":{"id":"way/142048142","name":"Unnamed","network":"PRASA"},"geometry":{"type":"LineString","coordinates":[[28.26556,-26.21664],[28.26504,-26.21678],[28.265,-26.21679],[28.26481,-26.21685],[28.26382,-26.21713],[28.26265,-26.21747],[28.26211,-26.21762],[28.26176,-26.21772],[28.26125,-26.21787],[28.26031,-26.21814],[28.25967,-26.21832],[28.25922,-26.21844],[28.25894,-26.21851],[28.25852,-26.2186],[28.25823,-26.21865],[28.25783,-26.21872],[28.25743,-26.21878],[28.25697,-26.21884],[28.25667,-26.21887],[28.2563,-26.2189],[28.25566,-26.21893],[28.25437,-26.21893],[28.25415,-26.21893],[28.25412,-26.21893],[28.25342,-26.21894]]}},{"type":"Feature","properties":{"id":"way/142048145","name":"Unnamed","network":"PRASA"},"geometry":{"type":"LineString","coordinates":[[28.38369,-26.16916],[28.38263,-26.1693],[28.38127,-26.16949],[28.38034,-26.16959],[28.37971,-26.16963],[28.37917,-26.16965],[28.3785,-26.16965],[28.37786,-26.16962],[28.37753,-26.1696],[28.37729,-26.16958],[28.377,-26.16954],[28.3765,-26.16946],[28.37593,-26.16933],[28.37549,-26.1692],[28.37479,-26.16896],[28.37344,-26.1685],[28.37169,-26.1679],[28.37055,-26.1675],[28.37011,-26.16734],[28.36975,-26.16718],[28.36942,-26.16704],[28.36889,-26.16679],[28.368,-26.16633],[28.36718,-26.16591],[28.36628,-26.16554],[28.36598,-26.16544],[28.36551,-26.16531],[28.3652,-26.16524],[28.36473,-26.16515],[28.36417,-26.16508],[28.36378,-26.16505],[28.36339,-26.16504],[28.36294,-26.16505],[28.36254,-26.16509],[28.36218,-26.16513],[28.36185,-26.16517],[28.36152,-26.16523],[28.36116,-26.16532],[28.36089,-26.1654],[28.36053,-26.1655],[28.36014,-26.16565],[28.35977,-26.16581],[28.35935,-26.166],[28.35835,-26.1665],[28.35708,-26.16714],[28.35268,-26.16935],[28.35177,-26.16981],[28.35093,-26.17023],[28.35025,-26.17057],[28.34924,-26.17109],[28.34824,-26.17158],[28.3478,-26.17178],[28.34724,-26.17201],[28.3467,-26.17222],[28.34604,-26.17246],[28.34541,-26.17268],[28.34448,-26.17302],[28.34373,-26.17328],[28.34287,-26.17361],[28.34204,-26.1739],[28.33952,-26.1748],[28.33638,-26.17592],[28.33555,-26.17622],[28.33443,-26.17663]]}},{"type":"Feature","properties":{"id":"way/142048177","name":"Unnamed","network":"PRASA"},"geometry":{"type":"LineString","coordinates":[[28.08828,-26.41251],[28.08838,-26.41198],[28.08842,-26.41165],[28.08845,-26.41141],[28.08847,-26.41116],[28.08848,-26.41087],[28.08849,-26.4106],[28.08851,-26.41003],[28.08852,-26.40891],[28.08856,-26.40627],[28.08858,-26.40524],[28.0886,-26.40437],[28.08861,-26.4033],[28.08863,-26.40234],[28.08864,-26.40167],[28.08874,-26.39502],[28.08876,-26.39442],[28.08878,-26.39402],[28.0888,-26.3937],[28.08884,-26.39337],[28.0889,-26.39302],[28.08894,-26.39278],[28.089,-26.39249],[28.0891,-26.3921],[28.08917,-26.39186],[28.08929,-26.39149],[28.0895,-26.39093],[28.0897,-26.39047],[28.08989,-26.39008],[28.09014,-26.38964],[28.09032,-26.38934],[28.0905,-26.38906],[28.09066,-26.38882],[28.09093,-26.38846],[28.09115,-26.38818],[28.09144,-26.38785],[28.09174,-26.38753],[28.09197,-26.3873],[28.09219,-26.38709],[28.09236,-26.38694],[28.09255,-26.38677],[28.09281,-26.38656],[28.09304,-26.38637],[28.09331,-26.38618],[28.09351,-26.38603],[28.09379,-26.38585],[28.09401,-26.38571],[28.09419,-26.38559],[28.09441,-26.38547],[28.09456,-26.38539],[28.09484,-26.38523],[28.09515,-26.38508],[28.09542,-26.38495],[28.09573,-26.38482],[28.09597,-26.38472],[28.09626,-26.38461],[28.09657,-26.3845],[28.09699,-26.38437],[28.09733,-26.38427],[28.09829,-26.38401],[28.09887,-26.38385],[28.10001,-26.38354],[28.10009,-26.38352],[28.10295,-26.38275],[28.10339,-26.38262],[28.10386,-26.38247],[28.10442,-26.38226],[28.10487,-26.38207],[28.10515,-26.38194],[28.1056,-26.38171],[28.10588,-26.38156],[28.1061,-26.38144],[28.10651,-26.38119],[28.10681,-26.38098],[28.10707,-26.3808],[28.10742,-26.38054],[28.10772,-26.38029],[28.10788,-26.38016],[28.10815,-26.37991],[28.1085,-26.37958],[28.10882,-26.37924],[28.10903,-26.37901],[28.10925,-26.37875],[28.10955,-26.37836],[28.10991,-26.37783],[28.11013,-26.37748],[28.11037,-26.37707],[28.11058,-26.37665],[28.11075,-26.37626],[28.11092,-26.37587],[28.11107,-26.37546],[28.11126,-26.37487],[28.11148,-26.37421],[28.11166,-26.37366],[28.11185,-26.37306],[28.11198,-26.37272],[28.11207,-26.37248],[28.11223,-26.37209],[28.11244,-26.37164],[28.11259,-26.37134],[28.11277,-26.371],[28.11296,-26.37066],[28.11322,-26.37024],[28.1135,-26.36981],[28.11437,-26.36851],[28.11466,-26.36806],[28.11517,-26.3673]]}},{"type":"Feature","properties":{"id":"way/142077104","name":"Unnamed","network":"PRASA"},"geometry":{"type":"LineString","coordinates":[[28.18217,-25.67535],[28.18208,-25.6737],[28.18196,-25.67154],[28.18192,-25.67096],[28.18184,-25.66956]]}},{"type":"Feature","properties":{"id":"way/142077105","name":"Unnamed","network":"PRASA"},"geometry":{"type":"LineString","coordinates":[[28.1823,-25.67832],[28.18227,-25.67796]]}},{"type":"Feature","properties":{"id":"way/142077127","name":"Unnamed","network":"PRASA"},"geometry":{"type":"LineString","coordinates":[[28.16749,-25.72434],[28.16731,-25.724],[28.16723,-25.72386],[28.16714,-25.72364],[28.16704,-25.72342],[28.16701,-25.72335],[28.16683,-25.72293],[28.16674,-25.7227],[28.1667,-25.72257],[28.16668,-25.72248],[28.16667,-25.72237],[28.16667,-25.72228],[28.16667,-25.72219],[28.16668,-25.72212],[28.16669,-25.72201],[28.16671,-25.72192],[28.16676,-25.72175],[28.16681,-25.72165],[28.16687,-25.72155],[28.16693,-25.72145],[28.167,-25.72136],[28.16712,-25.72123],[28.16727,-25.72111],[28.16739,-25.72104],[28.16757,-25.72094],[28.16764,-25.7209],[28.16774,-25.72086],[28.16783,-25.72082],[28.16803,-25.72074],[28.16821,-25.72067]]}},{"type":"Feature","properties":{"id":"way/142079521","name":"Unnamed","network":"PRASA"},"geometry":{"type":"LineString","coordinates":[[28.16846,-25.72995],[28.16838,-25.73022],[28.16826,-25.7306],[28.16822,-25.73069],[28.16816,-25.73084],[28.16811,-25.73094],[28.16806,-25.73104],[28.16798,-25.73119],[28.16793,-25.73126],[28.1678,-25.73146],[28.16757,-25.73178],[28.16741,-25.732],[28.16716,-25.73234],[28.16694,-25.73263],[28.1668,-25.73282],[28.16655,-25.73311],[28.16647,-25.7332],[28.16636,-25.7333],[28.16616,-25.7335],[28.166,-25.73363],[28.16586,-25.73375],[28.16563,-25.73392],[28.16533,-25.73414],[28.1651,-25.7343],[28.16486,-25.73448],[28.16457,-25.73467],[28.1643,-25.73487],[28.16409,-25.73502],[28.16391,-25.73517],[28.16382,-25.73526],[28.16373,-25.73537],[28.16365,-25.73549],[28.16358,-25.73562],[28.16353,-25.73574],[28.16348,-25.73587],[28.16346,-25.73597],[28.16345,-25.73608],[28.16344,-25.73618],[28.16344,-25.73623]]}},{"type":"Feature","properties":{"id":"way/142079530","name":"Unnamed","network":"PRASA"},"geometry":{"type":"LineString","coordinates":[[28.1634,-25.73624],[28.16341,-25.73617],[28.16341,-25.73607],[28.16342,-25.73597],[28.16345,-25.73587],[28.16349,-25.73573],[28.16354,-25.73561],[28.16361,-25.73547],[28.16369,-25.73535],[28.16379,-25.73524],[28.16387,-25.73516],[28.16406,-25.735],[28.16428,-25.73484],[28.16455,-25.73465],[28.16483,-25.73444],[28.16507,-25.73427],[28.1653,-25.7341],[28.1656,-25.7339],[28.16591,-25.73366],[28.16609,-25.7335],[28.16627,-25.73334],[28.16638,-25.73323],[28.16651,-25.73309],[28.16678,-25.73278],[28.16713,-25.73231],[28.16739,-25.73196],[28.16776,-25.73145],[28.16792,-25.7312],[28.168,-25.73104],[28.16812,-25.73079],[28.1682,-25.73059],[28.16826,-25.73041],[28.16833,-25.73021],[28.16839,-25.73002],[28.16848,-25.72973],[28.16853,-25.72954],[28.1686,-25.7293]]}},{"type":"Feature","properties":{"id":"way/142079546","name":"Unnamed","network":"PRASA"},"geometry":{"type":"LineString","coordinates":[[28.18298,-25.75596],[28.18316,-25.75602],[28.18331,-25.75608],[28.18378,-25.75627],[28.18603,-25.75719],[28.1863,-25.7573],[28.18657,-25.75741],[28.18672,-25.75748],[28.18686,-25.75756],[28.18696,-25.75761],[28.18705,-25.75766]]}},{"type":"Feature","properties":{"id":"way/142081108","name":"Unnamed","network":"PRASA"},"geometry":{"type":"LineString","coordinates":[[27.94466,-26.21359],[27.94478,-26.21355],[27.94493,-26.2135],[27.94555,-26.21328],[27.94689,-26.21281],[27.94733,-26.21266],[27.94771,-26.21252],[27.94786,-26.21245],[27.948,-26.2124],[27.94835,-26.21223],[27.94863,-26.21209],[27.94865,-26.21208]]}},{"type":"Feature","properties":{"id":"way/142214525","name":"Unnamed","network":"PRASA"},"geometry":{"type":"LineString","coordinates":[[27.88608,-26.50432],[27.88584,-26.50344],[27.88551,-26.50222],[27.88527,-26.50135],[27.88497,-26.50023],[27.88443,-26.49832],[27.88412,-26.49717],[27.88379,-26.49596],[27.88346,-26.49475],[27.88316,-26.49367],[27.88292,-26.49278],[27.88273,-26.49211],[27.88232,-26.49058],[27.88209,-26.48976],[27.88199,-26.48939],[27.88188,-26.4891],[27.88181,-26.48892],[27.88163,-26.48851],[27.88154,-26.48834],[27.88138,-26.48804],[27.88126,-26.48783],[27.88112,-26.48762],[27.88091,-26.48731],[27.88075,-26.4871],[27.88038,-26.48667],[27.87976,-26.48596],[27.87946,-26.48561],[27.87693,-26.4827],[27.87669,-26.48243],[27.875,-26.48047],[27.87427,-26.47963],[27.87381,-26.4791],[27.87302,-26.47819],[27.87248,-26.47756],[27.87231,-26.47734],[27.87216,-26.47713],[27.87191,-26.47673],[27.87175,-26.47645],[27.87162,-26.47619],[27.87142,-26.47574],[27.87132,-26.47546],[27.87124,-26.47521],[27.87117,-26.47497],[27.8711,-26.47464],[27.87107,-26.47448],[27.87104,-26.4743],[27.871,-26.47405],[27.87098,-26.47379],[27.87091,-26.47281],[27.87088,-26.47214],[27.87082,-26.47133],[27.87071,-26.4699],[27.87062,-26.46863],[27.8706,-26.46822],[27.87055,-26.46762],[27.87049,-26.46665],[27.87043,-26.4658],[27.87035,-26.4646],[27.87029,-26.46359],[27.8702,-26.46248],[27.87012,-26.46116],[27.87003,-26.45995],[27.86994,-26.45856],[27.86991,-26.45827],[27.86987,-26.45759],[27.86975,-26.45575],[27.86965,-26.45433],[27.8696,-26.4536],[27.86955,-26.45281],[27.86949,-26.45204],[27.86943,-26.45106],[27.86937,-26.45028],[27.86933,-26.44964],[27.86928,-26.44884],[27.86924,-26.44829],[27.86921,-26.44797],[27.86917,-26.44773],[27.86913,-26.44744],[27.86899,-26.44667],[27.86886,-26.44594],[27.86871,-26.44512]]}},{"type":"Feature","properties":{"id":"way/142214861","name":"Unnamed","network":"PRASA"},"geometry":{"type":"LineString","coordinates":[[28.22438,-25.88922],[28.2244,-25.88953]]}},{"type":"Feature","properties":{"id":"way/142214862","name":"Unnamed","network":"PRASA"},"geometry":{"type":"LineString","coordinates":[[28.22447,-25.87725],[28.22446,-25.87744]]}},{"type":"Feature","properties":{"id":"way/142214863","name":"Unnamed","network":"PRASA"},"geometry":{"type":"LineString","coordinates":[[28.2244,-25.88953],[28.22444,-25.88988],[28.22448,-25.8903],[28.22454,-25.8909],[28.22459,-25.89143],[28.22463,-25.89189],[28.2247,-25.89252],[28.22476,-25.89318],[28.22482,-25.89379],[28.22487,-25.89439],[28.22493,-25.89502],[28.225,-25.89577],[28.22505,-25.89623],[28.22511,-25.89692],[28.22519,-25.89779],[28.22523,-25.89825],[28.22529,-25.89881],[28.22532,-25.8992],[28.22535,-25.89949],[28.22537,-25.89974],[28.2254,-25.90001],[28.22542,-25.90016],[28.22545,-25.90042],[28.2255,-25.90074],[28.22555,-25.90099]]}},{"type":"Feature","properties":{"id":"way/158248397","name":"Unnamed","network":"PRASA"},"geometry":{"type":"LineString","coordinates":[[28.18175,-25.66866],[28.18176,-25.66829],[28.18176,-25.6679],[28.18177,-25.66733],[28.18177,-25.66708],[28.18176,-25.66692],[28.18172,-25.66652],[28.18164,-25.66592],[28.18159,-25.66555],[28.18154,-25.66533],[28.18147,-25.66505],[28.18142,-25.66487],[28.18137,-25.66471],[28.1813,-25.66452],[28.18123,-25.66435],[28.18115,-25.66417],[28.18107,-25.66399],[28.18096,-25.66378],[28.18084,-25.66356],[28.18069,-25.66333],[28.18055,-25.66311],[28.18042,-25.6629],[28.18025,-25.66266],[28.18016,-25.66251],[28.1801,-25.66246],[28.17999,-25.6623],[28.17992,-25.66222],[28.17977,-25.66206],[28.17949,-25.66175],[28.17933,-25.66159],[28.17914,-25.66141],[28.17902,-25.6613],[28.1788,-25.66111],[28.1785,-25.66088],[28.17821,-25.66067],[28.17798,-25.66052],[28.17761,-25.6603],[28.1774,-25.66018],[28.17723,-25.66008],[28.17684,-25.6599],[28.17655,-25.65977],[28.17644,-25.65973],[28.17636,-25.6597]]}},{"type":"Feature","properties":{"id":"way/158307131","name":"Unnamed","network":"PRASA"},"geometry":{"type":"LineString","coordinates":[[28.07713,-26.21864],[28.07701,-26.21862],[28.07682,-26.21861],[28.07652,-26.21862],[28.0762,-26.21864],[28.07582,-26.21871],[28.07432,-26.21908],[28.07416,-26.21911],[28.07127,-26.21983],[28.06867,-26.22047],[28.06849,-26.22052],[28.06834,-26.22057],[28.06811,-26.22066],[28.06791,-26.22074],[28.0677,-26.22085],[28.06752,-26.22096],[28.06737,-26.22107],[28.06718,-26.22122],[28.067,-26.2214],[28.06684,-26.22159],[28.06668,-26.22181],[28.06634,-26.22233],[28.06616,-26.2226],[28.0658,-26.22315],[28.06575,-26.22322],[28.0654,-26.22377],[28.06519,-26.22407],[28.06496,-26.22436],[28.06475,-26.22461],[28.06453,-26.22482],[28.06435,-26.22498],[28.0641,-26.22518],[28.06388,-26.22533],[28.06363,-26.22548],[28.06336,-26.22563],[28.06308,-26.22576],[28.06275,-26.22588],[28.06238,-26.226],[28.06219,-26.22604],[28.06201,-26.22608],[28.06175,-26.22612],[28.06163,-26.22614],[28.06149,-26.22616],[28.06131,-26.22618],[28.06114,-26.22619],[28.0609,-26.22619],[28.06067,-26.22618],[28.06053,-26.22617],[28.06038,-26.22615],[28.06017,-26.22612],[28.06005,-26.2261],[28.05993,-26.22607],[28.05969,-26.22601],[28.05945,-26.22594],[28.05836,-26.22557],[28.05725,-26.22521],[28.05691,-26.2251],[28.0566,-26.22502],[28.05633,-26.22495],[28.05601,-26.22489],[28.05586,-26.22487],[28.05569,-26.22485],[28.05551,-26.22484],[28.05531,-26.22482],[28.05511,-26.22481],[28.0549,-26.22481],[28.05471,-26.22482],[28.05449,-26.22483],[28.05429,-26.22484],[28.0541,-26.22487],[28.05372,-26.22493],[28.05336,-26.225],[28.05294,-26.2251],[28.05232,-26.22526],[28.05169,-26.22542],[28.05054,-26.22571],[28.04943,-26.226],[28.04881,-26.22615],[28.04787,-26.2264],[28.04739,-26.22651]]}},{"type":"Feature","properties":{"id":"way/164075299","name":"Metro","network":"PRASA"},"geometry":{"type":"LineString","coordinates":[[28.22884,-25.75112],[28.22903,-25.75096],[28.22925,-25.7508],[28.2297,-25.75053],[28.2302,-25.75031],[28.23075,-25.75011],[28.23228,-25.74957],[28.23273,-25.74941],[28.23348,-25.74916],[28.23422,-25.74891],[28.2349,-25.74868],[28.23529,-25.74855],[28.23555,-25.74845],[28.2361,-25.74823],[28.23655,-25.74803],[28.23725,-25.74775]]}},{"type":"Feature","properties":{"id":"way/164075300","name":"Metro","network":"PRASA"},"geometry":{"type":"LineString","coordinates":[[28.23725,-25.74775],[28.23758,-25.74764],[28.23794,-25.74753],[28.23822,-25.74745]]}},{"type":"Feature","properties":{"id":"way/165777856","name":"Unnamed","network":"PRASA"},"geometry":{"type":"LineString","coordinates":[[27.93446,-26.67653],[27.93481,-26.67497],[27.93513,-26.67353],[27.93529,-26.67287],[27.93539,-26.67258],[27.93553,-26.67225]]}},{"type":"Feature","properties":{"id":"way/165777858","name":"Unnamed","network":"PRASA"},"geometry":{"type":"LineString","coordinates":[[27.9337,-26.66602],[27.93351,-26.66594]]}},{"type":"Feature","properties":{"id":"way/165777861","name":"Unnamed","network":"PRASA"},"geometry":{"type":"LineString","coordinates":[[27.93628,-26.66893],[27.93626,-26.66872]]}},{"type":"Feature","properties":{"id":"way/165777863","name":"Unnamed","network":"PRASA"},"geometry":{"type":"LineString","coordinates":[[27.93651,-26.66898],[27.93637,-26.66975],[27.93625,-26.67034],[27.93614,-26.67082],[27.93598,-26.67151]]}},{"type":"Feature","properties":{"id":"way/165777866","name":"Unnamed","network":"PRASA"},"geometry":{"type":"LineString","coordinates":[[27.93654,-26.66885],[27.93651,-26.66898]]}},{"type":"Feature","properties":{"id":"way/165777868","name":"Unnamed","network":"PRASA"},"geometry":{"type":"LineString","coordinates":[[27.93271,-26.66559],[27.93262,-26.66556],[27.9317,-26.66519],[27.93082,-26.66484],[27.93006,-26.66453],[27.92906,-26.66413],[27.92707,-26.66334],[27.92123,-26.66101],[27.91731,-26.65945],[27.91528,-26.65865],[27.91348,-26.65793],[27.91126,-26.65706],[27.90934,-26.6563],[27.90923,-26.65625],[27.90719,-26.65543],[27.90701,-26.65537],[27.90687,-26.65531],[27.90613,-26.65501],[27.90464,-26.65442],[27.90245,-26.65355],[27.90087,-26.65292],[27.89916,-26.65224],[27.89744,-26.65155],[27.89659,-26.65121],[27.89546,-26.65077],[27.89476,-26.65048],[27.89379,-26.6501],[27.89342,-26.64995],[27.8929,-26.64974],[27.89257,-26.64959],[27.89225,-26.64943],[27.89198,-26.64928],[27.89163,-26.64907],[27.89133,-26.64886],[27.89109,-26.64869],[27.89092,-26.64855],[27.89065,-26.64833],[27.89048,-26.64818],[27.89026,-26.64797],[27.89013,-26.64784],[27.88987,-26.64757],[27.8894,-26.64706],[27.88913,-26.64678],[27.88892,-26.64656],[27.88871,-26.64634],[27.88847,-26.64608],[27.88825,-26.64585],[27.888,-26.64559],[27.88755,-26.64512],[27.88695,-26.64447],[27.88633,-26.64382],[27.88614,-26.64361],[27.88596,-26.6434],[27.88579,-26.64319],[27.8856,-26.64294],[27.88548,-26.64275],[27.88528,-26.64244],[27.88521,-26.64231],[27.88511,-26.64211],[27.88498,-26.64186],[27.8849,-26.64167],[27.88481,-26.64146],[27.88473,-26.64124],[27.88466,-26.64103],[27.8846,-26.64084],[27.88455,-26.64063],[27.88449,-26.64041],[27.8844,-26.63999],[27.88431,-26.63954],[27.88422,-26.63917],[27.88416,-26.63893],[27.88409,-26.63872],[27.88403,-26.63854],[27.88393,-26.63829],[27.88385,-26.63808],[27.88376,-26.6379],[27.88366,-26.6377],[27.88355,-26.6375],[27.88347,-26.63735],[27.88333,-26.63712],[27.88321,-26.63694],[27.88308,-26.63677],[27.88295,-26.63659],[27.8828,-26.6364],[27.88264,-26.63622],[27.88246,-26.63602],[27.88225,-26.63579],[27.88199,-26.63551],[27.88155,-26.63505],[27.88115,-26.63461],[27.88084,-26.63426],[27.88071,-26.63409],[27.88056,-26.6339],[27.88043,-26.6337],[27.88028,-26.63349],[27.87994,-26.63295],[27.87936,-26.63204],[27.87909,-26.63164],[27.87836,-26.63054],[27.87796,-26.62992],[27.87731,-26.62892],[27.87666,-26.62793],[27.87609,-26.62706],[27.87591,-26.62681],[27.87546,-26.62623],[27.87521,-26.62596],[27.87469,-26.62545],[27.87422,-26.62509],[27.87375,-26.62474],[27.87333,-26.62448],[27.87292,-26.62426],[27.87265,-26.62413],[27.87231,-26.62398],[27.8714,-26.62358],[27.87008,-26.62299],[27.86848,-26.62226],[27.86591,-26.62113],[27.86387,-26.62022],[27.86172,-26.61927],[27.86025,-26.61862],[27.8593,-26.61818],[27.85885,-26.61792],[27.85834,-26.61761],[27.85799,-26.61735],[27.8576,-26.61704],[27.85722,-26.6167],[27.85697,-26.61644],[27.85683,-26.61629],[27.85669,-26.61613],[27.85655,-26.61596],[27.85644,-26.61582],[27.85633,-26.61568],[27.85617,-26.61543],[27.85606,-26.61527],[27.85592,-26.61506],[27.85583,-26.61489],[27.85569,-26.61463],[27.85559,-26.61443],[27.85542,-26.61404],[27.85535,-26.61385],[27.85523,-26.6135],[27.85517,-26.61328],[27.8551,-26.61304],[27.85499,-26.61242]]}},{"type":"Feature","properties":{"id":"way/168195249","name":"Unnamed","network":"PRASA"},"geometry":{"type":"LineString","coordinates":[[28.16197,-25.7389],[28.16235,-25.73842],[28.16249,-25.73824],[28.16272,-25.73796],[28.16289,-25.73776],[28.163,-25.73764],[28.16311,-25.73753],[28.16334,-25.7373],[28.16354,-25.73713],[28.16402,-25.73675],[28.1644,-25.73647],[28.16474,-25.73621],[28.16597,-25.73527],[28.16634,-25.73499],[28.16661,-25.73478],[28.16677,-25.73466],[28.16703,-25.73446],[28.16724,-25.73429],[28.16736,-25.73419],[28.16746,-25.7341],[28.16754,-25.73402],[28.16764,-25.73392],[28.16773,-25.7338],[28.16785,-25.73364],[28.16796,-25.73349],[28.16811,-25.73324],[28.1682,-25.73307],[28.16826,-25.73294],[28.16835,-25.73271],[28.16842,-25.7325],[28.16845,-25.73238],[28.16848,-25.73223],[28.1685,-25.73214],[28.16852,-25.73203],[28.16853,-25.73189],[28.16854,-25.73176],[28.16855,-25.73149],[28.16857,-25.7311],[28.16859,-25.73086],[28.16862,-25.7305],[28.16864,-25.73031],[28.16867,-25.73012],[28.16869,-25.72996],[28.16877,-25.72959],[28.16886,-25.72915],[28.16891,-25.7289],[28.16894,-25.72874],[28.16896,-25.72866],[28.16896,-25.72859],[28.16897,-25.72847],[28.16898,-25.72838],[28.16898,-25.72823],[28.16897,-25.72808],[28.16897,-25.72797],[28.16895,-25.72784],[28.16893,-25.72773],[28.16891,-25.72763],[28.16889,-25.72755],[28.16886,-25.72744],[28.16882,-25.7273],[28.16879,-25.72723],[28.16875,-25.7271],[28.16871,-25.72699]]}},{"type":"Feature","properties":{"id":"way/168460967","name":"Unnamed","network":"PRASA"},"geometry":{"type":"LineString","coordinates":[[28.44283,-25.73448],[28.44192,-25.73438],[28.44156,-25.73435],[28.44128,-25.73434],[28.44078,-25.73434],[28.44037,-25.73437],[28.44003,-25.73441],[28.43956,-25.73448],[28.43931,-25.73453],[28.43885,-25.73464],[28.43851,-25.73474],[28.43777,-25.73498],[28.4369,-25.73527],[28.43569,-25.73568],[28.43509,-25.73587],[28.43462,-25.73601],[28.43432,-25.73609],[28.43382,-25.73619],[28.43345,-25.73625],[28.43313,-25.73629],[28.43283,-25.73631],[28.43242,-25.73633],[28.43198,-25.73632],[28.43153,-25.73629],[28.4311,-25.73625],[28.43074,-25.73619],[28.43058,-25.73616],[28.43044,-25.73613],[28.43011,-25.73606],[28.42993,-25.73601],[28.42965,-25.73593],[28.42945,-25.73586],[28.42921,-25.73577],[28.42896,-25.73567],[28.42874,-25.73558],[28.42829,-25.73537],[28.42785,-25.73516]]}},{"type":"Feature","properties":{"id":"way/196838034","name":"Unnamed","network":"PRASA"},"geometry":{"type":"LineString","coordinates":[[28.1088,-25.63344],[28.10874,-25.63321],[28.10864,-25.63282],[28.10858,-25.6325],[28.10854,-25.6323],[28.1085,-25.63204],[28.10835,-25.631],[28.10811,-25.6293],[28.10785,-25.62752],[28.10781,-25.62725],[28.10779,-25.62699],[28.10777,-25.62676],[28.10775,-25.62654]]}},{"type":"Feature","properties":{"id":"way/196838036","name":"Unnamed","network":"PRASA"},"geometry":{"type":"LineString","coordinates":[[28.13961,-25.64979],[28.13781,-25.6493],[28.13601,-25.64881],[28.13363,-25.64818],[28.13327,-25.64808],[28.13306,-25.64803],[28.1326,-25.64793],[28.1314,-25.64768],[28.13047,-25.64743],[28.12959,-25.64718],[28.12762,-25.64665],[28.12705,-25.6465],[28.12667,-25.6464],[28.12619,-25.64625],[28.1258,-25.64612],[28.12523,-25.64595],[28.12473,-25.6458],[28.12393,-25.64558],[28.12327,-25.6454]]}},{"type":"Feature","properties":{"id":"way/196838038","name":"Unnamed","network":"PRASA"},"geometry":{"type":"LineString","coordinates":[[28.10775,-25.62654],[28.10762,-25.62498],[28.10754,-25.62441],[28.10725,-25.62237],[28.10704,-25.62121],[28.10688,-25.62048],[28.10682,-25.62018],[28.10673,-25.61975],[28.10669,-25.61948],[28.10649,-25.6181],[28.10629,-25.61673],[28.10602,-25.61484],[28.10581,-25.61341],[28.10543,-25.61074],[28.1052,-25.60916],[28.10512,-25.60868],[28.10508,-25.60847],[28.105,-25.60814],[28.10492,-25.60786],[28.10485,-25.60759],[28.10474,-25.60727],[28.10459,-25.60688],[28.10447,-25.60657],[28.10436,-25.60633],[28.10431,-25.60623],[28.10422,-25.60605],[28.1041,-25.60581],[28.10395,-25.60554],[28.10378,-25.60526],[28.10362,-25.60499],[28.10343,-25.60472],[28.10326,-25.60449],[28.10284,-25.60392],[28.10229,-25.60319],[28.10145,-25.60208],[28.10088,-25.60133],[28.10037,-25.60065],[28.09981,-25.59991],[28.09926,-25.59918],[28.09875,-25.59851],[28.09822,-25.59781],[28.0978,-25.59725],[28.09736,-25.59667],[28.09659,-25.59565],[28.09604,-25.59492],[28.09583,-25.59462],[28.09567,-25.5944],[28.09549,-25.59411],[28.09533,-25.59384],[28.09518,-25.59357],[28.09511,-25.59342]]}},{"type":"Feature","properties":{"id":"way/196838710","name":"Unnamed","network":"PRASA"},"geometry":{"type":"LineString","coordinates":[[28.07669,-25.54187],[28.07759,-25.5403],[28.07974,-25.53652],[28.0819,-25.53271],[28.08215,-25.53222],[28.08233,-25.53181],[28.08252,-25.53137],[28.08268,-25.5309],[28.08284,-25.53036],[28.08296,-25.52982],[28.08301,-25.52955],[28.08305,-25.52929],[28.08309,-25.52899],[28.08312,-25.52874],[28.08313,-25.52854],[28.08315,-25.52813],[28.08315,-25.52777],[28.08314,-25.5274],[28.0831,-25.52685],[28.08308,-25.5266],[28.08302,-25.52587],[28.08294,-25.52501],[28.08284,-25.5239],[28.08279,-25.52331],[28.08276,-25.523],[28.08274,-25.52273],[28.08271,-25.52242],[28.0827,-25.52219],[28.08269,-25.52186],[28.08269,-25.52156],[28.0827,-25.52132],[28.08272,-25.52104],[28.08274,-25.52082],[28.08275,-25.52068],[28.08279,-25.52038],[28.08283,-25.52015],[28.08287,-25.51991],[28.08292,-25.51968],[28.08296,-25.5195],[28.08304,-25.5192],[28.08313,-25.5189],[28.0832,-25.51866],[28.08331,-25.51837],[28.08342,-25.51806],[28.08348,-25.51791],[28.08356,-25.5177],[28.0837,-25.51732],[28.08397,-25.51664],[28.08418,-25.51607],[28.08509,-25.5137],[28.08549,-25.51268],[28.0859,-25.5116],[28.08599,-25.51137],[28.08619,-25.51083],[28.08626,-25.51061],[28.08639,-25.51017],[28.08644,-25.50996],[28.0866,-25.50932],[28.08686,-25.50821],[28.08771,-25.50471],[28.08845,-25.50162],[28.08857,-25.50111],[28.08886,-25.49989],[28.08887,-25.49983],[28.08888,-25.49981]]}},{"type":"Feature","properties":{"id":"way/196838713","name":"Unnamed","network":"PRASA"},"geometry":{"type":"LineString","coordinates":[[28.09508,-25.59345],[28.09495,-25.5932],[28.09473,-25.59271],[28.09465,-25.59252],[28.09451,-25.59215],[28.09443,-25.59192],[28.09409,-25.59098],[28.09367,-25.58981],[28.09332,-25.58885],[28.09297,-25.58792],[28.09279,-25.58737],[28.09148,-25.58378],[28.09122,-25.58305],[28.09045,-25.58096],[28.09036,-25.58066],[28.0899,-25.57939],[28.0894,-25.578],[28.08915,-25.57732],[28.08882,-25.57641],[28.0885,-25.57552],[28.08788,-25.57381],[28.08746,-25.57264],[28.08732,-25.5723],[28.08719,-25.57199],[28.08705,-25.57171],[28.08692,-25.57147],[28.08649,-25.57073],[28.08619,-25.57028],[28.08586,-25.56984],[28.0851,-25.56899],[28.0843,-25.56823],[28.08344,-25.5675],[28.08181,-25.56608],[28.07963,-25.56421],[28.0772,-25.56214],[28.07559,-25.56078],[28.07481,-25.56003],[28.07437,-25.55951],[28.07416,-25.55926],[28.07394,-25.55898],[28.07368,-25.55861],[28.07353,-25.55839],[28.07341,-25.55819],[28.07319,-25.55781],[28.07308,-25.55761],[28.07298,-25.55742],[28.07286,-25.55716],[28.07273,-25.55687],[28.07259,-25.55653],[28.07249,-25.55627],[28.07237,-25.55592],[28.07229,-25.55564],[28.07224,-25.55547],[28.07218,-25.55523],[28.07212,-25.55494],[28.07207,-25.55469],[28.07201,-25.55433],[28.07197,-25.55398],[28.07194,-25.5536],[28.07192,-25.55329],[28.07192,-25.55305],[28.07192,-25.55278],[28.07193,-25.55239],[28.07195,-25.55221],[28.07197,-25.55198],[28.07199,-25.55175],[28.07203,-25.55148],[28.07205,-25.55132],[28.07211,-25.55102],[28.07219,-25.55061],[28.07228,-25.55026],[28.07238,-25.54994],[28.07248,-25.54963],[28.07265,-25.54919],[28.07274,-25.54897],[28.07282,-25.54878],[28.07294,-25.54852],[28.07312,-25.54819],[28.07324,-25.54795],[28.07359,-25.54735],[28.074,-25.54663],[28.07444,-25.54585],[28.07499,-25.54488],[28.07554,-25.5439],[28.07665,-25.54194]]}},{"type":"Feature","properties":{"id":"way/197895379","name":"Unnamed","network":"PRASA"},"geometry":{"type":"LineString","coordinates":[[28.25518,-26.03206],[28.25513,-26.03238],[28.25508,-26.03281],[28.25505,-26.03302],[28.25497,-26.03349],[28.25484,-26.03437],[28.25468,-26.0355],[28.25431,-26.03802],[28.25416,-26.039],[28.25406,-26.03965]]}},{"type":"Feature","properties":{"id":"way/197895380","name":"Unnamed","network":"PRASA"},"geometry":{"type":"LineString","coordinates":[[28.25406,-26.03965],[28.25404,-26.03985]]}},{"type":"Feature","properties":{"id":"way/201012082","name":"Unnamed","network":"PRASA"},"geometry":{"type":"LineString","coordinates":[[27.85209,-26.59355],[27.85213,-26.59333],[27.85216,-26.59316]]}},{"type":"Feature","properties":{"id":"way/201012083","name":"Unnamed","network":"PRASA"},"geometry":{"type":"LineString","coordinates":[[27.85216,-26.59316],[27.85227,-26.59276],[27.85234,-26.59251],[27.85241,-26.59232],[27.85257,-26.59187],[27.85287,-26.59109],[27.85327,-26.59005],[27.85364,-26.58908],[27.85383,-26.58857],[27.85439,-26.58711],[27.85478,-26.58609],[27.85515,-26.58512],[27.85545,-26.58434],[27.85579,-26.58343],[27.85754,-26.57887],[27.85863,-26.57599],[27.85957,-26.57353],[27.85981,-26.57286],[27.86023,-26.57178],[27.86051,-26.57105],[27.86071,-26.57053],[27.86092,-26.56997],[27.86108,-26.56961],[27.86126,-26.56926],[27.8614,-26.56899],[27.86153,-26.56879],[27.86176,-26.56843],[27.86195,-26.56817],[27.86214,-26.56793],[27.86269,-26.56736],[27.8629,-26.56714],[27.86378,-26.56633],[27.86391,-26.5662],[27.86436,-26.5658],[27.86457,-26.56561],[27.86484,-26.56538],[27.86509,-26.5652],[27.86529,-26.56506],[27.86554,-26.5649],[27.86582,-26.56473],[27.86624,-26.56451],[27.86652,-26.56437],[27.86678,-26.56425],[27.86708,-26.56413],[27.86751,-26.56398],[27.86803,-26.5638],[27.8694,-26.56333],[27.8704,-26.56299],[27.87247,-26.56227],[27.87349,-26.56194],[27.87424,-26.56165],[27.87472,-26.56143],[27.87497,-26.5613],[27.87521,-26.56117],[27.87556,-26.56096],[27.87589,-26.56073],[27.87632,-26.5604],[27.87657,-26.56019],[27.87682,-26.55996],[27.87709,-26.55969],[27.87728,-26.55949],[27.87762,-26.55908],[27.87786,-26.55875],[27.87838,-26.55799],[27.8785,-26.5578],[27.87995,-26.55565],[27.88025,-26.55521],[27.88059,-26.55471],[27.88084,-26.55435],[27.88109,-26.55404],[27.88146,-26.55362],[27.88208,-26.55294],[27.88254,-26.55244],[27.88299,-26.55195],[27.88329,-26.55162],[27.88422,-26.5506],[27.88544,-26.54928],[27.88647,-26.54816],[27.88734,-26.54717],[27.88769,-26.54666],[27.88793,-26.54623],[27.88811,-26.54586],[27.88823,-26.54558],[27.88843,-26.54504],[27.88852,-26.54472],[27.88856,-26.54456],[27.88866,-26.54399],[27.88868,-26.54382],[27.88871,-26.54351],[27.88872,-26.54304],[27.88872,-26.54289],[27.88869,-26.54241],[27.88866,-26.54214],[27.88854,-26.54144],[27.88851,-26.5412],[27.88838,-26.54057],[27.88833,-26.54026],[27.88829,-26.53987],[27.88826,-26.53956],[27.88821,-26.53909],[27.88816,-26.53864],[27.88812,-26.53814],[27.88809,-26.53767],[27.88803,-26.53699],[27.88801,-26.53653],[27.88797,-26.53591],[27.88796,-26.53534],[27.88794,-26.53482],[27.8879,-26.5338],[27.88784,-26.53308],[27.88783,-26.533]]}},{"type":"Feature","properties":{"id":"way/205893990","name":"Unnamed","network":"PRASA"},"geometry":{"type":"LineString","coordinates":[[28.03187,-25.62303],[28.03248,-25.62309]]}},{"type":"Feature","properties":{"id":"way/205894012","name":"Unnamed","network":"PRASA"},"geometry":{"type":"LineString","coordinates":[[28.03248,-25.62309],[28.03783,-25.62355],[28.04226,-25.62394],[28.04282,-25.62398],[28.04327,-25.62403],[28.04358,-25.62407],[28.04398,-25.62413],[28.04448,-25.62421],[28.04462,-25.62424],[28.04506,-25.62432],[28.04553,-25.62443],[28.04589,-25.62452],[28.04879,-25.6253],[28.05404,-25.62673],[28.05571,-25.62718],[28.05959,-25.62823],[28.06377,-25.62935],[28.06454,-25.62956]]}},{"type":"Feature","properties":{"id":"way/214105125","name":"Unnamed","network":"PRASA"},"geometry":{"type":"LineString","coordinates":[[28.36285,-26.24398],[28.36279,-26.24385],[28.36235,-26.243],[28.36228,-26.24288],[28.36193,-26.2422],[28.36172,-26.24179],[28.36099,-26.24038],[28.36012,-26.23872]]}},{"type":"Feature","properties":{"id":"way/214105127","name":"Unnamed","network":"PRASA"},"geometry":{"type":"LineString","coordinates":[[28.36012,-26.23872],[28.36002,-26.23852]]}},{"type":"Feature","properties":{"id":"way/214106529","name":"Unnamed","network":"PRASA"},"geometry":{"type":"LineString","coordinates":[[28.36341,-26.24496],[28.36351,-26.24513]]}},{"type":"Feature","properties":{"id":"way/214106530","name":"Unnamed","network":"PRASA"},"geometry":{"type":"LineString","coordinates":[[28.36351,-26.24513],[28.36413,-26.2463],[28.36446,-26.24698],[28.36483,-26.24769],[28.36492,-26.24785],[28.36565,-26.24928],[28.36619,-26.2503],[28.36655,-26.251],[28.36674,-26.2513],[28.36692,-26.25156],[28.36709,-26.25177],[28.3673,-26.25197],[28.36752,-26.25219],[28.36768,-26.25234],[28.36791,-26.2525],[28.36812,-26.25265],[28.36835,-26.25279],[28.36876,-26.253],[28.36936,-26.25331],[28.37032,-26.2538],[28.37199,-26.25466],[28.37264,-26.25499],[28.37662,-26.25702],[28.37745,-26.25744],[28.3782,-26.25782],[28.37896,-26.25821]]}},{"type":"Feature","properties":{"id":"way/214107707","name":"Unnamed","network":"PRASA"},"geometry":{"type":"LineString","coordinates":[[28.35666,-26.23197],[28.35677,-26.23218]]}},{"type":"Feature","properties":{"id":"way/214107711","name":"Unnamed","network":"PRASA"},"geometry":{"type":"LineString","coordinates":[[28.35677,-26.23218],[28.3574,-26.2334],[28.35788,-26.23432],[28.3581,-26.23475],[28.35846,-26.23543],[28.35872,-26.23592],[28.3591,-26.23666],[28.3594,-26.23724],[28.35961,-26.23764]]}},{"type":"Feature","properties":{"id":"way/214277221","name":"President","network":"PRASA"},"geometry":{"type":"LineString","coordinates":[[28.15942,-26.21414],[28.15936,-26.21415],[28.15934,-26.21396],[28.15932,-26.21379],[28.15931,-26.21358],[28.15931,-26.21342],[28.15931,-26.21328],[28.15932,-26.2131],[28.15933,-26.213],[28.15933,-26.2129],[28.15938,-26.21263],[28.15939,-26.21254],[28.15937,-26.21247],[28.15938,-26.2124],[28.1594,-26.2124],[28.15941,-26.2124],[28.15942,-26.21237],[28.15948,-26.21214],[28.15951,-26.21198],[28.15958,-26.21172],[28.15958,-26.21168],[28.1596,-26.21168],[28.15962,-26.21168],[28.15966,-26.21169],[28.15958,-26.21194],[28.15952,-26.21215],[28.15948,-26.21235],[28.15946,-26.21246],[28.15945,-26.21251],[28.15942,-26.2127],[28.1594,-26.21281],[28.15939,-26.21298],[28.15938,-26.2131],[28.15937,-26.21326],[28.15937,-26.21337],[28.15937,-26.2135],[28.15938,-26.21371],[28.15939,-26.21386],[28.1594,-26.21399],[28.15942,-26.21414]]}},{"type":"Feature","properties":{"id":"way/239884101","name":"Unnamed","network":"PRASA"},"geometry":{"type":"LineString","coordinates":[[27.93226,-26.21888],[27.93264,-26.2187]]}},{"type":"Feature","properties":{"id":"way/239884102","name":"Unnamed","network":"PRASA"},"geometry":{"type":"LineString","coordinates":[[27.92636,-26.22161],[27.92588,-26.22184]]}},{"type":"Feature","properties":{"id":"way/239884107","name":"Unnamed","network":"PRASA"},"geometry":{"type":"LineString","coordinates":[[27.93226,-26.21888],[27.93219,-26.21891],[27.93074,-26.21959],[27.92941,-26.22021],[27.92833,-26.22072],[27.92727,-26.22119],[27.92636,-26.22161]]}},{"type":"Feature","properties":{"id":"way/239884108","name":"Unnamed","network":"PRASA"},"geometry":{"type":"LineString","coordinates":[[27.93366,-26.21822],[27.93401,-26.21805]]}},{"type":"Feature","properties":{"id":"way/239884111","name":"Unnamed","network":"PRASA"},"geometry":{"type":"LineString","coordinates":[[27.93264,-26.2187],[27.93366,-26.21822]]}},{"type":"Feature","properties":{"id":"way/239884115","name":"Unnamed","network":"PRASA"},"geometry":{"type":"LineString","coordinates":[[27.93401,-26.21805],[27.93451,-26.21782],[27.93485,-26.21766],[27.93487,-26.21765]]}},{"type":"Feature","properties":{"id":"way/239887395","name":"Unnamed","network":"PRASA"},"geometry":{"type":"LineString","coordinates":[[27.93281,-26.22073],[27.93275,-26.22091],[27.93255,-26.22146],[27.93239,-26.22189],[27.93229,-26.22217],[27.93218,-26.22241],[27.93207,-26.22265],[27.93197,-26.22282],[27.93183,-26.22305],[27.93171,-26.22325],[27.93156,-26.22346],[27.93139,-26.22368],[27.93122,-26.22388],[27.9311,-26.22402],[27.93091,-26.22421],[27.93076,-26.22435],[27.93059,-26.2245],[27.93046,-26.22463],[27.93032,-26.22474],[27.93016,-26.22486],[27.9299,-26.22504],[27.92958,-26.22524],[27.92937,-26.22536],[27.92913,-26.22549],[27.92832,-26.22591],[27.92785,-26.22616],[27.92728,-26.22647],[27.92694,-26.22665],[27.92647,-26.2269],[27.92612,-26.22708],[27.92588,-26.22721],[27.92565,-26.22734],[27.9254,-26.22749],[27.92524,-26.22759],[27.92512,-26.22768],[27.92497,-26.22779],[27.92484,-26.2279],[27.92471,-26.228],[27.92456,-26.22815],[27.92437,-26.22834],[27.92376,-26.22895],[27.92289,-26.22984],[27.92253,-26.2302],[27.92217,-26.23057],[27.9219,-26.23084],[27.92163,-26.23112],[27.9211,-26.23166],[27.92077,-26.232]]}},{"type":"Feature","properties":{"id":"way/239887398","name":"Unnamed","network":"PRASA"},"geometry":{"type":"LineString","coordinates":[[27.93727,-26.21647],[27.93824,-26.21601],[27.93917,-26.21558],[27.93938,-26.21549],[27.93966,-26.21537],[27.93989,-26.21529],[27.94027,-26.21516],[27.94045,-26.2151],[27.94061,-26.21505],[27.94071,-26.21501],[27.94109,-26.21487]]}},{"type":"Feature","properties":{"id":"way/239887400","name":"Unnamed","network":"PRASA"},"geometry":{"type":"LineString","coordinates":[[27.93561,-26.21725],[27.93638,-26.2169],[27.93727,-26.21647]]}},{"type":"Feature","properties":{"id":"way/239887402","name":"Unnamed","network":"PRASA"},"geometry":{"type":"LineString","coordinates":[[27.93708,-26.21667],[27.9383,-26.2161],[27.93862,-26.21595],[27.93948,-26.21555],[27.93981,-26.21542],[27.9402,-26.21529],[27.94034,-26.21524],[27.94047,-26.21519],[27.94063,-26.21514],[27.94075,-26.21511],[27.94086,-26.21508],[27.94129,-26.21497],[27.9414,-26.21494],[27.94206,-26.21472],[27.94355,-26.21419],[27.94374,-26.21411],[27.94397,-26.21401],[27.94422,-26.2139],[27.94446,-26.2138],[27.94471,-26.21372],[27.94484,-26.21367],[27.94499,-26.21362],[27.94526,-26.21353],[27.94667,-26.21303],[27.94761,-26.2127],[27.94785,-26.21261],[27.94807,-26.21252],[27.9483,-26.21242],[27.94859,-26.21228],[27.94889,-26.21212]]}},{"type":"Feature","properties":{"id":"way/239888775","name":"Unnamed","network":"PRASA"},"geometry":{"type":"LineString","coordinates":[[27.93338,-26.21903],[27.93343,-26.21889],[27.93351,-26.2187],[27.93355,-26.21861],[27.93366,-26.21841],[27.93375,-26.21826],[27.93382,-26.21816],[27.934,-26.2179],[27.9341,-26.21778],[27.93428,-26.21759],[27.9345,-26.21737],[27.93463,-26.21725],[27.93479,-26.21712],[27.93496,-26.21699],[27.93515,-26.21686],[27.93534,-26.21674],[27.93551,-26.21665],[27.9357,-26.21655],[27.93598,-26.21643],[27.93615,-26.21636],[27.93638,-26.21628],[27.93682,-26.21616],[27.93725,-26.21604],[27.93763,-26.21593],[27.93801,-26.2158]]}},{"type":"Feature","properties":{"id":"way/239889501","name":"Unnamed","network":"PRASA"},"geometry":{"type":"LineString","coordinates":[[27.93291,-26.22047],[27.93297,-26.2203],[27.93305,-26.22008],[27.93314,-26.2198],[27.93316,-26.2197],[27.93325,-26.21937]]}},{"type":"Feature","properties":{"id":"way/239892694","name":"Unnamed","network":"PRASA"},"geometry":{"type":"LineString","coordinates":[[27.95454,-26.20137],[27.95472,-26.20103],[27.95482,-26.20084],[27.9549,-26.20071],[27.955,-26.20056],[27.95513,-26.20039],[27.95523,-26.20026],[27.95538,-26.20009],[27.95552,-26.19995],[27.95564,-26.19982],[27.95578,-26.1997],[27.95593,-26.19957],[27.95606,-26.19947],[27.95622,-26.19935],[27.95638,-26.19924],[27.95653,-26.19915],[27.95678,-26.19901],[27.95695,-26.19892],[27.95717,-26.19883],[27.95742,-26.19872],[27.95764,-26.19865],[27.95784,-26.19858],[27.95808,-26.19852],[27.95831,-26.19847],[27.95857,-26.19843],[27.95882,-26.19839],[27.95904,-26.19837],[27.95925,-26.19836],[27.95944,-26.19836],[27.95973,-26.19837],[27.96053,-26.19839],[27.96179,-26.19841],[27.96219,-26.19842],[27.96516,-26.19848],[27.96545,-26.19849],[27.96563,-26.1985],[27.96581,-26.19852],[27.96604,-26.19856],[27.96622,-26.19859],[27.96649,-26.19866],[27.9667,-26.19873],[27.96691,-26.1988],[27.96719,-26.19891],[27.96744,-26.19905],[27.96769,-26.1992],[27.96789,-26.19932],[27.96935,-26.2002],[27.96957,-26.20033],[27.96967,-26.2004],[27.97099,-26.2012],[27.97126,-26.20136],[27.97329,-26.20258],[27.97374,-26.20286],[27.9743,-26.20319],[27.97455,-26.20335],[27.9751,-26.20368],[27.97537,-26.20384],[27.97606,-26.20426],[27.97646,-26.2045],[27.9767,-26.20462],[27.97684,-26.20468],[27.97699,-26.20474],[27.97719,-26.2048],[27.97742,-26.20485],[27.97764,-26.20489],[27.97786,-26.20491],[27.9781,-26.20492],[27.97833,-26.20491],[27.97854,-26.20489],[27.97874,-26.20485],[27.97893,-26.20481],[27.9791,-26.20476],[27.9793,-26.20469],[27.97951,-26.2046],[27.98038,-26.20423],[27.98279,-26.20321],[27.98365,-26.20285],[27.98403,-26.20269],[27.98437,-26.20255]]}},{"type":"Feature","properties":{"id":"way/239892695","name":"Unnamed","network":"PRASA"},"geometry":{"type":"LineString","coordinates":[[27.95137,-26.21076],[27.95092,-26.21096],[27.95019,-26.21132],[27.94974,-26.21154]]}},{"type":"Feature","properties":{"id":"way/239894575","name":"Unnamed","network":"PRASA"},"geometry":{"type":"LineString","coordinates":[[27.94889,-26.21212],[27.94945,-26.21183]]}},{"type":"Feature","properties":{"id":"way/239894579","name":"Unnamed","network":"PRASA"},"geometry":{"type":"LineString","coordinates":[[27.94945,-26.21183],[27.94985,-26.21165],[27.95026,-26.21146]]}},{"type":"Feature","properties":{"id":"way/239895460","name":"Unnamed","network":"PRASA"},"geometry":{"type":"LineString","coordinates":[[27.94974,-26.21154],[27.94936,-26.21172]]}},{"type":"Feature","properties":{"id":"way/239895461","name":"Unnamed","network":"PRASA"},"geometry":{"type":"LineString","coordinates":[[27.95206,-26.21066],[27.95233,-26.21058]]}},{"type":"Feature","properties":{"id":"way/239895462","name":"Unnamed","network":"PRASA"},"geometry":{"type":"LineString","coordinates":[[27.94967,-26.21163],[27.95023,-26.21142]]}},{"type":"Feature","properties":{"id":"way/239895464","name":"Unnamed","network":"PRASA"},"geometry":{"type":"LineString","coordinates":[[27.95143,-26.21089],[27.95175,-26.21077]]}},{"type":"Feature","properties":{"id":"way/239895465","name":"Unnamed","network":"PRASA"},"geometry":{"type":"LineString","coordinates":[[27.9523,-26.21043],[27.95204,-26.21051]]}},{"type":"Feature","properties":{"id":"way/239895466","name":"Unnamed","network":"PRASA"},"geometry":{"type":"LineString","coordinates":[[27.95204,-26.21061],[27.95233,-26.21052]]}},{"type":"Feature","properties":{"id":"way/239895468","name":"Unnamed","network":"PRASA"},"geometry":{"type":"LineString","coordinates":[[27.95169,-26.21063],[27.95137,-26.21076]]}},{"type":"Feature","properties":{"id":"way/239895469","name":"Unnamed","network":"PRASA"},"geometry":{"type":"LineString","coordinates":[[27.94924,-26.21184],[27.94967,-26.21163]]}},{"type":"Feature","properties":{"id":"way/239895470","name":"Unnamed","network":"PRASA"},"geometry":{"type":"LineString","coordinates":[[27.95172,-26.21072],[27.95204,-26.21061]]}},{"type":"Feature","properties":{"id":"way/239895471","name":"Unnamed","network":"PRASA"},"geometry":{"type":"LineString","coordinates":[[27.95175,-26.21077],[27.95206,-26.21066]]}},{"type":"Feature","properties":{"id":"way/239895473","name":"Unnamed","network":"PRASA"},"geometry":{"type":"LineString","coordinates":[[27.95233,-26.21058],[27.9525,-26.21053],[27.95271,-26.21049],[27.95294,-26.21046],[27.95311,-26.21045],[27.95331,-26.21045],[27.95347,-26.21046],[27.9536,-26.21047],[27.95378,-26.2105],[27.95394,-26.21053],[27.95412,-26.21057]]}},{"type":"Feature","properties":{"id":"way/239895475","name":"Unnamed","network":"PRASA"},"geometry":{"type":"LineString","coordinates":[[27.95662,-26.21112],[27.95614,-26.21099],[27.95553,-26.21082],[27.95439,-26.2105],[27.95408,-26.21042],[27.95391,-26.21039],[27.95377,-26.21036],[27.9536,-26.21033],[27.9534,-26.21032],[27.95324,-26.21031],[27.95307,-26.21032],[27.9529,-26.21032],[27.95272,-26.21035],[27.9525,-26.21038],[27.9523,-26.21043]]}},{"type":"Feature","properties":{"id":"way/239895476","name":"Unnamed","network":"PRASA"},"geometry":{"type":"LineString","coordinates":[[28.01964,-26.22207],[28.01908,-26.22218],[28.01863,-26.22227],[28.01718,-26.22252],[28.01644,-26.22265],[28.01623,-26.22268],[28.01595,-26.22271],[28.01568,-26.22271],[28.01522,-26.22271],[28.01474,-26.2227],[28.01447,-26.2227],[28.01423,-26.22268],[28.01392,-26.22264],[28.01362,-26.22258],[28.01334,-26.2225],[28.01309,-26.22242],[28.01286,-26.22232],[28.01246,-26.22215],[28.01199,-26.22195],[28.01176,-26.22186],[28.01139,-26.22171],[28.01117,-26.22164],[28.01053,-26.22144],[28.00971,-26.22119],[28.00937,-26.2211],[28.00911,-26.22105],[28.00888,-26.221],[28.00866,-26.22098],[28.00838,-26.22096],[28.00816,-26.22096],[28.00792,-26.22097],[28.0077,-26.221]]}},{"type":"Feature","properties":{"id":"way/239895477","name":"Unnamed","network":"PRASA"},"geometry":{"type":"LineString","coordinates":[[28.019,-26.22216],[28.01884,-26.22219],[28.01657,-26.2226],[28.01626,-26.22264],[28.01601,-26.22266],[28.01588,-26.22267],[28.01569,-26.22267],[28.01542,-26.22266],[28.01517,-26.22264],[28.01481,-26.22262],[28.01451,-26.2226],[28.01423,-26.22256],[28.01401,-26.22252],[28.01375,-26.22247],[28.01347,-26.2224],[28.01308,-26.22229],[28.01277,-26.22219],[28.01249,-26.22209],[28.01225,-26.22201],[28.01179,-26.22183],[28.01148,-26.22171],[28.01128,-26.22163],[28.01107,-26.22155],[28.01081,-26.22146],[28.01051,-26.22138],[28.00972,-26.22115],[28.00941,-26.22106],[28.00913,-26.221],[28.00891,-26.22096],[28.0087,-26.22093],[28.00841,-26.22091],[28.00816,-26.22091],[28.00791,-26.22093],[28.00769,-26.22095]]}},{"type":"Feature","properties":{"id":"way/239895481","name":"Unnamed","network":"PRASA"},"geometry":{"type":"LineString","coordinates":[[27.95141,-26.21084],[27.95172,-26.21072]]}},{"type":"Feature","properties":{"id":"way/239895483","name":"Unnamed","network":"PRASA"},"geometry":{"type":"LineString","coordinates":[[27.95204,-26.21051],[27.95169,-26.21063]]}},{"type":"Feature","properties":{"id":"way/242668463","name":"Unnamed","network":"PRASA"},"geometry":{"type":"LineString","coordinates":[[28.21396,-25.75992],[28.21427,-25.75984],[28.21468,-25.75975]]}},{"type":"Feature","properties":{"id":"way/242668464","name":"Unnamed","network":"PRASA"},"geometry":{"type":"LineString","coordinates":[[28.21468,-25.75975],[28.21489,-25.75972],[28.21519,-25.75972],[28.21553,-25.75974],[28.21685,-25.75991],[28.21817,-25.76009],[28.21861,-25.76012]]}},{"type":"Feature","properties":{"id":"way/244622069","name":"Unnamed","network":"PRASA"},"geometry":{"type":"LineString","coordinates":[[28.17459,-25.65917],[28.17431,-25.65908],[28.17422,-25.65905],[28.174,-25.65898]]}},{"type":"Feature","properties":{"id":"way/252088290","name":"Unnamed","network":"PRASA"},"geometry":{"type":"LineString","coordinates":[[28.04099,-26.19839],[28.04086,-26.19839],[28.04076,-26.19837],[28.04065,-26.19835],[28.0405,-26.19832],[28.04029,-26.19827],[28.0402,-26.19825],[28.03999,-26.1982],[28.03954,-26.1981]]}},{"type":"Feature","properties":{"id":"way/259134287","name":"Unnamed","network":"PRASA"},"geometry":{"type":"LineString","coordinates":[[28.19466,-25.76414],[28.19448,-25.76412],[28.19429,-25.76408],[28.19414,-25.76404],[28.19396,-25.76398],[28.19381,-25.76391],[28.19367,-25.76385],[28.19354,-25.76379],[28.19341,-25.76369],[28.19328,-25.76359],[28.19318,-25.7635],[28.19305,-25.76338],[28.19293,-25.76326],[28.19258,-25.76288],[28.19209,-25.76237],[28.192,-25.76227],[28.1919,-25.76217],[28.19181,-25.76207],[28.19171,-25.76197]]}},{"type":"Feature","properties":{"id":"way/275038733","name":"Unnamed","network":"PRASA"},"geometry":{"type":"LineString","coordinates":[[28.194,-26.24077],[28.19393,-26.24091],[28.19386,-26.24103],[28.19372,-26.2413],[28.19364,-26.24142],[28.19356,-26.24155],[28.19347,-26.24167],[28.19336,-26.2418],[28.19325,-26.24193],[28.19309,-26.24209],[28.19292,-26.24225],[28.19259,-26.24251],[28.19198,-26.24298],[28.19047,-26.24416],[28.18981,-26.24467],[28.18897,-26.24533],[28.18841,-26.2458],[28.18814,-26.24604],[28.18793,-26.24624],[28.18767,-26.24653],[28.18477,-26.24995],[28.18459,-26.25015],[28.18438,-26.25041],[28.18414,-26.25068],[28.18385,-26.25102],[28.18355,-26.25137],[28.18336,-26.25159],[28.18317,-26.25183],[28.18297,-26.25205],[28.18274,-26.25235],[28.18251,-26.25266],[28.18235,-26.25289],[28.18215,-26.25325],[28.18206,-26.25343],[28.18201,-26.25354],[28.18194,-26.25369],[28.18189,-26.25379],[28.18182,-26.25397],[28.18176,-26.25411],[28.1817,-26.25427],[28.1816,-26.2546],[28.18151,-26.25491],[28.18144,-26.25526],[28.18139,-26.25556],[28.18136,-26.25582],[28.18134,-26.25604],[28.18133,-26.25623],[28.18132,-26.25644],[28.18132,-26.25665],[28.18134,-26.25696],[28.18139,-26.25754],[28.18144,-26.25805],[28.18152,-26.25892],[28.18158,-26.25957],[28.18167,-26.26047],[28.1818,-26.26188],[28.18192,-26.26312],[28.18196,-26.26367],[28.18202,-26.26431],[28.18211,-26.26529],[28.18218,-26.26604],[28.18228,-26.26698],[28.18233,-26.26764],[28.18238,-26.26819],[28.18242,-26.26852],[28.1825,-26.26941],[28.18257,-26.27022],[28.18262,-26.27069],[28.18264,-26.27101],[28.18266,-26.27132],[28.18266,-26.27162],[28.18265,-26.27189],[28.18262,-26.27219],[28.18257,-26.27249],[28.18251,-26.27279],[28.1824,-26.27322],[28.18234,-26.27345],[28.18224,-26.27376],[28.18214,-26.27399],[28.18199,-26.27431],[28.1819,-26.27449],[28.18175,-26.27477],[28.18156,-26.27508],[28.18136,-26.27539],[28.18115,-26.27566],[28.18094,-26.27591],[28.18056,-26.27632],[28.18022,-26.27669],[28.17961,-26.27733],[28.17917,-26.27779],[28.17881,-26.27818],[28.17818,-26.27885],[28.17639,-26.28075],[28.17608,-26.28108],[28.17585,-26.28131],[28.17562,-26.28153],[28.17536,-26.28175],[28.17518,-26.28189],[28.17496,-26.28205],[28.17472,-26.28222],[28.17439,-26.28242],[28.17398,-26.28265]]}},{"type":"Feature","properties":{"id":"way/275535038","name":"Unnamed","network":"PRASA"},"geometry":{"type":"LineString","coordinates":[[28.28834,-26.20857],[28.28902,-26.20832],[28.28995,-26.20797],[28.29098,-26.20758],[28.29217,-26.20713],[28.29303,-26.20681],[28.29334,-26.20668],[28.29362,-26.20656],[28.29373,-26.2065],[28.29413,-26.2063],[28.29458,-26.20609],[28.29605,-26.20534],[28.29735,-26.20468],[28.29839,-26.20415],[28.29914,-26.20377],[28.29947,-26.2036],[28.30068,-26.20299],[28.30126,-26.20269],[28.30185,-26.20239],[28.30256,-26.20203],[28.30286,-26.20187],[28.30313,-26.20174],[28.30334,-26.20164],[28.30378,-26.20141],[28.3046,-26.201],[28.30529,-26.20065],[28.30639,-26.20009],[28.30659,-26.19999],[28.3092,-26.19867],[28.30959,-26.19847],[28.31038,-26.19807],[28.31109,-26.19771],[28.31129,-26.19762],[28.31154,-26.19752],[28.31179,-26.19744],[28.31193,-26.1974],[28.31218,-26.19734],[28.3124,-26.19729],[28.31274,-26.19725],[28.31288,-26.19724],[28.31305,-26.19724],[28.31328,-26.19726],[28.31363,-26.19732],[28.31377,-26.19736],[28.31403,-26.19745],[28.31429,-26.19756]]}},{"type":"Feature","properties":{"id":"way/275535054","name":"Unnamed","network":"PRASA"},"geometry":{"type":"LineString","coordinates":[[28.28408,-26.21004],[28.28458,-26.20984],[28.28559,-26.20947],[28.2873,-26.20882],[28.28831,-26.20844],[28.28879,-26.20826],[28.2891,-26.20814],[28.28916,-26.20812],[28.28934,-26.20805],[28.28988,-26.20785],[28.2908,-26.2075],[28.29159,-26.20721],[28.29278,-26.20676],[28.29327,-26.20657],[28.29352,-26.20647],[28.29374,-26.20638],[28.29401,-26.20624],[28.2943,-26.20607],[28.29454,-26.20591],[28.29472,-26.20578],[28.29493,-26.20561],[28.29513,-26.20543],[28.29529,-26.20527],[28.29543,-26.20509],[28.29563,-26.20486],[28.29575,-26.20468],[28.29583,-26.20455],[28.296,-26.20427],[28.29618,-26.20392],[28.29646,-26.20333],[28.29709,-26.20206],[28.29719,-26.20185],[28.29744,-26.20135],[28.29798,-26.20024],[28.29844,-26.19933],[28.29877,-26.19865],[28.2991,-26.19797],[28.29944,-26.19726],[28.29973,-26.19668],[28.29983,-26.19646],[28.29991,-26.19626],[28.29999,-26.19604],[28.30003,-26.19589],[28.30007,-26.19574],[28.30011,-26.19558],[28.30014,-26.1954],[28.30018,-26.19516],[28.30019,-26.19494],[28.30021,-26.19468],[28.3002,-26.19439],[28.30018,-26.19408],[28.30014,-26.1938],[28.30008,-26.19353],[28.30002,-26.19329],[28.29994,-26.19305],[28.29983,-26.19274],[28.29971,-26.19244],[28.29904,-26.1907],[28.29896,-26.19044],[28.29889,-26.19018],[28.29883,-26.1899],[28.29879,-26.18962],[28.29876,-26.18934],[28.29876,-26.18904],[28.29877,-26.18868],[28.29881,-26.18833],[28.2989,-26.18788],[28.29902,-26.18746],[28.29919,-26.18703],[28.29941,-26.18661],[28.29975,-26.18611],[28.30013,-26.18564],[28.30039,-26.18536],[28.30066,-26.18515],[28.3008,-26.18504],[28.30101,-26.18488],[28.30124,-26.18473],[28.30147,-26.18459],[28.3017,-26.18446],[28.30195,-26.18434],[28.30217,-26.18424],[28.30237,-26.18417],[28.30256,-26.1841],[28.30283,-26.18401],[28.30305,-26.18395],[28.30329,-26.1839],[28.30358,-26.18385],[28.30379,-26.18382],[28.30406,-26.18379],[28.30431,-26.18377],[28.3045,-26.18376],[28.30493,-26.18376],[28.30571,-26.18377],[28.30671,-26.18378],[28.30777,-26.1838],[28.3086,-26.18381],[28.30926,-26.18382],[28.30952,-26.18382],[28.30973,-26.18381],[28.30993,-26.1838],[28.31008,-26.18378],[28.3103,-26.18374],[28.31052,-26.1837],[28.31072,-26.18365],[28.31088,-26.1836]]}},{"type":"Feature","properties":{"id":"way/275977617","name":"Unnamed","network":"PRASA"},"geometry":{"type":"LineString","coordinates":[[28.078,-26.20853],[28.07867,-26.20828],[28.07891,-26.20819],[28.07914,-26.2081],[28.07945,-26.20796],[28.07957,-26.20791],[28.07988,-26.20777],[28.08008,-26.20768],[28.08024,-26.20762],[28.08046,-26.20753],[28.08063,-26.20747],[28.08076,-26.20742],[28.08139,-26.20722],[28.08207,-26.207],[28.08242,-26.20689],[28.08278,-26.20677],[28.08304,-26.20668],[28.08375,-26.20642],[28.08425,-26.20624],[28.08489,-26.206],[28.08518,-26.2059],[28.08539,-26.20584],[28.08559,-26.20579],[28.08573,-26.20575],[28.0859,-26.20572],[28.08609,-26.20569],[28.08624,-26.20567],[28.08643,-26.20565],[28.08667,-26.20564],[28.08693,-26.20563],[28.08711,-26.20564],[28.08731,-26.20565],[28.08752,-26.20567],[28.08768,-26.20569],[28.08785,-26.20572],[28.0881,-26.20577],[28.08842,-26.20585],[28.08967,-26.20619],[28.09121,-26.20662],[28.09149,-26.20669],[28.09174,-26.20675],[28.09207,-26.20682],[28.09234,-26.20686],[28.09248,-26.20688],[28.09266,-26.20689],[28.09293,-26.2069],[28.09319,-26.20689],[28.0934,-26.20687],[28.0936,-26.20685],[28.09378,-26.20682],[28.09392,-26.20679],[28.09406,-26.20676],[28.09421,-26.20673],[28.09439,-26.20667],[28.09452,-26.20663],[28.09467,-26.20658],[28.09511,-26.20641],[28.09538,-26.20631],[28.09585,-26.20612],[28.09609,-26.20602],[28.09628,-26.20596],[28.09649,-26.20589],[28.09664,-26.20584],[28.09682,-26.20579],[28.09706,-26.20573],[28.09733,-26.20567],[28.098,-26.20552],[28.09832,-26.20545],[28.0985,-26.2054],[28.09866,-26.20535],[28.09888,-26.20528],[28.09978,-26.20499],[28.10186,-26.20432],[28.10244,-26.20413],[28.10268,-26.20406],[28.10295,-26.20397],[28.10315,-26.20392],[28.10342,-26.20385],[28.10381,-26.20376],[28.10406,-26.20371],[28.10437,-26.20366],[28.10468,-26.20361],[28.10497,-26.20357],[28.10533,-26.20354],[28.10568,-26.20352],[28.10623,-26.20351],[28.10652,-26.20352],[28.10688,-26.20354],[28.10731,-26.20357],[28.10759,-26.2036],[28.10785,-26.20363],[28.10812,-26.20367],[28.10847,-26.20373],[28.10895,-26.2038],[28.1094,-26.20388],[28.10977,-26.20394],[28.11018,-26.20401],[28.11043,-26.20407],[28.11065,-26.20412],[28.11092,-26.2042],[28.11121,-26.20429],[28.11144,-26.20438],[28.11172,-26.20449],[28.11217,-26.20468],[28.11247,-26.2048],[28.11297,-26.20502],[28.11343,-26.20526],[28.11375,-26.20544],[28.11404,-26.20562],[28.11431,-26.20579],[28.11455,-26.20597],[28.11483,-26.20619],[28.11504,-26.20637],[28.11524,-26.20655],[28.11547,-26.20676],[28.11569,-26.20696],[28.11575,-26.20702],[28.11598,-26.20722],[28.11624,-26.20744],[28.11647,-26.2076],[28.11678,-26.2078],[28.11697,-26.20791],[28.11715,-26.20801],[28.11736,-26.20811],[28.11776,-26.20827],[28.11812,-26.20841],[28.11851,-26.20855],[28.11871,-26.20862],[28.11895,-26.20871],[28.1192,-26.20879],[28.11954,-26.20888],[28.11979,-26.20894],[28.12007,-26.20901],[28.12026,-26.20905],[28.12053,-26.2091],[28.12084,-26.20915],[28.12119,-26.20919],[28.12136,-26.20921],[28.1216,-26.20924],[28.12242,-26.20933],[28.12319,-26.20941],[28.12723,-26.20984],[28.12769,-26.20987],[28.12808,-26.20987],[28.12837,-26.20986],[28.12866,-26.20983],[28.12887,-26.20979],[28.12908,-26.20974],[28.1293,-26.20969],[28.12957,-26.2096],[28.12985,-26.2095],[28.13011,-26.20939],[28.13041,-26.20925],[28.13082,-26.20902],[28.13158,-26.20858],[28.13224,-26.2082],[28.13241,-26.20811],[28.13257,-26.20804],[28.13274,-26.20799],[28.13291,-26.20793],[28.13307,-26.20787],[28.13326,-26.20782],[28.13336,-26.2078],[28.1335,-26.20777],[28.13364,-26.20774],[28.13383,-26.20771],[28.13404,-26.20769],[28.13467,-26.20762],[28.13509,-26.20758],[28.1354,-26.20755],[28.13562,-26.20754],[28.13585,-26.20754],[28.13607,-26.20755],[28.13626,-26.20756]]}},{"type":"Feature","properties":{"id":"way/275977671","name":"Unnamed","network":"PRASA"},"geometry":{"type":"LineString","coordinates":[[28.14571,-26.21304],[28.14561,-26.213],[28.14539,-26.2129],[28.14516,-26.21279],[28.14491,-26.21265],[28.14468,-26.21249],[28.14446,-26.21233],[28.14419,-26.21211],[28.14366,-26.21168],[28.1434,-26.21146],[28.1432,-26.21129],[28.14294,-26.21103],[28.14269,-26.21078],[28.14215,-26.2102],[28.14194,-26.21001],[28.14174,-26.20984],[28.14148,-26.20964],[28.14127,-26.20951],[28.1411,-26.20941],[28.1408,-26.20927],[28.14062,-26.20919],[28.14052,-26.20914],[28.13983,-26.20885],[28.13842,-26.20824],[28.13811,-26.20811],[28.13776,-26.208],[28.13752,-26.20793],[28.13719,-26.20786],[28.13708,-26.20784]]}},{"type":"Feature","properties":{"id":"way/275977688","name":"Unnamed","network":"PRASA"},"geometry":{"type":"LineString","coordinates":[[28.17243,-26.21112],[28.17276,-26.21114],[28.17312,-26.21114],[28.17338,-26.21116]]}},{"type":"Feature","properties":{"id":"way/275977693","name":"Unnamed","network":"PRASA"},"geometry":{"type":"LineString","coordinates":[[28.17351,-26.21129],[28.17331,-26.21125],[28.1731,-26.21121],[28.17285,-26.21117]]}},{"type":"Feature","properties":{"id":"way/276068000","name":"Unnamed","network":"PRASA"},"geometry":{"type":"LineString","coordinates":[[28.1598,-26.21141],[28.15977,-26.21148],[28.15973,-26.21158],[28.15968,-26.21169],[28.1596,-26.21195],[28.15954,-26.21215],[28.1595,-26.21235],[28.15947,-26.21251],[28.15944,-26.2127],[28.15942,-26.21282],[28.1594,-26.21298],[28.15939,-26.2131],[28.15939,-26.21326],[28.15939,-26.21337],[28.15939,-26.2135],[28.1594,-26.21371],[28.15941,-26.21386],[28.15942,-26.21399],[28.15944,-26.21414],[28.15949,-26.2144],[28.15957,-26.21473],[28.15966,-26.21499],[28.15985,-26.21549],[28.15996,-26.21577],[28.16009,-26.21607],[28.16038,-26.21679],[28.16041,-26.21685]]}},{"type":"Feature","properties":{"id":"way/276068009","name":"Unnamed","network":"PRASA"},"geometry":{"type":"LineString","coordinates":[[28.16063,-26.21728],[28.16062,-26.21726],[28.16025,-26.21636],[28.16,-26.21575],[28.15989,-26.21548],[28.15975,-26.21512],[28.15967,-26.21493],[28.15961,-26.21472],[28.15954,-26.21442],[28.1595,-26.21424],[28.15948,-26.21414],[28.15946,-26.21396],[28.15944,-26.21381],[28.15943,-26.21362],[28.15942,-26.21337],[28.15943,-26.2132],[28.15944,-26.21306],[28.15945,-26.21292],[28.15946,-26.21279],[28.15949,-26.21259],[28.15952,-26.21246],[28.15956,-26.21224],[28.1596,-26.2121],[28.15962,-26.21201],[28.15967,-26.21184],[28.15971,-26.21172],[28.15973,-26.21168],[28.15978,-26.21157],[28.15982,-26.21148]]}},{"type":"Feature","properties":{"id":"way/276068067","name":"Unnamed","network":"PRASA"},"geometry":{"type":"LineString","coordinates":[[28.16344,-26.20909],[28.16361,-26.20912],[28.16376,-26.20915],[28.16392,-26.20918]]}},{"type":"Feature","properties":{"id":"way/329004489","name":"Unnamed","network":"PRASA"},"geometry":{"type":"LineString","coordinates":[[28.13306,-25.76696],[28.13319,-25.76698],[28.13351,-25.76703],[28.13387,-25.76709],[28.13397,-25.76711],[28.13423,-25.76716],[28.13446,-25.76722],[28.13468,-25.7673],[28.13515,-25.76747],[28.13569,-25.76768],[28.13605,-25.76782],[28.1363,-25.7679],[28.13654,-25.76796],[28.13671,-25.768],[28.13689,-25.76803],[28.13706,-25.76805],[28.13727,-25.76806],[28.13749,-25.76807],[28.13769,-25.76806],[28.13784,-25.76805],[28.13814,-25.76801],[28.13856,-25.76796],[28.13909,-25.7679],[28.13998,-25.7678],[28.14028,-25.76777],[28.14054,-25.76773],[28.14078,-25.76768],[28.14097,-25.76762],[28.14109,-25.76759],[28.14123,-25.76754],[28.14139,-25.76747],[28.14155,-25.76738],[28.14177,-25.76726],[28.14195,-25.76713],[28.14212,-25.76698],[28.14229,-25.76681],[28.14241,-25.76667],[28.14252,-25.76653],[28.14265,-25.76633],[28.14274,-25.76616],[28.14279,-25.76602],[28.14283,-25.76593],[28.14286,-25.76585],[28.14288,-25.76577],[28.1429,-25.7657],[28.14293,-25.76556],[28.14296,-25.76541],[28.14297,-25.76533],[28.14298,-25.76519],[28.14298,-25.76504],[28.14298,-25.76487],[28.14299,-25.76468],[28.14299,-25.76441],[28.14299,-25.76425],[28.14301,-25.76409],[28.14302,-25.76398],[28.14304,-25.76386],[28.14308,-25.76371],[28.14312,-25.7636]]}},{"type":"Feature","properties":{"id":"way/329004490","name":"Unnamed","network":"PRASA"},"geometry":{"type":"LineString","coordinates":[[28.14312,-25.7636],[28.14317,-25.76345],[28.14322,-25.76333]]}},{"type":"Feature","properties":{"id":"way/330124724","name":"Unnamed","network":"PRASA"},"geometry":{"type":"LineString","coordinates":[[27.88069,-26.28166],[27.88106,-26.2815]]}},{"type":"Feature","properties":{"id":"way/330124725","name":"Unnamed","network":"PRASA"},"geometry":{"type":"LineString","coordinates":[[27.88106,-26.2815],[27.88161,-26.28128],[27.88238,-26.28097],[27.88286,-26.28078],[27.88336,-26.28058],[27.88397,-26.28033],[27.88458,-26.28008],[27.8849,-26.27992],[27.88516,-26.27978],[27.88534,-26.27967],[27.88558,-26.27949],[27.88579,-26.27932],[27.88607,-26.27907],[27.88629,-26.27883],[27.88641,-26.27869],[27.8866,-26.27843],[27.8867,-26.27828],[27.88681,-26.2781],[27.88689,-26.27793],[27.887,-26.27769],[27.8871,-26.27743],[27.88714,-26.27731],[27.88721,-26.27704],[27.88727,-26.27676],[27.8873,-26.27652],[27.88731,-26.27644],[27.88738,-26.27589],[27.88746,-26.27521],[27.88751,-26.27478],[27.8876,-26.27395],[27.8877,-26.2732],[27.88774,-26.27288]]}},{"type":"Feature","properties":{"id":"way/339016330","name":"Unnamed","network":"PRASA"},"geometry":{"type":"LineString","coordinates":[[28.16327,-26.31546],[28.16333,-26.31575]]}},{"type":"Feature","properties":{"id":"way/339016332","name":"Unnamed","network":"PRASA"},"geometry":{"type":"LineString","coordinates":[[28.16333,-26.31575],[28.16343,-26.31614],[28.16378,-26.31765],[28.16385,-26.31801],[28.16389,-26.31827],[28.16392,-26.31867],[28.16393,-26.31908],[28.16391,-26.31949],[28.16388,-26.31985],[28.16384,-26.32014],[28.16377,-26.3205],[28.16367,-26.32087],[28.16347,-26.32146],[28.16332,-26.32183],[28.16306,-26.32235],[28.16286,-26.32267],[28.16259,-26.32307],[28.16246,-26.32323],[28.16222,-26.32351],[28.16201,-26.32375],[28.1617,-26.32406],[28.16136,-26.32436],[28.16117,-26.32451],[28.1609,-26.3247],[28.1606,-26.32491],[28.16031,-26.32509],[28.15991,-26.32531],[28.15932,-26.32562],[28.15768,-26.32644],[28.15668,-26.32693],[28.15627,-26.32715],[28.15608,-26.32725],[28.15587,-26.32738],[28.15555,-26.32758],[28.15522,-26.32782],[28.15505,-26.32797],[28.15468,-26.32829],[28.15425,-26.32872],[28.15405,-26.32894],[28.15382,-26.32924],[28.15358,-26.32957],[28.15335,-26.32995],[28.15322,-26.33016],[28.153,-26.33062],[28.15288,-26.33089],[28.15273,-26.3313],[28.15262,-26.33166],[28.15256,-26.3319],[28.15252,-26.3321],[28.15248,-26.33229],[28.15244,-26.33254],[28.15242,-26.3328],[28.1524,-26.33301],[28.15239,-26.33322],[28.15239,-26.33363],[28.1524,-26.33541],[28.15243,-26.33765]]}},{"type":"Feature","properties":{"id":"way/352481802","name":"Unnamed","network":"PRASA"},"geometry":{"type":"LineString","coordinates":[[28.01517,-25.62158],[28.01917,-25.62193],[28.01977,-25.62198],[28.02034,-25.62203],[28.02583,-25.62251],[28.02804,-25.6227],[28.02888,-25.62277],[28.03187,-25.62303]]}},{"type":"Feature","properties":{"id":"way/421114441","name":"Unnamed","network":"PRASA"},"geometry":{"type":"LineString","coordinates":[[28.23379,-25.94127],[28.2338,-25.93926],[28.2338,-25.93523],[28.2338,-25.93471],[28.2338,-25.9344],[28.23379,-25.93404],[28.23377,-25.93374],[28.23375,-25.93341],[28.23371,-25.93309],[28.23367,-25.93273],[28.23363,-25.93246],[28.23358,-25.93218],[28.23352,-25.93186],[28.23344,-25.93148],[28.23332,-25.93101],[28.23309,-25.93014],[28.23266,-25.92848],[28.23251,-25.92792],[28.23223,-25.92681],[28.23208,-25.92624],[28.23197,-25.92584],[28.23186,-25.92539],[28.23173,-25.92491],[28.23164,-25.92454],[28.23136,-25.92348],[28.23121,-25.9229],[28.23107,-25.92233],[28.23076,-25.92119],[28.23052,-25.92023]]}},{"type":"Feature","properties":{"id":"way/421114442","name":"Unnamed","network":"PRASA"},"geometry":{"type":"LineString","coordinates":[[28.23379,-25.94137],[28.23379,-25.94127]]}},{"type":"Feature","properties":{"id":"way/423006968","name":"Unnamed","network":"PRASA"},"geometry":{"type":"LineString","coordinates":[[28.16587,-25.73785],[28.16567,-25.73791]]}},{"type":"Feature","properties":{"id":"way/423006969","name":"Unnamed","network":"PRASA"},"geometry":{"type":"LineString","coordinates":[[28.16567,-25.73791],[28.16551,-25.73793],[28.16538,-25.73795],[28.16526,-25.73795],[28.16515,-25.73795],[28.16503,-25.73794],[28.16487,-25.73791],[28.16471,-25.73786],[28.16461,-25.73783]]}},{"type":"Feature","properties":{"id":"way/423021595","name":"Unnamed","network":"PRASA"},"geometry":{"type":"LineString","coordinates":[[28.33823,-25.71963],[28.33688,-25.7192],[28.33553,-25.71882]]}},{"type":"Feature","properties":{"id":"way/423021596","name":"Unnamed","network":"PRASA"},"geometry":{"type":"LineString","coordinates":[[28.35803,-25.72241],[28.35804,-25.72247],[28.35834,-25.72244],[28.359,-25.72234],[28.36121,-25.72199],[28.36163,-25.72191],[28.36162,-25.72186],[28.35803,-25.72241]]}},{"type":"Feature","properties":{"id":"way/423948581","name":"Unnamed","network":"PRASA"},"geometry":{"type":"LineString","coordinates":[[28.42295,-26.15757],[28.42295,-26.15756],[28.42347,-26.15721],[28.42373,-26.15704],[28.42462,-26.15643],[28.42572,-26.15569]]}},{"type":"Feature","properties":{"id":"way/423948582","name":"Unnamed","network":"PRASA"},"geometry":{"type":"LineString","coordinates":[[28.42192,-26.15827],[28.42295,-26.15757]]}},{"type":"Feature","properties":{"id":"way/426533721","name":"Unnamed","network":"PRASA"},"geometry":{"type":"LineString","coordinates":[[27.74042,-26.12571],[27.7405,-26.12554],[27.74077,-26.1249],[27.74143,-26.12332],[27.74196,-26.12207],[27.74298,-26.11963],[27.74353,-26.11836],[27.74406,-26.1171],[27.7446,-26.11582],[27.74481,-26.11536],[27.74492,-26.11512],[27.74502,-26.11492],[27.74516,-26.1147],[27.74527,-26.11452],[27.74539,-26.11435],[27.74556,-26.11411],[27.74574,-26.1139],[27.74588,-26.11374],[27.74613,-26.11348],[27.7463,-26.11333],[27.74647,-26.11318],[27.74667,-26.11302],[27.74688,-26.11286],[27.74715,-26.11267],[27.74736,-26.11253],[27.74756,-26.11242],[27.74786,-26.11225],[27.74819,-26.11209],[27.7484,-26.11199],[27.74853,-26.11195],[27.74877,-26.11185],[27.74897,-26.11179],[27.74956,-26.11165],[27.75072,-26.11145],[27.75145,-26.11133],[27.75259,-26.11115],[27.75334,-26.11103],[27.7541,-26.11094],[27.75467,-26.11087],[27.75535,-26.1108]]}},{"type":"Feature","properties":{"id":"way/427646717","name":"Unnamed","network":"PRASA"},"geometry":{"type":"LineString","coordinates":[[28.23052,-25.92023],[28.23043,-25.91985]]}},{"type":"Feature","properties":{"id":"way/427646718","name":"Unnamed","network":"PRASA"},"geometry":{"type":"LineString","coordinates":[[28.23043,-25.91985],[28.2292,-25.91513],[28.229,-25.91435],[28.22883,-25.91369],[28.2287,-25.9132],[28.22831,-25.91168],[28.22806,-25.91076],[28.22769,-25.9093],[28.22731,-25.90785],[28.22689,-25.90621],[28.22645,-25.90453],[28.22619,-25.90354],[28.22588,-25.90235],[28.22566,-25.90149],[28.2256,-25.90122],[28.22555,-25.90099]]}},{"type":"Feature","properties":{"id":"way/435174299","name":"Unnamed","network":"PRASA"},"geometry":{"type":"LineString","coordinates":[[27.93631,-26.21718],[27.93609,-26.21728],[27.93577,-26.21744],[27.93548,-26.21761],[27.9353,-26.21772],[27.93498,-26.21794],[27.93478,-26.2181],[27.93449,-26.21834],[27.9343,-26.21852],[27.93413,-26.21869],[27.93402,-26.2188],[27.93387,-26.21897],[27.93366,-26.21923],[27.93355,-26.21938],[27.9334,-26.2196],[27.93326,-26.21982],[27.93308,-26.22014],[27.93297,-26.22035],[27.93292,-26.22047]]}},{"type":"Feature","properties":{"id":"way/435174303","name":"Unnamed","network":"PRASA"},"geometry":{"type":"LineString","coordinates":[[27.89731,-26.26116],[27.89854,-26.25986],[27.89878,-26.25961],[27.89888,-26.2595],[27.89931,-26.25905],[27.90372,-26.2544],[27.90459,-26.25348],[27.90472,-26.25334],[27.90637,-26.25161],[27.9088,-26.24904],[27.9093,-26.24851],[27.90966,-26.24814],[27.90977,-26.24802],[27.91002,-26.24775],[27.91016,-26.2476],[27.91051,-26.2472],[27.91095,-26.24665],[27.91167,-26.24572],[27.9124,-26.24476],[27.91297,-26.24405],[27.91348,-26.24338],[27.91379,-26.24299],[27.91468,-26.24185],[27.91479,-26.2417],[27.91487,-26.2416],[27.91551,-26.24078],[27.91564,-26.24061],[27.91605,-26.24008],[27.9163,-26.23975],[27.91648,-26.23948],[27.91659,-26.23929]]}},{"type":"Feature","properties":{"id":"way/435174304","name":"Unnamed","network":"PRASA"},"geometry":{"type":"LineString","coordinates":[[27.93288,-26.22056],[27.93286,-26.22061]]}},{"type":"Feature","properties":{"id":"way/435178854","name":"Unnamed","network":"PRASA"},"geometry":{"type":"LineString","coordinates":[[27.93941,-26.21573],[27.93886,-26.21604]]}},{"type":"Feature","properties":{"id":"way/435178855","name":"Unnamed","network":"PRASA"},"geometry":{"type":"LineString","coordinates":[[27.93708,-26.21667],[27.93705,-26.21669]]}},{"type":"Feature","properties":{"id":"way/435178857","name":"Unnamed","network":"PRASA"},"geometry":{"type":"LineString","coordinates":[[27.93558,-26.21726],[27.93561,-26.21725]]}},{"type":"Feature","properties":{"id":"way/435178859","name":"Unnamed","network":"PRASA"},"geometry":{"type":"LineString","coordinates":[[27.95026,-26.21146],[27.95028,-26.21144],[27.951,-26.21109],[27.95143,-26.21089]]}},{"type":"Feature","properties":{"id":"way/435178860","name":"Unnamed","network":"PRASA"},"geometry":{"type":"LineString","coordinates":[[27.94936,-26.21172],[27.94865,-26.21208]]}},{"type":"Feature","properties":{"id":"way/435178862","name":"Unnamed","network":"PRASA"},"geometry":{"type":"LineString","coordinates":[[27.94865,-26.21208],[27.94924,-26.21184]]}},{"type":"Feature","properties":{"id":"way/435178863","name":"Unnamed","network":"PRASA"},"geometry":{"type":"LineString","coordinates":[[27.95023,-26.21142],[27.95025,-26.21141],[27.95097,-26.21104],[27.95141,-26.21084]]}},{"type":"Feature","properties":{"id":"way/435178866","name":"Unnamed","network":"PRASA"},"geometry":{"type":"LineString","coordinates":[[27.93705,-26.21669],[27.93629,-26.21698]]}},{"type":"Feature","properties":{"id":"way/435178867","name":"Unnamed","network":"PRASA"},"geometry":{"type":"LineString","coordinates":[[27.93561,-26.21725],[27.93582,-26.21714],[27.93606,-26.217],[27.93629,-26.21687]]}},{"type":"Feature","properties":{"id":"way/435178868","name":"Unnamed","network":"PRASA"},"geometry":{"type":"LineString","coordinates":[[27.93487,-26.21765],[27.93512,-26.21752],[27.93558,-26.21726]]}},{"type":"Feature","properties":{"id":"way/435178869","name":"Unnamed","network":"PRASA"},"geometry":{"type":"LineString","coordinates":[[27.9369,-26.21694],[27.93631,-26.21718]]}},{"type":"Feature","properties":{"id":"way/435178877","name":"Unnamed","network":"PRASA"},"geometry":{"type":"LineString","coordinates":[[27.93629,-26.21687],[27.9363,-26.21687]]}},{"type":"Feature","properties":{"id":"way/435178880","name":"Unnamed","network":"PRASA"},"geometry":{"type":"LineString","coordinates":[[27.93803,-26.21579],[27.93863,-26.21558],[27.93865,-26.21557],[27.93926,-26.21536],[27.93928,-26.21535]]}},{"type":"Feature","properties":{"id":"way/435178888","name":"Unnamed","network":"PRASA"},"geometry":{"type":"LineString","coordinates":[[27.94439,-26.21373],[27.94452,-26.21368],[27.94461,-26.21364],[27.94467,-26.21361],[27.94478,-26.21355],[27.94492,-26.21348]]}},{"type":"Feature","properties":{"id":"way/435178892","name":"Unnamed","network":"PRASA"},"geometry":{"type":"LineString","coordinates":[[27.94447,-26.21391],[27.944,-26.21408],[27.94361,-26.21421],[27.94208,-26.21475],[27.9414,-26.21499],[27.94044,-26.21532],[27.94005,-26.21546],[27.93985,-26.21554],[27.93971,-26.2156],[27.93943,-26.21572],[27.93941,-26.21573]]}},{"type":"Feature","properties":{"id":"way/435183055","name":"Unnamed","network":"PRASA"},"geometry":{"type":"LineString","coordinates":[[28.00767,-26.22088],[28.00789,-26.22085],[28.00814,-26.22084],[28.00833,-26.22084],[28.00851,-26.22084],[28.00869,-26.22085],[28.00887,-26.22087],[28.00905,-26.2209],[28.00921,-26.22093],[28.00945,-26.22099],[28.00975,-26.22107],[28.01023,-26.22122],[28.01072,-26.22135],[28.01096,-26.22143],[28.01129,-26.22152],[28.0114,-26.22157],[28.01158,-26.22162],[28.01206,-26.22179],[28.01231,-26.22188],[28.01256,-26.22196],[28.01279,-26.22204],[28.01305,-26.22211],[28.01353,-26.22222],[28.01403,-26.22234],[28.01434,-26.22241],[28.01459,-26.22245],[28.01491,-26.2225],[28.01517,-26.22253],[28.01551,-26.22255],[28.01578,-26.22256],[28.01601,-26.22256],[28.01623,-26.22255],[28.01657,-26.22251],[28.01726,-26.2224],[28.01735,-26.22238],[28.01819,-26.22222],[28.01912,-26.22206],[28.01971,-26.22194]]}},{"type":"Feature","properties":{"id":"way/435186931","name":"Unnamed","network":"PRASA"},"geometry":{"type":"LineString","coordinates":[[28.02488,-26.21886],[28.02502,-26.21849],[28.02513,-26.21819],[28.02522,-26.21798],[28.02528,-26.21785],[28.02536,-26.2177],[28.02549,-26.21751],[28.02556,-26.2174],[28.02567,-26.21726],[28.02581,-26.2171],[28.02594,-26.21697],[28.02605,-26.21687],[28.0262,-26.21673],[28.02634,-26.21663],[28.02659,-26.21645],[28.02689,-26.21624],[28.02725,-26.216],[28.0276,-26.21575],[28.02793,-26.21553],[28.02926,-26.2146],[28.02945,-26.21447],[28.02966,-26.21434],[28.03017,-26.21398]]}},{"type":"Feature","properties":{"id":"way/435186935","name":"Unnamed","network":"PRASA"},"geometry":{"type":"LineString","coordinates":[[28.03017,-26.21398],[28.03032,-26.21388]]}},{"type":"Feature","properties":{"id":"way/435186941","name":"Unnamed","network":"PRASA"},"geometry":{"type":"LineString","coordinates":[[28.03032,-26.21388],[28.03063,-26.21367],[28.03086,-26.21351],[28.03112,-26.21333],[28.0319,-26.21279],[28.03369,-26.21156],[28.03411,-26.21127]]}},{"type":"Feature","properties":{"id":"way/435193581","name":"Unnamed","network":"PRASA"},"geometry":{"type":"LineString","coordinates":[[27.9851,-26.20232],[27.98525,-26.2023],[27.98543,-26.20228],[27.98563,-26.20224],[27.98595,-26.20216],[27.98674,-26.20195],[27.98693,-26.2019],[27.98712,-26.20186],[27.98735,-26.20181],[27.98751,-26.20178],[27.98769,-26.20175],[27.98795,-26.20173],[27.98812,-26.20172],[27.98838,-26.2017]]}},{"type":"Feature","properties":{"id":"way/435193583","name":"Unnamed","network":"PRASA"},"geometry":{"type":"LineString","coordinates":[[27.98838,-26.2017],[27.98847,-26.2017],[27.98911,-26.20169],[27.9895,-26.20169],[27.99028,-26.20167],[27.99161,-26.20166],[27.99227,-26.20165],[27.99376,-26.20162],[27.99556,-26.20159],[27.99611,-26.20158],[27.99698,-26.20157],[27.99881,-26.20154],[27.99946,-26.20153],[27.99995,-26.20151],[28.00024,-26.20151],[28.00042,-26.20152],[28.00062,-26.20153],[28.00079,-26.20155],[28.00108,-26.20158],[28.00129,-26.20162],[28.00149,-26.20167],[28.00172,-26.20172],[28.00193,-26.20178],[28.00211,-26.20185],[28.00232,-26.20192],[28.00285,-26.20214],[28.00339,-26.20236],[28.00356,-26.20242],[28.00381,-26.2025],[28.00403,-26.20256],[28.00429,-26.20262],[28.0045,-26.20266],[28.00507,-26.20275],[28.00593,-26.2029],[28.00631,-26.20296],[28.00727,-26.20312],[28.00968,-26.20352],[28.01019,-26.20361],[28.01149,-26.2038],[28.0117,-26.20383],[28.0119,-26.20386],[28.01204,-26.20388],[28.01219,-26.20391],[28.01242,-26.20397],[28.0126,-26.204],[28.01281,-26.20404],[28.01357,-26.20417],[28.01476,-26.20437],[28.01529,-26.20446],[28.01552,-26.2045],[28.0157,-26.20451],[28.01584,-26.20452],[28.01601,-26.20452],[28.01616,-26.20451],[28.0163,-26.2045],[28.01652,-26.20447],[28.01671,-26.20443],[28.0169,-26.20437],[28.01711,-26.2043],[28.01732,-26.20421],[28.01751,-26.2041],[28.01765,-26.20402],[28.0178,-26.20392],[28.01792,-26.20381],[28.01802,-26.20372],[28.01814,-26.2036],[28.01824,-26.20349],[28.01837,-26.20333],[28.01846,-26.2032],[28.01852,-26.2031],[28.0186,-26.20294],[28.01867,-26.2028],[28.01871,-26.20267],[28.01875,-26.20256],[28.01879,-26.20237],[28.01881,-26.20216],[28.01881,-26.20209],[28.01883,-26.20183],[28.01883,-26.20152],[28.01884,-26.20095],[28.01885,-26.20069],[28.01886,-26.20049],[28.01887,-26.19996],[28.01889,-26.19973]]}},{"type":"Feature","properties":{"id":"way/435193595","name":"Unnamed","network":"PRASA"},"geometry":{"type":"LineString","coordinates":[[27.98437,-26.20255],[27.98448,-26.2025]]}},{"type":"Feature","properties":{"id":"way/435193607","name":"Unnamed","network":"PRASA"},"geometry":{"type":"LineString","coordinates":[[27.97699,-26.1965],[27.97709,-26.19661],[27.97732,-26.19685],[27.97773,-26.19729],[27.97795,-26.19752],[27.97816,-26.19774],[27.97837,-26.19796],[27.97935,-26.199],[27.98067,-26.20041],[27.98112,-26.20088],[27.9813,-26.20107],[27.98141,-26.20117],[27.98154,-26.20128],[27.98168,-26.2014],[27.9818,-26.20149],[27.98196,-26.20159],[27.98208,-26.20166],[27.98225,-26.20177],[27.98242,-26.20185],[27.98259,-26.20193],[27.98274,-26.20199],[27.98288,-26.20205],[27.98307,-26.20211],[27.98329,-26.20218],[27.98355,-26.20223],[27.98378,-26.20228],[27.98406,-26.20232],[27.98417,-26.20233],[27.98434,-26.20234],[27.98451,-26.20235],[27.98469,-26.20235]]}},{"type":"Feature","properties":{"id":"way/435208694","name":"Unnamed","network":"PRASA"},"geometry":{"type":"LineString","coordinates":[[27.8667,-26.24511],[27.86834,-26.24284],[27.86879,-26.24221],[27.86921,-26.24163],[27.86959,-26.24111],[27.87015,-26.24032],[27.87062,-26.23968],[27.87122,-26.23885],[27.87174,-26.23812],[27.87226,-26.23739],[27.87306,-26.23628],[27.87347,-26.23571],[27.87387,-26.23516],[27.87445,-26.23435],[27.8749,-26.23373],[27.87528,-26.2332],[27.87557,-26.23279],[27.87573,-26.23257],[27.87617,-26.23196],[27.8766,-26.23135],[27.87792,-26.22952],[27.8789,-26.22817],[27.87921,-26.22774],[27.87935,-26.22754],[27.87952,-26.22733],[27.87983,-26.22701],[27.87999,-26.22684],[27.88015,-26.2267],[27.88043,-26.22648],[27.8806,-26.22635],[27.88075,-26.22625],[27.88099,-26.2261],[27.88127,-26.22594],[27.88149,-26.22583],[27.88168,-26.22574],[27.88184,-26.22568],[27.88194,-26.22563],[27.88231,-26.2255],[27.8825,-26.22545],[27.88267,-26.2254],[27.88289,-26.22535],[27.88317,-26.22529],[27.88342,-26.22526],[27.88375,-26.22522],[27.88394,-26.22521],[27.88414,-26.2252],[27.88435,-26.2252],[27.88455,-26.2252],[27.88475,-26.22521],[27.88496,-26.22523],[27.88517,-26.22525],[27.88541,-26.22529],[27.88575,-26.22535],[27.88604,-26.22542],[27.88631,-26.22551],[27.88665,-26.22562],[27.88695,-26.22575],[27.88715,-26.22584],[27.88738,-26.22596],[27.88762,-26.22609],[27.88785,-26.22624],[27.88813,-26.22643],[27.88827,-26.22654],[27.88843,-26.22667],[27.88861,-26.22683],[27.88876,-26.22697],[27.88887,-26.22708],[27.88898,-26.22721],[27.88907,-26.2273],[27.88917,-26.22743],[27.88925,-26.22752],[27.88933,-26.22763],[27.88946,-26.22782],[27.8896,-26.22804],[27.89002,-26.22877],[27.89079,-26.23015],[27.89095,-26.23042],[27.89124,-26.23094],[27.89141,-26.23124],[27.89164,-26.23165],[27.89178,-26.2319],[27.89283,-26.23377],[27.89302,-26.23411],[27.8931,-26.23426],[27.89319,-26.23439],[27.89328,-26.23452],[27.89336,-26.23464],[27.89348,-26.23479],[27.89361,-26.23494],[27.89371,-26.23505],[27.8939,-26.23525],[27.89418,-26.23554],[27.89429,-26.23567],[27.89467,-26.23605],[27.89479,-26.23617],[27.89495,-26.23632],[27.89509,-26.23644],[27.89528,-26.23659],[27.89544,-26.2367],[27.8956,-26.2368],[27.89574,-26.23688],[27.89591,-26.23696],[27.89612,-26.23705],[27.89636,-26.23715],[27.8966,-26.23722],[27.89684,-26.23728],[27.89703,-26.23732],[27.89722,-26.23735],[27.89744,-26.23737],[27.89762,-26.23739],[27.89785,-26.23739],[27.89811,-26.23738],[27.89838,-26.23736],[27.89858,-26.23733],[27.89885,-26.23728],[27.89911,-26.23722],[27.89944,-26.23713],[27.90005,-26.23696],[27.90035,-26.23687],[27.90124,-26.23663],[27.90214,-26.23638],[27.90252,-26.23627],[27.90277,-26.23618],[27.90303,-26.23609],[27.90326,-26.236],[27.90346,-26.23592],[27.90369,-26.23581],[27.90388,-26.23572],[27.90406,-26.23562],[27.90428,-26.2355],[27.90446,-26.23538],[27.90467,-26.23523],[27.90481,-26.23513],[27.90499,-26.23498],[27.9051,-26.2349],[27.90526,-26.23475],[27.90546,-26.23455],[27.90563,-26.23436],[27.90577,-26.2342],[27.90591,-26.23401],[27.90608,-26.23377],[27.90622,-26.23354],[27.90637,-26.23327],[27.9065,-26.23297],[27.90659,-26.23274],[27.9067,-26.23241],[27.90678,-26.23212],[27.90684,-26.23178],[27.90688,-26.2315],[27.90707,-26.2302],[27.90712,-26.22987],[27.90716,-26.2296],[27.90721,-26.22935],[27.90729,-26.22909],[27.90738,-26.22882],[27.90751,-26.2285],[27.90763,-26.22824],[27.90781,-26.22793],[27.908,-26.22765],[27.90817,-26.22741],[27.90836,-26.22718],[27.90854,-26.22698],[27.9088,-26.22673],[27.90894,-26.2266],[27.90909,-26.22647],[27.90927,-26.22633],[27.90942,-26.22622],[27.90966,-26.22606],[27.90983,-26.22596],[27.91004,-26.22584],[27.91028,-26.22572],[27.91048,-26.22563],[27.91078,-26.22551],[27.91095,-26.22544],[27.91117,-26.22537],[27.9114,-26.22531],[27.91162,-26.22525],[27.91191,-26.22519],[27.91211,-26.22515],[27.9124,-26.22512],[27.91265,-26.22509],[27.91285,-26.22508],[27.91314,-26.22507],[27.91334,-26.22508],[27.91361,-26.22509],[27.91397,-26.22512],[27.91464,-26.22519],[27.91583,-26.2253],[27.91623,-26.22534],[27.91652,-26.22535],[27.91686,-26.22535],[27.91718,-26.22534],[27.91749,-26.22532],[27.91774,-26.22529],[27.918,-26.22526],[27.91822,-26.22522],[27.91841,-26.22518],[27.9186,-26.22514],[27.91891,-26.22505],[27.91921,-26.22495],[27.9195,-26.22484],[27.91976,-26.22473],[27.92014,-26.22456],[27.92071,-26.22429],[27.92126,-26.22403],[27.92169,-26.22383],[27.92222,-26.22358],[27.92296,-26.22324],[27.92418,-26.22266],[27.92485,-26.22235],[27.92517,-26.22219],[27.92588,-26.22184]]}},{"type":"Feature","properties":{"id":"way/435208695","name":"Unnamed","network":"PRASA"},"geometry":{"type":"LineString","coordinates":[[27.95122,-26.20827],[27.95123,-26.20824],[27.95125,-26.20821],[27.95145,-26.20775],[27.95157,-26.20755],[27.95178,-26.20711],[27.952,-26.20664],[27.95216,-26.20632],[27.9527,-26.20521],[27.953,-26.20457],[27.95308,-26.2044],[27.95329,-26.20398],[27.95351,-26.20352],[27.95355,-26.20345],[27.95394,-26.20262],[27.95417,-26.20213]]}},{"type":"Feature","properties":{"id":"way/435208702","name":"Unnamed","network":"PRASA"},"geometry":{"type":"LineString","coordinates":[[27.95417,-26.20213],[27.95454,-26.20137]]}},{"type":"Feature","properties":{"id":"way/435208703","name":"Unnamed","network":"PRASA"},"geometry":{"type":"LineString","coordinates":[[27.98187,-26.21792],[27.98158,-26.21786]]}},{"type":"Feature","properties":{"id":"way/435208705","name":"Unnamed","network":"PRASA"},"geometry":{"type":"LineString","coordinates":[[27.98188,-26.21789],[27.9816,-26.21783]]}},{"type":"Feature","properties":{"id":"way/435208709","name":"Unnamed","network":"PRASA"},"geometry":{"type":"LineString","coordinates":[[27.98162,-26.21776],[27.98191,-26.21783]]}},{"type":"Feature","properties":{"id":"way/435208711","name":"Unnamed","network":"PRASA"},"geometry":{"type":"LineString","coordinates":[[27.98158,-26.21786],[27.98154,-26.21785],[27.98053,-26.21762],[27.97945,-26.21738],[27.97839,-26.21713],[27.97708,-26.21683],[27.97663,-26.21673],[27.97578,-26.21654],[27.97496,-26.21635],[27.9741,-26.21615],[27.97325,-26.21596],[27.97171,-26.21561],[27.97025,-26.21527],[27.96881,-26.21494],[27.96711,-26.21456],[27.96517,-26.21411],[27.96385,-26.21381],[27.96321,-26.21366],[27.96279,-26.21356],[27.96239,-26.21346],[27.9621,-26.21337],[27.96186,-26.21329],[27.9616,-26.2132],[27.96132,-26.2131],[27.96104,-26.21299],[27.96026,-26.21266],[27.95857,-26.21193],[27.95821,-26.21178],[27.95786,-26.21165],[27.95749,-26.21151],[27.95714,-26.2114],[27.95667,-26.21127],[27.9555,-26.21095],[27.95481,-26.21076],[27.95412,-26.21057]]}},{"type":"Feature","properties":{"id":"way/435208713","name":"Unnamed","network":"PRASA"},"geometry":{"type":"LineString","coordinates":[[27.95662,-26.21112],[27.95685,-26.21119],[27.95715,-26.21127],[27.95744,-26.21136],[27.95781,-26.21148],[27.95816,-26.21162],[27.95866,-26.21183],[27.95962,-26.21224],[27.95969,-26.21228],[27.96028,-26.21253],[27.9611,-26.21287],[27.96138,-26.21299],[27.96167,-26.2131],[27.9619,-26.21318],[27.96215,-26.21326],[27.96246,-26.21335],[27.96283,-26.21345],[27.96321,-26.21354],[27.9639,-26.21369],[27.9652,-26.21399],[27.96715,-26.21444],[27.96888,-26.21484],[27.97028,-26.21515],[27.97176,-26.21549],[27.9733,-26.21584],[27.97414,-26.21603],[27.975,-26.21623],[27.97579,-26.21641],[27.97668,-26.21661],[27.97724,-26.21674],[27.97842,-26.21701],[27.97951,-26.21726],[27.98056,-26.2175],[27.98162,-26.21776]]}},{"type":"Feature","properties":{"id":"way/435208715","name":"Unnamed","network":"PRASA"},"geometry":{"type":"LineString","coordinates":[[28.00769,-26.22095],[28.00749,-26.22097],[28.00735,-26.22101]]}},{"type":"Feature","properties":{"id":"way/435208716","name":"Unnamed","network":"PRASA"},"geometry":{"type":"LineString","coordinates":[[28.02381,-26.22062],[28.02374,-26.22068],[28.02357,-26.22082],[28.02344,-26.22092],[28.02316,-26.2211]]}},{"type":"Feature","properties":{"id":"way/435208718","name":"Unnamed","network":"PRASA"},"geometry":{"type":"LineString","coordinates":[[28.00734,-26.22093],[28.00748,-26.22091],[28.00767,-26.22088]]}},{"type":"Feature","properties":{"id":"way/435208719","name":"Unnamed","network":"PRASA"},"geometry":{"type":"LineString","coordinates":[[28.0077,-26.221],[28.0075,-26.22102],[28.00736,-26.22105]]}},{"type":"Feature","properties":{"id":"way/435208721","name":"Unnamed","network":"PRASA"},"geometry":{"type":"LineString","coordinates":[[28.00735,-26.22101],[28.00716,-26.22105],[28.00697,-26.2211],[28.00677,-26.22117],[28.00655,-26.22125],[28.00635,-26.22134],[28.00613,-26.22145],[28.00591,-26.22156],[28.00468,-26.22223],[28.00435,-26.22239],[28.00412,-26.2225],[28.00393,-26.22257],[28.0037,-26.22264],[28.00344,-26.22272],[28.00313,-26.22278],[28.00293,-26.22281],[28.00276,-26.22283],[28.00245,-26.22285],[28.00222,-26.22285],[28.00205,-26.22284],[28.00185,-26.22283],[28.00163,-26.2228],[28.00143,-26.22277],[28.0012,-26.22272],[28.00083,-26.22263],[27.9998,-26.22236],[27.99853,-26.22202],[27.99734,-26.22171],[27.99643,-26.22147],[27.99556,-26.22124],[27.99532,-26.22117],[27.99467,-26.22099],[27.99381,-26.22076],[27.99312,-26.22058],[27.99253,-26.22043],[27.99142,-26.22014],[27.99047,-26.21989],[27.99001,-26.21976],[27.98953,-26.21964],[27.98924,-26.21957],[27.98841,-26.21938],[27.98779,-26.21924],[27.98772,-26.21922],[27.98624,-26.21888],[27.98453,-26.2185],[27.98188,-26.21789]]}},{"type":"Feature","properties":{"id":"way/435208723","name":"Unnamed","network":"PRASA"},"geometry":{"type":"LineString","coordinates":[[27.98191,-26.21783],[27.98455,-26.21843],[27.98626,-26.21882],[27.98753,-26.21911],[27.98844,-26.21932],[27.98927,-26.2195],[27.98955,-26.21957],[27.98999,-26.21967],[27.99051,-26.2198],[27.99145,-26.22005],[27.99255,-26.22034],[27.99384,-26.22068],[27.99559,-26.22114],[27.99646,-26.22137],[27.99716,-26.22155],[27.99847,-26.2219],[27.99982,-26.22225],[28.00038,-26.2224],[28.001,-26.22257],[28.00123,-26.22262],[28.00142,-26.22266],[28.00162,-26.22269],[28.00181,-26.22272],[28.00206,-26.22274],[28.00226,-26.22275],[28.00246,-26.22274],[28.00273,-26.22272],[28.00296,-26.2227],[28.00316,-26.22267],[28.00337,-26.22262],[28.00364,-26.22255],[28.00393,-26.22246],[28.00424,-26.22233],[28.00462,-26.22214],[28.0053,-26.22177],[28.00585,-26.22148],[28.00606,-26.22137],[28.00626,-26.22128],[28.0065,-26.22118],[28.0067,-26.2211],[28.00688,-26.22105],[28.00703,-26.221],[28.00734,-26.22093]]}},{"type":"Feature","properties":{"id":"way/435208724","name":"Unnamed","network":"PRASA"},"geometry":{"type":"LineString","coordinates":[[27.9816,-26.21783],[27.98093,-26.21767],[27.98085,-26.21765],[27.97947,-26.21734],[27.9784,-26.2171],[27.97714,-26.21681],[27.97664,-26.2167],[27.97578,-26.2165],[27.97497,-26.21631],[27.97411,-26.21612],[27.97326,-26.21592],[27.97173,-26.21558],[27.97026,-26.21524],[27.96883,-26.21492],[27.96712,-26.21452],[27.96518,-26.21408],[27.96386,-26.21378],[27.9632,-26.21363],[27.96279,-26.21353],[27.96241,-26.21343],[27.96211,-26.21334],[27.96187,-26.21327],[27.96161,-26.21317],[27.96134,-26.21307],[27.96106,-26.21296],[27.96009,-26.21254],[27.95858,-26.2119],[27.95819,-26.21174],[27.95786,-26.2116],[27.95748,-26.21147],[27.95715,-26.21137],[27.95669,-26.21123],[27.95461,-26.21067],[27.95438,-26.2106],[27.95415,-26.21054],[27.95397,-26.2105],[27.9538,-26.21046],[27.95364,-26.21043],[27.95346,-26.21041],[27.95329,-26.2104],[27.9531,-26.2104],[27.95289,-26.21042],[27.95271,-26.21044],[27.95253,-26.21047],[27.95233,-26.21052]]}},{"type":"Feature","properties":{"id":"way/435208725","name":"Unnamed","network":"PRASA"},"geometry":{"type":"LineString","coordinates":[[28.00736,-26.22105],[28.00721,-26.22109],[28.00705,-26.22113],[28.00679,-26.22121],[28.00656,-26.22129],[28.00636,-26.22138],[28.00614,-26.22148],[28.00593,-26.2216],[28.00469,-26.22226],[28.00437,-26.22242],[28.00421,-26.22249],[28.00404,-26.22256],[28.00386,-26.22263],[28.00367,-26.22269],[28.00353,-26.22273],[28.00331,-26.22278],[28.0031,-26.22282],[28.0029,-26.22285],[28.00277,-26.22286],[28.00255,-26.22288],[28.00238,-26.22288],[28.00218,-26.22288],[28.00196,-26.22287],[28.00179,-26.22286],[28.00163,-26.22284],[28.00141,-26.2228],[28.00118,-26.22275],[28.0008,-26.22265],[28.00027,-26.22251],[27.9998,-26.22239],[27.99911,-26.22221],[27.99851,-26.22205],[27.99787,-26.22188],[27.99732,-26.22174],[27.99642,-26.22151],[27.99555,-26.22128],[27.99379,-26.22081],[27.99308,-26.22062],[27.9925,-26.22047],[27.99183,-26.2203],[27.99141,-26.22019],[27.991,-26.22008],[27.99018,-26.21986],[27.98958,-26.21971],[27.98921,-26.21961],[27.9888,-26.21951],[27.988,-26.21933],[27.98751,-26.21921],[27.98708,-26.21911],[27.987,-26.21909],[27.98622,-26.21892],[27.98452,-26.21853],[27.98398,-26.21841],[27.98365,-26.21833],[27.98291,-26.21816],[27.98237,-26.21804],[27.98196,-26.21795],[27.98187,-26.21792]]}},{"type":"Feature","properties":{"id":"way/435208727","name":"Unnamed","network":"PRASA"},"geometry":{"type":"LineString","coordinates":[[27.94894,-26.21216],[27.94913,-26.21202],[27.94926,-26.21191],[27.94938,-26.2118],[27.9495,-26.21167],[27.9496,-26.21155]]}},{"type":"Feature","properties":{"id":"way/435208730","name":"Unnamed","network":"PRASA"},"geometry":{"type":"LineString","coordinates":[[28.02472,-26.21929],[28.02465,-26.21944],[28.02456,-26.21963],[28.02451,-26.21973],[28.02443,-26.21986],[28.02434,-26.22],[28.02422,-26.22017],[28.0241,-26.2203],[28.02397,-26.22045],[28.02381,-26.22062]]}},{"type":"Feature","properties":{"id":"way/435208732","name":"Unnamed","network":"PRASA"},"geometry":{"type":"LineString","coordinates":[[27.94447,-26.21391],[27.94502,-26.21373],[27.94564,-26.21351],[27.9461,-26.21335],[27.94644,-26.21323],[27.94697,-26.21305],[27.9472,-26.21296],[27.94722,-26.21296],[27.94769,-26.21279],[27.94795,-26.2127],[27.94818,-26.21261],[27.94835,-26.21253],[27.94853,-26.21243],[27.94874,-26.2123],[27.94885,-26.21223],[27.94894,-26.21216]]}},{"type":"Feature","properties":{"id":"way/435221302","name":"Unnamed","network":"PRASA"},"geometry":{"type":"LineString","coordinates":[[28.04219,-26.19813],[28.04389,-26.19794],[28.04437,-26.19789],[28.04563,-26.19782]]}},{"type":"Feature","properties":{"id":"way/435221318","name":"Unnamed","network":"PRASA"},"geometry":{"type":"LineString","coordinates":[[28.04267,-26.19791],[28.04308,-26.19787],[28.04388,-26.19779],[28.04448,-26.19774],[28.04572,-26.1977]]}},{"type":"Feature","properties":{"id":"way/435271628","name":"Unnamed","network":"PRASA"},"geometry":{"type":"LineString","coordinates":[[28.0567,-26.1975],[28.05642,-26.19744]]}},{"type":"Feature","properties":{"id":"way/435271629","name":"Unnamed","network":"PRASA"},"geometry":{"type":"LineString","coordinates":[[28.01889,-26.19973],[28.01892,-26.19955]]}},{"type":"Feature","properties":{"id":"way/435271631","name":"Unnamed","network":"PRASA"},"geometry":{"type":"LineString","coordinates":[[28.05763,-26.19785],[28.05752,-26.1978],[28.05742,-26.19775]]}},{"type":"Feature","properties":{"id":"way/435271632","name":"Unnamed","network":"PRASA"},"geometry":{"type":"LineString","coordinates":[[28.05645,-26.19733],[28.05673,-26.19739]]}},{"type":"Feature","properties":{"id":"way/435271634","name":"Unnamed","network":"PRASA"},"geometry":{"type":"LineString","coordinates":[[28.05745,-26.19764],[28.05757,-26.19768],[28.05769,-26.19774]]}},{"type":"Feature","properties":{"id":"way/435271636","name":"Unnamed","network":"PRASA"},"geometry":{"type":"LineString","coordinates":[[28.05671,-26.19747],[28.05644,-26.1974]]}},{"type":"Feature","properties":{"id":"way/435271638","name":"Unnamed","network":"PRASA"},"geometry":{"type":"LineString","coordinates":[[28.04263,-26.19758],[28.04312,-26.19754],[28.04379,-26.1975],[28.04427,-26.19753],[28.04548,-26.19764]]}},{"type":"Feature","properties":{"id":"way/435271639","name":"Unnamed","network":"PRASA"},"geometry":{"type":"LineString","coordinates":[[28.05766,-26.19782],[28.05754,-26.19776],[28.05743,-26.19771]]}},{"type":"Feature","properties":{"id":"way/435271642","name":"Unnamed","network":"PRASA"},"geometry":{"type":"LineString","coordinates":[[28.05205,-26.19726],[28.05185,-26.19726],[28.05115,-26.19728],[28.05071,-26.19731],[28.05032,-26.19734],[28.04968,-26.1974],[28.04908,-26.19746],[28.0485,-26.19752],[28.04835,-26.19753]]}},{"type":"Feature","properties":{"id":"way/435271643","name":"Unnamed","network":"PRASA"},"geometry":{"type":"LineString","coordinates":[[28.05253,-26.19729],[28.05204,-26.1973],[28.05185,-26.1973],[28.05115,-26.19731],[28.05072,-26.19734],[28.05032,-26.19737],[28.05001,-26.19741],[28.04964,-26.19744],[28.04909,-26.1975],[28.0488,-26.19753],[28.04851,-26.19756],[28.04817,-26.1976],[28.04714,-26.19771],[28.04619,-26.19781]]}},{"type":"Feature","properties":{"id":"way/435271647","name":"Unnamed","network":"PRASA"},"geometry":{"type":"LineString","coordinates":[[28.01892,-26.19955],[28.01894,-26.19944],[28.01899,-26.19932],[28.01904,-26.1992],[28.01908,-26.19913],[28.01915,-26.19902],[28.01924,-26.19888],[28.01934,-26.19876],[28.01948,-26.19862],[28.01962,-26.19851],[28.01976,-26.19841],[28.01992,-26.19832],[28.02009,-26.19825],[28.02024,-26.19819],[28.02042,-26.19815],[28.0206,-26.19812],[28.02102,-26.19807],[28.02216,-26.19794],[28.02351,-26.19779],[28.024,-26.19773],[28.02506,-26.19761],[28.02571,-26.19753],[28.02606,-26.19747],[28.02752,-26.19728],[28.02835,-26.19719],[28.02874,-26.19716],[28.02926,-26.19713],[28.02992,-26.19712],[28.03049,-26.19713],[28.03282,-26.19726],[28.03563,-26.19743],[28.03581,-26.19744],[28.03592,-26.19744],[28.03626,-26.19746],[28.03641,-26.19747],[28.03654,-26.19748],[28.03713,-26.19751],[28.03739,-26.19754],[28.03767,-26.19758],[28.03788,-26.19763]]}},{"type":"Feature","properties":{"id":"way/435271648","name":"Unnamed","network":"PRASA"},"geometry":{"type":"LineString","coordinates":[[28.0476,-26.19752],[28.04777,-26.1975],[28.0482,-26.19746],[28.0485,-26.19742],[28.04906,-26.19736],[28.04966,-26.19731],[28.0503,-26.19726],[28.05071,-26.19722],[28.05115,-26.1972],[28.05184,-26.19718],[28.05233,-26.19718],[28.05282,-26.19717],[28.05339,-26.19713],[28.05405,-26.19711],[28.05472,-26.1971],[28.05521,-26.19712],[28.05544,-26.19715],[28.05564,-26.19717],[28.05592,-26.19722],[28.05617,-26.19726],[28.05645,-26.19733]]}},{"type":"Feature","properties":{"id":"way/435271651","name":"Unnamed","network":"PRASA"},"geometry":{"type":"LineString","coordinates":[[28.05742,-26.19775],[28.05709,-26.19762],[28.05688,-26.19755],[28.0567,-26.1975]]}},{"type":"Feature","properties":{"id":"way/435271652","name":"Unnamed","network":"PRASA"},"geometry":{"type":"LineString","coordinates":[[28.05743,-26.19771],[28.05711,-26.19759],[28.05689,-26.19752],[28.05671,-26.19747]]}},{"type":"Feature","properties":{"id":"way/435271654","name":"Unnamed","network":"PRASA"},"geometry":{"type":"LineString","coordinates":[[28.05673,-26.19739],[28.05692,-26.19745],[28.05714,-26.19752],[28.05745,-26.19764]]}},{"type":"Feature","properties":{"id":"way/435271657","name":"Unnamed","network":"PRASA"},"geometry":{"type":"LineString","coordinates":[[28.07781,-26.20871],[28.07719,-26.20894],[28.07706,-26.20898],[28.07679,-26.20907],[28.07652,-26.20915],[28.0762,-26.20924],[28.07586,-26.20931],[28.07552,-26.20937],[28.07519,-26.20942],[28.07486,-26.20945],[28.07457,-26.20946],[28.07422,-26.20947],[28.07393,-26.20947],[28.07369,-26.20945],[28.07351,-26.20943],[28.07328,-26.2094],[28.07304,-26.20936],[28.07279,-26.2093],[28.07254,-26.20922],[28.07235,-26.20916],[28.07175,-26.20898],[28.0714,-26.20886],[28.07109,-26.20875],[28.07083,-26.20865],[28.0705,-26.2085],[28.07023,-26.20838],[28.0699,-26.20821],[28.06851,-26.20742],[28.06788,-26.20705],[28.0654,-26.20563],[28.06505,-26.20542],[28.06477,-26.20525],[28.06456,-26.20512],[28.06438,-26.20497],[28.06418,-26.20481],[28.06263,-26.20336],[28.06245,-26.20317],[28.06233,-26.20305],[28.0622,-26.2029],[28.06192,-26.20253],[28.06174,-26.2023],[28.0616,-26.20211],[28.0612,-26.20158],[28.06096,-26.20124],[28.06084,-26.20108],[28.06068,-26.20086],[28.0605,-26.20063],[28.06034,-26.20043],[28.06023,-26.2003],[28.06009,-26.20014],[28.06002,-26.20008],[28.05894,-26.19893],[28.05854,-26.19852],[28.05844,-26.19842],[28.05835,-26.19834],[28.05826,-26.19826],[28.05811,-26.19815],[28.05791,-26.19801],[28.05763,-26.19785]]}},{"type":"Feature","properties":{"id":"way/435288790","name":"Unnamed","network":"PRASA"},"geometry":{"type":"LineString","coordinates":[[28.02316,-26.2211],[28.02289,-26.22125],[28.02263,-26.22137],[28.02236,-26.22147],[28.02204,-26.22158],[28.02163,-26.22171],[28.02125,-26.22181],[28.02091,-26.22188],[28.02048,-26.22194],[28.02027,-26.22197],[28.01997,-26.22202],[28.01967,-26.22207]]}},{"type":"Feature","properties":{"id":"way/435288791","name":"Unnamed","network":"PRASA"},"geometry":{"type":"LineString","coordinates":[[28.01971,-26.22194],[28.01996,-26.22188],[28.02072,-26.22167],[28.02162,-26.22139],[28.02251,-26.22112],[28.02337,-26.22087]]}},{"type":"Feature","properties":{"id":"way/435288795","name":"Unnamed","network":"PRASA"},"geometry":{"type":"LineString","coordinates":[[28.02851,-26.22035],[28.02886,-26.22041]]}},{"type":"Feature","properties":{"id":"way/435288796","name":"Unnamed","network":"PRASA"},"geometry":{"type":"LineString","coordinates":[[28.02498,-26.22042],[28.0254,-26.22035]]}},{"type":"Feature","properties":{"id":"way/435288797","name":"Unnamed","network":"PRASA"},"geometry":{"type":"LineString","coordinates":[[28.02541,-26.22042],[28.025,-26.22049]]}},{"type":"Feature","properties":{"id":"way/435288798","name":"Unnamed","network":"PRASA"},"geometry":{"type":"LineString","coordinates":[[28.02541,-26.22046],[28.025,-26.22053]]}},{"type":"Feature","properties":{"id":"way/435288802","name":"Unnamed","network":"PRASA"},"geometry":{"type":"LineString","coordinates":[[28.02884,-26.22052],[28.02849,-26.22046]]}},{"type":"Feature","properties":{"id":"way/435288804","name":"Unnamed","network":"PRASA"},"geometry":{"type":"LineString","coordinates":[[28.02884,-26.22048],[28.02851,-26.22042]]}},{"type":"Feature","properties":{"id":"way/435288806","name":"Unnamed","network":"PRASA"},"geometry":{"type":"LineString","coordinates":[[28.04389,-26.21764],[28.04394,-26.21776],[28.044,-26.21788],[28.04407,-26.21799],[28.04415,-26.21809],[28.04492,-26.21902],[28.04501,-26.21914],[28.04546,-26.21965],[28.0459,-26.22018],[28.04601,-26.2203],[28.04609,-26.22042],[28.04616,-26.22052],[28.04621,-26.2206],[28.04626,-26.2207],[28.0463,-26.2208],[28.04633,-26.22087],[28.04635,-26.22096],[28.04638,-26.22109],[28.0464,-26.22121],[28.04641,-26.22134],[28.04641,-26.22207],[28.04641,-26.22282],[28.04641,-26.22356],[28.04641,-26.22461],[28.0464,-26.22535],[28.04639,-26.22562],[28.04637,-26.22581],[28.04633,-26.22594],[28.04629,-26.22605],[28.04623,-26.22615],[28.04614,-26.22629],[28.04602,-26.22644],[28.04594,-26.22652],[28.04585,-26.22659],[28.04576,-26.22665],[28.04568,-26.22669],[28.04561,-26.22672],[28.04549,-26.22676],[28.04535,-26.2268],[28.0452,-26.22683],[28.04509,-26.22684],[28.04494,-26.22683],[28.04477,-26.22683],[28.04462,-26.22681],[28.0445,-26.2268],[28.04437,-26.22677],[28.04402,-26.22668]]}},{"type":"Feature","properties":{"id":"way/435288807","name":"Unnamed","network":"PRASA"},"geometry":{"type":"LineString","coordinates":[[28.04447,-26.21195],[28.04445,-26.21211],[28.04444,-26.21223],[28.04442,-26.21234]]}},{"type":"Feature","properties":{"id":"way/435288811","name":"Unnamed","network":"PRASA"},"geometry":{"type":"LineString","coordinates":[[28.02849,-26.22046],[28.02821,-26.22042],[28.02794,-26.22039],[28.02763,-26.22037],[28.02741,-26.22035],[28.02715,-26.22034],[28.02681,-26.22034],[28.02652,-26.22035],[28.0261,-26.22038],[28.02572,-26.22042],[28.02541,-26.22046]]}},{"type":"Feature","properties":{"id":"way/435288813","name":"Unnamed","network":"PRASA"},"geometry":{"type":"LineString","coordinates":[[28.02851,-26.22042],[28.02823,-26.22039],[28.02797,-26.22035],[28.02774,-26.22033],[28.02748,-26.22032],[28.02721,-26.22031],[28.02681,-26.2203],[28.02656,-26.22031],[28.02638,-26.22032],[28.0261,-26.22034],[28.02571,-26.22038],[28.02541,-26.22042]]}},{"type":"Feature","properties":{"id":"way/435288815","name":"Unnamed","network":"PRASA"},"geometry":{"type":"LineString","coordinates":[[28.0254,-26.22035],[28.0257,-26.22031],[28.02609,-26.22027],[28.02643,-26.22024],[28.0267,-26.22023],[28.027,-26.22023],[28.02727,-26.22023],[28.02758,-26.22025],[28.02785,-26.22027],[28.02817,-26.2203],[28.02851,-26.22035]]}},{"type":"Feature","properties":{"id":"way/435288816","name":"Unnamed","network":"PRASA"},"geometry":{"type":"LineString","coordinates":[[28.025,-26.22049],[28.02472,-26.22056],[28.02445,-26.22062],[28.02415,-26.22071],[28.02376,-26.22083],[28.02354,-26.22089]]}},{"type":"Feature","properties":{"id":"way/435288817","name":"Unnamed","network":"PRASA"},"geometry":{"type":"LineString","coordinates":[[28.025,-26.22053],[28.02488,-26.22056],[28.02476,-26.22059],[28.02448,-26.22066],[28.02418,-26.22074],[28.0239,-26.22083],[28.02355,-26.22093]]}},{"type":"Feature","properties":{"id":"way/435299242","name":"Unnamed","network":"PRASA"},"geometry":{"type":"LineString","coordinates":[[28.15992,-26.21112],[28.15974,-26.21136]]}},{"type":"Feature","properties":{"id":"way/435299245","name":"Unnamed","network":"PRASA"},"geometry":{"type":"LineString","coordinates":[[28.1596,-26.21122],[28.15984,-26.21098]]}},{"type":"Feature","properties":{"id":"way/435299247","name":"Unnamed","network":"PRASA"},"geometry":{"type":"LineString","coordinates":[[28.161,-26.2097],[28.16077,-26.20998]]}},{"type":"Feature","properties":{"id":"way/435299249","name":"Unnamed","network":"PRASA"},"geometry":{"type":"LineString","coordinates":[[28.16046,-26.2104],[28.16029,-26.21064]]}},{"type":"Feature","properties":{"id":"way/435299251","name":"Unnamed","network":"PRASA"},"geometry":{"type":"LineString","coordinates":[[28.1608,-26.21],[28.16103,-26.20973]]}},{"type":"Feature","properties":{"id":"way/435299261","name":"Unnamed","network":"PRASA"},"geometry":{"type":"LineString","coordinates":[[28.16069,-26.20984],[28.16089,-26.2096]]}},{"type":"Feature","properties":{"id":"way/435299263","name":"Unnamed","network":"PRASA"},"geometry":{"type":"LineString","coordinates":[[28.1602,-26.2105],[28.16034,-26.2103]]}},{"type":"Feature","properties":{"id":"way/435299264","name":"Unnamed","network":"PRASA"},"geometry":{"type":"LineString","coordinates":[[28.16098,-26.20968],[28.16075,-26.20995]]}},{"type":"Feature","properties":{"id":"way/435299268","name":"Unnamed","network":"PRASA"},"geometry":{"type":"LineString","coordinates":[[28.16031,-26.21067],[28.16048,-26.21044]]}},{"type":"Feature","properties":{"id":"way/435299274","name":"Unnamed","network":"PRASA"},"geometry":{"type":"LineString","coordinates":[[28.16043,-26.21038],[28.16029,-26.21058]]}},{"type":"Feature","properties":{"id":"way/435299277","name":"Unnamed","network":"PRASA"},"geometry":{"type":"LineString","coordinates":[[28.16392,-26.20918],[28.16344,-26.20906],[28.16317,-26.209],[28.16308,-26.20898],[28.16293,-26.20897],[28.16273,-26.20896],[28.16259,-26.20897],[28.1624,-26.20898],[28.16226,-26.209],[28.16213,-26.20903],[28.16197,-26.20908],[28.16177,-26.20916],[28.1616,-26.20924],[28.16147,-26.20932],[28.16136,-26.20939],[28.16123,-26.20949],[28.16113,-26.20958],[28.161,-26.2097]]}},{"type":"Feature","properties":{"id":"way/435299281","name":"Unnamed","network":"PRASA"},"geometry":{"type":"LineString","coordinates":[[28.16471,-26.20933],[28.16434,-26.20924],[28.16388,-26.20912],[28.16368,-26.20908],[28.16348,-26.20902],[28.16324,-26.20897],[28.16311,-26.20895],[28.16304,-26.20894],[28.16296,-26.20893],[28.16284,-26.20892],[28.16261,-26.20892],[28.16238,-26.20895],[28.16223,-26.20898],[28.16206,-26.20902],[28.16192,-26.20906],[28.16175,-26.20913],[28.1615,-26.20925],[28.16129,-26.2094],[28.16105,-26.2096],[28.16102,-26.20963],[28.16098,-26.20968]]}},{"type":"Feature","properties":{"id":"way/435299286","name":"Unnamed","network":"PRASA"},"geometry":{"type":"LineString","coordinates":[[28.16103,-26.20973],[28.16117,-26.2096],[28.16128,-26.2095],[28.1614,-26.20941],[28.16151,-26.20934],[28.16163,-26.20926],[28.16179,-26.20919],[28.16192,-26.20914],[28.16205,-26.20909],[28.16217,-26.20906],[28.16231,-26.20903],[28.16248,-26.20901],[28.16259,-26.209],[28.16276,-26.209],[28.16291,-26.209],[28.16307,-26.20902],[28.16324,-26.20905],[28.16344,-26.20909]]}},{"type":"Feature","properties":{"id":"way/435299288","name":"Unnamed","network":"PRASA"},"geometry":{"type":"LineString","coordinates":[[28.16075,-26.20995],[28.16068,-26.21002],[28.16044,-26.21036],[28.16043,-26.21038]]}},{"type":"Feature","properties":{"id":"way/435299289","name":"Unnamed","network":"PRASA"},"geometry":{"type":"LineString","coordinates":[[28.16029,-26.21064],[28.16019,-26.21078],[28.1601,-26.21092],[28.16,-26.21107]]}},{"type":"Feature","properties":{"id":"way/435299290","name":"Unnamed","network":"PRASA"},"geometry":{"type":"LineString","coordinates":[[28.15984,-26.21098],[28.15992,-26.21088],[28.15998,-26.21081],[28.16008,-26.21067],[28.1602,-26.2105]]}},{"type":"Feature","properties":{"id":"way/435299291","name":"Unnamed","network":"PRASA"},"geometry":{"type":"LineString","coordinates":[[28.16077,-26.20998],[28.16071,-26.21005],[28.16061,-26.21019],[28.16054,-26.21029],[28.16046,-26.2104]]}},{"type":"Feature","properties":{"id":"way/435299292","name":"Unnamed","network":"PRASA"},"geometry":{"type":"LineString","coordinates":[[28.16034,-26.2103],[28.16048,-26.2101],[28.16058,-26.20997],[28.16063,-26.20991],[28.16069,-26.20984]]}},{"type":"Feature","properties":{"id":"way/435299294","name":"Unnamed","network":"PRASA"},"geometry":{"type":"LineString","coordinates":[[28.16048,-26.21044],[28.16065,-26.2102],[28.16079,-26.21002],[28.1608,-26.21]]}},{"type":"Feature","properties":{"id":"way/435299297","name":"Unnamed","network":"PRASA"},"geometry":{"type":"LineString","coordinates":[[28.16005,-26.21107],[28.16012,-26.21095],[28.1602,-26.21084],[28.16031,-26.21067]]}},{"type":"Feature","properties":{"id":"way/435299298","name":"Unnamed","network":"PRASA"},"geometry":{"type":"LineString","coordinates":[[28.16029,-26.21058],[28.16027,-26.2106],[28.16012,-26.21081],[28.16004,-26.21094],[28.15998,-26.21102],[28.15992,-26.21112]]}},{"type":"Feature","properties":{"id":"way/435299300","name":"Unnamed","network":"PRASA"},"geometry":{"type":"LineString","coordinates":[[28.16,-26.21107],[28.15993,-26.21118],[28.15985,-26.21131],[28.1598,-26.21141]]}},{"type":"Feature","properties":{"id":"way/435299313","name":"Unnamed","network":"PRASA"},"geometry":{"type":"LineString","coordinates":[[28.15982,-26.21148],[28.15987,-26.21139],[28.15994,-26.21126],[28.16005,-26.21107]]}},{"type":"Feature","properties":{"id":"way/435299326","name":"Unnamed","network":"PRASA"},"geometry":{"type":"LineString","coordinates":[[28.16089,-26.2096],[28.16101,-26.20948],[28.16116,-26.20935],[28.16122,-26.2093],[28.16131,-26.20925],[28.16144,-26.20917],[28.16157,-26.20909],[28.16167,-26.20904],[28.16181,-26.20899],[28.16194,-26.20894],[28.16207,-26.2089],[28.16218,-26.20887],[28.16235,-26.20884],[28.16249,-26.20881],[28.16264,-26.2088],[28.16277,-26.2088],[28.16286,-26.2088],[28.16299,-26.20881],[28.16313,-26.20882],[28.16335,-26.20885],[28.16396,-26.20896],[28.16408,-26.20898],[28.1644,-26.20904],[28.16464,-26.20908],[28.16568,-26.20926],[28.16613,-26.20933],[28.16634,-26.20937],[28.16658,-26.20941],[28.16689,-26.20948],[28.16762,-26.20966],[28.16799,-26.20975],[28.16924,-26.21007],[28.1701,-26.21028],[28.17059,-26.21041],[28.17155,-26.21065],[28.1723,-26.21084],[28.17257,-26.2109],[28.17259,-26.2109],[28.17299,-26.21101],[28.17317,-26.21105],[28.17346,-26.21113],[28.17376,-26.2112],[28.17409,-26.21128],[28.17428,-26.21131],[28.17448,-26.21134]]}},{"type":"Feature","properties":{"id":"way/435304233","name":"Unnamed","network":"PRASA"},"geometry":{"type":"LineString","coordinates":[[28.18708,-26.2081],[28.18716,-26.208],[28.18747,-26.20758],[28.18774,-26.20722],[28.18777,-26.20718],[28.18807,-26.20677],[28.18839,-26.20635],[28.18857,-26.20614],[28.18875,-26.20595],[28.18895,-26.20577],[28.18916,-26.20559],[28.18936,-26.20544],[28.18966,-26.20525],[28.1899,-26.20512],[28.19018,-26.20499],[28.19044,-26.20489],[28.19076,-26.20478],[28.19108,-26.2047],[28.19141,-26.20463],[28.19164,-26.2046],[28.19191,-26.20457],[28.19217,-26.20457],[28.19244,-26.20457],[28.19275,-26.20458],[28.19303,-26.20461],[28.19324,-26.20463],[28.19348,-26.20468],[28.19372,-26.20472],[28.19397,-26.20478],[28.19429,-26.20487],[28.19467,-26.20501],[28.19515,-26.20518],[28.19611,-26.20552],[28.19674,-26.20574],[28.19715,-26.20589],[28.19733,-26.20595],[28.19755,-26.20603],[28.19795,-26.20615],[28.19889,-26.20639],[28.19945,-26.20651],[28.19975,-26.20656],[28.20013,-26.20659],[28.20091,-26.2066],[28.20126,-26.20659],[28.20174,-26.20654],[28.20211,-26.20649],[28.20251,-26.20642],[28.20296,-26.20632],[28.20328,-26.20624],[28.20432,-26.20595],[28.20611,-26.20546],[28.20742,-26.20509],[28.2093,-26.20457],[28.20994,-26.20439],[28.21017,-26.20434],[28.21031,-26.20431],[28.21052,-26.20428],[28.21068,-26.20427],[28.21091,-26.20426],[28.21115,-26.20427],[28.21136,-26.2043],[28.21156,-26.20433],[28.21173,-26.20437],[28.21189,-26.20442],[28.21204,-26.20447],[28.21217,-26.20452],[28.21236,-26.20462],[28.21257,-26.20475],[28.21289,-26.20497],[28.21366,-26.20551],[28.21457,-26.20618],[28.21498,-26.20648],[28.21557,-26.20688],[28.21588,-26.20712],[28.22,-26.21008],[28.22585,-26.21428],[28.22732,-26.21533],[28.22758,-26.21552],[28.228,-26.21583],[28.22849,-26.21617],[28.22858,-26.21624],[28.22908,-26.2166],[28.22962,-26.21699],[28.22982,-26.21712],[28.23005,-26.21727],[28.23043,-26.21749],[28.23078,-26.21769],[28.23114,-26.21786],[28.23145,-26.218],[28.23179,-26.21814],[28.23206,-26.21825],[28.23248,-26.21841],[28.23288,-26.21854],[28.23311,-26.2186],[28.23332,-26.21866],[28.2337,-26.21875],[28.23401,-26.21882],[28.23436,-26.21888],[28.23456,-26.21891],[28.2348,-26.21894],[28.23499,-26.21896],[28.2355,-26.21901],[28.23552,-26.21901]]}},{"type":"Feature","properties":{"id":"way/435304237","name":"Unnamed","network":"PRASA"},"geometry":{"type":"LineString","coordinates":[[28.18606,-26.20856],[28.18595,-26.20868]]}},{"type":"Feature","properties":{"id":"way/435304242","name":"Unnamed","network":"PRASA"},"geometry":{"type":"LineString","coordinates":[[28.18645,-26.20901],[28.18637,-26.20912]]}},{"type":"Feature","properties":{"id":"way/435304244","name":"Unnamed","network":"PRASA"},"geometry":{"type":"LineString","coordinates":[[28.18633,-26.20911],[28.18642,-26.20899]]}},{"type":"Feature","properties":{"id":"way/435304245","name":"Unnamed","network":"PRASA"},"geometry":{"type":"LineString","coordinates":[[28.18595,-26.20868],[28.18592,-26.20871],[28.18542,-26.20927],[28.18528,-26.20941],[28.18515,-26.20954],[28.18498,-26.20969],[28.18474,-26.20988],[28.18457,-26.21001],[28.18436,-26.21014],[28.18411,-26.21029],[28.18177,-26.21153],[28.18158,-26.21162],[28.18137,-26.21172],[28.1812,-26.21178],[28.18093,-26.21186],[28.1807,-26.21192],[28.18043,-26.21197],[28.18014,-26.212],[28.17984,-26.212],[28.17949,-26.21198],[28.17875,-26.21188],[28.17737,-26.21169],[28.17688,-26.21162],[28.17672,-26.2116],[28.17598,-26.2115],[28.17452,-26.2113]]}},{"type":"Feature","properties":{"id":"way/435304246","name":"Unnamed","network":"PRASA"},"geometry":{"type":"LineString","coordinates":[[28.17497,-26.2114],[28.176,-26.21155],[28.17757,-26.21176],[28.17875,-26.21192],[28.17949,-26.21201],[28.17983,-26.21204],[28.18014,-26.21203],[28.18044,-26.212],[28.18071,-26.21195],[28.18095,-26.2119],[28.18123,-26.21181],[28.18159,-26.21168],[28.18183,-26.21159],[28.18214,-26.21147],[28.18324,-26.21107],[28.18464,-26.21054],[28.18495,-26.21041],[28.18522,-26.21027],[28.18549,-26.21008],[28.18572,-26.20988],[28.1859,-26.20968],[28.18605,-26.20949],[28.18633,-26.20911]]}},{"type":"Feature","properties":{"id":"way/435304247","name":"Unnamed","network":"PRASA"},"geometry":{"type":"LineString","coordinates":[[28.18637,-26.20912],[28.18607,-26.20952],[28.18593,-26.20971],[28.18578,-26.20987],[28.18568,-26.20998],[28.18554,-26.2101],[28.18543,-26.21018],[28.18531,-26.21026],[28.18513,-26.21037],[28.18492,-26.21048],[28.1847,-26.21057],[28.18455,-26.21062],[28.18412,-26.21078],[28.18326,-26.2111],[28.18214,-26.21151],[28.18184,-26.21162],[28.18161,-26.21171],[28.18125,-26.21184],[28.18096,-26.21193],[28.18072,-26.21199],[28.18044,-26.21204],[28.18015,-26.21207],[28.17982,-26.21207],[28.17949,-26.21205],[28.17849,-26.21192],[28.17725,-26.21175],[28.17599,-26.21158],[28.17447,-26.21137],[28.17431,-26.21135],[28.1741,-26.21132],[28.17401,-26.21132],[28.17356,-26.21126]]}},{"type":"Feature","properties":{"id":"way/435304250","name":"Unnamed","network":"PRASA"},"geometry":{"type":"LineString","coordinates":[[28.18567,-26.21487],[28.18658,-26.21582],[28.1873,-26.21658],[28.18822,-26.21754],[28.18862,-26.21796],[28.18895,-26.21832],[28.18941,-26.2188],[28.1895,-26.21889],[28.18984,-26.21925],[28.19017,-26.2196],[28.1904,-26.21986],[28.1906,-26.22011],[28.19079,-26.22037],[28.19089,-26.22052],[28.191,-26.22069],[28.19111,-26.22086],[28.19126,-26.22113],[28.19141,-26.22141],[28.19153,-26.22169],[28.19167,-26.22203],[28.19181,-26.22242],[28.19201,-26.22317],[28.19222,-26.22396],[28.19266,-26.22564],[28.19268,-26.22574],[28.19354,-26.22908],[28.1937,-26.22973]]}},{"type":"Feature","properties":{"id":"way/435328984","name":"Unnamed","network":"PRASA"},"geometry":{"type":"LineString","coordinates":[[28.16394,-26.22547],[28.16406,-26.22576],[28.1648,-26.22756],[28.16495,-26.22789],[28.16555,-26.22945],[28.16564,-26.22969],[28.16575,-26.22994],[28.16585,-26.23015],[28.16594,-26.23034],[28.16609,-26.23059],[28.16617,-26.23071],[28.1663,-26.23089],[28.16647,-26.23111],[28.1666,-26.23125],[28.16672,-26.23137],[28.16684,-26.23148],[28.16698,-26.23161],[28.16713,-26.23173],[28.16735,-26.23187],[28.16753,-26.23198],[28.1677,-26.23206],[28.16803,-26.23221],[28.16816,-26.23226],[28.16829,-26.2323],[28.16845,-26.23234],[28.16861,-26.23238],[28.16885,-26.23243],[28.16913,-26.23249],[28.17047,-26.23274],[28.17183,-26.233],[28.17253,-26.23313],[28.17313,-26.23326],[28.174,-26.23342],[28.17602,-26.23379],[28.17729,-26.23402],[28.18197,-26.2349],[28.18287,-26.23508],[28.18378,-26.23525],[28.18478,-26.23544],[28.18522,-26.23553],[28.18561,-26.23561],[28.18598,-26.2357],[28.1863,-26.23578],[28.18656,-26.23584],[28.1868,-26.23589],[28.18714,-26.23596],[28.18746,-26.23602],[28.18832,-26.23618],[28.18908,-26.23632],[28.18945,-26.23639],[28.18968,-26.23643],[28.18992,-26.23645],[28.19012,-26.23646],[28.19031,-26.23646],[28.19045,-26.23646]]}},{"type":"Feature","properties":{"id":"way/435328996","name":"Unnamed","network":"PRASA"},"geometry":{"type":"LineString","coordinates":[[28.16063,-26.21728],[28.16074,-26.21754],[28.16098,-26.21813],[28.16132,-26.21894],[28.16148,-26.21931],[28.16168,-26.21982],[28.16189,-26.22032],[28.16207,-26.22076],[28.16244,-26.22165],[28.16283,-26.22258],[28.1631,-26.22325],[28.16315,-26.22335],[28.16331,-26.22375],[28.16348,-26.22413],[28.16361,-26.22443],[28.16378,-26.22481],[28.16392,-26.22512],[28.16398,-26.22526],[28.16404,-26.22539],[28.16424,-26.22574],[28.16436,-26.22598],[28.16446,-26.2262],[28.16456,-26.22644],[28.16476,-26.22691],[28.16485,-26.22715],[28.16494,-26.22739],[28.16512,-26.22794],[28.16516,-26.22806],[28.16521,-26.22822],[28.16531,-26.22846],[28.16567,-26.22941],[28.16578,-26.22965],[28.16588,-26.22987],[28.16603,-26.23013],[28.16613,-26.2303],[28.16626,-26.23047],[28.1664,-26.23066],[28.1666,-26.23089],[28.16672,-26.23101],[28.16689,-26.23117],[28.16706,-26.23131],[28.16719,-26.23142],[28.16742,-26.23158],[28.16753,-26.23166],[28.1679,-26.23188],[28.16809,-26.23198],[28.16832,-26.23209],[28.16851,-26.23216],[28.16871,-26.23223],[28.16899,-26.23233],[28.16917,-26.23237],[28.16943,-26.23243],[28.17049,-26.23263],[28.17181,-26.23288],[28.17252,-26.23302],[28.17315,-26.23313],[28.17405,-26.2333],[28.17439,-26.23336],[28.17484,-26.23343],[28.17544,-26.2335],[28.17561,-26.23352],[28.17581,-26.23356],[28.17602,-26.23359],[28.17624,-26.23364],[28.17643,-26.23368],[28.17665,-26.23372],[28.17702,-26.23382],[28.1774,-26.23392],[28.17772,-26.23399],[28.18198,-26.23479],[28.18289,-26.23496],[28.18477,-26.23531],[28.18508,-26.23537],[28.18552,-26.23544],[28.18574,-26.23547],[28.18608,-26.23551],[28.18643,-26.23555],[28.18663,-26.23558],[28.18689,-26.23563],[28.18727,-26.2357],[28.18756,-26.23576],[28.18777,-26.23582],[28.18825,-26.23594],[28.18849,-26.236],[28.18871,-26.23605],[28.1891,-26.23612],[28.19029,-26.23635],[28.19146,-26.23657],[28.19178,-26.23663],[28.1921,-26.23672],[28.19235,-26.23681],[28.19255,-26.2369],[28.19278,-26.23702],[28.19298,-26.23716],[28.19313,-26.23727],[28.1933,-26.23743],[28.19346,-26.23758],[28.1936,-26.23774],[28.19374,-26.23793],[28.1938,-26.23805],[28.19386,-26.23814],[28.19392,-26.23825],[28.19398,-26.23841],[28.19402,-26.23852],[28.19404,-26.23862],[28.19407,-26.23878],[28.1941,-26.23893],[28.19412,-26.2392]]}},{"type":"Feature","properties":{"id":"way/435346336","name":"Unnamed","network":"PRASA"},"geometry":{"type":"LineString","coordinates":[[28.19413,-26.2381],[28.1942,-26.23823],[28.19426,-26.23838],[28.1943,-26.23851],[28.19434,-26.23867],[28.19437,-26.23883],[28.19439,-26.23899],[28.1944,-26.23913],[28.1944,-26.23931],[28.19438,-26.23949],[28.19434,-26.23977],[28.19427,-26.24001],[28.19419,-26.24026],[28.19413,-26.24042],[28.194,-26.24077]]}},{"type":"Feature","properties":{"id":"way/435346338","name":"Unnamed","network":"PRASA"},"geometry":{"type":"LineString","coordinates":[[28.19101,-26.23643],[28.19124,-26.23642],[28.19135,-26.23642],[28.19152,-26.23643],[28.1917,-26.23644],[28.19184,-26.23646],[28.19199,-26.23649],[28.19215,-26.23652],[28.19234,-26.23657],[28.19254,-26.23664],[28.19276,-26.23673],[28.19293,-26.23682],[28.19315,-26.23695],[28.19336,-26.2371],[28.19351,-26.23724],[28.19359,-26.23731],[28.19367,-26.2374],[28.19376,-26.23751],[28.19387,-26.23764],[28.19398,-26.2378]]}},{"type":"Feature","properties":{"id":"way/435346340","name":"Unnamed","network":"PRASA"},"geometry":{"type":"LineString","coordinates":[[28.19412,-26.2392],[28.19412,-26.23927],[28.19412,-26.23936],[28.19412,-26.23942],[28.19411,-26.23954],[28.1941,-26.23965],[28.19408,-26.23974],[28.19405,-26.23989],[28.194,-26.24006],[28.19394,-26.24024],[28.19386,-26.24041],[28.19376,-26.24059],[28.19365,-26.24075],[28.19354,-26.2409],[28.19338,-26.24107],[28.19321,-26.24121],[28.19301,-26.24138],[28.19213,-26.24207]]}},{"type":"Feature","properties":{"id":"way/435346341","name":"Unnamed","network":"PRASA"},"geometry":{"type":"LineString","coordinates":[[28.19398,-26.2378],[28.19413,-26.2381]]}},{"type":"Feature","properties":{"id":"way/435346342","name":"Unnamed","network":"PRASA"},"geometry":{"type":"LineString","coordinates":[[28.19045,-26.23646],[28.19101,-26.23643]]}},{"type":"Feature","properties":{"id":"way/435382595","name":"Unnamed","network":"PRASA"},"geometry":{"type":"LineString","coordinates":[[28.14593,-26.21312],[28.14571,-26.21304]]}},{"type":"Feature","properties":{"id":"way/435382597","name":"Unnamed","network":"PRASA"},"geometry":{"type":"LineString","coordinates":[[28.14588,-26.21314],[28.14564,-26.21305]]}},{"type":"Feature","properties":{"id":"way/435382598","name":"Unnamed","network":"PRASA"},"geometry":{"type":"LineString","coordinates":[[28.14578,-26.21299],[28.14592,-26.21304],[28.14605,-26.21309]]}},{"type":"Feature","properties":{"id":"way/435382601","name":"Unnamed","network":"PRASA"},"geometry":{"type":"LineString","coordinates":[[28.14605,-26.21309],[28.14623,-26.21313],[28.14647,-26.2132],[28.14664,-26.21324],[28.14684,-26.21327],[28.14706,-26.2133],[28.1473,-26.21332],[28.14757,-26.21334],[28.14839,-26.21336],[28.14856,-26.21336],[28.14909,-26.21338],[28.14948,-26.21339],[28.14974,-26.2134],[28.14993,-26.21342],[28.15012,-26.21343],[28.15052,-26.21347],[28.15115,-26.21353],[28.15143,-26.21356],[28.15157,-26.21357],[28.15216,-26.21363],[28.15293,-26.21369],[28.15405,-26.21376],[28.15427,-26.21377],[28.15491,-26.21381],[28.15512,-26.21381],[28.15535,-26.21381],[28.15551,-26.2138],[28.15576,-26.21378],[28.15602,-26.21373],[28.15628,-26.21368],[28.15653,-26.21362],[28.15678,-26.21354],[28.15703,-26.21344],[28.15723,-26.21335],[28.15738,-26.21326],[28.15756,-26.21316],[28.15768,-26.21309],[28.15781,-26.21301],[28.15794,-26.21291],[28.15806,-26.21281],[28.15818,-26.2127],[28.15828,-26.21261],[28.15914,-26.2117],[28.15941,-26.21143],[28.1596,-26.21122]]}},{"type":"Feature","properties":{"id":"way/435382602","name":"Unnamed","network":"PRASA"},"geometry":{"type":"LineString","coordinates":[[28.15974,-26.21136],[28.15964,-26.21151],[28.15954,-26.21166],[28.15947,-26.21174],[28.15939,-26.21185],[28.15924,-26.21203],[28.15909,-26.2122],[28.15898,-26.21232],[28.15886,-26.21244],[28.15871,-26.21258],[28.15863,-26.21265],[28.15851,-26.21275],[28.15838,-26.21285],[28.15823,-26.21296],[28.15807,-26.21307],[28.15794,-26.21315],[28.15778,-26.21324],[28.15764,-26.21332],[28.15747,-26.2134],[28.1573,-26.21348],[28.15709,-26.21357],[28.15687,-26.21364],[28.15669,-26.2137],[28.15654,-26.21375],[28.15637,-26.21378],[28.15625,-26.21381],[28.15605,-26.21385],[28.15586,-26.21388],[28.15564,-26.2139],[28.15552,-26.21391],[28.15536,-26.21392],[28.1552,-26.21392],[28.15493,-26.21391],[28.15397,-26.21386],[28.15291,-26.2138],[28.15252,-26.21377],[28.152,-26.21375],[28.15151,-26.21374],[28.15137,-26.21373],[28.15042,-26.21369],[28.15009,-26.21368],[28.14976,-26.21366],[28.14956,-26.21365],[28.14932,-26.21363],[28.14886,-26.2136],[28.14851,-26.21356]]}},{"type":"Feature","properties":{"id":"way/435393812","name":"Unnamed","network":"PRASA"},"geometry":{"type":"LineString","coordinates":[[28.15745,-26.22001],[28.1572,-26.22004],[28.15679,-26.22009],[28.15645,-26.22014],[28.15614,-26.22019],[28.15553,-26.22027],[28.15452,-26.22043],[28.15416,-26.22048],[28.15386,-26.22052],[28.15355,-26.22057],[28.15303,-26.22065],[28.15245,-26.22073],[28.15221,-26.22076],[28.1519,-26.22081],[28.15165,-26.22085],[28.1515,-26.22088],[28.15137,-26.2209],[28.1512,-26.22094],[28.1511,-26.22097],[28.15099,-26.221],[28.15085,-26.22104],[28.15064,-26.22113],[28.15056,-26.22116],[28.15042,-26.22122],[28.15022,-26.22131],[28.15004,-26.2214],[28.14987,-26.22147],[28.14972,-26.22153],[28.14958,-26.22158],[28.14938,-26.22164],[28.14922,-26.22167],[28.14907,-26.2217],[28.1488,-26.22174]]}},{"type":"Feature","properties":{"id":"way/435393816","name":"Unnamed","network":"PRASA"},"geometry":{"type":"LineString","coordinates":[[28.1488,-26.22174],[28.14847,-26.22177]]}},{"type":"Feature","properties":{"id":"way/435393819","name":"Unnamed","network":"PRASA"},"geometry":{"type":"LineString","coordinates":[[28.15809,-26.2199],[28.15794,-26.21992]]}},{"type":"Feature","properties":{"id":"way/435393820","name":"Unnamed","network":"PRASA"},"geometry":{"type":"LineString","coordinates":[[28.15794,-26.21992],[28.15767,-26.21997],[28.15745,-26.22001]]}},{"type":"Feature","properties":{"id":"way/435393826","name":"Unnamed","network":"PRASA"},"geometry":{"type":"LineString","coordinates":[[28.16072,-26.21761],[28.16076,-26.21776],[28.16078,-26.21788],[28.1608,-26.21803],[28.16081,-26.21816],[28.1608,-26.21828],[28.16078,-26.21842],[28.16076,-26.21852],[28.16073,-26.2186],[28.1607,-26.21868],[28.16064,-26.2188],[28.16058,-26.21889],[28.16053,-26.21897],[28.16044,-26.21908],[28.16033,-26.21921],[28.16018,-26.21934],[28.16005,-26.21943],[28.15988,-26.21951],[28.15979,-26.21956],[28.15969,-26.2196],[28.15956,-26.21964],[28.15941,-26.21967],[28.15931,-26.2197],[28.1592,-26.21971],[28.15887,-26.21976],[28.15871,-26.21977],[28.15809,-26.2199]]}},{"type":"Feature","properties":{"id":"way/537191789","name":"Unnamed","network":"PRASA"},"geometry":{"type":"LineString","coordinates":[[28.30079,-25.72581],[28.30057,-25.72599],[28.30031,-25.72621]]}},{"type":"Feature","properties":{"id":"way/537191790","name":"Unnamed","network":"PRASA"},"geometry":{"type":"LineString","coordinates":[[28.29371,-25.72756],[28.29435,-25.72754],[28.29505,-25.72752],[28.29555,-25.72751],[28.29572,-25.72751],[28.29656,-25.72748],[28.29683,-25.72747],[28.29711,-25.72745],[28.29737,-25.72742],[28.29772,-25.72736],[28.29799,-25.7273],[28.29828,-25.72722],[28.29856,-25.72713],[28.29881,-25.72705],[28.29919,-25.72688],[28.29939,-25.72679],[28.29962,-25.72666],[28.29978,-25.72657],[28.3,-25.72644],[28.30031,-25.72621]]}},{"type":"Feature","properties":{"id":"way/537191791","name":"Unnamed","network":"PRASA"},"geometry":{"type":"LineString","coordinates":[[28.29342,-25.72756],[28.29371,-25.72756]]}},{"type":"Feature","properties":{"id":"way/537191798","name":"Unnamed","network":"PRASA"},"geometry":{"type":"LineString","coordinates":[[28.28353,-25.72679],[28.2821,-25.72667],[28.28164,-25.72663],[28.28032,-25.72652],[28.27767,-25.72631],[28.27725,-25.72627],[28.27628,-25.72619]]}},{"type":"Feature","properties":{"id":"way/537191799","name":"Unnamed","network":"PRASA"},"geometry":{"type":"LineString","coordinates":[[28.28353,-25.72679],[28.28366,-25.7268],[28.28402,-25.72683],[28.28426,-25.72685],[28.2846,-25.72688],[28.28514,-25.72693],[28.28567,-25.72697],[28.28704,-25.72708],[28.28743,-25.72711],[28.28799,-25.72716],[28.28834,-25.72719],[28.28901,-25.72725],[28.28969,-25.7273],[28.28982,-25.72731],[28.29009,-25.72734],[28.29072,-25.72739],[28.29112,-25.72742],[28.29154,-25.72746],[28.29211,-25.7275],[28.2926,-25.72754],[28.29289,-25.72755],[28.29316,-25.72756],[28.29342,-25.72756]]}},{"type":"Feature","properties":{"id":"way/537191800","name":"Unnamed","network":"PRASA"},"geometry":{"type":"LineString","coordinates":[[28.27628,-25.72615],[28.27727,-25.72624],[28.27976,-25.72644],[28.28032,-25.72649],[28.28344,-25.72675]]}},{"type":"Feature","properties":{"id":"way/537191802","name":"Unnamed","network":"PRASA"},"geometry":{"type":"LineString","coordinates":[[28.27593,-25.72612],[28.27615,-25.72614],[28.27626,-25.72615]]}},{"type":"Feature","properties":{"id":"way/537191803","name":"Unnamed","network":"PRASA"},"geometry":{"type":"LineString","coordinates":[[28.2654,-25.72523],[28.26556,-25.72525],[28.26585,-25.72528],[28.26633,-25.72532],[28.26711,-25.72539],[28.27439,-25.72599],[28.27547,-25.72609]]}},{"type":"Feature","properties":{"id":"way/537194455","name":"Metro","network":"PRASA"},"geometry":{"type":"LineString","coordinates":[[28.27549,-25.72612],[28.27527,-25.72611],[28.27512,-25.72611],[28.27494,-25.72612],[28.27477,-25.72613],[28.27456,-25.72614],[28.2744,-25.72616],[28.2742,-25.72618],[28.27404,-25.7262],[28.27383,-25.72625],[28.27368,-25.72628],[28.27352,-25.72633],[28.27338,-25.72638],[28.27323,-25.72644],[28.27311,-25.72649],[28.27296,-25.72657],[28.27282,-25.72665],[28.27267,-25.72673],[28.27252,-25.72683],[28.27225,-25.72702],[28.27204,-25.72719],[28.2716,-25.72752],[28.27133,-25.72773],[28.2709,-25.72805],[28.26999,-25.72875],[28.26938,-25.72921],[28.26866,-25.72976],[28.2685,-25.72987],[28.26797,-25.73027],[28.2678,-25.73041],[28.26579,-25.73194],[28.26456,-25.73288],[28.2642,-25.7332],[28.26365,-25.73375],[28.26329,-25.73419],[28.26309,-25.73449],[28.26293,-25.73474],[28.26278,-25.735],[28.26242,-25.73578],[28.26191,-25.73689],[28.26164,-25.73729],[28.26138,-25.73763],[28.26111,-25.73793],[28.26087,-25.73817],[28.2607,-25.73833],[28.26051,-25.73849],[28.26033,-25.73864],[28.26013,-25.73879],[28.25984,-25.73898],[28.25957,-25.73914],[28.25933,-25.73928],[28.259,-25.73945],[28.25828,-25.7398],[28.25692,-25.74045],[28.25559,-25.74109],[28.2548,-25.74146],[28.2538,-25.74195],[28.2534,-25.74214],[28.25193,-25.74284],[28.25161,-25.743],[28.25137,-25.74311],[28.25116,-25.7432],[28.25097,-25.74328],[28.25066,-25.74338],[28.25015,-25.74355],[28.24897,-25.74396],[28.24749,-25.74446],[28.24697,-25.74462],[28.24643,-25.74482],[28.24363,-25.74577],[28.24243,-25.74617],[28.24123,-25.74658]]}},{"type":"Feature","properties":{"id":"way/537194456","name":"Metro","network":"PRASA"},"geometry":{"type":"LineString","coordinates":[[28.23876,-25.74733],[28.23916,-25.74724],[28.2396,-25.74709],[28.24107,-25.74659]]}},{"type":"Feature","properties":{"id":"way/537194457","name":"Unnamed","network":"PRASA"},"geometry":{"type":"LineString","coordinates":[[28.26711,-25.72542],[28.2673,-25.72545],[28.26744,-25.72547],[28.26766,-25.72551],[28.26785,-25.72555],[28.26802,-25.72558],[28.26817,-25.72562],[28.26829,-25.72566],[28.2684,-25.7257],[28.26851,-25.72574],[28.2686,-25.72578],[28.2687,-25.72582],[28.26879,-25.72587],[28.26889,-25.72593],[28.26897,-25.72598],[28.26905,-25.72604],[28.26912,-25.7261],[28.26921,-25.72618],[28.26928,-25.72624],[28.26935,-25.72632],[28.26942,-25.7264],[28.26949,-25.72649],[28.2696,-25.72663],[28.26966,-25.72674],[28.26972,-25.72687],[28.2698,-25.72708],[28.26984,-25.72719],[28.26986,-25.72733],[28.26988,-25.72745],[28.26989,-25.72758],[28.2699,-25.72771],[28.26989,-25.72781],[28.26988,-25.72793],[28.26986,-25.72805],[28.26983,-25.72817],[28.2698,-25.72829],[28.26976,-25.72839],[28.26971,-25.72852],[28.26964,-25.72865],[28.26958,-25.72874],[28.26951,-25.72885],[28.26944,-25.72894],[28.26936,-25.72903],[28.26926,-25.72914],[28.26914,-25.72926],[28.26902,-25.72937],[28.26893,-25.72947],[28.26881,-25.72958],[28.26861,-25.72975]]}},{"type":"Feature","properties":{"id":"way/537197374","name":"Unnamed","network":"PRASA"},"geometry":{"type":"LineString","coordinates":[[28.20492,-25.722],[28.20634,-25.72181],[28.20662,-25.72177],[28.20771,-25.72163],[28.20838,-25.72154],[28.20968,-25.72137],[28.21028,-25.72129],[28.21121,-25.72116],[28.21275,-25.72095],[28.2137,-25.72083],[28.21653,-25.72044],[28.21712,-25.72036],[28.21776,-25.72029],[28.21789,-25.72028],[28.21829,-25.72025],[28.21865,-25.72023],[28.21902,-25.72022],[28.22003,-25.7202],[28.22032,-25.7202],[28.22057,-25.72019],[28.22094,-25.72016],[28.22125,-25.72012],[28.22162,-25.72005],[28.22217,-25.71996],[28.22239,-25.71992],[28.2226,-25.71989],[28.22296,-25.71985],[28.22324,-25.71984],[28.22362,-25.71984],[28.22979,-25.71978],[28.23812,-25.71972],[28.23893,-25.71971],[28.23983,-25.7197],[28.24058,-25.7197],[28.24105,-25.71969],[28.24168,-25.71971],[28.2419,-25.71973],[28.24217,-25.71976],[28.24249,-25.7198],[28.2428,-25.71985],[28.24304,-25.7199],[28.24333,-25.71996],[28.24372,-25.72005],[28.24416,-25.72016],[28.24603,-25.72062],[28.24656,-25.72075],[28.24802,-25.72109],[28.2489,-25.72131],[28.24972,-25.72151],[28.25072,-25.72175],[28.25201,-25.72206],[28.25308,-25.72232],[28.25447,-25.72267],[28.25587,-25.72301],[28.25757,-25.72342],[28.26204,-25.72449],[28.26261,-25.72463]]}},{"type":"Feature","properties":{"id":"way/537197375","name":"Unnamed","network":"PRASA"},"geometry":{"type":"LineString","coordinates":[[28.26261,-25.72463],[28.26283,-25.72468]]}},{"type":"Feature","properties":{"id":"way/537197376","name":"Unnamed","network":"PRASA"},"geometry":{"type":"LineString","coordinates":[[28.26488,-25.72515],[28.26515,-25.7252],[28.2654,-25.72523]]}},{"type":"Feature","properties":{"id":"way/537197377","name":"Unnamed","network":"PRASA"},"geometry":{"type":"LineString","coordinates":[[28.26283,-25.72468],[28.26363,-25.72489],[28.26403,-25.72498],[28.26442,-25.72507],[28.26488,-25.72515]]}},{"type":"Feature","properties":{"id":"way/537214199","name":"Unnamed","network":"PRASA"},"geometry":{"type":"LineString","coordinates":[[28.20295,-25.72227],[28.20276,-25.7223],[28.20254,-25.72233],[28.2016,-25.72245]]}},{"type":"Feature","properties":{"id":"way/537214200","name":"Unnamed","network":"PRASA"},"geometry":{"type":"LineString","coordinates":[[28.20326,-25.72223],[28.20306,-25.72225],[28.20295,-25.72227]]}},{"type":"Feature","properties":{"id":"way/537214201","name":"Unnamed","network":"PRASA"},"geometry":{"type":"LineString","coordinates":[[28.20448,-25.72206],[28.20326,-25.72223]]}},{"type":"Feature","properties":{"id":"way/537214202","name":"Unnamed","network":"PRASA"},"geometry":{"type":"LineString","coordinates":[[28.20492,-25.722],[28.20448,-25.72206]]}},{"type":"Feature","properties":{"id":"way/537220983","name":"Unnamed","network":"PRASA"},"geometry":{"type":"LineString","coordinates":[[28.23725,-25.7478],[28.23656,-25.74807],[28.23612,-25.74828],[28.2356,-25.74848],[28.23537,-25.74856],[28.23463,-25.74881],[28.23422,-25.74895],[28.2335,-25.74919],[28.23273,-25.74945],[28.23229,-25.7496],[28.23126,-25.74996],[28.23082,-25.75011],[28.23021,-25.75034],[28.22973,-25.75057],[28.22905,-25.75099],[28.22886,-25.75114],[28.22848,-25.75148],[28.22819,-25.75181],[28.22519,-25.75511],[28.22466,-25.7557]]}},{"type":"Feature","properties":{"id":"way/537220986","name":"Unnamed","network":"PRASA"},"geometry":{"type":"LineString","coordinates":[[28.23823,-25.74749],[28.23794,-25.74756],[28.23757,-25.74768],[28.23725,-25.7478]]}},{"type":"Feature","properties":{"id":"way/537220990","name":"Metro","network":"PRASA"},"geometry":{"type":"LineString","coordinates":[[28.23822,-25.74745],[28.23835,-25.74742],[28.23876,-25.74733]]}},{"type":"Feature","properties":{"id":"way/537232031","name":"Unnamed","network":"PRASA"},"geometry":{"type":"LineString","coordinates":[[28.21945,-25.76007],[28.21931,-25.7601],[28.21915,-25.76012],[28.21894,-25.76014],[28.21861,-25.76015],[28.21817,-25.76011],[28.21684,-25.75994],[28.21553,-25.75977],[28.21519,-25.75974],[28.21489,-25.75975],[28.21468,-25.75978]]}},{"type":"Feature","properties":{"id":"way/537232032","name":"Unnamed","network":"PRASA"},"geometry":{"type":"LineString","coordinates":[[28.22466,-25.7557],[28.22433,-25.75605]]}},{"type":"Feature","properties":{"id":"way/537245626","name":"Unnamed","network":"PRASA"},"geometry":{"type":"LineString","coordinates":[[28.21396,-25.75996],[28.21258,-25.76047],[28.21227,-25.76058],[28.21206,-25.76064],[28.21191,-25.76068],[28.21166,-25.76072],[28.21133,-25.76074],[28.21089,-25.76072],[28.20994,-25.76058],[28.20902,-25.76046],[28.20498,-25.75994],[28.20319,-25.75971],[28.20302,-25.75969],[28.20287,-25.75968],[28.20267,-25.75968],[28.20247,-25.75969],[28.20234,-25.7597],[28.20218,-25.75972],[28.20208,-25.75974],[28.20192,-25.75977],[28.20178,-25.75981],[28.20161,-25.75986],[28.20149,-25.7599],[28.20136,-25.75996],[28.20125,-25.76001],[28.20111,-25.76007],[28.201,-25.76014],[28.20091,-25.76019],[28.20082,-25.76025],[28.2007,-25.76033],[28.2005,-25.76049],[28.20026,-25.76068],[28.20004,-25.76086],[28.19988,-25.76099]]}},{"type":"Feature","properties":{"id":"way/537245629","name":"Unnamed","network":"PRASA"},"geometry":{"type":"LineString","coordinates":[[28.21468,-25.75978],[28.2143,-25.75986],[28.21396,-25.75996]]}},{"type":"Feature","properties":{"id":"way/537245631","name":"Unnamed","network":"PRASA"},"geometry":{"type":"LineString","coordinates":[[28.21959,-25.76005],[28.21945,-25.76007]]}},{"type":"Feature","properties":{"id":"way/537245634","name":"Unnamed","network":"PRASA"},"geometry":{"type":"LineString","coordinates":[[28.21994,-25.75996],[28.21959,-25.76005]]}},{"type":"Feature","properties":{"id":"way/537245636","name":"Unnamed","network":"PRASA"},"geometry":{"type":"LineString","coordinates":[[28.22014,-25.75989],[28.21994,-25.75996]]}},{"type":"Feature","properties":{"id":"way/537245639","name":"Unnamed","network":"PRASA"},"geometry":{"type":"LineString","coordinates":[[28.22433,-25.75605],[28.22354,-25.7569],[28.22176,-25.75885],[28.22142,-25.75919],[28.22123,-25.75934],[28.22098,-25.7595],[28.22081,-25.7596],[28.22038,-25.75981],[28.22014,-25.75989]]}},{"type":"Feature","properties":{"id":"way/537261856","name":"Unnamed","network":"PRASA"},"geometry":{"type":"LineString","coordinates":[[28.19545,-25.76412],[28.19526,-25.76415],[28.19509,-25.76415],[28.19493,-25.76415],[28.19478,-25.76415],[28.19466,-25.76414]]}},{"type":"Feature","properties":{"id":"way/537261857","name":"Unnamed","network":"PRASA"},"geometry":{"type":"LineString","coordinates":[[28.19597,-25.76398],[28.19582,-25.76403],[28.19562,-25.76408],[28.19545,-25.76412]]}},{"type":"Feature","properties":{"id":"way/537261858","name":"Unnamed","network":"PRASA"},"geometry":{"type":"LineString","coordinates":[[28.1969,-25.76336],[28.19649,-25.76369],[28.19615,-25.76389],[28.19597,-25.76398]]}},{"type":"Feature","properties":{"id":"way/537261859","name":"Unnamed","network":"PRASA"},"geometry":{"type":"LineString","coordinates":[[28.19942,-25.76135],[28.19863,-25.76199],[28.19773,-25.7627],[28.19725,-25.76309],[28.1969,-25.76336]]}},{"type":"Feature","properties":{"id":"way/537261860","name":"Unnamed","network":"PRASA"},"geometry":{"type":"LineString","coordinates":[[28.19595,-25.76394],[28.19611,-25.76387],[28.19646,-25.76366],[28.19687,-25.76334]]}},{"type":"Feature","properties":{"id":"way/537261861","name":"Unnamed","network":"PRASA"},"geometry":{"type":"LineString","coordinates":[[28.19544,-25.76408],[28.1956,-25.76404],[28.19595,-25.76394]]}},{"type":"Feature","properties":{"id":"way/537261862","name":"Unnamed","network":"PRASA"},"geometry":{"type":"LineString","coordinates":[[28.1994,-25.76133],[28.19987,-25.76094]]}},{"type":"Feature","properties":{"id":"way/537261863","name":"Unnamed","network":"PRASA"},"geometry":{"type":"LineString","coordinates":[[28.19687,-25.76334],[28.19723,-25.76306],[28.19798,-25.76244],[28.1986,-25.76196],[28.19906,-25.76159],[28.1994,-25.76133]]}},{"type":"Feature","properties":{"id":"way/537261864","name":"Unnamed","network":"PRASA"},"geometry":{"type":"LineString","coordinates":[[28.19988,-25.76099],[28.19942,-25.76135]]}},{"type":"Feature","properties":{"id":"way/537279972","name":"Unnamed","network":"PRASA"},"geometry":{"type":"LineString","coordinates":[[28.19221,-25.76267],[28.19196,-25.76236],[28.19183,-25.76223],[28.19172,-25.76211],[28.19163,-25.76203],[28.1912,-25.76163],[28.19119,-25.76162],[28.19092,-25.76136],[28.19059,-25.76103],[28.1885,-25.75882]]}},{"type":"Feature","properties":{"id":"way/537300911","name":"Unnamed","network":"PRASA"},"geometry":{"type":"LineString","coordinates":[[28.19068,-25.76075],[28.18986,-25.75986],[28.1887,-25.75868],[28.1886,-25.75859],[28.18852,-25.75851],[28.18842,-25.75843],[28.18824,-25.75831]]}},{"type":"Feature","properties":{"id":"way/537300913","name":"Unnamed","network":"PRASA"},"geometry":{"type":"LineString","coordinates":[[28.18796,-25.75816],[28.18818,-25.75829],[28.18828,-25.75836],[28.18841,-25.75847],[28.18857,-25.75862],[28.18876,-25.75881],[28.19065,-25.76078]]}},{"type":"Feature","properties":{"id":"way/537301843","name":"Unnamed","network":"PRASA"},"geometry":{"type":"LineString","coordinates":[[28.19107,-25.76097],[28.19089,-25.76071],[28.19078,-25.76057]]}},{"type":"Feature","properties":{"id":"way/537301845","name":"Unnamed","network":"PRASA"},"geometry":{"type":"LineString","coordinates":[[28.19171,-25.76197],[28.19163,-25.76188],[28.19136,-25.7616],[28.1906,-25.76081],[28.18948,-25.75963]]}},{"type":"Feature","properties":{"id":"way/537306094","name":"Unnamed","network":"PRASA"},"geometry":{"type":"LineString","coordinates":[[28.18698,-25.75774],[28.18681,-25.75769],[28.1862,-25.75748],[28.18587,-25.75737],[28.18567,-25.75729],[28.18414,-25.75666],[28.18388,-25.75656],[28.18372,-25.75648],[28.18364,-25.75644],[28.1835,-25.75637],[28.18339,-25.7563],[28.18325,-25.75622],[28.18313,-25.75614],[28.18288,-25.75601]]}},{"type":"Feature","properties":{"id":"way/537306095","name":"Unnamed","network":"PRASA"},"geometry":{"type":"LineString","coordinates":[[28.18859,-25.75876],[28.18851,-25.75867],[28.18845,-25.75862],[28.18828,-25.75849],[28.18809,-25.75835],[28.1879,-25.75823],[28.18767,-25.75808]]}},{"type":"Feature","properties":{"id":"way/537306096","name":"Unnamed","network":"PRASA"},"geometry":{"type":"LineString","coordinates":[[28.18657,-25.75735],[28.18645,-25.75727],[28.18636,-25.75721],[28.18626,-25.75717],[28.18607,-25.75709],[28.18554,-25.75687],[28.18395,-25.75622],[28.18379,-25.75616],[28.18369,-25.75613],[28.18359,-25.7561],[28.18348,-25.75608],[28.18317,-25.75601],[28.18309,-25.75599],[28.18298,-25.75596]]}},{"type":"Feature","properties":{"id":"way/537306414","name":"Unnamed","network":"PRASA"},"geometry":{"type":"LineString","coordinates":[[28.18104,-25.75561],[28.1809,-25.75562],[28.18046,-25.75564],[28.17998,-25.75567],[28.17952,-25.75571],[28.17882,-25.75576],[28.17844,-25.75577],[28.178,-25.75579],[28.17783,-25.7558],[28.1777,-25.75582],[28.17756,-25.75583],[28.17743,-25.75585],[28.17727,-25.75588],[28.17713,-25.75591],[28.17696,-25.75594],[28.17642,-25.75609]]}},{"type":"Feature","properties":{"id":"way/537307119","name":"Unnamed","network":"PRASA"},"geometry":{"type":"LineString","coordinates":[[28.18824,-25.75831],[28.18796,-25.75816]]}},{"type":"Feature","properties":{"id":"way/537307122","name":"Unnamed","network":"PRASA"},"geometry":{"type":"LineString","coordinates":[[28.18698,-25.75774],[28.18683,-25.75768],[28.18624,-25.75741],[28.18577,-25.75722],[28.18493,-25.75687],[28.18392,-25.75646],[28.18344,-25.75626],[28.18312,-25.75613],[28.18288,-25.75601]]}},{"type":"Feature","properties":{"id":"way/537307854","name":"Unnamed","network":"PRASA"},"geometry":{"type":"LineString","coordinates":[[28.18153,-25.75559],[28.1817,-25.75561],[28.18192,-25.75563]]}},{"type":"Feature","properties":{"id":"way/537307855","name":"Unnamed","network":"PRASA"},"geometry":{"type":"LineString","coordinates":[[28.17644,-25.75605],[28.17697,-25.7559],[28.17717,-25.75585],[28.17738,-25.75581],[28.17752,-25.75578],[28.17771,-25.75575],[28.17791,-25.75572],[28.17816,-25.75569],[28.17839,-25.75566],[28.18028,-25.75554],[28.18042,-25.75553],[28.18054,-25.75554],[28.18066,-25.75555],[28.1808,-25.75556],[28.18093,-25.75557],[28.18105,-25.75557],[28.18128,-25.75558]]}},{"type":"Feature","properties":{"id":"way/537400479","name":"Unnamed","network":"PRASA"},"geometry":{"type":"LineString","coordinates":[[28.17642,-25.75609],[28.17621,-25.75615]]}},{"type":"Feature","properties":{"id":"way/537400480","name":"Unnamed","network":"PRASA"},"geometry":{"type":"LineString","coordinates":[[28.17621,-25.75615],[28.17573,-25.75629],[28.17536,-25.75639],[28.17485,-25.75653],[28.17458,-25.75659],[28.17438,-25.75662],[28.17408,-25.75667],[28.17377,-25.7567],[28.17358,-25.75671],[28.17336,-25.75672],[28.17316,-25.75672],[28.17299,-25.75671],[28.17281,-25.7567],[28.17256,-25.75668],[28.17218,-25.75663],[28.17143,-25.75651],[28.16976,-25.75625],[28.16928,-25.75621],[28.16895,-25.75619],[28.16878,-25.75617],[28.16857,-25.75616],[28.16838,-25.75616],[28.16811,-25.75615],[28.16791,-25.75615],[28.16752,-25.75616],[28.16709,-25.75618],[28.16664,-25.7562],[28.16636,-25.75622],[28.16627,-25.75623],[28.16622,-25.75623]]}},{"type":"Feature","properties":{"id":"way/537441319","name":"Unnamed","network":"PRASA"},"geometry":{"type":"LineString","coordinates":[[28.16008,-25.75483],[28.16007,-25.75466]]}},{"type":"Feature","properties":{"id":"way/537441320","name":"Unnamed","network":"PRASA"},"geometry":{"type":"LineString","coordinates":[[28.16007,-25.75466],[28.16006,-25.75448],[28.16003,-25.75411],[28.16,-25.75364]]}},{"type":"Feature","properties":{"id":"way/537461807","name":"Unnamed","network":"PRASA"},"geometry":{"type":"LineString","coordinates":[[28.15997,-25.75324],[28.15995,-25.75306]]}},{"type":"Feature","properties":{"id":"way/537461808","name":"Unnamed","network":"PRASA"},"geometry":{"type":"LineString","coordinates":[[28.15995,-25.75306],[28.15987,-25.75213],[28.15981,-25.75146],[28.15975,-25.75081],[28.15969,-25.75004],[28.15966,-25.74964],[28.15961,-25.74899],[28.15957,-25.74854]]}},{"type":"Feature","properties":{"id":"way/537465594","name":"Unnamed","network":"PRASA"},"geometry":{"type":"LineString","coordinates":[[28.16367,-25.75649],[28.1634,-25.75652],[28.16322,-25.75655],[28.16305,-25.75659],[28.16262,-25.75668],[28.16259,-25.75668],[28.16236,-25.75673],[28.16206,-25.75679],[28.16125,-25.75695],[28.15901,-25.7574],[28.15735,-25.75774],[28.15654,-25.7579],[28.15615,-25.75799],[28.15613,-25.75799],[28.15547,-25.75812],[28.15516,-25.75819],[28.15495,-25.75825],[28.15472,-25.75831],[28.15431,-25.75843],[28.15399,-25.75851],[28.15355,-25.75862],[28.1533,-25.75868],[28.153,-25.75874],[28.15279,-25.75877],[28.15262,-25.7588],[28.15227,-25.75886],[28.15201,-25.7589],[28.15167,-25.75896],[28.15142,-25.75901],[28.15117,-25.75906],[28.15085,-25.75914],[28.15061,-25.75919],[28.15039,-25.75926],[28.15021,-25.75931],[28.14999,-25.75938],[28.147,-25.76038],[28.14667,-25.7605],[28.14652,-25.76056],[28.14644,-25.76059],[28.14636,-25.76063],[28.1462,-25.76071],[28.14612,-25.76075],[28.14579,-25.76097],[28.14535,-25.76131],[28.1449,-25.76166],[28.14449,-25.76198],[28.14411,-25.76228],[28.14389,-25.76247],[28.14374,-25.76262],[28.14359,-25.76279],[28.14349,-25.76292],[28.14342,-25.76303],[28.14334,-25.76318],[28.1433,-25.76324],[28.14325,-25.76335]]}},{"type":"Feature","properties":{"id":"way/537691938","name":"Unnamed","network":"PRASA"},"geometry":{"type":"LineString","coordinates":[[28.16622,-25.75623],[28.16595,-25.75626],[28.16575,-25.7563],[28.16563,-25.75632],[28.16554,-25.75634],[28.1654,-25.75637],[28.16519,-25.75639]]}},{"type":"Feature","properties":{"id":"way/537691939","name":"Unnamed","network":"PRASA"},"geometry":{"type":"LineString","coordinates":[[28.16499,-25.75636],[28.16526,-25.75633],[28.16546,-25.7563],[28.16557,-25.75628],[28.16568,-25.75625],[28.1658,-25.75623],[28.16602,-25.7562]]}},{"type":"Feature","properties":{"id":"way/537696700","name":"Unnamed","network":"PRASA"},"geometry":{"type":"LineString","coordinates":[[28.16004,-25.75492],[28.16007,-25.7553],[28.16007,-25.75538],[28.16009,-25.7556],[28.1601,-25.75592],[28.16008,-25.75609],[28.16006,-25.7562],[28.16003,-25.75628],[28.16,-25.75638],[28.15997,-25.75643],[28.1599,-25.75657],[28.15979,-25.75672],[28.15967,-25.75686],[28.1596,-25.75692],[28.15953,-25.75698],[28.15945,-25.75704],[28.15934,-25.7571],[28.15915,-25.7572],[28.15899,-25.75725],[28.1588,-25.7573],[28.15862,-25.75734],[28.1576,-25.75757],[28.15743,-25.75762],[28.15724,-25.75768],[28.15697,-25.75778],[28.15682,-25.75783],[28.15654,-25.7579]]}},{"type":"Feature","properties":{"id":"way/537736404","name":"Unnamed","network":"PRASA"},"geometry":{"type":"LineString","coordinates":[[28.15957,-25.74854],[28.15955,-25.74827]]}},{"type":"Feature","properties":{"id":"way/537736406","name":"Unnamed","network":"PRASA"},"geometry":{"type":"LineString","coordinates":[[28.15955,-25.74827],[28.15951,-25.74787],[28.15942,-25.74679],[28.15936,-25.74608],[28.15934,-25.74567],[28.15934,-25.74541],[28.15934,-25.74508],[28.15938,-25.74467],[28.15945,-25.74427],[28.1595,-25.74402],[28.15956,-25.74373]]}},{"type":"Feature","properties":{"id":"way/537760801","name":"Unnamed","network":"PRASA"},"geometry":{"type":"LineString","coordinates":[[28.15956,-25.74373],[28.1596,-25.7435]]}},{"type":"Feature","properties":{"id":"way/537760802","name":"Unnamed","network":"PRASA"},"geometry":{"type":"LineString","coordinates":[[28.1596,-25.7435],[28.15966,-25.74323]]}},{"type":"Feature","properties":{"id":"way/537760803","name":"Unnamed","network":"PRASA"},"geometry":{"type":"LineString","coordinates":[[28.15966,-25.74323],[28.15975,-25.7428]]}},{"type":"Feature","properties":{"id":"way/537760804","name":"Unnamed","network":"PRASA"},"geometry":{"type":"LineString","coordinates":[[28.15975,-25.7428],[28.1598,-25.74258],[28.15987,-25.74234],[28.15993,-25.74214],[28.16002,-25.74188],[28.16011,-25.74166],[28.16022,-25.74143],[28.16028,-25.74129],[28.16035,-25.74117],[28.16045,-25.74099],[28.16059,-25.74076],[28.16078,-25.74049],[28.16111,-25.73999],[28.16134,-25.73964],[28.16163,-25.73921],[28.16215,-25.73844],[28.16225,-25.73829],[28.16232,-25.73818],[28.16252,-25.73795],[28.16271,-25.73773],[28.1629,-25.73754],[28.16309,-25.73738],[28.16324,-25.73725],[28.16335,-25.73716]]}},{"type":"Feature","properties":{"id":"way/537771501","name":"Unnamed","network":"PRASA"},"geometry":{"type":"LineString","coordinates":[[28.16575,-25.73495],[28.16561,-25.73514],[28.16551,-25.73527],[28.16542,-25.73537],[28.16529,-25.73551],[28.16518,-25.73562],[28.16504,-25.73574],[28.16474,-25.736],[28.16442,-25.73627],[28.16422,-25.73643],[28.16404,-25.73657],[28.16372,-25.73685],[28.16335,-25.73716]]}},{"type":"Feature","properties":{"id":"way/537779548","name":"Unnamed","network":"PRASA"},"geometry":{"type":"LineString","coordinates":[[28.16197,-25.7389],[28.1623,-25.7384],[28.1626,-25.73798],[28.1627,-25.73787],[28.16283,-25.73771],[28.16303,-25.7375],[28.16313,-25.7374],[28.16329,-25.73727],[28.16341,-25.73716],[28.16408,-25.7366],[28.16426,-25.73646],[28.16445,-25.73629],[28.16479,-25.73601],[28.16507,-25.73577],[28.16523,-25.73562],[28.16547,-25.73539],[28.16577,-25.73499]]}},{"type":"Feature","properties":{"id":"way/537793369","name":"Unnamed","network":"PRASA"},"geometry":{"type":"LineString","coordinates":[[28.16638,-25.73402],[28.16663,-25.73363],[28.16683,-25.73332],[28.16702,-25.73301],[28.1671,-25.73287],[28.1672,-25.73273],[28.16756,-25.73215],[28.16774,-25.73187],[28.16792,-25.73157],[28.16804,-25.73138],[28.16813,-25.7312],[28.1682,-25.73105],[28.16826,-25.73092],[28.16831,-25.73078],[28.16835,-25.73063],[28.16838,-25.73052],[28.1684,-25.73042],[28.16847,-25.73013],[28.16864,-25.72931],[28.1687,-25.72902],[28.16872,-25.72889],[28.16874,-25.72876],[28.16876,-25.72851],[28.16878,-25.72838],[28.16878,-25.7283],[28.16879,-25.72814],[28.16878,-25.72801],[28.16877,-25.72787],[28.16875,-25.72774],[28.16873,-25.72763],[28.16871,-25.72755],[28.16867,-25.72742],[28.16863,-25.72728],[28.16857,-25.72715],[28.1685,-25.72699]]}},{"type":"Feature","properties":{"id":"way/537793370","name":"Unnamed","network":"PRASA"},"geometry":{"type":"LineString","coordinates":[[28.16624,-25.73426],[28.16638,-25.73402]]}},{"type":"Feature","properties":{"id":"way/537793371","name":"Unnamed","network":"PRASA"},"geometry":{"type":"LineString","coordinates":[[28.166,-25.73465],[28.16624,-25.73426]]}},{"type":"Feature","properties":{"id":"way/537793372","name":"Unnamed","network":"PRASA"},"geometry":{"type":"LineString","coordinates":[[28.16577,-25.73499],[28.166,-25.73465]]}},{"type":"Feature","properties":{"id":"way/537794946","name":"Unnamed","network":"PRASA"},"geometry":{"type":"LineString","coordinates":[[28.17058,-25.73638],[28.17179,-25.73649]]}},{"type":"Feature","properties":{"id":"way/537815299","name":"Unnamed","network":"PRASA"},"geometry":{"type":"LineString","coordinates":[[28.1686,-25.7293],[28.16863,-25.72919],[28.16866,-25.72904],[28.16868,-25.72894],[28.16869,-25.72886],[28.1687,-25.72872],[28.16872,-25.72858],[28.16873,-25.72843],[28.16874,-25.72827],[28.16874,-25.72814],[28.16874,-25.72802],[28.16874,-25.72796],[28.16873,-25.72785],[28.16871,-25.72773],[28.16869,-25.72765],[28.16868,-25.72757],[28.16864,-25.72744],[28.16861,-25.72736],[28.16857,-25.72725],[28.16854,-25.72717],[28.16849,-25.72707],[28.16845,-25.72698]]}},{"type":"Feature","properties":{"id":"way/537824239","name":"Unnamed","network":"PRASA"},"geometry":{"type":"LineString","coordinates":[[28.16931,-25.73648],[28.16958,-25.73641],[28.16974,-25.73638],[28.16992,-25.73637],[28.17025,-25.73636],[28.17058,-25.73638]]}},{"type":"Feature","properties":{"id":"way/537824241","name":"Unnamed","network":"PRASA"},"geometry":{"type":"LineString","coordinates":[[28.16913,-25.73655],[28.16931,-25.73648]]}},{"type":"Feature","properties":{"id":"way/537824242","name":"Unnamed","network":"PRASA"},"geometry":{"type":"LineString","coordinates":[[28.16589,-25.73788],[28.16617,-25.73778],[28.1665,-25.73765],[28.16699,-25.73744],[28.16726,-25.73732],[28.16742,-25.73726],[28.16772,-25.73713],[28.16808,-25.73698]]}},{"type":"Feature","properties":{"id":"way/537824243","name":"Unnamed","network":"PRASA"},"geometry":{"type":"LineString","coordinates":[[28.16567,-25.73794],[28.16589,-25.73788]]}},{"type":"Feature","properties":{"id":"way/537824244","name":"Unnamed","network":"PRASA"},"geometry":{"type":"LineString","coordinates":[[28.16459,-25.73786],[28.16471,-25.73791],[28.16483,-25.73794],[28.16497,-25.73797],[28.1651,-25.73798],[28.16525,-25.73798],[28.16543,-25.73798],[28.16554,-25.73797],[28.16567,-25.73794]]}},{"type":"Feature","properties":{"id":"way/537824245","name":"Unnamed","network":"PRASA"},"geometry":{"type":"LineString","coordinates":[[28.16428,-25.73771],[28.16459,-25.73786]]}},{"type":"Feature","properties":{"id":"way/537824246","name":"Unnamed","network":"PRASA"},"geometry":{"type":"LineString","coordinates":[[28.16372,-25.73727],[28.1638,-25.73737],[28.16386,-25.73743],[28.16391,-25.73747],[28.16399,-25.73753],[28.1641,-25.7376],[28.16417,-25.73764],[28.16428,-25.73771]]}},{"type":"Feature","properties":{"id":"way/537824247","name":"Unnamed","network":"PRASA"},"geometry":{"type":"LineString","coordinates":[[28.16349,-25.73683],[28.16353,-25.73694],[28.16358,-25.73705],[28.16364,-25.73715],[28.16372,-25.73727]]}},{"type":"Feature","properties":{"id":"way/537824248","name":"Unnamed","network":"PRASA"},"geometry":{"type":"LineString","coordinates":[[28.16341,-25.73649],[28.16343,-25.7366],[28.16346,-25.73674],[28.16349,-25.73683]]}},{"type":"Feature","properties":{"id":"way/537824249","name":"Unnamed","network":"PRASA"},"geometry":{"type":"LineString","coordinates":[[28.1634,-25.73624],[28.16341,-25.73649]]}},{"type":"Feature","properties":{"id":"way/537841497","name":"Unnamed","network":"PRASA"},"geometry":{"type":"LineString","coordinates":[[28.16855,-25.70599],[28.16845,-25.70629],[28.16822,-25.70709],[28.16793,-25.70805],[28.16733,-25.71006],[28.16704,-25.71102],[28.16687,-25.71158],[28.16672,-25.71211],[28.16656,-25.71266],[28.1659,-25.71483],[28.16575,-25.71529],[28.16568,-25.71557],[28.16554,-25.71602],[28.16547,-25.71628],[28.16543,-25.71645],[28.1654,-25.71662],[28.16537,-25.71678],[28.16535,-25.71697],[28.16533,-25.71724],[28.16529,-25.71783],[28.16529,-25.7179],[28.16526,-25.71823],[28.16525,-25.71839],[28.16523,-25.71873],[28.16523,-25.71886],[28.16524,-25.71894],[28.16524,-25.71905],[28.16526,-25.71918],[28.16528,-25.71934],[28.16533,-25.71959],[28.16538,-25.71984],[28.16544,-25.72008],[28.16548,-25.72021],[28.16555,-25.72044],[28.16562,-25.72062],[28.16567,-25.72074],[28.16572,-25.72089],[28.16583,-25.72112],[28.16586,-25.72121],[28.16592,-25.72134],[28.16597,-25.72145],[28.16607,-25.72167],[28.16666,-25.72303],[28.16708,-25.72402],[28.16757,-25.72512],[28.16768,-25.72533],[28.16778,-25.72552],[28.16786,-25.72569],[28.16796,-25.72587],[28.16804,-25.72602],[28.16817,-25.72626],[28.16831,-25.72655],[28.16839,-25.72673]]}},{"type":"Feature","properties":{"id":"way/537841498","name":"Unnamed","network":"PRASA"},"geometry":{"type":"LineString","coordinates":[[28.16834,-25.72673],[28.16821,-25.72642]]}},{"type":"Feature","properties":{"id":"way/537841499","name":"Unnamed","network":"PRASA"},"geometry":{"type":"LineString","coordinates":[[28.16845,-25.72698],[28.16834,-25.72673]]}},{"type":"Feature","properties":{"id":"way/537841501","name":"Unnamed","network":"PRASA"},"geometry":{"type":"LineString","coordinates":[[28.16805,-25.72615],[28.16792,-25.72594],[28.16785,-25.72581],[28.16778,-25.72568],[28.16772,-25.72555],[28.16763,-25.72535],[28.16751,-25.72509],[28.16639,-25.72254],[28.16635,-25.72245],[28.16608,-25.72195]]}},{"type":"Feature","properties":{"id":"way/537842498","name":"Unnamed","network":"PRASA"},"geometry":{"type":"LineString","coordinates":[[28.16642,-25.72218],[28.1662,-25.72166],[28.16599,-25.72119],[28.16593,-25.72106],[28.16583,-25.72082],[28.16575,-25.72064],[28.16561,-25.72032],[28.16554,-25.72012],[28.16548,-25.71996],[28.16544,-25.71981],[28.1654,-25.71967],[28.16537,-25.71953],[28.16534,-25.71938],[28.16529,-25.71909],[28.16528,-25.71896],[28.16527,-25.71885],[28.16527,-25.71874],[28.16527,-25.71864],[28.16528,-25.71849],[28.16531,-25.71822],[28.16532,-25.7179],[28.16533,-25.71783],[28.16536,-25.71748],[28.16538,-25.71716],[28.16539,-25.71696],[28.1654,-25.71686],[28.16541,-25.71677],[28.16544,-25.71663],[28.16548,-25.71644],[28.16549,-25.71638],[28.16555,-25.71619],[28.16563,-25.71586],[28.16571,-25.71557],[28.16593,-25.71485],[28.16624,-25.71383],[28.16659,-25.71268],[28.16691,-25.7116],[28.16708,-25.71103],[28.16737,-25.71005],[28.16797,-25.70806],[28.16826,-25.70709],[28.16843,-25.7066],[28.1685,-25.70636],[28.16862,-25.70599]]}},{"type":"Feature","properties":{"id":"way/537842499","name":"Unnamed","network":"PRASA"},"geometry":{"type":"LineString","coordinates":[[28.16804,-25.72589],[28.16776,-25.72525],[28.1677,-25.72512],[28.16763,-25.72496],[28.1672,-25.72398],[28.16707,-25.72368],[28.16691,-25.72329],[28.16674,-25.72292],[28.1666,-25.7226],[28.16653,-25.72242],[28.16645,-25.72225],[28.16642,-25.72218]]}},{"type":"Feature","properties":{"id":"way/537845085","name":"Unnamed","network":"PRASA"},"geometry":{"type":"LineString","coordinates":[[28.16532,-25.71849],[28.16534,-25.71819],[28.16537,-25.71783],[28.16539,-25.71749],[28.16543,-25.71697],[28.16545,-25.71679],[28.16548,-25.71664],[28.16552,-25.71644],[28.16559,-25.71616],[28.16569,-25.71582],[28.16581,-25.71549],[28.16601,-25.71492],[28.1661,-25.71467],[28.1662,-25.71434],[28.16641,-25.71359],[28.16665,-25.71273],[28.16682,-25.71213],[28.16697,-25.7116],[28.16714,-25.71104],[28.16743,-25.71007],[28.16803,-25.70807],[28.16833,-25.7071],[28.16842,-25.70682],[28.16856,-25.7064],[28.16868,-25.706]]}},{"type":"Feature","properties":{"id":"way/539023981","name":"Unnamed","network":"PRASA"},"geometry":{"type":"LineString","coordinates":[[28.12829,-25.76637],[28.12851,-25.76645]]}},{"type":"Feature","properties":{"id":"way/539023982","name":"Unnamed","network":"PRASA"},"geometry":{"type":"LineString","coordinates":[[28.12851,-25.76645],[28.12876,-25.76655],[28.12894,-25.76661],[28.12911,-25.76665],[28.12936,-25.76671],[28.12952,-25.76673],[28.12968,-25.76675],[28.12992,-25.76677],[28.12995,-25.76677],[28.13004,-25.76678],[28.13034,-25.76679],[28.13052,-25.7668],[28.13085,-25.7668],[28.13129,-25.76679],[28.13162,-25.76679],[28.1318,-25.76679],[28.13196,-25.76679],[28.13207,-25.7668],[28.13218,-25.76682],[28.13232,-25.76684],[28.13306,-25.76696]]}},{"type":"Feature","properties":{"id":"way/539040922","name":"Unnamed","network":"PRASA"},"geometry":{"type":"LineString","coordinates":[[28.12829,-25.7664],[28.12763,-25.76615],[28.12731,-25.76602],[28.12709,-25.76595],[28.12693,-25.76589],[28.12663,-25.76581],[28.12633,-25.76575],[28.1256,-25.7656],[28.12458,-25.7654],[28.12383,-25.76525],[28.12364,-25.76521],[28.12347,-25.76518],[28.12323,-25.76515],[28.12309,-25.76514],[28.12291,-25.76513],[28.12277,-25.76512],[28.12263,-25.76512],[28.12249,-25.76513],[28.12236,-25.76513],[28.12217,-25.76515],[28.12203,-25.76517],[28.12186,-25.7652],[28.12171,-25.76524],[28.12152,-25.76528],[28.12139,-25.76532],[28.12125,-25.76537],[28.12112,-25.76541],[28.12098,-25.76548],[28.12085,-25.76553],[28.12073,-25.76559],[28.12058,-25.76567],[28.12046,-25.76573],[28.12021,-25.76589],[28.11939,-25.7664],[28.11859,-25.76691],[28.11748,-25.7676],[28.11664,-25.76813],[28.1163,-25.76833],[28.1159,-25.76859],[28.11534,-25.76893],[28.11515,-25.76904],[28.11494,-25.76914],[28.11476,-25.76922],[28.11457,-25.7693],[28.1144,-25.76936],[28.1142,-25.76943],[28.11406,-25.76947],[28.11381,-25.76953],[28.11357,-25.76958],[28.11332,-25.76961],[28.11312,-25.76964],[28.11282,-25.76966],[28.1126,-25.76966],[28.11238,-25.76966],[28.11217,-25.76964],[28.11196,-25.76962],[28.11178,-25.76959],[28.11149,-25.76955],[28.1113,-25.7695],[28.11102,-25.76943],[28.1108,-25.76935],[28.1106,-25.76928],[28.11044,-25.76921],[28.11021,-25.7691],[28.11003,-25.76901],[28.10981,-25.76888],[28.10958,-25.76873],[28.10939,-25.76859],[28.10916,-25.76841],[28.109,-25.76826],[28.10881,-25.76807],[28.10863,-25.76788],[28.10827,-25.76744],[28.10807,-25.76719],[28.10715,-25.76607],[28.10571,-25.76431],[28.10477,-25.76316]]}},{"type":"Feature","properties":{"id":"way/539040923","name":"Unnamed","network":"PRASA"},"geometry":{"type":"LineString","coordinates":[[28.12848,-25.76648],[28.12829,-25.7664]]}},{"type":"Feature","properties":{"id":"way/539040924","name":"Unnamed","network":"PRASA"},"geometry":{"type":"LineString","coordinates":[[28.14315,-25.76361],[28.14312,-25.76373],[28.14309,-25.76384],[28.14306,-25.76398],[28.14304,-25.76411],[28.14303,-25.76432],[28.14303,-25.76447],[28.14303,-25.76487],[28.14302,-25.76515],[28.14301,-25.76534],[28.143,-25.76541],[28.14297,-25.76559],[28.14294,-25.76572],[28.14289,-25.76587],[28.14283,-25.76604],[28.14277,-25.76618],[28.14268,-25.76635],[28.14254,-25.76656],[28.14243,-25.7667],[28.14233,-25.76682],[28.14215,-25.76701],[28.14197,-25.76716],[28.14177,-25.7673],[28.14156,-25.76742],[28.1414,-25.7675],[28.14124,-25.76758],[28.14111,-25.76762],[28.14099,-25.76766],[28.14088,-25.7677],[28.14071,-25.76774],[28.14052,-25.76777],[28.14027,-25.76781],[28.13998,-25.76784],[28.13976,-25.76787],[28.13909,-25.76794],[28.13883,-25.76797],[28.13841,-25.76802],[28.13806,-25.76806],[28.13801,-25.76806],[28.13793,-25.76807],[28.13759,-25.7681],[28.13745,-25.7681],[28.13735,-25.76811],[28.13711,-25.76809],[28.13702,-25.76809],[28.13688,-25.76807],[28.13673,-25.76804],[28.13652,-25.768],[28.13631,-25.76794],[28.13609,-25.76787],[28.13593,-25.76781],[28.1358,-25.76777],[28.13513,-25.76751],[28.13466,-25.76733],[28.13447,-25.76727],[28.13425,-25.76721],[28.13399,-25.76716],[28.13379,-25.76713],[28.13343,-25.76706],[28.13307,-25.76701],[28.13257,-25.76693],[28.13242,-25.76691],[28.13229,-25.76689],[28.13219,-25.76688],[28.13196,-25.76687],[28.13151,-25.76686],[28.13114,-25.76685],[28.13105,-25.76685],[28.13082,-25.76684],[28.13075,-25.76684],[28.13066,-25.76684],[28.13021,-25.76683],[28.12991,-25.7668],[28.12966,-25.76678],[28.12943,-25.76675],[28.12929,-25.76673],[28.1291,-25.76669],[28.12887,-25.76662],[28.12866,-25.76655],[28.12848,-25.76648]]}},{"type":"Feature","properties":{"id":"way/539040925","name":"Unnamed","network":"PRASA"},"geometry":{"type":"LineString","coordinates":[[28.14325,-25.76335],[28.1432,-25.76347],[28.14315,-25.76361]]}},{"type":"Feature","properties":{"id":"way/539106152","name":"Unnamed","network":"PRASA"},"geometry":{"type":"LineString","coordinates":[[28.06403,-25.76471],[28.0644,-25.76486],[28.06466,-25.76495]]}},{"type":"Feature","properties":{"id":"way/539106154","name":"Unnamed","network":"PRASA"},"geometry":{"type":"LineString","coordinates":[[28.05968,-25.76338],[28.05991,-25.76345],[28.06042,-25.76361],[28.06277,-25.76436],[28.06301,-25.76443],[28.06377,-25.76468],[28.06412,-25.76478],[28.06433,-25.76485],[28.06466,-25.76495],[28.06469,-25.76497],[28.06478,-25.765],[28.0654,-25.76519],[28.06591,-25.76535]]}},{"type":"Feature","properties":{"id":"way/539106157","name":"Unnamed","network":"PRASA"},"geometry":{"type":"LineString","coordinates":[[28.08511,-25.76038],[28.08454,-25.76045],[28.08389,-25.76054],[28.08357,-25.76058],[28.08308,-25.76064],[28.08257,-25.76071],[28.08192,-25.76079],[28.08155,-25.76084],[28.08126,-25.76088],[28.08097,-25.76092],[28.08079,-25.76095],[28.08062,-25.76098],[28.08043,-25.76101],[28.08025,-25.76105],[28.08011,-25.76109],[28.07993,-25.76113],[28.0797,-25.7612],[28.07954,-25.76125],[28.07927,-25.76134],[28.07894,-25.76146],[28.07865,-25.76157],[28.07806,-25.7618],[28.07729,-25.76209],[28.07651,-25.76238],[28.07606,-25.76256],[28.07496,-25.76298],[28.07372,-25.76345],[28.07298,-25.76374],[28.07196,-25.76412],[28.07096,-25.7645],[28.07047,-25.76469],[28.06993,-25.7649],[28.06944,-25.76508],[28.06894,-25.76527],[28.0686,-25.76539],[28.0684,-25.76545],[28.06825,-25.76548],[28.06807,-25.76552],[28.06786,-25.76556],[28.06768,-25.76558],[28.0675,-25.76559],[28.06733,-25.7656],[28.06714,-25.76559],[28.06698,-25.76559],[28.06679,-25.76557],[28.06659,-25.76554],[28.06628,-25.76549],[28.06608,-25.76544],[28.06591,-25.76539],[28.06568,-25.76532],[28.06538,-25.76522],[28.06453,-25.76496],[28.06415,-25.76484],[28.06361,-25.76466],[28.06325,-25.76455],[28.06154,-25.764],[28.06058,-25.76369],[28.0598,-25.76345],[28.05935,-25.76331],[28.05897,-25.76319]]}},{"type":"Feature","properties":{"id":"way/539106160","name":"Unnamed","network":"PRASA"},"geometry":{"type":"LineString","coordinates":[[28.08533,-25.76032],[28.08613,-25.76022],[28.08639,-25.76019],[28.08665,-25.76017],[28.08682,-25.76017],[28.08705,-25.76016],[28.08732,-25.76017],[28.08753,-25.76018],[28.08777,-25.76019],[28.08828,-25.76023],[28.08864,-25.76026],[28.08944,-25.76032],[28.09071,-25.76042],[28.09183,-25.7605],[28.09287,-25.76058],[28.09327,-25.7606],[28.09358,-25.76062],[28.0939,-25.76062],[28.09425,-25.76061],[28.09464,-25.7606],[28.09489,-25.76058],[28.09519,-25.76055],[28.09555,-25.76051],[28.09602,-25.76046],[28.09745,-25.76029],[28.0985,-25.76016],[28.09933,-25.76006],[28.0996,-25.76004],[28.09978,-25.76002],[28.09998,-25.76001],[28.10018,-25.76001],[28.10036,-25.76001],[28.1005,-25.76002],[28.10068,-25.76004],[28.10078,-25.76005],[28.10095,-25.76008],[28.10108,-25.7601],[28.10129,-25.76016],[28.10156,-25.76024],[28.1018,-25.76033],[28.10204,-25.76043],[28.10225,-25.76054],[28.1025,-25.76069],[28.10273,-25.76085],[28.10293,-25.761],[28.1031,-25.76115],[28.10333,-25.76137],[28.10346,-25.76151],[28.10365,-25.76174],[28.10395,-25.7621],[28.10455,-25.76283],[28.10467,-25.76298]]}},{"type":"Feature","properties":{"id":"way/539106162","name":"Unnamed","network":"PRASA"},"geometry":{"type":"LineString","coordinates":[[28.10467,-25.76298],[28.10479,-25.76314]]}},{"type":"Feature","properties":{"id":"way/539110843","name":"Unnamed","network":"PRASA"},"geometry":{"type":"LineString","coordinates":[[28.06361,-25.76466],[28.06412,-25.76478]]}},{"type":"Feature","properties":{"id":"way/539111040","name":"Unnamed","network":"PRASA"},"geometry":{"type":"LineString","coordinates":[[28.06538,-25.76522],[28.06478,-25.765]]}},{"type":"Feature","properties":{"id":"way/539131809","name":"Unnamed","network":"PRASA"},"geometry":{"type":"LineString","coordinates":[[28.10477,-25.76316],[28.10464,-25.763]]}},{"type":"Feature","properties":{"id":"way/539131810","name":"Unnamed","network":"PRASA"},"geometry":{"type":"LineString","coordinates":[[28.08534,-25.76035],[28.08511,-25.76038]]}},{"type":"Feature","properties":{"id":"way/539131811","name":"Unnamed","network":"PRASA"},"geometry":{"type":"LineString","coordinates":[[28.10464,-25.763],[28.10452,-25.76285],[28.10392,-25.76212],[28.10362,-25.76175],[28.10342,-25.76153],[28.10327,-25.76136],[28.10306,-25.76116],[28.1029,-25.76102],[28.1027,-25.76087],[28.10247,-25.76072],[28.1022,-25.76056],[28.10203,-25.76047],[28.1019,-25.76041],[28.10177,-25.76035],[28.10153,-25.76026],[28.10128,-25.76019],[28.10107,-25.76014],[28.10093,-25.76011],[28.10071,-25.76008],[28.10054,-25.76006],[28.10038,-25.76005],[28.10017,-25.76004],[28.10002,-25.76004],[28.0998,-25.76005],[28.0996,-25.76007],[28.09945,-25.76008],[28.09851,-25.7602],[28.09745,-25.76032],[28.09604,-25.76049],[28.09519,-25.76059],[28.0949,-25.76062],[28.0947,-25.76063],[28.09446,-25.76064],[28.09424,-25.76065],[28.0939,-25.76066],[28.09339,-25.76065],[28.09293,-25.76062],[28.09182,-25.76053],[28.09067,-25.76045],[28.08982,-25.76038],[28.08929,-25.76034],[28.08868,-25.7603],[28.08826,-25.76027],[28.0877,-25.76022],[28.08753,-25.76021],[28.08737,-25.76021],[28.08714,-25.7602],[28.08689,-25.7602],[28.08668,-25.76021],[28.08647,-25.76022],[28.08625,-25.76024],[28.08609,-25.76026],[28.08534,-25.76035]]}},{"type":"Feature","properties":{"id":"way/539198801","name":"Unnamed","network":"PRASA"},"geometry":{"type":"LineString","coordinates":[[28.06295,-25.76419],[28.06281,-25.76414],[28.06246,-25.76403],[28.06203,-25.76389],[28.06135,-25.76367],[28.061,-25.76357],[28.06075,-25.76351],[28.06062,-25.76347],[28.06048,-25.76344],[28.06028,-25.76341],[28.06009,-25.76337]]}},{"type":"Feature","properties":{"id":"way/539198802","name":"Unnamed","network":"PRASA"},"geometry":{"type":"LineString","coordinates":[[28.06325,-25.76433],[28.06304,-25.76425],[28.06202,-25.76392],[28.06133,-25.76371],[28.06113,-25.76365],[28.061,-25.76361],[28.0608,-25.76356],[28.06062,-25.76352],[28.06049,-25.76349],[28.06026,-25.76346],[28.0601,-25.76342]]}},{"type":"Feature","properties":{"id":"way/542185474","name":"Unnamed","network":"PRASA"},"geometry":{"type":"LineString","coordinates":[[28.19099,-25.76127],[28.19126,-25.76155],[28.19156,-25.7619]]}},{"type":"Feature","properties":{"id":"way/542185480","name":"Unnamed","network":"PRASA"},"geometry":{"type":"LineString","coordinates":[[28.19204,-25.7624],[28.19216,-25.76253],[28.1923,-25.76268],[28.19243,-25.76284],[28.19255,-25.76298],[28.19267,-25.76314],[28.19274,-25.76324],[28.1928,-25.76335],[28.19289,-25.76349],[28.19298,-25.76366],[28.19303,-25.76379],[28.19307,-25.76389],[28.19311,-25.76401],[28.19323,-25.76449],[28.19331,-25.76477]]}},{"type":"Feature","properties":{"id":"way/542185481","name":"Unnamed","network":"PRASA"},"geometry":{"type":"LineString","coordinates":[[28.19327,-25.76477],[28.19316,-25.76437],[28.19307,-25.76402],[28.19303,-25.7639],[28.19299,-25.76379],[28.19294,-25.76369],[28.1929,-25.76361],[28.19279,-25.76341],[28.1927,-25.76327],[28.1926,-25.76314],[28.19239,-25.76287],[28.19221,-25.76267]]}},{"type":"Feature","properties":{"id":"way/542185482","name":"Unnamed","network":"PRASA"},"geometry":{"type":"LineString","coordinates":[[28.19057,-25.76083],[28.19099,-25.76127]]}},{"type":"Feature","properties":{"id":"way/542185483","name":"Unnamed","network":"PRASA"},"geometry":{"type":"LineString","coordinates":[[28.18924,-25.75846],[28.19068,-25.76028],[28.19084,-25.76052]]}},{"type":"Feature","properties":{"id":"way/542185485","name":"Unnamed","network":"PRASA"},"geometry":{"type":"LineString","coordinates":[[28.18192,-25.75563],[28.18203,-25.75565],[28.18214,-25.75568],[28.18231,-25.75573],[28.18249,-25.75579],[28.18267,-25.75585],[28.18273,-25.75588]]}},{"type":"Feature","properties":{"id":"way/542185486","name":"Unnamed","network":"PRASA"},"geometry":{"type":"LineString","coordinates":[[28.18822,-25.75854],[28.18808,-25.7584],[28.18797,-25.75831],[28.18784,-25.7582],[28.18767,-25.75808]]}},{"type":"Feature","properties":{"id":"way/542187109","name":"Unnamed","network":"PRASA"},"geometry":{"type":"LineString","coordinates":[[28.31643,-25.71731],[28.31592,-25.71734],[28.31524,-25.71738],[28.31436,-25.71743],[28.31395,-25.71746],[28.31387,-25.71746],[28.31312,-25.7175],[28.31224,-25.71756],[28.31198,-25.71758],[28.31165,-25.71761],[28.31144,-25.71764],[28.31099,-25.71773],[28.31074,-25.71779],[28.31052,-25.71786],[28.31028,-25.71794],[28.31006,-25.71803],[28.30987,-25.71811],[28.30973,-25.71817],[28.30958,-25.71824],[28.3093,-25.71838],[28.30912,-25.71848],[28.30897,-25.71857],[28.30883,-25.71865],[28.30865,-25.71878],[28.30835,-25.71899],[28.30825,-25.71908],[28.30806,-25.71924],[28.30783,-25.71945],[28.30603,-25.72108],[28.30592,-25.72118],[28.3052,-25.72181],[28.30447,-25.72245],[28.30313,-25.72367],[28.30152,-25.72514],[28.30101,-25.72562],[28.30079,-25.72581]]}},{"type":"Feature","properties":{"id":"way/542462341","name":"Unnamed","network":"PRASA"},"geometry":{"type":"LineString","coordinates":[[28.19286,-26.20096],[28.19239,-26.20148]]}},{"type":"Feature","properties":{"id":"way/542462345","name":"Unnamed","network":"PRASA"},"geometry":{"type":"LineString","coordinates":[[28.19239,-26.20148],[28.19214,-26.20176]]}},{"type":"Feature","properties":{"id":"way/542462353","name":"Unnamed","network":"PRASA"},"geometry":{"type":"LineString","coordinates":[[28.19858,-26.18503],[28.19863,-26.18486]]}},{"type":"Feature","properties":{"id":"way/542466108","name":"Unnamed","network":"PRASA"},"geometry":{"type":"LineString","coordinates":[[28.17448,-26.21134],[28.17497,-26.2114]]}},{"type":"Feature","properties":{"id":"way/542466112","name":"Unnamed","network":"PRASA"},"geometry":{"type":"LineString","coordinates":[[28.17338,-26.21116],[28.17348,-26.21117],[28.17376,-26.2112],[28.17395,-26.21122],[28.17432,-26.21127],[28.17452,-26.2113]]}},{"type":"Feature","properties":{"id":"way/542466118","name":"Unnamed","network":"PRASA"},"geometry":{"type":"LineString","coordinates":[[28.19214,-26.20176],[28.19137,-26.20263],[28.19036,-26.20376],[28.1886,-26.20572],[28.18817,-26.2062],[28.18695,-26.20756],[28.18606,-26.20856]]}},{"type":"Feature","properties":{"id":"way/567948519","name":"Unnamed","network":"PRASA"},"geometry":{"type":"LineString","coordinates":[[28.16868,-25.706],[28.16876,-25.70575]]}},{"type":"Feature","properties":{"id":"way/567949996","name":"Unnamed","network":"PRASA"},"geometry":{"type":"LineString","coordinates":[[28.16862,-25.70574],[28.16855,-25.70599]]}},{"type":"Feature","properties":{"id":"way/567949997","name":"Unnamed","network":"PRASA"},"geometry":{"type":"LineString","coordinates":[[28.18233,-25.67832],[28.18235,-25.67863],[28.18236,-25.67887],[28.18239,-25.67932],[28.18243,-25.68001],[28.18244,-25.68035],[28.18247,-25.68073],[28.1825,-25.68135],[28.18254,-25.68166],[28.1826,-25.68213],[28.18268,-25.68257],[28.18276,-25.68294],[28.18283,-25.68319],[28.18292,-25.68347],[28.183,-25.68373],[28.18309,-25.68398],[28.18327,-25.68439],[28.18338,-25.68462],[28.18344,-25.68475],[28.18352,-25.68491],[28.18362,-25.68511],[28.18375,-25.68534],[28.18393,-25.68561],[28.1841,-25.68588],[28.18431,-25.68617],[28.18453,-25.68645],[28.18479,-25.68676],[28.18498,-25.68699],[28.18525,-25.68725],[28.18564,-25.6876],[28.18608,-25.68799],[28.18631,-25.6882],[28.18652,-25.68844],[28.18666,-25.68863],[28.1868,-25.68885],[28.1869,-25.68904],[28.187,-25.68927],[28.18704,-25.68941],[28.18708,-25.68958],[28.18713,-25.68977],[28.18716,-25.68997],[28.18718,-25.6902],[28.18718,-25.6904],[28.18717,-25.69057],[28.18714,-25.69077],[28.18713,-25.69087],[28.18708,-25.69104],[28.18705,-25.69116],[28.18697,-25.69137],[28.18691,-25.69152],[28.18684,-25.69167],[28.18674,-25.69183],[28.18665,-25.69197],[28.18655,-25.6921],[28.18648,-25.69221],[28.1863,-25.69241],[28.18569,-25.69303],[28.18525,-25.69346],[28.18487,-25.69379],[28.18461,-25.69399],[28.18433,-25.69419],[28.184,-25.69439],[28.1838,-25.69451],[28.18356,-25.69465],[28.18323,-25.69485],[28.18313,-25.69492],[28.18241,-25.69536],[28.18171,-25.69578],[28.18109,-25.69616],[28.18042,-25.69657],[28.18003,-25.69681],[28.17967,-25.69702],[28.1796,-25.69707],[28.17906,-25.6974],[28.17898,-25.69744],[28.17848,-25.69774],[28.17838,-25.6978],[28.17707,-25.6986],[28.17656,-25.69892],[28.17594,-25.6993],[28.17555,-25.69952],[28.17542,-25.69958],[28.17522,-25.69969],[28.17502,-25.69978],[28.17481,-25.69987],[28.17465,-25.69994],[28.17438,-25.70004],[28.17422,-25.7001],[28.17398,-25.70018],[28.17377,-25.70024],[28.17351,-25.7003],[28.17332,-25.70034],[28.17294,-25.70042],[28.17271,-25.70048],[28.17256,-25.70052],[28.17239,-25.70057],[28.17224,-25.70063],[28.17209,-25.70069],[28.17192,-25.70076],[28.17178,-25.70083],[28.17164,-25.70091],[28.1715,-25.70099],[28.17139,-25.70107],[28.17127,-25.70116],[28.17117,-25.70124],[28.17098,-25.7014],[28.17086,-25.70151],[28.17072,-25.70167],[28.17048,-25.70195],[28.17005,-25.70248],[28.16973,-25.70287],[28.16957,-25.70309],[28.16945,-25.70329],[28.16935,-25.70347],[28.16929,-25.70363],[28.16921,-25.70385],[28.16913,-25.70408],[28.16906,-25.7043],[28.16892,-25.70477],[28.16878,-25.70525],[28.16862,-25.70574]]}},{"type":"Feature","properties":{"id":"way/567951638","name":"Unnamed","network":"PRASA"},"geometry":{"type":"LineString","coordinates":[[28.16869,-25.70575],[28.16884,-25.70525],[28.16893,-25.70497],[28.16898,-25.70479],[28.16914,-25.70425],[28.16925,-25.70393],[28.16937,-25.70363],[28.16948,-25.70341],[28.1696,-25.7032],[28.16972,-25.70302],[28.16979,-25.70291],[28.1699,-25.70276],[28.16997,-25.70268],[28.17012,-25.7025],[28.17023,-25.70238],[28.17037,-25.70225],[28.17049,-25.70214],[28.1706,-25.70204],[28.17075,-25.70192],[28.17087,-25.70183],[28.171,-25.70174],[28.17111,-25.70167],[28.17126,-25.70158],[28.17143,-25.70148],[28.1716,-25.70139],[28.17172,-25.70133],[28.17192,-25.70124],[28.17221,-25.70111],[28.17243,-25.701],[28.17276,-25.70086],[28.17315,-25.70067],[28.17365,-25.70046],[28.17388,-25.70037],[28.1742,-25.70024],[28.1745,-25.70012],[28.17476,-25.70002],[28.17496,-25.69993],[28.17507,-25.69988],[28.17543,-25.6997],[28.17558,-25.69961],[28.17604,-25.69932],[28.17627,-25.69917],[28.17667,-25.69892],[28.17711,-25.69865],[28.17747,-25.69843],[28.17763,-25.69833],[28.17816,-25.69801],[28.17823,-25.69796],[28.17907,-25.69746],[28.17987,-25.69697],[28.17994,-25.69692],[28.18048,-25.6966],[28.18115,-25.69619],[28.18175,-25.69583],[28.1821,-25.69561],[28.18253,-25.69535],[28.18285,-25.69516],[28.18376,-25.69461],[28.18401,-25.69445],[28.18431,-25.69426],[28.18456,-25.69409],[28.18467,-25.694],[28.18479,-25.69392],[28.1853,-25.69346],[28.1858,-25.69298],[28.18619,-25.69257],[28.18632,-25.69243],[28.18651,-25.69222],[28.18667,-25.69201],[28.18679,-25.69183],[28.18686,-25.6917],[28.18694,-25.69155],[28.18701,-25.69139],[28.1871,-25.69115],[28.18716,-25.69091],[28.18719,-25.6907],[28.18721,-25.69057],[28.18722,-25.69038],[28.18722,-25.69015],[28.1872,-25.68994],[28.18716,-25.68968],[28.18711,-25.68949],[28.18705,-25.6893],[28.18699,-25.68914],[28.18688,-25.68892],[28.18679,-25.68877],[28.18669,-25.68861],[28.18662,-25.68851],[28.18652,-25.68839],[28.18634,-25.68819],[28.18616,-25.688],[28.18587,-25.68775],[28.18562,-25.68753],[28.18525,-25.6872],[28.18508,-25.68704],[28.18489,-25.68683],[28.18476,-25.68669],[28.18463,-25.68652],[28.18437,-25.6862],[28.18417,-25.68593],[28.184,-25.68565],[28.18385,-25.68542],[28.18363,-25.68504],[28.18349,-25.68477],[28.18342,-25.68463],[28.18336,-25.6845],[28.18331,-25.68439],[28.18322,-25.68419],[28.18312,-25.68393],[28.18304,-25.68371],[28.18296,-25.68348],[28.18291,-25.68332],[28.18283,-25.68303],[28.18277,-25.68274],[28.1827,-25.68242],[28.18263,-25.682],[28.18258,-25.68161],[28.18255,-25.68135],[28.1825,-25.68057],[28.18247,-25.68002],[28.18243,-25.67932],[28.1824,-25.67887],[28.1824,-25.67863],[28.18238,-25.67832]]}},{"type":"Feature","properties":{"id":"way/567951639","name":"Unnamed","network":"PRASA"},"geometry":{"type":"LineString","coordinates":[[28.16862,-25.70599],[28.16869,-25.70575]]}},{"type":"Feature","properties":{"id":"way/568090954","name":"Unnamed","network":"PRASA"},"geometry":{"type":"LineString","coordinates":[[28.18227,-25.67796],[28.18222,-25.67702],[28.18219,-25.67644],[28.18216,-25.67601],[28.18216,-25.67593]]}},{"type":"Feature","properties":{"id":"way/568194942","name":"Unnamed","network":"PRASA"},"geometry":{"type":"LineString","coordinates":[[28.18214,-25.67564],[28.18212,-25.67528],[28.18211,-25.67515],[28.1821,-25.67505],[28.18208,-25.67492],[28.18204,-25.67472],[28.18201,-25.6746],[28.18199,-25.67449],[28.18197,-25.67434],[28.18195,-25.67421],[28.18194,-25.67397],[28.18192,-25.67371],[28.18178,-25.67119],[28.18174,-25.67035],[28.18174,-25.66999],[28.18175,-25.66952],[28.18175,-25.66896]]}},{"type":"Feature","properties":{"id":"way/610079566","name":"Unnamed","network":"PRASA"},"geometry":{"type":"LineString","coordinates":[[27.93886,-26.21604],[27.9377,-26.21657],[27.93739,-26.21671],[27.93698,-26.21691],[27.9369,-26.21694]]}},{"type":"Feature","properties":{"id":"way/610079568","name":"Unnamed","network":"PRASA"},"geometry":{"type":"LineString","coordinates":[[27.98448,-26.2025],[27.98497,-26.2023],[27.98557,-26.20204],[27.98568,-26.202],[27.98585,-26.20193],[27.98599,-26.20189],[27.98611,-26.20185],[27.98625,-26.20181],[27.9864,-26.20178],[27.98656,-26.20175],[27.98676,-26.20172],[27.98694,-26.2017],[27.98711,-26.20169],[27.98729,-26.20169],[27.98747,-26.20169],[27.98838,-26.2017]]}},{"type":"Feature","properties":{"id":"way/610079570","name":"Unnamed","network":"PRASA"},"geometry":{"type":"LineString","coordinates":[[28.04095,-26.19811],[28.04267,-26.19791]]}},{"type":"Feature","properties":{"id":"way/610079573","name":"Unnamed","network":"PRASA"},"geometry":{"type":"LineString","coordinates":[[28.08183,-26.20729],[28.08116,-26.20757],[28.08093,-26.20767],[28.08073,-26.20775],[28.08057,-26.20781],[28.08035,-26.20789],[28.08018,-26.20795],[28.07998,-26.208],[28.07962,-26.20811],[28.0792,-26.20823]]}},{"type":"Feature","properties":{"id":"way/610079575","name":"Unnamed","network":"PRASA"},"geometry":{"type":"LineString","coordinates":[[28.08367,-26.20657],[28.08315,-26.20676],[28.08294,-26.20683],[28.08272,-26.20692],[28.08242,-26.20704],[28.08183,-26.20729]]}},{"type":"Feature","properties":{"id":"way/610079576","name":"Unnamed","network":"PRASA"},"geometry":{"type":"LineString","coordinates":[[27.9496,-26.21155],[27.94979,-26.21132],[27.9499,-26.21113],[27.95016,-26.21069],[27.95041,-26.21023],[27.95052,-26.21],[27.95067,-26.20967],[27.95083,-26.20929],[27.95096,-26.20896],[27.95107,-26.20871],[27.95118,-26.20845],[27.95122,-26.20827]]}},{"type":"Feature","properties":{"id":"way/617693164","name":"Unnamed","network":"PRASA"},"geometry":{"type":"LineString","coordinates":[[27.92064,-26.23213],[27.91998,-26.2328],[27.91977,-26.23302],[27.91958,-26.23322],[27.91946,-26.23335],[27.91937,-26.23347],[27.91922,-26.23365],[27.91909,-26.23384],[27.91903,-26.23393],[27.9189,-26.23413],[27.91881,-26.2343],[27.91875,-26.23441],[27.91842,-26.23513],[27.91836,-26.23527],[27.91821,-26.23562],[27.91805,-26.23599],[27.91786,-26.23645],[27.91775,-26.23668],[27.91766,-26.23689],[27.91701,-26.23842],[27.91688,-26.23872],[27.9168,-26.23889],[27.91669,-26.23912],[27.91659,-26.23929]]}},{"type":"Feature","properties":{"id":"way/617693165","name":"Unnamed","network":"PRASA"},"geometry":{"type":"LineString","coordinates":[[27.92077,-26.232],[27.92064,-26.23213]]}},{"type":"Feature","properties":{"id":"way/617698399","name":"Unnamed","network":"PRASA"},"geometry":{"type":"LineString","coordinates":[[28.19392,-26.23008],[28.19397,-26.23039],[28.19402,-26.23074],[28.19405,-26.23102],[28.19409,-26.23142],[28.19418,-26.23234],[28.19427,-26.23324],[28.19431,-26.23359],[28.19434,-26.23397],[28.19445,-26.23513],[28.19457,-26.23633],[28.19467,-26.23732],[28.19471,-26.23764],[28.19474,-26.23806],[28.19476,-26.23825],[28.19476,-26.23843],[28.19476,-26.23855],[28.19475,-26.23867],[28.19473,-26.23886],[28.1947,-26.23903],[28.19467,-26.2392],[28.19461,-26.23938],[28.19452,-26.23965],[28.19441,-26.2399],[28.19423,-26.24029],[28.194,-26.24077]]}},{"type":"Feature","properties":{"id":"way/617698400","name":"Unnamed","network":"PRASA"},"geometry":{"type":"LineString","coordinates":[[28.19383,-26.22971],[28.19392,-26.23008]]}},{"type":"Feature","properties":{"id":"way/617698401","name":"Unnamed","network":"PRASA"},"geometry":{"type":"LineString","coordinates":[[28.19377,-26.2301],[28.19382,-26.23046],[28.19386,-26.23075],[28.19387,-26.23105],[28.19388,-26.23144],[28.19394,-26.23327],[28.19395,-26.23362],[28.19397,-26.23395],[28.19404,-26.23644]]}},{"type":"Feature","properties":{"id":"way/617698403","name":"Unnamed","network":"PRASA"},"geometry":{"type":"LineString","coordinates":[[28.1937,-26.22973],[28.19377,-26.2301]]}},{"type":"Feature","properties":{"id":"way/617698410","name":"Unnamed","network":"PRASA"},"geometry":{"type":"LineString","coordinates":[[28.31429,-26.19756],[28.31453,-26.1977]]}},{"type":"Feature","properties":{"id":"way/617698413","name":"Unnamed","network":"PRASA"},"geometry":{"type":"LineString","coordinates":[[28.19404,-26.23672],[28.19406,-26.23719],[28.19407,-26.23758],[28.19408,-26.23802],[28.19411,-26.23875],[28.19412,-26.2392]]}},{"type":"Feature","properties":{"id":"way/617698415","name":"Unnamed","network":"PRASA"},"geometry":{"type":"LineString","coordinates":[[28.19404,-26.23644],[28.19404,-26.23672]]}},{"type":"Feature","properties":{"id":"way/625141720","name":"Unnamed","network":"PRASA"},"geometry":{"type":"LineString","coordinates":[[28.14426,-26.29834],[28.14424,-26.2985]]}},{"type":"Feature","properties":{"id":"way/625141721","name":"Unnamed","network":"PRASA"},"geometry":{"type":"LineString","coordinates":[[28.14432,-26.29804],[28.14426,-26.29834]]}},{"type":"Feature","properties":{"id":"way/635741032","name":"Unnamed","network":"PRASA"},"geometry":{"type":"LineString","coordinates":[[28.29393,-26.20645],[28.29361,-26.2066],[28.29333,-26.20673],[28.29276,-26.20695],[28.29219,-26.20717],[28.29098,-26.20762],[28.28973,-26.20809],[28.28894,-26.20838]]}},{"type":"Feature","properties":{"id":"way/635741033","name":"Unnamed","network":"PRASA"},"geometry":{"type":"LineString","coordinates":[[28.2928,-26.2068],[28.29209,-26.20707]]}},{"type":"Feature","properties":{"id":"way/635795268","name":"Unnamed","network":"PRASA"},"geometry":{"type":"LineString","coordinates":[[28.16031,-26.30023],[28.16026,-26.30047],[28.16021,-26.30074],[28.16018,-26.301],[28.16016,-26.30126],[28.16016,-26.30149],[28.16016,-26.30175],[28.16017,-26.30202],[28.16019,-26.30225],[28.16022,-26.30254],[28.16026,-26.3028],[28.16033,-26.3031],[28.16045,-26.30366],[28.16067,-26.30459],[28.1607,-26.30469],[28.16084,-26.30527],[28.16109,-26.30632],[28.16137,-26.30752],[28.1616,-26.30847],[28.16173,-26.30903],[28.16191,-26.30978],[28.16203,-26.31029],[28.16206,-26.31042],[28.16222,-26.31108],[28.16233,-26.31153],[28.16264,-26.31282],[28.16294,-26.3141],[28.16318,-26.31512],[28.16327,-26.31546]]}},{"type":"Feature","properties":{"id":"way/635795269","name":"Unnamed","network":"PRASA"},"geometry":{"type":"LineString","coordinates":[[28.16041,-26.2998],[28.16031,-26.30023]]}},{"type":"Feature","properties":{"id":"way/635813463","name":"Unnamed","network":"PRASA"},"geometry":{"type":"LineString","coordinates":[[28.12509,-26.21816],[28.12486,-26.21823]]}},{"type":"Feature","properties":{"id":"way/635813466","name":"Unnamed","network":"PRASA"},"geometry":{"type":"LineString","coordinates":[[28.1374,-26.21738],[28.13726,-26.2172],[28.13715,-26.21706],[28.13704,-26.21692],[28.13691,-26.21679],[28.13679,-26.21667],[28.13666,-26.21656],[28.13653,-26.21645],[28.13638,-26.21634],[28.13627,-26.21627],[28.13614,-26.21619],[28.13598,-26.21611],[28.1358,-26.21602],[28.13564,-26.21595],[28.13542,-26.21587],[28.13525,-26.21582],[28.13508,-26.21577],[28.13489,-26.21574],[28.13473,-26.21571],[28.13454,-26.21568],[28.13433,-26.21567],[28.13413,-26.21566],[28.13393,-26.21567],[28.13372,-26.21568],[28.13356,-26.21571],[28.13337,-26.21573],[28.1332,-26.21577],[28.13301,-26.21581],[28.13262,-26.21592],[28.13237,-26.21599],[28.13085,-26.21645],[28.1301,-26.21667],[28.12985,-26.21675],[28.12921,-26.21694],[28.12865,-26.21711],[28.12835,-26.21721],[28.1281,-26.2173],[28.12767,-26.21746],[28.12744,-26.21755],[28.12725,-26.21761],[28.12702,-26.21768],[28.12677,-26.21775],[28.12648,-26.21784],[28.12623,-26.2179],[28.12601,-26.21795],[28.12564,-26.21803],[28.12537,-26.21809],[28.12527,-26.21811],[28.12509,-26.21816]]}},{"type":"Feature","properties":{"id":"way/656849293","name":"Unnamed","network":"PRASA"},"geometry":{"type":"LineString","coordinates":[[28.03788,-26.19763],[28.03827,-26.19772],[28.03843,-26.19775]]}},{"type":"Feature","properties":{"id":"way/656850797","name":"Unnamed","network":"PRASA"},"geometry":{"type":"LineString","coordinates":[[28.17356,-26.21126],[28.17285,-26.21117]]}},{"type":"Feature","properties":{"id":"way/656850799","name":"Unnamed","network":"PRASA"},"geometry":{"type":"LineString","coordinates":[[28.17858,-25.7206],[28.17951,-25.72072],[28.18062,-25.72087],[28.18113,-25.72093],[28.18187,-25.72103],[28.18411,-25.72132],[28.18541,-25.72149],[28.1855,-25.7215],[28.18592,-25.72155],[28.18638,-25.7216],[28.18653,-25.72162]]}},{"type":"Feature","properties":{"id":"way/656850802","name":"Unnamed","network":"PRASA"},"geometry":{"type":"LineString","coordinates":[[28.16,-25.75364],[28.15997,-25.75324]]}},{"type":"Feature","properties":{"id":"way/660918769","name":"Unnamed","network":"PRASA"},"geometry":{"type":"LineString","coordinates":[[28.35465,-25.72292],[28.35508,-25.72285]]}},{"type":"Feature","properties":{"id":"way/660918770","name":"Unnamed","network":"PRASA"},"geometry":{"type":"LineString","coordinates":[[28.35508,-25.72285],[28.3554,-25.7228],[28.3564,-25.72264]]}},{"type":"Feature","properties":{"id":"way/687811263","name":"Unnamed","network":"PRASA"},"geometry":{"type":"LineString","coordinates":[[28.1371,-26.20795],[28.13692,-26.20792],[28.13666,-26.20787],[28.13639,-26.20785],[28.13619,-26.20784]]}},{"type":"Feature","properties":{"id":"way/687811265","name":"Unnamed","network":"PRASA"},"geometry":{"type":"LineString","coordinates":[[28.13708,-26.20784],[28.13688,-26.20781],[28.13664,-26.20779],[28.13636,-26.20776],[28.13621,-26.20775]]}},{"type":"Feature","properties":{"id":"way/687811268","name":"Unnamed","network":"PRASA"},"geometry":{"type":"LineString","coordinates":[[28.13705,-26.20765],[28.13718,-26.20766],[28.13736,-26.20769],[28.13753,-26.20772],[28.13771,-26.20776],[28.13788,-26.2078],[28.13808,-26.20785],[28.13827,-26.20791],[28.13851,-26.20799],[28.1389,-26.20812],[28.1396,-26.20836],[28.13993,-26.20848],[28.14016,-26.20857],[28.14036,-26.20866],[28.14049,-26.20871],[28.14064,-26.20879],[28.14077,-26.20886],[28.14105,-26.20904],[28.14123,-26.20918],[28.14134,-26.20927],[28.14149,-26.20941],[28.14164,-26.20956],[28.14217,-26.21013],[28.14275,-26.21073],[28.143,-26.21099],[28.14312,-26.21111],[28.14325,-26.21123],[28.14345,-26.21141],[28.14371,-26.21163],[28.14423,-26.21205],[28.1445,-26.21227],[28.14471,-26.21242],[28.14497,-26.21259],[28.14523,-26.21274],[28.14548,-26.21286],[28.14566,-26.21294],[28.14578,-26.21299]]}},{"type":"Feature","properties":{"id":"way/687811269","name":"Unnamed","network":"PRASA"},"geometry":{"type":"LineString","coordinates":[[28.13626,-26.20756],[28.13646,-26.20758],[28.13667,-26.20761],[28.13687,-26.20763],[28.13705,-26.20765]]}},{"type":"Feature","properties":{"id":"way/687811271","name":"Unnamed","network":"PRASA"},"geometry":{"type":"LineString","coordinates":[[28.13621,-26.20775],[28.13598,-26.20775],[28.13505,-26.20773],[28.13471,-26.20773],[28.13449,-26.20774],[28.13427,-26.20776],[28.13404,-26.2078],[28.1338,-26.20785],[28.1336,-26.2079],[28.13337,-26.20796],[28.13316,-26.20802],[28.13296,-26.20809],[28.13274,-26.20817],[28.13255,-26.20824],[28.13234,-26.20833],[28.13215,-26.20841],[28.13197,-26.2085],[28.13176,-26.20861],[28.13129,-26.20886],[28.13049,-26.20929],[28.13015,-26.20945],[28.12988,-26.20957],[28.12959,-26.20968],[28.12933,-26.20976],[28.1291,-26.20981],[28.12888,-26.20985],[28.12868,-26.20989],[28.12838,-26.20992],[28.12808,-26.20995],[28.12769,-26.20994],[28.12726,-26.20991],[28.12312,-26.20947],[28.12194,-26.20935],[28.1213,-26.20928],[28.12066,-26.20921],[28.1203,-26.20917],[28.12003,-26.20912],[28.11975,-26.20907],[28.11947,-26.209],[28.11919,-26.20893],[28.11891,-26.20885],[28.11866,-26.20876],[28.11838,-26.20866],[28.11807,-26.20854],[28.11769,-26.20837],[28.1173,-26.20818],[28.11701,-26.20802],[28.11674,-26.20786],[28.11641,-26.20765],[28.11619,-26.20749],[28.11592,-26.20728],[28.1157,-26.20707],[28.11541,-26.20681],[28.11515,-26.20657],[28.11498,-26.20642],[28.11478,-26.20625],[28.1145,-26.20603],[28.11426,-26.20585],[28.11399,-26.20567],[28.1137,-26.2055],[28.11339,-26.20532],[28.11291,-26.20508],[28.11242,-26.20486],[28.11215,-26.20475],[28.11191,-26.20466],[28.11167,-26.20457],[28.1114,-26.20448],[28.1111,-26.20439],[28.11085,-26.20432],[28.11054,-26.20424],[28.11015,-26.20415],[28.10961,-26.20404],[28.10893,-26.20389],[28.10846,-26.2038],[28.10812,-26.20374],[28.10778,-26.2037],[28.10744,-26.20366],[28.10705,-26.20363],[28.10664,-26.2036],[28.10627,-26.20359],[28.106,-26.20359],[28.10578,-26.20359],[28.10546,-26.20361],[28.10512,-26.20364],[28.10481,-26.20367],[28.10451,-26.20371],[28.10424,-26.20376],[28.10401,-26.2038],[28.1038,-26.20384],[28.10347,-26.20391],[28.10318,-26.20399],[28.10282,-26.20409],[28.10247,-26.2042],[28.10187,-26.2044],[28.09982,-26.20506],[28.09804,-26.20564],[28.09572,-26.20639],[28.09496,-26.20663],[28.09468,-26.20671],[28.09448,-26.20677],[28.09425,-26.20683],[28.09405,-26.20687],[28.09392,-26.20689],[28.09374,-26.20692],[28.09345,-26.20696],[28.0932,-26.20697],[28.09294,-26.20698],[28.0927,-26.20697],[28.09252,-26.20696],[28.09232,-26.20694],[28.09205,-26.20689],[28.09172,-26.20682],[28.09146,-26.20676],[28.09119,-26.20668],[28.08964,-26.20626],[28.08844,-26.20593],[28.08807,-26.20584],[28.08788,-26.2058],[28.08771,-26.20577],[28.08751,-26.20574],[28.08733,-26.20572],[28.08716,-26.20571],[28.08703,-26.20571],[28.08691,-26.20571],[28.08673,-26.20571],[28.08645,-26.20572],[28.08624,-26.20574],[28.08608,-26.20577],[28.0859,-26.20579],[28.08568,-26.20584],[28.08551,-26.20588],[28.08532,-26.20594],[28.08518,-26.20598],[28.08492,-26.20607],[28.08423,-26.20632],[28.08394,-26.20643],[28.08372,-26.20651]]}},{"type":"Feature","properties":{"id":"way/687811274","name":"Unnamed","network":"PRASA"},"geometry":{"type":"LineString","coordinates":[[28.13619,-26.20784],[28.13595,-26.20783],[28.13559,-26.20782],[28.13532,-26.20782],[28.13506,-26.20783],[28.13477,-26.20785],[28.13451,-26.20789],[28.13414,-26.20796],[28.13383,-26.20801],[28.13361,-26.20805],[28.13342,-26.20809],[28.13317,-26.20816],[28.13294,-26.20823],[28.13275,-26.20829],[28.13252,-26.20839],[28.13168,-26.20878],[28.13134,-26.20894],[28.13051,-26.20934],[28.13017,-26.20949],[28.12989,-26.20961],[28.1296,-26.20972],[28.12933,-26.20979],[28.12911,-26.20985],[28.12889,-26.2099],[28.12869,-26.20993],[28.12838,-26.20997],[28.12811,-26.20998],[28.12791,-26.20998],[28.1277,-26.20998],[28.12745,-26.20997],[28.1272,-26.20994],[28.12342,-26.20954],[28.12294,-26.2095],[28.12232,-26.20945],[28.12167,-26.20941],[28.12064,-26.2093],[28.12028,-26.20926],[28.12006,-26.20922],[28.11979,-26.20917],[28.11954,-26.20912],[28.11931,-26.20907],[28.1191,-26.20901],[28.11886,-26.20894],[28.11862,-26.20887],[28.11841,-26.20879],[28.11823,-26.20873],[28.11802,-26.20864],[28.11782,-26.20855],[28.11761,-26.20846],[28.11742,-26.20836],[28.11724,-26.20826],[28.11697,-26.20808],[28.1167,-26.20791],[28.11646,-26.20774],[28.11616,-26.20752],[28.11589,-26.2073],[28.11567,-26.2071],[28.11558,-26.20702],[28.11538,-26.20684],[28.11516,-26.20663],[28.11495,-26.20644],[28.11475,-26.20627],[28.11447,-26.20605],[28.11423,-26.20588],[28.11397,-26.2057],[28.11368,-26.20553],[28.11337,-26.20535],[28.11288,-26.20511],[28.1124,-26.2049],[28.11216,-26.20481],[28.11204,-26.20477],[28.1119,-26.20472],[28.11165,-26.20465],[28.1108,-26.20443],[28.11011,-26.20425],[28.10925,-26.20404],[28.10879,-26.20392],[28.10846,-26.20385],[28.1081,-26.20378],[28.10777,-26.20373],[28.10743,-26.20369],[28.10705,-26.20366],[28.10664,-26.20364],[28.10626,-26.20362],[28.1059,-26.20363],[28.10564,-26.20364],[28.1053,-26.20366],[28.10503,-26.20368],[28.10474,-26.20372],[28.10444,-26.20376],[28.10406,-26.20383],[28.10372,-26.2039],[28.10339,-26.20397],[28.10305,-26.20406],[28.10279,-26.20413],[28.10249,-26.20423],[28.10188,-26.20443],[28.10077,-26.20479],[28.09983,-26.20509],[28.0995,-26.20521],[28.09926,-26.20529],[28.09843,-26.20559],[28.09807,-26.20572],[28.09733,-26.20597]]}},{"type":"Feature","properties":{"id":"way/688736175","name":"Unnamed","network":"PRASA"},"geometry":{"type":"LineString","coordinates":[[28.19084,-25.76052],[28.19093,-25.76065],[28.19104,-25.76085],[28.19105,-25.76087],[28.19119,-25.7611],[28.19129,-25.76128],[28.19139,-25.76144],[28.19149,-25.76159],[28.19157,-25.76169],[28.19168,-25.76183],[28.19178,-25.76196],[28.19199,-25.7622]]}},{"type":"Feature","properties":{"id":"way/688736177","name":"Unnamed","network":"PRASA"},"geometry":{"type":"LineString","coordinates":[[28.19154,-25.76173],[28.19145,-25.76162],[28.19137,-25.76148],[28.19132,-25.76141],[28.19107,-25.76097],[28.1909,-25.76068],[28.19082,-25.76055]]}},{"type":"Feature","properties":{"id":"way/688736178","name":"Unnamed","network":"PRASA"},"geometry":{"type":"LineString","coordinates":[[28.19078,-25.76057],[28.18962,-25.7592],[28.18909,-25.75857]]}},{"type":"Feature","properties":{"id":"way/688736179","name":"Unnamed","network":"PRASA"},"geometry":{"type":"LineString","coordinates":[[28.19057,-25.7604],[28.18902,-25.75879],[28.18882,-25.75862],[28.18865,-25.75849],[28.18848,-25.75839],[28.18834,-25.75831],[28.18801,-25.75812],[28.1878,-25.75801],[28.18744,-25.75783],[28.18712,-25.75765],[28.18684,-25.75749],[28.18657,-25.75735]]}},{"type":"Feature","properties":{"id":"way/688736180","name":"Unnamed","network":"PRASA"},"geometry":{"type":"LineString","coordinates":[[28.19074,-25.76068],[28.19063,-25.76055],[28.19053,-25.76043],[28.1891,-25.75894],[28.18898,-25.75882],[28.1888,-25.75866],[28.18869,-25.75859],[28.18859,-25.75851],[28.18846,-25.75844],[28.18824,-25.75831]]}},{"type":"Feature","properties":{"id":"way/715591767","name":"Unnamed","network":"PRASA"},"geometry":{"type":"LineString","coordinates":[[28.36317,-25.72157],[28.3637,-25.72149],[28.36411,-25.72147],[28.36467,-25.72147],[28.36516,-25.72151],[28.36553,-25.72156],[28.36604,-25.72167],[28.36701,-25.72193],[28.36857,-25.72233],[28.36947,-25.72256],[28.36972,-25.72262],[28.36985,-25.72265],[28.37078,-25.72289],[28.37145,-25.72305],[28.37316,-25.72348],[28.3748,-25.7239],[28.37691,-25.72443],[28.37806,-25.72472],[28.37934,-25.72504],[28.38072,-25.72539],[28.38164,-25.72563],[28.382,-25.72572],[28.38217,-25.72577],[28.38239,-25.72584],[28.38258,-25.7259],[28.3828,-25.72598],[28.38317,-25.72613],[28.38345,-25.72625],[28.38587,-25.72735],[28.38619,-25.7275],[28.38654,-25.72766],[28.38685,-25.72779],[28.38708,-25.72788],[28.38728,-25.72795],[28.38788,-25.72812],[28.3883,-25.72822],[28.38849,-25.72826],[28.3886,-25.72828],[28.38869,-25.7283],[28.38885,-25.72832],[28.38906,-25.72835],[28.38917,-25.72837],[28.38932,-25.72839],[28.38949,-25.7284],[28.38955,-25.72841],[28.39012,-25.72847],[28.39016,-25.72848],[28.3903,-25.72849],[28.39099,-25.72857],[28.39116,-25.72859],[28.39131,-25.72861],[28.39153,-25.72863],[28.39187,-25.72866],[28.39336,-25.72883],[28.39503,-25.72901],[28.39626,-25.72914],[28.39712,-25.72924],[28.398,-25.72934],[28.40018,-25.72958],[28.40069,-25.72963],[28.40109,-25.72968],[28.40169,-25.72974],[28.40295,-25.72989],[28.40302,-25.72989],[28.40354,-25.72995],[28.40464,-25.73007],[28.40589,-25.7302],[28.40746,-25.73037],[28.40805,-25.73044],[28.40933,-25.73059],[28.41001,-25.73066],[28.41102,-25.73077],[28.41205,-25.73088],[28.41341,-25.73103],[28.41441,-25.73114],[28.41467,-25.73117],[28.41476,-25.73118],[28.41514,-25.73122],[28.41601,-25.73132],[28.41637,-25.73136],[28.41834,-25.73157],[28.41948,-25.7317],[28.41984,-25.73175],[28.42015,-25.7318],[28.42056,-25.73189],[28.42089,-25.73197],[28.42125,-25.73208],[28.42157,-25.73218],[28.4218,-25.73227],[28.42209,-25.73239],[28.42245,-25.73254],[28.42313,-25.73286],[28.42384,-25.7332],[28.42389,-25.73323],[28.42412,-25.73334],[28.42422,-25.73339],[28.42434,-25.73345]]}},{"type":"Feature","properties":{"id":"way/715591771","name":"Unnamed","network":"PRASA"},"geometry":{"type":"LineString","coordinates":[[28.42434,-25.73345],[28.42496,-25.73374],[28.42591,-25.73419],[28.42656,-25.73451],[28.42677,-25.73461],[28.42817,-25.73527],[28.42831,-25.73534],[28.42894,-25.73562],[28.42924,-25.73574],[28.42948,-25.73583],[28.4298,-25.73593],[28.42999,-25.73598],[28.43042,-25.73609],[28.43075,-25.73615],[28.43113,-25.73621],[28.43151,-25.73625],[28.43198,-25.73628],[28.43239,-25.73628],[28.43257,-25.73628],[28.43282,-25.73627],[28.43313,-25.73625],[28.4336,-25.73619],[28.43381,-25.73615],[28.43402,-25.73612],[28.43429,-25.73606],[28.4346,-25.73598],[28.43508,-25.73584],[28.43567,-25.73564],[28.43687,-25.73524],[28.43777,-25.73494],[28.43849,-25.73471],[28.43883,-25.73461],[28.43932,-25.73449],[28.43972,-25.73442],[28.44018,-25.73436],[28.44062,-25.73432],[28.44093,-25.73431],[28.44135,-25.73431],[28.44166,-25.73433],[28.44189,-25.73434],[28.4422,-25.73437],[28.44285,-25.73444],[28.44314,-25.73447]]}},{"type":"Feature","properties":{"id":"way/722661551","name":"Unnamed","network":"PRASA"},"geometry":{"type":"LineString","coordinates":[[28.24123,-25.74658],[28.24112,-25.74661],[28.24108,-25.74663]]}},{"type":"Feature","properties":{"id":"way/722661552","name":"Unnamed","network":"PRASA"},"geometry":{"type":"LineString","coordinates":[[28.24108,-25.74663],[28.23962,-25.74712],[28.23917,-25.74727],[28.23876,-25.74737],[28.23835,-25.74746],[28.23823,-25.74749]]}},{"type":"Feature","properties":{"id":"way/722661553","name":"Metro","network":"PRASA"},"geometry":{"type":"LineString","coordinates":[[28.24107,-25.74659],[28.24119,-25.74655],[28.24121,-25.74654]]}},{"type":"Feature","properties":{"id":"way/722661554","name":"Metro","network":"PRASA"},"geometry":{"type":"LineString","coordinates":[[28.24121,-25.74654],[28.2413,-25.74651],[28.24241,-25.74614],[28.24362,-25.74573],[28.24642,-25.74478],[28.24748,-25.74443],[28.24793,-25.74427],[28.24896,-25.74392],[28.25015,-25.74352],[28.25064,-25.74335],[28.25097,-25.74324],[28.25117,-25.74316],[28.25132,-25.74309],[28.25146,-25.74303],[28.25168,-25.74292],[28.2519,-25.74282],[28.25254,-25.74251],[28.25342,-25.74208],[28.25376,-25.74192],[28.25467,-25.74147],[28.25553,-25.74106],[28.25691,-25.74042],[28.25826,-25.73976],[28.25899,-25.73941],[28.25931,-25.73925],[28.25957,-25.73911],[28.25982,-25.73896],[28.26008,-25.73878],[28.26025,-25.73865],[28.26047,-25.73848],[28.26073,-25.73825],[28.26093,-25.73805],[28.26108,-25.7379],[28.26123,-25.73773],[28.26135,-25.7376],[28.26161,-25.73728],[28.26187,-25.73688],[28.26209,-25.73647],[28.26238,-25.73576],[28.26274,-25.73499],[28.26289,-25.73471],[28.26305,-25.73447],[28.26324,-25.73418],[28.26363,-25.73373],[28.26416,-25.73318],[28.26454,-25.73285],[28.26579,-25.7319],[28.26691,-25.73104],[28.26727,-25.73076],[28.26844,-25.72987],[28.26861,-25.72975],[28.26898,-25.72947],[28.26938,-25.72916],[28.27158,-25.72749],[28.27204,-25.72714],[28.27239,-25.72688],[28.27261,-25.72672],[28.27274,-25.72664],[28.27285,-25.72658],[28.27295,-25.72653],[28.27309,-25.72646],[28.27318,-25.72642],[28.2733,-25.72637],[28.27346,-25.72631],[28.27361,-25.72626],[28.27371,-25.72623],[28.27383,-25.72621],[28.27397,-25.72618],[28.27413,-25.72615],[28.2743,-25.72613],[28.27453,-25.72611],[28.27485,-25.72609],[28.27504,-25.72608],[28.27515,-25.72608],[28.27526,-25.72608],[28.27547,-25.72609]]}},{"type":"Feature","properties":{"id":"way/746269524","name":"Unnamed","network":"PRASA"},"geometry":{"type":"LineString","coordinates":[[28.18181,-25.66735],[28.18181,-25.66692],[28.18177,-25.66662],[28.1817,-25.66608],[28.18162,-25.66552],[28.18157,-25.66527],[28.18152,-25.66506],[28.18142,-25.66471],[28.18133,-25.66448],[28.18125,-25.6643],[28.18119,-25.66415],[28.18098,-25.66375],[28.18079,-25.66342],[28.1806,-25.6631],[28.18043,-25.66285],[28.18028,-25.66264],[28.18014,-25.66244],[28.18,-25.66227],[28.17986,-25.6621],[28.1798,-25.66203],[28.17964,-25.66186],[28.17953,-25.66173],[28.17937,-25.66158],[28.17924,-25.66145],[28.17904,-25.66127],[28.17881,-25.66108],[28.17856,-25.66088],[28.17836,-25.66073],[28.17811,-25.66056],[28.17772,-25.66032],[28.17745,-25.66017],[28.17734,-25.66011],[28.17711,-25.66],[28.17674,-25.65982],[28.17655,-25.65974]]}},{"type":"Feature","properties":{"id":"way/749299812","name":"Unnamed","network":"PRASA"},"geometry":{"type":"LineString","coordinates":[[28.07718,-26.2089],[28.0774,-26.20883],[28.07757,-26.20879],[28.07781,-26.20871]]}},{"type":"Feature","properties":{"id":"way/749307455","name":"Unnamed","network":"PRASA"},"geometry":{"type":"LineString","coordinates":[[28.16378,-26.22502],[28.16371,-26.22483],[28.16369,-26.22476],[28.16363,-26.22458]]}},{"type":"Feature","properties":{"id":"way/754030682","name":"Unnamed","network":"PRASA"},"geometry":{"type":"LineString","coordinates":[[28.3564,-25.72261],[28.35652,-25.72259]]}},{"type":"Feature","properties":{"id":"way/754030683","name":"Unnamed","network":"PRASA"},"geometry":{"type":"LineString","coordinates":[[28.33552,-25.71877],[28.33586,-25.71886],[28.33627,-25.71897],[28.3366,-25.71906],[28.33807,-25.71951],[28.33912,-25.71985],[28.34085,-25.72039],[28.342,-25.72076],[28.34339,-25.72119],[28.34503,-25.72172],[28.34646,-25.72218],[28.34787,-25.72262],[28.34879,-25.7229],[28.3492,-25.72302],[28.34959,-25.7231],[28.35004,-25.72319],[28.35043,-25.72324],[28.35085,-25.72327],[28.35106,-25.72328],[28.35145,-25.72328],[28.35182,-25.72327],[28.35219,-25.72324],[28.3526,-25.72319],[28.35408,-25.72296],[28.35461,-25.72288]]}},{"type":"Feature","properties":{"id":"way/754516078","name":"Unnamed","network":"PRASA"},"geometry":{"type":"LineString","coordinates":[[28.35465,-25.72292],[28.35346,-25.72311],[28.35227,-25.72327],[28.35172,-25.72332],[28.35099,-25.72331],[28.35067,-25.7233],[28.35046,-25.72328],[28.35017,-25.72324],[28.3498,-25.72318],[28.34912,-25.72304],[28.34861,-25.72289],[28.34791,-25.72267],[28.33681,-25.71916],[28.33585,-25.7189],[28.33552,-25.7188]]}},{"type":"Feature","properties":{"id":"way/754516084","name":"Unnamed","network":"PRASA"},"geometry":{"type":"LineString","coordinates":[[28.16821,-25.72067],[28.16878,-25.72047],[28.16913,-25.72035],[28.16976,-25.72013]]}},{"type":"Feature","properties":{"id":"way/754557828","name":"Unnamed","network":"PRASA"},"geometry":{"type":"LineString","coordinates":[[28.14069,-25.65008],[28.13961,-25.64979]]}},{"type":"Feature","properties":{"id":"way/755272731","name":"Unnamed","network":"PRASA"},"geometry":{"type":"LineString","coordinates":[[28.16526,-26.20951],[28.16501,-26.20945],[28.16405,-26.20921]]}},{"type":"Feature","properties":{"id":"way/755590097","name":"Unnamed","network":"PRASA"},"geometry":{"type":"LineString","coordinates":[[28.08888,-25.49981],[28.08931,-25.49803],[28.08965,-25.49658],[28.08975,-25.49617],[28.08992,-25.49547]]}},{"type":"Feature","properties":{"id":"way/755745066","name":"Unnamed","network":"PRASA"},"geometry":{"type":"LineString","coordinates":[[28.22285,-25.86681],[28.22264,-25.86566],[28.22259,-25.86533],[28.22255,-25.86499],[28.22254,-25.86466],[28.22253,-25.86446],[28.22253,-25.86417],[28.22255,-25.86376],[28.22257,-25.86336],[28.2226,-25.86263],[28.22263,-25.86205],[28.22264,-25.86192],[28.22266,-25.86164],[28.22268,-25.8613],[28.22271,-25.86056],[28.22275,-25.85987],[28.22279,-25.85909],[28.22282,-25.85846],[28.22284,-25.85797],[28.22287,-25.85741],[28.22291,-25.85657]]}},{"type":"Feature","properties":{"id":"way/755745067","name":"Unnamed","network":"PRASA"},"geometry":{"type":"LineString","coordinates":[[28.22395,-25.87235],[28.22404,-25.87282],[28.22416,-25.87346],[28.22421,-25.87372],[28.22425,-25.87395],[28.22428,-25.87419],[28.22435,-25.87478],[28.22443,-25.8754],[28.22447,-25.87572],[28.22449,-25.87603],[28.2245,-25.87636],[28.2245,-25.87666],[28.22447,-25.87721],[28.22447,-25.87725]]}},{"type":"Feature","properties":{"id":"way/755745071","name":"Unnamed","network":"PRASA"},"geometry":{"type":"LineString","coordinates":[[28.2241,-25.87291],[28.2242,-25.87344],[28.22423,-25.87362],[28.22426,-25.87381],[28.22429,-25.87396],[28.22432,-25.8742],[28.22441,-25.8749],[28.22447,-25.87538],[28.22448,-25.87555],[28.2245,-25.8757],[28.22454,-25.87603],[28.22456,-25.87622],[28.22456,-25.87635],[28.22456,-25.87644],[28.22456,-25.87654],[28.22453,-25.87675],[28.2245,-25.87696],[28.22447,-25.87721]]}},{"type":"Feature","properties":{"id":"way/755745072","name":"Unnamed","network":"PRASA"},"geometry":{"type":"LineString","coordinates":[[28.22395,-25.87235],[28.2241,-25.87291]]}},{"type":"Feature","properties":{"id":"way/755745073","name":"Unnamed","network":"PRASA"},"geometry":{"type":"LineString","coordinates":[[28.22303,-25.86756],[28.22318,-25.86812],[28.22324,-25.8684],[28.22336,-25.86901],[28.22354,-25.86996],[28.22391,-25.87193],[28.22399,-25.87235],[28.2241,-25.87291]]}},{"type":"Feature","properties":{"id":"way/755745074","name":"Unnamed","network":"PRASA"},"geometry":{"type":"LineString","coordinates":[[28.22443,-25.8772],[28.22443,-25.87701],[28.22443,-25.87692],[28.22442,-25.8767],[28.22443,-25.87646],[28.22442,-25.87623],[28.22441,-25.87607],[28.2244,-25.8759],[28.22439,-25.87572],[28.22436,-25.8755],[28.22433,-25.87522],[28.22427,-25.87478],[28.22424,-25.87447],[28.2242,-25.87419],[28.22416,-25.87387],[28.22408,-25.87344],[28.22399,-25.87296],[28.22389,-25.87243],[28.22378,-25.87185],[28.22342,-25.86999],[28.22324,-25.86903],[28.22312,-25.86843],[28.22306,-25.86809],[28.223,-25.86757]]}},{"type":"Feature","properties":{"id":"way/755846243","name":"Unnamed","network":"PRASA"},"geometry":{"type":"LineString","coordinates":[[28.19057,-25.76083],[28.18859,-25.75876]]}},{"type":"Feature","properties":{"id":"way/755846244","name":"Unnamed","network":"PRASA"},"geometry":{"type":"LineString","coordinates":[[28.1885,-25.75882],[28.1883,-25.75862],[28.18822,-25.75854]]}},{"type":"Feature","properties":{"id":"way/755846245","name":"Unnamed","network":"PRASA"},"geometry":{"type":"LineString","coordinates":[[28.18773,-25.75802],[28.18796,-25.75816]]}},{"type":"Feature","properties":{"id":"way/755846248","name":"Unnamed","network":"PRASA"},"geometry":{"type":"LineString","coordinates":[[28.16012,-25.75483],[28.16014,-25.75497],[28.16016,-25.75509],[28.16019,-25.75523],[28.16022,-25.75532],[28.16024,-25.75537],[28.16028,-25.75548],[28.16034,-25.7556],[28.16043,-25.75573],[28.16051,-25.75584],[28.16064,-25.75598],[28.16075,-25.75607],[28.16087,-25.75617],[28.161,-25.75624],[28.16111,-25.7563],[28.16125,-25.75636],[28.16138,-25.7564],[28.16153,-25.75644],[28.1617,-25.75646],[28.16181,-25.75647],[28.16187,-25.75648],[28.1621,-25.75648],[28.16239,-25.75646],[28.16325,-25.7564],[28.16375,-25.75636],[28.16436,-25.75632],[28.16495,-25.75628],[28.16552,-25.75624],[28.16602,-25.7562]]}},{"type":"Feature","properties":{"id":"way/755846249","name":"Unnamed","network":"PRASA"},"geometry":{"type":"LineString","coordinates":[[28.16365,-25.75645],[28.16373,-25.75645],[28.16381,-25.75644],[28.16391,-25.75644],[28.16429,-25.75641],[28.16438,-25.75641],[28.16495,-25.75637],[28.16499,-25.75636]]}},{"type":"Feature","properties":{"id":"way/755846250","name":"Unnamed","network":"PRASA"},"geometry":{"type":"LineString","coordinates":[[28.16365,-25.75645],[28.16252,-25.75653],[28.16208,-25.75656],[28.16195,-25.75657],[28.1618,-25.75657],[28.16167,-25.75656],[28.16151,-25.75654],[28.16138,-25.75651],[28.16124,-25.75646],[28.16108,-25.7564],[28.16098,-25.75636],[28.16085,-25.75628],[28.16073,-25.7562],[28.16056,-25.75606],[28.1604,-25.75589],[28.16032,-25.75577],[28.16026,-25.75568],[28.16021,-25.75557],[28.16015,-25.75543],[28.16012,-25.75534],[28.16007,-25.75516],[28.16004,-25.75492],[28.16003,-25.75483]]}},{"type":"Feature","properties":{"id":"way/755846251","name":"Unnamed","network":"PRASA"},"geometry":{"type":"LineString","coordinates":[[28.16499,-25.7564],[28.16485,-25.75641],[28.16428,-25.75645],[28.16367,-25.75649]]}},{"type":"Feature","properties":{"id":"way/755846252","name":"Unnamed","network":"PRASA"},"geometry":{"type":"LineString","coordinates":[[28.16367,-25.75649],[28.16318,-25.75653],[28.16209,-25.7566],[28.16189,-25.75661],[28.1618,-25.75661],[28.16162,-25.75661],[28.16146,-25.75659],[28.16128,-25.75656],[28.16115,-25.75653],[28.16103,-25.75649],[28.16093,-25.75644],[28.16081,-25.75638],[28.16065,-25.75627],[28.16053,-25.75617],[28.16044,-25.75608],[28.16034,-25.75596],[28.16029,-25.7559],[28.16024,-25.7558],[28.16018,-25.75567],[28.16014,-25.75556],[28.16011,-25.75546],[28.16007,-25.7553],[28.16005,-25.75524],[28.16002,-25.75509],[28.16,-25.75487],[28.15999,-25.75482]]}},{"type":"Feature","properties":{"id":"way/755846253","name":"Unnamed","network":"PRASA"},"geometry":{"type":"LineString","coordinates":[[28.16622,-25.75623],[28.16577,-25.75626],[28.16557,-25.75628],[28.16534,-25.75629],[28.1637,-25.7564],[28.16358,-25.75641],[28.16325,-25.75644],[28.16256,-25.75648],[28.16215,-25.75651],[28.16188,-25.75651],[28.1618,-25.75651],[28.16165,-25.7565],[28.16149,-25.75647],[28.16133,-25.75642],[28.16114,-25.75635],[28.16098,-25.75627],[28.16088,-25.75622],[28.16078,-25.75614],[28.16066,-25.75605],[28.16057,-25.75596],[28.16047,-25.75585],[28.16038,-25.75573],[28.16032,-25.75564],[28.16027,-25.75555],[28.16023,-25.75547],[28.1602,-25.7554],[28.16018,-25.75532],[28.16016,-25.75528],[28.16014,-25.75518],[28.16012,-25.75508],[28.16009,-25.75495],[28.16008,-25.75483]]}},{"type":"Feature","properties":{"id":"way/755846254","name":"Unnamed","network":"PRASA"},"geometry":{"type":"LineString","coordinates":[[28.18753,-25.75799],[28.1874,-25.75792]]}},{"type":"Feature","properties":{"id":"way/755846256","name":"Unnamed","network":"PRASA"},"geometry":{"type":"LineString","coordinates":[[28.18707,-25.75768],[28.18705,-25.75766]]}},{"type":"Feature","properties":{"id":"way/755846259","name":"Unnamed","network":"PRASA"},"geometry":{"type":"LineString","coordinates":[[28.18288,-25.75601],[28.18278,-25.75596],[28.18259,-25.75587]]}},{"type":"Feature","properties":{"id":"way/755846260","name":"Unnamed","network":"PRASA"},"geometry":{"type":"LineString","coordinates":[[28.1873,-25.7578],[28.18764,-25.75798],[28.18773,-25.75802]]}},{"type":"Feature","properties":{"id":"way/755846261","name":"Unnamed","network":"PRASA"},"geometry":{"type":"LineString","coordinates":[[28.18715,-25.7578],[28.18702,-25.75774],[28.18665,-25.75755],[28.18641,-25.75745],[28.18622,-25.75737],[28.18518,-25.75693],[28.1841,-25.75649],[28.18284,-25.75597],[28.18259,-25.75587]]}},{"type":"Feature","properties":{"id":"way/755846262","name":"Unnamed","network":"PRASA"},"geometry":{"type":"LineString","coordinates":[[28.18259,-25.75587],[28.18247,-25.75583],[28.18235,-25.75579],[28.18223,-25.75574],[28.18212,-25.75572],[28.18201,-25.75569],[28.18192,-25.75567]]}},{"type":"Feature","properties":{"id":"way/755866183","name":"Unnamed","network":"PRASA"},"geometry":{"type":"LineString","coordinates":[[27.93553,-26.67225],[27.93565,-26.67193]]}},{"type":"Feature","properties":{"id":"way/755866184","name":"Unnamed","network":"PRASA"},"geometry":{"type":"LineString","coordinates":[[27.93565,-26.67193],[27.93572,-26.67172],[27.93576,-26.67156],[27.93579,-26.67145],[27.93588,-26.67106],[27.93598,-26.67061],[27.93608,-26.67016],[27.93617,-26.66975],[27.93625,-26.66934],[27.93627,-26.66926],[27.93628,-26.66917],[27.93628,-26.66908],[27.93628,-26.66893]]}},{"type":"Feature","properties":{"id":"way/755866186","name":"Unnamed","network":"PRASA"},"geometry":{"type":"LineString","coordinates":[[27.93353,-26.66591],[27.93371,-26.66598]]}},{"type":"Feature","properties":{"id":"way/755866187","name":"Unnamed","network":"PRASA"},"geometry":{"type":"LineString","coordinates":[[27.93631,-26.66872],[27.93632,-26.66894]]}},{"type":"Feature","properties":{"id":"way/755866188","name":"Unnamed","network":"PRASA"},"geometry":{"type":"LineString","coordinates":[[27.93632,-26.66894],[27.93632,-26.66906],[27.93632,-26.66917],[27.93632,-26.66928],[27.93631,-26.66938],[27.93629,-26.66951],[27.93627,-26.66963],[27.93615,-26.67018],[27.93604,-26.67068],[27.93601,-26.67081],[27.93595,-26.67106],[27.93586,-26.67139],[27.93582,-26.67149],[27.93565,-26.67193]]}},{"type":"Feature","properties":{"id":"way/755866189","name":"Unnamed","network":"PRASA"},"geometry":{"type":"LineString","coordinates":[[27.93371,-26.66598],[27.93375,-26.666],[27.93417,-26.66617],[27.93431,-26.66623],[27.93452,-26.66633],[27.9347,-26.66642],[27.93485,-26.66651],[27.93497,-26.66659],[27.93513,-26.66672],[27.93527,-26.66684],[27.9354,-26.66695],[27.93553,-26.66708],[27.93563,-26.6672],[27.93573,-26.66733],[27.93585,-26.6675],[27.93594,-26.66766],[27.93601,-26.66778],[27.93609,-26.66793],[27.93617,-26.66816],[27.93623,-26.66837],[27.93628,-26.66856],[27.93631,-26.66872]]}},{"type":"Feature","properties":{"id":"way/755866191","name":"Unnamed","network":"PRASA"},"geometry":{"type":"LineString","coordinates":[[27.93647,-26.66897],[27.93649,-26.66884]]}},{"type":"Feature","properties":{"id":"way/755866192","name":"Unnamed","network":"PRASA"},"geometry":{"type":"LineString","coordinates":[[27.93705,-26.66635],[27.93723,-26.66558],[27.9373,-26.66536],[27.9374,-26.66505],[27.93748,-26.66484],[27.93757,-26.66462],[27.93767,-26.6644],[27.93776,-26.66422],[27.93789,-26.66398],[27.93801,-26.66377],[27.93816,-26.66354],[27.9383,-26.66333],[27.93845,-26.66314],[27.93864,-26.66289],[27.93888,-26.66258],[27.93914,-26.66226],[27.93936,-26.66198]]}},{"type":"Feature","properties":{"id":"way/755866194","name":"Unnamed","network":"PRASA"},"geometry":{"type":"LineString","coordinates":[[27.94104,-26.65989],[27.94152,-26.65927],[27.9419,-26.65881],[27.94262,-26.65792],[27.94307,-26.65734],[27.94448,-26.65558],[27.94463,-26.6554],[27.94546,-26.65435],[27.94621,-26.65341],[27.94671,-26.6528],[27.94747,-26.65185],[27.94816,-26.65097],[27.94853,-26.65051],[27.94899,-26.64994],[27.95017,-26.64846],[27.95103,-26.64738],[27.9524,-26.64567],[27.95377,-26.64395],[27.95474,-26.64272],[27.95573,-26.64149],[27.9571,-26.63976],[27.95806,-26.63856],[27.96105,-26.63481],[27.96241,-26.63311],[27.9632,-26.63211],[27.96325,-26.63205],[27.96451,-26.63048],[27.96582,-26.62883],[27.96698,-26.62737],[27.96755,-26.62666],[27.96814,-26.62592],[27.96903,-26.62481],[27.96955,-26.62415],[27.97003,-26.62356],[27.97009,-26.62348],[27.97087,-26.62248],[27.97142,-26.6218],[27.97262,-26.62033],[27.97327,-26.61948],[27.9742,-26.61832],[27.97564,-26.6165],[27.97806,-26.61348],[27.9793,-26.61192],[27.98025,-26.61073],[27.98057,-26.61032],[27.9817,-26.60892],[27.98226,-26.60821],[27.9825,-26.60792],[27.9828,-26.60751],[27.98316,-26.60697],[27.98333,-26.60669],[27.98347,-26.60642],[27.98396,-26.60553],[27.98476,-26.60404],[27.98557,-26.60255],[27.98651,-26.60081],[27.98747,-26.59904],[27.98814,-26.59779],[27.98897,-26.59624]]}},{"type":"Feature","properties":{"id":"way/755966679","name":"Unnamed","network":"PRASA"},"geometry":{"type":"LineString","coordinates":[[27.98912,-26.59599],[27.98962,-26.59504],[27.99053,-26.59338],[27.99101,-26.59247],[27.99146,-26.59166],[27.99228,-26.59011],[27.99276,-26.58912],[27.99359,-26.58747],[27.99401,-26.58664],[27.99411,-26.58644],[27.99582,-26.58304],[27.99701,-26.58057],[27.99974,-26.57521],[28.00017,-26.57435],[28.00024,-26.57421],[28.00036,-26.57397],[28.0019,-26.57091],[28.00314,-26.56844],[28.00527,-26.5642],[28.00593,-26.56289],[28.00596,-26.56282],[28.00614,-26.56247],[28.00702,-26.56072],[28.00727,-26.56021],[28.00753,-26.5597],[28.00806,-26.55864],[28.0088,-26.55717],[28.00931,-26.55616],[28.00988,-26.55502],[28.01027,-26.55424]]}},{"type":"Feature","properties":{"id":"way/755966680","name":"Unnamed","network":"PRASA"},"geometry":{"type":"LineString","coordinates":[[27.98897,-26.59624],[27.98912,-26.59599]]}},{"type":"Feature","properties":{"id":"way/765045272","name":"Unnamed","network":"PRASA"},"geometry":{"type":"LineString","coordinates":[[28.04572,-26.1977],[28.04588,-26.1977]]}},{"type":"Feature","properties":{"id":"way/765045275","name":"Unnamed","network":"PRASA"},"geometry":{"type":"LineString","coordinates":[[28.0459,-26.19784],[28.04563,-26.19786],[28.04391,-26.19808],[28.04221,-26.19828]]}},{"type":"Feature","properties":{"id":"way/765045280","name":"Unnamed","network":"PRASA"},"geometry":{"type":"LineString","coordinates":[[28.04835,-26.19753],[28.0482,-26.19753],[28.04815,-26.19753],[28.048,-26.19753]]}},{"type":"Feature","properties":{"id":"way/765045283","name":"Unnamed","network":"PRASA"},"geometry":{"type":"LineString","coordinates":[[28.04587,-26.19765],[28.04615,-26.19765],[28.04637,-26.19764]]}},{"type":"Feature","properties":{"id":"way/765045284","name":"Unnamed","network":"PRASA"},"geometry":{"type":"LineString","coordinates":[[28.04715,-26.19762],[28.04665,-26.19767],[28.04649,-26.19769],[28.04638,-26.1977],[28.04626,-26.1977],[28.04615,-26.1977],[28.04588,-26.1977]]}},{"type":"Feature","properties":{"id":"way/766769532","name":"Unnamed","network":"PRASA"},"geometry":{"type":"LineString","coordinates":[[28.0775,-26.21868],[28.07713,-26.21864]]}},{"type":"Feature","properties":{"id":"way/766769533","name":"Unnamed","network":"PRASA"},"geometry":{"type":"LineString","coordinates":[[28.12486,-26.21823],[28.12458,-26.21831],[28.1239,-26.21851],[28.1234,-26.21866],[28.12286,-26.21882],[28.12277,-26.21885],[28.12249,-26.21893],[28.12196,-26.21909],[28.12182,-26.21913],[28.12142,-26.21925],[28.12115,-26.21932],[28.12099,-26.21935],[28.12078,-26.21938],[28.12044,-26.21944],[28.12001,-26.21952],[28.11978,-26.21956],[28.11959,-26.2196],[28.11938,-26.21966],[28.11864,-26.21987],[28.11796,-26.22008],[28.11773,-26.22015],[28.11752,-26.22022],[28.11733,-26.22029],[28.11619,-26.22072],[28.11565,-26.22093],[28.11545,-26.22099],[28.11531,-26.22103],[28.11508,-26.2211],[28.11499,-26.22113],[28.11471,-26.22121],[28.11404,-26.22141],[28.1138,-26.22147],[28.11353,-26.22154],[28.11339,-26.22156],[28.11319,-26.2216],[28.11298,-26.22163],[28.11274,-26.22165],[28.11251,-26.22166],[28.11229,-26.22167],[28.11205,-26.22166],[28.1118,-26.22164],[28.11158,-26.22161],[28.11137,-26.22158],[28.11112,-26.22153],[28.11094,-26.22149],[28.11071,-26.22143],[28.11046,-26.22134],[28.11023,-26.22125],[28.11002,-26.22116],[28.10981,-26.22105],[28.1096,-26.22094],[28.1094,-26.22082],[28.10923,-26.22071],[28.10914,-26.22064],[28.10905,-26.22057],[28.10884,-26.22041],[28.10804,-26.21977],[28.10787,-26.21964],[28.10771,-26.21952],[28.10752,-26.2194],[28.10731,-26.21927],[28.10716,-26.21918],[28.10698,-26.21909],[28.10678,-26.219],[28.10661,-26.21893],[28.10634,-26.21883],[28.10612,-26.21876],[28.10586,-26.21869],[28.10562,-26.21865],[28.1054,-26.21861],[28.10512,-26.21858],[28.10483,-26.21856],[28.10456,-26.21856],[28.10429,-26.21856],[28.10403,-26.21858],[28.10332,-26.21863],[28.10237,-26.2187],[28.1014,-26.21877],[28.10057,-26.21883],[28.10042,-26.21884],[28.08702,-26.21981],[28.08656,-26.21984],[28.08621,-26.21986],[28.08587,-26.21985],[28.08554,-26.21984],[28.08521,-26.21981],[28.08486,-26.21977],[28.08365,-26.21959],[28.08351,-26.21957],[28.08281,-26.21946],[28.07906,-26.21891],[28.07874,-26.21886],[28.07818,-26.21878],[28.0776,-26.21869],[28.0775,-26.21868]]}},{"type":"Feature","properties":{"id":"way/767034100","name":"Unnamed","network":"PRASA"},"geometry":{"type":"LineString","coordinates":[[28.08901,-26.21475],[28.08838,-26.21559],[28.08822,-26.2158],[28.08808,-26.21595],[28.08793,-26.21609],[28.08775,-26.21623],[28.08747,-26.21641],[28.08631,-26.21705],[28.08605,-26.21718],[28.08589,-26.21726],[28.08574,-26.21732],[28.08558,-26.21736],[28.08545,-26.2174],[28.0853,-26.21743],[28.08512,-26.21746],[28.08493,-26.21747],[28.08458,-26.2175],[28.08359,-26.21757],[28.08273,-26.21762],[28.08246,-26.21764],[28.08222,-26.21765],[28.08204,-26.21766],[28.08186,-26.21765],[28.08158,-26.21762],[28.08125,-26.21758],[28.08109,-26.21756],[28.08059,-26.21748],[28.08021,-26.21742],[28.08002,-26.21739],[28.07987,-26.21737],[28.07975,-26.21736],[28.07965,-26.21735],[28.07953,-26.21735],[28.0794,-26.21735],[28.07928,-26.21736],[28.07918,-26.21737],[28.07905,-26.21739],[28.0789,-26.21742],[28.0788,-26.21744],[28.0787,-26.21747],[28.07858,-26.21751],[28.07851,-26.21754],[28.0784,-26.21759],[28.07825,-26.21766],[28.07807,-26.21775],[28.07796,-26.21781],[28.07773,-26.21794]]}},{"type":"Feature","properties":{"id":"way/767034101","name":"Unnamed","network":"PRASA"},"geometry":{"type":"LineString","coordinates":[[28.08915,-26.21457],[28.08901,-26.21475]]}},{"type":"Feature","properties":{"id":"way/767034102","name":"Unnamed","network":"PRASA"},"geometry":{"type":"LineString","coordinates":[[28.0889,-26.21464],[28.08906,-26.21444]]}},{"type":"Feature","properties":{"id":"way/767034103","name":"Unnamed","network":"PRASA"},"geometry":{"type":"LineString","coordinates":[[28.07788,-26.21763],[28.07817,-26.21741],[28.07859,-26.2171],[28.079,-26.2168],[28.0791,-26.21674],[28.07922,-26.21666],[28.07937,-26.21657],[28.07948,-26.21651],[28.0796,-26.21645],[28.0797,-26.21641],[28.07981,-26.21637],[28.07994,-26.21633],[28.08005,-26.2163],[28.08016,-26.21628],[28.08037,-26.21624],[28.08057,-26.21622],[28.08076,-26.2162],[28.08142,-26.21616],[28.08206,-26.21612],[28.0834,-26.21603],[28.08523,-26.2159],[28.08634,-26.21582],[28.08665,-26.21581],[28.0869,-26.21579],[28.08715,-26.21575],[28.08731,-26.21572],[28.08746,-26.21568],[28.08763,-26.21562],[28.08786,-26.21553],[28.08807,-26.21542],[28.08818,-26.21535],[28.08831,-26.21526],[28.08843,-26.21517],[28.08852,-26.21508],[28.08864,-26.21496],[28.08874,-26.21484],[28.0889,-26.21464]]}},{"type":"Feature","properties":{"id":"way/767808245","name":"Unnamed","network":"PRASA"},"geometry":{"type":"LineString","coordinates":[[27.9413,-25.62574],[27.94188,-25.62558],[27.94207,-25.62552],[27.94246,-25.62536],[27.94283,-25.62523],[27.94316,-25.62513],[27.94455,-25.62472],[27.94511,-25.62456],[27.9467,-25.62409],[27.94785,-25.62379],[27.9487,-25.62357],[27.94878,-25.62355],[27.94961,-25.62333],[27.95004,-25.62322],[27.95087,-25.62301],[27.95299,-25.62239],[27.95478,-25.62186],[27.95666,-25.6213],[27.96046,-25.62019],[27.96247,-25.61959],[27.96386,-25.61918],[27.96811,-25.61793],[27.96851,-25.61782],[27.96866,-25.61778],[27.96896,-25.61771],[27.96923,-25.61767],[27.96948,-25.61763],[27.96969,-25.61761],[27.96997,-25.61759],[27.97028,-25.61759],[27.97052,-25.61759],[27.97106,-25.61763],[27.97291,-25.61779],[27.97382,-25.61787],[27.9745,-25.61794],[27.9751,-25.61802],[27.97571,-25.6181],[27.97608,-25.61815],[27.97638,-25.61819],[27.97711,-25.61825],[27.97839,-25.61836],[27.97954,-25.61846],[27.9823,-25.6187],[27.98488,-25.61893],[27.98786,-25.61919],[27.9886,-25.61925],[27.98888,-25.61927],[27.98904,-25.61928],[27.98931,-25.61929],[27.98983,-25.6193],[27.99012,-25.61931],[27.99035,-25.61932],[27.9905,-25.61933],[27.99223,-25.61947],[27.99377,-25.61962],[27.99413,-25.61966],[27.9945,-25.61971],[27.9949,-25.61977],[27.99521,-25.61981],[27.99559,-25.61986],[27.99619,-25.61992],[27.99684,-25.61997],[27.9979,-25.62007],[27.99889,-25.62015],[28.00001,-25.62025],[28.00099,-25.62033],[28.00159,-25.62039],[28.00232,-25.62045],[28.00308,-25.62052],[28.0042,-25.62062],[28.00504,-25.62069],[28.00634,-25.6208],[28.00727,-25.62089],[28.00829,-25.62097],[28.0092,-25.62105],[28.01034,-25.62115],[28.01124,-25.62123],[28.01225,-25.62132],[28.01319,-25.6214],[28.0144,-25.62151],[28.01517,-25.62158]]}},{"type":"Feature","properties":{"id":"way/767808253","name":"Unnamed","network":"PRASA"},"geometry":{"type":"LineString","coordinates":[[27.99684,-25.62001],[27.99653,-25.61998],[27.99617,-25.61995],[27.9954,-25.61988],[27.9916,-25.61954],[27.99047,-25.61945],[27.98898,-25.61932],[27.98786,-25.61922],[27.98487,-25.61896],[27.9823,-25.61874],[27.97949,-25.61849],[27.97711,-25.61828],[27.97571,-25.61816],[27.97381,-25.618],[27.97173,-25.61781],[27.97105,-25.61775],[27.9705,-25.61771],[27.97024,-25.6177],[27.97002,-25.61769],[27.96985,-25.61769],[27.96947,-25.61771],[27.96899,-25.61777],[27.96852,-25.61786],[27.96812,-25.61797],[27.96493,-25.61891],[27.96387,-25.61922],[27.96266,-25.61957],[27.96047,-25.62022],[27.95668,-25.62133],[27.95479,-25.62189],[27.953,-25.62242],[27.95192,-25.62273],[27.95088,-25.62304],[27.9502,-25.62322],[27.9499,-25.62329],[27.94962,-25.62337],[27.94944,-25.62342],[27.94941,-25.62342],[27.94916,-25.62349],[27.94861,-25.62363],[27.94672,-25.62413],[27.94512,-25.6246],[27.94456,-25.62475],[27.94317,-25.62517],[27.94285,-25.62527],[27.94275,-25.6253],[27.94251,-25.62539],[27.94226,-25.62549],[27.94202,-25.62558],[27.94173,-25.62566],[27.94131,-25.62578]]}},{"type":"Feature","properties":{"id":"way/769715327","name":"Unnamed","network":"PRASA"},"geometry":{"type":"LineString","coordinates":[[28.16072,-26.21761],[28.16065,-26.21742],[28.16058,-26.21727]]}},{"type":"Feature","properties":{"id":"way/769720819","name":"Unnamed","network":"PRASA"},"geometry":{"type":"LineString","coordinates":[[28.03245,-25.62312],[28.03387,-25.62324],[28.03592,-25.62342],[28.03782,-25.62359],[28.03985,-25.62376],[28.04178,-25.62393],[28.0426,-25.624],[28.04303,-25.62404],[28.04339,-25.62408],[28.04392,-25.62415],[28.04438,-25.62423],[28.04495,-25.62434],[28.0454,-25.62443],[28.04604,-25.62459],[28.04704,-25.62487],[28.04774,-25.62506],[28.04933,-25.62549],[28.05086,-25.6259],[28.05403,-25.62676],[28.05548,-25.62715],[28.05583,-25.62725],[28.05768,-25.62775],[28.05879,-25.62805],[28.06035,-25.62847],[28.06152,-25.62878],[28.06254,-25.62906],[28.06486,-25.62968],[28.06634,-25.63008],[28.0681,-25.63056],[28.06878,-25.63074],[28.07018,-25.63112],[28.07165,-25.63151],[28.07295,-25.63186],[28.07416,-25.63219],[28.07566,-25.63259],[28.07708,-25.63297],[28.07835,-25.63331],[28.0797,-25.63368],[28.08088,-25.634],[28.08161,-25.6342],[28.08224,-25.63437],[28.08263,-25.63447],[28.08364,-25.63474],[28.08481,-25.63505],[28.08592,-25.63535],[28.08724,-25.63571],[28.08843,-25.63603],[28.08964,-25.63636],[28.09005,-25.63647],[28.09131,-25.63681],[28.09198,-25.63698],[28.0924,-25.6371],[28.09263,-25.63717],[28.09305,-25.63732],[28.09355,-25.6375],[28.09378,-25.63757],[28.09396,-25.63762],[28.0947,-25.63782],[28.09662,-25.63834],[28.09689,-25.6384],[28.09729,-25.63848],[28.09783,-25.63858],[28.09828,-25.63868],[28.09875,-25.6388],[28.09929,-25.63895],[28.09975,-25.63907],[28.09982,-25.63909],[28.10031,-25.63922],[28.10099,-25.63941],[28.10167,-25.63959],[28.10262,-25.63985],[28.10404,-25.64023],[28.10673,-25.64095],[28.10893,-25.64154],[28.11169,-25.64228],[28.113,-25.64264],[28.11754,-25.64386],[28.11795,-25.64397],[28.11881,-25.6442],[28.12033,-25.64461],[28.12175,-25.64499],[28.12327,-25.6454]]}},{"type":"Feature","properties":{"id":"way/769726358","name":"Unnamed","network":"PRASA"},"geometry":{"type":"LineString","coordinates":[[28.04402,-26.22668],[28.0429,-26.22633],[28.04267,-26.22625],[28.04238,-26.22615],[28.04222,-26.22609],[28.04181,-26.22593],[28.04169,-26.22589],[28.0415,-26.22582],[28.0413,-26.22574],[28.04117,-26.22569],[28.04094,-26.22559],[28.04056,-26.22541],[28.03989,-26.2251],[28.03914,-26.22476],[28.03895,-26.22466],[28.03874,-26.22455],[28.03855,-26.22443],[28.03845,-26.22437],[28.03831,-26.22427],[28.03809,-26.22412],[28.03782,-26.22393],[28.03753,-26.22371],[28.0374,-26.22363],[28.03726,-26.22354],[28.03707,-26.22344],[28.03691,-26.22336],[28.0364,-26.22312],[28.0359,-26.22289],[28.03521,-26.22257],[28.03458,-26.22228],[28.03439,-26.22219],[28.0342,-26.2221],[28.034,-26.22203],[28.03387,-26.22198],[28.03349,-26.22185],[28.03321,-26.22176],[28.03264,-26.22159],[28.03025,-26.22086],[28.02988,-26.22074],[28.02959,-26.22066],[28.02945,-26.22062],[28.0292,-26.22056],[28.02884,-26.22048]]}},{"type":"Feature","properties":{"id":"way/769731090","name":"Unnamed","network":"PRASA"},"geometry":{"type":"LineString","coordinates":[[28.35652,-25.72259],[28.35653,-25.72259],[28.3574,-25.72246],[28.35795,-25.72237],[28.36116,-25.72187]]}},{"type":"Feature","properties":{"id":"way/769731091","name":"Unnamed","network":"PRASA"},"geometry":{"type":"LineString","coordinates":[[28.36329,-25.72159],[28.36251,-25.72171],[28.36179,-25.72182],[28.35978,-25.72212],[28.35833,-25.72234],[28.35795,-25.7224],[28.35743,-25.72249],[28.35693,-25.72257],[28.35689,-25.72257],[28.35674,-25.7226]]}},{"type":"Feature","properties":{"id":"way/773578734","name":"Unnamed","network":"PRASA"},"geometry":{"type":"LineString","coordinates":[[28.18557,-26.21477],[28.18567,-26.21487]]}},{"type":"Feature","properties":{"id":"way/773578735","name":"Unnamed","network":"PRASA"},"geometry":{"type":"LineString","coordinates":[[28.17462,-26.21144],[28.17474,-26.21146],[28.17663,-26.21173],[28.17751,-26.21186],[28.17909,-26.21209],[28.17964,-26.21217],[28.18074,-26.21233],[28.18163,-26.21246],[28.18193,-26.2125],[28.18222,-26.21255],[28.18243,-26.21259],[28.18258,-26.21263],[28.18277,-26.21268],[28.18294,-26.21274],[28.18312,-26.2128],[28.18332,-26.21289],[28.18348,-26.21296],[28.18366,-26.21306],[28.18383,-26.21316],[28.18406,-26.21331],[28.18419,-26.21341],[28.18436,-26.21355],[28.1847,-26.21385],[28.18521,-26.21438],[28.18557,-26.21477]]}},{"type":"Feature","properties":{"id":"way/781334662","name":"Unnamed","network":"PRASA"},"geometry":{"type":"LineString","coordinates":[[28.04788,-26.22643],[28.04761,-26.22648],[28.04739,-26.22651]]}},{"type":"Feature","properties":{"id":"way/781642106","name":"Unnamed","network":"PRASA"},"geometry":{"type":"LineString","coordinates":[[28.14851,-26.21356],[28.14809,-26.21349],[28.14787,-26.21345],[28.14753,-26.21342]]}},{"type":"Feature","properties":{"id":"way/781863609","name":"Unnamed","network":"PRASA"},"geometry":{"type":"LineString","coordinates":[[28.07665,-25.54194],[28.07669,-25.54187]]}},{"type":"Feature","properties":{"id":"way/781863614","name":"Unnamed","network":"PRASA"},"geometry":{"type":"LineString","coordinates":[[28.16808,-25.73698],[28.16834,-25.73687],[28.16876,-25.7367],[28.16913,-25.73655]]}},{"type":"Feature","properties":{"id":"way/781863616","name":"Unnamed","network":"PRASA"},"geometry":{"type":"LineString","coordinates":[[28.16808,-25.73698],[28.16744,-25.73721]]}},{"type":"Feature","properties":{"id":"way/799244493","name":"Unnamed","network":"PRASA"},"geometry":{"type":"LineString","coordinates":[[28.39734,-26.17203],[28.39778,-26.17247],[28.3981,-26.17274]]}},{"type":"Feature","properties":{"id":"way/799244494","name":"Unnamed","network":"PRASA"},"geometry":{"type":"LineString","coordinates":[[28.3981,-26.17274],[28.39843,-26.173],[28.39872,-26.17318],[28.39905,-26.17338],[28.39933,-26.17352],[28.39956,-26.17362],[28.39983,-26.17373],[28.40012,-26.17383],[28.40036,-26.1739],[28.40067,-26.17397],[28.40102,-26.17404],[28.40133,-26.17409],[28.40178,-26.17416],[28.40367,-26.17445],[28.40438,-26.17455],[28.40484,-26.17461],[28.40507,-26.17464],[28.40555,-26.17468],[28.40609,-26.1747],[28.40648,-26.17471],[28.40697,-26.17471],[28.40756,-26.1747],[28.40776,-26.17469],[28.4082,-26.17467],[28.40877,-26.17462],[28.40935,-26.17456],[28.40993,-26.17447],[28.41032,-26.1744],[28.41061,-26.17434],[28.41109,-26.17424],[28.41155,-26.17414],[28.41223,-26.17396],[28.41289,-26.17375],[28.41326,-26.17363],[28.41362,-26.17351],[28.41402,-26.17337],[28.41458,-26.17318],[28.41524,-26.17295],[28.41563,-26.17282],[28.41658,-26.17249],[28.41796,-26.17202],[28.41848,-26.17184],[28.41914,-26.17161],[28.41971,-26.17142],[28.42006,-26.1713],[28.42049,-26.17116],[28.42068,-26.17108],[28.42093,-26.17098],[28.42115,-26.17088],[28.42131,-26.1708],[28.42153,-26.17067],[28.42168,-26.17057],[28.42181,-26.17048],[28.42194,-26.17037],[28.42206,-26.17027],[28.42217,-26.17017],[28.42227,-26.17004],[28.42239,-26.1699],[28.42247,-26.16978],[28.42256,-26.16963],[28.42265,-26.16947],[28.42269,-26.16938],[28.42274,-26.16925],[28.42278,-26.16914],[28.42281,-26.16905],[28.42287,-26.16878],[28.42289,-26.16859],[28.4229,-26.16841],[28.4229,-26.16828],[28.42289,-26.16812],[28.42287,-26.16795],[28.42282,-26.16775],[28.42278,-26.16762],[28.42274,-26.1675],[28.42267,-26.16733],[28.42263,-26.16723],[28.42256,-26.1671],[28.42235,-26.16667],[28.42187,-26.16572],[28.42131,-26.16459],[28.42102,-26.16402],[28.42089,-26.16374],[28.42076,-26.16346],[28.42065,-26.16322],[28.42054,-26.163],[28.42042,-26.16274],[28.42035,-26.16257],[28.42029,-26.16243],[28.42024,-26.16228],[28.42019,-26.16211],[28.42015,-26.16195],[28.42012,-26.16178],[28.4201,-26.16159],[28.4201,-26.16151],[28.42008,-26.16132],[28.42009,-26.16118],[28.42009,-26.16107],[28.42011,-26.16092],[28.42013,-26.16076],[28.42016,-26.16058],[28.4202,-26.16045],[28.42026,-26.16024],[28.42032,-26.16005],[28.42039,-26.1599],[28.42045,-26.15976],[28.42052,-26.15963],[28.4206,-26.15949],[28.42066,-26.1594],[28.42072,-26.15931],[28.42082,-26.15918],[28.42094,-26.15904],[28.42106,-26.1589],[28.42127,-26.1587],[28.42144,-26.15855],[28.42166,-26.15839],[28.42189,-26.15824]]}},{"type":"Feature","properties":{"id":"way/799244497","name":"Unnamed","network":"PRASA"},"geometry":{"type":"LineString","coordinates":[[28.42293,-26.15753],[28.42322,-26.15733],[28.42372,-26.157],[28.42458,-26.15641],[28.42569,-26.15566]]}},{"type":"Feature","properties":{"id":"way/801550514","name":"Unnamed","network":"PRASA"},"geometry":{"type":"LineString","coordinates":[[28.40654,-26.26217],[28.40779,-26.26248],[28.4119,-26.26347],[28.41353,-26.26386],[28.41454,-26.26411],[28.41602,-26.26447],[28.41736,-26.26479],[28.41792,-26.26492],[28.41831,-26.26499],[28.41876,-26.26506],[28.41896,-26.26509],[28.41947,-26.26514],[28.41992,-26.26516],[28.4205,-26.26517],[28.4211,-26.26516],[28.42391,-26.26512],[28.42723,-26.26507],[28.42945,-26.26505],[28.43079,-26.26502],[28.43153,-26.26501],[28.43248,-26.265],[28.43303,-26.26498],[28.43316,-26.26497],[28.43332,-26.26495],[28.43357,-26.26492],[28.43377,-26.26488],[28.43398,-26.26483],[28.43415,-26.26478],[28.43432,-26.26473],[28.4345,-26.26466],[28.43483,-26.26452],[28.43495,-26.26446],[28.43514,-26.26437],[28.43535,-26.26424],[28.4356,-26.26407],[28.43583,-26.2639],[28.43594,-26.2638],[28.43613,-26.26363],[28.43626,-26.2635],[28.43637,-26.26338],[28.43659,-26.26309],[28.43673,-26.26291],[28.43686,-26.26269],[28.43694,-26.26254],[28.43704,-26.26233],[28.43715,-26.26202],[28.43723,-26.26178],[28.43729,-26.26153],[28.43735,-26.26118],[28.43737,-26.26094],[28.4374,-26.26016],[28.43744,-26.25885],[28.43745,-26.25816],[28.4375,-26.25737],[28.43759,-26.25605],[28.4376,-26.25586]]}},{"type":"Feature","properties":{"id":"way/801899535","name":"Unnamed","network":"PRASA"},"geometry":{"type":"LineString","coordinates":[[28.16394,-26.22547],[28.16388,-26.22533],[28.16387,-26.22526],[28.16379,-26.22504]]}},{"type":"Feature","properties":{"id":"way/802147001","name":"Unnamed","network":"PRASA"},"geometry":{"type":"LineString","coordinates":[[28.01027,-26.55424],[28.01046,-26.55387],[28.01078,-26.55322],[28.01111,-26.55256],[28.01143,-26.55193],[28.01162,-26.55155],[28.01165,-26.55149],[28.01184,-26.55111],[28.01208,-26.55063],[28.01237,-26.55006]]}},{"type":"Feature","properties":{"id":"way/802147146","name":"Unnamed","network":"PRASA"},"geometry":{"type":"LineString","coordinates":[[28.0866,-26.42225],[28.0869,-26.42054],[28.08755,-26.41679],[28.08764,-26.41629],[28.08775,-26.41555],[28.08823,-26.41282]]}},{"type":"Feature","properties":{"id":"way/803885015","name":"Unnamed","network":"PRASA"},"geometry":{"type":"LineString","coordinates":[[28.14424,-26.2985],[28.14424,-26.29851],[28.14404,-26.29953],[28.144,-26.29976],[28.14395,-26.30004]]}},{"type":"Feature","properties":{"id":"way/815070222","name":"Unnamed","network":"PRASA"},"geometry":{"type":"LineString","coordinates":[[27.83344,-26.36191],[27.83352,-26.36212],[27.83361,-26.36236],[27.83371,-26.36269],[27.83382,-26.36306],[27.83388,-26.36332],[27.83393,-26.36352],[27.83397,-26.36375],[27.83401,-26.364],[27.83408,-26.36447],[27.83419,-26.36541],[27.83423,-26.36573],[27.83438,-26.36698],[27.83441,-26.36722],[27.83445,-26.3675],[27.8345,-26.36774],[27.83455,-26.36801],[27.83461,-26.36826],[27.83471,-26.36861],[27.83478,-26.36885],[27.83506,-26.36975],[27.83526,-26.37044],[27.83551,-26.37125],[27.83566,-26.37172],[27.83587,-26.37243],[27.83621,-26.37353],[27.83662,-26.37485],[27.83671,-26.37514],[27.8368,-26.37536],[27.83689,-26.37556],[27.83698,-26.37575],[27.83711,-26.376],[27.83723,-26.3762],[27.83739,-26.37646],[27.83757,-26.37674],[27.83777,-26.377],[27.83826,-26.37763],[27.83864,-26.37812],[27.83888,-26.37844],[27.83906,-26.37868],[27.83917,-26.37885],[27.83931,-26.37907],[27.83942,-26.37927],[27.83954,-26.37951],[27.83965,-26.37973],[27.83977,-26.38001],[27.83985,-26.38023],[27.83992,-26.38044],[27.84001,-26.38075],[27.84008,-26.38102],[27.84015,-26.3814],[27.84019,-26.38165],[27.84023,-26.38198],[27.84042,-26.38356],[27.8406,-26.38503],[27.84075,-26.38626],[27.84162,-26.39331],[27.84176,-26.39445],[27.84187,-26.39535],[27.84205,-26.39679],[27.84228,-26.39866],[27.84233,-26.39905],[27.84237,-26.39929],[27.84242,-26.39954],[27.84248,-26.39981],[27.84254,-26.40001],[27.84263,-26.40028],[27.84273,-26.40055],[27.84285,-26.40083],[27.84297,-26.40109],[27.84308,-26.4013],[27.8432,-26.40151],[27.84336,-26.40178],[27.84353,-26.40202],[27.84371,-26.40226],[27.8439,-26.40249],[27.84406,-26.40268],[27.84421,-26.40284],[27.84437,-26.40301],[27.84451,-26.40314],[27.8447,-26.40332],[27.84491,-26.40349],[27.84511,-26.40365],[27.84528,-26.40378],[27.84554,-26.40396],[27.84574,-26.40409],[27.84593,-26.4042],[27.8461,-26.4043],[27.84631,-26.4044],[27.84657,-26.40453],[27.84684,-26.40466],[27.84815,-26.40524],[27.84849,-26.4054],[27.84887,-26.40558],[27.84914,-26.40572],[27.84947,-26.40591],[27.84982,-26.40614],[27.85282,-26.40823],[27.8531,-26.40843],[27.85344,-26.40868],[27.85375,-26.40894],[27.85392,-26.4091],[27.85411,-26.40928],[27.8543,-26.40947],[27.85446,-26.40965],[27.85465,-26.40987],[27.85483,-26.4101],[27.85501,-26.41036],[27.85517,-26.41059],[27.85538,-26.41096],[27.85545,-26.4111],[27.85553,-26.41127],[27.85573,-26.41169],[27.85614,-26.41264],[27.85659,-26.41367],[27.85682,-26.41418],[27.85744,-26.41558],[27.85762,-26.41601]]}},{"type":"Feature","properties":{"id":"way/818550539","name":"Unnamed","network":"PRASA"},"geometry":{"type":"LineString","coordinates":[[28.0459,-26.19779],[28.04563,-26.19782]]}},{"type":"Feature","properties":{"id":"way/818550548","name":"Unnamed","network":"PRASA"},"geometry":{"type":"LineString","coordinates":[[28.03876,-26.19787],[28.03863,-26.19783],[28.03854,-26.19779],[28.03843,-26.19775]]}},{"type":"Feature","properties":{"id":"way/818550549","name":"Unnamed","network":"PRASA"},"geometry":{"type":"LineString","coordinates":[[28.03923,-26.19803],[28.03903,-26.19797],[28.03889,-26.19792],[28.03876,-26.19787]]}},{"type":"Feature","properties":{"id":"way/818594208","name":"Unnamed","network":"PRASA"},"geometry":{"type":"LineString","coordinates":[[28.43761,-26.25632],[28.4376,-26.25586]]}},{"type":"Feature","properties":{"id":"way/818594209","name":"Unnamed","network":"PRASA"},"geometry":{"type":"LineString","coordinates":[[28.43761,-26.25632],[28.43761,-26.2564]]}},{"type":"Feature","properties":{"id":"way/818594210","name":"Unnamed","network":"PRASA"},"geometry":{"type":"LineString","coordinates":[[28.43762,-26.25686],[28.43761,-26.2564]]}},{"type":"Feature","properties":{"id":"way/819207237","name":"Unnamed","network":"PRASA"},"geometry":{"type":"LineString","coordinates":[[28.05253,-26.19729],[28.05228,-26.19727],[28.05205,-26.19726]]}},{"type":"Feature","properties":{"id":"way/819441821","name":"Unnamed","network":"PRASA"},"geometry":{"type":"LineString","coordinates":[[28.18175,-25.66866],[28.18177,-25.66839],[28.18179,-25.66821],[28.1818,-25.66801]]}},{"type":"Feature","properties":{"id":"way/820504139","name":"Unnamed","network":"PRASA"},"geometry":{"type":"LineString","coordinates":[[28.25342,-26.21891],[28.25466,-26.2189],[28.25469,-26.2189],[28.2554,-26.21889],[28.25581,-26.21888],[28.25595,-26.21888],[28.25615,-26.21887],[28.25638,-26.21885],[28.25668,-26.21883],[28.25714,-26.21879],[28.25749,-26.21874],[28.25784,-26.21869],[28.25826,-26.21861],[28.25858,-26.21855],[28.25921,-26.2184],[28.25965,-26.21829],[28.26063,-26.21801],[28.26155,-26.21775],[28.26225,-26.21754],[28.26303,-26.21732],[28.26363,-26.21715],[28.26409,-26.21702],[28.2645,-26.2169],[28.26452,-26.21689],[28.26501,-26.21675],[28.26555,-26.2166]]}},{"type":"Feature","properties":{"id":"way/820504140","name":"Unnamed","network":"PRASA"},"geometry":{"type":"LineString","coordinates":[[28.25323,-26.21891],[28.25342,-26.21891]]}},{"type":"Feature","properties":{"id":"way/820504210","name":"Unnamed","network":"PRASA"},"geometry":{"type":"LineString","coordinates":[[28.1975,-26.20606],[28.19653,-26.20571],[28.19602,-26.20553],[28.19576,-26.20544],[28.19464,-26.20504],[28.19434,-26.20493],[28.19406,-26.20485],[28.1938,-26.20478],[28.19351,-26.20472],[28.19324,-26.20467],[28.19302,-26.20464],[28.19272,-26.20461],[28.19248,-26.2046],[28.19217,-26.2046],[28.19197,-26.20461],[28.19175,-26.20463],[28.19153,-26.20465],[28.1913,-26.20469],[28.19109,-26.20473],[28.19083,-26.2048],[28.19062,-26.20486],[28.19039,-26.20495],[28.19018,-26.20504],[28.19,-26.20512],[28.1898,-26.20522],[28.18958,-26.20535],[28.18939,-26.20547],[28.18925,-26.20557],[28.1891,-26.20568],[28.18896,-26.2058],[28.18882,-26.20594],[28.18873,-26.20602],[28.18861,-26.20615],[28.18848,-26.2063],[28.1883,-26.20652],[28.18808,-26.20682],[28.18785,-26.20714]]}},{"type":"Feature","properties":{"id":"way/820504215","name":"Unnamed","network":"PRASA"},"geometry":{"type":"LineString","coordinates":[[28.23603,-26.21907],[28.23581,-26.21907],[28.23548,-26.21905],[28.23525,-26.21903],[28.23503,-26.219],[28.23472,-26.21897],[28.23444,-26.21893],[28.23408,-26.21886],[28.2338,-26.21881],[28.23356,-26.21875],[28.23335,-26.2187],[28.2331,-26.21864],[28.23287,-26.21857],[28.23266,-26.2185],[28.23235,-26.2184],[28.23203,-26.21828],[28.23179,-26.21818],[28.23149,-26.21806],[28.23114,-26.2179],[28.23079,-26.21774],[28.23043,-26.21754],[28.23018,-26.21739],[28.22982,-26.21716],[28.22958,-26.217],[28.22896,-26.21655],[28.22845,-26.21619],[28.22803,-26.21589],[28.2277,-26.21565],[28.2273,-26.21537],[28.22683,-26.21503],[28.22635,-26.21468],[28.22534,-26.21396],[28.22457,-26.2134],[28.22364,-26.21273],[28.22306,-26.21232],[28.22226,-26.21174],[28.221,-26.21084],[28.21982,-26.20999],[28.21914,-26.2095],[28.21827,-26.20887],[28.21759,-26.20839],[28.21703,-26.20799],[28.21638,-26.20752],[28.21567,-26.20701],[28.21534,-26.20677],[28.21497,-26.20651],[28.21441,-26.20611],[28.21383,-26.20568],[28.21285,-26.20498],[28.21261,-26.20481],[28.21238,-26.20467],[28.21219,-26.20458],[28.21196,-26.20448],[28.21178,-26.20442],[28.21158,-26.20437],[28.21133,-26.20432],[28.21111,-26.2043],[28.21094,-26.2043],[28.2108,-26.2043],[28.21059,-26.20431],[28.21048,-26.20432],[28.21024,-26.20436],[28.20997,-26.20443],[28.20917,-26.20464],[28.2089,-26.20472],[28.20874,-26.20476],[28.2073,-26.20515],[28.20597,-26.20553],[28.20423,-26.20601],[28.20327,-26.20628],[28.20294,-26.20636],[28.20255,-26.20645],[28.20224,-26.20651],[28.20185,-26.20657],[28.20149,-26.20661],[28.20127,-26.20663],[28.2009,-26.20665],[28.20065,-26.20665],[28.20046,-26.20664],[28.20021,-26.20663],[28.19992,-26.20661],[28.19967,-26.20658],[28.19944,-26.20654],[28.19901,-26.20645],[28.19851,-26.20633],[28.19794,-26.20618],[28.19771,-26.20612],[28.1975,-26.20606]]}},{"type":"Feature","properties":{"id":"way/820504216","name":"Unnamed","network":"PRASA"},"geometry":{"type":"LineString","coordinates":[[28.23552,-26.21901],[28.2361,-26.21903],[28.23667,-26.21904],[28.23749,-26.21903],[28.23812,-26.21902],[28.23888,-26.21901],[28.23913,-26.21901],[28.23943,-26.21901],[28.23967,-26.21903],[28.24009,-26.21904],[28.24046,-26.21904],[28.24085,-26.21904],[28.24177,-26.21903],[28.24207,-26.21903],[28.24226,-26.21902],[28.2425,-26.21901],[28.24285,-26.219],[28.24316,-26.21899],[28.24341,-26.21898],[28.24365,-26.21898],[28.24419,-26.21898],[28.24586,-26.21897],[28.24787,-26.21895],[28.24968,-26.21893],[28.25249,-26.21892],[28.25323,-26.21891]]}},{"type":"Feature","properties":{"id":"way/820504218","name":"Unnamed","network":"PRASA"},"geometry":{"type":"LineString","coordinates":[[28.28226,-26.21086],[28.28202,-26.21096],[28.28179,-26.21106]]}},{"type":"Feature","properties":{"id":"way/820504227","name":"Unnamed","network":"PRASA"},"geometry":{"type":"LineString","coordinates":[[28.28179,-26.21106],[28.28159,-26.21114],[28.28052,-26.21153],[28.27993,-26.21175],[28.27939,-26.21195],[28.2766,-26.21298],[28.27493,-26.2136],[28.27301,-26.2143],[28.2715,-26.21486],[28.27118,-26.21498],[28.27085,-26.2151],[28.27055,-26.21519],[28.27016,-26.21531],[28.26942,-26.21552],[28.26812,-26.21589],[28.26556,-26.21664]]}},{"type":"Feature","properties":{"id":"way/827741160","name":"Unnamed","network":"PRASA"},"geometry":{"type":"LineString","coordinates":[[28.18683,-26.20851],[28.18694,-26.20832],[28.18708,-26.2081]]}},{"type":"Feature","properties":{"id":"way/827741161","name":"Unnamed","network":"PRASA"},"geometry":{"type":"LineString","coordinates":[[28.18642,-26.20899],[28.18679,-26.20849],[28.18708,-26.2081]]}},{"type":"Feature","properties":{"id":"way/827741163","name":"Unnamed","network":"PRASA"},"geometry":{"type":"LineString","coordinates":[[28.18785,-26.20714],[28.1878,-26.20719],[28.18759,-26.20748],[28.1875,-26.2076],[28.18683,-26.20851]]}},{"type":"Feature","properties":{"id":"way/827741164","name":"Unnamed","network":"PRASA"},"geometry":{"type":"LineString","coordinates":[[28.18683,-26.20851],[28.18675,-26.20862],[28.18645,-26.20901]]}},{"type":"Feature","properties":{"id":"way/829417126","name":"Unnamed","network":"PRASA"},"geometry":{"type":"LineString","coordinates":[[28.33166,-26.21767],[28.33191,-26.21751],[28.33204,-26.21743],[28.33222,-26.21733],[28.3339,-26.21626],[28.33448,-26.21589],[28.33464,-26.21579],[28.33482,-26.21569],[28.33513,-26.21555],[28.33521,-26.21551],[28.33542,-26.21544],[28.33559,-26.2154],[28.3358,-26.21536],[28.336,-26.21533],[28.33618,-26.21532],[28.33639,-26.21532],[28.33659,-26.21533],[28.33681,-26.21535],[28.337,-26.21538],[28.33719,-26.21543],[28.33735,-26.21548],[28.33753,-26.21554],[28.33771,-26.21562],[28.33795,-26.21574],[28.33838,-26.21595],[28.33908,-26.21632],[28.34006,-26.21683],[28.34093,-26.21727],[28.34199,-26.21781],[28.34302,-26.21835],[28.34453,-26.21913],[28.34582,-26.21979],[28.34712,-26.22046],[28.34842,-26.22112],[28.35004,-26.22196],[28.35071,-26.2223],[28.351,-26.22247],[28.35123,-26.22263],[28.35139,-26.22274],[28.35156,-26.22288],[28.35176,-26.22306],[28.35195,-26.22325],[28.35222,-26.22357],[28.35232,-26.22372],[28.35252,-26.224],[28.35268,-26.22429],[28.35299,-26.22491],[28.35334,-26.22557],[28.35403,-26.22689],[28.35463,-26.22805],[28.35496,-26.22868],[28.35558,-26.22988],[28.35609,-26.23086],[28.35666,-26.23197]]}},{"type":"Feature","properties":{"id":"way/829417127","name":"Unnamed","network":"PRASA"},"geometry":{"type":"LineString","coordinates":[[28.33205,-26.21748],[28.33183,-26.21761],[28.33167,-26.21771]]}},{"type":"Feature","properties":{"id":"way/829417128","name":"Unnamed","network":"PRASA"},"geometry":{"type":"LineString","coordinates":[[28.31453,-26.1977],[28.31466,-26.19778],[28.31485,-26.19792],[28.31501,-26.19806],[28.31517,-26.19822],[28.31528,-26.19834],[28.31541,-26.19853],[28.31559,-26.19881],[28.3158,-26.19916],[28.31622,-26.19988],[28.31685,-26.20095],[28.31757,-26.20218],[28.31806,-26.20302],[28.31828,-26.20339],[28.31857,-26.20389],[28.31879,-26.20426],[28.31922,-26.20497],[28.31966,-26.20573],[28.32015,-26.20656],[28.32027,-26.20676],[28.32048,-26.20711],[28.32076,-26.2076],[28.32094,-26.2079],[28.32121,-26.20834],[28.32168,-26.20913],[28.32199,-26.20966],[28.32266,-26.21079],[28.32299,-26.21135],[28.32361,-26.21241],[28.32399,-26.21304],[28.32459,-26.21405],[28.32537,-26.21538],[28.32618,-26.21674],[28.32648,-26.21724],[28.32659,-26.21741],[28.32678,-26.21764],[28.32697,-26.21783],[28.32712,-26.21795],[28.32727,-26.21806],[28.32745,-26.21818],[28.32764,-26.21829],[28.32783,-26.21837],[28.32806,-26.21846],[28.3283,-26.21853],[28.32857,-26.21858],[28.32882,-26.21861],[28.32902,-26.21862],[28.3292,-26.21862],[28.32942,-26.2186],[28.32962,-26.21858],[28.32979,-26.21855],[28.32995,-26.2185],[28.33009,-26.21846],[28.33025,-26.21841],[28.33039,-26.21836],[28.33064,-26.21826],[28.33084,-26.21816],[28.331,-26.21807],[28.33117,-26.21798],[28.33133,-26.21788],[28.33151,-26.21776],[28.33166,-26.21767]]}},{"type":"Feature","properties":{"id":"way/829417129","name":"Unnamed","network":"PRASA"},"geometry":{"type":"LineString","coordinates":[[28.36002,-26.23852],[28.35991,-26.23831],[28.35985,-26.23819]]}},{"type":"Feature","properties":{"id":"way/829417131","name":"Unnamed","network":"PRASA"},"geometry":{"type":"LineString","coordinates":[[28.35985,-26.23819],[28.35964,-26.2378],[28.3594,-26.23732],[28.35909,-26.23673],[28.35862,-26.23582],[28.35823,-26.23509],[28.35767,-26.23402],[28.35707,-26.23285],[28.35673,-26.23218],[28.35651,-26.23176],[28.35598,-26.23073],[28.35554,-26.22989],[28.35504,-26.22892],[28.35444,-26.22778],[28.35387,-26.22667],[28.35319,-26.22537],[28.35283,-26.22468],[28.35264,-26.22431],[28.35248,-26.22403],[28.35234,-26.22381],[28.35219,-26.22361],[28.35203,-26.22341],[28.35183,-26.2232],[28.35167,-26.22303],[28.35144,-26.22284],[28.3512,-26.22265],[28.35095,-26.22249],[28.35074,-26.22236],[28.35048,-26.22222],[28.3502,-26.22208],[28.34973,-26.22184],[28.34879,-26.22135],[28.34806,-26.22098],[28.34716,-26.22052],[28.34642,-26.22014],[28.3458,-26.21983],[28.34511,-26.21946],[28.34363,-26.2187],[28.34253,-26.21814],[28.34171,-26.21771],[28.34075,-26.21722],[28.34026,-26.21697],[28.33924,-26.21644],[28.33844,-26.21604],[28.33807,-26.21585],[28.33777,-26.21569],[28.33754,-26.21559],[28.33732,-26.21551],[28.33704,-26.21543],[28.33677,-26.21539],[28.33656,-26.21537],[28.33628,-26.21536],[28.33599,-26.21538],[28.33574,-26.21541],[28.33555,-26.21545],[28.33527,-26.21553],[28.33505,-26.21561],[28.33484,-26.21572],[28.33459,-26.21587],[28.33408,-26.21619],[28.33375,-26.2164],[28.33241,-26.21724],[28.33205,-26.21748]]}},{"type":"Feature","properties":{"id":"way/829417144","name":"Unnamed","network":"PRASA"},"geometry":{"type":"LineString","coordinates":[[28.3837,-26.16912],[28.38386,-26.1691]]}},{"type":"Feature","properties":{"id":"way/829417145","name":"Unnamed","network":"PRASA"},"geometry":{"type":"LineString","coordinates":[[28.38386,-26.1691],[28.3844,-26.16903],[28.38493,-26.16897],[28.38539,-26.16889],[28.38584,-26.16882],[28.38631,-26.16876],[28.38673,-26.16871],[28.38706,-26.16868],[28.38742,-26.16866],[28.38777,-26.16864],[28.38806,-26.16863],[28.38839,-26.16864],[28.38893,-26.16864],[28.3894,-26.16865],[28.38973,-26.16866],[28.39006,-26.16869],[28.39042,-26.16872],[28.39084,-26.16876],[28.39136,-26.16883],[28.39189,-26.1689],[28.39255,-26.16899],[28.39294,-26.16904],[28.39337,-26.16912],[28.39361,-26.16917],[28.39387,-26.16925],[28.39417,-26.16936],[28.39447,-26.16949],[28.39464,-26.16959],[28.39488,-26.16972],[28.39516,-26.1699],[28.39533,-26.17004],[28.39553,-26.17021],[28.39574,-26.17041],[28.39644,-26.17112],[28.39734,-26.17203]]}},{"type":"Feature","properties":{"id":"way/829417147","name":"Unnamed","network":"PRASA"},"geometry":{"type":"LineString","coordinates":[[28.33411,-26.17671],[28.3344,-26.1766]]}},{"type":"Feature","properties":{"id":"way/829417148","name":"Unnamed","network":"PRASA"},"geometry":{"type":"LineString","coordinates":[[28.3344,-26.1766],[28.33554,-26.17619],[28.33796,-26.17532],[28.33952,-26.17477],[28.34125,-26.17414],[28.34255,-26.17368],[28.34313,-26.17347],[28.34447,-26.17299],[28.34542,-26.17264],[28.34671,-26.17217],[28.34725,-26.17197],[28.34776,-26.17176],[28.34822,-26.17155],[28.34902,-26.17115],[28.35009,-26.17061],[28.35074,-26.17029],[28.35126,-26.17002],[28.35217,-26.16957],[28.35268,-26.16931],[28.35341,-26.16895],[28.35433,-26.16848],[28.355,-26.16815],[28.35587,-26.16772],[28.35706,-26.16711],[28.35807,-26.16661],[28.35914,-26.16607],[28.35985,-26.16572],[28.3603,-26.16555],[28.36061,-26.16544],[28.36089,-26.16536],[28.36116,-26.16528],[28.3615,-26.1652],[28.36183,-26.16514],[28.36216,-26.16509],[28.3625,-26.16505],[28.36293,-26.16501],[28.36323,-26.165],[28.36364,-26.16501],[28.36398,-26.16503],[28.36434,-26.16506],[28.36471,-26.16511],[28.36507,-26.16517],[28.36544,-26.16525],[28.3659,-26.16538],[28.36632,-26.16551],[28.36678,-26.1657],[28.36717,-26.16588],[28.36754,-26.16606],[28.36823,-26.16641],[28.36892,-26.16677],[28.36941,-26.167],[28.36977,-26.16716],[28.37011,-26.1673],[28.37056,-26.16747],[28.37101,-26.16763],[28.37152,-26.1678],[28.37232,-26.16807],[28.37327,-26.1684],[28.37392,-26.16862],[28.37451,-26.16883],[28.37483,-26.16894],[28.37519,-26.16906],[28.37549,-26.16916],[28.37574,-26.16924],[28.37596,-26.1693],[28.37621,-26.16936],[28.3765,-26.16942],[28.37678,-26.16948],[28.37702,-26.16951],[28.37729,-26.16955],[28.37756,-26.16957],[28.37788,-26.16959],[28.37843,-26.16961],[28.3788,-26.16962],[28.37923,-26.16962],[28.3797,-26.1696],[28.38034,-26.16955],[28.38126,-26.16945],[28.38263,-26.16926],[28.3837,-26.16912]]}},{"type":"Feature","properties":{"id":"way/829417151","name":"Unnamed","network":"PRASA"},"geometry":{"type":"LineString","coordinates":[[28.35961,-26.23764],[28.35984,-26.23809],[28.36006,-26.2385],[28.36017,-26.23872],[28.36058,-26.23952],[28.36108,-26.24047],[28.36162,-26.24151],[28.36205,-26.24234],[28.36246,-26.24312],[28.36269,-26.24357],[28.36287,-26.24391]]}},{"type":"Feature","properties":{"id":"way/829417163","name":"Unnamed","network":"PRASA"},"geometry":{"type":"LineString","coordinates":[[28.36287,-26.24391],[28.36317,-26.24449],[28.36341,-26.24496]]}},{"type":"Feature","properties":{"id":"way/829417164","name":"Unnamed","network":"PRASA"},"geometry":{"type":"LineString","coordinates":[[28.39079,-26.26246],[28.39118,-26.26239],[28.39178,-26.26222],[28.39207,-26.26211],[28.39238,-26.26199],[28.3927,-26.26185],[28.39304,-26.26167],[28.39345,-26.26143],[28.39442,-26.26087],[28.39466,-26.26076],[28.39501,-26.26061],[28.39524,-26.26051],[28.39557,-26.26042],[28.39577,-26.26036],[28.39602,-26.2603],[28.39642,-26.26023],[28.39668,-26.26019],[28.39707,-26.26017],[28.39734,-26.26015],[28.39775,-26.26016],[28.39803,-26.26018],[28.39843,-26.26023],[28.39877,-26.26029],[28.39916,-26.26038],[28.3994,-26.26044],[28.40022,-26.26064],[28.40267,-26.26123],[28.40364,-26.26147],[28.40617,-26.26208],[28.40654,-26.26217]]}},{"type":"Feature","properties":{"id":"way/829417165","name":"Unnamed","network":"PRASA"},"geometry":{"type":"LineString","coordinates":[[28.39035,-26.26256],[28.38981,-26.26261],[28.38927,-26.26263],[28.38894,-26.26261],[28.38861,-26.26259],[28.38825,-26.26254],[28.38798,-26.2625],[28.38765,-26.26243],[28.38734,-26.26235],[28.38694,-26.26223],[28.38669,-26.26214],[28.38623,-26.26195],[28.38578,-26.26173],[28.38521,-26.26144],[28.38394,-26.2608],[28.38276,-26.26019],[28.3816,-26.2596],[28.38091,-26.25925],[28.38041,-26.25899],[28.37891,-26.25823],[28.37767,-26.25759],[28.37652,-26.25701],[28.37567,-26.25657],[28.37483,-26.25615],[28.37437,-26.25591],[28.37392,-26.25568],[28.37347,-26.25545],[28.37288,-26.25515],[28.37195,-26.25468],[28.37095,-26.25416],[28.37025,-26.25381],[28.36961,-26.25348],[28.36874,-26.25304],[28.36835,-26.25283],[28.368,-26.25261],[28.3677,-26.2524],[28.36746,-26.2522],[28.36724,-26.25199],[28.36705,-26.25178],[28.36685,-26.25153],[28.36666,-26.25124],[28.36652,-26.25101],[28.36615,-26.25033],[28.36554,-26.24914],[28.36494,-26.24799],[28.3648,-26.2477],[28.36436,-26.24687],[28.36374,-26.24568],[28.36346,-26.24514],[28.36335,-26.24493],[28.36311,-26.24446],[28.36285,-26.24398]]}},{"type":"Feature","properties":{"id":"way/833316849","name":"Unnamed","network":"PRASA"},"geometry":{"type":"LineString","coordinates":[[28.25522,-26.03069],[28.25524,-26.03048],[28.25524,-26.0304],[28.25526,-26.03022]]}},{"type":"Feature","properties":{"id":"way/833316850","name":"Unnamed","network":"PRASA"},"geometry":{"type":"LineString","coordinates":[[28.19971,-26.0268],[28.19952,-26.02695],[28.19934,-26.02712]]}},{"type":"Feature","properties":{"id":"way/833316851","name":"Unnamed","network":"PRASA"},"geometry":{"type":"LineString","coordinates":[[28.19878,-26.02748],[28.19898,-26.02736],[28.1992,-26.02722]]}},{"type":"Feature","properties":{"id":"way/833316852","name":"Unnamed","network":"PRASA"},"geometry":{"type":"LineString","coordinates":[[28.23792,-26.01543],[28.23774,-26.01531],[28.23726,-26.01502],[28.23685,-26.01476],[28.23656,-26.01457],[28.23634,-26.01442],[28.23607,-26.01423],[28.23584,-26.01404],[28.23566,-26.01389],[28.23552,-26.01378],[28.23524,-26.01351],[28.23483,-26.01309],[28.2346,-26.01287],[28.23439,-26.01265],[28.23408,-26.01235],[28.23363,-26.0119],[28.23299,-26.01127],[28.23243,-26.01071],[28.23198,-26.01026],[28.23162,-26.0099],[28.23002,-26.00831],[28.22904,-26.00733],[28.22819,-26.00648],[28.22752,-26.00581],[28.22724,-26.00553],[28.22705,-26.00535],[28.22682,-26.00512],[28.22662,-26.00494],[28.22651,-26.00484],[28.2263,-26.00467],[28.22609,-26.00452],[28.22586,-26.00436],[28.22555,-26.00416],[28.22526,-26.00401],[28.22493,-26.00384],[28.22464,-26.00372],[28.2243,-26.00358],[28.22399,-26.00348],[28.22367,-26.00339],[28.2234,-26.00333],[28.22314,-26.00328],[28.22293,-26.00324],[28.22271,-26.00321],[28.22244,-26.00318],[28.22217,-26.00316],[28.22186,-26.00315],[28.22157,-26.00315],[28.22127,-26.00316],[28.22097,-26.00318],[28.22071,-26.00322],[28.22042,-26.00326],[28.22018,-26.00331],[28.21992,-26.00336],[28.21964,-26.00344],[28.21927,-26.00355],[28.21897,-26.00366],[28.21862,-26.00381],[28.2184,-26.00391],[28.21815,-26.00404],[28.2179,-26.00418],[28.21767,-26.00432],[28.21742,-26.00449],[28.21721,-26.00465],[28.21699,-26.00482],[28.21684,-26.00495],[28.21663,-26.00515],[28.21636,-26.00542],[28.2162,-26.0056],[28.21602,-26.00582],[28.21584,-26.00606],[28.21567,-26.00631],[28.21553,-26.00655],[28.21538,-26.00681],[28.21528,-26.00703],[28.21519,-26.00722],[28.21508,-26.0075],[28.21498,-26.00778],[28.21492,-26.00801],[28.21487,-26.00819],[28.21483,-26.00838],[28.21479,-26.00861],[28.21477,-26.00878],[28.21475,-26.00899],[28.21474,-26.00919],[28.21473,-26.00941],[28.21474,-26.0097],[28.21475,-26.00999],[28.21477,-26.01024],[28.21484,-26.01106],[28.21488,-26.01152],[28.21491,-26.01192],[28.21494,-26.01225],[28.21495,-26.01247],[28.21495,-26.01269],[28.21493,-26.01298],[28.2149,-26.0133],[28.21485,-26.01362],[28.21477,-26.01399],[28.21472,-26.01417],[28.21467,-26.01435],[28.21459,-26.01459],[28.21449,-26.01485],[28.21437,-26.0151],[28.21427,-26.01531],[28.21415,-26.01552],[28.214,-26.01577],[28.21387,-26.01596],[28.21374,-26.01614],[28.21358,-26.01635],[28.21339,-26.01657],[28.21318,-26.0168],[28.21299,-26.01699]]}},{"type":"Feature","properties":{"id":"way/833316856","name":"Unnamed","network":"PRASA"},"geometry":{"type":"LineString","coordinates":[[28.23299,-26.01127],[28.23317,-26.01142],[28.23324,-26.01149],[28.23346,-26.01168]]}},{"type":"Feature","properties":{"id":"way/833316857","name":"Unnamed","network":"PRASA"},"geometry":{"type":"LineString","coordinates":[[28.23369,-26.0119],[28.2339,-26.01215],[28.23408,-26.01235]]}},{"type":"Feature","properties":{"id":"way/835051799","name":"Unnamed","network":"PRASA"},"geometry":{"type":"LineString","coordinates":[[28.03843,-26.19775],[28.03855,-26.19778],[28.03857,-26.19778]]}},{"type":"Feature","properties":{"id":"way/835053885","name":"Unnamed","network":"PRASA"},"geometry":{"type":"LineString","coordinates":[[28.07718,-26.2089],[28.07683,-26.20903],[28.07654,-26.20911],[28.07622,-26.2092],[28.07586,-26.20927],[28.07549,-26.20934],[28.07515,-26.20938],[28.07485,-26.20941],[28.0745,-26.20943],[28.07423,-26.20944],[28.07391,-26.20943],[28.07363,-26.20941],[28.07335,-26.20937],[28.07306,-26.20932],[28.07281,-26.20926],[28.07255,-26.20919],[28.07235,-26.20913],[28.07176,-26.20894],[28.07141,-26.20882],[28.07111,-26.20872],[28.07085,-26.20862],[28.07052,-26.20848],[28.07021,-26.20834],[28.06992,-26.20817],[28.06945,-26.20791],[28.06796,-26.20705],[28.06721,-26.20662],[28.06596,-26.2059],[28.06537,-26.20557],[28.06508,-26.20539],[28.0648,-26.20519],[28.06461,-26.20505],[28.06444,-26.20489],[28.06427,-26.20473],[28.06245,-26.20304],[28.06224,-26.20283],[28.06196,-26.2025],[28.06179,-26.2023],[28.06163,-26.20208],[28.06092,-26.20112],[28.06087,-26.20105],[28.06071,-26.20084],[28.06062,-26.20072],[28.06058,-26.20066],[28.06044,-26.20048],[28.06038,-26.2004],[28.06023,-26.20022],[28.06008,-26.20005],[28.05994,-26.19989],[28.05979,-26.19973],[28.05963,-26.19954],[28.05908,-26.19892],[28.05906,-26.19889],[28.05894,-26.19877],[28.05885,-26.19867],[28.05873,-26.19856],[28.05862,-26.19845],[28.05848,-26.19834],[28.05837,-26.19826],[28.05828,-26.19819],[28.05815,-26.1981],[28.05793,-26.19797],[28.05766,-26.19782]]}},{"type":"Feature","properties":{"id":"way/835057400","name":"Unnamed","network":"PRASA"},"geometry":{"type":"LineString","coordinates":[[28.16574,-26.20963],[28.16526,-26.20951]]}},{"type":"Feature","properties":{"id":"way/835057401","name":"Unnamed","network":"PRASA"},"geometry":{"type":"LineString","coordinates":[[28.16786,-26.21007],[28.16593,-26.2096],[28.16557,-26.20951],[28.16538,-26.20947],[28.16489,-26.20938]]}},{"type":"Feature","properties":{"id":"way/835057403","name":"Unnamed","network":"PRASA"},"geometry":{"type":"LineString","coordinates":[[28.16327,-26.22376],[28.16306,-26.22325],[28.16296,-26.223],[28.1628,-26.2226],[28.16246,-26.22181],[28.16223,-26.22125],[28.16202,-26.22075],[28.16185,-26.22034],[28.16143,-26.21932],[28.16127,-26.21894],[28.16095,-26.21815],[28.16072,-26.21761]]}},{"type":"Feature","properties":{"id":"way/835057404","name":"Unnamed","network":"PRASA"},"geometry":{"type":"LineString","coordinates":[[28.16379,-26.22504],[28.16378,-26.22502]]}},{"type":"Feature","properties":{"id":"way/835064330","name":"Unnamed","network":"PRASA"},"geometry":{"type":"LineString","coordinates":[[27.93487,-26.21765],[27.93629,-26.21698]]}},{"type":"Feature","properties":{"id":"way/835067151","name":"Unnamed","network":"PRASA"},"geometry":{"type":"LineString","coordinates":[[28.14753,-26.21342],[28.14739,-26.21341],[28.14729,-26.2134],[28.14704,-26.21337],[28.14683,-26.21334],[28.14664,-26.2133],[28.14645,-26.21327],[28.1462,-26.21321],[28.146,-26.21314],[28.14593,-26.21312]]}},{"type":"Feature","properties":{"id":"way/835067152","name":"Unnamed","network":"PRASA"},"geometry":{"type":"LineString","coordinates":[[28.14851,-26.21356],[28.14753,-26.21346],[28.14728,-26.21344],[28.14703,-26.21341],[28.14682,-26.21338],[28.14663,-26.21334],[28.14644,-26.21331],[28.14619,-26.21325],[28.14599,-26.21318],[28.14588,-26.21314]]}},{"type":"Feature","properties":{"id":"way/835067153","name":"Unnamed","network":"PRASA"},"geometry":{"type":"LineString","coordinates":[[28.28263,-26.21071],[28.28294,-26.2106],[28.2832,-26.2105],[28.28342,-26.21042],[28.28444,-26.21004],[28.28608,-26.20942],[28.28711,-26.20903],[28.2874,-26.20892],[28.28753,-26.20888],[28.28799,-26.20871],[28.28815,-26.20864],[28.28834,-26.20857]]}},{"type":"Feature","properties":{"id":"way/835067154","name":"Unnamed","network":"PRASA"},"geometry":{"type":"LineString","coordinates":[[28.29209,-26.20707],[28.29105,-26.20746],[28.29013,-26.20781],[28.28976,-26.20795],[28.28916,-26.20817],[28.28855,-26.2084],[28.28841,-26.20845],[28.28791,-26.20865],[28.28733,-26.20886],[28.28547,-26.20956],[28.28456,-26.20989],[28.28446,-26.20993],[28.28408,-26.21004]]}},{"type":"Feature","properties":{"id":"way/835070176","name":"Unnamed","network":"PRASA"},"geometry":{"type":"LineString","coordinates":[[27.93325,-26.21937],[27.93338,-26.21903]]}},{"type":"Feature","properties":{"id":"way/835070177","name":"Unnamed","network":"PRASA"},"geometry":{"type":"LineString","coordinates":[[27.94028,-26.21512],[27.94014,-26.21515],[27.93993,-26.21519],[27.93976,-26.21523],[27.93958,-26.21526],[27.93928,-26.21535]]}},{"type":"Feature","properties":{"id":"way/835077554","name":"Unnamed","network":"PRASA"},"geometry":{"type":"LineString","coordinates":[[28.04788,-26.22643],[28.0474,-26.22655],[28.04622,-26.22685],[28.04591,-26.22693],[28.04561,-26.22698],[28.0455,-26.227],[28.04532,-26.22701],[28.04518,-26.227],[28.04506,-26.227],[28.04478,-26.22695],[28.04447,-26.22687],[28.044,-26.22673],[28.04356,-26.2266],[28.04324,-26.22649],[28.04305,-26.22642],[28.04287,-26.22636],[28.04237,-26.22617],[28.0416,-26.2259],[28.04146,-26.22585],[28.04129,-26.22578],[28.0411,-26.22569],[28.04089,-26.22561],[28.03919,-26.22483],[28.03902,-26.22474],[28.03885,-26.22465],[28.03872,-26.22457],[28.03853,-26.22447],[28.03843,-26.2244],[28.03826,-26.22428],[28.03787,-26.22401],[28.03753,-26.22377],[28.03739,-26.22367],[28.03722,-26.22356],[28.03707,-26.22348],[28.03689,-26.22339],[28.03638,-26.22315],[28.03588,-26.22292],[28.03491,-26.22247],[28.03455,-26.22231],[28.03438,-26.22223],[28.03416,-26.22213],[28.03389,-26.22202],[28.03369,-26.22196],[28.03348,-26.22189],[28.03319,-26.22179],[28.03262,-26.22163],[28.03108,-26.22115],[28.02993,-26.22079],[28.02952,-26.22068],[28.02919,-26.22059],[28.02884,-26.22052]]}},{"type":"Feature","properties":{"id":"way/835077555","name":"Unnamed","network":"PRASA"},"geometry":{"type":"LineString","coordinates":[[28.04739,-26.22651],[28.04619,-26.22682],[28.04593,-26.22689],[28.04579,-26.22691],[28.0456,-26.22695],[28.04536,-26.22696],[28.04519,-26.22696],[28.04503,-26.22695],[28.04482,-26.22691],[28.04463,-26.22686],[28.0445,-26.22682],[28.04402,-26.22668]]}},{"type":"Feature","properties":{"id":"way/835077556","name":"Unnamed","network":"PRASA"},"geometry":{"type":"LineString","coordinates":[[28.05769,-26.19774],[28.058,-26.19789],[28.05818,-26.198],[28.0583,-26.19808],[28.05841,-26.19815],[28.05853,-26.19823],[28.05867,-26.19834],[28.05882,-26.19845],[28.05895,-26.19857],[28.05908,-26.19869],[28.05919,-26.1988],[28.05921,-26.19883],[28.05936,-26.199],[28.05977,-26.1995],[28.05984,-26.1996],[28.05999,-26.19978],[28.06008,-26.1999],[28.06029,-26.20017],[28.06045,-26.20036],[28.06061,-26.20056],[28.06079,-26.2008],[28.06094,-26.20103],[28.06106,-26.20119],[28.06138,-26.20161],[28.06154,-26.20183],[28.06176,-26.20213],[28.06197,-26.20236],[28.06213,-26.20252],[28.06236,-26.20275],[28.06264,-26.20302],[28.06361,-26.20393],[28.06439,-26.20466],[28.06453,-26.20479],[28.06468,-26.20492],[28.0649,-26.20509],[28.065,-26.20515],[28.06521,-26.2053],[28.06533,-26.20538],[28.06546,-26.20546],[28.06583,-26.20567],[28.06798,-26.20691],[28.06999,-26.20806],[28.0703,-26.20824],[28.07058,-26.20838],[28.07085,-26.20852],[28.07114,-26.20863],[28.07144,-26.20875],[28.07179,-26.20887],[28.07237,-26.20905],[28.07257,-26.20912],[28.07283,-26.20919],[28.07304,-26.20924],[28.07334,-26.2093],[28.07372,-26.20935],[28.07392,-26.20936],[28.07427,-26.20937],[28.07454,-26.20936],[28.07481,-26.20934],[28.07511,-26.20932],[28.07543,-26.20927],[28.07581,-26.20921],[28.07619,-26.20912],[28.0765,-26.20903],[28.07702,-26.20887],[28.07715,-26.20883],[28.07745,-26.20872],[28.07776,-26.20861],[28.07786,-26.20858],[28.078,-26.20853]]}},{"type":"Feature","properties":{"id":"way/835082094","name":"Unnamed","network":"PRASA"},"geometry":{"type":"LineString","coordinates":[[28.0792,-26.20823],[28.07886,-26.20833],[28.07849,-26.20846],[28.07788,-26.20869],[28.07781,-26.20871]]}},{"type":"Feature","properties":{"id":"way/835082095","name":"Unnamed","network":"PRASA"},"geometry":{"type":"LineString","coordinates":[[28.08372,-26.20651],[28.08331,-26.20666],[28.0823,-26.20703],[28.08194,-26.20716],[28.08178,-26.20722],[28.08102,-26.20749],[28.08044,-26.20771],[28.07998,-26.20787],[28.07918,-26.20817],[28.0782,-26.20853],[28.07796,-26.20862],[28.07767,-26.20872],[28.07718,-26.2089]]}},{"type":"Feature","properties":{"id":"way/838003124","name":"Unnamed","network":"PRASA"},"geometry":{"type":"LineString","coordinates":[[28.22438,-25.88922],[28.22426,-25.88787],[28.22425,-25.8878],[28.22413,-25.8864],[28.22405,-25.88545],[28.224,-25.88485],[28.22394,-25.88422],[28.2239,-25.88376],[28.22388,-25.88346],[28.22388,-25.88324],[28.22388,-25.88309],[28.22389,-25.8829],[28.22391,-25.88265],[28.22392,-25.88254],[28.22393,-25.88237],[28.22398,-25.88191],[28.22402,-25.8815],[28.22407,-25.88099],[28.22412,-25.88054],[28.22418,-25.87993],[28.22427,-25.87908],[28.22433,-25.87846],[28.22438,-25.87796],[28.22442,-25.87743]]}},{"type":"Feature","properties":{"id":"way/838003129","name":"Unnamed","network":"PRASA"},"geometry":{"type":"LineString","coordinates":[[28.22444,-25.88921],[28.22439,-25.88865],[28.22433,-25.88805],[28.22424,-25.88701],[28.22417,-25.88626],[28.22411,-25.8856],[28.22406,-25.8851],[28.22401,-25.88455],[28.22397,-25.88415],[28.22395,-25.88386],[28.22394,-25.88362],[28.22393,-25.88346],[28.22392,-25.88334],[28.22392,-25.88317],[28.22392,-25.88303],[28.22393,-25.88287],[28.22394,-25.88269],[28.22396,-25.8825],[28.22405,-25.88158],[28.22415,-25.88065],[28.2243,-25.87908],[28.22442,-25.87788]]}},{"type":"Feature","properties":{"id":"way/838146279","name":"Unnamed","network":"PRASA"},"geometry":{"type":"LineString","coordinates":[[28.20757,-25.82824],[28.20726,-25.82761],[28.20722,-25.82753],[28.20679,-25.82668],[28.20646,-25.82602],[28.20607,-25.82523],[28.20524,-25.8236],[28.20494,-25.823],[28.20448,-25.82209],[28.20397,-25.82106],[28.20364,-25.8204],[28.2034,-25.81985],[28.2033,-25.81962],[28.20317,-25.81927],[28.20303,-25.81891],[28.20286,-25.81843],[28.20249,-25.81746],[28.20217,-25.81658],[28.20202,-25.81616],[28.20192,-25.81588],[28.20179,-25.81552],[28.20167,-25.81517],[28.20158,-25.81487],[28.20151,-25.81464],[28.20127,-25.81374],[28.20106,-25.81291],[28.20088,-25.81218],[28.20075,-25.81168]]}},{"type":"Feature","properties":{"id":"way/838146280","name":"Unnamed","network":"PRASA"},"geometry":{"type":"LineString","coordinates":[[28.1926,-25.78063],[28.19259,-25.78081],[28.19257,-25.78108],[28.19257,-25.78124]]}},{"type":"Feature","properties":{"id":"way/840261374","name":"Unnamed","network":"PRASA"},"geometry":{"type":"LineString","coordinates":[[28.24018,-25.96857],[28.23988,-25.96805]]}},{"type":"Feature","properties":{"id":"way/840261375","name":"Unnamed","network":"PRASA"},"geometry":{"type":"LineString","coordinates":[[28.2423,-25.97296],[28.24212,-25.9726],[28.24187,-25.9721],[28.24177,-25.97186],[28.24174,-25.97176],[28.24165,-25.97154],[28.24125,-25.97073],[28.24093,-25.97009],[28.24069,-25.96959],[28.24033,-25.96886],[28.24018,-25.96857]]}},{"type":"Feature","properties":{"id":"way/842499310","name":"Unnamed","network":"PRASA"},"geometry":{"type":"LineString","coordinates":[[28.42189,-26.15824],[28.42292,-26.15754]]}},{"type":"Feature","properties":{"id":"way/842505818","name":"Unnamed","network":"PRASA"},"geometry":{"type":"LineString","coordinates":[[28.08945,-25.49757],[28.08943,-25.49768],[28.0894,-25.49778],[28.08935,-25.49804],[28.08892,-25.49982],[28.08876,-25.50047],[28.08874,-25.50055],[28.08849,-25.50162],[28.08775,-25.50472],[28.08691,-25.50821],[28.08663,-25.50934],[28.08649,-25.50995],[28.08643,-25.51017],[28.0863,-25.51062],[28.08623,-25.51083],[28.08604,-25.51137],[28.08422,-25.51608],[28.084,-25.51666],[28.08379,-25.5172],[28.08354,-25.51787],[28.08346,-25.51807],[28.08335,-25.51836],[28.08323,-25.51871],[28.08314,-25.51898],[28.08306,-25.51928],[28.08301,-25.51946],[28.08296,-25.51969],[28.08288,-25.52007],[28.08284,-25.52035],[28.08281,-25.52057],[28.08278,-25.52079],[28.08277,-25.52099],[28.08275,-25.5213],[28.08274,-25.52154],[28.08274,-25.52186],[28.08274,-25.52218],[28.08275,-25.52241],[28.08278,-25.52273],[28.0828,-25.52304],[28.08283,-25.52332],[28.08305,-25.52581],[28.08306,-25.52586],[28.08316,-25.52696],[28.08319,-25.52741],[28.0832,-25.52784],[28.08319,-25.52817],[28.08318,-25.52842],[28.08316,-25.52873],[28.08313,-25.52898],[28.08309,-25.52929],[28.08305,-25.52957],[28.083,-25.52982],[28.08288,-25.53037],[28.08273,-25.5309],[28.08256,-25.53136],[28.08239,-25.53179],[28.08219,-25.53222],[28.08206,-25.5325],[28.08193,-25.53273],[28.08179,-25.53298],[28.07977,-25.53654],[28.07763,-25.54031],[28.07673,-25.54188]]}},{"type":"Feature","properties":{"id":"way/842765752","name":"Unnamed","network":"PRASA"},"geometry":{"type":"LineString","coordinates":[[28.18184,-25.66956],[28.18182,-25.66933],[28.18179,-25.66915],[28.18177,-25.66898],[28.18176,-25.66883]]}},{"type":"Feature","properties":{"id":"way/842765753","name":"Unnamed","network":"PRASA"},"geometry":{"type":"LineString","coordinates":[[28.18216,-25.67593],[28.18216,-25.67563],[28.18217,-25.67553],[28.18217,-25.67535]]}},{"type":"Feature","properties":{"id":"way/842765764","name":"Unnamed","network":"PRASA"},"geometry":{"type":"LineString","coordinates":[[28.17655,-25.65974],[28.17636,-25.65967],[28.17612,-25.65958],[28.17581,-25.65947],[28.17518,-25.65929],[28.174,-25.65898]]}},{"type":"Feature","properties":{"id":"way/844043991","name":"Unnamed","network":"PRASA"},"geometry":{"type":"LineString","coordinates":[[28.12393,-25.64554],[28.12369,-25.64546],[28.12342,-25.64536],[28.12324,-25.6453],[28.12293,-25.64519],[28.12261,-25.64509],[28.12199,-25.64491],[28.12102,-25.64466],[28.12068,-25.64455],[28.12048,-25.64448],[28.12014,-25.64435],[28.11969,-25.64416],[28.11933,-25.64399],[28.11897,-25.64381],[28.11852,-25.64355],[28.11804,-25.64325],[28.11765,-25.64297],[28.11733,-25.64273],[28.11703,-25.6425],[28.1166,-25.64215],[28.1157,-25.64144],[28.11461,-25.64057],[28.11356,-25.63973],[28.11261,-25.63898],[28.11224,-25.63868],[28.11196,-25.63844],[28.1118,-25.63829],[28.1115,-25.638],[28.11135,-25.63785],[28.11108,-25.63755],[28.11091,-25.63737],[28.11069,-25.63709],[28.11052,-25.63687],[28.11031,-25.63659],[28.11013,-25.63633],[28.10995,-25.63604],[28.10979,-25.63578],[28.10965,-25.63553],[28.10953,-25.63531],[28.10939,-25.63503],[28.10928,-25.63477],[28.1092,-25.6346],[28.10913,-25.63442],[28.10904,-25.63418],[28.10897,-25.634],[28.10892,-25.63386],[28.1088,-25.63344]]}},{"type":"Feature","properties":{"id":"way/844043992","name":"Unnamed","network":"PRASA"},"geometry":{"type":"LineString","coordinates":[[28.15083,-25.6528],[28.15111,-25.65286],[28.15146,-25.65293]]}},{"type":"Feature","properties":{"id":"way/852459690","name":"Unnamed","network":"PRASA"},"geometry":{"type":"LineString","coordinates":[[28.07669,-25.54196],[28.07558,-25.54392],[28.07502,-25.5449],[28.07447,-25.54587],[28.07362,-25.54737],[28.07312,-25.54826],[28.07298,-25.54854],[28.07285,-25.54882],[28.07273,-25.54909],[28.07266,-25.54927],[28.07256,-25.54952],[28.0725,-25.54969],[28.07242,-25.54995],[28.07234,-25.55021],[28.07229,-25.55039],[28.07224,-25.55058],[28.07214,-25.55107],[28.07207,-25.55147],[28.07205,-25.55161],[28.072,-25.55197],[28.07198,-25.55221],[28.07197,-25.55241],[28.07196,-25.55268],[28.07196,-25.55288],[28.07196,-25.55311],[28.07196,-25.55327],[28.07197,-25.55351],[28.07198,-25.5537],[28.07201,-25.55399],[28.07204,-25.55427],[28.07207,-25.55445],[28.0721,-25.55463],[28.07217,-25.555],[28.07225,-25.55534],[28.07228,-25.55545],[28.07233,-25.55564],[28.07241,-25.5559],[28.07254,-25.55628],[28.07262,-25.55651],[28.07277,-25.55686],[28.07289,-25.55714],[28.07303,-25.55743],[28.07313,-25.55762],[28.07322,-25.55779],[28.07344,-25.55816],[28.07358,-25.55838],[28.07372,-25.55859],[28.07398,-25.55896],[28.07419,-25.55924],[28.0744,-25.55949],[28.07484,-25.56001],[28.07562,-25.56075],[28.07722,-25.56211],[28.07965,-25.56418],[28.08183,-25.56605],[28.08348,-25.56747],[28.08433,-25.5682],[28.08514,-25.56897],[28.08589,-25.56982],[28.08622,-25.57025],[28.08653,-25.57071],[28.08696,-25.57145],[28.08722,-25.57198],[28.08736,-25.57229],[28.08749,-25.57263],[28.08792,-25.5738],[28.08853,-25.57548],[28.08919,-25.5773],[28.08944,-25.57801],[28.08994,-25.57938],[28.09028,-25.58034],[28.0904,-25.58066]]}},{"type":"Feature","properties":{"id":"way/852459691","name":"Unnamed","network":"PRASA"},"geometry":{"type":"LineString","coordinates":[[28.07673,-25.54188],[28.07669,-25.54196]]}},{"type":"Feature","properties":{"id":"way/867677562","name":"Unnamed","network":"PRASA"},"geometry":{"type":"LineString","coordinates":[[28.22285,-25.86681],[28.22282,-25.86655],[28.22278,-25.86623]]}},{"type":"Feature","properties":{"id":"way/867677563","name":"Unnamed","network":"PRASA"},"geometry":{"type":"LineString","coordinates":[[28.22443,-25.87725],[28.22443,-25.8772],[28.22446,-25.87666],[28.22446,-25.87636],[28.22445,-25.87604],[28.22443,-25.87574],[28.22439,-25.87538],[28.22431,-25.87478],[28.22424,-25.87419],[28.22419,-25.87388],[28.22414,-25.87356],[28.22406,-25.87311],[28.22398,-25.87271],[28.22383,-25.8719],[28.22346,-25.86998],[28.22328,-25.86903],[28.22316,-25.86842],[28.22308,-25.868],[28.223,-25.86757],[28.22293,-25.86721],[28.22286,-25.86688],[28.22285,-25.86681]]}},{"type":"Feature","properties":{"id":"way/867677564","name":"Unnamed","network":"PRASA"},"geometry":{"type":"LineString","coordinates":[[28.22442,-25.87743],[28.22443,-25.87725]]}},{"type":"Feature","properties":{"id":"way/867677565","name":"Unnamed","network":"PRASA"},"geometry":{"type":"LineString","coordinates":[[28.22278,-25.86623],[28.22301,-25.86745],[28.22303,-25.86756],[28.22311,-25.86798],[28.2232,-25.86841],[28.22332,-25.86902],[28.2235,-25.86998],[28.22387,-25.87191],[28.22395,-25.87235]]}},{"type":"Feature","properties":{"id":"way/867677566","name":"Unnamed","network":"PRASA"},"geometry":{"type":"LineString","coordinates":[[28.22446,-25.87744],[28.22445,-25.87762],[28.22442,-25.87788]]}},{"type":"Feature","properties":{"id":"way/867982009","name":"Unnamed","network":"PRASA"},"geometry":{"type":"LineString","coordinates":[[28.2036,-26.02398],[28.20348,-26.02407],[28.20299,-26.02442],[28.20256,-26.02474],[28.2022,-26.02501],[28.2015,-26.02552],[28.2012,-26.02574],[28.2007,-26.02611],[28.20043,-26.02631],[28.20012,-26.02654],[28.19973,-26.02683],[28.19934,-26.02712],[28.1992,-26.02722],[28.1984,-26.02781],[28.19782,-26.02824],[28.19752,-26.02845],[28.19672,-26.02905],[28.196,-26.02956],[28.19552,-26.02993]]}},{"type":"Feature","properties":{"id":"way/867982010","name":"Unnamed","network":"PRASA"},"geometry":{"type":"LineString","coordinates":[[28.20381,-26.02382],[28.2036,-26.02398]]}},{"type":"Feature","properties":{"id":"way/867982011","name":"Unnamed","network":"PRASA"},"geometry":{"type":"LineString","coordinates":[[28.21279,-26.01716],[28.21269,-26.01725],[28.21253,-26.01738],[28.21227,-26.01757],[28.21173,-26.01797],[28.21097,-26.01853],[28.21033,-26.019],[28.20963,-26.01952],[28.20903,-26.01996],[28.20845,-26.02039],[28.20785,-26.02084],[28.20728,-26.02126],[28.2067,-26.02169],[28.20633,-26.02196],[28.20591,-26.02227],[28.20537,-26.02267],[28.20498,-26.02296],[28.20437,-26.02341],[28.20381,-26.02382]]}},{"type":"Feature","properties":{"id":"way/867982012","name":"Unnamed","network":"PRASA"},"geometry":{"type":"LineString","coordinates":[[28.21299,-26.01699],[28.21289,-26.01708],[28.21279,-26.01716]]}},{"type":"Feature","properties":{"id":"way/867982013","name":"Unnamed","network":"PRASA"},"geometry":{"type":"LineString","coordinates":[[28.23813,-26.01556],[28.23792,-26.01543]]}},{"type":"Feature","properties":{"id":"way/867982014","name":"Unnamed","network":"PRASA"},"geometry":{"type":"LineString","coordinates":[[28.2552,-26.03139],[28.25522,-26.03119],[28.25522,-26.03101],[28.25522,-26.03076],[28.25522,-26.03069],[28.25521,-26.03033],[28.25521,-26.03002],[28.2552,-26.02976],[28.25519,-26.02955],[28.25516,-26.02925],[28.25512,-26.02896],[28.2551,-26.0288],[28.25505,-26.02859],[28.25499,-26.02831],[28.25492,-26.02809],[28.25484,-26.02784],[28.25476,-26.0276],[28.25464,-26.02732],[28.25451,-26.02705],[28.25441,-26.02685],[28.2543,-26.02666],[28.25422,-26.02652],[28.25409,-26.0263],[28.25397,-26.02612],[28.25378,-26.02586],[28.2536,-26.02565],[28.25335,-26.02536],[28.25315,-26.02515],[28.2529,-26.02491],[28.25266,-26.02469],[28.25249,-26.02455],[28.25227,-26.02439],[28.25205,-26.02423],[28.25181,-26.02407],[28.25079,-26.02344],[28.2502,-26.02306],[28.24896,-26.0223],[28.24805,-26.02173],[28.24711,-26.02114],[28.2463,-26.02063],[28.24567,-26.02024],[28.24501,-26.01984],[28.24423,-26.01935],[28.24349,-26.01889],[28.2428,-26.01846],[28.24207,-26.01801],[28.24131,-26.01753],[28.24049,-26.01702],[28.23983,-26.01661],[28.23922,-26.01623],[28.23859,-26.01584],[28.23813,-26.01556]]}},{"type":"Feature","properties":{"id":"way/875341121","name":"Unnamed","network":"PRASA"},"geometry":{"type":"LineString","coordinates":[[28.18127,-25.7556],[28.1813,-25.7556],[28.18137,-25.75559],[28.18153,-25.75559]]}},{"type":"Feature","properties":{"id":"way/875341124","name":"Unnamed","network":"PRASA"},"geometry":{"type":"LineString","coordinates":[[28.18104,-25.75561],[28.18127,-25.7556]]}},{"type":"Feature","properties":{"id":"way/875560098","name":"Unnamed","network":"PRASA"},"geometry":{"type":"LineString","coordinates":[[27.83832,-26.29713],[27.83861,-26.29702]]}},{"type":"Feature","properties":{"id":"way/875560099","name":"Unnamed","network":"PRASA"},"geometry":{"type":"LineString","coordinates":[[27.83861,-26.29702],[27.83916,-26.29681],[27.83981,-26.29658],[27.84029,-26.2964],[27.84085,-26.29619],[27.84141,-26.29599],[27.84205,-26.29575],[27.84295,-26.29542],[27.84357,-26.29519],[27.84382,-26.29511],[27.84415,-26.29502],[27.84446,-26.29492]]}},{"type":"Feature","properties":{"id":"way/875560104","name":"Unnamed","network":"PRASA"},"geometry":{"type":"LineString","coordinates":[[27.70046,-26.30971],[27.70154,-26.30964],[27.70258,-26.30957],[27.70522,-26.30941],[27.71015,-26.30909],[27.713,-26.30892],[27.71476,-26.30881],[27.71649,-26.3087],[27.71965,-26.3085],[27.72275,-26.3083],[27.72443,-26.3082],[27.7264,-26.30807],[27.72927,-26.30789],[27.73093,-26.30779],[27.73254,-26.30768],[27.74193,-26.30709],[27.74413,-26.30695],[27.74479,-26.30691],[27.74742,-26.30674],[27.74822,-26.30668],[27.74899,-26.30663],[27.74917,-26.30662],[27.75118,-26.3065],[27.75278,-26.30639],[27.75358,-26.30634]]}},{"type":"Feature","properties":{"id":"way/875560105","name":"Unnamed","network":"PRASA"},"geometry":{"type":"LineString","coordinates":[[27.85241,-26.29298],[27.85279,-26.29291],[27.85481,-26.29252],[27.85541,-26.2924],[27.85599,-26.29229],[27.85749,-26.29198],[27.85797,-26.29185],[27.85844,-26.29176],[27.85853,-26.29174]]}},{"type":"Feature","properties":{"id":"way/875560106","name":"Unnamed","network":"PRASA"},"geometry":{"type":"LineString","coordinates":[[27.8441,-26.29505],[27.84446,-26.29492]]}},{"type":"Feature","properties":{"id":"way/875560121","name":"Unnamed","network":"PRASA"},"geometry":{"type":"LineString","coordinates":[[27.84352,-26.29531],[27.8441,-26.29505]]}},{"type":"Feature","properties":{"id":"way/875560122","name":"Unnamed","network":"PRASA"},"geometry":{"type":"LineString","coordinates":[[27.83863,-26.29711],[27.84021,-26.29653],[27.84085,-26.29629],[27.84242,-26.29571],[27.84335,-26.29537],[27.84352,-26.29531]]}},{"type":"Feature","properties":{"id":"way/875560128","name":"Unnamed","network":"PRASA"},"geometry":{"type":"LineString","coordinates":[[27.85853,-26.29174],[27.85921,-26.29165]]}},{"type":"Feature","properties":{"id":"way/875560129","name":"Unnamed","network":"PRASA"},"geometry":{"type":"LineString","coordinates":[[27.84446,-26.29492],[27.8446,-26.29487],[27.84511,-26.29468],[27.84589,-26.29439],[27.84627,-26.29426],[27.84654,-26.29417],[27.84677,-26.29411],[27.84698,-26.29405],[27.84719,-26.29399],[27.84739,-26.29395],[27.84828,-26.29378],[27.8487,-26.2937],[27.84949,-26.29354],[27.85078,-26.29329],[27.85241,-26.29298]]}},{"type":"Feature","properties":{"id":"way/875560161","name":"Unnamed","network":"PRASA"},"geometry":{"type":"LineString","coordinates":[[27.93292,-26.22047],[27.93288,-26.22056]]}},{"type":"Feature","properties":{"id":"way/875560162","name":"Unnamed","network":"PRASA"},"geometry":{"type":"LineString","coordinates":[[27.93288,-26.22056],[27.93291,-26.22047]]}},{"type":"Feature","properties":{"id":"way/875560164","name":"Unnamed","network":"PRASA"},"geometry":{"type":"LineString","coordinates":[[27.93286,-26.22061],[27.93285,-26.22064],[27.93281,-26.22073]]}},{"type":"Feature","properties":{"id":"way/875576222","name":"Unnamed","network":"PRASA"},"geometry":{"type":"LineString","coordinates":[[27.88614,-26.50454],[27.88608,-26.50432]]}},{"type":"Feature","properties":{"id":"way/875576223","name":"Unnamed","network":"PRASA"},"geometry":{"type":"LineString","coordinates":[[27.88683,-26.52205],[27.88663,-26.51981],[27.88647,-26.51805],[27.88624,-26.51556],[27.8861,-26.51399],[27.88601,-26.51307],[27.88592,-26.51207],[27.88586,-26.51134],[27.88584,-26.51107],[27.88584,-26.51087],[27.88584,-26.51062],[27.88585,-26.51042],[27.88587,-26.51018],[27.8859,-26.50992],[27.88595,-26.50963],[27.88621,-26.50812],[27.8863,-26.50752],[27.88636,-26.50715],[27.88639,-26.50693],[27.88641,-26.50658],[27.88641,-26.50628],[27.8864,-26.5061],[27.88639,-26.50591],[27.88637,-26.50562],[27.88633,-26.50535],[27.88627,-26.50507],[27.88621,-26.5048],[27.88614,-26.50454]]}},{"type":"Feature","properties":{"id":"way/875576224","name":"Unnamed","network":"PRASA"},"geometry":{"type":"LineString","coordinates":[[27.88686,-26.52232],[27.88683,-26.52205]]}},{"type":"Feature","properties":{"id":"way/875576225","name":"Unnamed","network":"PRASA"},"geometry":{"type":"LineString","coordinates":[[27.88783,-26.533],[27.88779,-26.5326],[27.88772,-26.53176],[27.88768,-26.53134],[27.88766,-26.53117],[27.88761,-26.5306],[27.88754,-26.52988],[27.88749,-26.52927],[27.88734,-26.52768],[27.88721,-26.52614],[27.88708,-26.52476],[27.887,-26.52384],[27.88695,-26.52336],[27.88691,-26.52296],[27.88686,-26.52232]]}},{"type":"Feature","properties":{"id":"way/875576226","name":"Unnamed","network":"PRASA"},"geometry":{"type":"LineString","coordinates":[[27.86859,-26.44438],[27.86849,-26.44385],[27.8684,-26.44334],[27.8683,-26.4428],[27.86812,-26.4418],[27.86797,-26.44097],[27.86778,-26.43991],[27.86756,-26.4387],[27.86739,-26.4377],[27.86725,-26.43696],[27.8672,-26.43666],[27.86702,-26.43569],[27.86694,-26.43525],[27.86686,-26.43488],[27.86674,-26.43444],[27.86658,-26.43396],[27.86643,-26.43357],[27.86623,-26.43309],[27.86606,-26.43275],[27.86571,-26.43208],[27.86534,-26.4314],[27.86484,-26.4305],[27.86473,-26.4303]]}},{"type":"Feature","properties":{"id":"way/875576227","name":"Unnamed","network":"PRASA"},"geometry":{"type":"LineString","coordinates":[[27.86871,-26.44512],[27.86859,-26.44438]]}},{"type":"Feature","properties":{"id":"way/875576228","name":"Unnamed","network":"PRASA"},"geometry":{"type":"LineString","coordinates":[[27.86473,-26.4303],[27.86454,-26.42987]]}},{"type":"Feature","properties":{"id":"way/878759253","name":"Unnamed","network":"PRASA"},"geometry":{"type":"LineString","coordinates":[[27.94466,-26.21359],[27.94492,-26.21348]]}},{"type":"Feature","properties":{"id":"way/878759254","name":"Unnamed","network":"PRASA"},"geometry":{"type":"LineString","coordinates":[[27.94492,-26.21348],[27.94532,-26.21328],[27.9455,-26.21319],[27.94572,-26.2131]]}},{"type":"Feature","properties":{"id":"way/879049068","name":"Unnamed","network":"PRASA"},"geometry":{"type":"LineString","coordinates":[[28.16471,-26.20933],[28.16451,-26.20929],[28.16429,-26.20926],[28.16405,-26.20921]]}},{"type":"Feature","properties":{"id":"way/879049091","name":"Unnamed","network":"PRASA"},"geometry":{"type":"LineString","coordinates":[[28.02372,-26.22075],[28.02412,-26.22063],[28.02444,-26.22055],[28.02472,-26.22048],[28.02498,-26.22042]]}},{"type":"Feature","properties":{"id":"way/879049092","name":"Unnamed","network":"PRASA"},"geometry":{"type":"LineString","coordinates":[[28.02337,-26.22087],[28.02372,-26.22075]]}},{"type":"Feature","properties":{"id":"way/879049095","name":"Unnamed","network":"PRASA"},"geometry":{"type":"LineString","coordinates":[[28.02309,-26.22104],[28.02164,-26.22148],[28.02075,-26.22175],[28.02031,-26.22188],[28.01968,-26.22203]]}},{"type":"Feature","properties":{"id":"way/879049096","name":"Unnamed","network":"PRASA"},"geometry":{"type":"LineString","coordinates":[[28.02354,-26.22089],[28.02309,-26.22104]]}},{"type":"Feature","properties":{"id":"way/879049097","name":"Unnamed","network":"PRASA"},"geometry":{"type":"LineString","coordinates":[[28.02311,-26.22107],[28.02169,-26.2215],[28.02078,-26.22178],[28.02032,-26.22191],[28.01967,-26.22207]]}},{"type":"Feature","properties":{"id":"way/879049098","name":"Unnamed","network":"PRASA"},"geometry":{"type":"LineString","coordinates":[[28.02355,-26.22093],[28.02311,-26.22107]]}},{"type":"Feature","properties":{"id":"way/879049099","name":"Unnamed","network":"PRASA"},"geometry":{"type":"LineString","coordinates":[[28.019,-26.22216],[28.01927,-26.22212],[28.01943,-26.2221],[28.01964,-26.22207]]}},{"type":"Feature","properties":{"id":"way/879049117","name":"Unnamed","network":"PRASA"},"geometry":{"type":"LineString","coordinates":[[28.08244,-26.20709],[28.08211,-26.2072],[28.08183,-26.20729]]}},{"type":"Feature","properties":{"id":"way/885944417","name":"Unnamed","network":"PRASA"},"geometry":{"type":"LineString","coordinates":[[28.11517,-26.3673],[28.11532,-26.36706],[28.11592,-26.36616],[28.11647,-26.36532],[28.11707,-26.36442],[28.11751,-26.36376],[28.11865,-26.36203],[28.12054,-26.35916],[28.12085,-26.3587],[28.12246,-26.35626],[28.1228,-26.35574],[28.12479,-26.35273],[28.12642,-26.35025],[28.12847,-26.34715],[28.12859,-26.34695],[28.12901,-26.34632],[28.13212,-26.34161],[28.13281,-26.34057],[28.13334,-26.33977],[28.13435,-26.33824],[28.13516,-26.33702],[28.13609,-26.33561],[28.13656,-26.3349],[28.13681,-26.3345],[28.13693,-26.33428],[28.13707,-26.33403],[28.13721,-26.33375],[28.13738,-26.33341],[28.13752,-26.33307],[28.13762,-26.33279],[28.13771,-26.33256],[28.13784,-26.33217],[28.1379,-26.33194],[28.13797,-26.33168],[28.13803,-26.33139],[28.13844,-26.32921],[28.139,-26.32623],[28.13914,-26.32551],[28.1403,-26.31934],[28.14144,-26.31324],[28.14167,-26.31202],[28.14176,-26.31154],[28.14177,-26.31146],[28.14182,-26.31118]]}},{"type":"Feature","properties":{"id":"way/905414053","name":"Unnamed","network":"PRASA"},"geometry":{"type":"LineString","coordinates":[[27.75358,-26.30634],[27.75504,-26.30626],[27.75613,-26.30619],[27.75729,-26.30611],[27.75952,-26.30597],[27.76102,-26.30588],[27.76301,-26.30575],[27.76448,-26.30566],[27.7683,-26.30541],[27.77057,-26.30527],[27.77147,-26.30521],[27.77446,-26.30502],[27.77847,-26.30477],[27.78045,-26.30464],[27.78277,-26.30449],[27.78688,-26.30423]]}},{"type":"Feature","properties":{"id":"way/943024746","name":"Unnamed","network":"PRASA"},"geometry":{"type":"LineString","coordinates":[[27.39848,-26.34148],[27.39887,-26.34143]]}},{"type":"Feature","properties":{"id":"way/943024747","name":"Unnamed","network":"PRASA"},"geometry":{"type":"LineString","coordinates":[[27.39328,-26.34263],[27.39564,-26.3421],[27.39668,-26.34188],[27.39772,-26.34164],[27.39823,-26.34153],[27.39848,-26.34148]]}},{"type":"Feature","properties":{"id":"way/958662442","name":"Unnamed","network":"PRASA"},"geometry":{"type":"LineString","coordinates":[[28.27547,-25.72609],[28.27566,-25.7261],[28.27593,-25.72612]]}},{"type":"Feature","properties":{"id":"way/958979924","name":"Unnamed","network":"PRASA"},"geometry":{"type":"LineString","coordinates":[[27.83327,-26.36145],[27.83256,-26.35965],[27.83225,-26.35886],[27.83212,-26.35851],[27.83184,-26.3578],[27.83155,-26.35705],[27.83114,-26.356]]}},{"type":"Feature","properties":{"id":"way/958979942","name":"Unnamed","network":"PRASA"},"geometry":{"type":"LineString","coordinates":[[27.85762,-26.41601],[27.85788,-26.41661],[27.85801,-26.4169],[27.8589,-26.41891],[27.85915,-26.41949],[27.85949,-26.42026],[27.85978,-26.4209],[27.86019,-26.42184],[27.86038,-26.42224],[27.86055,-26.42257],[27.86096,-26.42333],[27.86103,-26.42345],[27.86269,-26.42647],[27.86337,-26.42773]]}},{"type":"Feature","properties":{"id":"way/958979943","name":"Unnamed","network":"PRASA"},"geometry":{"type":"LineString","coordinates":[[27.86337,-26.42773],[27.86366,-26.42825],[27.86411,-26.42909],[27.86448,-26.42975],[27.86454,-26.42987]]}},{"type":"Feature","properties":{"id":"way/959669041","name":"Unnamed","network":"PRASA"},"geometry":{"type":"LineString","coordinates":[[27.85483,-26.61173],[27.85478,-26.61142],[27.85441,-26.60925],[27.85431,-26.60866],[27.85348,-26.60382],[27.85337,-26.60316],[27.85325,-26.60247],[27.85315,-26.60183],[27.85292,-26.60054],[27.85291,-26.60046],[27.85291,-26.60044],[27.85276,-26.59956],[27.85276,-26.59955],[27.85246,-26.5978],[27.85231,-26.59692]]}},{"type":"Feature","properties":{"id":"way/959671817","name":"Unnamed","network":"PRASA"},"geometry":{"type":"LineString","coordinates":[[27.93329,-26.66586],[27.93271,-26.66559]]}},{"type":"Feature","properties":{"id":"way/959943995","name":"Unnamed","network":"PRASA"},"geometry":{"type":"LineString","coordinates":[[27.85499,-26.61242],[27.85483,-26.61173]]}},{"type":"Feature","properties":{"id":"way/960927023","name":"Unnamed","network":"PRASA"},"geometry":{"type":"LineString","coordinates":[[27.9407,-26.66037],[27.94104,-26.65989]]}},{"type":"Feature","properties":{"id":"way/988779739","name":"Unnamed","network":"PRASA"},"geometry":{"type":"LineString","coordinates":[[28.04637,-26.19764],[28.04688,-26.1976],[28.04744,-26.19754],[28.0476,-26.19752]]}},{"type":"Feature","properties":{"id":"way/988779741","name":"Unnamed","network":"PRASA"},"geometry":{"type":"LineString","coordinates":[[28.04715,-26.19762],[28.04786,-26.19754],[28.048,-26.19753]]}},{"type":"Feature","properties":{"id":"way/988779742","name":"Unnamed","network":"PRASA"},"geometry":{"type":"LineString","coordinates":[[28.17391,-26.21134],[28.17462,-26.21144]]}},{"type":"Feature","properties":{"id":"way/988779743","name":"Unnamed","network":"PRASA"},"geometry":{"type":"LineString","coordinates":[[28.17391,-26.21134],[28.17352,-26.21129]]}},{"type":"Feature","properties":{"id":"way/988779745","name":"Unnamed","network":"PRASA"},"geometry":{"type":"LineString","coordinates":[[28.04835,-26.19753],[28.04821,-26.19755],[28.04758,-26.19761],[28.04713,-26.19766],[28.04688,-26.19769],[28.04675,-26.1977],[28.04663,-26.19771],[28.04622,-26.19776],[28.0459,-26.19779]]}},{"type":"Feature","properties":{"id":"way/988779753","name":"Unnamed","network":"PRASA"},"geometry":{"type":"LineString","coordinates":[[28.26555,-26.2166],[28.26813,-26.21585],[28.27008,-26.21529],[28.27092,-26.21504],[28.28104,-26.2113],[28.28205,-26.21093],[28.28226,-26.21086]]}},{"type":"Feature","properties":{"id":"way/988779754","name":"Unnamed","network":"PRASA"},"geometry":{"type":"LineString","coordinates":[[28.23552,-26.21901],[28.23571,-26.21903],[28.23587,-26.21906],[28.23603,-26.21907]]}},{"type":"Feature","properties":{"id":"way/988779755","name":"Unnamed","network":"PRASA"},"geometry":{"type":"LineString","coordinates":[[28.24342,-26.21902],[28.24272,-26.21904],[28.24211,-26.21906],[28.24116,-26.21908],[28.24028,-26.21908],[28.24009,-26.21908],[28.23946,-26.21906],[28.23927,-26.21905],[28.23907,-26.21905],[28.23811,-26.21905],[28.23709,-26.21907],[28.23605,-26.21907],[28.23603,-26.21907]]}},{"type":"Feature","properties":{"id":"way/988779762","name":"Unnamed","network":"PRASA"},"geometry":{"type":"LineString","coordinates":[[28.25523,-26.03148],[28.25525,-26.03136]]}},{"type":"Feature","properties":{"id":"way/988779763","name":"Unnamed","network":"PRASA"},"geometry":{"type":"LineString","coordinates":[[28.25523,-26.03148],[28.25518,-26.03206]]}},{"type":"Feature","properties":{"id":"way/988834255","name":"Unnamed","network":"PRASA"},"geometry":{"type":"LineString","coordinates":[[28.01215,-26.55058],[28.01227,-26.55033],[28.01237,-26.55006]]}},{"type":"Feature","properties":{"id":"way/988834256","name":"Unnamed","network":"PRASA"},"geometry":{"type":"LineString","coordinates":[[28.01215,-26.55058],[28.01198,-26.55092],[28.01178,-26.55132],[28.01166,-26.55156],[28.01112,-26.55264],[28.01072,-26.55344],[28.01032,-26.55425],[28.00964,-26.5556],[28.00935,-26.55618],[28.00885,-26.55717],[28.00809,-26.55867],[28.00757,-26.5597],[28.00731,-26.56023],[28.00704,-26.56077],[28.00628,-26.56228],[28.00574,-26.56335],[28.00531,-26.56421],[28.00318,-26.56846],[28.00194,-26.57092],[28.00068,-26.57343],[28.00031,-26.57417],[27.99994,-26.5749],[27.99977,-26.57524],[27.99704,-26.58058],[27.99586,-26.58306],[27.99461,-26.58553],[27.99424,-26.58625],[27.99405,-26.58664],[27.99385,-26.58702],[27.99367,-26.5874],[27.99281,-26.58911],[27.9923,-26.59015],[27.99149,-26.59168],[27.99057,-26.59338],[27.98966,-26.59506],[27.98916,-26.596]]}},{"type":"Feature","properties":{"id":"way/988834258","name":"Unnamed","network":"PRASA"},"geometry":{"type":"LineString","coordinates":[[28.14198,-26.3106],[28.14191,-26.31087],[28.14187,-26.31099],[28.14182,-26.31118]]}},{"type":"Feature","properties":{"id":"way/988834259","name":"Unnamed","network":"PRASA"},"geometry":{"type":"LineString","coordinates":[[28.14395,-26.30004],[28.14393,-26.30012],[28.14382,-26.30071],[28.14334,-26.30327],[28.14313,-26.30442],[28.14297,-26.30526],[28.14289,-26.30569],[28.14265,-26.30698],[28.14249,-26.30787],[28.14204,-26.31026],[28.14199,-26.31052],[28.14198,-26.3106]]}},{"type":"Feature","properties":{"id":"way/989343563","name":"Unnamed","network":"PRASA"},"geometry":{"type":"LineString","coordinates":[[28.31261,-26.18275],[28.31282,-26.18264]]}},{"type":"Feature","properties":{"id":"way/989343564","name":"Unnamed","network":"PRASA"},"geometry":{"type":"LineString","coordinates":[[28.31115,-26.1835],[28.31131,-26.18343],[28.31151,-26.18333],[28.3116,-26.18329],[28.31217,-26.18299],[28.31261,-26.18275]]}},{"type":"Feature","properties":{"id":"way/989343565","name":"Unnamed","network":"PRASA"},"geometry":{"type":"LineString","coordinates":[[28.31088,-26.1836],[28.31115,-26.1835]]}},{"type":"Feature","properties":{"id":"way/989343566","name":"Unnamed","network":"PRASA"},"geometry":{"type":"LineString","coordinates":[[28.31282,-26.18264],[28.31348,-26.18229],[28.31425,-26.18188],[28.31508,-26.18145],[28.31538,-26.18132],[28.31557,-26.18125],[28.3158,-26.18119],[28.31608,-26.18112],[28.31631,-26.18108],[28.31657,-26.18104],[28.31683,-26.18103],[28.31707,-26.18102],[28.31768,-26.18099],[28.31861,-26.18095],[28.31879,-26.18094],[28.31902,-26.18093],[28.31924,-26.18091],[28.31955,-26.18086],[28.31985,-26.18079],[28.32006,-26.18074],[28.32029,-26.18066],[28.32049,-26.18059],[28.32071,-26.18049],[28.32137,-26.1802],[28.32184,-26.17999],[28.32259,-26.17966],[28.32292,-26.17952],[28.32374,-26.17915],[28.32461,-26.17877],[28.3252,-26.17851],[28.32583,-26.17822],[28.32609,-26.17811],[28.32634,-26.17802],[28.32659,-26.17793],[28.32677,-26.17787],[28.32704,-26.17779],[28.32732,-26.17772],[28.32757,-26.17766],[28.32785,-26.17761],[28.32808,-26.17757],[28.32835,-26.17754],[28.32857,-26.17751],[28.32883,-26.1775],[28.32908,-26.17748],[28.32939,-26.17748],[28.32994,-26.17748],[28.33049,-26.17748],[28.33078,-26.17747],[28.33097,-26.17746],[28.33125,-26.17744],[28.33156,-26.17741],[28.33185,-26.17736],[28.3322,-26.1773],[28.33249,-26.17723],[28.33272,-26.17717],[28.33296,-26.1771],[28.33325,-26.177],[28.33354,-26.17691],[28.33411,-26.17671]]}},{"type":"Feature","properties":{"id":"way/989343567","name":"Unnamed","network":"PRASA"},"geometry":{"type":"LineString","coordinates":[[28.28368,-26.2102],[28.28393,-26.2101],[28.28405,-26.21005]]}},{"type":"Feature","properties":{"id":"way/989343576","name":"Unnamed","network":"PRASA"},"geometry":{"type":"LineString","coordinates":[[28.28263,-26.21071],[28.28314,-26.21047],[28.28357,-26.21025],[28.28368,-26.2102]]}},{"type":"Feature","properties":{"id":"way/989343577","name":"Unnamed","network":"PRASA"},"geometry":{"type":"LineString","coordinates":[[28.42292,-26.15754],[28.42293,-26.15753]]}},{"type":"Feature","properties":{"id":"way/991898390","name":"Unnamed","network":"PRASA"},"geometry":{"type":"LineString","coordinates":[[28.17285,-26.21117],[28.17278,-26.21116],[28.17243,-26.21112]]}},{"type":"Feature","properties":{"id":"way/991898392","name":"Unnamed","network":"PRASA"},"geometry":{"type":"LineString","coordinates":[[28.16405,-26.20921],[28.16392,-26.20918]]}},{"type":"Feature","properties":{"id":"way/991898393","name":"Unnamed","network":"PRASA"},"geometry":{"type":"LineString","coordinates":[[28.16489,-26.20938],[28.16471,-26.20933]]}},{"type":"Feature","properties":{"id":"way/991907763","name":"Unnamed","network":"PRASA"},"geometry":{"type":"LineString","coordinates":[[28.17352,-26.21129],[28.17351,-26.21129]]}},{"type":"Feature","properties":{"id":"way/991930843","name":"Unnamed","network":"PRASA"},"geometry":{"type":"LineString","coordinates":[[27.93594,-26.67182],[27.93594,-26.67186],[27.93593,-26.67199],[27.93592,-26.67214],[27.93589,-26.67232],[27.93586,-26.67247],[27.93582,-26.67264],[27.93567,-26.67332],[27.93546,-26.67426]]}},{"type":"Feature","properties":{"id":"way/991930845","name":"Unnamed","network":"PRASA"},"geometry":{"type":"LineString","coordinates":[[27.9407,-26.66037],[27.94042,-26.66072],[27.94035,-26.6608],[27.93965,-26.66168]]}},{"type":"Feature","properties":{"id":"way/991932144","name":"Unnamed","network":"PRASA"},"geometry":{"type":"LineString","coordinates":[[27.93965,-26.66168],[27.93936,-26.66198]]}},{"type":"Feature","properties":{"id":"way/992045272","name":"Unnamed","network":"PRASA"},"geometry":{"type":"LineString","coordinates":[[28.04221,-26.19828],[28.04141,-26.19838],[28.04129,-26.19838],[28.04118,-26.19839],[28.04099,-26.19839]]}},{"type":"Feature","properties":{"id":"way/992045273","name":"Unnamed","network":"PRASA"},"geometry":{"type":"LineString","coordinates":[[28.28226,-26.21086],[28.28263,-26.21071]]}},{"type":"Feature","properties":{"id":"way/992045274","name":"Unnamed","network":"PRASA"},"geometry":{"type":"LineString","coordinates":[[28.28894,-26.20838],[28.28863,-26.2085],[28.28791,-26.20878],[28.28695,-26.20914],[28.2852,-26.20979],[28.28384,-26.21031],[28.28321,-26.21054],[28.28258,-26.21078],[28.28233,-26.21087],[28.28179,-26.21106]]}},{"type":"Feature","properties":{"id":"way/992046454","name":"Unnamed","network":"PRASA"},"geometry":{"type":"LineString","coordinates":[[28.28405,-26.21005],[28.28408,-26.21004]]}},{"type":"Feature","properties":{"id":"way/992116673","name":"Unnamed","network":"PRASA"},"geometry":{"type":"LineString","coordinates":[[27.93329,-26.66586],[27.93351,-26.66594]]}},{"type":"Feature","properties":{"id":"way/992116674","name":"Unnamed","network":"PRASA"},"geometry":{"type":"LineString","coordinates":[[27.93353,-26.66591],[27.93332,-26.66583],[27.93271,-26.66559]]}},{"type":"Feature","properties":{"id":"way/992116856","name":"Unnamed","network":"PRASA"},"geometry":{"type":"LineString","coordinates":[[27.93801,-26.2158],[27.93803,-26.21579]]}},{"type":"Feature","properties":{"id":"way/992129488","name":"Unnamed","network":"PRASA"},"geometry":{"type":"LineString","coordinates":[[27.94109,-26.21487],[27.94241,-26.21442],[27.94403,-26.21385],[27.94439,-26.21373]]}},{"type":"Feature","properties":{"id":"way/992136851","name":"Unnamed","network":"PRASA"},"geometry":{"type":"LineString","coordinates":[[28.05642,-26.19744],[28.0562,-26.19739],[28.05598,-26.19736],[28.05579,-26.19733],[28.05552,-26.1973],[28.05523,-26.19729],[28.05496,-26.1973],[28.05351,-26.19731],[28.05281,-26.1973],[28.05253,-26.19729]]}},{"type":"Feature","properties":{"id":"way/992136852","name":"Unnamed","network":"PRASA"},"geometry":{"type":"LineString","coordinates":[[28.05644,-26.1974],[28.05616,-26.19735],[28.0559,-26.1973],[28.05552,-26.19725],[28.05522,-26.19723],[28.05495,-26.19722],[28.05362,-26.19724],[28.05338,-26.19724],[28.05281,-26.19725],[28.05254,-26.19725],[28.05205,-26.19726]]}},{"type":"Feature","properties":{"id":"way/992136854","name":"Unnamed","network":"PRASA"},"geometry":{"type":"LineString","coordinates":[[27.94351,-26.21391],[27.9439,-26.21382],[27.94413,-26.21376],[27.94435,-26.21369],[27.94466,-26.21359]]}},{"type":"Feature","properties":{"id":"way/992143410","name":"Unnamed","network":"PRASA"},"geometry":{"type":"LineString","coordinates":[[28.01968,-26.22203],[28.019,-26.22216]]}},{"type":"Feature","properties":{"id":"way/992143411","name":"Unnamed","network":"PRASA"},"geometry":{"type":"LineString","coordinates":[[28.01967,-26.22207],[28.01964,-26.22207]]}},{"type":"Feature","properties":{"id":"way/992398870","name":"Unnamed","network":"PRASA"},"geometry":{"type":"LineString","coordinates":[[28.16519,-25.75639],[28.16499,-25.7564]]}},{"type":"Feature","properties":{"id":"way/992411058","name":"Unnamed","network":"PRASA"},"geometry":{"type":"LineString","coordinates":[[28.12201,-25.64496],[28.12245,-25.64509],[28.12273,-25.64518],[28.12303,-25.64529],[28.12321,-25.64534]]}},{"type":"Feature","properties":{"id":"way/992411059","name":"Unnamed","network":"PRASA"},"geometry":{"type":"LineString","coordinates":[[28.1818,-25.66801],[28.1818,-25.66793]]}},{"type":"Feature","properties":{"id":"way/992411060","name":"Unnamed","network":"PRASA"},"geometry":{"type":"LineString","coordinates":[[28.18176,-25.66883],[28.18175,-25.66866]]}},{"type":"Feature","properties":{"id":"way/992411062","name":"Unnamed","network":"PRASA"},"geometry":{"type":"LineString","coordinates":[[28.18184,-25.66956],[28.18181,-25.66898],[28.1818,-25.6687],[28.1818,-25.66841],[28.1818,-25.66801]]}},{"type":"Feature","properties":{"id":"way/992411063","name":"Unnamed","network":"PRASA"},"geometry":{"type":"LineString","coordinates":[[28.18216,-25.67593],[28.18214,-25.6757],[28.18214,-25.67564]]}},{"type":"Feature","properties":{"id":"way/992411065","name":"Unnamed","network":"PRASA"},"geometry":{"type":"LineString","coordinates":[[28.17459,-25.65917],[28.17559,-25.65944],[28.17603,-25.65958],[28.17622,-25.65964],[28.17636,-25.6597]]}},{"type":"Feature","properties":{"id":"way/992411066","name":"Unnamed","network":"PRASA"},"geometry":{"type":"LineString","coordinates":[[28.174,-25.65898],[28.17391,-25.65895]]}},{"type":"Feature","properties":{"id":"way/992411067","name":"Unnamed","network":"PRASA"},"geometry":{"type":"LineString","coordinates":[[28.14071,-25.65004],[28.14219,-25.65043],[28.14972,-25.65247],[28.15033,-25.65263],[28.15119,-25.65286],[28.15146,-25.65293]]}},{"type":"Feature","properties":{"id":"way/992411068","name":"Unnamed","network":"PRASA"},"geometry":{"type":"LineString","coordinates":[[28.15083,-25.6528],[28.15002,-25.65258],[28.14881,-25.65226],[28.1473,-25.65185],[28.14368,-25.65088],[28.14104,-25.65017],[28.14069,-25.65008]]}},{"type":"Feature","properties":{"id":"way/992437186","name":"Unnamed","network":"PRASA"},"geometry":{"type":"LineString","coordinates":[[28.12321,-25.64534],[28.1233,-25.64537],[28.12365,-25.64546],[28.12393,-25.64554]]}},{"type":"Feature","properties":{"id":"way/992437188","name":"Unnamed","network":"PRASA"},"geometry":{"type":"LineString","coordinates":[[28.16848,-25.72988],[28.1686,-25.7293]]}},{"type":"Feature","properties":{"id":"way/992437189","name":"Unnamed","network":"PRASA"},"geometry":{"type":"LineString","coordinates":[[28.18175,-25.66896],[28.18176,-25.66883]]}},{"type":"Feature","properties":{"id":"way/992437190","name":"Unnamed","network":"PRASA"},"geometry":{"type":"LineString","coordinates":[[28.0904,-25.58066],[28.0912,-25.58288],[28.09125,-25.58301],[28.09152,-25.58378],[28.09264,-25.58685],[28.09448,-25.59193],[28.09464,-25.59238],[28.09472,-25.59258],[28.09482,-25.59281],[28.09494,-25.59308],[28.09511,-25.59342]]}},{"type":"Feature","properties":{"id":"way/992437191","name":"Unnamed","network":"PRASA"},"geometry":{"type":"LineString","coordinates":[[28.16001,-25.75324],[28.16004,-25.75365]]}},{"type":"Feature","properties":{"id":"way/992437192","name":"Unnamed","network":"PRASA"},"geometry":{"type":"LineString","coordinates":[[28.18127,-25.75562],[28.18104,-25.75561]]}},{"type":"Feature","properties":{"id":"way/992437193","name":"Unnamed","network":"PRASA"},"geometry":{"type":"LineString","coordinates":[[28.18128,-25.75558],[28.18153,-25.75559]]}},{"type":"Feature","properties":{"id":"way/992463444","name":"Unnamed","network":"PRASA"},"geometry":{"type":"LineString","coordinates":[[28.27593,-25.72616],[28.27566,-25.72614],[28.27549,-25.72612]]}},{"type":"Feature","properties":{"id":"way/992463445","name":"Unnamed","network":"PRASA"},"geometry":{"type":"LineString","coordinates":[[28.18948,-25.75963],[28.18867,-25.75879],[28.18852,-25.75864],[28.1883,-25.75844],[28.18816,-25.75833],[28.18806,-25.75827],[28.18799,-25.75822],[28.18778,-25.75811],[28.18765,-25.75804],[28.18753,-25.75799]]}},{"type":"Feature","properties":{"id":"way/992473676","name":"Unnamed","network":"PRASA"},"geometry":{"type":"LineString","coordinates":[[28.16854,-25.72675],[28.16849,-25.72663],[28.16846,-25.72656],[28.16832,-25.72621],[28.16812,-25.72576],[28.16803,-25.72556],[28.16795,-25.72538],[28.16786,-25.72517],[28.16769,-25.72478],[28.16761,-25.72461],[28.16754,-25.72446],[28.16749,-25.72434]]}},{"type":"Feature","properties":{"id":"way/992473679","name":"Unnamed","network":"PRASA"},"geometry":{"type":"LineString","coordinates":[[28.36116,-25.72187],[28.36178,-25.72179],[28.36242,-25.72168],[28.36317,-25.72157]]}},{"type":"Feature","properties":{"id":"way/1000929260","name":"Unnamed","network":"PRASA"},"geometry":{"type":"LineString","coordinates":[[28.39076,-26.2625],[28.39035,-26.26256]]}},{"type":"Feature","properties":{"id":"way/1000929261","name":"Unnamed","network":"PRASA"},"geometry":{"type":"LineString","coordinates":[[28.40656,-26.26221],[28.40475,-26.26177],[28.40361,-26.2615],[28.40163,-26.26102],[28.4009,-26.26084],[28.40021,-26.26067],[28.39942,-26.26048],[28.39926,-26.26044],[28.39891,-26.26036],[28.39861,-26.2603],[28.39842,-26.26027],[28.39815,-26.26024],[28.39785,-26.26021],[28.39757,-26.2602],[28.3973,-26.26021],[28.39703,-26.26022],[28.39686,-26.26023],[28.39666,-26.26025],[28.39645,-26.26028],[28.39621,-26.26032],[28.39599,-26.26037],[28.39574,-26.26043],[28.3956,-26.26047],[28.39545,-26.26051],[28.39532,-26.26056],[28.39514,-26.26062],[28.39502,-26.26067],[28.39482,-26.26075],[28.3947,-26.2608],[28.39454,-26.26088],[28.39431,-26.261],[28.394,-26.26117],[28.39371,-26.26133],[28.39337,-26.26153],[28.39304,-26.26171],[28.39279,-26.26185],[28.39245,-26.262],[28.39215,-26.26212],[28.39185,-26.26223],[28.39149,-26.26234],[28.39117,-26.26242],[28.39076,-26.2625]]}},{"type":"Feature","properties":{"id":"way/1035213637","name":"Unnamed","network":"PRASA"},"geometry":{"type":"LineString","coordinates":[[28.04548,-26.19764],[28.04587,-26.19765]]}},{"type":"Feature","properties":{"id":"way/1115226042","name":"Unnamed","network":"PRASA"},"geometry":{"type":"LineString","coordinates":[[28.09726,-26.20599],[28.09625,-26.20633],[28.09605,-26.20639],[28.09585,-26.20645],[28.09549,-26.20654],[28.09517,-26.20662],[28.0947,-26.20675],[28.09445,-26.20681],[28.09417,-26.20688],[28.09395,-26.20693],[28.09376,-26.20696],[28.09347,-26.20699],[28.0932,-26.20701],[28.09293,-26.20701],[28.09276,-26.20701],[28.09258,-26.20699],[28.09236,-26.20697],[28.09218,-26.20695],[28.09202,-26.20693],[28.09171,-26.20685],[28.09145,-26.20679],[28.09118,-26.20672],[28.08963,-26.2063],[28.08844,-26.20597],[28.08806,-26.20588],[28.08783,-26.20582],[28.08763,-26.2058],[28.08752,-26.20578],[28.08732,-26.20576],[28.08716,-26.20575],[28.087,-26.20575],[28.08688,-26.20574],[28.08674,-26.20575],[28.08647,-26.20576],[28.08632,-26.20577],[28.08615,-26.20579],[28.08598,-26.20582],[28.08584,-26.20584],[28.08568,-26.20588],[28.08548,-26.20593],[28.08525,-26.20599],[28.08508,-26.20605],[28.08493,-26.20611],[28.08417,-26.20638],[28.08367,-26.20657]]}},{"type":"Feature","properties":{"id":"way/1115226043","name":"Unnamed","network":"PRASA"},"geometry":{"type":"LineString","coordinates":[[28.09733,-26.20597],[28.09726,-26.20599]]}},{"type":"Feature","properties":{"id":"way/1131699637","name":"Unnamed","network":"PRASA"},"geometry":{"type":"LineString","coordinates":[[27.99684,-25.62001],[27.99792,-25.62011],[28.01124,-25.62127],[28.01517,-25.62161]]}},{"type":"Feature","properties":{"id":"way/1231569953","name":"Unnamed","network":"PRASA"},"geometry":{"type":"LineString","coordinates":[[28.03185,-25.62307],[28.03245,-25.62312]]}},{"type":"Feature","properties":{"id":"way/1231569954","name":"Unnamed","network":"PRASA"},"geometry":{"type":"LineString","coordinates":[[28.01517,-25.62161],[28.0172,-25.62179],[28.01874,-25.62192],[28.02033,-25.62206],[28.0227,-25.62227],[28.02583,-25.62254],[28.02805,-25.62273],[28.03049,-25.62295],[28.03185,-25.62307]]}},{"type":"Feature","properties":{"id":"way/1231569956","name":"Unnamed","network":"PRASA"},"geometry":{"type":"LineString","coordinates":[[28.1874,-25.75792],[28.18764,-25.75806]]}},{"type":"Feature","properties":{"id":"way/1237369074","name":"Unnamed","network":"PRASA"},"geometry":{"type":"LineString","coordinates":[[28.16363,-26.22458],[28.16355,-26.2244],[28.16344,-26.22416],[28.16327,-26.22376]]}},{"type":"Feature","properties":{"id":"way/1237369081","name":"Unnamed","network":"PRASA"},"geometry":{"type":"LineString","coordinates":[[28.16041,-26.21685],[28.16058,-26.21727]]}},{"type":"Feature","properties":{"id":"way/1237369083","name":"Unnamed","network":"PRASA"},"geometry":{"type":"LineString","coordinates":[[28.09016,-26.21297],[28.08998,-26.21335],[28.08987,-26.21357],[28.08975,-26.21377],[28.08915,-26.21457]]}},{"type":"Feature","properties":{"id":"way/1237369084","name":"Unnamed","network":"PRASA"},"geometry":{"type":"LineString","coordinates":[[28.08906,-26.21444],[28.08932,-26.21408],[28.08968,-26.21361]]}},{"type":"Feature","properties":{"id":"way/1237369088","name":"Unnamed","network":"PRASA"},"geometry":{"type":"LineString","coordinates":[[28.04619,-26.19781],[28.04605,-26.19783],[28.0459,-26.19784]]}},{"type":"Feature","properties":{"id":"way/1270615890","name":"Unnamed","network":"PRASA"},"geometry":{"type":"LineString","coordinates":[[28.04442,-26.21234],[28.04416,-26.21308],[28.04398,-26.21361]]}},{"type":"Feature","properties":{"id":"way/1272943777","name":"Unnamed","network":"PRASA"},"geometry":{"type":"LineString","coordinates":[[28.32437,-25.7168],[28.32445,-25.7168],[28.32496,-25.71676],[28.32576,-25.71672],[28.32614,-25.7167],[28.32626,-25.71669],[28.32672,-25.71668],[28.32697,-25.71668],[28.3272,-25.71669],[28.32733,-25.7167],[28.32756,-25.71672],[28.32772,-25.71674],[28.32797,-25.71677],[28.32828,-25.71682],[28.32858,-25.71688],[28.32885,-25.71694],[28.32906,-25.71699],[28.33132,-25.71761],[28.33424,-25.71842],[28.33552,-25.71877]]}},{"type":"Feature","properties":{"id":"way/1272943778","name":"Unnamed","network":"PRASA"},"geometry":{"type":"LineString","coordinates":[[28.31296,-25.71748],[28.31323,-25.71746],[28.31352,-25.71745],[28.3143,-25.7174],[28.31531,-25.71734]]}},{"type":"Feature","properties":{"id":"way/1272943780","name":"Unnamed","network":"PRASA"},"geometry":{"type":"LineString","coordinates":[[28.31643,-25.71731],[28.31809,-25.71721],[28.31873,-25.71718],[28.31902,-25.71717],[28.3192,-25.71716],[28.3197,-25.71715],[28.31995,-25.71713],[28.32012,-25.71712],[28.32269,-25.71697],[28.3229,-25.71696],[28.32312,-25.71694],[28.32344,-25.71691],[28.32394,-25.71687],[28.32421,-25.71685],[28.32447,-25.71683],[28.3251,-25.7168],[28.32542,-25.71678],[28.3255,-25.71677],[28.32581,-25.71675],[28.32627,-25.71673],[28.32672,-25.71672],[28.32697,-25.71672],[28.3272,-25.71673],[28.32734,-25.71674],[28.32756,-25.71676],[28.32775,-25.71678],[28.32797,-25.71681],[28.32827,-25.71685],[28.32858,-25.71691],[28.32885,-25.71698],[28.32907,-25.71703],[28.33132,-25.71765],[28.33424,-25.71845],[28.33552,-25.7188]]}},{"type":"Feature","properties":{"id":"way/1273259470","name":"Unnamed","network":"PRASA"},"geometry":{"type":"LineString","coordinates":[[28.35506,-25.72281],[28.35602,-25.72267],[28.3561,-25.72266]]}},{"type":"Feature","properties":{"id":"way/1273259471","name":"Unnamed","network":"PRASA"},"geometry":{"type":"LineString","coordinates":[[28.35461,-25.72288],[28.35506,-25.72281]]}},{"type":"Feature","properties":{"id":"way/1275529148","name":"Unnamed","network":"PRASA"},"geometry":{"type":"LineString","coordinates":[[28.06295,-25.76419],[28.06325,-25.76433],[28.06326,-25.76434],[28.06363,-25.76451],[28.06403,-25.76471]]}},{"type":"Feature","properties":{"id":"way/1287015870","name":"Unnamed","network":"PRASA"},"geometry":{"type":"LineString","coordinates":[[28.1656,-25.72017],[28.16555,-25.72004],[28.1655,-25.71988],[28.16547,-25.71979],[28.16545,-25.71971],[28.16543,-25.71958],[28.16536,-25.7192]]}},{"type":"Feature","properties":{"id":"way/1287015871","name":"Unnamed","network":"PRASA"},"geometry":{"type":"LineString","coordinates":[[28.1685,-25.72674],[28.16833,-25.72638],[28.16823,-25.72619],[28.16816,-25.72606],[28.16809,-25.72592],[28.16803,-25.72578],[28.16794,-25.72557],[28.16791,-25.72549],[28.16724,-25.72397],[28.16715,-25.72375],[28.16701,-25.72343],[28.16693,-25.72325],[28.16676,-25.72287],[28.16672,-25.72276],[28.16661,-25.72252],[28.16645,-25.72216],[28.16623,-25.72165],[28.16602,-25.72117],[28.16587,-25.72081],[28.16578,-25.72061],[28.16565,-25.72032],[28.1656,-25.72017]]}},{"type":"Feature","properties":{"id":"way/1287015873","name":"Unnamed","network":"PRASA"},"geometry":{"type":"LineString","coordinates":[[28.16576,-25.72107],[28.16571,-25.72097],[28.1657,-25.72095],[28.16558,-25.72067],[28.16551,-25.7205],[28.16547,-25.72038],[28.16543,-25.72024],[28.1654,-25.72011],[28.16534,-25.71984],[28.16529,-25.7196],[28.16524,-25.71932],[28.1652,-25.71905],[28.16519,-25.71889]]}},{"type":"Feature","properties":{"id":"way/1287310922","name":"Unnamed","network":"PRASA"},"geometry":{"type":"LineString","coordinates":[[28.16536,-25.7192],[28.16534,-25.71908],[28.16533,-25.71897],[28.16532,-25.71885],[28.16531,-25.71876],[28.16532,-25.71865],[28.16532,-25.71849]]}},{"type":"Feature","properties":{"id":"way/1326079741","name":"Unnamed","network":"PRASA"},"geometry":{"type":"LineString","coordinates":[[27.93598,-26.67151],[27.93595,-26.67166]]}},{"type":"Feature","properties":{"id":"way/1326079742","name":"Unnamed","network":"PRASA"},"geometry":{"type":"LineString","coordinates":[[27.93595,-26.67166],[27.93594,-26.67182]]}},{"type":"Feature","properties":{"id":"way/1326080444","name":"Unnamed","network":"PRASA"},"geometry":{"type":"LineString","coordinates":[[27.93649,-26.66884],[27.93662,-26.6683],[27.93675,-26.66773],[27.93703,-26.66644]]}},{"type":"Feature","properties":{"id":"way/1326080445","name":"Unnamed","network":"PRASA"},"geometry":{"type":"LineString","coordinates":[[27.93703,-26.66644],[27.93705,-26.66635]]}},{"type":"Feature","properties":{"id":"way/1326080446","name":"Unnamed","network":"PRASA"},"geometry":{"type":"LineString","coordinates":[[27.93707,-26.66644],[27.93679,-26.66775],[27.93664,-26.66839],[27.93654,-26.66885]]}},{"type":"Feature","properties":{"id":"way/1326080447","name":"Unnamed","network":"PRASA"},"geometry":{"type":"LineString","coordinates":[[27.93709,-26.66636],[27.93707,-26.66644]]}},{"type":"Feature","properties":{"id":"way/1326462276","name":"Unnamed","network":"PRASA"},"geometry":{"type":"LineString","coordinates":[[28.03954,-26.1981],[28.03923,-26.19803]]}},{"type":"Feature","properties":{"id":"way/1348559614","name":"Unnamed","network":"PRASA"},"geometry":{"type":"LineString","coordinates":[[27.98469,-26.20235],[27.98482,-26.20234],[27.98494,-26.20234],[27.9851,-26.20232]]}},{"type":"Feature","properties":{"id":"way/1435620386","name":"Unnamed","network":"PRASA"},"geometry":{"type":"LineString","coordinates":[[28.18701,-25.75775],[28.18727,-25.75786]]}},{"type":"Feature","properties":{"id":"way/1435620389","name":"Unnamed","network":"PRASA"},"geometry":{"type":"LineString","coordinates":[[28.1873,-25.7578],[28.18707,-25.75768]]}},{"type":"Feature","properties":{"id":"way/1435620392","name":"Unnamed","network":"PRASA"},"geometry":{"type":"LineString","coordinates":[[28.19127,-25.76144],[28.19107,-25.76113],[28.19092,-25.76092],[28.19074,-25.76068]]}},{"type":"Feature","properties":{"id":"way/1435620393","name":"Unnamed","network":"PRASA"},"geometry":{"type":"LineString","coordinates":[[28.18273,-25.75588],[28.18298,-25.75596]]}},{"type":"Feature","properties":{"id":"way/1435620394","name":"Unnamed","network":"PRASA"},"geometry":{"type":"LineString","coordinates":[[28.18701,-25.75775],[28.18698,-25.75774]]}},{"type":"Feature","properties":{"id":"way/1435620395","name":"Unnamed","network":"PRASA"},"geometry":{"type":"LineString","coordinates":[[28.18727,-25.75786],[28.18715,-25.7578]]}},{"type":"Feature","properties":{"id":"way/1435623349","name":"Unnamed","network":"PRASA"},"geometry":{"type":"LineString","coordinates":[[28.1874,-25.75792],[28.18727,-25.75786]]}},{"type":"Feature","properties":{"id":"way/1435623350","name":"Unnamed","network":"PRASA"},"geometry":{"type":"LineString","coordinates":[[28.18764,-25.75806],[28.18753,-25.75799]]}},{"type":"Feature","properties":{"id":"way/1435651341","name":"Unnamed","network":"PRASA"},"geometry":{"type":"LineString","coordinates":[[28.19145,-25.76162],[28.19128,-25.76137],[28.19113,-25.76114],[28.19094,-25.76088],[28.19085,-25.76075],[28.19075,-25.76062],[28.19057,-25.7604]]}},{"type":"Feature","properties":{"id":"way/1435651342","name":"Unnamed","network":"PRASA"},"geometry":{"type":"LineString","coordinates":[[28.18767,-25.75808],[28.18764,-25.75806]]}},{"type":"Feature","properties":{"id":"way/1435651343","name":"Unnamed","network":"PRASA"},"geometry":{"type":"LineString","coordinates":[[28.19144,-25.76163],[28.19127,-25.76144]]}},{"type":"Feature","properties":{"id":"way/1435651344","name":"Unnamed","network":"PRASA"},"geometry":{"type":"LineString","coordinates":[[28.19199,-25.7622],[28.19223,-25.76246],[28.19247,-25.7627],[28.19276,-25.76302],[28.19294,-25.7632],[28.19307,-25.76333],[28.19319,-25.76345],[28.19329,-25.76355],[28.19342,-25.76365],[28.19354,-25.76374],[28.19364,-25.76379],[28.19374,-25.76384],[28.19387,-25.7639],[28.19404,-25.76397],[28.19418,-25.76402],[28.19434,-25.76406],[28.1945,-25.76409],[28.19465,-25.76411]]}},{"type":"Feature","properties":{"id":"way/1435651345","name":"Unnamed","network":"PRASA"},"geometry":{"type":"LineString","coordinates":[[28.19065,-25.76078],[28.19097,-25.76112],[28.19123,-25.7614],[28.19144,-25.76163]]}},{"type":"Feature","properties":{"id":"way/1435651346","name":"Unnamed","network":"PRASA"},"geometry":{"type":"LineString","coordinates":[[28.19154,-25.76173],[28.19199,-25.7622]]}},{"type":"Feature","properties":{"id":"way/1435657891","name":"Unnamed","network":"PRASA"},"geometry":{"type":"LineString","coordinates":[[28.15979,-25.7428],[28.15987,-25.74248],[28.15993,-25.74228],[28.15999,-25.7421],[28.16004,-25.74197],[28.1601,-25.7418],[28.16019,-25.74163],[28.16032,-25.74139],[28.16044,-25.74118],[28.16058,-25.74097],[28.16066,-25.74085],[28.16075,-25.74071],[28.16103,-25.7403],[28.16131,-25.73988],[28.16187,-25.73904],[28.16197,-25.7389]]}},{"type":"Feature","properties":{"id":"way/1435680435","name":"Unnamed","network":"PRASA"},"geometry":{"type":"LineString","coordinates":[[28.19144,-25.76163],[28.19154,-25.76173]]}},{"type":"Feature","properties":{"id":"way/1435680436","name":"Unnamed","network":"PRASA"},"geometry":{"type":"LineString","coordinates":[[28.19171,-25.76197],[28.19164,-25.76187],[28.19154,-25.76173]]}},{"type":"Feature","properties":{"id":"way/1435680438","name":"Unnamed","network":"PRASA"},"geometry":{"type":"LineString","coordinates":[[28.19156,-25.7619],[28.19158,-25.76191],[28.19168,-25.76202],[28.19176,-25.76211],[28.19186,-25.76221],[28.19195,-25.7623],[28.19204,-25.7624]]}},{"type":"Feature","properties":{"id":"way/1435686715","name":"Unnamed","network":"PRASA"},"geometry":{"type":"LineString","coordinates":[[28.27626,-25.72615],[28.27628,-25.72615]]}},{"type":"Feature","properties":{"id":"way/1435686716","name":"Unnamed","network":"PRASA"},"geometry":{"type":"LineString","coordinates":[[28.27628,-25.72619],[28.27625,-25.72619]]}},{"type":"Feature","properties":{"id":"way/1495467583","name":"Unnamed","network":"PRASA"},"geometry":{"type":"LineString","coordinates":[[28.31531,-25.71734],[28.31576,-25.71731],[28.31809,-25.71717],[28.31853,-25.71715],[28.31907,-25.71711],[28.31971,-25.71705],[28.31996,-25.71703],[28.32229,-25.71689],[28.32268,-25.71687],[28.32325,-25.71685],[28.32368,-25.71684],[28.32437,-25.7168]]}},{"type":"Feature","properties":{"id":"way/1495467584","name":"Unnamed","network":"PRASA"},"geometry":{"type":"LineString","coordinates":[[28.3561,-25.72266],[28.3564,-25.72261]]}},{"type":"Feature","properties":{"id":"way/1495467585","name":"Unnamed","network":"PRASA"},"geometry":{"type":"LineString","coordinates":[[28.35674,-25.7226],[28.35657,-25.72262]]}},{"type":"Feature","properties":{"id":"way/1500200931","name":"Unnamed","network":"PRASA"},"geometry":{"type":"LineString","coordinates":[[28.1818,-25.66793],[28.18181,-25.66735]]}},{"type":"Feature","properties":{"id":"way/1500200937","name":"Unnamed","network":"PRASA"},"geometry":{"type":"LineString","coordinates":[[28.21045,-25.83405],[28.21092,-25.835],[28.2113,-25.83575],[28.21153,-25.83622],[28.21177,-25.8367],[28.21198,-25.83712],[28.21215,-25.83746],[28.21236,-25.83787],[28.21263,-25.83841],[28.21269,-25.83853]]}}]}