{"type":"FeatureCollection","features":[{"type":"Feature","properties":{"id":"atteridgeville","name":"Atteridgeville","labelPriority":"primary","selectionBasis":"census-main-place","subPlaceCount":3},"geometry":{"type":"MultiPolygon","coordinates":[[[[28.02648,-25.7843],[28.02701,-25.78479],[28.02781,-25.78811],[28.02868,-25.78796],[28.02901,-25.78911],[28.03177,-25.78741],[28.03244,-25.78588],[28.03608,-25.78715],[28.03693,-25.78732],[28.03822,-25.78726],[28.04295,-25.78577],[28.05025,-25.78277],[28.05129,-25.78209],[28.05231,-25.78108],[28.05013,-25.77925],[28.05121,-25.77815],[28.04963,-25.77684],[28.04815,-25.77515],[28.04409,-25.77175],[28.04385,-25.77176],[28.04273,-25.77283],[28.04165,-25.77201],[28.04129,-25.77241],[28.03918,-25.77297],[28.03822,-25.77427],[28.038,-25.77543],[28.03756,-25.77642],[28.03617,-25.77594],[28.03632,-25.77666],[28.03609,-25.77715],[28.03112,-25.78151],[28.0283,-25.78323],[28.02686,-25.78052],[28.02505,-25.78121],[28.02648,-25.7843]]],[[[28.0571,-25.7628],[28.05751,-25.76365],[28.05836,-25.76311],[28.05972,-25.76356],[28.06035,-25.76345],[28.06203,-25.76389],[28.06476,-25.765],[28.06443,-25.7658],[28.06804,-25.78161],[28.06807,-25.78339],[28.06824,-25.78422],[28.09541,-25.77874],[28.09478,-25.77663],[28.09962,-25.77555],[28.09856,-25.77231],[28.09536,-25.76054],[28.09332,-25.76062],[28.08762,-25.76021],[28.08558,-25.76029],[28.08042,-25.761],[28.07906,-25.76139],[28.07601,-25.76255],[28.07594,-25.76241],[28.07338,-25.7634],[28.07276,-25.76379],[28.07298,-25.76179],[28.0733,-25.76094],[28.06266,-25.761],[28.06196,-25.76114],[28.0571,-25.7628]]]]}},{"type":"Feature","properties":{"id":"bosplaas-mathabe","name":"Bosplaas Mathabe","labelPriority":"secondary","selectionBasis":"census-main-place","subPlaceCount":1},"geometry":{"type":"Polygon","coordinates":[[[28.20466,-25.37254],[28.20436,-25.37575],[28.19681,-25.37523],[28.19257,-25.37469],[28.1888,-25.37449],[28.1854,-25.37451],[28.18457,-25.37485],[28.18237,-25.37525],[28.18309,-25.37615],[28.18356,-25.37711],[28.18383,-25.37835],[28.18372,-25.3793],[28.18325,-25.38054],[28.1834,-25.38117],[28.18302,-25.38122],[28.18311,-25.38193],[28.18216,-25.38201],[28.18118,-25.38226],[28.18089,-25.38289],[28.17936,-25.37626],[28.17868,-25.37364],[28.17788,-25.36958],[28.17667,-25.36587],[28.17667,-25.34044],[28.17675,-25.32859],[28.20148,-25.32371],[28.21108,-25.33462],[28.21987,-25.34459],[28.21827,-25.34541],[28.21769,-25.34487],[28.21636,-25.34707],[28.21781,-25.34795],[28.21673,-25.34952],[28.2161,-25.35143],[28.2159,-25.3525],[28.21597,-25.35379],[28.21428,-25.35379],[28.21422,-25.35631],[28.21068,-25.3562],[28.20815,-25.35604],[28.20807,-25.35652],[28.20764,-25.35645],[28.2075,-25.35697],[28.20519,-25.35625],[28.20385,-25.35826],[28.2034,-25.35938],[28.20299,-25.36351],[28.20299,-25.36664],[28.20324,-25.36875],[28.2042,-25.36953],[28.20482,-25.37075],[28.20466,-25.37254]]]}},{"type":"Feature","properties":{"id":"dilopye","name":"Dilopye","labelPriority":"secondary","selectionBasis":"census-main-place","subPlaceCount":1},"geometry":{"type":"Polygon","coordinates":[[[28.20112,-25.41291],[28.18785,-25.41144],[28.18647,-25.40507],[28.18574,-25.40007],[28.18607,-25.39845],[28.18646,-25.39829],[28.18632,-25.39777],[28.18675,-25.39644],[28.18608,-25.39506],[28.18608,-25.39408],[28.18529,-25.39258],[28.18554,-25.39178],[28.18316,-25.3919],[28.18291,-25.38946],[28.18209,-25.38589],[28.18183,-25.38451],[28.18216,-25.38201],[28.18311,-25.38193],[28.18302,-25.38122],[28.1834,-25.38117],[28.18325,-25.38054],[28.18372,-25.3793],[28.18383,-25.37835],[28.18356,-25.37711],[28.18309,-25.37615],[28.18237,-25.37525],[28.18457,-25.37485],[28.1854,-25.37451],[28.1888,-25.37449],[28.19257,-25.37469],[28.19681,-25.37523],[28.20436,-25.37575],[28.20381,-25.382],[28.20348,-25.3848],[28.20292,-25.39226],[28.20117,-25.41209],[28.20112,-25.41291]]]}},{"type":"Feature","properties":{"id":"eersterust","name":"Eersterust","labelPriority":"secondary","selectionBasis":"census-main-place","subPlaceCount":5},"geometry":{"type":"Polygon","coordinates":[[[28.33101,-25.71632],[28.33091,-25.7155],[28.33035,-25.7154],[28.32705,-25.71534],[28.32373,-25.70145],[28.32315,-25.69884],[28.32232,-25.69894],[28.32134,-25.69478],[28.31131,-25.69327],[28.30557,-25.69319],[28.30391,-25.69123],[28.30057,-25.6929],[28.29966,-25.69258],[28.29907,-25.69693],[28.29755,-25.69726],[28.29761,-25.69755],[28.29678,-25.69767],[28.29637,-25.69872],[28.2972,-25.69948],[28.2981,-25.70099],[28.29886,-25.70187],[28.29925,-25.70199],[28.2995,-25.70278],[28.30057,-25.70448],[28.30213,-25.70515],[28.30332,-25.70674],[28.3039,-25.70702],[28.30526,-25.7084],[28.30697,-25.70922],[28.30786,-25.70952],[28.30743,-25.71145],[28.30718,-25.715],[28.30164,-25.71491],[28.29944,-25.71483],[28.29896,-25.71465],[28.29886,-25.71566],[28.2985,-25.71671],[28.30074,-25.71733],[28.30434,-25.71793],[28.30681,-25.718],[28.31252,-25.71716],[28.31927,-25.71671],[28.32142,-25.71631],[28.32384,-25.71644],[28.32592,-25.71646],[28.33101,-25.71632]]]}},{"type":"Feature","properties":{"id":"ekangala","name":"Ekangala","labelPriority":"secondary","selectionBasis":"census-main-place","subPlaceCount":6},"geometry":{"type":"Polygon","coordinates":[[[28.70661,-25.70949],[28.71074,-25.7104],[28.7249,-25.71033],[28.72636,-25.71003],[28.72993,-25.70771],[28.73129,-25.70721],[28.73333,-25.70723],[28.73497,-25.70788],[28.73647,-25.70871],[28.73976,-25.71034],[28.74089,-25.70706],[28.74311,-25.70106],[28.74336,-25.70068],[28.74458,-25.70107],[28.74576,-25.70196],[28.74722,-25.70271],[28.75107,-25.70322],[28.75153,-25.70385],[28.75262,-25.70401],[28.75398,-25.70458],[28.75527,-25.70481],[28.75635,-25.7048],[28.75727,-25.70459],[28.75734,-25.70366],[28.75697,-25.7017],[28.75699,-25.69954],[28.75743,-25.69533],[28.75285,-25.69391],[28.7566,-25.68402],[28.759,-25.67802],[28.76521,-25.65079],[28.76631,-25.64698],[28.73818,-25.63387],[28.72387,-25.63177],[28.72206,-25.64418],[28.71926,-25.65329],[28.71486,-25.6663],[28.7088,-25.68282],[28.70867,-25.68309],[28.7167,-25.68552],[28.71432,-25.69046],[28.71221,-25.69469],[28.71142,-25.69648],[28.70661,-25.70949]]]}},{"type":"Feature","properties":{"id":"ga-rankuwa","name":"Ga-Rankuwa","labelPriority":"secondary","selectionBasis":"census-main-place","subPlaceCount":22},"geometry":{"type":"Polygon","coordinates":[[[28.02685,-25.62261],[28.02662,-25.62193],[28.02822,-25.62022],[28.03374,-25.61359],[28.03587,-25.61099],[28.03507,-25.61082],[28.03088,-25.60923],[28.0308,-25.60897],[28.02982,-25.60863],[28.03131,-25.60564],[28.03115,-25.60432],[28.03308,-25.60322],[28.03692,-25.59286],[28.03901,-25.59063],[28.03942,-25.58926],[28.04048,-25.58716],[28.04147,-25.5848],[28.04292,-25.58163],[28.04386,-25.57985],[28.04621,-25.57661],[28.0471,-25.57494],[28.04794,-25.57306],[28.04898,-25.57173],[28.04753,-25.57151],[28.04837,-25.5696],[28.04531,-25.56874],[28.04338,-25.56805],[28.04625,-25.56405],[28.0487,-25.56079],[28.04951,-25.55956],[28.03065,-25.55836],[28.00969,-25.55172],[28.00659,-25.55595],[28.0017,-25.55508],[27.99961,-25.55494],[27.99681,-25.55444],[27.99401,-25.55366],[27.99514,-25.55116],[27.9948,-25.55004],[27.99399,-25.54923],[27.99154,-25.54838],[27.99133,-25.54796],[27.99009,-25.54734],[27.99077,-25.54571],[27.98146,-25.54275],[27.96834,-25.571],[27.96456,-25.58025],[27.95763,-25.59262],[27.97216,-25.59791],[27.97623,-25.61457],[27.97716,-25.61828],[27.98355,-25.61881],[27.99302,-25.61971],[27.99846,-25.62014],[28.0133,-25.62144],[28.01947,-25.62194],[28.02685,-25.62261]]]}},{"type":"Feature","properties":{"id":"hebron","name":"Hebron","labelPriority":"secondary","selectionBasis":"census-main-place","subPlaceCount":1},"geometry":{"type":"Polygon","coordinates":[[[27.99077,-25.54571],[28.00969,-25.55172],[28.00659,-25.55595],[28.0017,-25.55508],[27.99961,-25.55494],[27.99681,-25.55444],[27.99401,-25.55366],[27.99514,-25.55116],[27.9948,-25.55004],[27.99399,-25.54923],[27.99154,-25.54838],[27.99133,-25.54796],[27.99009,-25.54734],[27.99077,-25.54571]]]}},{"type":"Feature","properties":{"id":"kekana-garden","name":"Kekana Garden","labelPriority":"secondary","selectionBasis":"census-main-place","subPlaceCount":1},"geometry":{"type":"Polygon","coordinates":[[[28.30362,-25.38254],[28.30176,-25.38401],[28.30094,-25.38514],[28.30052,-25.38611],[28.30032,-25.3871],[28.29914,-25.38709],[28.29955,-25.38162],[28.29984,-25.37692],[28.2998,-25.3747],[28.29926,-25.36613],[28.3008,-25.36585],[28.30497,-25.3649],[28.30621,-25.36448],[28.31157,-25.36325],[28.31121,-25.36448],[28.31242,-25.36692],[28.31276,-25.3698],[28.31519,-25.37008],[28.3155,-25.36915],[28.31663,-25.36924],[28.31634,-25.37021],[28.31969,-25.37061],[28.31934,-25.37105],[28.31516,-25.37416],[28.31302,-25.37567],[28.30898,-25.37869],[28.30362,-25.38254]]]}},{"type":"Feature","properties":{"id":"laudium","name":"Laudium","labelPriority":"secondary","selectionBasis":"census-main-place","subPlaceCount":3},"geometry":{"type":"Polygon","coordinates":[[[28.09962,-25.77555],[28.09478,-25.77663],[28.09541,-25.77874],[28.06824,-25.78422],[28.06815,-25.78478],[28.0677,-25.78492],[28.06771,-25.78802],[28.07698,-25.78691],[28.08016,-25.78659],[28.0828,-25.78614],[28.08594,-25.78576],[28.08933,-25.78515],[28.08861,-25.79274],[28.08835,-25.79606],[28.08797,-25.79914],[28.09268,-25.79947],[28.09247,-25.80203],[28.09644,-25.80234],[28.0968,-25.79807],[28.09701,-25.79718],[28.10387,-25.79642],[28.10578,-25.79719],[28.10597,-25.79669],[28.10793,-25.79286],[28.10753,-25.79037],[28.10948,-25.78925],[28.10937,-25.7876],[28.10985,-25.78606],[28.11014,-25.78646],[28.11082,-25.7857],[28.11306,-25.78441],[28.11377,-25.78381],[28.11433,-25.78257],[28.11433,-25.78195],[28.11398,-25.78109],[28.11444,-25.78044],[28.11425,-25.77975],[28.11431,-25.77826],[28.11463,-25.77754],[28.1093,-25.77614],[28.10544,-25.77741],[28.10425,-25.77797],[28.10025,-25.77853],[28.09962,-25.77555]]]}},{"type":"Feature","properties":{"id":"kudube","name":"Kudube","labelPriority":"secondary","selectionBasis":"named-sub-places","subPlaceCount":4},"geometry":{"type":"Polygon","coordinates":[[[28.23012,-25.38369],[28.23247,-25.38369],[28.23254,-25.38028],[28.2327,-25.37606],[28.23316,-25.37499],[28.23378,-25.37427],[28.23469,-25.3737],[28.23596,-25.37344],[28.23871,-25.37346],[28.23935,-25.37373],[28.24118,-25.37514],[28.24155,-25.37559],[28.24312,-25.37654],[28.24325,-25.37644],[28.24845,-25.37954],[28.24926,-25.37966],[28.25149,-25.37944],[28.2519,-25.38258],[28.24875,-25.38292],[28.24877,-25.38377],[28.2469,-25.38502],[28.24562,-25.38518],[28.24552,-25.38397],[28.24263,-25.38418],[28.24245,-25.38622],[28.24269,-25.38668],[28.24238,-25.38692],[28.24221,-25.38844],[28.24044,-25.3883],[28.24011,-25.39016],[28.24043,-25.39023],[28.24014,-25.39204],[28.24103,-25.39318],[28.24218,-25.39432],[28.24549,-25.39153],[28.24938,-25.38841],[28.25059,-25.38792],[28.2541,-25.3875],[28.25482,-25.38725],[28.25593,-25.38631],[28.26076,-25.38021],[28.26089,-25.38],[28.26994,-25.38097],[28.2702,-25.37867],[28.2693,-25.37839],[28.26959,-25.37513],[28.26885,-25.37504],[28.26924,-25.3721],[28.26697,-25.37189],[28.2661,-25.37224],[28.26581,-25.37187],[28.2633,-25.37188],[28.26188,-25.37019],[28.26179,-25.36936],[28.26282,-25.36821],[28.26297,-25.36767],[28.26211,-25.36608],[28.26167,-25.36564],[28.25929,-25.36558],[28.25931,-25.36364],[28.26163,-25.36366],[28.26164,-25.3621],[28.25987,-25.36249],[28.25914,-25.36023],[28.25443,-25.36135],[28.25219,-25.36081],[28.25076,-25.3611],[28.24879,-25.36196],[28.24902,-25.36282],[28.24514,-25.3638],[28.24454,-25.36429],[28.24392,-25.36405],[28.24107,-25.36474],[28.24062,-25.36183],[28.24025,-25.3619],[28.24009,-25.36128],[28.23818,-25.36206],[28.23706,-25.36264],[28.23741,-25.36377],[28.23772,-25.36557],[28.23065,-25.36727],[28.2307,-25.36768],[28.23055,-25.37382],[28.2304,-25.3758],[28.23017,-25.38337],[28.23012,-25.38369]]]}},{"type":"Feature","properties":{"id":"lotus-gardens","name":"Lotus Gardens","labelPriority":"secondary","selectionBasis":"named-sub-places","subPlaceCount":2},"geometry":{"type":"Polygon","coordinates":[[[28.06306,-25.74338],[28.06378,-25.74658],[28.06404,-25.74741],[28.06594,-25.75574],[28.06584,-25.75578],[28.06674,-25.75957],[28.07245,-25.75807],[28.0724,-25.75781],[28.07616,-25.75663],[28.08064,-25.75517],[28.08641,-25.75376],[28.09419,-25.75242],[28.10098,-25.75141],[28.1071,-25.75047],[28.10642,-25.74945],[28.10524,-25.74698],[28.10415,-25.74604],[28.10124,-25.74373],[28.10051,-25.74361],[28.09352,-25.74545],[28.09201,-25.74567],[28.09167,-25.74439],[28.09069,-25.74257],[28.09033,-25.74242],[28.085,-25.74101],[28.07688,-25.74191],[28.07282,-25.74232],[28.06306,-25.74338]]]}},{"type":"Feature","properties":{"id":"mabopane","name":"Mabopane","labelPriority":"secondary","selectionBasis":"census-main-place","subPlaceCount":18},"geometry":{"type":"Polygon","coordinates":[[[28.00253,-25.49855],[28.00394,-25.49927],[28.00463,-25.49985],[28.00597,-25.50043],[28.00706,-25.50109],[28.00839,-25.50108],[28.00913,-25.49969],[28.01243,-25.49443],[28.0134,-25.49315],[28.01248,-25.4925],[28.0152,-25.49015],[28.0167,-25.48914],[28.01667,-25.48946],[28.0175,-25.48932],[28.0177,-25.48892],[28.01842,-25.48861],[28.02043,-25.49017],[28.02109,-25.4902],[28.02169,-25.49076],[28.02172,-25.49325],[28.02232,-25.49481],[28.01763,-25.49722],[28.01848,-25.49841],[28.01742,-25.49973],[28.0152,-25.50327],[28.01336,-25.50637],[28.01236,-25.50773],[28.01058,-25.51088],[28.00825,-25.51441],[28.00669,-25.51709],[28.00529,-25.51991],[28.0038,-25.52253],[28.02442,-25.5307],[28.04666,-25.53477],[28.0497,-25.53528],[28.0524,-25.5358],[28.05072,-25.54964],[28.05139,-25.54969],[28.06016,-25.54999],[28.06698,-25.55015],[28.06812,-25.55045],[28.06896,-25.55092],[28.07203,-25.55118],[28.07274,-25.54896],[28.07387,-25.54686],[28.0775,-25.54047],[28.08125,-25.53394],[28.08253,-25.53142],[28.0831,-25.52929],[28.0832,-25.52741],[28.08287,-25.52391],[28.08274,-25.52149],[28.08306,-25.51921],[28.08532,-25.5131],[28.08631,-25.51061],[28.08778,-25.50439],[28.0889,-25.49992],[28.09003,-25.4952],[28.09018,-25.49441],[28.08924,-25.49418],[28.08886,-25.49484],[28.08756,-25.49456],[28.08979,-25.48546],[28.08413,-25.48619],[28.08283,-25.48861],[28.0825,-25.48893],[28.08247,-25.48975],[28.08275,-25.48995],[28.08256,-25.49093],[28.08299,-25.49416],[28.08107,-25.49453],[28.08033,-25.49497],[28.07918,-25.49499],[28.06847,-25.49719],[28.06641,-25.49764],[28.06597,-25.49764],[28.06383,-25.49705],[28.06407,-25.49578],[28.06394,-25.49452],[28.0609,-25.49471],[28.04754,-25.49491],[28.04551,-25.49481],[28.04806,-25.48657],[28.04341,-25.48653],[28.03829,-25.48655],[28.02783,-25.48642],[28.0228,-25.48639],[28.0224,-25.48645],[28.02162,-25.4856],[28.02112,-25.48452],[28.02167,-25.48421],[28.02375,-25.48404],[28.02514,-25.48315],[28.02761,-25.4828],[28.02872,-25.48276],[28.02904,-25.48245],[28.03119,-25.48167],[28.03222,-25.48164],[28.03318,-25.4807],[28.03407,-25.47906],[28.03224,-25.47621],[28.03063,-25.47396],[28.0301,-25.47299],[28.01193,-25.48046],[28.01175,-25.48061],[28.0084,-25.48694],[28.00787,-25.48749],[28.00742,-25.48896],[28.00625,-25.49126],[28.00506,-25.49343],[28.00253,-25.49855]]]}},{"type":"Feature","properties":{"id":"majaneng","name":"Majaneng","labelPriority":"secondary","selectionBasis":"census-main-place","subPlaceCount":1},"geometry":{"type":"Polygon","coordinates":[[[28.27169,-25.35723],[28.26765,-25.35826],[28.2664,-25.35849],[28.25914,-25.36023],[28.25443,-25.36135],[28.25219,-25.36081],[28.25076,-25.3611],[28.24879,-25.36196],[28.24902,-25.36282],[28.24514,-25.3638],[28.24454,-25.36429],[28.24392,-25.36405],[28.24107,-25.36474],[28.24062,-25.36183],[28.24025,-25.3619],[28.24009,-25.36128],[28.23818,-25.36206],[28.23706,-25.36264],[28.23741,-25.36377],[28.23772,-25.36557],[28.23065,-25.36727],[28.23065,-25.36602],[28.23047,-25.36591],[28.22998,-25.36445],[28.22975,-25.36211],[28.22924,-25.36047],[28.22867,-25.35727],[28.22854,-25.35414],[28.25171,-25.34926],[28.2695,-25.34549],[28.2697,-25.3462],[28.27025,-25.34595],[28.27097,-25.346],[28.27039,-25.34738],[28.27035,-25.3483],[28.27056,-25.34961],[28.27111,-25.34967],[28.2711,-25.35006],[28.27037,-25.35057],[28.27024,-25.35125],[28.2705,-25.35151],[28.2697,-25.3517],[28.27018,-25.35224],[28.27083,-25.35255],[28.2708,-25.35314],[28.27124,-25.35431],[28.27175,-25.35419],[28.27196,-25.35341],[28.27266,-25.3537],[28.27295,-25.35478],[28.27201,-25.35503],[28.27211,-25.35545],[28.27151,-25.35637],[28.27169,-25.35723]]]}},{"type":"Feature","properties":{"id":"makanyaneng","name":"Makanyaneng","labelPriority":"secondary","selectionBasis":"census-main-place","subPlaceCount":1},"geometry":{"type":"Polygon","coordinates":[[[28.00043,-25.50018],[28.00751,-25.48409],[28.01175,-25.48061],[28.0084,-25.48694],[28.00787,-25.48749],[28.00742,-25.48896],[28.00625,-25.49126],[28.00506,-25.49343],[28.00253,-25.49855],[28.00233,-25.49944],[28.00165,-25.50093],[28.00043,-25.50018]]]}},{"type":"Feature","properties":{"id":"mamelodi","name":"Mamelodi","labelPriority":"primary","selectionBasis":"census-main-place","subPlaceCount":52},"geometry":{"type":"Polygon","coordinates":[[[28.32134,-25.69478],[28.32232,-25.69894],[28.32315,-25.69884],[28.32373,-25.70145],[28.32705,-25.71534],[28.33035,-25.7154],[28.33091,-25.7155],[28.33101,-25.71632],[28.33134,-25.71753],[28.33293,-25.71806],[28.33535,-25.71873],[28.33494,-25.71905],[28.3381,-25.71993],[28.33824,-25.71959],[28.34449,-25.72155],[28.34911,-25.72303],[28.35034,-25.72327],[28.3518,-25.72328],[28.3548,-25.72287],[28.35634,-25.72388],[28.35782,-25.7245],[28.35945,-25.72598],[28.36041,-25.72609],[28.36419,-25.72594],[28.36481,-25.72599],[28.3655,-25.72803],[28.36603,-25.72908],[28.36732,-25.72899],[28.36728,-25.72865],[28.36844,-25.72752],[28.36916,-25.72739],[28.37059,-25.72748],[28.37062,-25.72703],[28.37164,-25.72697],[28.37485,-25.72758],[28.37718,-25.72851],[28.37923,-25.7296],[28.3809,-25.73067],[28.38134,-25.73078],[28.38399,-25.73226],[28.38492,-25.73292],[28.3864,-25.73361],[28.38764,-25.7344],[28.39165,-25.73658],[28.39244,-25.73753],[28.39065,-25.73882],[28.38822,-25.73974],[28.38622,-25.73996],[28.38413,-25.73987],[28.38209,-25.74007],[28.38077,-25.74035],[28.41851,-25.75374],[28.41949,-25.75351],[28.41708,-25.74855],[28.40892,-25.73138],[28.40839,-25.7304],[28.41372,-25.73103],[28.41999,-25.73173],[28.42081,-25.73191],[28.42247,-25.73252],[28.42438,-25.73349],[28.4292,-25.73569],[28.43117,-25.73616],[28.43356,-25.73614],[28.43457,-25.73591],[28.43901,-25.73451],[28.44124,-25.73424],[28.44521,-25.73458],[28.4453,-25.73447],[28.44507,-25.73134],[28.44616,-25.73218],[28.44789,-25.73061],[28.4462,-25.72984],[28.44534,-25.72888],[28.44574,-25.7286],[28.44524,-25.72799],[28.44465,-25.72631],[28.44312,-25.70801],[28.4345,-25.70057],[28.42508,-25.69253],[28.42025,-25.68726],[28.41739,-25.68531],[28.41477,-25.68654],[28.41044,-25.68896],[28.41047,-25.68902],[28.40691,-25.69101],[28.40546,-25.69173],[28.40508,-25.6921],[28.40463,-25.69191],[28.40306,-25.69253],[28.40303,-25.69277],[28.40163,-25.69336],[28.40173,-25.69403],[28.39987,-25.69477],[28.39938,-25.6943],[28.39541,-25.69595],[28.39507,-25.69557],[28.39449,-25.69621],[28.39372,-25.6963],[28.39414,-25.69733],[28.39496,-25.6976],[28.39482,-25.6983],[28.39525,-25.69843],[28.39429,-25.70071],[28.39299,-25.7015],[28.39163,-25.70023],[28.39058,-25.69996],[28.38992,-25.69941],[28.38869,-25.69895],[28.38682,-25.6991],[28.38632,-25.69889],[28.38543,-25.69894],[28.38542,-25.6994],[28.38368,-25.69946],[28.38233,-25.69917],[28.38202,-25.69873],[28.3823,-25.69798],[28.38129,-25.69776],[28.38086,-25.69825],[28.38086,-25.69876],[28.38041,-25.69866],[28.3798,-25.69908],[28.37978,-25.69952],[28.38148,-25.69972],[28.38176,-25.70043],[28.38239,-25.70103],[28.38387,-25.70118],[28.38391,-25.7015],[28.38508,-25.70137],[28.38522,-25.70185],[28.38294,-25.70243],[28.38146,-25.70241],[28.3802,-25.70255],[28.3801,-25.703],[28.37907,-25.70277],[28.37903,-25.7024],[28.37787,-25.70175],[28.37628,-25.70182],[28.37508,-25.70154],[28.37347,-25.70163],[28.3705,-25.7015],[28.36922,-25.70199],[28.36834,-25.70196],[28.36745,-25.70155],[28.36642,-25.7016],[28.36617,-25.70208],[28.36524,-25.70218],[28.36419,-25.70279],[28.36346,-25.7029],[28.36077,-25.70175],[28.35951,-25.70045],[28.35793,-25.69922],[28.35724,-25.69996],[28.35593,-25.70087],[28.35431,-25.70144],[28.35155,-25.70176],[28.34922,-25.70153],[28.34751,-25.70118],[28.34518,-25.70041],[28.34526,-25.70014],[28.34444,-25.69997],[28.34385,-25.69946],[28.34296,-25.69923],[28.34278,-25.69978],[28.34228,-25.6997],[28.34126,-25.7004],[28.33882,-25.70101],[28.33629,-25.70109],[28.33402,-25.70068],[28.33483,-25.69458],[28.327,-25.69543],[28.32606,-25.6955],[28.32134,-25.69478]],[[28.37127,-25.7159],[28.36382,-25.71951],[28.36257,-25.71984],[28.36114,-25.71969],[28.35698,-25.71845],[28.35777,-25.71737],[28.35866,-25.71732],[28.35925,-25.71776],[28.35974,-25.71773],[28.36196,-25.71704],[28.36297,-25.71647],[28.36429,-25.71602],[28.36542,-25.71527],[28.36656,-25.71404],[28.36739,-25.71291],[28.36787,-25.7131],[28.36828,-25.71386],[28.37121,-25.71574],[28.37127,-25.7159]],[[28.37127,-25.7159],[28.37607,-25.71343],[28.3789,-25.71176],[28.38048,-25.71401],[28.3807,-25.71446],[28.37997,-25.71471],[28.38003,-25.7151],[28.37849,-25.71658],[28.37849,-25.71672],[28.376,-25.71732],[28.3762,-25.71809],[28.37596,-25.71908],[28.37436,-25.71778],[28.37191,-25.71658],[28.37127,-25.7159]]]}},{"type":"Feature","properties":{"id":"mandela-village","name":"Mandela Village","labelPriority":"secondary","selectionBasis":"census-main-place","subPlaceCount":1},"geometry":{"type":"Polygon","coordinates":[[[28.2831,-25.40206],[28.28385,-25.40198],[28.29115,-25.39628],[28.29205,-25.39562],[28.29336,-25.39422],[28.29872,-25.38706],[28.29914,-25.38709],[28.30032,-25.3871],[28.30052,-25.38611],[28.30094,-25.38514],[28.30176,-25.38401],[28.30362,-25.38254],[28.31093,-25.38589],[28.3107,-25.38688],[28.31122,-25.38853],[28.31596,-25.38942],[28.31608,-25.38985],[28.31538,-25.39087],[28.3142,-25.39332],[28.31295,-25.39455],[28.31229,-25.39572],[28.31182,-25.39745],[28.3121,-25.39932],[28.31269,-25.40079],[28.31277,-25.4016],[28.3107,-25.40114],[28.30885,-25.40102],[28.30754,-25.4012],[28.29809,-25.40298],[28.29819,-25.40065],[28.28988,-25.40184],[28.28301,-25.40277],[28.2831,-25.40206]]]}},{"type":"Feature","properties":{"id":"marokolong","name":"Marokolong","labelPriority":"secondary","selectionBasis":"census-main-place","subPlaceCount":1},"geometry":{"type":"Polygon","coordinates":[[[28.29955,-25.38162],[28.29914,-25.38709],[28.29872,-25.38706],[28.29336,-25.39422],[28.29205,-25.39562],[28.29115,-25.39628],[28.28385,-25.40198],[28.2831,-25.40206],[28.28104,-25.40204],[28.28036,-25.40217],[28.27947,-25.40281],[28.27891,-25.40423],[28.27807,-25.40497],[28.27796,-25.40419],[28.27757,-25.4033],[28.27789,-25.40254],[28.27709,-25.40191],[28.27665,-25.40048],[28.27598,-25.40041],[28.27563,-25.40086],[28.27515,-25.40041],[28.27546,-25.39958],[28.27474,-25.39868],[28.27379,-25.39864],[28.27369,-25.39829],[28.27375,-25.39601],[28.27493,-25.39543],[28.27513,-25.3944],[28.27487,-25.39395],[28.2744,-25.39225],[28.27239,-25.3925],[28.27227,-25.39211],[28.27343,-25.39097],[28.27305,-25.39039],[28.27353,-25.38958],[28.27707,-25.38897],[28.27623,-25.38782],[28.27649,-25.38628],[28.27561,-25.38594],[28.2753,-25.38536],[28.27586,-25.38441],[28.27566,-25.38384],[28.27601,-25.38201],[28.27659,-25.38097],[28.27614,-25.38037],[28.27513,-25.38039],[28.27477,-25.38019],[28.2748,-25.37962],[28.27358,-25.37792],[28.27447,-25.37722],[28.27458,-25.37774],[28.27548,-25.37796],[28.27573,-25.37746],[28.27569,-25.37667],[28.27507,-25.37639],[28.27538,-25.37516],[28.27501,-25.37387],[28.27612,-25.37348],[28.2795,-25.37354],[28.27965,-25.36868],[28.28304,-25.36877],[28.28471,-25.36858],[28.28498,-25.36875],[28.29139,-25.37399],[28.29372,-25.37601],[28.29763,-25.37925],[28.29809,-25.38151],[28.29955,-25.38162]]]}},{"type":"Feature","properties":{"id":"mashemong","name":"Mashemong","labelPriority":"secondary","selectionBasis":"census-main-place","subPlaceCount":1},"geometry":{"type":"Polygon","coordinates":[[[28.21987,-25.34459],[28.22833,-25.35419],[28.22854,-25.35414],[28.22867,-25.35727],[28.22924,-25.36047],[28.22975,-25.36211],[28.22998,-25.36445],[28.23047,-25.36591],[28.21889,-25.37166],[28.21565,-25.37331],[28.21258,-25.37525],[28.21212,-25.37526],[28.20905,-25.37403],[28.20791,-25.37267],[28.20783,-25.37222],[28.20659,-25.37252],[28.20466,-25.37254],[28.20482,-25.37075],[28.2042,-25.36953],[28.20324,-25.36875],[28.20299,-25.36664],[28.20299,-25.36351],[28.2034,-25.35938],[28.20385,-25.35826],[28.20519,-25.35625],[28.2075,-25.35697],[28.20764,-25.35645],[28.20807,-25.35652],[28.20815,-25.35604],[28.21068,-25.3562],[28.21422,-25.35631],[28.21428,-25.35379],[28.21597,-25.35379],[28.2159,-25.3525],[28.2161,-25.35143],[28.21673,-25.34952],[28.21781,-25.34795],[28.21636,-25.34707],[28.21769,-25.34487],[28.21827,-25.34541],[28.21987,-25.34459]]]}},{"type":"Feature","properties":{"id":"nellmapius","name":"Nellmapius","labelPriority":"secondary","selectionBasis":"census-main-place","subPlaceCount":7},"geometry":{"type":"Polygon","coordinates":[[[28.38077,-25.74035],[28.38209,-25.74007],[28.38413,-25.73987],[28.38622,-25.73996],[28.38822,-25.73974],[28.39065,-25.73882],[28.39244,-25.73753],[28.39165,-25.73658],[28.38764,-25.7344],[28.3864,-25.73361],[28.38492,-25.73292],[28.38399,-25.73226],[28.38134,-25.73078],[28.3809,-25.73067],[28.37923,-25.7296],[28.37718,-25.72851],[28.37485,-25.72758],[28.37164,-25.72697],[28.37062,-25.72703],[28.37059,-25.72748],[28.36916,-25.72739],[28.36844,-25.72752],[28.36728,-25.72865],[28.36732,-25.72899],[28.36603,-25.72908],[28.3655,-25.72803],[28.36481,-25.72599],[28.36419,-25.72594],[28.36041,-25.72609],[28.35945,-25.72598],[28.35782,-25.7245],[28.35634,-25.72388],[28.3548,-25.72287],[28.3518,-25.72328],[28.35034,-25.72327],[28.34911,-25.72303],[28.34449,-25.72155],[28.34414,-25.72214],[28.34517,-25.72415],[28.34274,-25.73049],[28.34257,-25.73067],[28.33935,-25.72989],[28.3364,-25.7291],[28.33518,-25.72886],[28.3334,-25.73656],[28.33329,-25.73771],[28.33299,-25.73893],[28.34356,-25.74256],[28.34371,-25.74338],[28.34633,-25.74521],[28.34639,-25.74542],[28.34497,-25.74842],[28.34407,-25.75053],[28.34311,-25.75311],[28.34186,-25.75544],[28.34332,-25.75611],[28.35246,-25.75793],[28.36202,-25.75991],[28.36841,-25.75138],[28.37748,-25.73918],[28.38077,-25.74035]]]}},{"type":"Feature","properties":{"id":"new-eersterus","name":"New Eersterus","labelPriority":"secondary","selectionBasis":"census-main-place","subPlaceCount":1},"geometry":{"type":"Polygon","coordinates":[[[28.15636,-25.43899],[28.12843,-25.44466],[28.12588,-25.44509],[28.12552,-25.44416],[28.12466,-25.44016],[28.12319,-25.43371],[28.12302,-25.43323],[28.12255,-25.43135],[28.121,-25.42392],[28.11992,-25.41917],[28.11921,-25.41634],[28.11831,-25.41241],[28.1176,-25.40902],[28.11688,-25.40645],[28.11684,-25.40582],[28.1163,-25.40324],[28.11527,-25.3992],[28.11073,-25.3789],[28.14404,-25.3724],[28.14423,-25.37388],[28.14433,-25.37734],[28.14413,-25.37846],[28.14416,-25.37944],[28.1446,-25.38072],[28.14555,-25.38238],[28.14596,-25.38384],[28.14596,-25.38479],[28.14565,-25.38557],[28.14494,-25.38614],[28.14474,-25.38668],[28.14508,-25.38855],[28.14558,-25.38922],[28.14772,-25.3916],[28.14817,-25.3933],[28.14916,-25.39427],[28.15033,-25.39619],[28.14961,-25.39712],[28.14896,-25.39838],[28.14847,-25.39982],[28.14676,-25.40692],[28.14534,-25.41271],[28.14694,-25.41217],[28.14758,-25.4118],[28.14804,-25.41254],[28.14794,-25.41418],[28.14858,-25.41441],[28.14889,-25.41544],[28.1492,-25.41547],[28.14983,-25.41632],[28.15058,-25.41858],[28.15636,-25.43899]]]}},{"type":"Feature","properties":{"id":"olievenhoutbosch","name":"Olievenhoutbosch","labelPriority":"secondary","selectionBasis":"census-main-place","subPlaceCount":11},"geometry":{"type":"Polygon","coordinates":[[[28.0772,-25.92071],[28.07723,-25.92089],[28.08048,-25.92522],[28.08336,-25.92497],[28.09016,-25.92426],[28.09856,-25.92331],[28.09804,-25.92617],[28.10507,-25.92497],[28.1046,-25.9227],[28.10826,-25.92163],[28.11089,-25.92093],[28.11267,-25.92249],[28.1144,-25.92207],[28.11569,-25.92232],[28.11775,-25.92112],[28.12065,-25.9209],[28.12106,-25.91773],[28.12141,-25.91772],[28.1217,-25.91547],[28.12305,-25.91439],[28.12482,-25.91582],[28.12499,-25.91422],[28.12527,-25.91339],[28.12653,-25.9123],[28.12523,-25.91223],[28.12399,-25.91152],[28.12159,-25.90965],[28.11948,-25.90818],[28.12038,-25.90726],[28.12182,-25.90733],[28.12456,-25.9069],[28.12453,-25.90485],[28.12458,-25.90193],[28.12312,-25.90191],[28.12242,-25.90166],[28.12231,-25.90198],[28.12144,-25.90181],[28.12137,-25.90055],[28.12061,-25.89988],[28.12034,-25.90039],[28.11987,-25.89961],[28.11709,-25.9021],[28.11746,-25.90286],[28.11328,-25.90154],[28.11284,-25.90433],[28.11198,-25.90425],[28.11077,-25.90315],[28.10847,-25.90282],[28.10725,-25.90204],[28.1064,-25.90181],[28.10264,-25.90133],[28.10318,-25.89846],[28.1035,-25.89605],[28.10302,-25.89407],[28.10311,-25.89341],[28.09775,-25.89371],[28.096,-25.89376],[28.09179,-25.89417],[28.09046,-25.89444],[28.08573,-25.89557],[28.08554,-25.89832],[28.08555,-25.8992],[28.08527,-25.90335],[28.08531,-25.90448],[28.08395,-25.90713],[28.08036,-25.91455],[28.07862,-25.91807],[28.0772,-25.92071]]]}},{"type":"Feature","properties":{"id":"ramotse","name":"Ramotse","labelPriority":"secondary","selectionBasis":"census-main-place","subPlaceCount":1},"geometry":{"type":"Polygon","coordinates":[[[28.29926,-25.36613],[28.2998,-25.3747],[28.29984,-25.37692],[28.29955,-25.38162],[28.29809,-25.38151],[28.29763,-25.37925],[28.29372,-25.37601],[28.29139,-25.37399],[28.28498,-25.36875],[28.28471,-25.36858],[28.28304,-25.36877],[28.2829,-25.35883],[28.28237,-25.34881],[28.28231,-25.34356],[28.28264,-25.34264],[28.2834,-25.33808],[28.28951,-25.33829],[28.28963,-25.34115],[28.29777,-25.3394],[28.29807,-25.34522],[28.29829,-25.34862],[28.29862,-25.35468],[28.29885,-25.35782],[28.29926,-25.36613]]]}},{"type":"Feature","properties":{"id":"refilwe","name":"Refilwe","labelPriority":"secondary","selectionBasis":"census-main-place","subPlaceCount":1},"geometry":{"type":"Polygon","coordinates":[[[28.53859,-25.64547],[28.5388,-25.64887],[28.53784,-25.64885],[28.53724,-25.64815],[28.5369,-25.64707],[28.53653,-25.64659],[28.53576,-25.64628],[28.53502,-25.64659],[28.53464,-25.64645],[28.53413,-25.64724],[28.53353,-25.64699],[28.53297,-25.64779],[28.53219,-25.64753],[28.53155,-25.64785],[28.52946,-25.64846],[28.52901,-25.64707],[28.52814,-25.64794],[28.52752,-25.64832],[28.52688,-25.64813],[28.52646,-25.64837],[28.52611,-25.64783],[28.52702,-25.64622],[28.52434,-25.64337],[28.52403,-25.64239],[28.52437,-25.6417],[28.52392,-25.64135],[28.52286,-25.64096],[28.51738,-25.63869],[28.51947,-25.6346],[28.52019,-25.63308],[28.5206,-25.63277],[28.52177,-25.63017],[28.5245,-25.63124],[28.52769,-25.63262],[28.53805,-25.63698],[28.53859,-25.64547]]]}},{"type":"Feature","properties":{"id":"rethabiseng","name":"Rethabiseng","labelPriority":"secondary","selectionBasis":"census-main-place","subPlaceCount":4},"geometry":{"type":"Polygon","coordinates":[[[28.70661,-25.72252],[28.70774,-25.72408],[28.70904,-25.72549],[28.71219,-25.72551],[28.71133,-25.72724],[28.71196,-25.72818],[28.71418,-25.72923],[28.71566,-25.72975],[28.716,-25.72926],[28.71729,-25.72919],[28.71738,-25.72954],[28.71939,-25.72963],[28.7199,-25.72892],[28.72211,-25.72852],[28.72315,-25.72883],[28.72552,-25.72776],[28.72457,-25.72681],[28.7237,-25.72194],[28.72344,-25.7217],[28.72184,-25.72191],[28.72159,-25.71914],[28.72051,-25.71895],[28.71915,-25.71895],[28.71909,-25.71952],[28.71701,-25.71916],[28.71705,-25.71866],[28.71426,-25.71793],[28.7135,-25.71737],[28.71294,-25.71663],[28.71285,-25.71614],[28.71117,-25.71535],[28.70991,-25.71639],[28.70893,-25.71633],[28.70874,-25.71721],[28.70957,-25.71736],[28.70929,-25.71874],[28.70942,-25.71902],[28.711,-25.72009],[28.71,-25.72132],[28.70951,-25.72096],[28.70937,-25.72037],[28.70795,-25.72027],[28.70695,-25.72118],[28.70661,-25.72252]]]}},{"type":"Feature","properties":{"id":"saulsville","name":"Saulsville","labelPriority":"secondary","labelOffset":[0,18],"selectionBasis":"census-main-place","subPlaceCount":6},"geometry":{"type":"Polygon","coordinates":[[[28.0677,-25.78492],[28.06815,-25.78478],[28.06824,-25.78422],[28.06807,-25.78339],[28.06804,-25.78161],[28.06443,-25.7658],[28.06476,-25.765],[28.06203,-25.76389],[28.06035,-25.76345],[28.05972,-25.76356],[28.05836,-25.76311],[28.05751,-25.76365],[28.0571,-25.7628],[28.0553,-25.76338],[28.05057,-25.76464],[28.04906,-25.76532],[28.04782,-25.76556],[28.04407,-25.7653],[28.04286,-25.76553],[28.04202,-25.76588],[28.03981,-25.76722],[28.038,-25.7679],[28.04165,-25.77201],[28.04273,-25.77283],[28.04385,-25.77176],[28.04409,-25.77175],[28.04815,-25.77515],[28.04963,-25.77684],[28.05121,-25.77815],[28.05013,-25.77925],[28.05231,-25.78108],[28.05129,-25.78209],[28.05025,-25.78277],[28.04295,-25.78577],[28.03822,-25.78726],[28.03693,-25.78732],[28.03608,-25.78715],[28.03244,-25.78588],[28.03177,-25.78741],[28.02901,-25.78911],[28.02868,-25.78796],[28.02781,-25.78811],[28.02701,-25.78479],[28.02648,-25.7843],[28.02465,-25.78523],[28.02315,-25.78616],[28.02385,-25.78683],[28.02401,-25.78728],[28.02305,-25.78772],[28.02139,-25.78794],[28.02025,-25.78785],[28.02006,-25.78861],[28.02006,-25.79133],[28.01785,-25.79143],[28.01824,-25.79328],[28.01986,-25.79283],[28.02021,-25.79404],[28.02034,-25.7953],[28.02074,-25.79691],[28.02168,-25.79875],[28.02339,-25.79828],[28.02445,-25.79831],[28.02481,-25.79873],[28.0255,-25.79876],[28.02601,-25.79813],[28.02655,-25.79833],[28.02736,-25.79827],[28.02866,-25.79852],[28.02988,-25.79957],[28.03032,-25.80039],[28.03168,-25.8001],[28.03286,-25.79967],[28.03253,-25.79937],[28.03295,-25.79881],[28.0339,-25.79817],[28.03393,-25.7976],[28.0344,-25.79714],[28.03406,-25.7968],[28.03477,-25.79691],[28.03659,-25.79586],[28.03744,-25.79589],[28.03811,-25.79716],[28.03942,-25.79666],[28.03963,-25.79613],[28.04131,-25.79561],[28.04373,-25.79428],[28.04417,-25.79504],[28.04528,-25.79455],[28.04494,-25.79384],[28.04595,-25.79346],[28.04608,-25.79296],[28.04658,-25.79255],[28.0478,-25.79204],[28.04862,-25.79139],[28.04842,-25.79109],[28.04888,-25.79065],[28.05041,-25.79031],[28.05079,-25.79065],[28.05252,-25.79029],[28.05395,-25.78913],[28.05533,-25.78943],[28.05649,-25.78923],[28.05734,-25.78936],[28.05824,-25.78881],[28.05898,-25.78906],[28.06076,-25.78924],[28.06146,-25.78911],[28.06145,-25.78815],[28.06166,-25.78782],[28.06121,-25.78747],[28.06078,-25.78647],[28.06137,-25.78613],[28.06172,-25.78541],[28.06112,-25.78518],[28.06226,-25.785],[28.0642,-25.78391],[28.06506,-25.7839],[28.0652,-25.7842],[28.06664,-25.78443],[28.06687,-25.78476],[28.0677,-25.78492]]]}},{"type":"Feature","properties":{"id":"plastic-view","name":"Plastic View","labelPriority":"secondary","selectionBasis":"named-sub-places","subPlaceCount":1},"geometry":{"type":"Polygon","coordinates":[[[28.1049,-25.60771],[28.10356,-25.60751],[28.09451,-25.60602],[28.09523,-25.60445],[28.09518,-25.60419],[28.09618,-25.60178],[28.09698,-25.60007],[28.09744,-25.59933],[28.09786,-25.59813],[28.09824,-25.59789],[28.10081,-25.60122],[28.10355,-25.60494],[28.10411,-25.6059],[28.1049,-25.60771]]]}},{"type":"Feature","properties":{"id":"soshanguve","name":"Soshanguve","labelPriority":"primary","selectionBasis":"census-main-place","subPlaceCount":61},"geometry":{"type":"Polygon","coordinates":[[[28.02685,-25.62261],[28.02985,-25.62288],[28.03738,-25.62347],[28.04321,-25.62399],[28.04527,-25.62434],[28.04752,-25.62344],[28.04817,-25.62333],[28.05126,-25.62333],[28.06341,-25.6238],[28.0671,-25.62392],[28.06758,-25.61395],[28.0664,-25.613],[28.06223,-25.60781],[28.06645,-25.60636],[28.07005,-25.60506],[28.0748,-25.60342],[28.07697,-25.60318],[28.07894,-25.6034],[28.08197,-25.60393],[28.08323,-25.60717],[28.08412,-25.60868],[28.08552,-25.61014],[28.09386,-25.61577],[28.09916,-25.61932],[28.10102,-25.62076],[28.10159,-25.62139],[28.10466,-25.62206],[28.10598,-25.6222],[28.10707,-25.62213],[28.1057,-25.61287],[28.1049,-25.60771],[28.10356,-25.60751],[28.09451,-25.60602],[28.09523,-25.60445],[28.09518,-25.60419],[28.09618,-25.60178],[28.09698,-25.60007],[28.09744,-25.59933],[28.09786,-25.59813],[28.09824,-25.59789],[28.10081,-25.60122],[28.10355,-25.60494],[28.10411,-25.6059],[28.1098,-25.60588],[28.11379,-25.60591],[28.11374,-25.60098],[28.11366,-25.59875],[28.11225,-25.59122],[28.10975,-25.58011],[28.10826,-25.58013],[28.10489,-25.57981],[28.10426,-25.57786],[28.10234,-25.57276],[28.10218,-25.57278],[28.10182,-25.57149],[28.09974,-25.5657],[28.09914,-25.56421],[28.09857,-25.56245],[28.09564,-25.55428],[28.09546,-25.55394],[28.09808,-25.55452],[28.10414,-25.55599],[28.10566,-25.55267],[28.10599,-25.55276],[28.10787,-25.54848],[28.1111,-25.5416],[28.11258,-25.53835],[28.11427,-25.53419],[28.11594,-25.53049],[28.11687,-25.52869],[28.11751,-25.52707],[28.11697,-25.52561],[28.11592,-25.52334],[28.11781,-25.51911],[28.11825,-25.5183],[28.1209,-25.51285],[28.12209,-25.51025],[28.12687,-25.50895],[28.1283,-25.50833],[28.13258,-25.50609],[28.13254,-25.50558],[28.13954,-25.50194],[28.1392,-25.50131],[28.13935,-25.49945],[28.13919,-25.49883],[28.13988,-25.49794],[28.14014,-25.49669],[28.14072,-25.49585],[28.14042,-25.49518],[28.14051,-25.49306],[28.14045,-25.49096],[28.14078,-25.488],[28.14075,-25.4865],[28.14112,-25.47932],[28.1412,-25.47598],[28.14112,-25.47389],[28.13821,-25.46716],[28.13689,-25.46432],[28.13363,-25.45658],[28.13229,-25.45719],[28.13109,-25.45445],[28.13011,-25.45368],[28.12815,-25.45285],[28.12682,-25.45197],[28.12586,-25.45063],[28.12527,-25.44911],[28.12474,-25.44814],[28.12385,-25.44604],[28.12588,-25.44509],[28.12552,-25.44416],[28.12466,-25.44016],[28.12319,-25.43371],[28.12302,-25.43323],[28.122,-25.43383],[28.11981,-25.43412],[28.11955,-25.43397],[28.11288,-25.43503],[28.11114,-25.43535],[28.11102,-25.43417],[28.1092,-25.43419],[28.10927,-25.43069],[28.11062,-25.43063],[28.11039,-25.42867],[28.10832,-25.42881],[28.10415,-25.42934],[28.10575,-25.43622],[28.09769,-25.43743],[28.09577,-25.43769],[28.08703,-25.43903],[28.07418,-25.44104],[28.07408,-25.44107],[28.07493,-25.44423],[28.07618,-25.44916],[28.07643,-25.4497],[28.07736,-25.45375],[28.07774,-25.45616],[28.07869,-25.46347],[28.07876,-25.46368],[28.07968,-25.47082],[28.08077,-25.47842],[28.08116,-25.48173],[28.08168,-25.4831],[28.08335,-25.48633],[28.08413,-25.48619],[28.08979,-25.48546],[28.09493,-25.48492],[28.09236,-25.49569],[28.09003,-25.4952],[28.0889,-25.49992],[28.08778,-25.50439],[28.08631,-25.51061],[28.08532,-25.5131],[28.08306,-25.51921],[28.08274,-25.52149],[28.08287,-25.52391],[28.0832,-25.52741],[28.0831,-25.52929],[28.08253,-25.53142],[28.08125,-25.53394],[28.0775,-25.54047],[28.07387,-25.54686],[28.07274,-25.54896],[28.07203,-25.55118],[28.06896,-25.55092],[28.06812,-25.55045],[28.06698,-25.55015],[28.06016,-25.54999],[28.05139,-25.54969],[28.05072,-25.54964],[28.05034,-25.5499],[28.05034,-25.55163],[28.05019,-25.55404],[28.04951,-25.55956],[28.0487,-25.56079],[28.04625,-25.56405],[28.04338,-25.56805],[28.04531,-25.56874],[28.04837,-25.5696],[28.04753,-25.57151],[28.04898,-25.57173],[28.04794,-25.57306],[28.0471,-25.57494],[28.04621,-25.57661],[28.04386,-25.57985],[28.04292,-25.58163],[28.04147,-25.5848],[28.04048,-25.58716],[28.03942,-25.58926],[28.03901,-25.59063],[28.03692,-25.59286],[28.03308,-25.60322],[28.03115,-25.60432],[28.03131,-25.60564],[28.02982,-25.60863],[28.0308,-25.60897],[28.03088,-25.60923],[28.03507,-25.61082],[28.03587,-25.61099],[28.03374,-25.61359],[28.02822,-25.62022],[28.02662,-25.62193],[28.02685,-25.62261]]]}},{"type":"Feature","properties":{"id":"soutpan","name":"Soutpan","labelPriority":"secondary","selectionBasis":"census-main-place","subPlaceCount":1},"geometry":{"type":"Polygon","coordinates":[[[28.12302,-25.43323],[28.122,-25.43383],[28.11981,-25.43412],[28.11955,-25.43397],[28.11288,-25.43503],[28.11114,-25.43535],[28.11102,-25.43417],[28.1092,-25.43419],[28.10927,-25.43069],[28.11062,-25.43063],[28.11039,-25.42867],[28.10832,-25.42881],[28.10415,-25.42934],[28.10307,-25.42464],[28.10082,-25.41516],[28.10044,-25.41263],[28.1002,-25.40658],[28.09985,-25.40422],[28.09896,-25.40178],[28.09808,-25.40027],[28.09531,-25.39671],[28.0942,-25.39478],[28.08965,-25.38525],[28.08754,-25.38135],[28.10802,-25.36701],[28.11073,-25.3789],[28.11527,-25.3992],[28.1163,-25.40324],[28.11684,-25.40582],[28.11688,-25.40645],[28.1176,-25.40902],[28.11831,-25.41241],[28.11921,-25.41634],[28.11992,-25.41917],[28.121,-25.42392],[28.12255,-25.43135],[28.12302,-25.43323]]]}},{"type":"Feature","properties":{"id":"stinkwater","name":"Stinkwater","labelPriority":"secondary","selectionBasis":"census-main-place","subPlaceCount":5},"geometry":{"type":"Polygon","coordinates":[[[28.14404,-25.3724],[28.14423,-25.37388],[28.14433,-25.37734],[28.14413,-25.37846],[28.14416,-25.37944],[28.1446,-25.38072],[28.14555,-25.38238],[28.14596,-25.38384],[28.14596,-25.38479],[28.14565,-25.38557],[28.14494,-25.38614],[28.14474,-25.38668],[28.14508,-25.38855],[28.14558,-25.38922],[28.14772,-25.3916],[28.14817,-25.3933],[28.14916,-25.39427],[28.15033,-25.39619],[28.14961,-25.39712],[28.14896,-25.39838],[28.14847,-25.39982],[28.14676,-25.40692],[28.14534,-25.41271],[28.14694,-25.41217],[28.14758,-25.4118],[28.14804,-25.41254],[28.14794,-25.41418],[28.14858,-25.41441],[28.14889,-25.41544],[28.1492,-25.41547],[28.14983,-25.41632],[28.15058,-25.41858],[28.15636,-25.43899],[28.16438,-25.43732],[28.16503,-25.43747],[28.19245,-25.43212],[28.18786,-25.41158],[28.18785,-25.41144],[28.18647,-25.40507],[28.18574,-25.40007],[28.18607,-25.39845],[28.18646,-25.39829],[28.18632,-25.39777],[28.18675,-25.39644],[28.18608,-25.39506],[28.18608,-25.39408],[28.18529,-25.39258],[28.18554,-25.39178],[28.18316,-25.3919],[28.18291,-25.38946],[28.18209,-25.38589],[28.18183,-25.38451],[28.18216,-25.38201],[28.18118,-25.38226],[28.18089,-25.38289],[28.17936,-25.37626],[28.17868,-25.37364],[28.17788,-25.36958],[28.17667,-25.36587],[28.14404,-25.3724]]]}},{"type":"Feature","properties":{"id":"suurman","name":"Suurman","labelPriority":"secondary","selectionBasis":"census-main-place","subPlaceCount":1},"geometry":{"type":"Polygon","coordinates":[[[28.23012,-25.38369],[28.23004,-25.38388],[28.22998,-25.38665],[28.22986,-25.3878],[28.22971,-25.39302],[28.22952,-25.39535],[28.2294,-25.39894],[28.22919,-25.40327],[28.21355,-25.41383],[28.21319,-25.41403],[28.21043,-25.41384],[28.20112,-25.41291],[28.20117,-25.41209],[28.20292,-25.39226],[28.20348,-25.3848],[28.20381,-25.382],[28.20436,-25.37575],[28.20466,-25.37254],[28.20659,-25.37252],[28.20783,-25.37222],[28.20791,-25.37267],[28.20905,-25.37403],[28.21212,-25.37526],[28.21258,-25.37525],[28.21565,-25.37331],[28.21889,-25.37166],[28.23047,-25.36591],[28.23065,-25.36602],[28.23065,-25.36727],[28.2307,-25.36768],[28.23055,-25.37382],[28.2304,-25.3758],[28.23017,-25.38337],[28.23012,-25.38369]]]}},{"type":"Feature","properties":{"id":"temba","name":"Temba","labelPriority":"primary","selectionBasis":"census-main-place","subPlaceCount":8},"geometry":{"type":"Polygon","coordinates":[[[28.22919,-25.40327],[28.23596,-25.40331],[28.24409,-25.4033],[28.24532,-25.40335],[28.2464,-25.40323],[28.24724,-25.40206],[28.25067,-25.40328],[28.25273,-25.40449],[28.25565,-25.4071],[28.25741,-25.40817],[28.25846,-25.40848],[28.25984,-25.40862],[28.26084,-25.40854],[28.2683,-25.40702],[28.27737,-25.40522],[28.27807,-25.40497],[28.27796,-25.40419],[28.27757,-25.4033],[28.27789,-25.40254],[28.27709,-25.40191],[28.27665,-25.40048],[28.27598,-25.40041],[28.27563,-25.40086],[28.27515,-25.40041],[28.27546,-25.39958],[28.27474,-25.39868],[28.27379,-25.39864],[28.27369,-25.39829],[28.27375,-25.39601],[28.27493,-25.39543],[28.27513,-25.3944],[28.27487,-25.39395],[28.2744,-25.39225],[28.27239,-25.3925],[28.27227,-25.39211],[28.27343,-25.39097],[28.27305,-25.39039],[28.27353,-25.38958],[28.27707,-25.38897],[28.27623,-25.38782],[28.27649,-25.38628],[28.27561,-25.38594],[28.2753,-25.38536],[28.27586,-25.38441],[28.27566,-25.38384],[28.27601,-25.38201],[28.27659,-25.38097],[28.27614,-25.38037],[28.27513,-25.38039],[28.27477,-25.38019],[28.2748,-25.37962],[28.27358,-25.37792],[28.27447,-25.37722],[28.27458,-25.37774],[28.27548,-25.37796],[28.27573,-25.37746],[28.27569,-25.37667],[28.27507,-25.37639],[28.27538,-25.37516],[28.27501,-25.37387],[28.27489,-25.37281],[28.27599,-25.37243],[28.27584,-25.37146],[28.2754,-25.37119],[28.27493,-25.37014],[28.27508,-25.3697],[28.27429,-25.36922],[28.27388,-25.36828],[28.27426,-25.36777],[28.27386,-25.36676],[28.27363,-25.3654],[28.2742,-25.36434],[28.27408,-25.36389],[28.27353,-25.36407],[28.27306,-25.36353],[28.27374,-25.36268],[28.27347,-25.36149],[28.27406,-25.36146],[28.27425,-25.36026],[28.27354,-25.35993],[28.27305,-25.36026],[28.2725,-25.35975],[28.27196,-25.35837],[28.27169,-25.35723],[28.26765,-25.35826],[28.2664,-25.35849],[28.25914,-25.36023],[28.25987,-25.36249],[28.26164,-25.3621],[28.26163,-25.36366],[28.25931,-25.36364],[28.25929,-25.36558],[28.26167,-25.36564],[28.26211,-25.36608],[28.26297,-25.36767],[28.26282,-25.36821],[28.26179,-25.36936],[28.26188,-25.37019],[28.2633,-25.37188],[28.26581,-25.37187],[28.2661,-25.37224],[28.26697,-25.37189],[28.26924,-25.3721],[28.26885,-25.37504],[28.26959,-25.37513],[28.2693,-25.37839],[28.2702,-25.37867],[28.26994,-25.38097],[28.26089,-25.38],[28.26076,-25.38021],[28.25593,-25.38631],[28.25482,-25.38725],[28.2541,-25.3875],[28.25059,-25.38792],[28.24938,-25.38841],[28.24549,-25.39153],[28.24218,-25.39432],[28.24103,-25.39318],[28.24014,-25.39204],[28.24043,-25.39023],[28.24011,-25.39016],[28.24044,-25.3883],[28.24221,-25.38844],[28.24238,-25.38692],[28.24269,-25.38668],[28.24245,-25.38622],[28.24263,-25.38418],[28.24552,-25.38397],[28.24562,-25.38518],[28.2469,-25.38502],[28.24877,-25.38377],[28.24875,-25.38292],[28.2519,-25.38258],[28.25149,-25.37944],[28.24926,-25.37966],[28.24845,-25.37954],[28.24325,-25.37644],[28.24312,-25.37654],[28.24155,-25.37559],[28.24118,-25.37514],[28.23935,-25.37373],[28.23871,-25.37346],[28.23596,-25.37344],[28.23469,-25.3737],[28.23378,-25.37427],[28.23316,-25.37499],[28.2327,-25.37606],[28.23254,-25.38028],[28.23247,-25.38369],[28.23012,-25.38369],[28.23004,-25.38388],[28.22998,-25.38665],[28.22986,-25.3878],[28.22971,-25.39302],[28.22952,-25.39535],[28.2294,-25.39894],[28.22919,-25.40327]]]}},{"type":"Feature","properties":{"id":"tsebe","name":"Tsebe","labelPriority":"secondary","selectionBasis":"census-main-place","subPlaceCount":1},"geometry":{"type":"Polygon","coordinates":[[[28.0038,-25.52253],[27.99244,-25.51803],[28.00043,-25.50018],[28.00165,-25.50093],[28.00233,-25.49944],[28.00253,-25.49855],[28.00394,-25.49927],[28.00463,-25.49985],[28.00597,-25.50043],[28.00706,-25.50109],[28.00839,-25.50108],[28.00913,-25.49969],[28.01243,-25.49443],[28.0134,-25.49315],[28.01248,-25.4925],[28.0152,-25.49015],[28.0167,-25.48914],[28.01667,-25.48946],[28.0175,-25.48932],[28.0177,-25.48892],[28.01842,-25.48861],[28.02043,-25.49017],[28.02109,-25.4902],[28.02169,-25.49076],[28.02172,-25.49325],[28.02232,-25.49481],[28.01763,-25.49722],[28.01848,-25.49841],[28.01742,-25.49973],[28.0152,-25.50327],[28.01336,-25.50637],[28.01236,-25.50773],[28.01058,-25.51088],[28.00825,-25.51441],[28.00669,-25.51709],[28.00529,-25.51991],[28.0038,-25.52253]]]}},{"type":"Feature","properties":{"id":"winterveld","name":"Winterveld","labelPriority":"secondary","selectionBasis":"census-main-place","subPlaceCount":7},"geometry":{"type":"MultiPolygon","coordinates":[[[[28.0301,-25.47299],[28.03063,-25.47396],[28.03224,-25.47621],[28.03407,-25.47906],[28.03318,-25.4807],[28.03222,-25.48164],[28.03119,-25.48167],[28.02904,-25.48245],[28.02872,-25.48276],[28.02761,-25.4828],[28.02514,-25.48315],[28.02375,-25.48404],[28.02167,-25.48421],[28.02112,-25.48452],[28.02162,-25.4856],[28.0224,-25.48645],[28.0228,-25.48639],[28.02783,-25.48642],[28.03829,-25.48655],[28.04341,-25.48653],[28.04806,-25.48657],[28.04551,-25.49481],[28.04754,-25.49491],[28.0609,-25.49471],[28.06394,-25.49452],[28.06407,-25.49578],[28.06383,-25.49705],[28.06597,-25.49764],[28.06641,-25.49764],[28.06847,-25.49719],[28.07918,-25.49499],[28.08033,-25.49497],[28.08107,-25.49453],[28.08299,-25.49416],[28.08256,-25.49093],[28.08275,-25.48995],[28.08247,-25.48975],[28.0825,-25.48893],[28.08283,-25.48861],[28.08413,-25.48619],[28.08335,-25.48633],[28.08168,-25.4831],[28.08116,-25.48173],[28.08077,-25.47842],[28.07968,-25.47082],[28.07876,-25.46368],[28.07869,-25.46347],[28.07774,-25.45616],[28.07736,-25.45375],[28.07643,-25.4497],[28.07618,-25.44916],[28.07493,-25.44423],[28.07408,-25.44107],[28.07418,-25.44104],[28.07072,-25.42986],[28.06753,-25.41967],[28.06037,-25.40785],[28.05647,-25.40146],[28.05553,-25.40005],[28.04473,-25.40174],[28.03917,-25.39633],[28.03076,-25.3882],[28.01128,-25.36932],[28.00041,-25.35942],[27.99905,-25.35959],[27.97076,-25.36295],[27.96617,-25.37096],[27.95942,-25.38266],[27.95277,-25.39428],[27.9527,-25.39446],[27.94564,-25.4067],[27.95817,-25.42635],[27.96041,-25.42731],[27.96972,-25.43911],[27.9912,-25.42474],[27.99166,-25.42452],[27.99259,-25.42547],[28.00016,-25.43344],[28.01357,-25.44721],[28.03595,-25.47059],[28.0301,-25.47299]]],[[[28.09003,-25.4952],[28.09236,-25.49569],[28.09493,-25.48492],[28.08979,-25.48546],[28.08756,-25.49456],[28.08886,-25.49484],[28.08924,-25.49418],[28.09018,-25.49441],[28.09003,-25.4952]]]]}},{"type":"Feature","properties":{"id":"zithobeni","name":"Zithobeni","labelPriority":"secondary","selectionBasis":"census-main-place","subPlaceCount":1},"geometry":{"type":"Polygon","coordinates":[[[28.7169,-25.76801],[28.71694,-25.76891],[28.71851,-25.76882],[28.72157,-25.76881],[28.72206,-25.76942],[28.72385,-25.76945],[28.72442,-25.77086],[28.72355,-25.77185],[28.72338,-25.77523],[28.72353,-25.77549],[28.72325,-25.7772],[28.7231,-25.77926],[28.7232,-25.78044],[28.72593,-25.78103],[28.72808,-25.7818],[28.73077,-25.78313],[28.73439,-25.78558],[28.7356,-25.78623],[28.73725,-25.78694],[28.73579,-25.78856],[28.73184,-25.79338],[28.73106,-25.79425],[28.72989,-25.79435],[28.72847,-25.7941],[28.7259,-25.79331],[28.72324,-25.7921],[28.72252,-25.79257],[28.72122,-25.79212],[28.71816,-25.79149],[28.71598,-25.79132],[28.71561,-25.79056],[28.71547,-25.78947],[28.7157,-25.78787],[28.71577,-25.78604],[28.71489,-25.78441],[28.71622,-25.78068],[28.71661,-25.7793],[28.7183,-25.77771],[28.71731,-25.77686],[28.71555,-25.77582],[28.71112,-25.77409],[28.70908,-25.77379],[28.70824,-25.77388],[28.70915,-25.77258],[28.71086,-25.77042],[28.70864,-25.76979],[28.70996,-25.76815],[28.71172,-25.7665],[28.71499,-25.76625],[28.71681,-25.76779],[28.7169,-25.76801]]]}},{"type":"Feature","properties":{"id":"alexandra","name":"Alexandra","labelPriority":"primary","selectionBasis":"census-main-place","subPlaceCount":70},"geometry":{"type":"Polygon","coordinates":[[[28.0855,-26.10121],[28.0855,-26.10219],[28.08761,-26.10693],[28.09179,-26.11616],[28.09637,-26.1148],[28.10008,-26.11364],[28.10501,-26.11221],[28.11306,-26.10973],[28.11415,-26.1092],[28.11497,-26.10846],[28.11593,-26.10694],[28.11716,-26.10619],[28.11695,-26.10514],[28.11576,-26.10504],[28.11426,-26.10391],[28.1125,-26.10143],[28.11092,-26.09825],[28.11017,-26.09713],[28.10848,-26.09397],[28.10658,-26.09468],[28.10686,-26.09304],[28.10655,-26.092],[28.10681,-26.09],[28.1076,-26.08961],[28.10843,-26.0885],[28.1065,-26.08856],[28.10603,-26.08846],[28.10585,-26.08946],[28.10469,-26.0898],[28.10539,-26.09049],[28.10547,-26.09089],[28.10521,-26.09299],[28.1049,-26.09339],[28.10456,-26.09492],[28.1042,-26.09563],[28.1033,-26.09597],[28.10001,-26.0969],[28.08568,-26.10118],[28.0855,-26.10121]]]}},{"type":"Feature","properties":{"id":"klipspruit","name":"Klipspruit","labelPriority":"secondary","selectionBasis":"named-sub-places","subPlaceCount":3},"geometry":{"type":"MultiPolygon","coordinates":[[[[27.84277,-26.29563],[27.84741,-26.29744],[27.86215,-26.30329],[27.86361,-26.30376],[27.86635,-26.30427],[27.86763,-26.30437],[27.87991,-26.30426],[27.8798,-26.30318],[27.88027,-26.30289],[27.88082,-26.30211],[27.88092,-26.30144],[27.88146,-26.30073],[27.88208,-26.29744],[27.88239,-26.29618],[27.88222,-26.29594],[27.88322,-26.29556],[27.88434,-26.29489],[27.88501,-26.29475],[27.88554,-26.29417],[27.88576,-26.29152],[27.88562,-26.28995],[27.88607,-26.28799],[27.88585,-26.28671],[27.88603,-26.28621],[27.88576,-26.28526],[27.88447,-26.28397],[27.88337,-26.28324],[27.88096,-26.28296],[27.88089,-26.28158],[27.87912,-26.28231],[27.87769,-26.28323],[27.87684,-26.28403],[27.87541,-26.28584],[27.87415,-26.28716],[27.87264,-26.28818],[27.86886,-26.2897],[27.86782,-26.29],[27.85716,-26.29206],[27.85695,-26.29229],[27.85598,-26.29236],[27.85315,-26.29295],[27.85082,-26.29354],[27.84889,-26.29376],[27.84676,-26.29419],[27.84277,-26.29563]]],[[[27.89013,-26.26238],[27.89418,-26.26175],[27.8932,-26.26512],[27.89334,-26.26532],[27.89703,-26.26139],[27.90092,-26.26082],[27.91431,-26.25918],[27.91615,-26.25912],[27.91956,-26.25929],[27.91763,-26.25606],[27.9175,-26.25543],[27.91565,-26.25347],[27.91311,-26.25226],[27.91213,-26.25124],[27.91249,-26.25022],[27.91011,-26.24885],[27.90925,-26.24852],[27.90892,-26.24886],[27.90716,-26.24807],[27.90713,-26.24753],[27.90333,-26.24849],[27.90185,-26.2492],[27.90066,-26.25032],[27.89982,-26.25151],[27.89892,-26.25245],[27.89805,-26.25302],[27.89538,-26.25418],[27.89433,-26.25477],[27.89323,-26.25566],[27.89248,-26.25652],[27.8916,-26.2582],[27.89013,-26.26238]]],[[[27.9104,-26.28219],[27.91308,-26.28265],[27.91487,-26.28286],[27.918,-26.2825],[27.91904,-26.28259],[27.92017,-26.28313],[27.92267,-26.28478],[27.9239,-26.28549],[27.92494,-26.28591],[27.92685,-26.28643],[27.9276,-26.28371],[27.92775,-26.28207],[27.92778,-26.28015],[27.93145,-26.28022],[27.93148,-26.27939],[27.93195,-26.27901],[27.93298,-26.27901],[27.93312,-26.2713],[27.93273,-26.27035],[27.93202,-26.26996],[27.9283,-26.26917],[27.92696,-26.26841],[27.92404,-26.26733],[27.92383,-26.26743],[27.92121,-26.26651],[27.91957,-26.26611],[27.91959,-26.26894],[27.9176,-26.26879],[27.91703,-26.26887],[27.91579,-26.27105],[27.91589,-26.27187],[27.91585,-26.27368],[27.91548,-26.27445],[27.91567,-26.27592],[27.91359,-26.27622],[27.91232,-26.2769],[27.9119,-26.27751],[27.91056,-26.27797],[27.9104,-26.28219]]]]}},{"type":"Feature","properties":{"id":"protea-south","name":"Protea South","labelPriority":"secondary","selectionBasis":"named-sub-places","subPlaceCount":1},"geometry":{"type":"Polygon","coordinates":[[[27.83828,-26.2945],[27.83679,-26.29454],[27.83634,-26.29216],[27.83428,-26.29009],[27.83408,-26.28776],[27.8323,-26.28331],[27.83193,-26.28188],[27.8315,-26.28125],[27.83149,-26.28031],[27.83361,-26.28094],[27.83528,-26.2811],[27.8362,-26.28099],[27.83822,-26.27971],[27.83911,-26.27938],[27.84024,-26.27867],[27.8409,-26.2791],[27.84297,-26.27737],[27.84366,-26.27924],[27.84451,-26.28047],[27.84523,-26.28111],[27.85152,-26.28607],[27.84733,-26.28857],[27.8436,-26.29089],[27.84176,-26.29223],[27.83986,-26.29337],[27.83882,-26.29375],[27.83828,-26.2945]]]}},{"type":"Feature","properties":{"id":"slovoville","name":"Slovoville","labelPriority":"secondary","selectionBasis":"named-sub-places","subPlaceCount":1},"geometry":{"type":"Polygon","coordinates":[[[27.78254,-26.21358],[27.78317,-26.2137],[27.78814,-26.2139],[27.78941,-26.2138],[27.7895,-26.21588],[27.78178,-26.21889],[27.78057,-26.21975],[27.77967,-26.22101],[27.77883,-26.22147],[27.7781,-26.22154],[27.7733,-26.22137],[27.77265,-26.22144],[27.77235,-26.22036],[27.77254,-26.21973],[27.77257,-26.21819],[27.77219,-26.21648],[27.77166,-26.21624],[27.77257,-26.21584],[27.77449,-26.2153],[27.77446,-26.21331],[27.78254,-26.21358]]]}},{"type":"Feature","properties":{"id":"soweto","name":"Soweto","labelPriority":"primary","selectionBasis":"census-main-place","subPlaceCount":91},"geometry":{"type":"MultiPolygon","coordinates":[[[[27.74465,-26.27949],[27.7438,-26.28722],[27.74395,-26.28721],[27.77651,-26.28533],[27.7828,-26.30435],[27.78972,-26.30391],[27.7923,-26.28747],[27.81368,-26.28565],[27.8138,-26.28477],[27.81484,-26.285],[27.81504,-26.28554],[27.81515,-26.28692],[27.81525,-26.29936],[27.82759,-26.29607],[27.82993,-26.29559],[27.83679,-26.29454],[27.83634,-26.29216],[27.83428,-26.29009],[27.83408,-26.28776],[27.8323,-26.28331],[27.83193,-26.28188],[27.8315,-26.28125],[27.83149,-26.28031],[27.83361,-26.28094],[27.83528,-26.2811],[27.8362,-26.28099],[27.83822,-26.27971],[27.83911,-26.27938],[27.84024,-26.27867],[27.8409,-26.2791],[27.84297,-26.27737],[27.84366,-26.27924],[27.84451,-26.28047],[27.84523,-26.28111],[27.85152,-26.28607],[27.84733,-26.28857],[27.8436,-26.29089],[27.84176,-26.29223],[27.83986,-26.29337],[27.83882,-26.29375],[27.83828,-26.2945],[27.84057,-26.29483],[27.84277,-26.29563],[27.84676,-26.29419],[27.84889,-26.29376],[27.85082,-26.29354],[27.85315,-26.29295],[27.85598,-26.29236],[27.85695,-26.29229],[27.85716,-26.29206],[27.86782,-26.29],[27.86886,-26.2897],[27.87264,-26.28818],[27.87415,-26.28716],[27.87541,-26.28584],[27.87684,-26.28403],[27.87769,-26.28323],[27.87912,-26.28231],[27.88089,-26.28158],[27.88096,-26.28296],[27.88337,-26.28324],[27.88447,-26.28397],[27.88576,-26.28526],[27.88603,-26.28621],[27.88585,-26.28671],[27.88607,-26.28799],[27.88562,-26.28995],[27.88715,-26.28953],[27.88858,-26.28994],[27.88866,-26.28922],[27.88989,-26.28776],[27.89051,-26.28678],[27.89114,-26.28674],[27.8918,-26.27905],[27.90425,-26.28118],[27.9104,-26.28219],[27.91056,-26.27797],[27.9119,-26.27751],[27.91232,-26.2769],[27.91359,-26.27622],[27.91567,-26.27592],[27.91548,-26.27445],[27.91585,-26.27368],[27.91589,-26.27187],[27.91579,-26.27105],[27.91703,-26.26887],[27.9176,-26.26879],[27.91959,-26.26894],[27.91957,-26.26611],[27.92121,-26.26651],[27.92383,-26.26743],[27.92404,-26.26733],[27.92696,-26.26841],[27.9283,-26.26917],[27.93202,-26.26996],[27.93273,-26.27035],[27.93341,-26.27026],[27.94308,-26.27224],[27.94495,-26.27267],[27.9476,-26.27317],[27.94809,-26.27171],[27.94868,-26.27042],[27.95017,-26.26818],[27.95159,-26.26671],[27.9531,-26.26551],[27.95773,-26.26287],[27.95945,-26.26163],[27.96058,-26.26055],[27.96185,-26.25904],[27.96288,-26.25733],[27.96358,-26.25568],[27.96402,-26.25404],[27.96425,-26.25215],[27.9642,-26.24952],[27.96372,-26.24681],[27.96097,-26.23773],[27.96052,-26.23539],[27.96049,-26.23283],[27.96069,-26.23151],[27.95926,-26.23175],[27.95692,-26.23299],[27.95566,-26.23344],[27.9537,-26.2327],[27.95142,-26.23226],[27.94422,-26.23055],[27.94497,-26.23012],[27.94561,-26.22897],[27.94633,-26.2272],[27.94507,-26.22681],[27.94482,-26.2264],[27.94476,-26.22543],[27.94263,-26.22527],[27.94153,-26.225],[27.94106,-26.22468],[27.9398,-26.22496],[27.93864,-26.22373],[27.93877,-26.22219],[27.93634,-26.22137],[27.93479,-26.22073],[27.9348,-26.22235],[27.9343,-26.22252],[27.93262,-26.22117],[27.93178,-26.22304],[27.93109,-26.22395],[27.92974,-26.22512],[27.92519,-26.22096],[27.9235,-26.21985],[27.92193,-26.21924],[27.91968,-26.21612],[27.91936,-26.21586],[27.91722,-26.21479],[27.91629,-26.21451],[27.88962,-26.2054],[27.8881,-26.20507],[27.88541,-26.20416],[27.88551,-26.20392],[27.88372,-26.2034],[27.87915,-26.20182],[27.87927,-26.20126],[27.87625,-26.19934],[27.879,-26.19245],[27.87637,-26.19108],[27.87618,-26.19063],[27.87559,-26.19064],[27.87429,-26.19031],[27.8711,-26.18908],[27.86977,-26.18908],[27.86892,-26.18884],[27.8678,-26.18884],[27.8681,-26.1874],[27.86683,-26.18694],[27.86394,-26.18631],[27.8623,-26.18618],[27.86155,-26.18596],[27.85671,-26.18627],[27.85671,-26.18316],[27.856,-26.18327],[27.85571,-26.18156],[27.85406,-26.1815],[27.84636,-26.18203],[27.84024,-26.18247],[27.84019,-26.18282],[27.83919,-26.18467],[27.83865,-26.1852],[27.83811,-26.18618],[27.83498,-26.18475],[27.83205,-26.18158],[27.82714,-26.18174],[27.82593,-26.18174],[27.81878,-26.18207],[27.81896,-26.18367],[27.81824,-26.1842],[27.8183,-26.18506],[27.81732,-26.1866],[27.81696,-26.18795],[27.81672,-26.18997],[27.81539,-26.20234],[27.81252,-26.20145],[27.80904,-26.20083],[27.80743,-26.20065],[27.80079,-26.19959],[27.7963,-26.19894],[27.78789,-26.19765],[27.78432,-26.19705],[27.77963,-26.19633],[27.77449,-26.20769],[27.77199,-26.21321],[27.76058,-26.21018],[27.75296,-26.21973],[27.75172,-26.21954],[27.75033,-26.21958],[27.74632,-26.22063],[27.74548,-26.22141],[27.74535,-26.2221],[27.74566,-26.22296],[27.74798,-26.22723],[27.7483,-26.22808],[27.74824,-26.22891],[27.7476,-26.22996],[27.7461,-26.23063],[27.74526,-26.23059],[27.74167,-26.22947],[27.74054,-26.22945],[27.73973,-26.22997],[27.73947,-26.2304],[27.73807,-26.23354],[27.73759,-26.23337],[27.7373,-26.2304],[27.73721,-26.22851],[27.73732,-26.22494],[27.72136,-26.22657],[27.71982,-26.22679],[27.72495,-26.2387],[27.72653,-26.24019],[27.72611,-26.24037],[27.72853,-26.24249],[27.72915,-26.24629],[27.75348,-26.25804],[27.74465,-26.27949]],[[27.78254,-26.21358],[27.78317,-26.2137],[27.78814,-26.2139],[27.78941,-26.2138],[27.7895,-26.21588],[27.78178,-26.21889],[27.78057,-26.21975],[27.77967,-26.22101],[27.77883,-26.22147],[27.7781,-26.22154],[27.7733,-26.22137],[27.77265,-26.22144],[27.77235,-26.22036],[27.77254,-26.21973],[27.77257,-26.21819],[27.77219,-26.21648],[27.77166,-26.21624],[27.77257,-26.21584],[27.77449,-26.2153],[27.77446,-26.21331],[27.78254,-26.21358]],[[27.89013,-26.26238],[27.8916,-26.2582],[27.89248,-26.25652],[27.89323,-26.25566],[27.89433,-26.25477],[27.89538,-26.25418],[27.89805,-26.25302],[27.89892,-26.25245],[27.89982,-26.25151],[27.90066,-26.25032],[27.90185,-26.2492],[27.90333,-26.24849],[27.90713,-26.24753],[27.90716,-26.24807],[27.90892,-26.24886],[27.90925,-26.24852],[27.91011,-26.24885],[27.91249,-26.25022],[27.91213,-26.25124],[27.91311,-26.25226],[27.91565,-26.25347],[27.9175,-26.25543],[27.91763,-26.25606],[27.91956,-26.25929],[27.91615,-26.25912],[27.91431,-26.25918],[27.90092,-26.26082],[27.89703,-26.26139],[27.89334,-26.26532],[27.8932,-26.26512],[27.89418,-26.26175],[27.89013,-26.26238]]],[[[27.8106,-26.18208],[27.81399,-26.18211],[27.81878,-26.18207],[27.81805,-26.18086],[27.81801,-26.1803],[27.81853,-26.17874],[27.81808,-26.17838],[27.81786,-26.17596],[27.81352,-26.17606],[27.81201,-26.17589],[27.80935,-26.17514],[27.80906,-26.17506],[27.8106,-26.18208]]]]}},{"type":"Feature","properties":{"id":"diepsloot","name":"Diepsloot","labelPriority":"primary","selectionBasis":"census-main-place","subPlaceCount":14},"geometry":{"type":"Polygon","coordinates":[[[27.93699,-25.92312],[27.94211,-25.93005],[27.94518,-25.92985],[27.94683,-25.93351],[27.94485,-25.93931],[27.94825,-25.94644],[27.97557,-25.94039],[27.97299,-25.95738],[27.98682,-25.95881],[27.9881,-25.95896],[27.98781,-25.95969],[27.98799,-25.96034],[27.98892,-25.96128],[27.98973,-25.96245],[27.98991,-25.96322],[27.98899,-25.96465],[27.9972,-25.96586],[28.00788,-25.96739],[28.00794,-25.96905],[28.00973,-25.96932],[28.00987,-25.9678],[28.01327,-25.96826],[28.01758,-25.96954],[28.0193,-25.9635],[28.01933,-25.96219],[28.01914,-25.96149],[28.01792,-25.95819],[28.01947,-25.95843],[28.02054,-25.95906],[28.02261,-25.95201],[28.03276,-25.94967],[28.03601,-25.94684],[28.03868,-25.94444],[28.03984,-25.94248],[28.04461,-25.93532],[28.04482,-25.93523],[28.04672,-25.93237],[28.03914,-25.92636],[28.03507,-25.92986],[28.02739,-25.93635],[28.02035,-25.94235],[28.02004,-25.94242],[28.02098,-25.93609],[28.02321,-25.92057],[28.02378,-25.91873],[28.02431,-25.91775],[28.02532,-25.91635],[28.02579,-25.91541],[28.0262,-25.91312],[28.00447,-25.92494],[27.99693,-25.92903],[27.98786,-25.93401],[27.98398,-25.90283],[27.96686,-25.91092],[27.96562,-25.91078],[27.95978,-25.91332],[27.93699,-25.92312]]]}},{"type":"Feature","properties":{"id":"orange-farm","name":"Orange Farm","labelPriority":"primary","selectionBasis":"census-main-place","subPlaceCount":8},"geometry":{"type":"Polygon","coordinates":[[[27.84693,-26.44966],[27.84743,-26.45056],[27.84741,-26.45106],[27.84786,-26.45072],[27.8494,-26.45233],[27.84793,-26.45349],[27.84945,-26.45523],[27.84833,-26.45645],[27.85124,-26.458],[27.85151,-26.45795],[27.85052,-26.4598],[27.85399,-26.46197],[27.85447,-26.46215],[27.85313,-26.4658],[27.85228,-26.46698],[27.85397,-26.46812],[27.85434,-26.46864],[27.85512,-26.47077],[27.85507,-26.47135],[27.84825,-26.47326],[27.85171,-26.47477],[27.8538,-26.47615],[27.85475,-26.47708],[27.85548,-26.47814],[27.85538,-26.47887],[27.85545,-26.48633],[27.8602,-26.48605],[27.86507,-26.4859],[27.86507,-26.48583],[27.86827,-26.48557],[27.86475,-26.49273],[27.87334,-26.49444],[27.87496,-26.50169],[27.88316,-26.50435],[27.88329,-26.50454],[27.8847,-26.50413],[27.88482,-26.50488],[27.88578,-26.50519],[27.88612,-26.50444],[27.88209,-26.48976],[27.88178,-26.48885],[27.88104,-26.4875],[27.8805,-26.48681],[27.87536,-26.48089],[27.87498,-26.4805],[27.87254,-26.47877],[27.87205,-26.47818],[27.87073,-26.47561],[27.87062,-26.47499],[27.87075,-26.47276],[27.86947,-26.45333],[27.86984,-26.45423],[27.8697,-26.45212],[27.86948,-26.44659],[27.86818,-26.44068],[27.86697,-26.43463],[27.86649,-26.43342],[27.8653,-26.4345],[27.8633,-26.43615],[27.85466,-26.44309],[27.84819,-26.44844],[27.84693,-26.44966]]]}},{"type":"Feature","properties":{"id":"ivory-park","name":"Ivory Park","labelPriority":"secondary","selectionBasis":"census-main-place","subPlaceCount":9},"geometry":{"type":"Polygon","coordinates":[[[28.17183,-26.00818],[28.17255,-26.00915],[28.176,-26.01464],[28.17598,-26.01479],[28.17986,-26.02085],[28.1822,-26.01899],[28.18637,-26.0158],[28.1897,-26.01336],[28.20729,-25.99998],[28.21353,-25.9952],[28.21446,-25.99453],[28.21152,-25.97892],[28.21038,-25.97886],[28.20914,-25.97852],[28.20658,-25.97732],[28.2053,-25.97686],[28.20296,-25.97634],[28.20109,-25.97568],[28.19907,-25.97533],[28.19754,-25.97459],[28.19445,-25.9849],[28.19306,-25.98462],[28.19288,-25.9854],[28.19155,-25.98884],[28.1908,-25.99047],[28.18934,-25.99311],[28.18805,-25.99502],[28.18588,-25.99778],[28.18424,-25.99959],[28.18269,-26.00106],[28.18113,-26.00239],[28.17909,-26.00394],[28.17729,-26.00513],[28.1739,-26.0071],[28.17183,-26.00818]]]}},{"type":"Feature","properties":{"id":"kaalfontein","name":"Kaalfontein","labelPriority":"secondary","selectionBasis":"census-main-place","subPlaceCount":17},"geometry":{"type":"Polygon","coordinates":[[[28.16531,-25.99812],[28.17835,-25.99621],[28.18389,-25.99537],[28.18782,-25.99483],[28.18805,-25.99502],[28.18934,-25.99311],[28.1908,-25.99047],[28.19155,-25.98884],[28.19288,-25.9854],[28.19306,-25.98462],[28.16646,-25.97927],[28.16634,-25.97929],[28.16288,-25.98177],[28.15739,-25.98582],[28.16066,-25.99079],[28.16226,-25.99338],[28.16531,-25.99812]]]}},{"type":"Feature","properties":{"id":"ebony-park","name":"Ebony Park","labelPriority":"secondary","selectionBasis":"census-main-place","subPlaceCount":7},"geometry":{"type":"Polygon","coordinates":[[[28.16531,-25.99812],[28.16556,-25.99866],[28.16946,-26.00475],[28.17096,-26.00705],[28.17183,-26.00818],[28.1739,-26.0071],[28.17729,-26.00513],[28.17909,-26.00394],[28.18113,-26.00239],[28.18269,-26.00106],[28.18424,-25.99959],[28.18588,-25.99778],[28.18805,-25.99502],[28.18782,-25.99483],[28.18389,-25.99537],[28.17835,-25.99621],[28.16531,-25.99812]]]}},{"type":"Feature","properties":{"id":"rabie-ridge","name":"Rabie Ridge","labelPriority":"secondary","selectionBasis":"census-main-place","subPlaceCount":4},"geometry":{"type":"Polygon","coordinates":[[[28.17134,-26.02828],[28.17193,-26.02932],[28.1723,-26.02916],[28.17216,-26.02859],[28.17274,-26.02821],[28.17547,-26.0281],[28.17727,-26.0282],[28.17812,-26.02844],[28.17687,-26.03568],[28.18799,-26.03616],[28.18942,-26.03207],[28.18743,-26.03273],[28.18617,-26.03067],[28.17986,-26.02085],[28.17598,-26.01479],[28.176,-26.01464],[28.17255,-26.00915],[28.17183,-26.00818],[28.1643,-26.01215],[28.16254,-26.01303],[28.17134,-26.02828]]]}},{"type":"Feature","properties":{"id":"mayibuye","name":"Mayibuye","labelPriority":"secondary","selectionBasis":"census-main-place","subPlaceCount":2},"geometry":{"type":"MultiPolygon","coordinates":[[[[27.77449,-26.20769],[27.77963,-26.19633],[27.78187,-26.19143],[27.78088,-26.19184],[27.77378,-26.19308],[27.7736,-26.19363],[27.77274,-26.19428],[27.77185,-26.19568],[27.77155,-26.19578],[27.77153,-26.19647],[27.77187,-26.19728],[27.77253,-26.19773],[27.77205,-26.19834],[27.77031,-26.19739],[27.76919,-26.19901],[27.7703,-26.19964],[27.76913,-26.20109],[27.76862,-26.20153],[27.7664,-26.20259],[27.76423,-26.20309],[27.76352,-26.20292],[27.76186,-26.2018],[27.76132,-26.20242],[27.76003,-26.20333],[27.76078,-26.2041],[27.76126,-26.20418],[27.76916,-26.20624],[27.77449,-26.20769]]],[[[28.1723,-26.02916],[28.17193,-26.02932],[28.17134,-26.02828],[28.16974,-26.0284],[28.16763,-26.0287],[28.16425,-26.02947],[28.16365,-26.02993],[28.16199,-26.03049],[28.16084,-26.03066],[28.15637,-26.03237],[28.1556,-26.03302],[28.15963,-26.03746],[28.15969,-26.03759],[28.16541,-26.03506],[28.17468,-26.03546],[28.17523,-26.03561],[28.17489,-26.03407],[28.17485,-26.03312],[28.17425,-26.03257],[28.1723,-26.02916]]]]}},{"type":"Feature","properties":{"id":"lenasia","name":"Lenasia","labelPriority":"secondary","selectionBasis":"census-main-place","subPlaceCount":13},"geometry":{"type":"Polygon","coordinates":[[[27.82176,-26.30476],[27.82447,-26.33748],[27.82463,-26.33754],[27.82483,-26.33952],[27.82511,-26.34066],[27.8301,-26.35342],[27.83174,-26.35757],[27.83293,-26.35834],[27.83356,-26.35826],[27.83986,-26.35577],[27.83939,-26.35534],[27.83741,-26.35027],[27.83759,-26.34991],[27.83644,-26.3469],[27.83555,-26.34579],[27.83446,-26.34293],[27.83366,-26.3416],[27.83386,-26.34114],[27.83366,-26.34061],[27.83422,-26.34055],[27.83504,-26.34083],[27.83606,-26.34158],[27.83703,-26.34185],[27.83878,-26.33749],[27.84262,-26.33876],[27.84255,-26.33895],[27.85052,-26.34156],[27.85238,-26.3422],[27.85592,-26.34286],[27.85533,-26.3451],[27.85833,-26.3454],[27.86239,-26.34481],[27.86352,-26.34474],[27.86472,-26.34498],[27.86726,-26.34503],[27.86797,-26.34451],[27.86946,-26.34402],[27.87062,-26.34391],[27.87179,-26.34508],[27.87283,-26.34498],[27.88265,-26.33336],[27.88313,-26.33274],[27.86587,-26.32337],[27.86732,-26.32165],[27.86878,-26.31972],[27.87081,-26.3173],[27.86955,-26.31666],[27.86794,-26.31632],[27.86762,-26.31507],[27.86683,-26.31382],[27.86503,-26.31333],[27.86521,-26.31286],[27.86341,-26.3126],[27.86171,-26.31203],[27.86029,-26.31169],[27.85825,-26.31159],[27.85597,-26.31066],[27.85452,-26.31034],[27.85357,-26.30977],[27.85199,-26.30962],[27.8506,-26.30929],[27.84903,-26.30827],[27.84708,-26.30743],[27.84566,-26.30704],[27.84613,-26.30659],[27.83193,-26.30515],[27.82181,-26.30407],[27.82176,-26.30476]]]}},{"type":"Feature","properties":{"id":"lenasia-south","name":"Lenasia South","labelPriority":"secondary","selectionBasis":"census-main-place","subPlaceCount":7},"geometry":{"type":"Polygon","coordinates":[[[27.84092,-26.38768],[27.84109,-26.38933],[27.84231,-26.39911],[27.8429,-26.40099],[27.84357,-26.40212],[27.84469,-26.40334],[27.8463,-26.40443],[27.849,-26.40566],[27.84987,-26.4062],[27.85331,-26.40861],[27.85441,-26.40962],[27.85526,-26.41076],[27.86453,-26.40951],[27.86631,-26.40932],[27.86917,-26.40944],[27.87098,-26.4098],[27.87314,-26.41034],[27.87315,-26.41196],[27.87333,-26.41341],[27.87377,-26.4149],[27.87437,-26.41617],[27.87275,-26.4162],[27.87287,-26.41734],[27.87317,-26.41811],[27.87306,-26.419],[27.87372,-26.42494],[27.87734,-26.42027],[27.88114,-26.41546],[27.88476,-26.41079],[27.88548,-26.40979],[27.8897,-26.40434],[27.89111,-26.40231],[27.89058,-26.40179],[27.8897,-26.40166],[27.8903,-26.39715],[27.88931,-26.39743],[27.88523,-26.38577],[27.88481,-26.38572],[27.88112,-26.38593],[27.87806,-26.39333],[27.87408,-26.39213],[27.87414,-26.39428],[27.86666,-26.3912],[27.86563,-26.39052],[27.8651,-26.38993],[27.86596,-26.38767],[27.8659,-26.38613],[27.86573,-26.38511],[27.86572,-26.38362],[27.86419,-26.3837],[27.86376,-26.37897],[27.86141,-26.37898],[27.85858,-26.37768],[27.85886,-26.37532],[27.85789,-26.37525],[27.85784,-26.37554],[27.85476,-26.374],[27.85359,-26.37426],[27.85376,-26.37469],[27.85256,-26.37675],[27.8504,-26.37537],[27.84854,-26.37778],[27.84796,-26.3774],[27.84751,-26.3767],[27.84429,-26.37847],[27.84121,-26.3806],[27.84004,-26.38091],[27.84013,-26.38134],[27.84092,-26.38768]]]}},{"type":"Feature","properties":{"id":"lehae","name":"Lehae","labelPriority":"secondary","selectionBasis":"census-main-place","subPlaceCount":1},"geometry":{"type":"Polygon","coordinates":[[[27.89211,-26.3376],[27.89856,-26.34111],[27.90026,-26.3418],[27.89953,-26.34298],[27.89557,-26.3507],[27.89461,-26.35278],[27.8928,-26.35722],[27.885,-26.35739],[27.87784,-26.35496],[27.87828,-26.35138],[27.87894,-26.3512],[27.87869,-26.34686],[27.88252,-26.34126],[27.88516,-26.33751],[27.88648,-26.33765],[27.88715,-26.33751],[27.88752,-26.33703],[27.88777,-26.33525],[27.89211,-26.3376]]]}},{"type":"Feature","properties":{"id":"vlakfontein","name":"Vlakfontein","labelPriority":"secondary","selectionBasis":"census-main-place","subPlaceCount":3},"geometry":{"type":"MultiPolygon","coordinates":[[[[27.88112,-26.38593],[27.88481,-26.38572],[27.88523,-26.38577],[27.88931,-26.39743],[27.8903,-26.39715],[27.8897,-26.40166],[27.89058,-26.40179],[27.89111,-26.40231],[27.89316,-26.40431],[27.89361,-26.40314],[27.89356,-26.40203],[27.89421,-26.40032],[27.89436,-26.39919],[27.89385,-26.39747],[27.89463,-26.39534],[27.89484,-26.3936],[27.89526,-26.39165],[27.89512,-26.38525],[27.89546,-26.38177],[27.89644,-26.37787],[27.89715,-26.37628],[27.89357,-26.37488],[27.89344,-26.37453],[27.88914,-26.36622],[27.8872,-26.37097],[27.88371,-26.36981],[27.87832,-26.36779],[27.87759,-26.37085],[27.87593,-26.37064],[27.87535,-26.37093],[27.87336,-26.37044],[27.87344,-26.37338],[27.8733,-26.37393],[27.87293,-26.3739],[27.87308,-26.37479],[27.8735,-26.3748],[27.87369,-26.38051],[27.87616,-26.38133],[27.87844,-26.38184],[27.8804,-26.38186],[27.88267,-26.38213],[27.88112,-26.38593]]],[[[28.30714,-26.10285],[28.31073,-26.103],[28.31069,-26.10305],[28.3163,-26.10333],[28.31766,-26.10581],[28.31898,-26.10859],[28.31868,-26.10965],[28.32171,-26.10899],[28.32432,-26.10855],[28.3269,-26.11852],[28.32809,-26.123],[28.32981,-26.12979],[28.33348,-26.12757],[28.33423,-26.12161],[28.33697,-26.12179],[28.33714,-26.11969],[28.33744,-26.11484],[28.33764,-26.11238],[28.34136,-26.11033],[28.34,-26.10816],[28.33651,-26.10293],[28.33167,-26.09554],[28.32801,-26.09003],[28.32427,-26.0942],[28.32154,-26.09729],[28.31691,-26.09603],[28.31325,-26.09859],[28.3128,-26.09811],[28.31162,-26.09727],[28.3082,-26.10221],[28.30714,-26.10285]]],[[[28.34565,-26.38913],[28.34677,-26.39382],[28.34828,-26.40133],[28.35493,-26.40696],[28.36465,-26.39854],[28.37029,-26.39363],[28.37038,-26.39346],[28.36535,-26.39219],[28.35091,-26.38994],[28.34565,-26.38913]]]]}},{"type":"Feature","properties":{"id":"ennerdale","name":"Ennerdale","labelPriority":"secondary","selectionBasis":"census-main-place","subPlaceCount":13},"geometry":{"type":"Polygon","coordinates":[[[27.85466,-26.44309],[27.8633,-26.43615],[27.8653,-26.4345],[27.86649,-26.43342],[27.86757,-26.43244],[27.86924,-26.43068],[27.87077,-26.42883],[27.87372,-26.42494],[27.87306,-26.419],[27.87317,-26.41811],[27.87287,-26.41734],[27.87275,-26.4162],[27.87437,-26.41617],[27.87377,-26.4149],[27.87333,-26.41341],[27.87315,-26.41196],[27.87314,-26.41034],[27.87098,-26.4098],[27.86917,-26.40944],[27.86631,-26.40932],[27.86453,-26.40951],[27.85526,-26.41076],[27.85441,-26.40962],[27.85331,-26.40861],[27.84987,-26.4062],[27.849,-26.40566],[27.8463,-26.40443],[27.84469,-26.40334],[27.84357,-26.40212],[27.8429,-26.40099],[27.84231,-26.39911],[27.84109,-26.38933],[27.84092,-26.38768],[27.83824,-26.38794],[27.83539,-26.38832],[27.83506,-26.39],[27.83433,-26.39113],[27.83405,-26.39256],[27.83429,-26.39478],[27.83424,-26.39645],[27.8345,-26.39951],[27.83425,-26.39997],[27.83165,-26.39982],[27.83052,-26.39953],[27.82832,-26.39851],[27.82758,-26.40168],[27.82332,-26.40214],[27.82002,-26.40244],[27.8199,-26.40434],[27.81958,-26.40548],[27.81798,-26.41007],[27.81747,-26.4112],[27.81493,-26.41625],[27.81511,-26.41633],[27.81324,-26.42002],[27.81282,-26.42062],[27.81107,-26.42161],[27.8107,-26.42199],[27.80897,-26.42169],[27.80768,-26.4238],[27.82466,-26.4276],[27.82598,-26.42805],[27.82612,-26.42853],[27.82946,-26.42894],[27.82946,-26.42872],[27.83106,-26.42882],[27.83244,-26.43678],[27.83399,-26.4467],[27.84465,-26.44492],[27.849,-26.4441],[27.85466,-26.44309]]]}},{"type":"Feature","properties":{"id":"drie-ziek","name":"Drie Ziek","labelPriority":"secondary","selectionBasis":"census-main-place","subPlaceCount":7},"geometry":{"type":"Polygon","coordinates":[[[27.82665,-26.49627],[27.82773,-26.50443],[27.82936,-26.50125],[27.83475,-26.49075],[27.83507,-26.49045],[27.83476,-26.49012],[27.83866,-26.48249],[27.84292,-26.47441],[27.84328,-26.47456],[27.84642,-26.47371],[27.84679,-26.47288],[27.84825,-26.47326],[27.85507,-26.47135],[27.85512,-26.47077],[27.85434,-26.46864],[27.85397,-26.46812],[27.85228,-26.46698],[27.85313,-26.4658],[27.85447,-26.46215],[27.85399,-26.46197],[27.85052,-26.4598],[27.85151,-26.45795],[27.85124,-26.458],[27.84833,-26.45645],[27.84945,-26.45523],[27.84793,-26.45349],[27.8494,-26.45233],[27.84786,-26.45072],[27.84741,-26.45106],[27.84743,-26.45056],[27.84693,-26.44966],[27.84356,-26.45313],[27.84216,-26.45468],[27.83914,-26.45831],[27.8333,-26.46542],[27.82437,-26.476],[27.81904,-26.48253],[27.81773,-26.48434],[27.82169,-26.48488],[27.82447,-26.47988],[27.82665,-26.49627]]]}},{"type":"Feature","properties":{"id":"stretford","name":"Stretford","labelPriority":"secondary","selectionBasis":"census-main-place","subPlaceCount":9},"geometry":{"type":"Polygon","coordinates":[[[27.83507,-26.49045],[27.85201,-26.49973],[27.85401,-26.50118],[27.85653,-26.50347],[27.85985,-26.50647],[27.86043,-26.50626],[27.86455,-26.51],[27.86442,-26.50485],[27.8742,-26.50142],[27.87496,-26.50169],[27.87334,-26.49444],[27.86475,-26.49273],[27.86827,-26.48557],[27.86507,-26.48583],[27.86507,-26.4859],[27.8602,-26.48605],[27.85545,-26.48633],[27.85538,-26.47887],[27.85548,-26.47814],[27.85475,-26.47708],[27.8538,-26.47615],[27.85171,-26.47477],[27.84825,-26.47326],[27.84679,-26.47288],[27.84642,-26.47371],[27.84328,-26.47456],[27.84292,-26.47441],[27.83866,-26.48249],[27.83476,-26.49012],[27.83507,-26.49045]]]}},{"type":"Feature","properties":{"id":"lakeside","name":"Lakeside","labelPriority":"secondary","selectionBasis":"census-main-place","subPlaceCount":7},"geometry":{"type":"MultiPolygon","coordinates":[[[[27.86455,-26.51],[27.86466,-26.5108],[27.86564,-26.51168],[27.86614,-26.51251],[27.86689,-26.5128],[27.8713,-26.51674],[27.8718,-26.51757],[27.87254,-26.51786],[27.87563,-26.5205],[27.87646,-26.52101],[27.87826,-26.52181],[27.8802,-26.52226],[27.8812,-26.52235],[27.88123,-26.52235],[27.88671,-26.52236],[27.88705,-26.52622],[27.88721,-26.52625],[27.88803,-26.53524],[27.88817,-26.53523],[27.88895,-26.53517],[27.89034,-26.52694],[27.89371,-26.50775],[27.88959,-26.50638],[27.8893,-26.50639],[27.88655,-26.50552],[27.88578,-26.50519],[27.88482,-26.50488],[27.8847,-26.50413],[27.88329,-26.50454],[27.88316,-26.50435],[27.87496,-26.50169],[27.8742,-26.50142],[27.86442,-26.50485],[27.86455,-26.51]]],[[[28.13786,-26.1037],[28.13788,-26.10418],[28.14536,-26.10636],[28.14679,-26.1076],[28.14751,-26.10798],[28.14823,-26.10315],[28.14835,-26.1027],[28.15156,-26.10153],[28.15126,-26.09987],[28.15058,-26.09785],[28.15059,-26.09737],[28.15121,-26.09618],[28.15027,-26.09581],[28.14864,-26.09592],[28.14691,-26.09525],[28.14626,-26.09567],[28.14571,-26.09736],[28.14443,-26.1023],[28.14406,-26.10329],[28.13786,-26.1037]]],[[[28.29133,-26.17616],[28.29376,-26.17736],[28.29496,-26.17685],[28.29588,-26.17676],[28.29597,-26.1765],[28.2979,-26.1753],[28.29556,-26.17291],[28.29354,-26.17412],[28.29343,-26.17476],[28.29139,-26.17602],[28.29133,-26.17616]]]]}},{"type":"Feature","properties":{"id":"lawley","name":"Lawley","labelPriority":"secondary","selectionBasis":"census-main-place","subPlaceCount":2},"geometry":{"type":"Polygon","coordinates":[[[27.79005,-26.38175],[27.79066,-26.38595],[27.79106,-26.38839],[27.79063,-26.38847],[27.79085,-26.39078],[27.79289,-26.39012],[27.7966,-26.38949],[27.80246,-26.38854],[27.80453,-26.39113],[27.80672,-26.39171],[27.8076,-26.39268],[27.80562,-26.3986],[27.80572,-26.39914],[27.81783,-26.39736],[27.81867,-26.39765],[27.81853,-26.39696],[27.81908,-26.39689],[27.81872,-26.39492],[27.81688,-26.38552],[27.81707,-26.38543],[27.81527,-26.37617],[27.81755,-26.3767],[27.81772,-26.3763],[27.81776,-26.37466],[27.81463,-26.37259],[27.81288,-26.3719],[27.81147,-26.36464],[27.81154,-26.36447],[27.80285,-26.36411],[27.80226,-26.36415],[27.8017,-26.36862],[27.80137,-26.36982],[27.80151,-26.37196],[27.80182,-26.37209],[27.80102,-26.37725],[27.80048,-26.37729],[27.80051,-26.3778],[27.79985,-26.37858],[27.79904,-26.37912],[27.79715,-26.37921],[27.79502,-26.37965],[27.79526,-26.38051],[27.79592,-26.38191],[27.79442,-26.38214],[27.79362,-26.38255],[27.79005,-26.38175]]]}},{"type":"Feature","properties":{"id":"kanana-park","name":"Kanana Park","labelPriority":"secondary","selectionBasis":"census-main-place","subPlaceCount":1},"geometry":{"type":"Polygon","coordinates":[[[27.89426,-26.43599],[27.88973,-26.43683],[27.88811,-26.4374],[27.88665,-26.43844],[27.88544,-26.43823],[27.88208,-26.43856],[27.88167,-26.43567],[27.8826,-26.43413],[27.88217,-26.43199],[27.88103,-26.42874],[27.88132,-26.42616],[27.88216,-26.42593],[27.8835,-26.4253],[27.88434,-26.42467],[27.88794,-26.42109],[27.8898,-26.41903],[27.89121,-26.41698],[27.89264,-26.41807],[27.89508,-26.4201],[27.89392,-26.42117],[27.89429,-26.42865],[27.89449,-26.43134],[27.89414,-26.43135],[27.8942,-26.43525],[27.89426,-26.43599]]]}},{"type":"Feature","properties":{"id":"poortjie","name":"Poortjie","labelPriority":"secondary","selectionBasis":"census-main-place","subPlaceCount":1},"geometry":{"type":"Polygon","coordinates":[[[27.76928,-26.45096],[27.7698,-26.45113],[27.77044,-26.45093],[27.7706,-26.45137],[27.77277,-26.45195],[27.77576,-26.4522],[27.77584,-26.45519],[27.77418,-26.45533],[27.77234,-26.45593],[27.77271,-26.45727],[27.77375,-26.46032],[27.76754,-26.46471],[27.76613,-26.4636],[27.75942,-26.45963],[27.75924,-26.44466],[27.76894,-26.44565],[27.76928,-26.45096]]]}},{"type":"Feature","properties":{"id":"kya-sand","name":"Kya Sand","labelPriority":"secondary","selectionBasis":"census-main-place","subPlaceCount":1},"geometry":{"type":"Polygon","coordinates":[[[27.93671,-26.03553],[27.93664,-26.03541],[27.94031,-26.03032],[27.94371,-26.02464],[27.94986,-26.01416],[27.95029,-26.01552],[27.9605,-26.01383],[27.96081,-26.01369],[27.96109,-26.018],[27.96145,-26.01843],[27.96134,-26.01921],[27.96167,-26.01989],[27.96101,-26.0206],[27.95967,-26.0209],[27.95885,-26.02197],[27.95869,-26.02347],[27.9585,-26.02385],[27.95809,-26.02582],[27.95752,-26.02678],[27.95591,-26.02794],[27.95483,-26.02815],[27.95331,-26.02921],[27.95355,-26.02995],[27.95297,-26.03132],[27.95124,-26.03267],[27.94715,-26.03325],[27.94695,-26.03238],[27.94222,-26.03293],[27.94157,-26.03306],[27.93671,-26.03553]]]}},{"type":"Feature","properties":{"id":"cosmo-city","name":"Cosmo City","labelPriority":"secondary","selectionBasis":"named-sub-places","subPlaceCount":1},"geometry":{"type":"Polygon","coordinates":[[[27.94371,-26.02464],[27.94031,-26.03032],[27.93664,-26.03541],[27.93671,-26.03553],[27.93651,-26.03573],[27.93041,-26.04409],[27.93018,-26.04452],[27.92917,-26.05113],[27.92886,-26.05103],[27.92333,-26.04859],[27.91071,-26.04296],[27.91018,-26.03757],[27.91208,-26.03583],[27.91264,-26.02821],[27.91519,-26.02122],[27.91814,-26.01799],[27.92095,-26.01501],[27.92383,-26.0127],[27.92967,-26.00619],[27.93039,-26.00525],[27.93414,-26.00871],[27.93525,-26.00994],[27.93546,-26.00989],[27.93765,-26.01245],[27.93845,-26.01371],[27.93878,-26.01358],[27.94074,-26.01573],[27.94188,-26.01763],[27.94242,-26.01886],[27.94272,-26.02026],[27.94286,-26.02182],[27.94244,-26.022],[27.94371,-26.02464]]]}},{"type":"Feature","properties":{"id":"zandspruit","name":"Zandspruit","labelPriority":"secondary","selectionBasis":"named-sub-places","subPlaceCount":1},"geometry":{"type":"Polygon","coordinates":[[[27.91028,-26.04943],[27.9122,-26.05083],[27.91325,-26.05058],[27.91368,-26.05211],[27.91035,-26.05285],[27.91016,-26.05436],[27.9077,-26.0553],[27.90913,-26.05667],[27.90928,-26.05697],[27.90751,-26.05859],[27.9085,-26.05888],[27.90925,-26.05888],[27.90995,-26.05985],[27.9097,-26.06052],[27.90964,-26.06259],[27.90878,-26.06339],[27.9079,-26.06397],[27.90659,-26.06521],[27.9015,-26.06043],[27.90355,-26.05666],[27.90426,-26.05502],[27.90611,-26.04933],[27.90648,-26.04946],[27.90796,-26.04903],[27.90947,-26.04889],[27.91028,-26.04943]]]}},{"type":"Feature","properties":{"id":"matholesville","name":"Matholesville","labelPriority":"secondary","selectionBasis":"named-sub-places","subPlaceCount":1},"geometry":{"type":"Polygon","coordinates":[[[27.86189,-26.16982],[27.86198,-26.17151],[27.86001,-26.1717],[27.85921,-26.17196],[27.85883,-26.17242],[27.85649,-26.17287],[27.85557,-26.17329],[27.85369,-26.17328],[27.85383,-26.17183],[27.85135,-26.1719],[27.85067,-26.17239],[27.84854,-26.17318],[27.84801,-26.17385],[27.84793,-26.17482],[27.84684,-26.17503],[27.84503,-26.17496],[27.84366,-26.17361],[27.84213,-26.17357],[27.84136,-26.17328],[27.84067,-26.17236],[27.84054,-26.17136],[27.84016,-26.17017],[27.84161,-26.17006],[27.84616,-26.16872],[27.85272,-26.16702],[27.85465,-26.16662],[27.85674,-26.16633],[27.8607,-26.16593],[27.86255,-26.1658],[27.86238,-26.16632],[27.86224,-26.16793],[27.86189,-26.16982]]]}},{"type":"Feature","properties":{"id":"eldorado-park","name":"Eldorado Park","labelPriority":"secondary","selectionBasis":"named-sub-places","subPlaceCount":1},"geometry":{"type":"Polygon","coordinates":[[[27.92685,-26.28643],[27.92566,-26.28747],[27.92467,-26.28866],[27.9239,-26.29011],[27.92342,-26.292],[27.92278,-26.29778],[27.92269,-26.29914],[27.92235,-26.30228],[27.91788,-26.30234],[27.90826,-26.30254],[27.90489,-26.30263],[27.90201,-26.30309],[27.8954,-26.3048],[27.89429,-26.30505],[27.89223,-26.30531],[27.88953,-26.30528],[27.88743,-26.30495],[27.88594,-26.30459],[27.8841,-26.30428],[27.8828,-26.3042],[27.87991,-26.30426],[27.8798,-26.30318],[27.88027,-26.30289],[27.88082,-26.30211],[27.88092,-26.30144],[27.88146,-26.30073],[27.88208,-26.29744],[27.88239,-26.29618],[27.88222,-26.29594],[27.88322,-26.29556],[27.88434,-26.29489],[27.88501,-26.29475],[27.88554,-26.29417],[27.88576,-26.29152],[27.88562,-26.28995],[27.88715,-26.28953],[27.88858,-26.28994],[27.88866,-26.28922],[27.88989,-26.28776],[27.89051,-26.28678],[27.89114,-26.28674],[27.8918,-26.27905],[27.90425,-26.28118],[27.9104,-26.28219],[27.91308,-26.28265],[27.91487,-26.28286],[27.918,-26.2825],[27.91904,-26.28259],[27.92017,-26.28313],[27.92267,-26.28478],[27.9239,-26.28549],[27.92494,-26.28591],[27.92685,-26.28643]]]}},{"type":"Feature","properties":{"id":"newclare","name":"Newclare","labelPriority":"secondary","selectionBasis":"named-sub-places","subPlaceCount":1},"geometry":{"type":"Polygon","coordinates":[[[27.96929,-26.18926],[27.96916,-26.18916],[27.96565,-26.19053],[27.96543,-26.19081],[27.96531,-26.1906],[27.96108,-26.18754],[27.96192,-26.18664],[27.96194,-26.18607],[27.96292,-26.18559],[27.96606,-26.18229],[27.96725,-26.18254],[27.96826,-26.18306],[27.97334,-26.18753],[27.97011,-26.18879],[27.96929,-26.18926]]]}},{"type":"Feature","properties":{"id":"bosmont","name":"Bosmont","labelPriority":"secondary","selectionBasis":"named-sub-places","subPlaceCount":1},"geometry":{"type":"Polygon","coordinates":[[[27.96108,-26.18754],[27.96531,-26.1906],[27.96543,-26.19081],[27.96526,-26.19097],[27.95976,-26.20057],[27.95606,-26.19949],[27.95492,-26.2007],[27.95437,-26.20178],[27.95583,-26.20513],[27.94536,-26.20129],[27.93971,-26.19914],[27.93888,-26.19888],[27.9391,-26.19787],[27.93704,-26.19761],[27.93628,-26.1974],[27.9366,-26.19676],[27.93596,-26.19619],[27.93393,-26.19516],[27.93392,-26.19477],[27.93231,-26.19373],[27.93236,-26.19403],[27.93096,-26.19358],[27.93083,-26.19299],[27.9296,-26.1926],[27.92973,-26.19232],[27.92875,-26.19207],[27.92737,-26.19146],[27.92689,-26.19105],[27.92444,-26.18977],[27.9256,-26.18778],[27.92793,-26.183],[27.92767,-26.18219],[27.92846,-26.18186],[27.93047,-26.18067],[27.93539,-26.17942],[27.93539,-26.18034],[27.93501,-26.18199],[27.93504,-26.18368],[27.93637,-26.18485],[27.93728,-26.18511],[27.93884,-26.1851],[27.94018,-26.18366],[27.94076,-26.18406],[27.94632,-26.18603],[27.94572,-26.1846],[27.94543,-26.18343],[27.94542,-26.18091],[27.94758,-26.18169],[27.95623,-26.18579],[27.95738,-26.18621],[27.95938,-26.18641],[27.96099,-26.18764],[27.96108,-26.18754]]]}},{"type":"Feature","properties":{"id":"riverlea","name":"Riverlea","labelPriority":"secondary","selectionBasis":"named-sub-places","subPlaceCount":2},"geometry":{"type":"Polygon","coordinates":[[[27.95583,-26.20513],[27.957,-26.20552],[27.95682,-26.20616],[27.95716,-26.20727],[27.96366,-26.20883],[27.9641,-26.2077],[27.96462,-26.2072],[27.96594,-26.20743],[27.96636,-26.20719],[27.96971,-26.20898],[27.96943,-26.20981],[27.97164,-26.21091],[27.9718,-26.21165],[27.97131,-26.2132],[27.97082,-26.21534],[27.96867,-26.21485],[27.96622,-26.21623],[27.96723,-26.2177],[27.98062,-26.2208],[27.9806,-26.22092],[27.98331,-26.22122],[27.98456,-26.21907],[27.98473,-26.21854],[27.98654,-26.21891],[27.98805,-26.21838],[27.98881,-26.21791],[27.99081,-26.21397],[27.99164,-26.21184],[27.99215,-26.21123],[27.99235,-26.21044],[27.98794,-26.20989],[27.9866,-26.2096],[27.98373,-26.20837],[27.98144,-26.20729],[27.97988,-26.20818],[27.97893,-26.2078],[27.97457,-26.20576],[27.96967,-26.20397],[27.96935,-26.20356],[27.96637,-26.20274],[27.96511,-26.20441],[27.96379,-26.20413],[27.95871,-26.20243],[27.95976,-26.20057],[27.95606,-26.19949],[27.95492,-26.2007],[27.95437,-26.20178],[27.95583,-26.20513]]]}},{"type":"Feature","properties":{"id":"westbury","name":"Westbury","labelPriority":"secondary","selectionBasis":"named-sub-places","subPlaceCount":1},"geometry":{"type":"Polygon","coordinates":[[[27.98088,-26.18741],[27.97723,-26.18601],[27.97334,-26.18753],[27.96826,-26.18306],[27.96725,-26.18254],[27.96606,-26.18229],[27.96608,-26.18207],[27.96728,-26.18082],[27.96841,-26.17982],[27.97091,-26.1772],[27.97123,-26.17671],[27.97994,-26.18174],[27.97924,-26.18292],[27.98359,-26.18618],[27.98088,-26.18741]]]}},{"type":"Feature","properties":{"id":"coronationville","name":"Coronationville","labelPriority":"secondary","selectionBasis":"named-sub-places","subPlaceCount":1},"geometry":{"type":"Polygon","coordinates":[[[27.98088,-26.18741],[27.98225,-26.18797],[27.98091,-26.19193],[27.97931,-26.1963],[27.97903,-26.1962],[27.97782,-26.19743],[27.97316,-26.19236],[27.97193,-26.19131],[27.96929,-26.18926],[27.97011,-26.18879],[27.97334,-26.18753],[27.97723,-26.18601],[27.98088,-26.18741]]]}},{"type":"Feature","properties":{"id":"tembisa","name":"Tembisa","labelPriority":"primary","selectionBasis":"named-sub-places","subPlaceCount":2},"geometry":{"type":"MultiPolygon","coordinates":[[[[28.2265,-26.00608],[28.22844,-26.00806],[28.23366,-26.01321],[28.2343,-26.01266],[28.2348,-26.01331],[28.23573,-26.01252],[28.22798,-26.00482],[28.2265,-26.00608]]],[[[28.24661,-26.0041],[28.24663,-26.00726],[28.24676,-26.00739],[28.24677,-26.01034],[28.24742,-26.01377],[28.24701,-26.01425],[28.24763,-26.01506],[28.24961,-26.01409],[28.24897,-26.01159],[28.24879,-26.00931],[28.24902,-26.00723],[28.25011,-26.00702],[28.24951,-26.00453],[28.24873,-26.00424],[28.24872,-26.00361],[28.24795,-26.00327],[28.24718,-26.00231],[28.24673,-26.00231],[28.24661,-26.0041]]]]}},{"type":"Feature","properties":{"id":"katlehong","name":"Katlehong","labelPriority":"primary","selectionBasis":"named-sub-places","subPlaceCount":2},"geometry":{"type":"MultiPolygon","coordinates":[[[[28.16748,-26.34435],[28.1676,-26.34586],[28.16752,-26.3473],[28.16817,-26.35563],[28.16829,-26.35619],[28.16831,-26.359],[28.17221,-26.35998],[28.17131,-26.34839],[28.17284,-26.34817],[28.17327,-26.34562],[28.17169,-26.34485],[28.17004,-26.34444],[28.16748,-26.34435]]],[[[28.1758,-26.37553],[28.17842,-26.37926],[28.18066,-26.38254],[28.19306,-26.38217],[28.19547,-26.38221],[28.19742,-26.38188],[28.19798,-26.38204],[28.19739,-26.38138],[28.19478,-26.37957],[28.19248,-26.37899],[28.1854,-26.37706],[28.1821,-26.37687],[28.1758,-26.37553]]]]}},{"type":"Feature","properties":{"id":"thokoza","name":"Thokoza","labelPriority":"primary","selectionBasis":"named-sub-places","subPlaceCount":6},"geometry":{"type":"MultiPolygon","coordinates":[[[[28.12128,-26.35681],[28.12163,-26.35765],[28.12244,-26.35855],[28.1255,-26.36113],[28.12623,-26.36096],[28.12733,-26.36037],[28.12893,-26.3602],[28.1337,-26.35996],[28.13377,-26.36086],[28.13538,-26.3604],[28.13534,-26.35904],[28.1374,-26.35896],[28.13736,-26.35564],[28.132,-26.35353],[28.13172,-26.35412],[28.13039,-26.35359],[28.12841,-26.352],[28.12566,-26.35056],[28.12424,-26.35267],[28.12354,-26.35345],[28.12128,-26.35681]]],[[[28.12489,-26.36886],[28.13384,-26.3754],[28.13937,-26.37947],[28.13986,-26.37928],[28.14213,-26.37721],[28.14464,-26.37969],[28.1453,-26.3791],[28.14504,-26.37844],[28.14505,-26.37715],[28.14545,-26.37705],[28.14642,-26.37555],[28.14581,-26.37228],[28.1432,-26.37213],[28.14378,-26.3617],[28.14412,-26.35991],[28.14416,-26.3589],[28.13947,-26.35893],[28.13838,-26.35923],[28.13189,-26.3641],[28.13042,-26.36524],[28.12575,-26.36804],[28.12489,-26.36886]]],[[[28.13597,-26.33998],[28.13877,-26.34149],[28.13982,-26.33916],[28.14208,-26.33446],[28.14399,-26.33033],[28.14368,-26.32913],[28.14285,-26.32823],[28.14185,-26.32862],[28.14135,-26.32955],[28.14113,-26.33048],[28.13851,-26.33607],[28.13804,-26.33689],[28.13597,-26.33998]]]]}},{"type":"Feature","properties":{"id":"vosloorus","name":"Vosloorus","labelPriority":"primary","selectionBasis":"named-sub-places","subPlaceCount":15},"geometry":{"type":"MultiPolygon","coordinates":[[[[28.16748,-26.34435],[28.17004,-26.34444],[28.17169,-26.34485],[28.17327,-26.34562],[28.17454,-26.34589],[28.17794,-26.34599],[28.18381,-26.34518],[28.20145,-26.3427],[28.20093,-26.33957],[28.20144,-26.3388],[28.20398,-26.34026],[28.20525,-26.34043],[28.20538,-26.3396],[28.20478,-26.33685],[28.20964,-26.33589],[28.21011,-26.33554],[28.21158,-26.33589],[28.21269,-26.33589],[28.20707,-26.33181],[28.20225,-26.32827],[28.19537,-26.3233],[28.19396,-26.32401],[28.18905,-26.32544],[28.18591,-26.32642],[28.18496,-26.32538],[28.18344,-26.32645],[28.1808,-26.32772],[28.17904,-26.32823],[28.17857,-26.32855],[28.17412,-26.32982],[28.17423,-26.32891],[28.17464,-26.32824],[28.175,-26.32653],[28.17489,-26.32586],[28.17414,-26.32421],[28.17382,-26.32124],[28.1733,-26.31762],[28.17332,-26.31628],[28.1728,-26.3145],[28.17067,-26.31449],[28.16864,-26.31472],[28.16662,-26.3155],[28.16607,-26.3156],[28.16656,-26.31721],[28.16549,-26.31759],[28.16509,-26.31753],[28.16449,-26.31634],[28.16334,-26.31565],[28.16382,-26.31775],[28.16394,-26.31876],[28.16372,-26.32074],[28.16495,-26.32083],[28.1655,-26.3227],[28.1655,-26.32353],[28.16498,-26.32456],[28.16369,-26.32429],[28.16273,-26.32671],[28.16343,-26.32694],[28.16306,-26.32792],[28.16362,-26.32817],[28.16337,-26.3288],[28.16388,-26.32898],[28.16359,-26.32975],[28.16475,-26.33011],[28.16485,-26.33657],[28.16486,-26.34048],[28.1625,-26.3442],[28.16748,-26.34435]]],[[[28.1758,-26.37553],[28.1821,-26.37687],[28.1854,-26.37706],[28.19248,-26.37899],[28.19478,-26.37957],[28.19739,-26.38138],[28.19798,-26.38204],[28.20028,-26.38375],[28.20118,-26.38463],[28.20526,-26.3876],[28.2058,-26.38659],[28.20648,-26.3859],[28.20662,-26.38523],[28.20735,-26.38424],[28.20758,-26.38312],[28.20651,-26.38226],[28.20781,-26.38086],[28.20994,-26.37977],[28.21171,-26.37825],[28.21402,-26.37714],[28.21408,-26.37594],[28.215,-26.37487],[28.21691,-26.37395],[28.21772,-26.37385],[28.21822,-26.37313],[28.2201,-26.37333],[28.22099,-26.37297],[28.22175,-26.37342],[28.22317,-26.37333],[28.22503,-26.37281],[28.22765,-26.37286],[28.22876,-26.37098],[28.22996,-26.37113],[28.23052,-26.36894],[28.2314,-26.36811],[28.23157,-26.3671],[28.23191,-26.36698],[28.23272,-26.36484],[28.23334,-26.36457],[28.23374,-26.36252],[28.23531,-26.36219],[28.22974,-26.35338],[28.22828,-26.35408],[28.22576,-26.35442],[28.22364,-26.35578],[28.22301,-26.35658],[28.22222,-26.35893],[28.22158,-26.36007],[28.22064,-26.35947],[28.22044,-26.35865],[28.21896,-26.35827],[28.21878,-26.35856],[28.21768,-26.35875],[28.21718,-26.35865],[28.21439,-26.35888],[28.21294,-26.35875],[28.21287,-26.35928],[28.21022,-26.35906],[28.20998,-26.36125],[28.20826,-26.3611],[28.20825,-26.36276],[28.20762,-26.36261],[28.20751,-26.36336],[28.20647,-26.3667],[28.20274,-26.36583],[28.20188,-26.36553],[28.19647,-26.36418],[28.19722,-26.36208],[28.1976,-26.36065],[28.19462,-26.35987],[28.19316,-26.35862],[28.18926,-26.36163],[28.1882,-26.36238],[28.1845,-26.36224],[28.18416,-26.36992],[28.18416,-26.37179],[28.17725,-26.36676],[28.1742,-26.36457],[28.17251,-26.37071],[28.1758,-26.37553]]]]}},{"type":"Feature","properties":{"id":"daveyton","name":"Daveyton","labelPriority":"primary","selectionBasis":"named-sub-places","subPlaceCount":8},"geometry":{"type":"Polygon","coordinates":[[[28.39161,-26.13877],[28.39524,-26.14477],[28.39659,-26.14762],[28.39692,-26.14978],[28.39702,-26.15433],[28.39749,-26.16322],[28.39751,-26.16653],[28.40166,-26.16593],[28.40333,-26.1656],[28.40552,-26.16495],[28.41256,-26.16192],[28.4207,-26.15847],[28.42155,-26.15816],[28.42518,-26.15728],[28.42463,-26.15685],[28.42482,-26.15652],[28.42671,-26.15516],[28.4278,-26.1541],[28.42932,-26.1522],[28.42969,-26.15157],[28.42788,-26.1514],[28.42875,-26.15022],[28.43062,-26.14794],[28.43157,-26.14507],[28.43144,-26.14485],[28.43209,-26.14294],[28.43403,-26.14347],[28.43501,-26.14093],[28.43583,-26.13773],[28.43415,-26.1372],[28.43484,-26.13506],[28.43594,-26.1345],[28.43724,-26.13191],[28.43765,-26.13083],[28.44283,-26.12829],[28.44197,-26.13317],[28.45289,-26.13154],[28.44827,-26.12553],[28.4454,-26.1216],[28.44509,-26.1213],[28.44355,-26.12209],[28.44249,-26.12279],[28.44232,-26.12251],[28.43721,-26.1251],[28.43397,-26.12668],[28.42876,-26.12933],[28.42866,-26.12925],[28.42514,-26.13107],[28.41532,-26.13593],[28.41524,-26.1361],[28.41195,-26.13778],[28.40924,-26.13908],[28.40811,-26.13952],[28.40027,-26.14344],[28.39904,-26.14233],[28.39305,-26.13715],[28.39161,-26.13877]]]}},{"type":"Feature","properties":{"id":"wattville","name":"Wattville","labelPriority":"primary","selectionBasis":"named-sub-places","subPlaceCount":1},"geometry":{"type":"Polygon","coordinates":[[[28.29596,-26.21577],[28.30082,-26.2201],[28.30221,-26.22083],[28.30362,-26.22094],[28.30497,-26.22041],[28.30724,-26.21885],[28.30819,-26.21836],[28.30928,-26.2182],[28.31095,-26.21864],[28.31261,-26.21928],[28.31212,-26.22015],[28.31129,-26.22037],[28.3101,-26.22043],[28.31086,-26.22141],[28.31077,-26.22213],[28.30994,-26.22342],[28.31279,-26.22346],[28.31311,-26.22428],[28.313,-26.22487],[28.31192,-26.22487],[28.31163,-26.22584],[28.31216,-26.22605],[28.31187,-26.22697],[28.31147,-26.22735],[28.31025,-26.22678],[28.30948,-26.22666],[28.30843,-26.22827],[28.30773,-26.22982],[28.3043,-26.22965],[28.29858,-26.22947],[28.29791,-26.22991],[28.29789,-26.2293],[28.29835,-26.22693],[28.29672,-26.22729],[28.29334,-26.2195],[28.29174,-26.2194],[28.28874,-26.21251],[28.28889,-26.21165],[28.28945,-26.21116],[28.29046,-26.21107],[28.2917,-26.21176],[28.29438,-26.21415],[28.29302,-26.21488],[28.29375,-26.2147],[28.29516,-26.2153],[28.29596,-26.21577]]]}},{"type":"Feature","properties":{"id":"kwathema","name":"KwaThema","labelPriority":"primary","selectionBasis":"named-sub-places","subPlaceCount":7},"geometry":{"type":"MultiPolygon","coordinates":[[[[28.38055,-26.30381],[28.38145,-26.30417],[28.38849,-26.30944],[28.39067,-26.31112],[28.39199,-26.30968],[28.3828,-26.30274],[28.38263,-26.30214],[28.38517,-26.29214],[28.38362,-26.2918],[28.38154,-26.30003],[28.38055,-26.30381]]],[[[28.40042,-26.31848],[28.39067,-26.31112],[28.38953,-26.31245],[28.38887,-26.31367],[28.38865,-26.31449],[28.38757,-26.31992],[28.38978,-26.3205],[28.39097,-26.32072],[28.39208,-26.32057],[28.39285,-26.32025],[28.39391,-26.32022],[28.39661,-26.31947],[28.39816,-26.3188],[28.40008,-26.31869],[28.40042,-26.31848]]],[[[28.38871,-26.29648],[28.392,-26.2981],[28.39314,-26.2986],[28.3957,-26.29427],[28.39126,-26.29215],[28.38871,-26.29648]]],[[[28.39244,-26.27842],[28.39318,-26.27868],[28.39741,-26.28088],[28.39697,-26.28354],[28.39562,-26.28645],[28.39707,-26.28712],[28.39748,-26.288],[28.39706,-26.28824],[28.39762,-26.28908],[28.39776,-26.29045],[28.39963,-26.29027],[28.39853,-26.28895],[28.40133,-26.28836],[28.4043,-26.28599],[28.40479,-26.28289],[28.39855,-26.28082],[28.39992,-26.27784],[28.3954,-26.27726],[28.39286,-26.277],[28.39244,-26.27842]]],[[[28.4014,-26.31922],[28.405,-26.32193],[28.40693,-26.3231],[28.41132,-26.32507],[28.4189,-26.32102],[28.41994,-26.32188],[28.42218,-26.32291],[28.42237,-26.32255],[28.42433,-26.32344],[28.42536,-26.31564],[28.42575,-26.31369],[28.42617,-26.31227],[28.42728,-26.30933],[28.42566,-26.30858],[28.42395,-26.30833],[28.42238,-26.30763],[28.41601,-26.30456],[28.41281,-26.30314],[28.40733,-26.30318],[28.40726,-26.30469],[28.40788,-26.30793],[28.40787,-26.31016],[28.40921,-26.31015],[28.40922,-26.31204],[28.40665,-26.31566],[28.40598,-26.31649],[28.40526,-26.317],[28.40273,-26.31786],[28.4014,-26.31922]]]]}},{"type":"Feature","properties":{"id":"duduza","name":"Duduza","labelPriority":"primary","selectionBasis":"named-sub-places","subPlaceCount":2},"geometry":{"type":"MultiPolygon","coordinates":[[[[28.19754,-25.97459],[28.19907,-25.97533],[28.20109,-25.97568],[28.20296,-25.97634],[28.2053,-25.97686],[28.20658,-25.97732],[28.20914,-25.97852],[28.21038,-25.97886],[28.21152,-25.97892],[28.21184,-25.9789],[28.21162,-25.97757],[28.21166,-25.97558],[28.21219,-25.97364],[28.21126,-25.97328],[28.21022,-25.97235],[28.20972,-25.96964],[28.20947,-25.96771],[28.20626,-25.96632],[28.20522,-25.96556],[28.20432,-25.96526],[28.20057,-25.96347],[28.19944,-25.96283],[28.19945,-25.96607],[28.19761,-25.9688],[28.19732,-25.97161],[28.19641,-25.97425],[28.19754,-25.97459]]],[[[28.39391,-26.37348],[28.39454,-26.37636],[28.39621,-26.37617],[28.39637,-26.37708],[28.39852,-26.37863],[28.3989,-26.37814],[28.40071,-26.37936],[28.40029,-26.37978],[28.40371,-26.38212],[28.40643,-26.38416],[28.40697,-26.38449],[28.40786,-26.3858],[28.40882,-26.38494],[28.41806,-26.37703],[28.41817,-26.37484],[28.41175,-26.36649],[28.41756,-26.36291],[28.4149,-26.35812],[28.41346,-26.35542],[28.41303,-26.35335],[28.41142,-26.35428],[28.40825,-26.36021],[28.40763,-26.36168],[28.40745,-26.36189],[28.39391,-26.37348]]]]}},{"type":"Feature","properties":{"id":"tsakane","name":"Tsakane","labelPriority":"primary","selectionBasis":"named-sub-places","subPlaceCount":14},"geometry":{"type":"MultiPolygon","coordinates":[[[[27.80084,-26.16319],[27.80004,-26.16053],[27.79614,-26.15735],[27.79425,-26.15923],[27.79405,-26.16005],[27.79367,-26.16408],[27.79748,-26.16434],[27.79778,-26.1634],[27.79952,-26.16351],[27.80084,-26.16319]]],[[[28.39391,-26.37348],[28.40745,-26.36189],[28.40763,-26.36168],[28.40513,-26.36081],[28.40521,-26.36041],[28.39922,-26.35811],[28.39183,-26.35528],[28.39442,-26.35036],[28.39466,-26.34919],[28.39273,-26.34557],[28.39238,-26.34569],[28.39023,-26.34135],[28.38957,-26.34015],[28.38882,-26.34022],[28.38768,-26.33772],[28.3863,-26.33849],[28.38159,-26.33684],[28.37294,-26.33352],[28.37241,-26.33558],[28.36963,-26.34658],[28.36581,-26.34886],[28.36262,-26.34936],[28.35404,-26.35224],[28.35118,-26.35326],[28.35106,-26.356],[28.35106,-26.3581],[28.35083,-26.36176],[28.35086,-26.36534],[28.35074,-26.36732],[28.34795,-26.37031],[28.3452,-26.37299],[28.34296,-26.37575],[28.34537,-26.3764],[28.34625,-26.37696],[28.34713,-26.37685],[28.34961,-26.37752],[28.35041,-26.378],[28.35063,-26.37772],[28.35165,-26.37811],[28.35553,-26.37902],[28.35545,-26.37917],[28.35684,-26.37946],[28.35991,-26.38028],[28.35971,-26.38091],[28.36253,-26.38146],[28.36252,-26.38049],[28.36326,-26.38007],[28.36433,-26.37904],[28.3648,-26.37836],[28.36582,-26.37832],[28.36701,-26.37782],[28.36732,-26.3793],[28.36776,-26.38048],[28.36772,-26.38108],[28.36821,-26.38141],[28.36941,-26.38162],[28.36934,-26.38203],[28.3708,-26.3849],[28.37182,-26.38452],[28.3726,-26.38625],[28.37181,-26.3868],[28.37204,-26.38742],[28.37329,-26.38948],[28.37268,-26.3899],[28.37356,-26.39066],[28.37951,-26.3857],[28.38827,-26.3782],[28.39091,-26.37585],[28.39391,-26.37348]]],[[[28.37127,-25.7159],[28.37121,-25.71574],[28.36828,-25.71386],[28.36787,-25.7131],[28.36739,-25.71291],[28.36656,-25.71404],[28.36542,-25.71527],[28.36429,-25.71602],[28.36297,-25.71647],[28.36196,-25.71704],[28.35974,-25.71773],[28.35925,-25.71776],[28.35866,-25.71732],[28.35777,-25.71737],[28.35698,-25.71845],[28.36114,-25.71969],[28.36257,-25.71984],[28.36382,-25.71951],[28.37127,-25.7159]]]]}},{"type":"Feature","properties":{"id":"etwatwa","name":"Etwatwa","labelPriority":"primary","selectionBasis":"named-sub-places","subPlaceCount":26},"geometry":{"type":"Polygon","coordinates":[[[28.4454,-26.1216],[28.44827,-26.12553],[28.45289,-26.13154],[28.45678,-26.13674],[28.4588,-26.13589],[28.46004,-26.1356],[28.46153,-26.13542],[28.4682,-26.13565],[28.46996,-26.13558],[28.47147,-26.13531],[28.47736,-26.13375],[28.48148,-26.13258],[28.48242,-26.13219],[28.4842,-26.13115],[28.4903,-26.12638],[28.48807,-26.11769],[28.48789,-26.11635],[28.48799,-26.11442],[28.48826,-26.11342],[28.48979,-26.10882],[28.49123,-26.10468],[28.49394,-26.0965],[28.49482,-26.09461],[28.49628,-26.09284],[28.49458,-26.09108],[28.49147,-26.09026],[28.49011,-26.08997],[28.48906,-26.09147],[28.488,-26.0924],[28.48637,-26.09335],[28.48233,-26.09533],[28.48315,-26.0985],[28.48391,-26.10081],[28.4814,-26.10115],[28.4756,-26.10252],[28.47106,-26.10374],[28.47077,-26.10301],[28.46974,-26.10251],[28.46862,-26.10442],[28.46844,-26.10521],[28.46586,-26.10543],[28.46576,-26.10494],[28.46503,-26.10401],[28.4559,-26.09668],[28.45576,-26.09628],[28.45266,-26.09384],[28.45143,-26.09459],[28.44381,-26.098],[28.44381,-26.09823],[28.43853,-26.1006],[28.43759,-26.10098],[28.43475,-26.10241],[28.43431,-26.10281],[28.43337,-26.10311],[28.43394,-26.10384],[28.43606,-26.1052],[28.43662,-26.10577],[28.43781,-26.10617],[28.43954,-26.10747],[28.44016,-26.10775],[28.44131,-26.10712],[28.44171,-26.10787],[28.44241,-26.10862],[28.44168,-26.10918],[28.4415,-26.11003],[28.44175,-26.11022],[28.44106,-26.11129],[28.44161,-26.1119],[28.44594,-26.11557],[28.44892,-26.11864],[28.44762,-26.11974],[28.44727,-26.12029],[28.446,-26.12102],[28.4454,-26.1216]]]}},{"type":"Feature","properties":{"id":"zonkizizwe","name":"Zonkizizwe","labelPriority":"primary","selectionBasis":"named-sub-places","subPlaceCount":1},"geometry":{"type":"Polygon","coordinates":[[[28.20526,-26.3876],[28.20426,-26.38843],[28.20299,-26.38971],[28.20275,-26.38953],[28.20149,-26.39096],[28.20028,-26.39013],[28.19983,-26.39212],[28.19867,-26.39174],[28.19817,-26.39399],[28.19799,-26.39438],[28.19641,-26.39668],[28.19492,-26.39785],[28.19466,-26.39821],[28.19423,-26.39962],[28.19311,-26.40092],[28.19393,-26.40237],[28.19318,-26.40415],[28.19281,-26.40531],[28.1922,-26.4062],[28.19186,-26.40607],[28.19147,-26.40706],[28.19162,-26.4074],[28.19046,-26.40718],[28.19015,-26.40843],[28.19103,-26.40954],[28.19122,-26.40947],[28.19255,-26.411],[28.18759,-26.41502],[28.1861,-26.4163],[28.18289,-26.41889],[28.18301,-26.41924],[28.17629,-26.42482],[28.17344,-26.42396],[28.16989,-26.4228],[28.17021,-26.42185],[28.17006,-26.42151],[28.17051,-26.42029],[28.17117,-26.41786],[28.172,-26.41691],[28.17204,-26.41562],[28.17244,-26.41352],[28.17246,-26.41258],[28.17311,-26.41266],[28.17356,-26.4095],[28.17371,-26.40699],[28.17443,-26.40491],[28.17437,-26.4019],[28.17132,-26.40181],[28.17136,-26.39921],[28.17346,-26.38995],[28.17361,-26.38904],[28.17507,-26.38891],[28.17773,-26.38888],[28.18298,-26.38898],[28.18455,-26.3901],[28.18642,-26.39115],[28.18763,-26.39275],[28.18893,-26.39159],[28.19315,-26.38874],[28.19362,-26.38819],[28.19427,-26.38792],[28.19669,-26.38634],[28.19735,-26.38569],[28.19887,-26.38454],[28.20028,-26.38375],[28.20118,-26.38463],[28.20526,-26.3876]]]}},{"type":"Feature","properties":{"id":"langaville","name":"Langaville","labelPriority":"primary","selectionBasis":"named-sub-places","subPlaceCount":9},"geometry":{"type":"Polygon","coordinates":[[[28.37294,-26.33352],[28.38159,-26.33684],[28.3863,-26.33849],[28.38768,-26.33772],[28.38882,-26.34022],[28.38957,-26.34015],[28.39023,-26.34135],[28.39238,-26.34569],[28.39273,-26.34557],[28.39466,-26.34919],[28.39442,-26.35036],[28.39183,-26.35528],[28.39922,-26.35811],[28.39875,-26.35649],[28.3979,-26.3562],[28.39744,-26.35416],[28.39701,-26.35286],[28.39787,-26.35181],[28.40131,-26.34728],[28.40178,-26.34636],[28.40329,-26.3444],[28.40436,-26.34466],[28.40374,-26.34514],[28.40428,-26.34567],[28.40454,-26.34547],[28.40654,-26.34746],[28.4063,-26.34829],[28.40674,-26.34978],[28.4062,-26.35027],[28.40553,-26.35177],[28.40646,-26.35218],[28.40757,-26.3501],[28.40823,-26.35028],[28.40932,-26.3501],[28.40987,-26.3495],[28.41281,-26.34711],[28.41389,-26.3482],[28.4145,-26.34767],[28.41171,-26.34486],[28.41301,-26.34378],[28.41059,-26.34134],[28.40927,-26.34244],[28.40766,-26.34086],[28.40275,-26.33711],[28.40254,-26.33621],[28.40446,-26.32879],[28.4082,-26.32673],[28.41132,-26.32507],[28.40693,-26.3231],[28.405,-26.32193],[28.4014,-26.31922],[28.40042,-26.31848],[28.40008,-26.31869],[28.39816,-26.3188],[28.39661,-26.31947],[28.39391,-26.32022],[28.39285,-26.32025],[28.39208,-26.32057],[28.39097,-26.32072],[28.38978,-26.3205],[28.38757,-26.31992],[28.38865,-26.31449],[28.38887,-26.31367],[28.38953,-26.31245],[28.39067,-26.31112],[28.38849,-26.30944],[28.38145,-26.30417],[28.38055,-26.30381],[28.37974,-26.30687],[28.37624,-26.32053],[28.37518,-26.32476],[28.37294,-26.33352]]]}},{"type":"Feature","properties":{"id":"actonville","name":"Actonville","labelPriority":"primary","selectionBasis":"named-sub-places","subPlaceCount":2},"geometry":{"type":"Polygon","coordinates":[[[28.29438,-26.21415],[28.29609,-26.21564],[28.29596,-26.21577],[28.30082,-26.2201],[28.30221,-26.22083],[28.30362,-26.22094],[28.30497,-26.22041],[28.30724,-26.21885],[28.30819,-26.21836],[28.30928,-26.2182],[28.31095,-26.21864],[28.31125,-26.21792],[28.31199,-26.21786],[28.31195,-26.21724],[28.31252,-26.21705],[28.31221,-26.21633],[28.30928,-26.21195],[28.31271,-26.21016],[28.31378,-26.20948],[28.31462,-26.20787],[28.3072,-26.2082],[28.30535,-26.20834],[28.30066,-26.21081],[28.29808,-26.21223],[28.29438,-26.21415]]]}},{"type":"Feature","properties":{"id":"reiger-park","name":"Reiger Park","labelPriority":"primary","selectionBasis":"named-sub-places","subPlaceCount":2},"geometry":{"type":"Polygon","coordinates":[[[28.22569,-26.2274],[28.22243,-26.2276],[28.22189,-26.2273],[28.21915,-26.2292],[28.21865,-26.22964],[28.21356,-26.22824],[28.21224,-26.22792],[28.21234,-26.22262],[28.2106,-26.221],[28.20899,-26.21966],[28.2077,-26.22077],[28.206,-26.22248],[28.20493,-26.2244],[28.20445,-26.22627],[28.2039,-26.22683],[28.20324,-26.22811],[28.20291,-26.2304],[28.20327,-26.2312],[28.20273,-26.23201],[28.20249,-26.23347],[28.20275,-26.23383],[28.2029,-26.23483],[28.20392,-26.23514],[28.20518,-26.23621],[28.2039,-26.23773],[28.20375,-26.23887],[28.20539,-26.23912],[28.20575,-26.23958],[28.20613,-26.24139],[28.21195,-26.24152],[28.21208,-26.23507],[28.2213,-26.23544],[28.22608,-26.23559],[28.22626,-26.23553],[28.23333,-26.23586],[28.23376,-26.23556],[28.23544,-26.23562],[28.23509,-26.23429],[28.23575,-26.2326],[28.23645,-26.23149],[28.23716,-26.23002],[28.2369,-26.22984],[28.23755,-26.22869],[28.23678,-26.22829],[28.23688,-26.22747],[28.23038,-26.22493],[28.22877,-26.22732],[28.22826,-26.22747],[28.22569,-26.2274]]]}},{"type":"Feature","properties":{"id":"chief-albert-luthuli-park","name":"Chief Albert Luthuli Park","labelPriority":"primary","selectionBasis":"named-sub-places","subPlaceCount":3},"geometry":{"type":"Polygon","coordinates":[[[28.39749,-26.16322],[28.39702,-26.15433],[28.39692,-26.14978],[28.39659,-26.14762],[28.39524,-26.14477],[28.39161,-26.13877],[28.38197,-26.15022],[28.38045,-26.15232],[28.37858,-26.15445],[28.37248,-26.16168],[28.37039,-26.164],[28.36931,-26.16478],[28.373,-26.16607],[28.37471,-26.16654],[28.37745,-26.16692],[28.38129,-26.16728],[28.38192,-26.16516],[28.38252,-26.16422],[28.38356,-26.16354],[28.38497,-26.16321],[28.39749,-26.16322]]]}},{"type":"Feature","properties":{"id":"clayville","name":"Clayville","labelPriority":"primary","selectionBasis":"named-sub-places","subPlaceCount":2},"geometry":{"type":"Polygon","coordinates":[[[28.19936,-25.957],[28.20007,-25.95709],[28.20263,-25.95773],[28.20465,-25.95849],[28.20643,-25.95941],[28.20764,-25.96018],[28.21552,-25.96562],[28.22462,-25.97186],[28.22749,-25.97379],[28.23,-25.97499],[28.23221,-25.97564],[28.23333,-25.97585],[28.23578,-25.976],[28.2375,-25.97593],[28.23955,-25.97564],[28.2409,-25.97522],[28.24452,-25.97369],[28.24406,-25.97177],[28.24406,-25.96831],[28.24413,-25.9668],[28.24424,-25.95933],[28.24437,-25.95328],[28.24428,-25.9514],[28.24011,-25.95133],[28.23908,-25.95245],[28.23815,-25.95284],[28.23593,-25.95298],[28.2348,-25.95189],[28.23331,-25.95161],[28.23366,-25.94978],[28.23376,-25.94841],[28.23384,-25.9428],[28.23379,-25.94008],[28.2338,-25.93448],[28.23361,-25.93236],[28.23338,-25.93126],[28.22996,-25.93279],[28.22369,-25.93586],[28.22063,-25.93038],[28.22033,-25.93147],[28.22052,-25.93188],[28.21991,-25.93281],[28.21846,-25.9339],[28.21789,-25.93466],[28.21714,-25.93461],[28.21589,-25.93388],[28.21543,-25.93309],[28.21274,-25.93395],[28.21165,-25.93467],[28.21083,-25.93593],[28.20942,-25.93624],[28.2087,-25.93665],[28.20834,-25.93831],[28.20786,-25.9397],[28.20701,-25.941],[28.20337,-25.94261],[28.20225,-25.94564],[28.20149,-25.94817],[28.19941,-25.95553],[28.19936,-25.957]]]}},{"type":"Feature","properties":{"id":"primrose","name":"Primrose","labelPriority":"secondary","selectionBasis":"named-sub-places","subPlaceCount":2},"geometry":{"type":"Polygon","coordinates":[[[28.13616,-26.19547],[28.13636,-26.19732],[28.1376,-26.19763],[28.13796,-26.19755],[28.13822,-26.19968],[28.1422,-26.19929],[28.14324,-26.19867],[28.14398,-26.19996],[28.14525,-26.19944],[28.14579,-26.20048],[28.14708,-26.20006],[28.1516,-26.19714],[28.15391,-26.19589],[28.15773,-26.19492],[28.15838,-26.1946],[28.15939,-26.19372],[28.16003,-26.19342],[28.16379,-26.19234],[28.16569,-26.19156],[28.16719,-26.19073],[28.16916,-26.18932],[28.17018,-26.18822],[28.17092,-26.1862],[28.17127,-26.18553],[28.17214,-26.18453],[28.17251,-26.18484],[28.17389,-26.18472],[28.17402,-26.18519],[28.17864,-26.18603],[28.18121,-26.18692],[28.1812,-26.18802],[28.18168,-26.18799],[28.18646,-26.18827],[28.18569,-26.18937],[28.18593,-26.18948],[28.18839,-26.18953],[28.18849,-26.18736],[28.18804,-26.18735],[28.18806,-26.1866],[28.18772,-26.18395],[28.18723,-26.18167],[28.18818,-26.17941],[28.18813,-26.17883],[28.18978,-26.17849],[28.18919,-26.17683],[28.18537,-26.17777],[28.18532,-26.17753],[28.17836,-26.1792],[28.17809,-26.17799],[28.17685,-26.17829],[28.17721,-26.17977],[28.17581,-26.18011],[28.17541,-26.17788],[28.17547,-26.17757],[28.17456,-26.17344],[28.17206,-26.17405],[28.17327,-26.1795],[28.17362,-26.18064],[28.16937,-26.1817],[28.1684,-26.18185],[28.16548,-26.18258],[28.16535,-26.18227],[28.16161,-26.1832],[28.16048,-26.18407],[28.15393,-26.18649],[28.15058,-26.1878],[28.1505,-26.18771],[28.14588,-26.18943],[28.14546,-26.18852],[28.14446,-26.18889],[28.14489,-26.18984],[28.14438,-26.1899],[28.14264,-26.19053],[28.14145,-26.18994],[28.13816,-26.19187],[28.13885,-26.19205],[28.13755,-26.19253],[28.13788,-26.19327],[28.13629,-26.19389],[28.13697,-26.19521],[28.13616,-26.19547]]]}},{"type":"Feature","properties":{"id":"joe-slovo-boksburg","name":"Joe Slovo","labelPriority":"secondary","selectionBasis":"named-sub-places","subPlaceCount":1},"geometry":{"type":"Polygon","coordinates":[[[28.22569,-26.2274],[28.22243,-26.2276],[28.22189,-26.2273],[28.22557,-26.2247],[28.22577,-26.22469],[28.22569,-26.2274]]]}},{"type":"Feature","properties":{"id":"ulana-park","name":"Ulana Park","labelPriority":"secondary","selectionBasis":"named-sub-places","subPlaceCount":1},"geometry":{"type":"Polygon","coordinates":[[[28.19465,-26.20031],[28.19607,-26.20028],[28.19586,-26.20133],[28.19664,-26.20167],[28.19852,-26.20191],[28.19944,-26.20165],[28.19866,-26.20399],[28.19862,-26.20466],[28.19905,-26.20578],[28.19891,-26.20643],[28.19748,-26.20603],[28.19366,-26.20471],[28.19211,-26.20457],[28.19027,-26.2049],[28.18902,-26.20563],[28.18879,-26.2054],[28.19386,-26.1998],[28.19465,-26.20031]]]}},{"type":"Feature","properties":{"id":"hlahane","name":"Hlahane","labelPriority":"secondary","selectionBasis":"named-sub-places","subPlaceCount":1},"geometry":{"type":"Polygon","coordinates":[[[28.1481,-26.30389],[28.14857,-26.30291],[28.14914,-26.30307],[28.14904,-26.30345],[28.15014,-26.30382],[28.14926,-26.30544],[28.14829,-26.30799],[28.14618,-26.30717],[28.14502,-26.30567],[28.14395,-26.30483],[28.14436,-26.30272],[28.14496,-26.30236],[28.14583,-26.30218],[28.14617,-26.30255],[28.14627,-26.30343],[28.1481,-26.30389]]]}},{"type":"Feature","properties":{"id":"driefontein","name":"Driefontein","labelPriority":"secondary","selectionBasis":"named-sub-places","subPlaceCount":2},"geometry":{"type":"MultiPolygon","coordinates":[[[[27.52471,-26.36156],[27.52608,-26.36236],[27.52723,-26.36272],[27.52823,-26.36285],[27.54981,-26.36401],[27.5494,-26.36305],[27.54946,-26.36176],[27.55021,-26.36058],[27.55051,-26.35973],[27.55083,-26.35778],[27.55106,-26.35524],[27.55119,-26.35468],[27.54785,-26.34328],[27.52521,-26.34732],[27.52473,-26.3473],[27.52475,-26.35839],[27.52471,-26.36156]]],[[[27.79545,-26.01165],[27.79592,-26.01184],[27.80375,-26.01455],[27.81135,-26.01704],[27.8117,-26.02254],[27.81177,-26.02542],[27.82288,-26.02497],[27.8277,-26.02854],[27.83035,-26.02864],[27.8385,-26.02916],[27.83939,-26.02909],[27.84913,-26.02964],[27.85027,-26.02729],[27.85156,-26.02542],[27.85233,-26.02462],[27.85399,-26.02319],[27.85587,-26.02199],[27.86016,-26.02012],[27.85907,-26.0176],[27.85893,-26.01662],[27.85902,-26.01563],[27.85893,-26.01388],[27.85769,-26.00111],[27.85764,-26.00034],[27.85725,-26.00035],[27.85499,-25.99952],[27.85222,-25.99868],[27.84792,-25.99725],[27.84673,-25.99681],[27.8429,-25.9956],[27.84227,-25.99534],[27.83639,-25.99333],[27.82904,-25.99095],[27.82593,-25.99007],[27.82372,-25.98969],[27.81886,-25.98768],[27.81822,-25.98746],[27.81345,-25.98987],[27.80975,-25.99184],[27.8071,-25.99317],[27.80057,-26.00021],[27.79651,-26.00456],[27.79608,-26.00507],[27.79567,-26.00904],[27.79545,-26.01165]]]]}},{"type":"Feature","properties":{"id":"bapsfontein","name":"Bapsfontein","labelPriority":"secondary","selectionBasis":"named-sub-places","subPlaceCount":1},"geometry":{"type":"Polygon","coordinates":[[[28.44829,-25.99984],[28.44824,-25.99992],[28.44633,-26.01357],[28.44567,-26.01811],[28.44527,-26.02118],[28.43935,-26.01669],[28.43752,-26.01542],[28.43482,-26.01386],[28.43182,-26.0125],[28.43048,-26.012],[28.42275,-26.00951],[28.42539,-26.00654],[28.42801,-26.00387],[28.42941,-26.00279],[28.43094,-26.00179],[28.43831,-25.99679],[28.44067,-25.99493],[28.44829,-25.99984]]]}},{"type":"Feature","properties":{"id":"breswol","name":"Breswol","labelPriority":"secondary","selectionBasis":"named-sub-places","subPlaceCount":1},"geometry":{"type":"Polygon","coordinates":[[[28.46834,-26.15197],[28.47327,-26.1491],[28.47521,-26.14771],[28.47871,-26.14582],[28.48152,-26.14383],[28.48396,-26.14227],[28.48895,-26.13919],[28.48242,-26.13219],[28.4842,-26.13115],[28.4903,-26.12638],[28.48807,-26.11769],[28.48789,-26.11635],[28.48799,-26.11442],[28.48826,-26.11342],[28.48979,-26.10882],[28.49123,-26.10468],[28.49394,-26.0965],[28.49482,-26.09461],[28.49628,-26.09284],[28.4978,-26.09176],[28.50125,-26.08972],[28.50518,-26.09922],[28.49695,-26.10387],[28.49439,-26.11257],[28.49068,-26.12544],[28.4905,-26.12639],[28.49629,-26.12981],[28.50253,-26.13345],[28.52134,-26.14449],[28.52394,-26.15986],[28.52715,-26.17874],[28.51947,-26.17879],[28.48896,-26.1794],[28.4781,-26.16466],[28.47471,-26.16013],[28.46834,-26.15197]]]}},{"type":"Feature","properties":{"id":"dukathole","name":"Dukathole","labelPriority":"secondary","selectionBasis":"named-sub-places","subPlaceCount":1},"geometry":{"type":"Polygon","coordinates":[[[28.20899,-26.21966],[28.2077,-26.22077],[28.206,-26.22248],[28.20493,-26.2244],[28.20445,-26.22627],[28.2039,-26.22683],[28.20324,-26.22811],[28.19961,-26.22891],[28.19925,-26.2294],[28.19805,-26.22909],[28.19525,-26.22963],[28.18818,-26.23123],[28.18398,-26.22713],[28.18228,-26.22558],[28.17624,-26.2197],[28.17468,-26.21812],[28.17557,-26.21736],[28.17525,-26.21634],[28.17579,-26.21431],[28.17781,-26.21481],[28.17835,-26.21511],[28.17909,-26.21492],[28.18191,-26.2149],[28.18886,-26.21352],[28.19251,-26.21316],[28.19443,-26.21316],[28.19966,-26.21369],[28.20032,-26.21385],[28.2049,-26.21572],[28.20995,-26.21786],[28.20861,-26.21932],[28.20899,-26.21966]]]}},{"type":"Feature","properties":{"id":"geluksdal","name":"Geluksdal","labelPriority":"secondary","selectionBasis":"named-sub-places","subPlaceCount":4},"geometry":{"type":"MultiPolygon","coordinates":[[[[28.35118,-26.35326],[28.35404,-26.35224],[28.36262,-26.34936],[28.36581,-26.34886],[28.36963,-26.34658],[28.37241,-26.33558],[28.36316,-26.33676],[28.35228,-26.3381],[28.35279,-26.34208],[28.35344,-26.34638],[28.35344,-26.34731],[28.35367,-26.34808],[28.34951,-26.34882],[28.35029,-26.35347],[28.35118,-26.35326]]],[[[28.37518,-26.32476],[28.37624,-26.32053],[28.36807,-26.3215],[28.36542,-26.32177],[28.36559,-26.3234],[28.36598,-26.32588],[28.3711,-26.32522],[28.37518,-26.32476]]]]}},{"type":"Feature","properties":{"id":"harry-gwala","name":"Harry Gwala","labelPriority":"secondary","selectionBasis":"named-sub-places","subPlaceCount":1},"geometry":{"type":"Polygon","coordinates":[[[28.31279,-26.22346],[28.30994,-26.22342],[28.31077,-26.22213],[28.31086,-26.22141],[28.3101,-26.22043],[28.31129,-26.22037],[28.31212,-26.22015],[28.31261,-26.21928],[28.31435,-26.21975],[28.31589,-26.21987],[28.31874,-26.2199],[28.31924,-26.22215],[28.31963,-26.22324],[28.31823,-26.22349],[28.31626,-26.22343],[28.31279,-26.22346]]]}},{"type":"Feature","properties":{"id":"holfontein","name":"Holfontein","labelPriority":"secondary","selectionBasis":"named-sub-places","subPlaceCount":1},"geometry":{"type":"Polygon","coordinates":[[[28.46834,-26.15197],[28.45678,-26.13674],[28.4588,-26.13589],[28.46004,-26.1356],[28.46153,-26.13542],[28.4682,-26.13565],[28.46996,-26.13558],[28.47147,-26.13531],[28.47736,-26.13375],[28.48148,-26.13258],[28.48242,-26.13219],[28.48895,-26.13919],[28.48396,-26.14227],[28.48152,-26.14383],[28.47871,-26.14582],[28.47521,-26.14771],[28.47327,-26.1491],[28.46834,-26.15197]]]}},{"type":"Feature","properties":{"id":"kanana","name":"Kanana","labelPriority":"secondary","selectionBasis":"named-sub-places","subPlaceCount":3},"geometry":{"type":"MultiPolygon","coordinates":[[[[27.89121,-26.41698],[27.89264,-26.41807],[27.89508,-26.4201],[27.89392,-26.42117],[27.89429,-26.42865],[27.89449,-26.43134],[27.89414,-26.43135],[27.8942,-26.43525],[27.89426,-26.43599],[27.89652,-26.43567],[27.89714,-26.43543],[27.90026,-26.43462],[27.90137,-26.43426],[27.90407,-26.42915],[27.90607,-26.42526],[27.90837,-26.42092],[27.91101,-26.41806],[27.91255,-26.4171],[27.90766,-26.40277],[27.89894,-26.40371],[27.89822,-26.40516],[27.89686,-26.40857],[27.89435,-26.41238],[27.89121,-26.41698]]],[[[28.20074,-26.42056],[28.2031,-26.42331],[28.20458,-26.42199],[28.20745,-26.41843],[28.20652,-26.41769],[28.20426,-26.41691],[28.2034,-26.41738],[28.20262,-26.41876],[28.20144,-26.42006],[28.20074,-26.42056]]],[[[28.20636,-26.20067],[28.20653,-26.20105],[28.20806,-26.20184],[28.20919,-26.20226],[28.20941,-26.20213],[28.20893,-26.20105],[28.20914,-26.20009],[28.209,-26.19915],[28.20821,-26.19894],[28.20672,-26.19943],[28.20636,-26.20067]]],[[[28.27807,-25.40497],[28.27737,-25.40522],[28.2683,-25.40702],[28.26084,-25.40854],[28.25984,-25.40862],[28.25846,-25.40848],[28.25741,-25.40817],[28.25565,-25.4071],[28.25273,-25.40449],[28.25067,-25.40328],[28.24724,-25.40206],[28.2464,-25.40323],[28.24532,-25.40335],[28.24409,-25.4033],[28.24391,-25.4042],[28.24479,-25.40545],[28.24419,-25.40678],[28.24493,-25.40707],[28.24414,-25.40811],[28.24353,-25.40944],[28.24404,-25.40974],[28.24608,-25.41035],[28.24645,-25.4103],[28.2467,-25.41298],[28.24734,-25.41303],[28.2483,-25.41277],[28.24759,-25.4152],[28.2465,-25.41705],[28.24627,-25.41794],[28.26104,-25.4214],[28.26658,-25.42274],[28.26891,-25.41952],[28.2705,-25.41629],[28.27194,-25.41362],[28.27358,-25.41223],[28.27574,-25.41141],[28.27733,-25.40992],[28.2778,-25.40787],[28.27795,-25.40545],[28.27807,-25.40497]]]]}},{"type":"Feature","properties":{"id":"lindelani-village","name":"Lindelani Village","labelPriority":"secondary","selectionBasis":"named-sub-places","subPlaceCount":1},"geometry":{"type":"Polygon","coordinates":[[[28.40898,-26.18595],[28.40873,-26.1896],[28.41345,-26.18971],[28.41341,-26.18923],[28.41805,-26.18944],[28.41631,-26.1933],[28.41582,-26.19367],[28.40942,-26.19329],[28.40958,-26.19379],[28.4037,-26.1936],[28.3994,-26.1934],[28.39895,-26.19098],[28.39892,-26.18599],[28.40154,-26.18602],[28.40253,-26.18643],[28.40278,-26.18723],[28.40744,-26.18646],[28.40814,-26.1864],[28.40846,-26.18558],[28.40898,-26.18595]]]}},{"type":"Feature","properties":{"id":"thinasonke","name":"Thinasonke","labelPriority":"secondary","selectionBasis":"named-sub-places","subPlaceCount":1},"geometry":{"type":"Polygon","coordinates":[[[28.10512,-26.36708],[28.10846,-26.37196],[28.10912,-26.37248],[28.11072,-26.37258],[28.10757,-26.37471],[28.10453,-26.37009],[28.10408,-26.37033],[28.09917,-26.36282],[28.10146,-26.36156],[28.10512,-26.36708]]]}},{"type":"Feature","properties":{"id":"tweefontein","name":"Tweefontein","labelPriority":"secondary","selectionBasis":"named-sub-places","subPlaceCount":2},"geometry":{"type":"MultiPolygon","coordinates":[[[[28.39853,-25.94303],[28.4021,-25.94614],[28.40593,-25.95003],[28.41023,-25.95457],[28.41087,-25.95474],[28.41176,-25.9541],[28.41272,-25.95364],[28.4133,-25.95306],[28.41347,-25.95182],[28.41471,-25.95048],[28.41676,-25.94846],[28.41667,-25.94836],[28.41947,-25.94865],[28.41806,-25.94113],[28.41761,-25.93935],[28.41104,-25.93012],[28.4071,-25.93417],[28.39853,-25.94303]]],[[[28.69127,-25.9533],[28.69615,-25.95429],[28.70872,-25.93526],[28.71919,-25.9358],[28.73082,-25.93662],[28.74999,-25.93825],[28.76018,-25.93886],[28.76198,-25.92176],[28.75345,-25.91736],[28.73252,-25.90613],[28.71813,-25.92115],[28.7082,-25.91767],[28.6966,-25.91329],[28.70373,-25.93079],[28.70358,-25.93116],[28.70044,-25.93236],[28.70287,-25.93671],[28.70241,-25.94042],[28.70051,-25.94112],[28.69464,-25.93558],[28.69192,-25.93738],[28.69376,-25.94116],[28.69132,-25.95292],[28.69127,-25.9533]]]]}},{"type":"Feature","properties":{"id":"emfuleni-sebokeng","name":"Sebokeng","labelPriority":"primary","selectionBasis":"census-main-place","subPlaceCount":23},"geometry":{"type":"Polygon","coordinates":[[[27.89284,-26.54453],[27.88981,-26.54136],[27.88939,-26.54063],[27.88873,-26.54077],[27.88863,-26.5382],[27.88817,-26.53523],[27.88803,-26.53524],[27.88721,-26.52625],[27.88705,-26.52622],[27.88282,-26.52526],[27.88013,-26.52455],[27.87541,-26.52345],[27.86867,-26.52194],[27.86489,-26.52113],[27.86289,-26.5207],[27.86288,-26.52046],[27.85885,-26.51951],[27.85906,-26.52029],[27.86165,-26.52266],[27.86245,-26.52256],[27.86235,-26.52333],[27.86896,-26.52957],[27.87372,-26.53411],[27.87392,-26.5344],[27.87735,-26.53774],[27.86329,-26.54024],[27.86386,-26.54304],[27.86509,-26.54837],[27.85898,-26.5488],[27.86153,-26.5574],[27.86183,-26.55849],[27.85742,-26.55791],[27.85515,-26.55768],[27.84891,-26.55693],[27.84513,-26.55651],[27.83937,-26.5558],[27.83904,-26.557],[27.83793,-26.55662],[27.8378,-26.55637],[27.83028,-26.55247],[27.8304,-26.55108],[27.83029,-26.54671],[27.82989,-26.544],[27.8229,-26.54491],[27.82129,-26.54496],[27.82036,-26.5448],[27.81886,-26.54424],[27.81758,-26.54332],[27.81233,-26.53776],[27.81008,-26.5351],[27.80825,-26.53322],[27.8069,-26.54144],[27.80869,-26.5425],[27.81189,-26.54427],[27.81613,-26.54628],[27.82233,-26.54931],[27.82361,-26.54984],[27.82497,-26.54991],[27.82714,-26.55216],[27.82662,-26.55258],[27.82619,-26.55236],[27.82459,-26.5537],[27.82408,-26.55325],[27.82363,-26.55332],[27.82222,-26.55431],[27.8224,-26.55448],[27.82161,-26.55502],[27.8203,-26.55554],[27.81823,-26.55568],[27.81728,-26.55553],[27.81494,-26.556],[27.81501,-26.55636],[27.81425,-26.5567],[27.81468,-26.55743],[27.81314,-26.55875],[27.81295,-26.55948],[27.81388,-26.55993],[27.81469,-26.56083],[27.81366,-26.56157],[27.81379,-26.56233],[27.81352,-26.56384],[27.81355,-26.56517],[27.81574,-26.56631],[27.81731,-26.56692],[27.82354,-26.56552],[27.82771,-26.56455],[27.82314,-26.58368],[27.82235,-26.5838],[27.8194,-26.58388],[27.81795,-26.584],[27.81485,-26.5841],[27.81353,-26.58427],[27.80718,-26.58267],[27.80329,-26.58389],[27.80273,-26.5839],[27.8012,-26.58355],[27.80112,-26.58377],[27.79999,-26.58383],[27.79871,-26.58369],[27.79857,-26.5835],[27.7962,-26.58371],[27.79589,-26.58355],[27.7959,-26.58425],[27.79676,-26.58477],[27.79932,-26.58552],[27.80652,-26.58712],[27.81552,-26.58915],[27.82147,-26.59067],[27.82004,-26.59652],[27.81798,-26.60289],[27.81682,-26.60635],[27.82158,-26.60747],[27.82463,-26.60782],[27.82643,-26.60772],[27.83394,-26.60671],[27.84342,-26.6054],[27.84509,-26.60509],[27.84629,-26.61196],[27.84693,-26.61543],[27.84721,-26.61621],[27.84855,-26.61419],[27.85296,-26.60731],[27.85391,-26.60645],[27.85493,-26.61269],[27.85555,-26.61449],[27.85639,-26.61586],[27.85721,-26.61676],[27.85887,-26.61803],[27.87363,-26.62472],[27.87494,-26.62572],[27.87633,-26.62746],[27.87737,-26.62927],[27.88097,-26.62786],[27.88235,-26.62739],[27.88185,-26.62579],[27.88134,-26.62471],[27.88051,-26.6237],[27.87565,-26.61918],[27.87598,-26.61846],[27.87586,-26.61679],[27.87478,-26.61536],[27.87488,-26.6151],[27.87461,-26.61276],[27.87546,-26.61269],[27.87534,-26.61165],[27.87434,-26.61048],[27.8739,-26.6088],[27.87386,-26.60771],[27.87313,-26.6063],[27.87323,-26.60469],[27.87296,-26.60405],[27.87335,-26.60274],[27.87289,-26.59893],[27.87249,-26.59636],[27.87227,-26.59436],[27.87273,-26.59037],[27.87218,-26.58904],[27.87239,-26.58846],[27.87218,-26.58757],[27.87463,-26.58276],[27.87336,-26.58198],[27.87394,-26.58105],[27.87501,-26.57895],[27.87637,-26.57661],[27.87624,-26.57638],[27.88382,-26.56246],[27.88451,-26.56126],[27.88477,-26.56129],[27.8876,-26.56032],[27.88754,-26.55954],[27.88542,-26.55928],[27.88876,-26.5527],[27.89284,-26.54453]]]}},{"type":"Feature","properties":{"id":"emfuleni-evaton","name":"Evaton","labelPriority":"primary","selectionBasis":"census-main-place","subPlaceCount":4},"geometry":{"type":"Polygon","coordinates":[[[27.80825,-26.53322],[27.81008,-26.5351],[27.81233,-26.53776],[27.81758,-26.54332],[27.81886,-26.54424],[27.82036,-26.5448],[27.82129,-26.54496],[27.8229,-26.54491],[27.82989,-26.544],[27.83029,-26.54671],[27.8304,-26.55108],[27.83028,-26.55247],[27.8378,-26.55637],[27.83793,-26.55662],[27.83904,-26.557],[27.83937,-26.5558],[27.84513,-26.55651],[27.84891,-26.55693],[27.85515,-26.55768],[27.85742,-26.55791],[27.86183,-26.55849],[27.86153,-26.5574],[27.85898,-26.5488],[27.86509,-26.54837],[27.86386,-26.54304],[27.86329,-26.54024],[27.87735,-26.53774],[27.87392,-26.5344],[27.87372,-26.53411],[27.86896,-26.52957],[27.86235,-26.52333],[27.86245,-26.52256],[27.86165,-26.52266],[27.85906,-26.52029],[27.85885,-26.51951],[27.86288,-26.52046],[27.86289,-26.5207],[27.86489,-26.52113],[27.86466,-26.51176],[27.86466,-26.5108],[27.86455,-26.51],[27.86043,-26.50626],[27.85985,-26.50647],[27.85653,-26.50347],[27.85624,-26.50474],[27.85576,-26.50518],[27.85482,-26.50526],[27.85365,-26.50565],[27.85223,-26.50714],[27.8509,-26.50783],[27.85055,-26.50817],[27.84945,-26.50844],[27.84889,-26.50931],[27.84839,-26.50967],[27.84835,-26.51056],[27.84791,-26.51084],[27.84777,-26.51211],[27.84718,-26.51276],[27.84679,-26.51378],[27.84655,-26.51376],[27.84587,-26.51455],[27.84578,-26.516],[27.84542,-26.51653],[27.84191,-26.51574],[27.84281,-26.51244],[27.84274,-26.51125],[27.84182,-26.50886],[27.83759,-26.5063],[27.83447,-26.5042],[27.83126,-26.5022],[27.82936,-26.50125],[27.82773,-26.50443],[27.82665,-26.49627],[27.82212,-26.4974],[27.81377,-26.49941],[27.80825,-26.53322]]]}},{"type":"Feature","properties":{"id":"emfuleni-boipatong","name":"Boipatong","labelPriority":"primary","selectionBasis":"census-main-place","subPlaceCount":1},"geometry":{"type":"Polygon","coordinates":[[[27.86022,-26.68652],[27.85743,-26.68652],[27.85585,-26.68617],[27.85513,-26.68571],[27.85426,-26.68458],[27.85383,-26.68324],[27.85323,-26.68211],[27.85201,-26.68116],[27.84605,-26.67903],[27.8447,-26.678],[27.84175,-26.67514],[27.84087,-26.67451],[27.83925,-26.67398],[27.83749,-26.674],[27.83758,-26.67096],[27.83783,-26.66965],[27.83818,-26.66875],[27.83898,-26.66751],[27.84439,-26.66135],[27.84595,-26.65976],[27.84655,-26.66018],[27.85661,-26.664],[27.85732,-26.66421],[27.85896,-26.6647],[27.86373,-26.66631],[27.86313,-26.66809],[27.86273,-26.66878],[27.86136,-26.67049],[27.86046,-26.67181],[27.85997,-26.6728],[27.85949,-26.67425],[27.85925,-26.67649],[27.85962,-26.6821],[27.86022,-26.68652]]]}},{"type":"Feature","properties":{"id":"emfuleni-sharpeville","name":"Sharpeville","labelPriority":"primary","selectionBasis":"census-main-place","subPlaceCount":1},"geometry":{"type":"Polygon","coordinates":[[[27.86399,-26.68614],[27.8663,-26.68431],[27.86731,-26.68364],[27.87851,-26.67433],[27.87914,-26.67366],[27.88105,-26.67205],[27.88275,-26.67264],[27.88789,-26.67407],[27.88867,-26.67401],[27.8925,-26.67504],[27.89326,-26.67545],[27.89364,-26.67608],[27.89016,-26.67955],[27.88947,-26.67935],[27.88876,-26.67946],[27.88872,-26.67989],[27.88792,-26.68003],[27.8884,-26.68128],[27.88802,-26.68174],[27.88802,-26.6829],[27.88667,-26.68489],[27.88522,-26.68633],[27.88439,-26.68619],[27.883,-26.688],[27.87828,-26.69396],[27.8783,-26.69413],[27.87648,-26.69627],[27.87685,-26.69681],[27.87532,-26.69798],[27.87449,-26.69813],[27.87381,-26.69875],[27.87355,-26.69816],[27.86779,-26.69923],[27.86581,-26.69972],[27.86419,-26.69999],[27.8625,-26.70004],[27.86136,-26.68837],[27.86399,-26.68614]]]}},{"type":"Feature","properties":{"id":"emfuleni-bophelong","name":"Bophelong","labelPriority":"secondary","selectionBasis":"census-main-place","subPlaceCount":1},"geometry":{"type":"Polygon","coordinates":[[[27.80659,-26.6948],[27.80374,-26.69628],[27.80346,-26.69599],[27.80114,-26.69714],[27.79736,-26.69885],[27.79369,-26.70063],[27.7929,-26.70071],[27.79002,-26.70216],[27.78287,-26.70597],[27.7666,-26.71455],[27.77146,-26.70657],[27.77546,-26.6999],[27.767,-26.69768],[27.76599,-26.69764],[27.76145,-26.69644],[27.75891,-26.69585],[27.75534,-26.69489],[27.75706,-26.69342],[27.76961,-26.68595],[27.7909,-26.67325],[27.79196,-26.67499],[27.7936,-26.67725],[27.80528,-26.69292],[27.80659,-26.6948]]]}},{"type":"Feature","properties":{"id":"emfuleni-tshepiso","name":"Tshepiso","labelPriority":"secondary","selectionBasis":"census-main-place","subPlaceCount":2},"geometry":{"type":"MultiPolygon","coordinates":[[[[27.77963,-26.19633],[27.78432,-26.19705],[27.78789,-26.19765],[27.7963,-26.19894],[27.80079,-26.19959],[27.80743,-26.20065],[27.80904,-26.20083],[27.81252,-26.20145],[27.81539,-26.20234],[27.81672,-26.18997],[27.81696,-26.18795],[27.81732,-26.1866],[27.8183,-26.18506],[27.81824,-26.1842],[27.81896,-26.18367],[27.81878,-26.18207],[27.81399,-26.18211],[27.8106,-26.18208],[27.79971,-26.18197],[27.79514,-26.18199],[27.78614,-26.18195],[27.78187,-26.19143],[27.77963,-26.19633]]],[[[27.85732,-26.66421],[27.85896,-26.6647],[27.86373,-26.66631],[27.86313,-26.66809],[27.86273,-26.66878],[27.86136,-26.67049],[27.86046,-26.67181],[27.85997,-26.6728],[27.85949,-26.67425],[27.85925,-26.67649],[27.85962,-26.6821],[27.86022,-26.68652],[27.8625,-26.68651],[27.86399,-26.68614],[27.8663,-26.68431],[27.86731,-26.68364],[27.87851,-26.67433],[27.87914,-26.67366],[27.88105,-26.67205],[27.88179,-26.67138],[27.87894,-26.66937],[27.87889,-26.66749],[27.87862,-26.66262],[27.88054,-26.66132],[27.88043,-26.65975],[27.87977,-26.65453],[27.87769,-26.65023],[27.87528,-26.65148],[27.87421,-26.6523],[27.87298,-26.6536],[27.86631,-26.66119],[27.86199,-26.65833],[27.86186,-26.65833],[27.86271,-26.66365],[27.85817,-26.66234],[27.85732,-26.66421]]]]}},{"type":"Feature","properties":{"id":"emfuleni-tshepong","name":"Tshepong","labelPriority":"secondary","selectionBasis":"census-main-place","subPlaceCount":1},"geometry":{"type":"Polygon","coordinates":[[[27.89284,-26.54453],[27.89467,-26.54068],[27.89539,-26.5393],[27.90044,-26.54236],[27.9023,-26.54328],[27.90422,-26.54461],[27.91164,-26.54923],[27.92161,-26.55533],[27.92927,-26.55999],[27.92587,-26.56251],[27.92726,-26.56426],[27.92535,-26.56662],[27.92552,-26.56763],[27.92339,-26.56797],[27.92259,-26.56791],[27.92183,-26.56702],[27.92132,-26.56738],[27.92,-26.5657],[27.91757,-26.56368],[27.91276,-26.5598],[27.91286,-26.56065],[27.91099,-26.56002],[27.90891,-26.55881],[27.90411,-26.55452],[27.90268,-26.55329],[27.89708,-26.54832],[27.89664,-26.54786],[27.89284,-26.54453]]]}},{"type":"Feature","properties":{"id":"emfuleni-stretford","name":"Stretford","labelPriority":"secondary","selectionBasis":"census-main-place","subPlaceCount":1},"geometry":{"type":"Polygon","coordinates":[[[27.82936,-26.50125],[27.83475,-26.49075],[27.83507,-26.49045],[27.85201,-26.49973],[27.85401,-26.50118],[27.85653,-26.50347],[27.85624,-26.50474],[27.85576,-26.50518],[27.85482,-26.50526],[27.85365,-26.50565],[27.85223,-26.50714],[27.8509,-26.50783],[27.85055,-26.50817],[27.84945,-26.50844],[27.84889,-26.50931],[27.84839,-26.50967],[27.84835,-26.51056],[27.84791,-26.51084],[27.84777,-26.51211],[27.84718,-26.51276],[27.84679,-26.51378],[27.84655,-26.51376],[27.84587,-26.51455],[27.84578,-26.516],[27.84542,-26.51653],[27.84191,-26.51574],[27.84281,-26.51244],[27.84274,-26.51125],[27.84182,-26.50886],[27.83759,-26.5063],[27.83447,-26.5042],[27.83126,-26.5022],[27.82936,-26.50125]]]}},{"type":"Feature","properties":{"id":"emfuleni-lakeside","name":"Lakeside","labelPriority":"secondary","selectionBasis":"census-main-place","subPlaceCount":1},"geometry":{"type":"Polygon","coordinates":[[[27.8812,-26.52235],[27.88123,-26.52235],[27.88671,-26.52236],[27.88705,-26.52622],[27.88282,-26.52526],[27.88013,-26.52455],[27.87541,-26.52345],[27.86867,-26.52194],[27.86489,-26.52113],[27.86466,-26.51176],[27.86466,-26.5108],[27.86564,-26.51168],[27.86614,-26.51251],[27.86689,-26.5128],[27.8713,-26.51674],[27.8718,-26.51757],[27.87254,-26.51786],[27.87563,-26.5205],[27.87646,-26.52101],[27.87826,-26.52181],[27.8802,-26.52226],[27.8812,-26.52235]]]}},{"type":"Feature","properties":{"id":"emfuleni-golden-gardens","name":"Golden Gardens","labelPriority":"secondary","selectionBasis":"census-main-place","subPlaceCount":1},"geometry":{"type":"Polygon","coordinates":[[[27.80987,-26.61955],[27.80335,-26.61952],[27.80331,-26.61716],[27.80622,-26.61467],[27.80617,-26.60762],[27.80635,-26.60643],[27.81225,-26.60737],[27.81626,-26.60805],[27.81378,-26.61573],[27.81263,-26.61954],[27.80987,-26.61955]]]}},{"type":"Feature","properties":{"id":"midvaal-mamello","name":"Mamello","labelPriority":"primary","selectionBasis":"census-main-place","subPlaceCount":1},"geometry":{"type":"Polygon","coordinates":[[[28.25562,-26.87453],[28.2556,-26.87471],[28.25032,-26.87426],[28.25229,-26.87183],[28.25356,-26.87054],[28.25443,-26.86947],[28.25468,-26.86992],[28.25504,-26.87198],[28.25562,-26.87453]]]}},{"type":"Feature","properties":{"id":"midvaal-evaton","name":"Evaton","labelPriority":"secondary","selectionBasis":"census-main-place","subPlaceCount":1},"geometry":{"type":"Polygon","coordinates":[[[28.07135,-26.45509],[28.07097,-26.45768],[28.0695,-26.458],[28.06203,-26.45941],[28.05822,-26.46009],[28.05743,-26.45959],[28.0562,-26.46102],[28.05488,-26.462],[28.04012,-26.47271],[28.02905,-26.48073],[28.02654,-26.46086],[28.02664,-26.46099],[28.03398,-26.45727],[28.03721,-26.45556],[28.0396,-26.45444],[28.03642,-26.45086],[28.03794,-26.45078],[28.04079,-26.45099],[28.04289,-26.45147],[28.05188,-26.45414],[28.05351,-26.45431],[28.05519,-26.45401],[28.05822,-26.4525],[28.0606,-26.45167],[28.06459,-26.45097],[28.06579,-26.45083],[28.06701,-26.45096],[28.06868,-26.45155],[28.07005,-26.45189],[28.07184,-26.4521],[28.07135,-26.45509]]]}},{"type":"Feature","properties":{"id":"lesedi-ratanda","name":"Ratanda","labelPriority":"primary","selectionBasis":"census-main-place","subPlaceCount":9},"geometry":{"type":"MultiPolygon","coordinates":[[[[28.30897,-26.55557],[28.30902,-26.55604],[28.31115,-26.55813],[28.3117,-26.55893],[28.31235,-26.55947],[28.31273,-26.56033],[28.31281,-26.56118],[28.31365,-26.56087],[28.31419,-26.56101],[28.31448,-26.56168],[28.31442,-26.56244],[28.31526,-26.56263],[28.31446,-26.56503],[28.3129,-26.56705],[28.31278,-26.56739],[28.31202,-26.57196],[28.31391,-26.57095],[28.31796,-26.57501],[28.32191,-26.57891],[28.32281,-26.57989],[28.32362,-26.57901],[28.32498,-26.57859],[28.32531,-26.57661],[28.32572,-26.57534],[28.32632,-26.57409],[28.32807,-26.57133],[28.33461,-26.5613],[28.33969,-26.55341],[28.3378,-26.55283],[28.33694,-26.55238],[28.33723,-26.55191],[28.33521,-26.55031],[28.33447,-26.54941],[28.33246,-26.54842],[28.33335,-26.5476],[28.33245,-26.54719],[28.33208,-26.54652],[28.33137,-26.54609],[28.32859,-26.54491],[28.32777,-26.54469],[28.32732,-26.54421],[28.32559,-26.5445],[28.32447,-26.54431],[28.32453,-26.54529],[28.32431,-26.54576],[28.3225,-26.5459],[28.32166,-26.54644],[28.32028,-26.54763],[28.31911,-26.54832],[28.31842,-26.54776],[28.3168,-26.54766],[28.31618,-26.54776],[28.31655,-26.54921],[28.31611,-26.54987],[28.31532,-26.55206],[28.31475,-26.55229],[28.31421,-26.55209],[28.31234,-26.5526],[28.31171,-26.55296],[28.31137,-26.55372],[28.31047,-26.55446],[28.30908,-26.55521],[28.30897,-26.55557]]],[[[28.34428,-26.51692],[28.34513,-26.5179],[28.35233,-26.52132],[28.35266,-26.52144],[28.35588,-26.52162],[28.3565,-26.51925],[28.35706,-26.51861],[28.35781,-26.51821],[28.35489,-26.51308],[28.35337,-26.51021],[28.35269,-26.50921],[28.35185,-26.50831],[28.35064,-26.50869],[28.35075,-26.50936],[28.35066,-26.51099],[28.35032,-26.51257],[28.34963,-26.51486],[28.34915,-26.51516],[28.34851,-26.5148],[28.34705,-26.51485],[28.34506,-26.51625],[28.34428,-26.51692]]]]}},{"type":"Feature","properties":{"id":"lesedi-impumelelo","name":"Impumelelo","labelPriority":"primary","selectionBasis":"census-main-place","subPlaceCount":3},"geometry":{"type":"Polygon","coordinates":[[[28.77751,-26.35382],[28.77946,-26.3484],[28.77744,-26.34626],[28.77655,-26.34517],[28.77242,-26.34079],[28.77008,-26.34147],[28.76726,-26.34257],[28.76708,-26.3435],[28.7665,-26.34345],[28.76507,-26.34392],[28.76206,-26.34646],[28.76039,-26.34733],[28.75865,-26.34759],[28.75774,-26.34865],[28.76594,-26.35094],[28.77409,-26.35329],[28.77541,-26.35358],[28.77751,-26.35382]]]}},{"type":"Feature","properties":{"id":"lesedi-devon","name":"Devon","labelPriority":"secondary","selectionBasis":"census-main-place","subPlaceCount":2},"geometry":{"type":"MultiPolygon","coordinates":[[[[28.77946,-26.3484],[28.77751,-26.35382],[28.77451,-26.36207],[28.78182,-26.36224],[28.78752,-26.36241],[28.79073,-26.36259],[28.79238,-26.36249],[28.78893,-26.35869],[28.78769,-26.3574],[28.78738,-26.35591],[28.78629,-26.35594],[28.78279,-26.35216],[28.78065,-26.34965],[28.77946,-26.3484]]],[[[28.799,-26.36888],[28.79983,-26.36951],[28.80318,-26.37347],[28.80388,-26.37279],[28.81028,-26.36436],[28.8103,-26.36415],[28.80932,-26.3628],[28.80609,-26.3644],[28.80555,-26.3649],[28.8032,-26.36349],[28.80116,-26.36618],[28.80085,-26.36637],[28.799,-26.36888]]]]}},{"type":"Feature","properties":{"id":"lesedi-endicott","name":"Endicott","labelPriority":"secondary","selectionBasis":"census-main-place","subPlaceCount":1},"geometry":{"type":"Polygon","coordinates":[[[28.61186,-26.30493],[28.61079,-26.30527],[28.60757,-26.3059],[28.60598,-26.30611],[28.60015,-26.30729],[28.57319,-26.31278],[28.56431,-26.31455],[28.56613,-26.30853],[28.56694,-26.30539],[28.56858,-26.30023],[28.57233,-26.28718],[28.58753,-26.29125],[28.60253,-26.29708],[28.60691,-26.29886],[28.61054,-26.3004],[28.61812,-26.30373],[28.61695,-26.30389],[28.61186,-26.30493]]]}},{"type":"Feature","properties":{"id":"mogale-kagiso","name":"Kagiso","labelPriority":"primary","selectionBasis":"census-main-place","subPlaceCount":21},"geometry":{"type":"Polygon","coordinates":[[[27.77828,-26.17396],[27.77883,-26.17543],[27.7795,-26.17629],[27.78022,-26.17653],[27.78389,-26.17739],[27.78467,-26.17776],[27.78586,-26.17892],[27.78614,-26.18002],[27.78598,-26.18193],[27.78614,-26.18195],[27.79514,-26.18199],[27.79971,-26.18197],[27.8106,-26.18208],[27.80906,-26.17506],[27.80935,-26.17514],[27.80631,-26.16509],[27.80606,-26.16419],[27.80485,-26.16436],[27.80516,-26.16462],[27.80158,-26.1655],[27.80084,-26.16319],[27.79952,-26.16351],[27.79778,-26.1634],[27.79748,-26.16434],[27.79367,-26.16408],[27.79405,-26.16005],[27.79425,-26.15923],[27.79614,-26.15735],[27.79232,-26.15415],[27.79014,-26.15241],[27.79026,-26.15229],[27.78871,-26.15104],[27.78868,-26.14954],[27.78846,-26.14947],[27.79199,-26.14353],[27.79373,-26.14391],[27.80006,-26.14562],[27.80079,-26.14555],[27.80191,-26.14476],[27.80316,-26.14198],[27.8044,-26.14269],[27.80677,-26.13682],[27.8068,-26.13543],[27.80521,-26.13192],[27.80446,-26.13218],[27.8038,-26.13113],[27.80414,-26.131],[27.80385,-26.13044],[27.80174,-26.12981],[27.80018,-26.1361],[27.79913,-26.13717],[27.79755,-26.13769],[27.79642,-26.13774],[27.79539,-26.1381],[27.79479,-26.13907],[27.7937,-26.13876],[27.79132,-26.13831],[27.7895,-26.13765],[27.78561,-26.13669],[27.78256,-26.13719],[27.78222,-26.13854],[27.78295,-26.13872],[27.78284,-26.13929],[27.78334,-26.13974],[27.78324,-26.14056],[27.78241,-26.14122],[27.7811,-26.14694],[27.78244,-26.14731],[27.7823,-26.14776],[27.78436,-26.14837],[27.78193,-26.15158],[27.77835,-26.15042],[27.77341,-26.14869],[27.77481,-26.1458],[27.76932,-26.14406],[27.76899,-26.14421],[27.76572,-26.14199],[27.76508,-26.14291],[27.76434,-26.14455],[27.76375,-26.14634],[27.76331,-26.1488],[27.7629,-26.15232],[27.76228,-26.15687],[27.76152,-26.16361],[27.76359,-26.16382],[27.76544,-26.16418],[27.7765,-26.16697],[27.77871,-26.16756],[27.77777,-26.17126],[27.77788,-26.17277],[27.77828,-26.17396]]]}},{"type":"Feature","properties":{"id":"mogale-munsieville","name":"Munsieville","labelPriority":"primary","selectionBasis":"census-main-place","subPlaceCount":1},"geometry":{"type":"Polygon","coordinates":[[[27.76181,-26.0706],[27.76112,-26.07448],[27.75981,-26.08139],[27.75696,-26.08232],[27.75666,-26.08219],[27.75281,-26.08226],[27.75219,-26.08323],[27.75109,-26.08264],[27.75106,-26.08138],[27.75132,-26.08108],[27.74973,-26.08101],[27.74799,-26.08006],[27.74767,-26.08028],[27.74702,-26.0796],[27.74792,-26.07582],[27.74777,-26.07388],[27.74812,-26.07431],[27.74913,-26.07429],[27.74912,-26.07365],[27.75003,-26.07286],[27.75001,-26.07208],[27.7528,-26.07204],[27.75293,-26.07221],[27.75429,-26.07128],[27.75547,-26.07137],[27.75581,-26.07079],[27.75568,-26.07044],[27.75634,-26.07007],[27.75639,-26.06946],[27.75692,-26.06912],[27.75839,-26.0692],[27.76185,-26.06965],[27.76181,-26.0706]]]}},{"type":"Feature","properties":{"id":"mogale-rietvallei","name":"Rietvallei","labelPriority":"secondary","selectionBasis":"census-main-place","subPlaceCount":4},"geometry":{"type":"Polygon","coordinates":[[[27.76058,-26.21018],[27.77199,-26.21321],[27.77449,-26.20769],[27.76916,-26.20624],[27.76126,-26.20418],[27.76078,-26.2041],[27.76003,-26.20333],[27.76132,-26.20242],[27.76186,-26.2018],[27.76352,-26.20292],[27.76423,-26.20309],[27.7664,-26.20259],[27.76862,-26.20153],[27.76913,-26.20109],[27.7703,-26.19964],[27.76919,-26.19901],[27.77031,-26.19739],[27.77205,-26.19834],[27.77253,-26.19773],[27.77187,-26.19728],[27.77153,-26.19647],[27.77155,-26.19578],[27.77185,-26.19568],[27.77274,-26.19428],[27.7736,-26.19363],[27.77378,-26.19308],[27.78088,-26.19184],[27.78187,-26.19143],[27.78614,-26.18195],[27.78598,-26.18193],[27.78614,-26.18002],[27.78586,-26.17892],[27.78467,-26.17776],[27.78389,-26.17739],[27.78022,-26.17653],[27.7795,-26.17629],[27.77883,-26.17543],[27.77828,-26.17396],[27.76881,-26.17685],[27.76411,-26.17825],[27.75803,-26.18015],[27.75561,-26.18077],[27.74943,-26.18148],[27.74468,-26.18211],[27.73897,-26.18275],[27.73226,-26.18559],[27.72464,-26.18887],[27.72195,-26.18608],[27.72007,-26.19311],[27.71827,-26.19893],[27.76058,-26.21018]]]}},{"type":"Feature","properties":{"id":"mogale-orient-hills","name":"Orient Hills","labelPriority":"secondary","selectionBasis":"census-main-place","subPlaceCount":1},"geometry":{"type":"Polygon","coordinates":[[[27.60413,-26.02901],[27.60574,-26.02919],[27.60544,-26.03038],[27.6039,-26.03531],[27.60213,-26.03358],[27.60111,-26.03288],[27.59945,-26.0324],[27.59996,-26.0299],[27.60032,-26.02894],[27.60271,-26.02921],[27.60327,-26.02894],[27.60413,-26.02901]]]}},{"type":"Feature","properties":{"id":"rand-west-mohlakeng","name":"Mohlakeng","labelPriority":"primary","selectionBasis":"census-main-place","subPlaceCount":6},"geometry":{"type":"Polygon","coordinates":[[[27.68386,-26.24778],[27.68887,-26.24825],[27.69529,-26.24841],[27.69825,-26.24763],[27.70052,-26.24566],[27.70168,-26.2394],[27.70331,-26.22889],[27.70665,-26.22935],[27.70638,-26.23116],[27.70758,-26.23153],[27.70904,-26.23172],[27.71094,-26.23022],[27.71076,-26.22947],[27.7142,-26.22808],[27.71521,-26.22739],[27.71567,-26.22731],[27.71386,-26.22349],[27.71221,-26.22392],[27.70924,-26.21762],[27.70772,-26.21735],[27.70617,-26.21646],[27.70607,-26.21622],[27.7023,-26.215],[27.70036,-26.21455],[27.69847,-26.21429],[27.69623,-26.21425],[27.69485,-26.21442],[27.69298,-26.21533],[27.69226,-26.21546],[27.69139,-26.21518],[27.68706,-26.22515],[27.6865,-26.2269],[27.68616,-26.2287],[27.68497,-26.23872],[27.68386,-26.24778]]]}},{"type":"Feature","properties":{"id":"rand-west-bekkersdal","name":"Bekkersdal","labelPriority":"primary","selectionBasis":"census-main-place","subPlaceCount":11},"geometry":{"type":"Polygon","coordinates":[[[27.67634,-26.31121],[27.68748,-26.31054],[27.69584,-26.30999],[27.71473,-26.30879],[27.72991,-26.30785],[27.74173,-26.30709],[27.74298,-26.29588],[27.7434,-26.29187],[27.74395,-26.28721],[27.7438,-26.28722],[27.74465,-26.27949],[27.72546,-26.27374],[27.69733,-26.2651],[27.69628,-26.26497],[27.69301,-26.26452],[27.68189,-26.26302],[27.6805,-26.27471],[27.67904,-26.28659],[27.67775,-26.29751],[27.67644,-26.30839],[27.67634,-26.31121]]]}},{"type":"Feature","properties":{"id":"rand-west-simunye","name":"Simunye","labelPriority":"secondary","selectionBasis":"census-main-place","subPlaceCount":1},"geometry":{"type":"Polygon","coordinates":[[[27.67634,-26.31121],[27.68748,-26.31054],[27.69584,-26.30999],[27.69615,-26.31044],[27.69642,-26.31173],[27.69694,-26.31266],[27.69826,-26.31314],[27.69922,-26.31372],[27.69872,-26.31548],[27.69837,-26.3163],[27.69876,-26.31819],[27.6995,-26.31841],[27.7014,-26.31831],[27.70228,-26.32857],[27.70253,-26.33191],[27.69809,-26.33218],[27.69782,-26.33205],[27.69523,-26.33216],[27.69364,-26.3323],[27.69351,-26.33247],[27.69125,-26.33279],[27.68897,-26.33279],[27.68649,-26.33297],[27.68398,-26.33306],[27.68,-26.3335],[27.67924,-26.33349],[27.67745,-26.33221],[27.67636,-26.33104],[27.67397,-26.33077],[27.67589,-26.31478],[27.67634,-26.31121]]]}},{"type":"Feature","properties":{"id":"rand-west-glen-harvie","name":"Glen Harvie","labelPriority":"secondary","selectionBasis":"census-main-place","subPlaceCount":4},"geometry":{"type":"Polygon","coordinates":[[[27.58699,-26.41865],[27.58893,-26.42146],[27.58954,-26.42247],[27.59087,-26.42427],[27.59356,-26.42391],[27.59806,-26.43547],[27.59989,-26.44001],[27.60008,-26.44185],[27.59935,-26.44811],[27.59951,-26.44954],[27.6001,-26.45091],[27.60085,-26.45187],[27.61195,-26.45089],[27.61559,-26.44972],[27.61357,-26.44298],[27.62436,-26.4449],[27.62991,-26.45274],[27.63005,-26.45284],[27.63059,-26.44556],[27.63107,-26.43978],[27.63166,-26.4284],[27.63191,-26.42654],[27.63218,-26.42196],[27.63296,-26.41133],[27.63332,-26.40576],[27.63387,-26.3977],[27.63381,-26.39238],[27.63371,-26.38851],[27.63351,-26.38356],[27.63346,-26.37994],[27.63357,-26.37661],[27.63332,-26.37614],[27.63352,-26.37396],[27.63347,-26.37028],[27.62826,-26.37014],[27.62392,-26.36999],[27.62385,-26.37142],[27.62235,-26.37097],[27.62158,-26.37199],[27.6227,-26.3726],[27.6234,-26.37271],[27.62481,-26.3735],[27.62781,-26.37455],[27.62852,-26.37461],[27.62806,-26.3767],[27.62788,-26.38155],[27.62698,-26.38159],[27.62556,-26.38105],[27.62311,-26.3808],[27.62343,-26.38135],[27.62384,-26.38536],[27.6236,-26.3857],[27.62311,-26.38531],[27.62272,-26.38453],[27.62067,-26.38444],[27.6203,-26.38488],[27.6185,-26.38569],[27.61677,-26.38609],[27.61638,-26.38719],[27.61651,-26.38769],[27.61514,-26.3883],[27.61513,-26.38853],[27.61383,-26.38845],[27.6119,-26.38771],[27.60584,-26.38515],[27.60293,-26.38397],[27.60207,-26.38379],[27.60254,-26.38639],[27.59864,-26.3874],[27.598,-26.3873],[27.59556,-26.3877],[27.59395,-26.3883],[27.59281,-26.39007],[27.5943,-26.39138],[27.59528,-26.39195],[27.59647,-26.39233],[27.59745,-26.39385],[27.59472,-26.39518],[27.59328,-26.3964],[27.58901,-26.40229],[27.58848,-26.40315],[27.58793,-26.40503],[27.5874,-26.40781],[27.58767,-26.40935],[27.59115,-26.41811],[27.58699,-26.41865]]]}},{"type":"Feature","properties":{"id":"rand-west-zenzele","name":"Zenzele","labelPriority":"secondary","selectionBasis":"census-main-place","subPlaceCount":2},"geometry":{"type":"MultiPolygon","coordinates":[[[[27.69301,-26.26452],[27.69628,-26.26497],[27.69772,-26.25963],[27.69853,-26.25572],[27.69874,-26.25365],[27.69935,-26.25109],[27.69902,-26.25099],[27.6945,-26.25054],[27.69449,-26.25274],[27.69416,-26.2535],[27.69311,-26.25431],[27.69282,-26.25565],[27.69279,-26.25694],[27.69253,-26.25869],[27.69316,-26.25873],[27.69282,-26.2618],[27.6935,-26.26189],[27.69301,-26.26452]]],[[[28.42514,-26.13107],[28.42866,-26.12925],[28.42876,-26.12933],[28.43397,-26.12668],[28.43721,-26.1251],[28.43618,-26.12386],[28.43508,-26.12295],[28.43431,-26.12251],[28.43316,-26.12307],[28.43165,-26.12232],[28.43044,-26.1231],[28.42986,-26.12242],[28.4292,-26.1224],[28.42945,-26.12338],[28.42417,-26.12661],[28.42261,-26.12749],[28.42367,-26.12907],[28.42514,-26.13107]]]]}},{"type":"Feature","properties":{"id":"merafong-khutsong","name":"Khutsong","labelPriority":"primary","selectionBasis":"census-main-place","subPlaceCount":9},"geometry":{"type":"MultiPolygon","coordinates":[[[[27.29087,-26.33083],[27.29185,-26.33548],[27.29191,-26.33671],[27.29239,-26.33809],[27.29326,-26.3422],[27.29819,-26.34108],[27.29956,-26.34033],[27.30032,-26.34121],[27.30023,-26.34223],[27.29847,-26.34218],[27.29657,-26.34371],[27.29942,-26.34657],[27.29976,-26.34633],[27.29978,-26.34433],[27.3004,-26.34433],[27.3004,-26.34385],[27.30487,-26.34396],[27.30514,-26.34369],[27.30517,-26.34196],[27.30541,-26.34148],[27.31087,-26.33778],[27.31237,-26.33688],[27.31305,-26.33682],[27.31412,-26.33728],[27.31725,-26.34417],[27.31511,-26.3452],[27.31475,-26.34524],[27.31247,-26.34713],[27.31191,-26.3482],[27.31325,-26.34924],[27.31354,-26.34921],[27.31613,-26.35044],[27.31752,-26.35131],[27.31843,-26.35224],[27.31517,-26.35426],[27.31454,-26.35456],[27.31514,-26.35492],[27.31662,-26.35656],[27.31655,-26.35732],[27.31751,-26.35848],[27.32034,-26.36233],[27.31843,-26.3644],[27.31864,-26.36466],[27.32196,-26.3633],[27.33322,-26.35856],[27.33543,-26.36241],[27.33565,-26.36233],[27.33657,-26.3643],[27.33894,-26.36856],[27.34319,-26.367],[27.35,-26.36492],[27.34971,-26.36279],[27.34905,-26.35901],[27.34873,-26.35766],[27.34788,-26.3528],[27.34718,-26.35208],[27.34618,-26.34843],[27.3454,-26.34793],[27.34101,-26.34968],[27.34018,-26.35015],[27.33598,-26.35187],[27.33322,-26.34604],[27.32941,-26.33787],[27.3277,-26.3341],[27.32783,-26.33411],[27.33842,-26.33107],[27.33623,-26.32735],[27.33355,-26.32246],[27.33257,-26.32107],[27.32917,-26.316],[27.32591,-26.31099],[27.31961,-26.31434],[27.31602,-26.3164],[27.31432,-26.31728],[27.31456,-26.31767],[27.31208,-26.31921],[27.30992,-26.32027],[27.30537,-26.32283],[27.2983,-26.32684],[27.29534,-26.32833],[27.29256,-26.32995],[27.29087,-26.33083]]],[[[28.37127,-25.7159],[28.37191,-25.71658],[28.37436,-25.71778],[28.37596,-25.71908],[28.3762,-25.71809],[28.376,-25.71732],[28.37849,-25.71672],[28.37849,-25.71658],[28.38003,-25.7151],[28.37997,-25.71471],[28.3807,-25.71446],[28.38048,-25.71401],[28.3789,-25.71176],[28.37607,-25.71343],[28.37127,-25.7159]]]]}},{"type":"Feature","properties":{"id":"merafong-kokosi","name":"Kokosi","labelPriority":"primary","selectionBasis":"census-main-place","subPlaceCount":6},"geometry":{"type":"Polygon","coordinates":[[[27.45746,-26.49195],[27.45791,-26.49932],[27.45793,-26.5001],[27.45822,-26.50014],[27.45816,-26.5021],[27.4582,-26.50895],[27.45816,-26.51661],[27.46019,-26.51669],[27.46214,-26.51659],[27.46223,-26.51924],[27.46332,-26.5193],[27.46509,-26.51919],[27.46702,-26.51601],[27.46871,-26.51278],[27.47132,-26.5112],[27.47137,-26.51128],[27.47684,-26.50802],[27.48046,-26.50583],[27.48049,-26.5048],[27.47951,-26.50444],[27.47907,-26.50449],[27.4783,-26.50411],[27.47787,-26.50339],[27.4781,-26.50308],[27.47792,-26.50207],[27.47685,-26.50204],[27.47657,-26.50154],[27.47492,-26.50102],[27.47395,-26.50004],[27.47289,-26.50014],[27.47138,-26.49912],[27.47145,-26.49816],[27.47089,-26.49788],[27.47011,-26.49856],[27.46969,-26.49859],[27.46891,-26.49797],[27.46911,-26.4969],[27.4706,-26.49677],[27.47199,-26.49581],[27.47202,-26.49478],[27.46958,-26.49476],[27.46961,-26.4927],[27.46818,-26.49253],[27.4626,-26.49089],[27.45758,-26.49046],[27.45746,-26.49195]]]}},{"type":"Feature","properties":{"id":"merafong-wedela","name":"Wedela","labelPriority":"secondary","selectionBasis":"census-main-place","subPlaceCount":2},"geometry":{"type":"Polygon","coordinates":[[[27.37237,-26.47257],[27.373,-26.47263],[27.37792,-26.47275],[27.37962,-26.47227],[27.38041,-26.47325],[27.38146,-26.4725],[27.38228,-26.47284],[27.38363,-26.47254],[27.38356,-26.47126],[27.38471,-26.47082],[27.38667,-26.47068],[27.38705,-26.47094],[27.38897,-26.47079],[27.39038,-26.47099],[27.39254,-26.47039],[27.39265,-26.47057],[27.39463,-26.46972],[27.3929,-26.46192],[27.39138,-26.45696],[27.39032,-26.45366],[27.38958,-26.45373],[27.38785,-26.45427],[27.38268,-26.4557],[27.37913,-26.45881],[27.37914,-26.45941],[27.37716,-26.45907],[27.37715,-26.46049],[27.3791,-26.46055],[27.37915,-26.46238],[27.37595,-26.46349],[27.37641,-26.46564],[27.37834,-26.46567],[27.37886,-26.46514],[27.37998,-26.46523],[27.38057,-26.46573],[27.38143,-26.46493],[27.38203,-26.46601],[27.3818,-26.46786],[27.38035,-26.46843],[27.37889,-26.46832],[27.37904,-26.46804],[27.37716,-26.46736],[27.37601,-26.46742],[27.37534,-26.4677],[27.37256,-26.46832],[27.37293,-26.46964],[27.37414,-26.46957],[27.37439,-26.47022],[27.37519,-26.47035],[27.37503,-26.47078],[27.37443,-26.47075],[27.37427,-26.47133],[27.37322,-26.4713],[27.3732,-26.47164],[27.37253,-26.47162],[27.37237,-26.47257]]]}},{"type":"Feature","properties":{"id":"merafong-welverdiend","name":"Welverdiend","labelPriority":"secondary","selectionBasis":"census-main-place","subPlaceCount":2},"geometry":{"type":"Polygon","coordinates":[[[27.26445,-26.37641],[27.26525,-26.37748],[27.26976,-26.38421],[27.27435,-26.39241],[27.28372,-26.38901],[27.28888,-26.38678],[27.28908,-26.38675],[27.29623,-26.38415],[27.29465,-26.37973],[27.29334,-26.37624],[27.31057,-26.36905],[27.30993,-26.36836],[27.30936,-26.36736],[27.30724,-26.36428],[27.30379,-26.35896],[27.30292,-26.35948],[27.30084,-26.36124],[27.29973,-26.36024],[27.29913,-26.36074],[27.29756,-26.35927],[27.2965,-26.35986],[27.29577,-26.36127],[27.29464,-26.36234],[27.29096,-26.36341],[27.28637,-26.36298],[27.28127,-26.36208],[27.27791,-26.36249],[27.27573,-26.3648],[27.2735,-26.36705],[27.27077,-26.36703],[27.27202,-26.3684],[27.26915,-26.37134],[27.26688,-26.37384],[27.26601,-26.37462],[27.26445,-26.37641]]]}},{"type":"Feature","properties":{"id":"gugulethu","name":"Gugulethu","labelPriority":"primary","selectionBasis":"census-main-place","subPlaceCount":2},"geometry":{"type":"MultiPolygon","coordinates":[[[[28.40733,-26.30318],[28.40727,-26.29787],[28.40319,-26.29783],[28.39993,-26.2963],[28.39898,-26.29792],[28.40079,-26.29883],[28.40158,-26.30124],[28.40121,-26.30315],[28.40733,-26.30318]]],[[[28.46021,-26.22439],[28.46035,-26.22483],[28.46286,-26.22405],[28.46369,-26.22351],[28.46473,-26.22411],[28.46635,-26.22275],[28.46751,-26.22131],[28.46812,-26.21981],[28.46917,-26.21618],[28.4708,-26.21082],[28.46655,-26.20984],[28.46628,-26.2104],[28.46543,-26.21143],[28.46425,-26.21228],[28.46499,-26.21298],[28.46597,-26.21443],[28.46595,-26.21483],[28.46527,-26.2167],[28.46416,-26.21745],[28.46332,-26.21726],[28.46169,-26.22193],[28.46021,-26.22439]]]]}}]}